{"type":"FeatureCollection","name":"Adm_Kecamatan2017","features":[{"type":"Feature","id":0,"properties":{"FID":0,"Id":0,"Kecamatan":"Kec. Bola","Luas_Ha":18177.484,"Luas":18177.484},"geometry":{"type":"Polygon","coordinates":[[[120.24227657362589,-4.18836084883743],[120.24353421502364,-4.1891761321403935],[120.24578000323395,-4.189991414593639],[120.24692984679761,-4.190824614464453],[120.24781917892888,-4.191729486436761],[120.24798087568004,-4.192150565116296],[120.24785511154023,-4.192777703154688],[120.2480617240556,-4.193628818259022],[120.24868156160163,-4.194435136976416],[120.24873546051869,-4.196307585009761],[120.24968767471985,-4.1968272109409455],[120.25048717532273,-4.1975439357958235],[120.2513315916898,-4.1977320759611985],[120.25210414283413,-4.198224823798477],[120.25263414885177,-4.198108356155919],[120.25306534018814,-4.1984577590314585],[120.2534516157603,-4.198421922846293],[120.25408941961204,-4.198654858020451],[120.25494281913195,-4.199174482389202],[120.25542790938538,-4.199165523351293],[120.25587706702746,-4.198959465450991],[120.25685623068712,-4.198180028553397],[120.25725148941214,-4.198090438055522],[120.2579431921809,-4.196916801583787],[120.2581318383906,-4.1968182518760955],[120.25859896233833,-4.1969795150276585],[120.25958710915086,-4.196540520814775],[120.25990151950029,-4.196182158009048],[120.26064712118612,-4.196280707797018],[120.2612130598151,-4.19597609932129],[120.26137475656624,-4.195626695335182],[120.26193171204241,-4.195707327038158],[120.26294680831346,-4.196522602678395],[120.26322528605154,-4.1958058768860464],[120.26377325837485,-4.195778999656037],[120.26399783719589,-4.195438554662534],[120.2642403823226,-4.1958058768860464],[120.26462665789475,-4.195913385796833],[120.26486920302146,-4.195680449804758],[120.26516564706525,-4.195877549494882],[120.26538124273343,-4.195734204270634],[120.26567768677718,-4.196164239864445],[120.26601006343229,-4.196235912440391],[120.26591124875104,-4.196737620287825],[120.2660909118079,-4.1968182518760955],[120.26542615849763,-4.197857502712926],[120.26575853515274,-4.1978754208186695],[120.2657675183056,-4.198314414280928],[120.26589328244536,-4.198278578089182],[120.26635142324028,-4.19888779312509],[120.26667481674255,-4.198977383531438],[120.26662990097834,-4.199407417338742],[120.2669712607863,-4.199658270283562],[120.26685447979938,-4.200133098851165],[120.2671239743846,-4.200652722235493],[120.26771686247213,-4.201154427243663],[120.26794144129316,-4.202462442354617],[120.26868704297898,-4.203340423869695],[120.26885772288297,-4.202982064187038],[120.26953145934607,-4.20263266333786],[120.27161555080521,-4.203340423869695],[120.27298099003708,-4.203161244048956],[120.27303488895413,-4.20251619635334],[120.27316963624675,-4.202417647352852],[120.27378947379277,-4.202337016343187],[120.27449914286724,-4.202005533215867],[120.27468778907689,-4.202184713302185],[120.27494830050928,-4.202104082268438],[120.27639458811674,-4.202354934346055],[120.27687967837015,-4.200813984594737],[120.27893682037079,-4.201181304288565],[120.27908055081625,-4.200742312439188],[120.28031124275549,-4.201029001021872],[120.28048192265946,-4.200598968108337],[120.2806436194106,-4.200572091043369],[120.28236838475613,-4.201969697193662],[120.2824492331317,-4.2021667952954065],[120.28227855322771,-4.202480360354603],[120.28246719943738,-4.202641622335948],[120.28328466634593,-4.202184713302185],[120.28454230774369,-4.2019876152049696],[120.28464112242494,-4.202372852348512],[120.28514417898404,-4.2021309592806135],[120.28558435347328,-4.2021309592806135],[120.28650063506308,-4.202354934346055],[120.28690487694092,-4.202587868345872],[120.28692284324661,-4.202731212311173],[120.28735403458298,-4.202820802276103],[120.28779420907222,-4.202811843280075],[120.28783912483642,-4.2024445243542194],[120.28838709715971,-4.202596827344476],[120.28885422110747,-4.2029551872042],[120.28906083362281,-4.2026774583272735],[120.28930337874952,-4.20290143323574],[120.28954592387623,-4.202704335319687],[120.28986931737853,-4.202928310220433],[120.29004898043536,-4.202892474240636],[120.29011186250524,-4.203206039008001],[120.29266307791214,-4.205024712171414],[120.29338173013944,-4.204979917316886],[120.29362427526614,-4.205141178781134],[120.2938129214758,-4.204406542951535],[120.29418123074228,-4.20401234783067],[120.29436089379911,-4.203528562637146],[120.29458547262016,-4.203636070483876],[120.29485496720538,-4.203197080016399],[120.29546582159857,-4.203725660344825],[120.29582514771224,-4.20329562891837],[120.29635515372986,-4.2035733575750855],[120.29658871570372,-4.203403136797222],[120.29751398044637,-4.203609193523583],[120.29772957611456,-4.203313546899208],[120.29870873977426,-4.202892474240636],[120.29897823435951,-4.203161244048956],[120.29966993712826,-4.202560991349445],[120.29997536432485,-4.202928310220433],[120.30019095999306,-4.202820802276103],[120.30044248827261,-4.203170203040971],[120.30146656769651,-4.203636070483876],[120.3019696242556,-4.203618152510451],[120.30214030415958,-4.203456890731089],[120.30309251836076,-4.203483767696634],[120.30320929934769,-4.204173609495118],[120.30309251836076,-4.205096383933301],[120.30283200692837,-4.205526414366195],[120.30262539441303,-4.205490578505852],[120.3014845340022,-4.20686129898973],[120.30112520788853,-4.206673161026896],[120.30089164591466,-4.206977765324902],[120.3009635111374,-4.207192780051777],[120.29956213929417,-4.208608292188596],[120.29942739200156,-4.209996925012157],[120.2992836615561,-4.210176103260566],[120.30083774699762,-4.2119858012570175],[120.30090961222034,-4.21240686899912],[120.3014845340022,-4.212648758875556],[120.30147555084935,-4.2129623197145385],[120.3017270791289,-4.213320674804306],[120.3025984449545,-4.2138850837358595],[120.3029487879153,-4.213338592554459],[120.30413456409033,-4.213903001473009],[120.30487118262333,-4.213965713549784],[120.30543712125231,-4.213374428053529],[120.30633543653643,-4.213687988599957],[120.30664086373302,-4.213329633679434],[120.3068564594012,-4.213508811160335],[120.3078356230609,-4.21209330793624],[120.30823088178593,-4.211941006802957],[120.30799731981205,-4.211618486657581],[120.30867105627514,-4.21111678838794],[120.30898546662458,-4.2114034731530605],[120.31015327649393,-4.211636404446944],[120.31034192270361,-4.211896212346317],[120.31035090585645,-4.212344156796655],[120.31083599610987,-4.212505416735637],[120.31076413088714,-4.212586046692592],[120.31145583365593,-4.213168373911329],[120.31176126085252,-4.2130787851368225],[120.31216550273037,-4.213266921551367],[120.31211160381332,-4.213419222425046],[120.31271347505368,-4.213679029728957],[120.31254279514968,-4.21392987807796],[120.31322551476562,-4.214126973152554],[120.3131985653071,-4.214431574533207],[120.31473468444294,-4.2149691060903205],[120.31484248227706,-4.214789928945909],[120.31621690466176,-4.2156499788624595],[120.31664809599812,-4.214655546060502],[120.31683674220778,-4.214709299217453],[120.31678284329074,-4.215210995169772],[120.31751047867088,-4.215408089919603],[120.31795963631293,-4.214995982658421],[120.31916337879365,-4.215641020014066],[120.31931609239194,-4.21570373195065],[120.3195855869772,-4.215470801874978],[120.319935929938,-4.215748526187969],[120.3204389864971,-4.215461843024519],[120.3210049251261,-4.214279273857796],[120.32144509961532,-4.2143688624940046],[120.32159781321361,-4.214100096554415],[120.32251409480342,-4.214333027040761],[120.32250511165057,-4.214530122013166],[120.32344834269891,-4.214350944767589],[120.32408614655064,-4.214512204290466],[120.32512819228022,-4.214476368843829],[120.32581091189614,-4.21414489088413],[120.32781415497973,-4.213723824082927],[120.32823636316326,-4.213481934540833],[120.32826331262179,-4.213159415034343],[120.32934129096273,-4.213060867380684],[120.32993417905026,-4.212702512171215],[120.33017672417697,-4.212908566436832],[120.33037435353947,-4.212801059870278],[120.3305360502906,-4.212944401955716],[120.33072469650028,-4.212801059870278],[120.3311648709895,-4.213051908502459],[120.33209911888498,-4.213177332788212],[120.33474016582029,-4.214126973152554],[120.33514440769814,-4.21394779581408],[120.3356564474101,-4.214198644076385],[120.33659069530559,-4.214064261088785],[120.33729138122719,-4.214279273857796],[120.33766867364653,-4.2135625643965575],[120.33781240409199,-4.213571523268899],[120.33826156173403,-4.2129623197145385],[120.3386837699176,-4.212863772035907],[120.33874665198748,-4.212523334504571],[120.33889936558577,-4.212603964459669],[120.3398425966341,-4.2114034731530605],[120.34026480481762,-4.211349719767645],[120.34061514777842,-4.211466185431349],[120.34139668207563,-4.210722596663445],[120.34296873382281,-4.210373199286174],[120.34432518990184,-4.209790869975495],[120.34520553888028,-4.208823306465279],[120.34587029219054,-4.208662045763332],[120.34591520795475,-4.208464949304488],[120.34652606234793,-4.208106591978767],[120.346014022636,-4.207578014622317],[120.34698420314284,-4.206700037881511],[120.3475231923133,-4.20694192953132],[120.34785556896844,-4.206538776739909],[120.34829574345765,-4.2066373252193],[120.34922999135314,-4.2056876757173445],[120.34977796367644,-4.204818655819268],[120.34998457619179,-4.203922758002669],[120.34988576151054,-4.203528562637146],[120.35060441373784,-4.2027760072949265],[120.35061339689068,-4.20245348335447],[120.35145781325777,-4.201933861169811],[120.35152967848049,-4.201324648512404],[120.35214951602651,-4.200787107537178],[120.35199680242822,-4.200276443267616],[120.35230222962484,-4.199846409939251],[120.35280528618394,-4.199568679955383],[120.35325444382599,-4.199685147380008],[120.35363173624533,-4.199532843821231],[120.35443123684819,-4.198386086659484],[120.35526667006242,-4.198206905700754],[120.3553295521323,-4.197624567300823],[120.35579667608006,-4.197087023776863],[120.35610210327665,-4.196110485428168],[120.35664109244712,-4.196002976544515],[120.35740466043863,-4.195035395925688],[120.35808738005457,-4.194766623318858],[120.35931807199381,-4.1934944317252265],[120.36073741014272,-4.1929389671403685],[120.36036910087623,-4.191962423606664],[120.36104283733931,-4.191917628002457],[120.36172555695525,-4.1910485927729475],[120.36208488306889,-4.1908425327314935],[120.36223759666719,-4.190448330761757],[120.36337845707801,-4.1890148673786465],[120.36399829462407,-4.187384299587084],[120.36401626092974,-4.185825401928319],[120.36343235599506,-4.1857626875897305],[120.36341438968938,-4.185637258897482],[120.36434863758487,-4.181399549133484],[120.36444745226612,-4.18022588761944],[120.36492355936672,-4.180127335809277],[120.36487864360251,-4.1796345765726315],[120.36575899258092,-4.178622179351057],[120.36549848114853,-4.1779771114131385],[120.36593865563778,-4.177788966497974],[120.36667527417073,-4.177959192851733],[120.36711544865997,-4.177780007215174],[120.36760053891338,-4.177152857164877],[120.36945106839867,-4.175504346070465],[120.37123871581406,-4.175773125289547],[120.37199330065273,-4.175567061229819],[120.37289161593685,-4.174662170587956],[120.37286466647834,-4.174142529945858],[120.37249635721183,-4.173363068337813],[120.37272991918572,-4.172941979560974],[120.3748679095619,-4.172977816912474],[120.37533503350966,-4.172888223530657],[120.37560452809488,-4.172610483982065],[120.37544283134375,-4.171938533055015],[120.37481401064485,-4.17066630439208],[120.37474214542213,-4.17016457984592],[120.37498469054886,-4.169653895603894],[120.37591893844431,-4.169026739063209],[120.37610758465401,-4.168372703852048],[120.37643097815628,-4.1646366292716595],[120.37632318032219,-4.163319591556795],[120.37600876997273,-4.1624146868155805],[120.37724844506484,-4.162369889524142],[120.37768861955405,-4.16257595704365],[120.37818269296031,-4.163319591556795],[120.3793145702183,-4.166867524860868],[120.38077882413143,-4.170496076456969],[120.38121899862064,-4.172135638719865],[120.38192866769509,-4.173837912857817],[120.38199154976499,-4.174733845132285],[120.38185680247237,-4.175495386761578],[120.38068000945017,-4.180718646484404],[120.37981762677741,-4.182841985685924],[120.37864083375521,-4.183702070813596],[120.37829947394724,-4.18448152214478],[120.37803896251485,-4.186649647054249],[120.37734725974609,-4.188342930513538],[120.37693403471538,-4.189955578020144],[120.37712268092504,-4.191362162297049],[120.3769160684097,-4.192553725341598],[120.3769160684097,-4.19371840926871],[120.37610758465401,-4.197346836526322],[120.37582012376308,-4.199891205088681],[120.37526316828693,-4.201826353088378],[120.37409535841758,-4.204881368627863],[120.37357433555277,-4.205786224304394],[120.37291856539538,-4.206565653599162],[120.37197533434706,-4.207264451614213],[120.37185855336011,-4.208366401056355],[120.37175973867886,-4.208626210047253],[120.3710949853686,-4.209127909922266],[120.37082549078337,-4.210202979994269],[120.37001700702766,-4.210668843230998],[120.369433102093,-4.211251171884741],[120.36898394445092,-4.212299362363228],[120.36904682652082,-4.2140553022221185],[120.36883123085262,-4.214619710620471],[120.36800478079122,-4.215766443882174],[120.36772630305316,-4.216563780856127],[120.36714239811849,-4.216563780856127],[120.36693578560312,-4.2167250399199485],[120.36679205515767,-4.218006152404618],[120.36715138127133,-4.220855052314441],[120.36715138127133,-4.222324292207507],[120.3658847567207,-4.22416979691235],[120.36444745226612,-4.22481482664763],[120.36316286140983,-4.224725239216472],[120.36292031628312,-4.224348971892621],[120.36294726574165,-4.223032034821947],[120.36188725370639,-4.223112663686432],[120.36107876995067,-4.221795724517479],[120.3600816399853,-4.222046570245763],[120.35906654371423,-4.222046570245763],[120.35886891435173,-4.222145116759692],[120.35852755454377,-4.222825983241312],[120.35829399256991,-4.222951405949083],[120.35681177235112,-4.222646807909328],[120.35541040050788,-4.223372467748333],[120.35403597812318,-4.2243758481360905],[120.35336224166008,-4.225092547618456],[120.3521674823322,-4.225325474807629],[120.35023610447136,-4.2267678300748655],[120.35007440772023,-4.227323270518061],[120.35076611048898,-4.229231474169246],[120.35073017787762,-4.22965253255804],[120.35002949195602,-4.230772367584746],[120.34912219351905,-4.231659275776956],[120.34849337282016,-4.23169511043004],[120.34812506355368,-4.23109487977216],[120.34730759664512,-4.230924665023316],[120.34539418508994,-4.2313636398257435],[120.34462163394561,-4.232035539551624],[120.34292381805861,-4.231336763824583],[120.34163922720232,-4.231471143821062],[120.34119006956027,-4.231820531702773],[120.34107328857334,-4.232895570349958],[120.33975276510567,-4.235475657011444],[120.33902512972554,-4.23634464259609],[120.33810884813573,-4.236855283154367],[120.33575526209135,-4.2374286335548454],[120.33379693477195,-4.237455509344438],[120.33209911888498,-4.237697391408737],[120.32954790347807,-4.237813853116415],[120.32492157976486,-4.238772421890134],[120.32337647747617,-4.239247226543494],[120.32001677831357,-4.238763463308967],[120.31868727169308,-4.238906800595203],[120.312695508748,-4.2415585355956535],[120.30522152558412,-4.244443182928596],[120.30226606829936,-4.245912378049001],[120.29925671209757,-4.247184483759853],[120.29367817418319,-4.248788050646251],[120.28681504541252,-4.24937035064579],[120.27484948582804,-4.263793333228971],[120.27435541242178,-4.264662286897484],[120.27256776500637,-4.265799987637598],[120.26547107426184,-4.2695803669686505],[120.2526610983103,-4.273620514815309],[120.25143040637106,-4.27349510034634],[120.24914868554939,-4.2726171984892165],[120.2452499972163,-4.270341815529179],[120.24427981670945,-4.2699207793596825],[120.24307607422872,-4.26978640606547],[120.24074045449002,-4.269849113605698],[120.23964450984339,-4.269598283414047],[120.23844975051551,-4.268756210028239],[120.23721007542343,-4.267260183756007],[120.23518886603416,-4.264232289328664],[120.23376054473242,-4.2611416747242945],[120.23361681428696,-4.2602458420817735],[120.23370664581537,-4.258570632240552],[120.23406597192901,-4.257182086559554],[120.23418275291594,-4.255829371906665],[120.23283527998977,-4.251305375177786],[120.23258375171022,-4.250633492210162],[120.23210764460964,-4.249961608656946],[120.23176628480167,-4.248510338183934],[120.23140695868803,-4.246431970775803],[120.23164950381474,-4.242678353386364],[120.23151475652212,-4.241836250559126],[120.23085000321188,-4.240895602698624],[120.22761606818905,-4.237751142968307],[120.22603503328898,-4.2356906638449185],[120.22538824628442,-4.235251691496371],[120.2247953581969,-4.235081477661557],[120.22420247010939,-4.235251691496371],[120.22126497913031,-4.236953827784701],[120.2192347865882,-4.237446550748011],[120.21818375770577,-4.237518219516522],[120.2110152017385,-4.23731217178915],[120.20519411869742,-4.236667152461593],[120.20053186237284,-4.2369896621926175],[120.19736080941989,-4.236747779906956],[120.19400111025729,-4.236944869182461],[120.19185413672824,-4.236738821302332],[120.19005750616002,-4.236111718720708],[120.18838663973153,-4.235045643165244],[120.18431727149449,-4.231730945081465],[120.18265538821886,-4.23067382216736],[120.18119113430575,-4.230216929613847],[120.17903517762386,-4.230172136211742],[120.17777753622609,-4.229813788901658],[120.17528920288909,-4.2272695182345],[120.17367223537765,-4.226499068427227],[120.17291765053899,-4.226355728843723],[120.16827336052009,-4.2265169858733005],[120.16677317399562,-4.225970503581755],[120.16582095979444,-4.225898833744458],[120.16461721731373,-4.226319893943708],[120.16267685630002,-4.227681618979875],[120.16129345076249,-4.227780164777831],[120.15917342669196,-4.227170972371623],[120.15661322813223,-4.225925709934221],[120.15114248805193,-4.224940249033866],[120.15036993690761,-4.224447518114128],[120.14915721127406,-4.223291838910846],[120.14786363726489,-4.222763271879823],[120.14666887793702,-4.223023076058709],[120.1445488538665,-4.224089168157726],[120.1434169766085,-4.224483353100663],[120.14246476240736,-4.224680445497014],[120.14123407046812,-4.224635651774968],[120.1401830415857,-4.224107085659479],[120.13970693448509,-4.223479972851949],[120.13921286107885,-4.22176884818464],[120.1391140463976,-4.220281689650632],[120.13876370343677,-4.219905420172409],[120.13845827624017,-4.2198247909747835],[120.13768572509582,-4.220272730855649],[120.13618553857135,-4.221974900045954],[120.13509857707757,-4.2227991069441515],[120.13344567695479,-4.222745354347039],[120.1323137996968,-4.221876353510412],[120.13247549644794,-4.220926722617644],[120.13215210294567,-4.219403727251167],[120.13295160354852,-4.2176119641727805],[120.13275397418602,-4.215390172217137],[120.13346364326048,-4.2128279365133094],[120.13432602593322,-4.211412432050268],[120.13519739175882,-4.210856980228319],[120.13701198863275,-4.2090114439086665],[120.13809895012653,-4.207828864937905],[120.13892540018793,-4.206655243123303],[120.14231204880906,-4.203689824401682],[120.14387511740343,-4.201046919054791],[120.14446800549092,-4.2005183369106565],[120.1454202196921,-4.1999987134368215],[120.14672277685406,-4.199685147380008],[120.14763905844387,-4.199255113725757],[120.14816008130867,-4.198807161750584],[120.14940873955359,-4.1955908590200774],[120.15028908853205,-4.194488891527989],[120.15284928709178,-4.19239246127643],[120.15651441345098,-4.190385616793703],[120.15872426904991,-4.188262298050943],[120.15938003920733,-4.187088646821422],[120.16017055665733,-4.185010115134832],[120.16054784907669,-4.18314659927664],[120.16054784907669,-4.181578733942815],[120.15987411261358,-4.1798316803044555],[120.1600537756704,-4.179285165289894],[120.16043106808972,-4.178989509467498],[120.16133836652669,-4.178765527709653],[120.16241634486764,-4.178908876042044],[120.16326076123471,-4.17944643205512],[120.16409619444896,-4.180378194938049],[120.16464416677225,-4.1805663392319445],[120.16503044234445,-4.180405072697083],[120.16558739782059,-4.179410594999047],[120.16565926304331,-4.178675934988601],[120.16522807170695,-4.176946793467491],[120.16283855305119,-4.174008140068644],[120.16253312585457,-4.1732824343341965],[120.16159887795908,-4.171866858255535],[120.1610778550943,-4.1705587920163],[120.16101497302442,-4.168202475420174],[120.16144616436078,-4.165129397918054],[120.16008072512894,-4.1615724973100825],[120.15982021369653,-4.160479441502378],[120.15969444955677,-4.158418758395532],[120.15974834847381,-4.157809511923058],[120.1600537756704,-4.157146507873789],[120.16150006327783,-4.156295353209313],[120.16328771069324,-4.1558563362336995],[120.16367398626541,-4.1555517120661625],[120.16393449769782,-4.1550947755942245],[120.1643028069643,-4.153491016078122],[120.16412314390747,-4.152926563629208],[120.16344940744438,-4.152111242712421],[120.1637817840995,-4.152012687379705],[120.16402432922622,-4.151054012137604],[120.16399737976771,-4.1499699013490705],[120.16418602597736,-4.149620476893428],[120.16415907651884,-4.149217294637113],[120.1646082341609,-4.148330292948764],[120.16569519565468,-4.147649361683963],[120.16594672393423,-4.146699640781987],[120.16620723536664,-4.1464846094759],[120.16713250010926,-4.146601084773961],[120.16741097784735,-4.146305416676135],[120.16770742189111,-4.143617519805384],[120.16763555666839,-4.141735986560051],[120.16941422093093,-4.1414492763393005],[120.16965676605766,-4.140400991210448],[120.17031253621505,-4.139917166836527],[120.17064491287017,-4.139415422729],[120.17148034608441,-4.139415422729],[120.17188458796227,-4.1380714637315945],[120.17342969025096,-4.138367134906739],[120.17487597785838,-4.137480121050144],[120.17800211504712,-4.137085892350566],[120.1786938178159,-4.136431830666213],[120.1795472173358,-4.136109279499777],[120.18009518965913,-4.136064480716276],[120.18005925704776,-4.135249142414013],[120.18219724742397,-4.135347699835785],[120.18230504525806,-4.135096826374438],[120.18336505729332,-4.135231222881465],[120.18345488882173,-4.134926590766156],[120.1839759116865,-4.135096826374438],[120.18459574923256,-4.134630918306964],[120.18542219929394,-4.133546785013],[120.1858893232417,-4.133322790345967],[120.18613186836839,-4.1329733585390365],[120.18712001518094,-4.132534328614613],[120.18820697667472,-4.132659765760681],[120.18846748810711,-4.132238655263236],[120.18888071313782,-4.131960901408495],[120.18987784310316,-4.132122177852122],[120.19083904045718,-4.132892720407876],[120.19083005730434,-4.13310775540608],[120.19113548450096,-4.133224232672426],[120.19108158558389,-4.134003733937505],[120.1916295579072,-4.134397964170525],[120.1915397263788,-4.13472051603352],[120.19248295742713,-4.1353566596007925],[120.19227634491179,-4.1358494465202105],[120.19272550255384,-4.136413911160412],[120.192716519401,-4.136646864704216],[120.19469281302607,-4.137695154803574],[120.1950072233755,-4.138107302667794],[120.19524078534937,-4.138152101335764],[120.19552824624029,-4.137677235326351],[120.19598638703519,-4.1379191482346505],[120.19613011748065,-4.137730993756804],[120.19681283709659,-4.137757872970661],[120.19744165779547,-4.137928107970574],[120.19729792735001,-4.138779282421226],[120.19798064696595,-4.1386180073324095],[120.19863641712334,-4.1386986448809235],[120.19879811387447,-4.138492571129508],[120.19909455791826,-4.138483611399971],[120.2001545699535,-4.138949517201562],[120.20041508138591,-4.139881327982251],[120.20064864335977,-4.140114280506046],[120.20053186237284,-4.140275555290051],[120.20223866141265,-4.1409654526062205],[120.20262493698485,-4.140866895883588],[120.20268781905473,-4.141171525713882],[120.20311002723825,-4.14142239725078],[120.20297527994565,-4.141933099776552],[120.20491564095934,-4.143160576428698],[120.20445750016444,-4.1441819789062055],[120.20481682627809,-4.1444328494883536],[120.20540073121276,-4.144307414207229],[120.20722431123953,-4.145373613462489],[120.20787109824408,-4.145337774855414],[120.20822144120491,-4.145579685421643],[120.20948806575551,-4.145973909889469],[120.20876941352822,-4.1476941598115245],[120.20842805372025,-4.149127698552201],[120.20850890209582,-4.149710072922437],[120.20779024986851,-4.150068456936809],[120.20722431123953,-4.150579153876251],[120.20748482267192,-4.151000254612918],[120.20799686238387,-4.151134648417767],[120.20903890811344,-4.152532342631763],[120.20966772881233,-4.15267569574453],[120.21019773482995,-4.153186390997118],[120.2112307974067,-4.153347663113476],[120.21183266864706,-4.152890725364852],[120.21265911870843,-4.152559221342391],[120.21371014759086,-4.152595059621803],[120.21512948573978,-4.153482056518595],[120.21524626672672,-4.153804600597477],[120.21578525589717,-4.154216740061925],[120.21842630283251,-4.155282925938262],[120.21881257840467,-4.15497830154923],[120.21967496107743,-4.1551485328399576],[120.21993547250982,-4.155139573299257],[120.22001632088539,-4.154969342006595],[120.220887686711,-4.154942463378079],[120.22104938346213,-4.156331191318981],[120.21988157359277,-4.157451131425136],[120.21985462413426,-4.157612402669367],[120.22014208502516,-4.157746795347684],[120.22114819814338,-4.156877722289547],[120.22171413677236,-4.156152000754357],[120.22194769874625,-4.154817029766228],[120.22210939549738,-4.154593041124021],[120.22334907058948,-4.1543242546694135],[120.22387009345425,-4.154575122029897],[120.22431925109633,-4.153804600597477],[120.22457976252872,-4.153741883703577],[120.22461569514007,-4.154825989310593],[120.22485824026678,-4.1550947755942245],[120.2245977288344,-4.155928012491311],[120.22498400440656,-4.156125122166151],[120.22448094784747,-4.157549686078307],[120.22492112233667,-4.157603443156663],[120.22569367348102,-4.158230608799887],[120.22729267468675,-4.15887569294079],[120.22746335459075,-4.159305748741335],[120.2285054003203,-4.158974247415815],[120.22950253028569,-4.159269910766922],[120.22993372162207,-4.158705462454898],[120.23082305375333,-4.158284365831799],[120.2312722113954,-4.158266446821568],[120.23309579142216,-4.159045923389906],[120.23333833654888,-4.158821935949218],[120.23390427517786,-4.158732340955115],[120.23497327036597,-4.158212689788435],[120.23544937746657,-4.158517312927706],[120.2365453221132,-4.158723381455144],[120.23706634497798,-4.159287829754332],[120.23747058685582,-4.159305748741335],[120.23880907662918,-4.159807480211949],[120.2392492511184,-4.160739266380998],[120.24076740394854,-4.161626254113943],[120.24054282512752,-4.162163821950699],[120.24085723547695,-4.162889537948103],[120.24117164582641,-4.163221037625555],[120.24093808385253,-4.163776523258576],[120.24105486483948,-4.163901955444033],[120.24098299961672,-4.164036347049124],[120.24166571923267,-4.164520156637419],[120.24170165184402,-4.1648337367672505],[120.24307607422872,-4.165326505290198],[120.24330065304976,-4.165604247412583],[120.2433096362026,-4.1657744764068685],[120.24290539432475,-4.16593574594642],[120.24306709107589,-4.1669750377415],[120.24296827639463,-4.167423007919254],[120.24244725352986,-4.167960571795687],[120.24253708505827,-4.168408541411957],[120.24306709107589,-4.169116332885374],[120.24304014161737,-4.169618058100765],[120.2416297866213,-4.171221784765911],[120.24176453391392,-4.171732467988879],[120.24202504534631,-4.172001248499196],[120.24200707904062,-4.172476093842644],[120.24226759047303,-4.172897182869299],[120.24226759047303,-4.173667685610082],[120.24275268072645,-4.174017099394508],[120.24249216929407,-4.174411309631268],[120.2426538660452,-4.1754416309061],[120.24204301165199,-4.1765973809873564],[120.24233047254293,-4.17674072971598],[120.24222267470883,-4.1772782872150485],[120.24029129684797,-4.179795843265991],[120.24053384197468,-4.1800825395278345],[120.2396894256076,-4.18069176873612],[120.239383998411,-4.1812651604996],[120.23890789131043,-4.181381630650298],[120.2387102619479,-4.181757918711178],[120.23844975051551,-4.181874388788643],[120.23865636303086,-4.182268595076221],[120.23779398035812,-4.18285094491087],[120.2376592330655,-4.182734474978568],[120.23731787325752,-4.183083884723527],[120.23710227758934,-4.18297637404937],[120.23589853510862,-4.184176909073211],[120.23491038829609,-4.184400889284425],[120.2341737697631,-4.186407749118139],[120.23458699479382,-4.186631728691174],[120.23473970839211,-4.186954259163746],[120.23510801765859,-4.187214075281101],[120.23586260249726,-4.187617238051058],[120.23581768673306,-4.187724748087967],[120.2363117601393,-4.188092073935958],[120.236895665074,-4.188011441447512],[120.23706634497798,-4.187778503100883],[120.2377041488297,-4.188477317932729],[120.23835093583426,-4.188127910594822],[120.24103689853378,-4.188808806801368],[120.24136029203608,-4.188235420561566],[120.24156690455142,-4.1882175022348],[120.24172860130255,-4.187921849783938],[120.24227657362589,-4.18836084883743]]]}},{"type":"Feature","id":1,"properties":{"FID":1,"Id":0,"Kecamatan":"Kec. Sabbang Paru","Luas_Ha":9746.155,"Luas":9746.155},"geometry":{"type":"Polygon","coordinates":[[[120.0090649427156,-4.136718542703911],[120.00952308351052,-4.136843979187776],[120.00969376341449,-4.136404951407359],[120.01014292105654,-4.136566226946805],[120.0103315672662,-4.136163038036637],[120.0114454782185,-4.136530387940876],[120.01156225920545,-4.136207836814565],[120.01370024958165,-4.13703213387633],[120.0139517778612,-4.136449750171609],[120.01606281877889,-4.137166530055079],[120.0160897682374,-4.13761451715288],[120.01633231336415,-4.138062503997291],[120.01662875740789,-4.138385054368352],[120.01741029170506,-4.138671765698999],[120.02013218701596,-4.1388061615995015],[120.02189288497281,-4.138734483788738],[120.0233661220388,-4.139218308885468],[120.02353680194277,-4.139513979632361],[120.02353680194277,-4.139917166836527],[120.0233032399689,-4.14058914505377],[120.02279120025695,-4.141144646615927],[120.02199169965407,-4.141529913599387],[120.0192698043432,-4.141933099776552],[120.01801216294542,-4.141942059467045],[120.01443686811464,-4.141547832989401],[120.01372719904018,-4.141610550851257],[120.01326905824529,-4.141843502866048],[120.01302651311858,-4.142130212943946],[120.01293668159016,-4.142712592469796],[120.01309837834131,-4.143796713214374],[120.01431110397486,-4.146493569114822],[120.01449975018453,-4.14776583681034],[120.0146255143243,-4.148043585119328],[120.01499382359079,-4.14816901980751],[120.01773368520736,-4.147980867767769],[120.01823674176646,-4.148088383224536],[120.01814691023804,-4.148939546740808],[120.01764385367895,-4.14976383053496],[120.01917997281478,-4.150229729690211],[120.02106643491145,-4.150480598352255],[120.02156949147054,-4.150856901195866],[120.02123711481542,-4.151654304247902],[120.02255763828308,-4.1517976575201505],[120.02317747582913,-4.1531953505600026],[120.02375239761095,-4.1529086444972325],[120.02434528569849,-4.153643328574519],[120.02417460579449,-4.1539389939247595],[120.02446206668542,-4.154180901856173],[120.0240668079604,-4.154879746574648],[120.02438121830984,-4.155032058802903],[120.02418358894732,-4.155757781368845],[120.02479444334054,-4.155972810149011],[120.02484834225758,-4.156250555569939],[120.02466867920076,-4.156411827059774],[120.02513580314849,-4.156788127074435],[120.02729175983038,-4.157379455305998],[120.0270761641622,-4.158400839388357],[120.02787566476508,-4.158624826948745],[120.02757023756845,-4.160801982718168],[120.02807329412758,-4.16098117222542],[120.02810922673893,-4.161348510587831],[120.02770498486109,-4.163615253276474],[120.02938483444238,-4.163919874326037],[120.03155875742995,-4.165218992184241],[120.03120841446916,-4.166150771947726],[120.0317204541811,-4.166410594954213],[120.0316575721112,-4.166777930782446],[120.03228639281011,-4.166983997147556],[120.0325289379368,-4.167709708699087],[120.03466692831302,-4.168372703852048],[120.03562812566703,-4.168354785071482],[120.03498133866245,-4.17735892080814],[120.03500828812098,-4.182671760392465],[120.03455014732609,-4.1826090458013425],[120.03518795117779,-4.184660706249181],[120.03620304744885,-4.1861748102941965],[120.03597846862783,-4.187294707851708],[120.03599643493351,-4.1883070938645215],[120.03654440725681,-4.188647541963897],[120.03634677789431,-4.190242270562124],[120.03648152518691,-4.1908873283973],[120.03627491267157,-4.192329747464325],[120.03588863709942,-4.193512349931068],[120.03533168162325,-4.193342126958987],[120.03475675984143,-4.1928045804879455],[120.03421777067094,-4.19262539824877],[120.0327265672993,-4.192589561796005],[120.03251995478396,-4.19399614133347],[120.03304097764874,-4.1943545051421225],[120.0322414770459,-4.197051187528773],[120.0326816515351,-4.198081479005169],[120.03278944936919,-4.200733353419283],[120.0326367357709,-4.2030447771433925],[120.03328352277545,-4.204092978667065],[120.03296012927318,-4.20825889386235],[120.03311284287147,-4.209172704538243],[120.03305894395443,-4.209629609473972],[120.03229537596295,-4.211493062120497],[120.03180130255666,-4.213625276500785],[120.03159469004132,-4.215909785420944],[120.03066942529867,-4.217755305371135],[120.03090298727254,-4.21790760536541],[120.03075027367424,-4.219009539728543],[120.03043586332481,-4.219448521275169],[120.02987890784864,-4.22127611525101],[120.02994178991852,-4.22297828224097],[120.0298070426259,-4.224232508160152],[120.02937585128954,-4.225970503581755],[120.02893567680033,-4.226409481190644],[120.02813617619746,-4.228254976174169],[120.02753430495709,-4.228837291640444],[120.0250280053144,-4.228693952489344],[120.02244085729615,-4.228057884686473],[120.02202763226546,-4.228738745976911],[120.01930573695456,-4.228192265251701],[120.01973692829095,-4.2298317062710975],[120.02041964790686,-4.230449855263038],[120.02076999086766,-4.232608893523332],[120.02114728328701,-4.239865368013679],[120.01954828208126,-4.240716431547735],[120.0173743590937,-4.242785855808863],[120.0167635047005,-4.242991902076829],[120.01560467798399,-4.243708584319848],[120.01511060457771,-4.244398390350511],[120.01511060457771,-4.246351344341128],[120.01644011119824,-4.248743258320382],[120.0189194613824,-4.250508073991345],[120.01999743972334,-4.252299760895001],[120.02142576102509,-4.255318743903214],[120.02677972011844,-4.269356411365887],[120.02435426885133,-4.270753893258596],[120.02255763828308,-4.271246594601083],[120.02174915452736,-4.271622839049538],[120.02123711481542,-4.271640755447244],[120.02046456367107,-4.271380967639573],[120.0188116635483,-4.271183887175067],[120.01829962383634,-4.27150638245426],[120.01786843249998,-4.271533257054739],[120.01519145295329,-4.271058472307658],[120.01470636269987,-4.271201803583024],[120.01426618821066,-4.271793044810835],[120.01358346859472,-4.27233053644066],[120.01181378748502,-4.271882626775296],[120.01140954560715,-4.272169288991261],[120.00927155523094,-4.272438034721425],[120.00705271647917,-4.272303661868115],[120.00673830612973,-4.27207970706028],[120.00635203055757,-4.272196163568515],[120.00588490660981,-4.27193637594895],[120.00546269842629,-4.271999083313452],[120.00490574295011,-4.271372009437739],[120.00427692225125,-4.271201803583024],[120.00416014126431,-4.270422439450173],[120.00349538795406,-4.269983486888929],[120.0029563987836,-4.2699207793596825],[119.99989314366474,-4.268863708809783],[119.99983924474769,-4.268514337714724],[119.99610225316576,-4.266910811931264],[119.99210475015143,-4.264384580161809],[119.99385646495547,-4.262798962361596],[119.99038896795876,-4.263506667885673],[119.99016438913772,-4.263766458357579],[119.98975116410703,-4.263641042278658],[119.98775690417628,-4.263748541776129],[119.9867148584467,-4.264044165316642],[119.98606807144215,-4.263658958862613],[119.98589739153816,-4.263990415590461],[119.9854482338961,-4.263766458357579],[119.98516975615802,-4.264196456187067],[119.98477449743302,-4.264044165316642],[119.98451398600061,-4.264590620652725],[119.9828970184892,-4.2641427064715405],[119.98237599562442,-4.264886243869272],[119.98045360091639,-4.264124789898861],[119.98004037588571,-4.264698120017356],[119.97937562257545,-4.264438329860417],[119.97913307744875,-4.2649758266397075],[119.97819882955325,-4.26457270409049],[119.9776418740771,-4.265352074161475],[119.9764650810549,-4.265011659744958],[119.97603388971852,-4.26576415456912],[119.97519845650429,-4.265477489961116],[119.97436302329008,-4.267233309005901],[119.97382403411959,-4.267045185728822],[119.97290775252978,-4.268971207576271],[119.97223401606671,-4.268989124035889],[119.97169502689623,-4.270565770844359],[119.97143451546384,-4.270942015626706],[119.97108417250304,-4.2711301379486875],[119.97014992460755,-4.2712376363976805],[119.96978161534103,-4.271228678194173],[119.96935042400467,-4.270986806659932],[119.9690270305024,-4.271085346923829],[119.96796701846714,-4.271819919401272],[119.96617937105172,-4.2725007420449135],[119.96493969595964,-4.273154689541452],[119.96360120618631,-4.2731636477224635],[119.9626849245965,-4.272948651349289],[119.96148118211579,-4.272205121760725],[119.96090626033396,-4.271452633250474],[119.95992709667426,-4.269087664556312],[119.95938810750378,-4.2683351729889125],[119.95854369113673,-4.266400191286114],[119.958471825914,-4.26436666359477],[119.95828317970431,-4.263802291519226],[119.95709740352927,-4.262395838670522],[119.95689079101393,-4.2619120899621965],[119.95718723505769,-4.2612491745712715],[119.95836402807988,-4.260299592069749],[119.95928929282253,-4.2587497992426915],[119.95982828199301,-4.258194381400263],[119.96010675973109,-4.2576300047948985],[119.95998099559131,-4.256420624961268],[119.95725011712757,-4.2543154036820745],[119.95586671159003,-4.253007476074307],[119.95521094143264,-4.251717463108166],[119.95407906417465,-4.251359125789897],[119.95292023745814,-4.251412876398257],[119.95268667548424,-4.251618920362252],[119.95073733131773,-4.251027663622174],[119.95087207861035,-4.250543907770231],[119.95058461771943,-4.250319946624861],[119.95115055634841,-4.248770133716216],[119.94761119412898,-4.247381570372489],[119.94752136260057,-4.247103857403811],[119.94647931687099,-4.246897812233421],[119.94537438907153,-4.247256151624819],[119.94453895585728,-4.247130732856761],[119.94384725308853,-4.2467186424753125],[119.94474556837262,-4.242794814343397],[119.94431437703626,-4.24274106313464],[119.94425149496638,-4.242167716675155],[119.94273334213622,-4.241782499283666],[119.94223926872995,-4.241952711643127],[119.94090976210946,-4.245043403224177],[119.9380621026588,-4.244765689414083],[119.93757701240537,-4.2446044361881805],[119.93697514116502,-4.24394150590561],[119.93506172960984,-4.243430870029612],[119.93487308340018,-4.2436906672718795],[119.9357713986843,-4.240134125020426],[119.93593309543544,-4.239874326582076],[119.93753209664116,-4.2389515934917],[119.93801718689457,-4.2380826108364165],[119.93802617004744,-4.234481249629433],[119.93753209664116,-4.231999704914295],[119.93902330001279,-4.2275830731693915],[119.93858312552358,-4.222431797456339],[119.93914906415256,-4.220093554934312],[119.93707395584627,-4.214234479535822],[119.93652598352294,-4.208850183245689],[119.93673259603828,-4.207497384146576],[119.93755904609968,-4.206090828949197],[119.93930177775088,-4.204576763510276],[119.94084688003956,-4.203779414256452],[119.94313758401407,-4.202892474240636],[119.94408979821524,-4.202157836291863],[119.9449970966522,-4.200724394399273],[119.94664999677498,-4.19613736264677],[119.94709017126418,-4.196235912440391],[119.94841069473186,-4.198126274255905],[119.9494437573086,-4.200106221770148],[119.95114157319557,-4.199729942538698],[119.95104275851432,-4.198314414280928],[119.94954257198985,-4.19614632171943],[119.95114157319557,-4.195107068605225],[119.95278549016552,-4.191577181326606],[119.95307295105644,-4.1865779735994915],[119.95269565863708,-4.182528412748234],[119.9582562302458,-4.183567682574647],[119.95976539992313,-4.185171380721775],[119.96042117008052,-4.1871513610537745],[119.96287357080617,-4.1886565011224075],[119.96484986443123,-4.188934234985305],[119.96654768031823,-4.188369807999221],[119.96749091136654,-4.186201687854345],[119.96890126636262,-4.183943969585596],[119.97012297514902,-4.182626964256461],[119.97549490054807,-4.182250676612905],[119.97662677780606,-4.180835116716315],[119.97671660933446,-4.1765973809873564],[119.97803713280211,-4.17480551967007],[119.97822577901178,-4.172261069571743],[119.97620456962251,-4.168820673233477],[119.97931274050556,-4.164672467001802],[119.98082191018288,-4.162127984106334],[119.98082191018288,-4.160058345827428],[119.97921392582431,-4.157800552412596],[119.97695915446117,-4.156474543741357],[119.97394081510652,-4.154127144544491],[119.97450675373553,-4.152523383061352],[119.97516252389292,-4.1519589299203075],[119.97610575494126,-4.14979070933985],[119.97752509309015,-4.148939546740808],[119.97996851066296,-4.1498803053495426],[119.98138784881189,-4.151582627602015],[119.98506195832393,-4.153275986621386],[119.98600518937226,-4.151860374568571],[119.98364262017502,-4.149127698552201],[119.98326532775567,-4.147335774719913],[119.98288803533636,-4.146305416676135],[119.98336414243693,-4.145454250322469],[119.98609502090066,-4.14695947019878],[119.98657112800124,-4.146771317871015],[119.98590637469101,-4.145454250322469],[119.98439720501366,-4.143949027580089],[119.98374143485627,-4.142820108643071],[119.98420855880401,-4.142255648570356],[119.98600518937226,-4.142067495123285],[119.98741554436832,-4.140651862991604],[119.9871280834774,-4.138671765698999],[119.98854742162631,-4.137166530055079],[119.99165559250937,-4.136879818179517],[119.99278746976736,-4.137184449543855],[119.99501529167198,-4.13652142818914],[119.99756650707887,-4.136476629428944],[120.00316301129894,-4.13560753297988],[120.00553456364901,-4.135804647722017],[120.00700780071496,-4.136306394117092],[120.0090649427156,-4.136718542703911]]]}},{"type":"Feature","id":2,"properties":{"FID":2,"Id":0,"Kecamatan":"Kec. Pammana","Luas_Ha":15997.52,"Luas":15997.52},"geometry":{"type":"Polygon","coordinates":[[[120.08264594763783,-4.134595079213508],[120.08305917266851,-4.134836993062897],[120.08332866725377,-4.134765314892998],[120.08422698253787,-4.134962429844623],[120.08723633873969,-4.135822567241598],[120.08745193440787,-4.135840486760774],[120.08753278278344,-4.135571693930588],[120.0880897382596,-4.135750889160842],[120.08817058663517,-4.135258102180135],[120.08928449758749,-4.135679211073604],[120.08937432911588,-4.135060987302049],[120.08982348675794,-4.135150584979985],[120.08989535198067,-4.134998268921469],[120.09119790914264,-4.135446257245299],[120.091233841754,-4.135258102180135],[120.09156621840914,-4.135293941243611],[120.0915123194921,-4.135768808681639],[120.09180876353585,-4.135804647722017],[120.09184469614722,-4.13550001582714],[120.092536398916,-4.135517935353609],[120.09250046630463,-4.135840486760774],[120.0931742027677,-4.136010722172729],[120.09535710890812,-4.136198877059182],[120.09540202467232,-4.135858406279544],[120.09682136282123,-4.136279514853982],[120.09710882371216,-4.135168504514357],[120.09833053249857,-4.135589613455436],[120.10024394405372,-4.135741929400293],[120.10032479242932,-4.135643372027553],[120.10150158545152,-4.1357329696396405],[120.10152853491003,-4.135580653693063],[120.10315448557428,-4.135697130596021],[120.10314550242144,-4.135419377953011],[120.10580451566243,-4.135670251312243],[120.10583146512094,-4.1339230959111415],[120.10628062276302,-4.1338603774405245],[120.10630757222154,-4.134326285960922],[120.10685554454484,-4.13438004461873],[120.10690046030905,-4.134075412176274],[120.10737656740964,-4.134075412176274],[120.1073226684926,-4.134415883721911],[120.10864319196025,-4.134639878080076],[120.10897556861536,-4.133618463293084],[120.11115847475578,-4.134326285960922],[120.11125728943703,-4.134129170851096],[120.11210170580411,-4.134675717171509],[120.11128423889555,-4.135786728202031],[120.11065541819669,-4.1373636444093265],[120.11185916067741,-4.137990826119214],[120.1115357671751,-4.138850960227934],[120.11255086344616,-4.139137671389878],[120.11341324611892,-4.139630455956879],[120.1132784988263,-4.139944045976169],[120.11604530990138,-4.141386558464664],[120.11968348680209,-4.142479640710905],[120.1200787455271,-4.142497560079408],[120.12017756020835,-4.142237729196371],[120.12491168175565,-4.143671277832345],[120.12616034000057,-4.143859430897928],[120.12627712098751,-4.142766350558261],[120.12584592965113,-4.141986857917986],[120.12606152531932,-4.139988844540213],[120.12720238573016,-4.140060522237409],[120.12881935324158,-4.140553306229919],[120.13094836046493,-4.140239716452001],[120.13215210294567,-4.139630455956879],[120.13314024975818,-4.138913678303481],[120.13476620042245,-4.13603760144496],[120.13548485264972,-4.135697130596021],[120.13620350487703,-4.135697130596021],[120.13766775879014,-4.136163038036637],[120.13965303556805,-4.137507000272516],[120.14139576721925,-4.138214819466663],[120.14220425097494,-4.138349215444721],[120.14549208491482,-4.138331295982298],[120.14647124857451,-4.1385821684193225],[120.14820499707288,-4.140230756742236],[120.1486900873263,-4.1409923317102635],[120.15012739178088,-4.142076454812256],[120.15070231356273,-4.142846987684107],[120.15250792728379,-4.143698156844454],[120.15309183221848,-4.143778793875303],[120.15467286711852,-4.144603083052339],[120.15574186230663,-4.145723039796328],[120.15711628469136,-4.143949027580089],[120.15783493691863,-4.142354205120011],[120.15751154341635,-4.142201890447187],[120.15821222933798,-4.140678742106297],[120.15917342669196,-4.141270082398577],[120.16044005124257,-4.138394014099006],[120.16179650732161,-4.138940557477194],[120.16202108614263,-4.138394014099006],[120.16194023776707,-4.137659315848724],[120.16369195257109,-4.138178980535328],[120.16352127266711,-4.140678742106297],[120.16383568301654,-4.140974412307671],[120.16287448566256,-4.14496146938303],[120.16264990684151,-4.1468250756835205],[120.16275770467563,-4.147846473426234],[120.16264990684151,-4.1498444669468855],[120.16314398024778,-4.1516811829884315],[120.16412314390747,-4.152926563629208],[120.1643028069643,-4.153491016078122],[120.16421297543589,-4.154180901856173],[120.16393449769782,-4.1550947755942245],[120.16367398626541,-4.1555517120661625],[120.16328771069324,-4.1558563362336995],[120.16150006327783,-4.156295353209313],[120.1600537756704,-4.157146507873789],[120.15974834847381,-4.157809511923058],[120.15973936532097,-4.159413262654795],[120.16008072512894,-4.1615724973100825],[120.16144616436078,-4.165129397918054],[120.16101497302442,-4.168202475420174],[120.1610778550943,-4.1705587920163],[120.16159887795908,-4.171866858255535],[120.16253312585457,-4.1732824343341965],[120.16283855305119,-4.174008140068644],[120.16522807170695,-4.176946793467491],[120.1655245157507,-4.177762088649267],[120.16565027989047,-4.179177654094649],[120.16503044234445,-4.180405072697083],[120.16464416677225,-4.1805663392319445],[120.16409619444896,-4.180378194938049],[120.16326076123471,-4.17944643205512],[120.16241634486764,-4.178908876042044],[120.16133836652669,-4.178765527709653],[120.16043106808972,-4.178989509467498],[120.1600537756704,-4.179285165289894],[120.15987411261358,-4.1798316803044555],[120.16054784907669,-4.181578733942815],[120.16054784907669,-4.18314659927664],[120.16017055665733,-4.185010115134832],[120.15938003920733,-4.187088646821422],[120.15872426904991,-4.188262298050943],[120.15651441345098,-4.190385616793703],[120.15284928709178,-4.19239246127643],[120.15028908853205,-4.194488891527989],[120.14940873955359,-4.1955908590200774],[120.14816008130867,-4.198807161750584],[120.14763905844387,-4.199255113725757],[120.14672277685406,-4.199685147380008],[120.1454202196921,-4.1999987134368215],[120.14446800549092,-4.2005183369106565],[120.14387511740343,-4.201046919054791],[120.14231204880906,-4.203689824401682],[120.13892540018793,-4.206655243123303],[120.13809895012653,-4.207828864937905],[120.13701198863275,-4.2090114439086665],[120.13519739175882,-4.210856980228319],[120.13432602593322,-4.211412432050268],[120.13409246395935,-4.2117349522810565],[120.13346364326048,-4.2128279365133094],[120.13298753615987,-4.214422615670774],[120.13274499103318,-4.215685814254999],[120.13294262039568,-4.217818017137098],[120.13215210294567,-4.219403727251167],[120.13247549644794,-4.220926722617644],[120.1323137996968,-4.221876353510412],[120.13344567695479,-4.222745354347039],[120.13263719319909,-4.222584096533359],[120.13457755421278,-4.2242145906612985],[120.13456857105994,-4.224940249033866],[120.13420026179344,-4.225397144697916],[120.12499253013122,-4.231489061152164],[120.12414811376414,-4.232205754056289],[120.1221269043749,-4.234391663316051],[120.10575061674538,-4.245634664551563],[120.10145666968731,-4.248519296652021],[120.10002834838554,-4.249316599895022],[120.09910308364289,-4.249513685962853],[120.09681237966838,-4.249280766059094],[120.09562660349334,-4.249477852136085],[120.09438692840126,-4.250078068514786],[120.09079366726479,-4.25139495952922],[120.07571095364443,-4.254942491473472],[120.07445331224666,-4.255605412297719],[120.07408500298015,-4.256017497927837],[120.07366279479663,-4.25711041961771],[120.07338431705857,-4.258400423549875],[120.07305194040342,-4.261258132891174],[120.07322262030742,-4.262342088829073],[120.0742017839671,-4.263972499014233],[120.07428263234269,-4.264751869694032],[120.07356398011538,-4.266543523431308],[120.07306990670911,-4.268299340038732],[120.07161463594883,-4.270538896209989],[120.07119242776531,-4.272446992910809],[120.07138107397498,-4.273396560392046],[120.07210870935512,-4.275430064155352],[120.07277346266535,-4.280697440878667],[120.07290820995796,-4.283295283401718],[120.07364482849096,-4.285239180485027],[120.07344719912845,-4.285158558123566],[120.07335736760004,-4.285319802837989],[120.07261176591422,-4.285436257332815],[120.07131819190508,-4.285982697417807],[120.06768899815725,-4.28589311710277],[120.06658407035778,-4.285669166269255],[120.06643135675948,-4.286000613479555],[120.06601813172877,-4.285919991198384],[120.06579355290775,-4.286099151811664],[120.06541626048842,-4.286081235752225],[120.06529947950149,-4.285973739386775],[120.06542524364127,-4.285678124303856],[120.06403285495088,-4.285203348325426],[120.0634489500162,-4.285382509106638],[120.0628201293173,-4.284800236414224],[120.06154452161385,-4.284388166240919],[120.06125706072294,-4.2851048098778675],[120.06046654327291,-4.28499731337514],[120.06000840247802,-4.285283970682167],[120.05754701859954,-4.284630033543469],[120.05672955169098,-4.2842717115864835],[120.05661277070405,-4.283770060564677],[120.05578632064265,-4.283528192990181],[120.05430410042386,-4.283259451151045],[120.05135762629193,-4.283134038260473],[120.05133965998625,-4.282945918886067],[120.0505581256891,-4.282793631739572],[120.0505581256891,-4.28254280578515],[120.04991133868451,-4.282444266994844],[120.0478811461424,-4.282291979748501],[120.04696486455259,-4.282041153629631],[120.04602163350428,-4.282596554210878],[120.04549162748664,-4.2827219671895564],[120.04475500895369,-4.282632386492598],[120.04353330016725,-4.282865296282875],[120.04211396201835,-4.282166566699343],[120.04168277068199,-4.282103860167057],[120.0409910679132,-4.281324507122702],[120.0399669884893,-4.2808497284423055],[120.03997597164215,-4.280679524692717],[120.040550893424,-4.280330158982887],[120.04094615214899,-4.279712050028765],[120.04117073097002,-4.278914778322035],[120.04120666358139,-4.2784579143856325],[120.04100005106605,-4.277848762046488],[120.039814274891,-4.27652295822209],[120.03953579715294,-4.275403189691454],[120.04057784288251,-4.272599282114322],[120.04094615214899,-4.272285745485894],[120.0415570065422,-4.270753893258596],[120.0415570065422,-4.270090985498573],[120.04108089944161,-4.268809959420893],[120.04115276466435,-4.2681649664606605],[120.03959867922282,-4.267188517753634],[120.03941003301316,-4.266821229386495],[120.0389878248296,-4.2665256069146205],[120.03698458174604,-4.265369990705533],[120.03597846862783,-4.265540197853256],[120.03353505105503,-4.265352074161475],[120.03205283083621,-4.265540197853256],[120.03131621230325,-4.265898528567295],[120.03106468402368,-4.266418107805725],[120.03118146501063,-4.267421432236891],[120.03084010520266,-4.268138091742225],[120.0294746659708,-4.268317256514032],[120.02821702457302,-4.268236632371893],[120.02780379954234,-4.268478504772907],[120.02728277667754,-4.269222037972861],[120.02677972011844,-4.269356411365887],[120.02142576102509,-4.255318743903214],[120.01999743972334,-4.252299760895001],[120.0189194613824,-4.250508073991345],[120.01644011119824,-4.248743258320382],[120.01511060457771,-4.246351344341128],[120.01511060457771,-4.244398390350511],[120.01560467798399,-4.243708584319848],[120.0167635047005,-4.242991902076829],[120.0173743590937,-4.242785855808863],[120.01954828208126,-4.240716431547735],[120.02114728328701,-4.239865368013679],[120.02076999086766,-4.232608893523332],[120.02041964790686,-4.230449855263038],[120.01973692829095,-4.2298317062710975],[120.01930573695456,-4.228192265251701],[120.02202763226546,-4.228738745976911],[120.02244085729615,-4.228057884686473],[120.0250280053144,-4.228693952489344],[120.02753430495709,-4.228837291640444],[120.02813617619746,-4.228254976174169],[120.02893567680033,-4.226409481190644],[120.02937585128954,-4.225970503581755],[120.0298070426259,-4.224232508160152],[120.02994178991852,-4.22297828224097],[120.02987890784864,-4.22127611525101],[120.03043586332481,-4.219448521275169],[120.03075027367424,-4.219009539728543],[120.03090298727254,-4.21790760536541],[120.03066942529867,-4.217755305371135],[120.03159469004132,-4.215909785420944],[120.03180130255666,-4.213625276500785],[120.03229537596295,-4.211493062120497],[120.03305894395443,-4.209629609473972],[120.03311284287147,-4.209172704538243],[120.03296012927318,-4.20825889386235],[120.03328352277545,-4.204092978667065],[120.0326367357709,-4.2030447771433925],[120.03278944936919,-4.200733353419283],[120.0326816515351,-4.198081479005169],[120.0322414770459,-4.197051187528773],[120.03304097764874,-4.1943545051421225],[120.03251995478396,-4.19399614133347],[120.0327265672993,-4.192589561796005],[120.03421777067094,-4.19262539824877],[120.03475675984143,-4.1928045804879455],[120.03533168162325,-4.193342126958987],[120.03588863709942,-4.193512349931068],[120.03627491267157,-4.192329747464325],[120.03648152518691,-4.1908873283973],[120.03634677789431,-4.190242270562124],[120.03654440725681,-4.188647541963897],[120.03599643493351,-4.1883070938645215],[120.03597846862783,-4.187294707851708],[120.03620304744885,-4.1861748102941965],[120.03518795117779,-4.184660706249181],[120.03455014732609,-4.1826090458013425],[120.03500828812098,-4.182671760392465],[120.03498133866245,-4.17735892080814],[120.0352777827062,-4.171983329801369],[120.03572694034828,-4.167324454502043],[120.03535863108178,-4.164699345298339],[120.03554727729143,-4.161868159685901],[120.03569100773692,-4.1607034284718],[120.03587067079373,-4.160398806177794],[120.03525981640053,-4.1592519917791035],[120.03520591748348,-4.158203730282557],[120.03621203060169,-4.1570569126892245],[120.03785594757161,-4.158633786449836],[120.04383872736388,-4.1652817081645015],[120.04689299932986,-4.169564301843009],[120.04836623639584,-4.171257622195899],[120.050450327855,-4.168023287557331],[120.05086355288569,-4.168175597243352],[120.05115999692944,-4.168077043920472],[120.051582205113,-4.168265191162521],[120.05314527370734,-4.1647262235939575],[120.05373816179485,-4.16388403656162],[120.0539178248517,-4.163158321481069],[120.05496885373412,-4.161590416245111],[120.05696311366485,-4.156626855661572],[120.0594155143905,-4.156626855661572],[120.05988263833825,-4.155883214831068],[120.06063722317691,-4.146206860618948],[120.06215537600707,-4.14200477729765],[120.06494913654066,-4.1396483753899],[120.06561388985092,-4.13884200050245],[120.06664695242766,-4.1362615953447355],[120.06988987060335,-4.133242152250344],[120.07183921476987,-4.1324716100341385],[120.07359991272675,-4.129452152507781],[120.07492941934724,-4.129156478007675],[120.07604333029956,-4.132122177852122],[120.07695961188935,-4.132695604941627],[120.07660926892855,-4.1330808760344935],[120.08264594763783,-4.134595079213508]]]}},{"type":"Feature","id":3,"properties":{"FID":3,"Id":0,"Kecamatan":"Kec. Takkalalla","Luas_Ha":17302.139,"Luas":17302.139},"geometry":{"type":"Polygon","coordinates":[[[120.20347833650473,-4.081399126138944],[120.20496953987639,-4.082115955502356],[120.20692786719576,-4.082402687068516],[120.20704464818272,-4.0826894185322615],[120.2069817661128,-4.083325603601716],[120.20786211509125,-4.0838273830190825],[120.20783516563272,-4.084087232951198],[120.20812262652363,-4.084454606849576],[120.20943416683846,-4.084687575576026],[120.20956891413108,-4.084920544234831],[120.2100540043845,-4.085054949199523],[120.21102418489134,-4.085010147547128],[120.21041333049816,-4.086201870648904],[120.2103594315811,-4.087268147712683],[120.21090740390441,-4.087913289449347],[120.21137452785214,-4.088961643664108],[120.21224589367775,-4.090054797880616],[120.21223691052491,-4.091434678942457],[120.21266810186128,-4.092169419836751],[120.21257827033287,-4.092474068302551],[120.21343166985278,-4.0937464224067925],[120.21378201281358,-4.093836024732286],[120.21371014759086,-4.094355718022373],[120.2142850693727,-4.09467828610168],[120.21425811991418,-4.095027734707558],[120.2138898106477,-4.095610148711597],[120.214042524246,-4.096192562291721],[120.21442879981817,-4.096721214251222],[120.21490490691873,-4.096801856044844],[120.2152193172682,-4.09703482118075],[120.21518338465683,-4.097500751249011],[120.21558762653467,-4.097787477309953],[120.21554271077048,-4.098513252192275],[120.2159200031898,-4.098791017713681],[120.21595593580116,-4.099669114533714],[120.21615356516368,-4.100018560959104],[120.21570440752161,-4.101434265426863],[120.21579423905001,-4.1018374719366415],[120.21618949777505,-4.101873312505441],[120.21600085156537,-4.102948528821743],[120.21632424506767,-4.10342341556733],[120.21681831847391,-4.103728059746013],[120.21728544242167,-4.103763900229983],[120.21794121257906,-4.103468216189129],[120.21843528598535,-4.103557817425192],[120.21876766264046,-4.103378614943016],[120.21927071919956,-4.103360694692586],[120.21941444964501,-4.10318149216618],[120.21981869152289,-4.103136691528297],[120.22001632088539,-4.102849967386335],[120.22055531005584,-4.103611578162003],[120.22096853508656,-4.103889341911208],[120.22114819814338,-4.104346307869033],[120.22104938346213,-4.104722632579109],[120.22128294543599,-4.104865994326766],[120.22183091775932,-4.104113344864388],[120.22301669393435,-4.103996863336576],[120.22453484676451,-4.104256706721444],[120.22623266265148,-4.105072076793922],[120.22678961812765,-4.105107917217563],[120.22724775892254,-4.104821193783389],[120.22801132691406,-4.105636563279348],[120.22861319815442,-4.105806805156921],[120.22899947372659,-4.105439441059954],[120.2297630417181,-4.105654483478697],[120.23056254232094,-4.105502161771405],[120.23088593582324,-4.106048727762591],[120.2314249249937,-4.106407131488051],[120.23237713919488,-4.106075608047583],[120.23305985881079,-4.106326490663855],[120.23443428119552,-4.106057687857689],[120.23514395026996,-4.106478812213829],[120.23591650141431,-4.107213539281822],[120.23655430526604,-4.107473381619541],[120.23687769876831,-4.1081185070576565],[120.23802754233199,-4.1083156286152445],[120.23800059287346,-4.108718831649502],[120.2385755146553,-4.1088173923602085],[120.23848568312688,-4.109462516711332],[120.2388809418519,-4.109561077330132],[120.2394289141752,-4.110492922578538],[120.23986010551158,-4.110430202259464],[120.23998586965138,-4.110779643974328],[120.24039909468206,-4.110752763847853],[120.24064163980877,-4.111039485150191],[120.24150402248154,-4.111182845762686],[120.24146808987017,-4.112482050137748],[120.24189928120653,-4.112544770295368],[120.24241132091849,-4.11234764978337],[120.245492542343,-4.113727492343275],[120.24567220539986,-4.114166532656623],[120.24556440756574,-4.114345732714979],[120.24623814402884,-4.114802692681301],[120.24639984077997,-4.114739972701446],[120.24680408265785,-4.115170052464116],[120.2479090104573,-4.115653891919486],[120.2483671512522,-4.116003331343305],[120.24839410071073,-4.116370690572211],[120.24880732574141,-4.116800769454073],[120.24972360733122,-4.116379650551286],[120.25070277099091,-4.116997888863941],[120.25114294548011,-4.116549890134556],[120.2511159960216,-4.1159674914094575],[120.25157413681652,-4.115868931583061],[120.25160108627503,-4.115582212018722],[120.25231075534947,-4.114766852693417],[120.25273296353302,-4.113252611731953],[120.25302042442394,-4.1127598107982966],[120.25354144728874,-4.112804610895768],[120.25375704295692,-4.112410369951568],[120.25406247015351,-4.112329729734408],[120.25482603814503,-4.112446210045463],[120.2550596001189,-4.111935488555276],[120.2560657132371,-4.1120788490066165],[120.25618249422405,-4.110609403158014],[120.25655080349053,-4.110591483069973],[120.25654182033769,-4.110851324307164],[120.25706284320249,-4.111030525111053],[120.25761081552578,-4.110358521888766],[120.25757488291443,-4.10955211727438],[120.25772759651272,-4.10940875636867],[120.25824861937753,-4.109426676483293],[120.25838336667013,-4.109758198531188],[120.25859896233833,-4.109767158584623],[120.25940744609403,-4.1097133982625],[120.26049440758783,-4.109337075906149],[120.26053034019918,-4.109740278424015],[120.26085373370147,-4.109731318370277],[120.26177001529126,-4.109292275613803],[120.26205747618218,-4.109453556654474],[120.26236290337877,-4.108969713434616],[120.2630007072305,-4.109417716426033],[120.26317138713449,-4.1091489146613815],[120.2649590345499,-4.109650677882106],[120.26565073731865,-4.109534197162577],[120.26925298160796,-4.11194444858424],[120.26998061698812,-4.1120788490066165],[120.27382540640414,-4.111200765837435],[120.27583763264057,-4.110277881464028],[120.27797562301677,-4.110000119938612],[120.27886495514807,-4.108889072869435],[120.27995191664185,-4.106281690202447],[120.28088616453734,-4.10610248833167],[120.28181142927995,-4.105233358687632],[120.28354517777832,-4.104229826375206],[120.28489265070449,-4.103656378773248],[120.28634792146477,-4.1038266210730585],[120.28714742206763,-4.103656378773248],[120.28940219343077,-4.10381766095292],[120.29032745817342,-4.103548857302038],[120.29154018380699,-4.103799740712344],[120.29113594192914,-4.104319427525811],[120.29097424517798,-4.104928715083271],[120.29099221148368,-4.107670503336533],[120.2912167903047,-4.108772592038669],[120.29235765071554,-4.108933873184431],[120.2926540947593,-4.108530670258878],[120.29255528007805,-4.107589862640014],[120.29286070727464,-4.107554022327832],[120.29287867358032,-4.106810335486801],[120.29335478068091,-4.105412560753539],[120.29428902857637,-4.104946635298511],[120.29512446179062,-4.1049197549755],[120.29615752436736,-4.104624071362662],[120.29648091786963,-4.104704712358841],[120.29714567117989,-4.104409028666362],[120.2976756771975,-4.10343237569189],[120.29795415493561,-4.102124196442019],[120.29834043050776,-4.101819551651639],[120.29859195878731,-4.1013357038046365],[120.29887043652539,-4.100206724355652],[120.29941840884871,-4.100161923550969],[120.299741802351,-4.099704955199759],[120.30010112846466,-4.099678074700376],[120.30069401655216,-4.098665575232091],[120.30150250030788,-4.0981817254759],[120.30219420307664,-4.097160263918135],[120.30256251234314,-4.09744699010114],[120.30155639922492,-4.099848317847869],[120.30149351715504,-4.100305286117119],[120.3016372476005,-4.1008608158180575],[120.30199657371413,-4.101138580523712],[120.30209538839539,-4.101685149501307],[120.30146656769651,-4.102258598518492],[120.30169114651754,-4.102446761387564],[120.30183487696299,-4.1030202098580375],[120.30215827046527,-4.10333381431619],[120.3016372476005,-4.103799740712344],[120.30158334868345,-4.104364228097344],[120.30120605626412,-4.104812233674412],[120.3010533426658,-4.105529042074805],[120.3003975725084,-4.106828255659794],[120.29994841486634,-4.1071866590351584],[120.29931959416746,-4.107285219935161],[120.29797212124129,-4.110430202259464],[120.29770262665603,-4.110779643974328],[120.29784635710152,-4.11090508455256],[120.29649888417532,-4.112715010698305],[120.29674142930205,-4.112840450971932],[120.29645396841111,-4.11345869203201],[120.29675939560772,-4.113924612513894],[120.29663363146793,-4.114524932733017],[120.29695702497023,-4.1147310127039205],[120.29725346901398,-4.115196932441571],[120.29717262063842,-4.115510532111506],[120.29682227767762,-4.115806211687184],[120.29693007551171,-4.116012291326514],[120.29663363146793,-4.116469250336493],[120.29670549669068,-4.116782849505301],[120.29689414290034,-4.116890369191883],[120.296687530385,-4.118377723366096],[120.29696600812308,-4.1184583629708],[120.29710075541568,-4.118843640969362],[120.29695702497023,-4.120393711031678],[120.29582514771224,-4.120653549070208],[120.29542090583438,-4.121101545488996],[120.29526819223608,-4.1210029862985165],[120.29486395035823,-4.121352423373277],[120.30080181438625,-4.123959756697973],[120.30770985892113,-4.125214140816921],[120.30790748828363,-4.124793026369242],[120.30808715134047,-4.124757186831474],[120.30806020188196,-4.124416711142039],[120.30829376385581,-4.124004556164892],[120.30842851114843,-4.123081686636528],[120.30835664592571,-4.122794969671674],[120.30880580356775,-4.121970657821663],[120.30978496722744,-4.122122976380066],[120.31049463630191,-4.121692900375338],[120.31083599610987,-4.121863138821693],[120.31108752438942,-4.1218093793162565],[120.31140193473885,-4.121567461496803],[120.31122227168203,-4.121352423373277],[120.31245296362127,-4.121244904289706],[120.31234516578718,-4.120223472270752],[120.31218346903604,-4.120124912971455],[120.31237211524571,-4.1194618773678675],[120.31282127288779,-4.118951160377525],[120.31429450995373,-4.119300598353705],[120.31487841488843,-4.119336438137456],[120.31550723558729,-4.119166199150261],[120.31621690466176,-4.117329407761361],[120.31663911284528,-4.115627011957456],[120.31781590586748,-4.115555332054273],[120.31813031621691,-4.115680771880609],[120.31858845701183,-4.114838532667571],[120.31886693474989,-4.114946052616706],[120.31921727771069,-4.114847492663887],[120.31952270490731,-4.1145518127322465],[120.32058271694258,-4.1130286113453485],[120.32154391429657,-4.113691652307013],[120.32161577951929,-4.113897732493498],[120.32234341489944,-4.113440772008033],[120.32259494317898,-4.113530372123883],[120.32314291550232,-4.113333251855715],[120.32362800575572,-4.112974851243193],[120.32458920310974,-4.113960452539674],[120.3256042993808,-4.113395971946331],[120.3259995581058,-4.113691652307013],[120.32624210323253,-4.113512452101519],[120.32708651959959,-4.113843972449991],[120.32830822838599,-4.113404931958874],[120.32972756653491,-4.111379966562771],[120.33022163994117,-4.110914044593107],[120.33025757255253,-4.110663163419725],[120.33084147748723,-4.110367481935455],[120.33113792153098,-4.110009079989329],[120.3308145280287,-4.108933873184431],[120.33104809000257,-4.108234987983938],[120.33165894439576,-4.1086113108602955],[120.33226979878897,-4.108736751779626],[120.33283573741795,-4.109507316994114],[120.33383286738332,-4.110125560639492],[120.3352252560737,-4.109426676483293],[120.33695002141923,-4.109785078691193],[120.33880953405736,-4.10938187619598],[120.33995039446819,-4.110510842668797],[120.34048938363865,-4.111344126420927],[120.34109125487903,-4.112473090114828],[120.3413697326171,-4.113530372123883],[120.34251957618076,-4.115161092471429],[120.3429417843643,-4.116012291326514],[120.34452281926436,-4.1212180245165415],[120.34493604429505,-4.121881058656032],[120.3453402861729,-4.123807438491557],[120.34531333671437,-4.126817957626618],[120.3446396002513,-4.127606425038226],[120.34456773502856,-4.1282694538464675],[120.3449899432121,-4.128681606610319],[120.34500790951778,-4.1292729558542005],[120.34556486499395,-4.130097260125626],[120.3466248770292,-4.130473572660499],[120.34652606234793,-4.131091800008873],[120.34695725368432,-4.131790665126865],[120.34777472059288,-4.1323909718519545],[120.34882574947527,-4.132579127597628],[120.34940067125713,-4.132561208004726],[120.34981389628781,-4.13226553466337],[120.35127815020094,-4.132158017057363],[120.35232917908337,-4.133224232672426],[120.3532993595902,-4.133242152250344],[120.35426954009705,-4.133797658964943],[120.35498819232434,-4.134353165290282],[120.35569786139881,-4.135258102180135],[120.35539243420219,-4.13588528555694],[120.35578769292722,-4.136646864704216],[120.35623685056927,-4.13693357666409],[120.35844670616821,-4.137327805439476],[120.3604499492518,-4.13864488651616],[120.36140216345296,-4.139720053117924],[120.36146504552286,-4.140571225642047],[120.36181538848366,-4.140893774990978],[120.3626957374621,-4.141323840585054],[120.36381863156726,-4.141135686916405],[120.3643576207377,-4.141189445112013],[120.36660340894801,-4.142873866724228],[120.36853478680887,-4.1436891971738525],[120.36930733795322,-4.143626479476799],[120.37197533434706,-4.143850471229153],[120.37264907081013,-4.144056543585287],[120.37350247033004,-4.144773316579673],[120.3739695942778,-4.146878833492367],[120.3738617964437,-4.147488088403712],[120.37398756058349,-4.148061504361717],[120.37372704915107,-4.149396486776443],[120.37411332472325,-4.150614992245561],[120.37393366166644,-4.1529086444972325],[120.37352043663573,-4.154091306334668],[120.3736462007755,-4.1545392838404265],[120.37430197093292,-4.154817029766228],[120.37458044867098,-4.155426278551208],[120.37567639331762,-4.159825399187134],[120.37555062917784,-4.161877119150101],[120.3756943596233,-4.162289254393131],[120.37600876997273,-4.1624146868155805],[120.37639504554492,-4.163892996002878],[120.3764130118506,-4.1656400850986515],[120.37600876997273,-4.168748998149604],[120.37591893844431,-4.169026739063209],[120.37487689271474,-4.16977036747778],[120.37474214542213,-4.17016457984592],[120.37504757261874,-4.171284500267315],[120.37559554494204,-4.17238650040359],[120.37552367971932,-4.17276279277894],[120.37514638729999,-4.172941979560974],[120.37418518994599,-4.173031572936659],[120.37272991918572,-4.172941979560974],[120.37249635721183,-4.173363068337813],[120.37286466647834,-4.174142529945858],[120.37289161593685,-4.174662170587956],[120.37199330065273,-4.175567061229819],[120.37123871581406,-4.175773125289547],[120.36945106839867,-4.175504346070465],[120.36760053891338,-4.177152857164877],[120.36711544865997,-4.177780007215174],[120.36667527417073,-4.177959192851733],[120.36593865563778,-4.177788966497974],[120.36549848114853,-4.1779771114131385],[120.36575899258092,-4.178622179351057],[120.36487864360251,-4.1796345765726315],[120.36492355936672,-4.180127335809277],[120.36444745226612,-4.18022588761944],[120.36434863758487,-4.181399549133484],[120.36341438968938,-4.185637258897482],[120.36343235599506,-4.1857626875897305],[120.36401626092974,-4.185825401928319],[120.36399829462407,-4.187384299587084],[120.36337845707801,-4.1890148673786465],[120.36223759666719,-4.190448330761757],[120.36208488306889,-4.1908425327314935],[120.36172555695525,-4.1910485927729475],[120.36104283733931,-4.191917628002457],[120.36036910087623,-4.191962423606664],[120.36073741014272,-4.1929389671403685],[120.35931807199381,-4.1934944317252265],[120.35808738005457,-4.194766623318858],[120.35740466043863,-4.195035395925688],[120.35664109244712,-4.196002976544515],[120.35610210327665,-4.196110485428168],[120.35579667608006,-4.197087023776863],[120.3553295521323,-4.197624567300823],[120.35526667006242,-4.198206905700754],[120.35443123684819,-4.198386086659484],[120.35363173624533,-4.199532843821231],[120.35325444382599,-4.199685147380008],[120.35280528618394,-4.199568679955383],[120.35230222962484,-4.199846409939251],[120.35199680242822,-4.200276443267616],[120.35214951602651,-4.200787107537178],[120.35152967848049,-4.201324648512404],[120.35145781325777,-4.201933861169811],[120.35061339689068,-4.20245348335447],[120.35060441373784,-4.2027760072949265],[120.34988576151054,-4.203528562637146],[120.34998457619179,-4.203922758002669],[120.34977796367644,-4.204818655819268],[120.34922999135314,-4.2056876757173445],[120.34829574345765,-4.2066373252193],[120.34785556896844,-4.206538776739909],[120.3475231923133,-4.20694192953132],[120.34698420314284,-4.206700037881511],[120.346014022636,-4.207578014622317],[120.34652606234793,-4.208106591978767],[120.34591520795475,-4.208464949304488],[120.34587029219054,-4.208662045763332],[120.34520553888028,-4.208823306465279],[120.34432518990184,-4.209790869975495],[120.34296873382281,-4.210373199286174],[120.34139668207563,-4.210722596663445],[120.34061514777842,-4.211466185431349],[120.34026480481762,-4.211349719767645],[120.3398425966341,-4.2114034731530605],[120.33889936558577,-4.212603964459669],[120.33874665198748,-4.212523334504571],[120.3386837699176,-4.212863772035907],[120.33826156173403,-4.2129623197145385],[120.33781240409199,-4.213571523268899],[120.33766867364653,-4.2135625643965575],[120.33729138122719,-4.214279273857796],[120.33659069530559,-4.214064261088785],[120.3356564474101,-4.214198644076385],[120.33514440769814,-4.21394779581408],[120.33474016582029,-4.214126973152554],[120.33209911888498,-4.213177332788212],[120.3311648709895,-4.213051908502459],[120.33072469650028,-4.212801059870278],[120.3305360502906,-4.212944401955716],[120.33037435353947,-4.212801059870278],[120.33017672417697,-4.212908566436832],[120.32993417905026,-4.212702512171215],[120.32934129096273,-4.213060867380684],[120.32826331262179,-4.213159415034343],[120.32823636316326,-4.213481934540833],[120.32781415497973,-4.213723824082927],[120.32581091189614,-4.21414489088413],[120.32512819228022,-4.214476368843829],[120.32408614655064,-4.214512204290466],[120.32344834269891,-4.214350944767589],[120.32250511165057,-4.214530122013166],[120.32251409480342,-4.214333027040761],[120.32159781321361,-4.214100096554415],[120.32144509961532,-4.2143688624940046],[120.3210049251261,-4.214279273857796],[120.3204389864971,-4.215461843024519],[120.319935929938,-4.215748526187969],[120.3195855869772,-4.215470801874978],[120.31931609239194,-4.21570373195065],[120.31916337879365,-4.215641020014066],[120.31795963631293,-4.214995982658421],[120.31751047867088,-4.215408089919603],[120.31678284329074,-4.215210995169772],[120.31683674220778,-4.214709299217453],[120.31664809599812,-4.214655546060502],[120.31621690466176,-4.2156499788624595],[120.31484248227706,-4.214789928945909],[120.31473468444294,-4.2149691060903205],[120.3131985653071,-4.214431574533207],[120.31322551476562,-4.214126973152554],[120.31254279514968,-4.21392987807796],[120.31271347505368,-4.213679029728957],[120.31211160381332,-4.213419222425046],[120.31216550273037,-4.213266921551367],[120.31176126085252,-4.2130787851368225],[120.31145583365593,-4.213168373911329],[120.31076413088714,-4.212586046692592],[120.31083599610987,-4.212505416735637],[120.31035090585645,-4.212344156796655],[120.31034192270361,-4.211896212346317],[120.31015327649393,-4.211636404446944],[120.30898546662458,-4.2114034731530605],[120.30867105627514,-4.21111678838794],[120.30799731981205,-4.211618486657581],[120.30823088178593,-4.211941006802957],[120.3078356230609,-4.21209330793624],[120.3068564594012,-4.213508811160335],[120.30664086373302,-4.213329633679434],[120.30633543653643,-4.213687988599957],[120.30543712125231,-4.213374428053529],[120.30487118262333,-4.213965713549784],[120.30413456409033,-4.213903001473009],[120.3029487879153,-4.213338592554459],[120.3025984449545,-4.2138850837358595],[120.3017270791289,-4.213320674804306],[120.30147555084935,-4.2129623197145385],[120.3014845340022,-4.212648758875556],[120.30090961222034,-4.21240686899912],[120.30083774699762,-4.2119858012570175],[120.2992836615561,-4.210176103260566],[120.29942739200156,-4.209996925012157],[120.29956213929417,-4.208608292188596],[120.3009635111374,-4.207192780051777],[120.30089164591466,-4.206977765324902],[120.30112520788853,-4.206673161026896],[120.3014845340022,-4.20686129898973],[120.30262539441303,-4.205490578505852],[120.30283200692837,-4.205526414366195],[120.30309251836076,-4.205096383933301],[120.30320929934769,-4.204173609495118],[120.30309251836076,-4.203483767696634],[120.30214030415958,-4.203456890731089],[120.3019696242556,-4.203618152510451],[120.30146656769651,-4.203636070483876],[120.30044248827261,-4.203170203040971],[120.30019095999306,-4.202820802276103],[120.29997536432485,-4.202928310220433],[120.29966993712826,-4.202560991349445],[120.29897823435951,-4.203161244048956],[120.29870873977426,-4.202892474240636],[120.29772957611456,-4.203313546899208],[120.29751398044637,-4.203609193523583],[120.29658871570372,-4.203403136797222],[120.29635515372986,-4.2035733575750855],[120.29582514771224,-4.20329562891837],[120.29546582159857,-4.203725660344825],[120.29485496720538,-4.203197080016399],[120.29458547262016,-4.203636070483876],[120.29436089379911,-4.203528562637146],[120.29418123074228,-4.20401234783067],[120.2938129214758,-4.204406542951535],[120.29362427526614,-4.205141178781134],[120.29338173013944,-4.204979917316886],[120.29266307791214,-4.205024712171414],[120.29011186250524,-4.203206039008001],[120.29004898043536,-4.202892474240636],[120.28986931737853,-4.202928310220433],[120.28954592387623,-4.202704335319687],[120.28930337874952,-4.20290143323574],[120.28906083362281,-4.2026774583272735],[120.28885422110747,-4.2029551872042],[120.28838709715971,-4.202596827344476],[120.28783912483642,-4.2024445243542194],[120.28779420907222,-4.202811843280075],[120.28735403458298,-4.202820802276103],[120.28692284324661,-4.202731212311173],[120.28690487694092,-4.202587868345872],[120.28650063506308,-4.202354934346055],[120.28558435347328,-4.2021309592806135],[120.28514417898404,-4.2021309592806135],[120.28464112242494,-4.202372852348512],[120.28454230774369,-4.2019876152049696],[120.28328466634593,-4.202184713302185],[120.28246719943738,-4.202641622335948],[120.28227855322771,-4.202480360354603],[120.2824492331317,-4.2021667952954065],[120.28236838475613,-4.201969697193662],[120.2806436194106,-4.200572091043369],[120.28048192265946,-4.200598968108337],[120.28031124275549,-4.201029001021872],[120.27908055081625,-4.200742312439188],[120.27893682037079,-4.201181304288565],[120.27687967837015,-4.200813984594737],[120.27639458811674,-4.202354934346055],[120.27494830050928,-4.202104082268438],[120.27468778907689,-4.202184713302185],[120.27449914286724,-4.202005533215867],[120.27378947379277,-4.202337016343187],[120.27316963624675,-4.202417647352852],[120.27303488895413,-4.20251619635334],[120.27298099003708,-4.203161244048956],[120.27161555080521,-4.203340423869695],[120.26953145934607,-4.20263266333786],[120.26885772288297,-4.202982064187038],[120.26868704297898,-4.203340423869695],[120.26794144129316,-4.202462442354617],[120.26771686247213,-4.201154427243663],[120.2671239743846,-4.200652722235493],[120.26685447979938,-4.200133098851165],[120.2669712607863,-4.199658270283562],[120.26662990097834,-4.199407417338742],[120.26667481674255,-4.198977383531438],[120.26635142324028,-4.19888779312509],[120.26589328244536,-4.198278578089182],[120.2657675183056,-4.198314414280928],[120.26575853515274,-4.1978754208186695],[120.26542615849763,-4.197857502712926],[120.2660909118079,-4.1968182518760955],[120.26591124875104,-4.196737620287825],[120.26601006343229,-4.196235912440391],[120.26567768677718,-4.196164239864445],[120.26532734381638,-4.195716286115752],[120.26516564706525,-4.195877549494882],[120.26486920302146,-4.195680449804758],[120.26462665789475,-4.195913385796833],[120.2642403823226,-4.1958058768860464],[120.26399783719589,-4.195438554662534],[120.26377325837485,-4.195778999656037],[120.26322528605154,-4.1958058768860464],[120.26294680831346,-4.196522602678395],[120.26193171204241,-4.195707327038158],[120.26137475656624,-4.195626695335182],[120.2612130598151,-4.19597609932129],[120.26064712118612,-4.196280707797018],[120.25990151950029,-4.196182158009048],[120.25958710915086,-4.196540520814775],[120.25859896233833,-4.1969795150276585],[120.2581318383906,-4.1968182518760955],[120.2579431921809,-4.196916801583787],[120.25725148941214,-4.198090438055522],[120.25685623068712,-4.198180028553397],[120.25587706702746,-4.198959465450991],[120.25532909470412,-4.1991834414270075],[120.25494281913195,-4.199174482389202],[120.2534516157603,-4.198421922846293],[120.25306534018814,-4.1984577590314585],[120.25263414885177,-4.198108356155919],[120.25210414283413,-4.198224823798477],[120.2513315916898,-4.1977320759611985],[120.25048717532273,-4.1975439357958235],[120.24968767471985,-4.1968272109409455],[120.24873546051869,-4.196307585009761],[120.24868156160163,-4.194435136976416],[120.2480617240556,-4.193628818259022],[120.24785511154023,-4.192777703154688],[120.24794494306867,-4.191908668881308],[120.24692984679761,-4.190824614464453],[120.24588780106804,-4.190063087735703],[120.24353421502364,-4.1891761321403935],[120.24172860130255,-4.187921849783938],[120.24156690455142,-4.1882175022348],[120.24136029203608,-4.188235420561566],[120.24103689853378,-4.188808806801368],[120.23835093583426,-4.188127910594822],[120.2377041488297,-4.188477317932729],[120.23699447975525,-4.187760584763654],[120.236895665074,-4.188011441447512],[120.2363117601393,-4.188092073935958],[120.23581768673306,-4.187724748087967],[120.23586260249726,-4.187617238051058],[120.23510801765859,-4.187214075281101],[120.23473970839211,-4.186954259163746],[120.23458699479382,-4.186631728691174],[120.2341737697631,-4.186407749118139],[120.23491038829609,-4.184400889284425],[120.23589853510862,-4.184176909073211],[120.23710227758934,-4.18297637404937],[120.23731787325752,-4.183083884723527],[120.2376592330655,-4.182734474978568],[120.23779398035812,-4.18285094491087],[120.23865636303086,-4.182268595076221],[120.23844975051551,-4.181874388788643],[120.2387102619479,-4.181757918711178],[120.23890789131043,-4.181381630650298],[120.239383998411,-4.1812651604996],[120.2396894256076,-4.18069176873612],[120.24053384197468,-4.1800825395278345],[120.24029129684797,-4.179795843265991],[120.24222267470883,-4.1772782872150485],[120.24233047254293,-4.17674072971598],[120.24204301165199,-4.1765973809873564],[120.24269878180941,-4.175199729510894],[120.24248318614123,-4.174832397620051],[120.24249216929407,-4.174411309631268],[120.24275268072645,-4.174017099394508],[120.24226759047303,-4.173667685610082],[120.24226759047303,-4.172897182869299],[120.24200707904062,-4.172476093842644],[120.24202504534631,-4.172001248499196],[120.24176453391392,-4.171732467988879],[120.2416297866213,-4.171221784765911],[120.24304014161737,-4.169618058100765],[120.24306709107589,-4.169116332885374],[120.24253708505827,-4.168408541411957],[120.24244725352986,-4.167960571795687],[120.24296827639463,-4.167423007919254],[120.24306709107589,-4.1669750377415],[120.24290539432475,-4.16593574594642],[120.2433096362026,-4.1657744764068685],[120.24330065304976,-4.165604247412583],[120.24307607422872,-4.165326505290198],[120.24170165184402,-4.1648337367672505],[120.24166571923267,-4.164520156637419],[120.24098299961672,-4.164036347049124],[120.24105486483948,-4.163901955444033],[120.24093808385253,-4.163776523258576],[120.24117164582641,-4.163221037625555],[120.24085723547695,-4.162889537948103],[120.24054282512752,-4.162163821950699],[120.24076740394854,-4.161626254113943],[120.2392492511184,-4.160739266380998],[120.23880907662918,-4.159807480211949],[120.23747058685582,-4.159305748741335],[120.23706634497798,-4.159287829754332],[120.2365453221132,-4.158723381455144],[120.23544937746657,-4.158517312927706],[120.234802590462,-4.158194770776576],[120.23390427517786,-4.158732340955115],[120.23333833654888,-4.158821935949218],[120.23309579142216,-4.159045923389906],[120.2312722113954,-4.158266446821568],[120.23082305375333,-4.158284365831799],[120.22993372162207,-4.158705462454898],[120.22950253028569,-4.159269910766922],[120.2285054003203,-4.158974247415815],[120.22746335459075,-4.159305748741335],[120.22729267468675,-4.15887569294079],[120.22569367348102,-4.158230608799887],[120.22492112233667,-4.157603443156663],[120.22448094784747,-4.157549686078307],[120.22498400440656,-4.156125122166151],[120.2245977288344,-4.155928012491311],[120.22485824026678,-4.1550947755942245],[120.22461569514007,-4.154825989310593],[120.22457976252872,-4.153741883703577],[120.22431925109633,-4.153804600597477],[120.22387009345425,-4.154575122029897],[120.22334907058948,-4.1543242546694135],[120.22210939549738,-4.154593041124021],[120.22194769874625,-4.154817029766228],[120.22171413677236,-4.156152000754357],[120.22114819814338,-4.156877722289547],[120.22014208502516,-4.157746795347684],[120.21985462413426,-4.157612402669367],[120.21988157359277,-4.157451131425136],[120.22104938346213,-4.156331191318981],[120.220887686711,-4.154942463378079],[120.22001632088539,-4.154969342006595],[120.21993547250982,-4.155139573299257],[120.21967496107743,-4.1551485328399576],[120.21881257840467,-4.15497830154923],[120.21842630283251,-4.155282925938262],[120.21578525589717,-4.154216740061925],[120.21524626672672,-4.153804600597477],[120.21512948573978,-4.153482056518595],[120.21360234975677,-4.1525771404823],[120.21265911870843,-4.152559221342391],[120.21183266864706,-4.152890725364852],[120.21134757839363,-4.153338703552321],[120.21019773482995,-4.153186390997118],[120.20966772881233,-4.15267569574453],[120.20903890811344,-4.152532342631763],[120.20876043037536,-4.152308353340937],[120.20799686238387,-4.151134648417767],[120.20748482267192,-4.151000254612918],[120.20723329439238,-4.150650830613246],[120.20779024986851,-4.150068456936809],[120.20850890209582,-4.149710072922437],[120.20842805372025,-4.149127698552201],[120.20876941352822,-4.1476941598115245],[120.20948806575551,-4.145973909889469],[120.20822144120491,-4.145579685421643],[120.20787109824408,-4.145337774855414],[120.20722431123953,-4.145373613462489],[120.20540073121276,-4.144307414207229],[120.20481682627809,-4.1444328494883536],[120.20445750016444,-4.1441819789062055],[120.20491564095934,-4.143160576428698],[120.20297527994565,-4.141933099776552],[120.20311002723825,-4.14142239725078],[120.20268781905473,-4.141171525713882],[120.20262493698485,-4.140866895883588],[120.20223866141265,-4.1409654526062205],[120.20053186237284,-4.140275555290051],[120.20064864335977,-4.140114280506046],[120.20041508138591,-4.139881327982251],[120.2001545699535,-4.138949517201562],[120.19909455791826,-4.138483611399971],[120.19879811387447,-4.138492571129508],[120.19863641712334,-4.1386986448809235],[120.19798064696595,-4.1386180073324095],[120.19729792735001,-4.138779282421226],[120.19744165779547,-4.137928107970574],[120.19681283709659,-4.137757872970661],[120.19613011748065,-4.137730993756804],[120.19598638703519,-4.1379191482346505],[120.19552824624029,-4.137677235326351],[120.19524078534937,-4.138152101335764],[120.1950072233755,-4.138107302667794],[120.19469281302607,-4.137695154803574],[120.192716519401,-4.136646864704216],[120.19272550255384,-4.136413911160412],[120.19227634491179,-4.1358494465202105],[120.19248295742713,-4.1353566596007925],[120.1915397263788,-4.13472051603352],[120.1916295579072,-4.134397964170525],[120.19108158558389,-4.134003733937505],[120.19113548450096,-4.133224232672426],[120.19083005730434,-4.13310775540608],[120.19083904045718,-4.132892720407876],[120.18977004526907,-4.132068419041223],[120.18888071313782,-4.131960901408495],[120.18846748810711,-4.132238655263236],[120.18820697667472,-4.132659765760681],[120.18679662167865,-4.132606006986223],[120.185476098211,-4.133501986084656],[120.1849550753462,-4.134263567522203],[120.1839759116865,-4.135096826374438],[120.18345488882173,-4.134926590766156],[120.18336505729332,-4.135231222881465],[120.18230504525806,-4.135096826374438],[120.18219724742397,-4.135347699835785],[120.18005925704776,-4.135249142414013],[120.18009518965913,-4.136064480716276],[120.1787387335801,-4.136404951407359],[120.17800211504712,-4.137085892350566],[120.17757092371075,-4.137130691076308],[120.17753499109939,-4.135571693930588],[120.17778651937894,-4.132480569831651],[120.17874771673294,-4.131181398135333],[120.17920585752783,-4.129461112339398],[120.18196368545007,-4.1240493556292845],[120.18279013551147,-4.123583441076145],[120.1836255687257,-4.12269641069112],[120.1841286252848,-4.122579931880165],[120.18453286716267,-4.122239455257974],[120.1845598166212,-4.1213793031418975],[120.18654509339908,-4.121352423373277],[120.18785663371392,-4.121764579725614],[120.1882249429804,-4.120770028163371],[120.1889435952077,-4.120008433783815],[120.18943766861396,-4.1186106822018305],[120.18982394418612,-4.118001405102764],[120.19127023179357,-4.117705726342452],[120.19226736175895,-4.1172218881340825],[120.19303991290327,-4.1157793317302955],[120.1936956830607,-4.115886851552403],[120.19383941350614,-4.11546573216622],[120.19401009341013,-4.115438852197838],[120.19427958799535,-4.114999812585831],[120.19454908258061,-4.113449732020072],[120.19427958799535,-4.112652290554085],[120.1948545097772,-4.11199820875591],[120.19461196465049,-4.111245566022546],[120.19467484672039,-4.110707963635049],[120.19506112229254,-4.110340601795085],[120.19522281904368,-4.109695478154319],[120.19526773480789,-4.108826352424214],[120.19509705490391,-4.1083514688932095],[120.19521383589084,-4.107957225747034],[120.19509705490391,-4.107715303719966],[120.19394721134024,-4.107464421540338],[120.1936956830607,-4.107204579199701],[120.19359686837944,-4.106460892032988],[120.19376754828342,-4.103351734567221],[120.19344415478115,-4.103163571911328],[120.19339923901694,-4.102796206598257],[120.1935878852266,-4.101550747328366],[120.19333635694703,-4.101031058713621],[120.19259075526122,-4.100753293970594],[120.19346212108682,-4.099731835698238],[120.1939831439516,-4.099866238177075],[120.19422568907831,-4.099624313698898],[120.1941807733141,-4.098808938066588],[120.19461196465049,-4.097464910484165],[120.19541146525334,-4.096990020198345],[120.19523180219653,-4.096515129630592],[120.19559112831017,-4.0956191089237315],[120.19522281904368,-4.095224859494841],[120.19525875165505,-4.094122752106471],[120.1962289321619,-4.093396973241539],[120.19674097187384,-4.0926711937186635],[120.1974057251841,-4.092267982588369],[120.19762132085228,-4.091846850746648],[120.1979716638131,-4.090009996507606],[120.19830404046822,-4.089400697585986],[120.19838488884379,-4.088432986581884],[120.19870828234606,-4.0880118527245095],[120.19874421495743,-4.087626559852698],[120.19850166983072,-4.087277108018138],[120.19869031604038,-4.086981417885321],[120.19919337259951,-4.08668572764347],[120.19939998511485,-4.086201870648904],[120.19988507536826,-4.085995783321834],[120.19976829438133,-4.085359600369458],[120.20010965418929,-4.08496534589223],[120.20020846887057,-4.084445646512592],[120.19971439546428,-4.083236000101315],[120.19964253024156,-4.082608775318436],[120.19976829438133,-4.082196598765689],[120.20081932326376,-4.081399126138944],[120.20159187440811,-4.081452888363399],[120.20177153746492,-4.081327443167404],[120.20263392013769,-4.08017155436788],[120.2036400332559,-4.08081670180997],[120.20340647128201,-4.081219918698097],[120.20347833650473,-4.081399126138944]]]}},{"type":"Feature","id":4,"properties":{"FID":4,"Id":0,"Kecamatan":"Kec. Tempe","Luas_Ha":4408.387,"Luas":4408.387},"geometry":{"type":"Polygon","coordinates":[[[120.02382426283368,-4.110788604016285],[120.02613293311387,-4.1114516468416245],[120.02631259617068,-4.111344126420927],[120.02874703059065,-4.112499970183286],[120.03002263829411,-4.11292109113741],[120.03051671170037,-4.112992771277647],[120.0311724818578,-4.11251789022842],[120.03464896200734,-4.1135482921458415],[120.0354304963045,-4.113942532526984],[120.03540354684597,-4.114713092708567],[120.03661627247953,-4.114605572727982],[120.03737984047105,-4.114336772713019],[120.03793679594722,-4.113906692500398],[120.0387003639387,-4.1137722923863365],[120.03920342049781,-4.113485572067218],[120.04060479234104,-4.113557252156672],[120.0409012363848,-4.1122490895090875],[120.04215887778255,-4.1125895704049285],[120.04316499090078,-4.112491010160567],[120.0439555083508,-4.112159489249162],[120.04425195239456,-4.111774208016694],[120.0447819584122,-4.1117114877984315],[120.04593180197588,-4.112258049534527],[120.04649774060486,-4.112320769709775],[120.04789911244808,-4.110985724913858],[120.04832132063163,-4.110931964673899],[120.04928251798565,-4.111281406168822],[120.0495160799595,-4.111120125497893],[120.05177085132264,-4.111514367080334],[120.05294764434484,-4.111362046492051],[120.05387290908749,-4.111836928230019],[120.05820278875693,-4.113467652043847],[120.05990060464393,-4.114318852708796],[120.06077197046953,-4.113082371443877],[120.06221825807695,-4.113252611731953],[120.06244283689797,-4.1135214121127515],[120.06265843256617,-4.114336772713019],[120.06394302342245,-4.114578692730568],[120.06489523762362,-4.1151521324786415],[120.06596423281172,-4.1135214121127515],[120.06626067685548,-4.113664772278759],[120.06684458179016,-4.113064451411437],[120.06693441331858,-4.113145091554243],[120.06733865519642,-4.112849410990723],[120.06761713293452,-4.112446210045463],[120.06851544821862,-4.112939011173073],[120.06884782487376,-4.112150529222617],[120.07011444942437,-4.112634370511972],[120.07187514738122,-4.112885251064872],[120.07229735556477,-4.113127171523213],[120.0738334747006,-4.113467652043847],[120.07524382969667,-4.114121732635734],[120.07676198252685,-4.114587652729806],[120.07684283090242,-4.114722052706295],[120.07635774064899,-4.115358212287248],[120.08022049637071,-4.11666636982845],[120.07933116423943,-4.118377723366096],[120.07861251201213,-4.119202038940067],[120.07850471417804,-4.119766515416522],[120.07913353487693,-4.120456430565992],[120.07907065280703,-4.121719780132448],[120.07951082729625,-4.122158816036625],[120.07969947350591,-4.123117526249862],[120.07932218108658,-4.123977676485043],[120.07907963595989,-4.123977676485043],[120.0782352195928,-4.12589509136636],[120.07604333029956,-4.132122177852122],[120.07492941934724,-4.129156478007675],[120.07359991272675,-4.129452152507781],[120.07183921476987,-4.1324716100341385],[120.06988987060335,-4.133242152250344],[120.06664695242766,-4.1362615953447355],[120.06561388985092,-4.13884200050245],[120.06494913654066,-4.1396483753899],[120.06215537600707,-4.14200477729765],[120.06063722317691,-4.146206860618948],[120.05988263833825,-4.155883214831068],[120.0594155143905,-4.156626855661572],[120.05696311366485,-4.156626855661572],[120.05496885373412,-4.161590416245111],[120.0539178248517,-4.163158321481069],[120.05373816179485,-4.16388403656162],[120.05314527370734,-4.1647262235939575],[120.051582205113,-4.168265191162521],[120.05115999692944,-4.168077043920472],[120.05086355288569,-4.168175597243352],[120.050450327855,-4.168023287557331],[120.04836623639584,-4.171257622195899],[120.04689299932986,-4.169564301843009],[120.04383872736388,-4.1652817081645015],[120.03785594757161,-4.158633786449836],[120.03621203060169,-4.1570569126892245],[120.03534964792892,-4.1579080665314185],[120.03513405226074,-4.158580029441761],[120.03525981640053,-4.1592519917791035],[120.03587067079373,-4.160398806177794],[120.03569100773692,-4.1607034284718],[120.03554727729143,-4.161868159685901],[120.03535863108178,-4.164699345298339],[120.03572694034828,-4.167324454502043],[120.03562812566703,-4.168354785071482],[120.03466692831302,-4.168372703852048],[120.0325289379368,-4.167709708699087],[120.03228639281011,-4.166983997147556],[120.0316575721112,-4.166777930782446],[120.0317204541811,-4.166410594954213],[120.03120841446916,-4.166150771947726],[120.03155875742995,-4.165218992184241],[120.02938483444238,-4.163919874326037],[120.02770498486109,-4.163615253276474],[120.02810922673893,-4.161348510587831],[120.02807329412758,-4.16098117222542],[120.02757023756845,-4.160801982718168],[120.02787566476508,-4.158624826948745],[120.0270761641622,-4.158400839388357],[120.02729175983038,-4.157379455305998],[120.02513580314849,-4.156788127074435],[120.02466867920076,-4.156411827059774],[120.02484834225758,-4.156250555569939],[120.02479444334054,-4.155972810149011],[120.02418358894732,-4.155757781368845],[120.02438121830984,-4.155032058802903],[120.0240668079604,-4.154879746574648],[120.02446206668542,-4.154180901856173],[120.02417460579449,-4.1539389939247595],[120.02434528569849,-4.153643328574519],[120.02375239761095,-4.1529086444972325],[120.02317747582913,-4.1531953505600026],[120.02255763828308,-4.1517976575201505],[120.02123711481542,-4.151654304247902],[120.02156949147054,-4.150856901195866],[120.02106643491145,-4.150480598352255],[120.01917997281478,-4.150229729690211],[120.01764385367895,-4.14976383053496],[120.01814691023804,-4.148939546740808],[120.01823674176646,-4.148088383224536],[120.01773368520736,-4.147980867767769],[120.01499382359079,-4.14816901980751],[120.0146255143243,-4.148043585119328],[120.01431110397486,-4.146493569114822],[120.01309837834131,-4.143796713214374],[120.01293668159016,-4.142712592469796],[120.01302651311858,-4.142130212943946],[120.01326905824529,-4.141843502866048],[120.01372719904018,-4.141610550851257],[120.01443686811464,-4.141547832989401],[120.01801216294542,-4.141942059467045],[120.0192698043432,-4.141933099776552],[120.02199169965407,-4.141529913599387],[120.02279120025695,-4.141144646615927],[120.0233032399689,-4.14058914505377],[120.02353680194277,-4.139917166836527],[120.02353680194277,-4.139513979632361],[120.0233661220388,-4.139218308885468],[120.02189288497281,-4.138734483788738],[120.02013218701596,-4.1388061615995015],[120.01741029170506,-4.138671765698999],[120.01662875740789,-4.138385054368352],[120.01633231336415,-4.138062503997291],[120.0160897682374,-4.13761451715288],[120.01606281877889,-4.137166530055079],[120.0139517778612,-4.136449750171609],[120.01370024958165,-4.13703213387633],[120.01156225920545,-4.136207836814565],[120.0114454782185,-4.136530387940876],[120.0103315672662,-4.136163038036637],[120.01014292105654,-4.136566226946805],[120.00969376341449,-4.136404951407359],[120.00952308351052,-4.136843979187776],[120.00700780071496,-4.136306394117092],[120.00553456364901,-4.135804647722017],[120.00316301129894,-4.13560753297988],[119.99756650707887,-4.136476629428944],[119.99501529167198,-4.13652142818914],[119.99428765629183,-4.136736462202823],[119.99428765629183,-4.136028641687651],[119.99887804739369,-4.132579127597628],[120.00170774053868,-4.131512911115238],[120.00521117014674,-4.130509411940225],[120.00675627243541,-4.129487991833642],[120.00852595354513,-4.124371911698357],[120.00813967797295,-4.118512122702728],[120.00826544211273,-4.113046531378594],[120.00903799325708,-4.108467949785474],[120.01511958773055,-4.109480436824747],[120.02102151914724,-4.109856759113443],[120.02236899207341,-4.110116600590082],[120.02382426283368,-4.110788604016285]]]}},{"type":"Feature","id":5,"properties":{"FID":5,"Id":0,"Kecamatan":"Kec. Tanasitolo","Luas_Ha":14781.827,"Luas":14781.827},"geometry":{"type":"Polygon","coordinates":[[[120.04110784890014,-3.9840029938497548],[120.04259006911894,-3.9840119552946454],[120.04255413650759,-3.9842359913851806],[120.04414415456047,-3.984379374451103],[120.04555450955652,-3.984809523498911],[120.0461563807969,-3.9852307108902463],[120.04642587538213,-3.985159019434614],[120.04691096563555,-3.9853113637703643],[120.04711757815092,-3.9859476251028383],[120.04755775264012,-3.9860820464481157],[120.04805182604638,-3.9859297022551403],[120.04950709680666,-3.9861447764017246],[120.05004608597713,-3.9857235894785434],[120.0504054120908,-3.985024597938458],[120.05177085132264,-3.9853382480619777],[120.05270509921814,-3.9859565865265405],[120.05316324001303,-3.9859655479501446],[120.05398070692158,-3.9865570016920917],[120.05454664555057,-3.987211184880782],[120.05633429296597,-3.9885195496962047],[120.05662175385689,-3.988062518387803],[120.05720565879157,-3.988322398966892],[120.05777159742055,-3.988295514772867],[120.05831058659102,-3.988501626904586],[120.05874177792741,-3.989379843234192],[120.0591550029581,-3.9891110016003335],[120.05949636276608,-3.989093078821615],[120.06017908238199,-3.9896486847800756],[120.06018806553485,-3.989424650164615],[120.06046654327291,-3.989424650164615],[120.06056535795416,-3.989612839245707],[120.06106841451329,-3.989621800629446],[120.06125706072294,-3.9894425729360994],[120.06125706072294,-3.989084117432109],[120.06230808960537,-3.9890303490930226],[120.06320640488948,-3.989469457092595],[120.06372742775427,-3.9895232254029445],[120.06371844460142,-3.9889945035316767],[120.06394302342245,-3.988886966838254],[120.06499405230487,-3.9892723065912055],[120.06591033389468,-3.9893529590747643],[120.0662427105498,-3.988582279463795],[120.0669164470129,-3.988904889621468],[120.0672218742095,-3.9893619204613375],[120.06750933510043,-3.989370881847813],[120.06812018949361,-3.988546433882901],[120.07046479238517,-3.9896934916958355],[120.0714529391977,-3.990983929820894],[120.07168650117157,-3.990831586536681],[120.07183023161701,-3.990455208889822],[120.07218057457784,-3.9906433977348117],[120.0723243050233,-3.9910197752954257],[120.07279142897103,-3.9912796549389866],[120.07322262030742,-3.9913065390353504],[120.07348313173982,-3.9923639794607717],[120.07394127253471,-3.993045042064499],[120.07407601982732,-3.993511031941449],[120.07440839648247,-3.9937440267807074],[120.07660926892855,-3.99491796131059],[120.0769685950422,-3.9949806905893417],[120.07790284293769,-3.9949358839621514],[120.07796572500757,-3.9939053308614416],[120.0787562424576,-3.993932214871816],[120.07889997290306,-3.995231607656379],[120.07975337242296,-3.995590060476157],[120.08026541213492,-3.9942010549271076],[120.08088524968095,-3.99384260150048],[120.08158593560258,-3.9937261041031125],[120.08234950359407,-3.993896369524456],[120.0838586732714,-3.995043419863296],[120.08428986460775,-3.995061342512115],[120.08598768049475,-3.994631198832366],[120.08696684415445,-3.994030789568982],[120.08839516545619,-3.9935379159647395],[120.08872754211131,-3.9930360807181198],[120.08941026172725,-3.9932153076271355],[120.09223995487221,-3.99146784359505],[120.09335386582453,-3.9904462475151763],[120.09385692238365,-3.9897203758441178],[120.09405455174615,-3.9896755689298247],[120.09405455174615,-3.990867432017861],[120.09362336040978,-3.992390863521632],[120.09352454572853,-3.9956438283856137],[120.09383895607796,-3.996378656128273],[120.09358742779841,-3.9965847662305425],[120.09352454572853,-3.996871528025786],[120.09390183814786,-3.9984755999683435],[120.09434201263706,-3.999201463894034],[120.09518642900414,-3.9997570630077184],[120.09564456979903,-4.000760724967794],[120.0957254181746,-4.001486586869145],[120.09605779482975,-4.002319983073713],[120.09586914862008,-4.003825470841561],[120.096156609511,-4.004372105595947],[120.0960038959127,-4.006549679763576],[120.09617457581668,-4.0072755365314565],[120.09608474428826,-4.007911780822885],[120.09683932912691,-4.0081537327474575],[120.09776459386956,-4.008834782224822],[120.09836646510993,-4.010824160343551],[120.09930071300542,-4.011738197314953],[120.10009123045542,-4.013109250854526],[120.1000193652327,-4.01388886850741],[120.10032479242932,-4.014776018724176],[120.1002169945952,-4.0151165407735645],[120.09989360109292,-4.015779662251534],[120.09906715103152,-4.01614706716278],[120.09880663959913,-4.01644278319071],[120.09854612816675,-4.017168631168536],[120.099210881477,-4.01741058035098],[120.09910308364289,-4.017786945603261],[120.09954325813213,-4.018315648878636],[120.0993186793111,-4.01925656063964],[120.09960614020201,-4.020206432363772],[120.09983071902303,-4.020555913191328],[120.09999241577417,-4.020555913191328],[120.1000193652327,-4.020331887037055],[120.1011781919492,-4.020878510745316],[120.10174413057821,-4.020959160113863],[120.10276821000211,-4.020779939284029],[120.10339703070099,-4.021066692592847],[120.10377432312033,-4.020546952146337],[120.10451094165329,-4.020672406767217],[120.10613689231756,-4.0197763019088075],[120.10791555658011,-4.019713574531833],[120.10840962998638,-4.0194088986321646],[120.10870607403014,-4.020475263782881],[120.10955049039723,-4.022133055574792],[120.10949659148017,-4.024203050320382],[120.10974811975971,-4.024247855343292],[120.11013439533188,-4.024068635236859],[120.1100265974978,-4.025036423343036],[120.11029609208302,-4.025609926863186],[120.11029609208302,-4.026129664079366],[120.11062846873817,-4.026308883732143],[120.11066440134952,-4.026927191231316],[120.11085304755919,-4.027034722922353],[120.11087101386487,-4.027267708204193],[120.11128423889555,-4.027446927606376],[120.11167051446775,-4.0272856301461895],[120.11189509328877,-4.027402122759531],[120.11183221121888,-4.027724717601753],[120.11139203672965,-4.02810107808937],[120.11112254214441,-4.028737306136812],[120.11132017150692,-4.028773149955665],[120.11149983456374,-4.028289258267894],[120.11198492481718,-4.028414711696065],[120.11200289112286,-4.02870146231638],[120.11249696452911,-4.029257041355603],[120.11304493685245,-4.03028754985908],[120.11381748799677,-4.030332354547001],[120.11390731952518,-4.031407666316457],[120.1134312124246,-4.033074396748118],[120.1153446239798,-4.034445414379405],[120.11646751808493,-4.03568201653272],[120.11662023168323,-4.036452651704909],[120.11710532193665,-4.036936538532238],[120.11768922687133,-4.037913272175393],[120.11793177199804,-4.0388272787401815],[120.11779702470542,-4.039857775103043],[120.11780600785828,-4.040449189815772],[120.11806651929066,-4.041318389444304],[120.11794075515088,-4.042241352978469],[120.11985416670606,-4.044078316108991],[120.11982721724755,-4.0451088057982725],[120.1193870427583,-4.045431393605565],[120.11936907645263,-4.045816706651484],[120.11850669377989,-4.047062252220446],[120.11821923288896,-4.047940405498931],[120.11900975033899,-4.048182345520553],[120.11997993084584,-4.048209227740714],[120.12043807164073,-4.048433246207347],[120.12086926297712,-4.04889024368705],[120.12095909450554,-4.04928451581516],[120.12077943144871,-4.050037216617285],[120.12107587549247,-4.050780956007894],[120.1214531679118,-4.052931523892646],[120.11932416068842,-4.05692798068608],[120.1187492389066,-4.057259524420093],[120.1185965253083,-4.057573146745941],[120.11840787909861,-4.058388564223212],[120.11860550846114,-4.058487131115238],[120.11829109811168,-4.059678893493857],[120.11610819197128,-4.06379180427671],[120.11565005117639,-4.065512231324446],[120.11485953372635,-4.066345561855811],[120.11471580328089,-4.066856312400772],[120.11375460592689,-4.067877812519513],[120.11212865526264,-4.069410060269066],[120.1113830535768,-4.069929769370038],[120.1110955926859,-4.070395715175397],[120.11055660351543,-4.070736213862638],[120.11004456380347,-4.071390329357747],[120.1095684567029,-4.071551618028277],[120.10966727138415,-4.071829392885098],[120.10928997896481,-4.072286377118371],[120.10891268654548,-4.073406435416154],[120.10902048437957,-4.073487079553423],[120.10761911253636,-4.076148331547518],[120.1073226684926,-4.076049766815895],[120.10703520760167,-4.076641155024387],[120.10685554454484,-4.07659635290261],[120.1066489320295,-4.076963730227474],[120.10637045429144,-4.0768651655958195],[120.10565180206413,-4.077017492748737],[120.10437619436068,-4.07925759460457],[120.10385517149591,-4.079042545097384],[120.10345991277087,-4.079750416174754],[120.10311855296291,-4.07966081227539],[120.1031365192686,-4.0798758616170705],[120.10267837847371,-4.0798758616170705],[120.10251668172255,-4.080798781054688],[120.10066615223727,-4.08082566218746],[120.1000193652327,-4.080529969677465],[120.09665966607008,-4.0875190362275164],[120.09648898616611,-4.087465274409518],[120.09563558664618,-4.088298582183356],[120.09532117629675,-4.088128336579535],[120.0947821871263,-4.088710755600763],[120.0943060800257,-4.088692835021805],[120.09364132671546,-4.089400697585986],[120.09206927496824,-4.090278804708093],[120.09097333032162,-4.089974155407393],[120.09046129060968,-4.090001036232703],[120.09000314981476,-4.090027917057109],[120.08964382370112,-4.090386327963035],[120.08908686822498,-4.092097737827956],[120.08917669975338,-4.093710581473785],[120.0890060198494,-4.094230274845313],[120.08649073705385,-4.098746216829658],[120.08493665161234,-4.101998754483578],[120.08443359505324,-4.103575737671197],[120.08433478037196,-4.1046330314737505],[120.08464919072142,-4.105896406130534],[120.08458630865154,-4.107312100178503],[120.0842539319964,-4.108226027913289],[120.08348138085206,-4.109605877607378],[120.08306815582137,-4.112930051155291],[120.08300527375147,-4.1136378922495975],[120.08334663355946,-4.1157255718137975],[120.08329273464241,-4.1172218881340825],[120.07931319793374,-4.116433410423621],[120.07635774064899,-4.115358212287248],[120.07684283090242,-4.114722052706295],[120.07676198252685,-4.114587652729806],[120.07524382969667,-4.114121732635734],[120.0738334747006,-4.113467652043847],[120.07229735556477,-4.113127171523213],[120.07187514738122,-4.112885251064872],[120.07011444942437,-4.112634370511972],[120.06884782487376,-4.112150529222617],[120.06851544821862,-4.112939011173073],[120.06761713293452,-4.112446210045463],[120.06733865519642,-4.112849410990723],[120.06693441331858,-4.113145091554243],[120.06684458179016,-4.113064451411437],[120.06626067685548,-4.113664772278759],[120.06596423281172,-4.1135214121127515],[120.06489523762362,-4.1151521324786415],[120.06394302342245,-4.114578692730568],[120.06265843256617,-4.114336772713019],[120.06244283689797,-4.1135214121127515],[120.06221825807695,-4.113252611731953],[120.06077197046953,-4.113082371443877],[120.05990060464393,-4.114318852708796],[120.05820278875693,-4.113467652043847],[120.05387290908749,-4.111836928230019],[120.05294764434484,-4.111362046492051],[120.05177085132264,-4.111514367080334],[120.0495160799595,-4.111120125497893],[120.04928251798565,-4.111281406168822],[120.04832132063163,-4.110931964673899],[120.04789911244808,-4.110985724913858],[120.04649774060486,-4.112320769709775],[120.04593180197588,-4.112258049534527],[120.0447819584122,-4.1117114877984315],[120.04425195239456,-4.111774208016694],[120.0439555083508,-4.112159489249162],[120.04316499090078,-4.112491010160567],[120.04215887778255,-4.1125895704049285],[120.0409012363848,-4.1122490895090875],[120.04060479234104,-4.113557252156672],[120.03920342049781,-4.113485572067218],[120.0387003639387,-4.1137722923863365],[120.03793679594722,-4.113906692500398],[120.03737984047105,-4.114336772713019],[120.03661627247953,-4.114605572727982],[120.03540354684597,-4.114713092708567],[120.0354304963045,-4.113942532526984],[120.03464896200734,-4.1135482921458415],[120.0311724818578,-4.11251789022842],[120.03051671170037,-4.112992771277647],[120.03002263829411,-4.11292109113741],[120.02874703059065,-4.112499970183286],[120.02631259617068,-4.111344126420927],[120.02613293311387,-4.1114516468416245],[120.02396799327914,-4.110851324307164],[120.02236899207341,-4.110116600590082],[120.01908115813353,-4.109641717827362],[120.01511958773055,-4.109480436824747],[120.00903799325708,-4.108467949785474],[120.00966681395597,-4.106048727762591],[120.00835527364113,-4.10375494010914],[120.0099812243054,-4.1001708837121065],[120.01242464187821,-4.096255283728909],[120.01274803538048,-4.0931640070466315],[120.0114454782185,-4.089741188216941],[120.00965783080314,-4.086479640440734],[120.00884036389458,-4.082895506708567],[120.00835527364113,-4.079311356972371],[120.00705271647917,-4.077187740709014],[120.00884036389458,-4.075073079276772],[120.00965783080314,-4.0727881634285525],[120.00884036389458,-4.06904267949535],[120.00672033982404,-4.066273877542896],[119.99555428084244,-4.0652882175938245],[119.98752334220241,-4.063325854652939],[119.98103750585106,-4.060825851114155],[119.97668965987594,-4.058388564223212],[119.9766357609589,-4.0560946404295075],[119.9764650810549,-4.055781017529698],[119.9774891604788,-4.053944080958157],[119.9782527284703,-4.051461969790028],[119.97959121824364,-4.048926086615724],[119.97919595951863,-4.048737911222482],[119.98107343846243,-4.044158963175418],[119.98181904014825,-4.043003021123145],[119.98233107986022,-4.041255663729102],[119.98181005699541,-4.041049564916422],[119.98085784279424,-4.040323738246071],[119.97734543003334,-4.037411464211943],[119.97316826396217,-4.03293998313034],[119.97408454555197,-4.0309775417793325],[119.97706695229526,-4.0266852448745345],[119.97911511114306,-4.022392925333715],[119.98230413040169,-4.022796171347264],[119.98530450345064,-4.023835649039537],[119.98690350465638,-4.015851351027693],[119.98741554436832,-4.013987440801319],[119.98843962379222,-4.014283157611651],[119.98895166350415,-4.012087681769068],[119.98868216891893,-4.012033914939706],[119.98945472006328,-4.010161034841991],[119.98933793907634,-4.0100624620863625],[119.98994879346954,-4.008082043295787],[119.98970624834283,-4.007947625556969],[119.99016438913772,-4.007042545540359],[119.98970624834283,-4.0069081276306875],[119.99051473209853,-4.005814861144979],[119.9908560919065,-4.004999390929813],[119.99091897397638,-4.004587174907435],[119.99053269840422,-4.004416911707168],[119.99159271043948,-4.001871920703546],[119.99532071886857,-3.997651161149643],[120.00167180792731,-3.991476804958549],[120.00386369722057,-3.989039310483114],[120.00578609192856,-3.98499771363659],[120.0192698043432,-3.9883672059549804],[120.02459681397804,-3.988546433882901],[120.02680666957697,-3.988869044054648],[120.02998670568276,-3.9874800271361566],[120.03234927487999,-3.9858490494356684],[120.03352606790219,-3.9847557548802373],[120.03444234949197,-3.9842091070575374],[120.03503523757949,-3.98428976003783],[120.03672407031362,-3.985356170922567],[120.03835900413074,-3.9842539142697886],[120.03877222916142,-3.9836983046653955],[120.03907765635805,-3.9835818058297923],[120.04110784890014,-3.9840029938497548]]]}},{"type":"Feature","id":6,"properties":{"FID":6,"Id":0,"Kecamatan":"Kec. Majauleng","Luas_Ha":23358.971,"Luas":23358.971},"geometry":{"type":"Polygon","coordinates":[[[120.10168124850833,-3.9486314125218587],[120.10294787305894,-3.9487479162846926],[120.10402585139988,-3.948658298007041],[120.10461873948739,-3.9483356721273806],[120.10525654333912,-3.946785273790103],[120.10566078521697,-3.9463371812458883],[120.10618180808177,-3.9460414400342723],[120.10824793323522,-3.945718813137871],[120.10996371542791,-3.946623960502037],[120.11194899220581,-3.946740464546561],[120.1129281558655,-3.9463551049522994],[120.11295510532403,-3.946722540848467],[120.11317070099221,-3.9469017778119957],[120.11309883576949,-3.947072052891514],[120.11199390797002,-3.9479413514375175],[120.11182322806604,-3.9483177484637233],[120.11170644707911,-3.9505850888438907],[120.11247899822344,-3.9526731873494683],[120.11233526777798,-3.9532915502755825],[120.11162559870351,-3.953676906648452],[120.11184119437172,-3.9542952688259145],[120.11237120038935,-3.954976362864297],[120.11238018354219,-3.9558366913758243],[120.11255086344616,-3.9563833579867094],[120.11199390797002,-3.957216799830367],[120.11189509328877,-3.9579337383797206],[120.11125728943703,-3.9592600730596303],[120.11297307162971,-3.9599053161896434],[120.1131437515337,-3.9604699035157807],[120.11423969618032,-3.9620381996228],[120.11405104997066,-3.9627461723199997],[120.11341324611892,-3.9634989527510016],[120.11317968414505,-3.964269655815658],[120.11276645911434,-3.964870086775133],[120.11251493083479,-3.9660351008255406],[120.1153266576741,-3.9656139036276126],[120.11609920881843,-3.9658289830746516],[120.11642260232074,-3.9657304050017053],[120.11784194046963,-3.9658469063593778],[120.11830906441736,-3.9665369525257805],[120.11971043626062,-3.967119458581343],[120.1221718201391,-3.969055168061761],[120.12366302351073,-3.9696018259360613],[120.12438167573804,-3.9689297055477466],[120.12607050847217,-3.9682396613799624],[120.12803781894439,-3.968060429034269],[120.12822646515406,-3.9678722350294335],[120.12881037008874,-3.9677915804428054],[120.1296098706916,-3.96803354417906],[120.13021174193196,-3.967549616635676],[120.13213413663999,-3.9678095036849594],[120.13374212099855,-3.967397269017049],[120.13481111618665,-3.967370384140257],[120.13485603195086,-3.9680514674159633],[120.13535010535712,-3.967943927988712],[120.13542197057984,-3.968114198742061],[120.1359340102918,-3.968176930063394],[120.13736233159355,-3.967621309622955],[120.1380899669737,-3.96783638854746],[120.13835946155892,-3.9680693906524773],[120.13847624254585,-3.9685533178913373],[120.13904218117486,-3.968463701757386],[120.13967998502658,-3.968669818850938],[120.13985066493055,-3.9683292775382255],[120.14098254218854,-3.9690910144908353],[120.14122508731528,-3.9695659795291625],[120.14217730151643,-3.9700588674875994],[120.14225814989199,-3.9698079427455277],[120.14241984664315,-3.96982586594392],[120.14295883581362,-3.9705696783340105],[120.14325527985737,-3.9707399485459067],[120.14357867335967,-3.9705338319691363],[120.14403681415456,-3.971098412035085],[120.14512377564834,-3.969386747471323],[120.14569869743016,-3.9698079427455277],[120.14504292727277,-3.971223874219518],[120.14453088756082,-3.971725722766518],[120.14553700067903,-3.972146916847192],[120.14551903437335,-3.9724336871620745],[120.14720786710751,-3.973141650950152],[120.14794448564047,-3.973114766260435],[120.1483397443655,-3.973544921190737],[120.1497590825144,-3.9733298437536257],[120.1503429874491,-3.9735718058664324],[120.1506933304099,-3.9739123450160623],[120.15164554461106,-3.974261845576057],[120.15215758432299,-3.9734194593592362],[120.15183419082072,-3.9729803427987167],[120.15247199467242,-3.9720124932277816],[120.15250792728379,-3.9713045284708666],[120.15282233763325,-3.9706951405988127],[120.1525258935895,-3.9697989811461865],[120.1537476023759,-3.9685981259546677],[120.15478066495261,-3.968589164342196],[120.15605627265609,-3.9692344001915716],[120.15675695857769,-3.969225438586006],[120.15734984666521,-3.968418893686763],[120.15798765051693,-3.968114198742061],[120.15817629672658,-3.966608645600934],[120.15979326423802,-3.9670656888088036],[120.15979326423802,-3.967988736085102],[120.15996394414199,-3.9680514674159633],[120.16161684426478,-3.9680245825604636],[120.16224566496366,-3.968320315922835],[120.16316194655347,-3.968212776530588],[120.16351228951426,-3.9679170431297117],[120.16379975040518,-3.967881196649683],[120.1646082341609,-3.967038803921222],[120.16522807170695,-3.966931264362145],[120.16597367339274,-3.967182189978217],[120.16620723536664,-3.967074650437804],[120.16642283103482,-3.966886456208399],[120.16631503320073,-3.9667520317325793],[120.16649469625754,-3.9654167474186566],[120.16668334246721,-3.965067243114478],[120.16719538217914,-3.9651120513668636],[120.16792301755929,-3.9646460454233448],[120.16871353500933,-3.9649148950382043],[120.16882133284342,-3.9641890008774316],[120.16951303561217,-3.963642339422073],[120.16996219325425,-3.9643055024523437],[120.17042931720198,-3.9643055024523437],[120.17110305366508,-3.964565390521838],[120.17118390204065,-3.964171077556757],[120.17175882382247,-3.9640993842701735],[120.17199238579637,-3.963221141005051],[120.17232476245148,-3.9631225626211513],[120.17322307773561,-3.9632301026757317],[120.17387884789301,-3.9637140327482845],[120.17471428110724,-3.9640187293153377],[120.1749478430811,-3.963803649397309],[120.17563056269705,-3.9641979625376234],[120.17609768664478,-3.9637588410740108],[120.1781727949511,-3.9665100676209937],[120.17892737978977,-3.967038803921222],[120.18017603803469,-3.967621309622955],[120.18168520771201,-3.967182189978217],[120.1848023617479,-3.966850609683652],[120.18712001518094,-3.967442077143091],[120.19001259039581,-3.9685085098255777],[120.19257278895554,-3.9690910144908353],[120.19312974443169,-3.9676123479998853],[120.19351602000387,-3.967137381838079],[120.19325550857145,-3.9661874486953304],[120.19364178414365,-3.9655063638831027],[120.19423467223115,-3.965067243114478],[120.19477366140164,-3.9653271309444946],[120.19517790327949,-3.965309207648496],[120.19575282506133,-3.964529543896421],[120.19624689846758,-3.9642517324967317],[120.19680385394375,-3.964368234062806],[120.19704639907046,-3.9648342401629275],[120.1974506409483,-3.9649507416469114],[120.19819624263413,-3.964117307592403],[120.19866336658187,-3.9640545759629027],[120.1991035410711,-3.9642517324967317],[120.19946286718474,-3.965273361055334],[120.19938201880916,-3.965497402237096],[120.19848370352504,-3.965927561135839],[120.19846573721937,-3.9663039499885713],[120.1989328611671,-3.9664921443506502],[120.19982219329837,-3.966483182715332],[120.2009630537092,-3.9667609933649812],[120.20127746405865,-3.967397269017049],[120.20282256634735,-3.9690103600232303],[120.20428682026045,-3.9710356809357163],[120.20463716322125,-3.971089450449753],[120.20514021978038,-3.9708474876090056],[120.20696379980711,-3.968741511740985],[120.20929941954586,-3.968866974283592],[120.20966772881233,-3.9692792082179458],[120.2097934929521,-3.9697004035470087],[120.20980247610495,-3.9699602899194524],[120.20951501521404,-3.97047110082686],[120.20900297550207,-3.9708922955478294],[120.20872449776401,-3.970901257135302],[120.20855381786002,-3.9706055246973295],[120.20870653145832,-3.9701395218527833],[120.20862568308276,-3.9698975587335945],[120.20807771075943,-3.96982586594392],[120.20748482267192,-3.970551755151768],[120.20734109222647,-3.971250758970843],[120.20782618247988,-3.9723440714493803],[120.20850890209582,-3.9728279961822883],[120.2089850091964,-3.972792149915511],[120.20974857718791,-3.9724336871620745],[120.21017078537143,-3.9720304163783013],[120.21044926310952,-3.9720483395284334],[120.21044027995669,-3.9722454941541745],[120.20984739186916,-3.9729265734078956],[120.20927247008733,-3.9731595740761416],[120.20927247008733,-3.973482190277372],[120.20947908260267,-3.9736614214457564],[120.21026960005268,-3.973482190277372],[120.21167995504877,-3.9724605718739827],[120.212910646988,-3.9722634172996334],[120.21450964819373,-3.9707399485459067],[120.2154169466307,-3.970327715340901],[120.21582118850854,-3.9703456385280074],[120.216135598858,-3.970551755151768],[120.21635119452618,-3.971116335205456],[120.21639611029039,-3.9724874565850175],[120.21689916684949,-3.973025150621724],[120.2173123918802,-3.9729893043635127],[120.21802206095464,-3.972541226004459],[120.21823765662282,-3.9707041021884257],[120.21887546047455,-3.969655595543491],[120.21930665181092,-3.9693777858674104],[120.22011513556664,-3.969718326747734],[120.22044751222175,-3.9701574450439754],[120.22031276492915,-3.972066262678173],[120.220717006807,-3.973795844796485],[120.22041157961038,-3.975005653967091],[120.22112124868485,-3.975749461687142],[120.22305262654572,-3.976412614992138],[120.22279211511331,-3.977057844722725],[120.22317839068549,-3.97793607326648],[120.2234209358122,-3.9779450347774077],[120.22339398635368,-3.978930800384399],[120.225864353385,-3.9795132976885905],[120.22528044845033,-3.9813235174502872],[120.22570265663387,-3.9815654772158995],[120.2251636674634,-3.9835101142304508],[120.22574757239806,-3.9839402637327876],[120.22774183232882,-3.9849260221606477],[120.22817302366519,-3.9840029938497548],[120.22832573726349,-3.98319646340989],[120.22871201283567,-3.9832950393949496],[120.22886472643397,-3.982855928097911],[120.22915218732489,-3.9818612057217293],[120.22923303570045,-3.9809650584075507],[120.22934981668739,-3.980893366580274],[120.22940371560443,-3.9800689101179283],[120.23032898034708,-3.9801585249907796],[120.23120932932552,-3.979997218212626],[120.2312272956312,-3.9795132976885905],[120.23159560489768,-3.9793430292884358],[120.23199984677555,-3.9781421879931673],[120.23292511151817,-3.9776761894071657],[120.23322155556195,-3.9777568430274486],[120.23350003330003,-3.978169072518934],[120.2337785110381,-3.9812876715530376],[120.2334281680773,-3.9821479726562172],[120.23287121260113,-3.9824257780287224],[120.23232324027784,-3.9829724270362883],[120.2322513750551,-3.9836624588715828],[120.23250290333465,-3.9840029938497548],[120.23313172403354,-3.984038839628732],[120.23374257842673,-3.983286077942249],[120.23399410670628,-3.9820852423978357],[120.23446123065403,-3.9818970515940046],[120.23473072523927,-3.9819956277347104],[120.23482953992051,-3.9823899321794753],[120.2346947926279,-3.9827663135187046],[120.23399410670628,-3.9834025768197283],[120.23374257842673,-3.984020916739438],[120.23390427517786,-3.985096289405808],[120.23422766868015,-3.985257595184498],[120.23467682632221,-3.9852217494586344],[120.23517089972847,-3.9849170607257145],[120.23597938348419,-3.9849170607257145],[120.23662617048876,-3.984370413010215],[120.23700346290809,-3.9832502321304766],[120.23752448577287,-3.9828738510125805],[120.23792872765074,-3.98283800518285],[120.23937501525816,-3.982954504123766],[120.24057875773889,-3.9832323092240047],[120.24087520178263,-3.983429461173726],[120.24106384799232,-3.9837341504576482],[120.24090215124116,-3.984280798595965],[120.2402733305423,-3.984872253549589],[120.24022841477809,-3.985159019434614],[120.24098299961672,-3.9857683966082846],[120.24146808987017,-3.9857235894785434],[120.24185436544232,-3.9853024023396304],[120.2416297866213,-3.984307682921266],[120.24222267470883,-3.983725189009731],[120.24261793343383,-3.9836176516271196],[120.24365997916343,-3.983787919143097],[120.2450523678538,-3.983761034800812],[120.2456811885527,-3.9835101142304508],[120.24620221141747,-3.9827573520602466],[120.24617526195895,-3.9809471354513173],[120.24663340275384,-3.979835911402876],[120.24748680227376,-3.979405759755746],[120.24830426918231,-3.9785813018041587],[120.24941818013463,-3.978222841567835],[120.2499392029994,-3.9783841486934826],[120.25031649541874,-3.978921838884194],[120.24962479264997,-3.980463215485524],[120.24962479264997,-3.980848559185056],[120.2498942872352,-3.981135326472313],[120.25113396232727,-3.9809381739730534],[120.25132260853697,-3.9806603680985133],[120.25138549060685,-3.9798807188531984],[120.25174481672049,-3.9796118741146964],[120.25282279506143,-3.9800868330932793],[120.25354144728874,-3.980633483654067],[120.25431399843306,-3.980516984384656],[120.25440382996148,-3.986655577274384],[120.25468230769957,-3.9866466158583007],[120.25513146534162,-3.986332966233837],[120.25629927521098,-3.9866466158583007],[120.25841031612866,-3.9868706512310843],[120.25875167593662,-3.9864584260979807],[120.25894032214627,-3.9847288705695814],[120.25920981673154,-3.9845854875645808],[120.26076390217305,-3.9846123718799227],[120.26098848099407,-3.9859028179828626],[120.26125797557931,-3.98951426401813],[120.26126695873215,-3.990777818311975],[120.26112322828669,-3.990948084344798],[120.26106034621681,-3.991512650411565],[120.26129390819067,-3.991889027573762],[120.26160831854013,-3.9958409773568007],[120.26142865548329,-3.9960381262806015],[120.26150052070604,-3.996306965645777],[120.26097949784123,-3.9968356828068647],[120.26042254236509,-3.9979199999859736],[120.25987457004177,-3.9985831354053056],[120.25900320421617,-3.9986906708281573],[120.25865286125537,-3.998941586759948],[120.25809590577923,-3.9998377144606514],[120.25764674813715,-4.000151358924375],[120.25775454597124,-4.000581499707955],[120.25757488291443,-4.001146059143668],[120.25795217533374,-4.002544014166862],[120.25761081552578,-4.004076385200376],[120.25733233778772,-4.004381066818388],[120.25731437148204,-4.005223421289668],[120.257089792661,-4.005537063690423],[120.25758386606726,-4.00614642572533],[120.25757488291443,-4.00652279616721],[120.25775454597124,-4.006728903716766],[120.25773657966556,-4.008449451669154],[120.25797912479227,-4.008664519908666],[120.25809590577923,-4.0090767338762605],[120.25786234380533,-4.010098306726148],[120.25758386606726,-4.010644937288085],[120.25743115246897,-4.011953264689026],[120.2571975904951,-4.012311710186656],[120.25729640517635,-4.0129927561988],[120.25653283718484,-4.0158603121242695],[120.2565867361019,-4.016783304544664],[120.25611961215415,-4.017652529461666],[120.25619147737689,-4.018136427467751],[120.25649690457348,-4.018342532086872],[120.2567663991587,-4.019274482757885],[120.25589503333313,-4.019659808204869],[120.25602978062575,-4.0202422765581085],[120.25514044849446,-4.021604354774954],[120.25583215126325,-4.023073962929379],[120.25488892021491,-4.024839281414691],[120.25479010553366,-4.025367980114887],[120.25501468435469,-4.0256816147748005],[120.25468230769957,-4.025914600443949],[120.2540175543893,-4.026066937191571],[120.25366721142852,-4.026443298445831],[120.25335280107906,-4.026290961768642],[120.25310127279951,-4.026371610601293],[120.25302940757678,-4.026577713137323],[120.25322703693928,-4.027061605842893],[120.25292160974269,-4.027204981404107],[120.25283177821427,-4.027420044698564],[120.25299347496541,-4.0278770540105695],[120.25235567111368,-4.028002507502297],[120.25214905859833,-4.0285580870188555],[120.25150227159378,-4.028979251883423],[120.25114294548011,-4.030475729531761],[120.25135854114833,-4.030771440357986],[120.25134955799548,-4.031255330568918],[120.25104413079887,-4.031613767576517],[120.25013683236193,-4.031864673387802],[120.24990327038803,-4.032097657286078],[120.2494361464403,-4.0321335009568084],[120.24931038230054,-4.032303758371192],[120.24946309589883,-4.032608429444761],[120.24919360131359,-4.032966865855674],[120.24880732574141,-4.033370106628974],[120.24839410071073,-4.033280497585533],[120.24765748217774,-4.033979447862291],[120.24728917291125,-4.034624632199437],[120.24721730768853,-4.035278776906988],[120.24655255437827,-4.0353504639661955],[120.24662441960099,-4.036407847354458],[120.24652560491974,-4.036533299529491],[120.24566322224702,-4.036730438622523],[120.24499846893676,-4.03787742875972],[120.24453134498901,-4.038235862845212],[120.24394744005433,-4.038594296772405],[120.24234843884861,-4.039069221482074],[120.24197114642926,-4.039544145913768],[120.24030028000081,-4.038979613067562],[120.23790177819221,-4.037429385930267],[120.23740770478594,-4.0379222330290645],[120.2368327830041,-4.0376982116576166],[120.23623989491658,-4.03797599814901],[120.23599734978987,-4.037823663633244],[120.23597040033135,-4.03756379880507],[120.2346947926279,-4.037689250801472],[120.23455106218245,-4.038200019443787],[120.23494632090745,-4.038504688305448],[120.23450614641824,-4.0391588298866905],[120.23356291536992,-4.040019070067457],[120.23330240393753,-4.040691132073971],[120.2326466337801,-4.040341659900075],[120.23196391416417,-4.040592563014528],[120.23208967830396,-4.041175016373856],[120.23164950381474,-4.041049564916422],[120.23146984075791,-4.04164993957263],[120.23201781308124,-4.041694743633628],[120.2320537456926,-4.042339921837501],[120.23257476855738,-4.042725236353282],[120.23268256639147,-4.04297613873022],[120.23239510550056,-4.043406256910011],[120.23210764460964,-4.043209119439272],[120.23199984677555,-4.043648198285842],[120.23226934136078,-4.044167923960082],[120.23207171199829,-4.044490512141963],[120.23182018371871,-4.044678688522089],[120.23072423907209,-4.044463629798377],[120.23072423907209,-4.044947511846461],[120.23090390212893,-4.045162570441741],[120.23048169394538,-4.045807745885055],[120.23053559286242,-4.046076568834783],[120.23034694665276,-4.046336430934715],[120.23085898636472,-4.046676939767047],[120.23060745808515,-4.047133938238061],[120.23044576133401,-4.047124977486207],[120.22992473846924,-4.046596292951275],[120.23011338467889,-4.046237862561797],[120.22994270477491,-4.046022804251976],[120.22840658563905,-4.045852549716206],[120.22781369755155,-4.046479803092092],[120.22767895025893,-4.04693680167435],[120.22680758443333,-4.046730704306434],[120.22678961812765,-4.046587332193471],[120.2265380898481,-4.046515646127472],[120.22636740994412,-4.046811351108822],[120.22484925711395,-4.046354352455776],[120.22501095386508,-4.045664373608722],[120.2245977288344,-4.045225295854611],[120.2238161945372,-4.045350746665784],[120.2234658515764,-4.045162570441741],[120.22305262654572,-4.045198413535405],[120.22198363135762,-4.044732453194099],[120.22187583352353,-4.045296982034803],[120.22007021980244,-4.045386589751123],[120.2192347865882,-4.046228901800028],[120.21843528598535,-4.045915275075653],[120.21768968429951,-4.046963683935864],[120.21719561089324,-4.046838233374499],[120.21661170595857,-4.046336430934715],[120.21608169994096,-4.047053291467798],[120.21582118850854,-4.047124977486207],[120.21575830643866,-4.047528211221507],[120.21500372160001,-4.047402760747598],[120.21479710908464,-4.04757301495748],[120.21452761449942,-4.047447564490511],[120.2142401536085,-4.048021052180839],[120.21410540631588,-4.0479672877271256],[120.21396167587044,-4.04820026700076],[120.21367421497949,-4.048128581077552],[120.21344065300563,-4.048549735785497],[120.21239860727604,-4.0484242854698715],[120.21047621256805,-4.047626779437373],[120.2095509478254,-4.049472691081321],[120.20910179018333,-4.049714630644955],[120.20831127273333,-4.050709270313269],[120.20795194661966,-4.050610702472789],[120.20810466021796,-4.049571259060421],[120.2076555025759,-4.049535416160319],[120.20755668789465,-4.050225391708425],[120.20720634493385,-4.05098705234456],[120.20720634493385,-4.052008572542515],[120.20733210907362,-4.052178825783417],[120.2071075302526,-4.052707506671458],[120.20568819210368,-4.052662703219773],[120.20533784914288,-4.0514978126047865],[120.20440360124738,-4.051614301741781],[120.2039005446883,-4.052035454635566],[120.20361308379738,-4.051999611844631],[120.20324477453087,-4.052384921763926],[120.20280460004166,-4.051847279965442],[120.20205899835584,-4.0520802581219995],[120.20179848692345,-4.0525193321577015],[120.20216679618993,-4.053263069266112],[120.20155594179674,-4.0536842213012445],[120.20170865539504,-4.055082086057948],[120.20120559883591,-4.0558975060495515],[120.20171763854788,-4.0563365780119],[120.20169068908935,-4.05658747616897],[120.20223866141265,-4.05661435810975],[120.20242730762232,-4.056766689090602],[120.20258002122064,-4.057447697830214],[120.20238239185811,-4.057716516911485],[120.20197814998026,-4.057877808317303],[120.20210391412004,-4.058245194176972],[120.20201408259163,-4.058576737370275],[120.20155594179674,-4.058675304239333],[120.20132237982284,-4.059203980877114],[120.2006127107484,-4.059687854106581],[120.20001083950804,-4.060494308844506],[120.19991202482679,-4.060924417708598],[120.1996515133944,-4.06121115682398],[120.19948981664326,-4.061103629667651],[120.19868133288755,-4.062456678673848],[120.19831302362107,-4.062429796927605],[120.19727097789148,-4.063039116289132],[120.19666910665111,-4.062600047972012],[120.19589655550679,-4.062743417244695],[120.19577977451985,-4.062877825914695],[120.19545638101755,-4.062788220137184],[120.19508807175107,-4.063307933508188],[120.19440535213513,-4.06298535283457],[120.19339923901694,-4.063764922574964],[120.19304889605611,-4.0638455676775145],[120.19235719328736,-4.06362155348385],[120.19107260243105,-4.0635409083589],[120.19056056271911,-4.06386348881032],[120.1901203882299,-4.063818685977561],[120.18915919087588,-4.064463846529138],[120.18809917884063,-4.06359467177643],[120.18786561686676,-4.063809725410709],[120.18749730760025,-4.063666356327561],[120.18667085753889,-4.063720119736729],[120.18598813792293,-4.063917252206345],[120.18616780097976,-4.06457137323755],[120.18564677811499,-4.065297178144245],[120.18568271072634,-4.066166351061569],[120.18499100795756,-4.0658079293535465],[120.18475744598369,-4.065888574251746],[120.1837333665598,-4.06548534968006],[120.18270030398305,-4.065610797346198],[120.18267335452454,-4.064723702716586],[120.1825116577734,-4.064660978816939],[120.18265538821886,-4.06414126631787],[120.18256555669045,-4.063827646544312],[120.18221521372965,-4.063872449376573],[120.1819277528387,-4.064463846529138],[120.18176605608757,-4.064419043729735],[120.17946636896022,-4.063101840314925],[120.17916992491648,-4.063209367204936],[120.17910704284658,-4.063558829498474],[120.17830754224372,-4.0633885786564345],[120.17722058074993,-4.062895747069003],[120.17561259639136,-4.0617846347490785],[120.1746424158845,-4.062895747069003],[120.17448071913337,-4.063343775797293],[120.17385189843448,-4.063666356327561],[120.17400461203277,-4.064822268834746],[120.1733308755697,-4.0659154558826875],[120.17172289121112,-4.0664262067002195],[120.17147136293157,-4.067080325695562],[120.17113898627645,-4.067349141567105],[120.17129169987474,-4.067976378251934],[120.1708874579969,-4.06882762725737],[120.17099525583099,-4.069392139259602],[120.1719115374208,-4.0711215148350455],[120.17209120047762,-4.0720175628949296],[120.17182170589238,-4.072375981839565],[120.1710850873594,-4.072313258535777],[120.1707347443986,-4.072617914536954],[120.17100423898383,-4.0733795540352675],[120.17090542430257,-4.073836537388178],[120.1706089802588,-4.074194955522545],[120.17141746401452,-4.075583824284655],[120.17199238579637,-4.0759870437985715],[120.17238764452136,-4.076918928123674],[120.17148932923725,-4.078531802287131],[120.17185763850375,-4.079383040123846],[120.17174984066963,-4.080055069357829],[120.17100423898383,-4.080305960127717],[120.17069881178723,-4.080664375377323],[120.1707347443986,-4.082115955502356],[120.17165102598838,-4.083182237996273],[120.17147136293157,-4.083379365697153],[120.17111203681792,-4.083388326046044],[120.17066287917585,-4.083684017503277],[120.17067186232869,-4.084373963813121],[120.17116593573498,-4.08470549624449],[120.17094135691394,-4.085467124284165],[120.17130068302758,-4.0859420214017135],[120.17127373356907,-4.086139148424533],[120.17059101395311,-4.086578203892128],[120.1703664351321,-4.087026219427606],[120.17031253621505,-4.0885315497931485],[120.17006999108834,-4.089642625154437],[120.17030355306221,-4.09009959925112],[120.17133661563895,-4.090493851203549],[120.1715881439185,-4.091201712176705],[120.17209120047762,-4.0913898776466135],[120.17224391407592,-4.091730367432183],[120.17252239181398,-4.091766208453822],[120.17279188639921,-4.0914077981652515],[120.17301646522027,-4.09171244692076],[120.17258527388387,-4.092563670770437],[120.17250442550831,-4.0933073708669045],[120.1719115374208,-4.093495535842052],[120.17176780697531,-4.093827064500188],[120.17185763850375,-4.094042110042863],[120.17148932923725,-4.094543882751101],[120.17187560480943,-4.09510837667186],[120.17180373958668,-4.096174641880193],[120.17153424500145,-4.096335925569497],[120.17142644716736,-4.096882497830335],[120.17072576124576,-4.097142343528285],[120.16999812586562,-4.096918338621277],[120.16977354704458,-4.096972099804681],[120.16946811984798,-4.097375308565025],[120.16928845679115,-4.098136924557741],[120.16884828230194,-4.09839676984813],[120.16866861924512,-4.098862699122895],[120.16834522574283,-4.099023982270133],[120.16792301755929,-4.098773097360374],[120.16775233765532,-4.09914942469549],[120.16732114631895,-4.09942718999588],[120.16728521370759,-4.099821437353307],[120.16703368542801,-4.100206724355652],[120.16676419084278,-4.100224644676824],[120.16664740985584,-4.099830397518262],[120.16653062886891,-4.099830397518262],[120.16592875762855,-4.100556170546004],[120.16558739782059,-4.100717453351557],[120.1651292570257,-4.100717453351557],[120.164940610816,-4.101407384985644],[120.16417704282452,-4.101747870507609],[120.16333262645745,-4.102984369340695],[120.16283855305119,-4.1028947680403],[120.16268583945286,-4.103745979988198],[120.16218278289377,-4.104229826375206],[120.16238939540912,-4.104704712358841],[120.16207498505968,-4.1048032735653335],[120.16140124859658,-4.106496732394266],[120.16141921490227,-4.107070177955822],[120.16164379372331,-4.107625702950585],[120.16150904643067,-4.108889072869435],[120.16131141706818,-4.109202675021559],[120.16140124859658,-4.109677558045737],[120.16169769264036,-4.109632757772518],[120.16181447362729,-4.109785078691193],[120.16164379372331,-4.110107640540574],[120.16167972633468,-4.110752763847853],[120.16244329432617,-4.11090508455256],[120.16290143512107,-4.111191805800113],[120.16306313187222,-4.111577087314108],[120.16730318001326,-4.11393357252049],[120.16620723536664,-4.115940611458013],[120.16678215714846,-4.116334850654901],[120.16644978049335,-4.1169799689196065],[120.16688097182971,-4.117445887341187],[120.1676175903627,-4.117374207601772],[120.1679679333235,-4.1177505261616805],[120.16754572513997,-4.11861964215569],[120.16738402838884,-4.119399157755135],[120.16696182020529,-4.119479797256313],[120.16680910660699,-4.119963634091719],[120.16629706689505,-4.120098033160436],[120.16589282501718,-4.120689388792997],[120.16466213307794,-4.12139722298714],[120.16406026183759,-4.122149856122634],[120.1637189020296,-4.123153365861581],[120.16383568301654,-4.12340424309836],[120.16354822212563,-4.125805492643207],[120.1654167179166,-4.1274630673852615],[120.16550654944501,-4.127884180417183],[120.16512027387286,-4.129219196850236],[120.16455433524385,-4.13007038065202],[120.16493162766317,-4.131826504347086],[120.16462620046657,-4.132641846169599],[120.16461721731373,-4.133949975254174],[120.16416805967168,-4.136852938935863],[120.16369195257109,-4.138178980535328],[120.16194023776707,-4.137659315848724],[120.16202108614263,-4.138394014099006],[120.16179650732161,-4.138940557477194],[120.16044005124257,-4.138394014099006],[120.15917342669196,-4.141270082398577],[120.15821222933798,-4.140678742106297],[120.15751154341635,-4.142201890447187],[120.15783493691863,-4.142354205120011],[120.15711628469136,-4.143949027580089],[120.15574186230663,-4.145723039796328],[120.15467286711852,-4.144603083052339],[120.15309183221848,-4.143778793875303],[120.15250792728379,-4.143698156844454],[120.15070231356273,-4.142846987684107],[120.15012739178088,-4.142076454812256],[120.1486900873263,-4.1409923317102635],[120.14820499707288,-4.140230756742236],[120.14647124857451,-4.1385821684193225],[120.14549208491482,-4.138331295982298],[120.14220425097494,-4.138349215444721],[120.14139576721925,-4.138214819466663],[120.13965303556805,-4.137507000272516],[120.13766775879014,-4.136163038036637],[120.13620350487703,-4.135697130596021],[120.13548485264972,-4.135697130596021],[120.13476620042245,-4.13603760144496],[120.13314024975818,-4.138913678303481],[120.13215210294567,-4.139630455956879],[120.13094836046493,-4.140239716452001],[120.12881935324158,-4.140553306229919],[120.12720238573016,-4.140060522237409],[120.12606152531932,-4.139988844540213],[120.12584592965113,-4.141986857917986],[120.12627712098751,-4.142766350558261],[120.12616034000057,-4.143859430897928],[120.12491168175565,-4.143671277832345],[120.12017756020835,-4.142237729196371],[120.1200787455271,-4.142497560079408],[120.11968348680209,-4.142479640710905],[120.11604530990138,-4.141386558464664],[120.1132784988263,-4.139944045976169],[120.11341324611892,-4.139630455956879],[120.11255086344616,-4.139137671389878],[120.1115357671751,-4.138850960227934],[120.11185916067741,-4.137990826119214],[120.11065541819669,-4.1373636444093265],[120.11128423889555,-4.135786728202031],[120.11210170580411,-4.134675717171509],[120.11125728943703,-4.134129170851096],[120.11115847475578,-4.134326285960922],[120.10897556861536,-4.133618463293084],[120.10864319196025,-4.134639878080076],[120.1073226684926,-4.134415883721911],[120.10737656740964,-4.134075412176274],[120.10690046030905,-4.134075412176274],[120.10685554454484,-4.13438004461873],[120.10630757222154,-4.134326285960922],[120.10628062276302,-4.1338603774405245],[120.10583146512094,-4.1339230959111415],[120.10580451566243,-4.135670251312243],[120.10314550242144,-4.135419377953011],[120.10315448557428,-4.135697130596021],[120.10152853491003,-4.135580653693063],[120.10150158545152,-4.1357329696396405],[120.10032479242932,-4.135643372027553],[120.10024394405372,-4.135741929400293],[120.09833053249857,-4.135589613455436],[120.09710882371216,-4.135168504514357],[120.09682136282123,-4.136279514853982],[120.09540202467232,-4.135858406279544],[120.09535710890812,-4.136198877059182],[120.0931742027677,-4.136010722172729],[120.09250046630463,-4.135840486760774],[120.092536398916,-4.135517935353609],[120.09184469614722,-4.13550001582714],[120.09180876353585,-4.135804647722017],[120.0915123194921,-4.135768808681639],[120.09156621840914,-4.135293941243611],[120.091233841754,-4.135258102180135],[120.09119790914264,-4.135446257245299],[120.08989535198067,-4.134998268921469],[120.08982348675794,-4.135150584979985],[120.08937432911588,-4.135060987302049],[120.08928449758749,-4.135679211073604],[120.08817058663517,-4.135258102180135],[120.0880897382596,-4.135750889160842],[120.08753278278344,-4.135571693930588],[120.08745193440787,-4.135840486760774],[120.08422698253787,-4.134962429844623],[120.08332866725377,-4.134765314892998],[120.08305917266851,-4.134836993062897],[120.08264594763783,-4.134595079213508],[120.07660926892855,-4.1330808760344935],[120.07695961188935,-4.132695604941627],[120.07604333029956,-4.132122177852122],[120.0782352195928,-4.12589509136636],[120.07907963595989,-4.123977676485043],[120.07932218108658,-4.123977676485043],[120.07969947350591,-4.123117526249862],[120.07951082729625,-4.122158816036625],[120.07907065280703,-4.121719780132448],[120.07913353487693,-4.120456430565992],[120.07850471417804,-4.1198023551792815],[120.07861251201213,-4.119202038940067],[120.07933116423943,-4.118377723366096],[120.08022049637071,-4.11666636982845],[120.08329273464241,-4.1172218881340825],[120.08334663355946,-4.1157255718137975],[120.08300527375147,-4.1136378922495975],[120.08306815582137,-4.112930051155291],[120.08348138085206,-4.109605877607378],[120.0842539319964,-4.108226027913289],[120.08458630865154,-4.107312100178503],[120.08464919072142,-4.105896406130534],[120.08433478037196,-4.1046330314737505],[120.08443359505324,-4.103575737671197],[120.08493665161234,-4.101998754483578],[120.08649073705385,-4.098746216829658],[120.0890060198494,-4.094230274845313],[120.08917669975338,-4.093710581473785],[120.08908686822498,-4.092097737827956],[120.08964382370112,-4.090386327963035],[120.09000314981476,-4.090027917057109],[120.09046129060968,-4.090001036232703],[120.09097333032162,-4.089974155407393],[120.09206927496824,-4.090278804708093],[120.09364132671546,-4.089400697585986],[120.0943060800257,-4.088692835021805],[120.0947821871263,-4.088710755600763],[120.09532117629675,-4.088128336579535],[120.09563558664618,-4.088298582183356],[120.09648898616611,-4.087465274409518],[120.09665966607008,-4.0875190362275164],[120.1000193652327,-4.080529969677465],[120.10066615223727,-4.08082566218746],[120.10251668172255,-4.080798781054688],[120.10267837847371,-4.0798758616170705],[120.1031365192686,-4.0798758616170705],[120.10311855296291,-4.07966081227539],[120.10345991277087,-4.079750416174754],[120.10385517149591,-4.079042545097384],[120.10437619436068,-4.07925759460457],[120.10565180206413,-4.077017492748737],[120.10637045429144,-4.0768651655958195],[120.1066489320295,-4.076963730227474],[120.10685554454484,-4.07659635290261],[120.10703520760167,-4.076641155024387],[120.1073226684926,-4.076049766815895],[120.10761911253636,-4.076148331547518],[120.10902048437957,-4.073487079553423],[120.10891268654548,-4.073406435416154],[120.10928997896481,-4.072286377118371],[120.10966727138415,-4.071829392885098],[120.1095684567029,-4.071551618028277],[120.11004456380347,-4.071390329357747],[120.11055660351543,-4.070736213862638],[120.1110955926859,-4.070395715175397],[120.1113830535768,-4.069929769370038],[120.11212865526264,-4.069410060269066],[120.11375460592689,-4.067877812519513],[120.11471580328089,-4.066856312400772],[120.11485953372635,-4.066345561855811],[120.11565005117639,-4.065512231324446],[120.11610819197128,-4.06379180427671],[120.11829109811168,-4.059678893493857],[120.11860550846114,-4.058487131115238],[120.11840787909861,-4.058388564223212],[120.1185965253083,-4.057573146745941],[120.1187492389066,-4.057259524420093],[120.11932416068842,-4.05692798068608],[120.1214531679118,-4.052931523892646],[120.12107587549247,-4.050780956007894],[120.12077943144871,-4.050037216617285],[120.12095909450554,-4.04928451581516],[120.12086926297712,-4.04889024368705],[120.12043807164073,-4.048433246207347],[120.11997993084584,-4.048209227740714],[120.11900975033899,-4.048182345520553],[120.11821923288896,-4.047940405498931],[120.11850669377989,-4.047062252220446],[120.11936907645263,-4.045816706651484],[120.1193870427583,-4.045431393605565],[120.11982721724755,-4.0451088057982725],[120.11985416670606,-4.044078316108991],[120.11794075515088,-4.042241352978469],[120.11806651929066,-4.041318389444304],[120.11780600785828,-4.040449189815772],[120.11779702470542,-4.039857775103043],[120.11793177199804,-4.0388272787401815],[120.11768922687133,-4.037913272175393],[120.11710532193665,-4.036936538532238],[120.11662023168323,-4.036452651704909],[120.11646751808493,-4.03568201653272],[120.1153446239798,-4.034445414379405],[120.1134312124246,-4.033074396748118],[120.11390731952518,-4.031407666316457],[120.11381748799677,-4.030332354547001],[120.11304493685245,-4.03028754985908],[120.11249696452911,-4.029257041355603],[120.11200289112286,-4.02870146231638],[120.11198492481718,-4.028414711696065],[120.11149983456374,-4.028289258267894],[120.11132017150692,-4.028773149955665],[120.11112254214441,-4.028737306136812],[120.11139203672965,-4.02810107808937],[120.11183221121888,-4.027724717601753],[120.11189509328877,-4.027402122759531],[120.11167051446775,-4.0272856301461895],[120.11128423889555,-4.027446927606376],[120.11087101386487,-4.027267708204193],[120.11085304755919,-4.027034722922353],[120.11066440134952,-4.026927191231316],[120.11062846873817,-4.026308883732143],[120.11029609208302,-4.026129664079366],[120.11029609208302,-4.025609926863186],[120.1100265974978,-4.025036423343036],[120.11013439533188,-4.024068635236859],[120.10974811975971,-4.024247855343292],[120.10949659148017,-4.024203050320382],[120.10955049039723,-4.022133055574792],[120.10870607403014,-4.020475263782881],[120.10840962998638,-4.0194088986321646],[120.10791555658011,-4.019713574531833],[120.10613689231756,-4.0197763019088075],[120.10451094165329,-4.020672406767217],[120.10377432312033,-4.020546952146337],[120.10339703070099,-4.021066692592847],[120.10276821000211,-4.020779939284029],[120.1012859897833,-4.020905393869051],[120.1000193652327,-4.020331887037055],[120.09993851685712,-4.020582796325701],[120.09969597173043,-4.020394614366457],[120.0993186793111,-4.01925656063964],[120.09954325813213,-4.018315648878636],[120.09910308364289,-4.017786945603261],[120.099210881477,-4.01741058035098],[120.09854612816675,-4.017168631168536],[120.09880663959913,-4.01644278319071],[120.09906715103152,-4.01614706716278],[120.09989360109292,-4.015779662251534],[120.1002169945952,-4.0151165407735645],[120.10032479242932,-4.014776018724176],[120.1000193652327,-4.01388886850741],[120.10009123045542,-4.013109250854526],[120.09930071300542,-4.011738197314953],[120.09836646510993,-4.010824160343551],[120.09776459386956,-4.008834782224822],[120.09683932912691,-4.0081537327474575],[120.09608474428826,-4.007911780822885],[120.09617457581668,-4.0072755365314565],[120.0960038959127,-4.006549679763576],[120.096156609511,-4.004372105595947],[120.09586914862008,-4.003825470841561],[120.09605779482975,-4.002319983073713],[120.0957254181746,-4.001486586869145],[120.09564456979903,-4.000760724967794],[120.09518642900414,-3.9997570630077184],[120.09434201263706,-3.999201463894034],[120.09390183814786,-3.9984755999683435],[120.09352454572853,-3.996871528025786],[120.09358742779841,-3.9965847662305425],[120.09383895607796,-3.996378656128273],[120.09352454572853,-3.9956438283856137],[120.09362336040978,-3.992390863521632],[120.09405455174615,-3.990867432017861],[120.09405455174615,-3.9896755689298247],[120.09485405234902,-3.9893081521404303],[120.09650695247178,-3.9895949164779365],[120.09791730746785,-3.989424650164615],[120.09881562275197,-3.9887973529163174],[120.09976783695315,-3.988376167352305],[120.09822273466447,-3.9876592552575554],[120.09759391396558,-3.9870498794853515],[120.097117806865,-3.9869513039503404],[120.09633627256781,-3.985633975211735],[120.0956176203405,-3.9851410965697296],[120.09449472623535,-3.9839402637327876],[120.0939108213007,-3.983671420320181],[120.09394675391205,-3.9790831458729676],[120.09365030986831,-3.9769771910340275],[120.09311132069782,-3.9754447694492274],[120.09385692238365,-3.9728638424475085],[120.09444981047115,-3.9727294189449025],[120.09452167569388,-3.9715823374985164],[120.09435997894275,-3.970865410784828],[120.09393777075921,-3.97047110082686],[120.09316521961486,-3.969225438586006],[120.09371319193819,-3.9683113543073505],[120.09388387184217,-3.9667161852020008],[120.09435997894275,-3.9660351008255406],[120.09469235559789,-3.9658289830746516],[120.09473727136209,-3.9654436323590105],[120.09477320397346,-3.9649507416469114],[120.09432404633138,-3.96453850555292],[120.0945486251524,-3.963570646089645],[120.0947193050564,-3.96338245106245],[120.09416234958024,-3.959833622533369],[120.0943959115541,-3.955603685825488],[120.09663271661157,-3.9477173055075654],[120.09720763839341,-3.9471079002722274],[120.09992055055145,-3.945476842883339],[120.10087276475261,-3.9455037284706553],[120.10123209086626,-3.945790508014568],[120.10090869736398,-3.9478965422563634],[120.10111530987932,-3.948496985082885],[120.10168124850833,-3.9486314125218587]]]}},{"type":"Feature","id":7,"properties":{"FID":7,"Id":0,"Kecamatan":"Kec. Penrang","Luas_Ha":14803.626,"Luas":14803.626},"geometry":{"type":"Polygon","coordinates":[[[120.21601881787105,-4.102760366070863],[120.21604576732956,-4.102258598518492],[120.21621644723358,-4.10197187406135],[120.21579423905001,-4.1018374719366415],[120.21570440752161,-4.101281942914662],[120.21615356516368,-4.100018560959104],[120.21595593580116,-4.099669114533714],[120.2159200031898,-4.098791017713681],[120.21554271077048,-4.098513252192275],[120.21558762653467,-4.097787477309953],[120.21518338465683,-4.097500751249011],[120.2152193172682,-4.09703482118075],[120.21490490691873,-4.096801856044844],[120.21442879981817,-4.096721214251222],[120.214042524246,-4.096192562291721],[120.2138898106477,-4.095610148711597],[120.21425811991418,-4.095027734707558],[120.2142850693727,-4.09467828610168],[120.21371014759086,-4.094355718022373],[120.21378201281358,-4.093836024732286],[120.21343166985278,-4.0937464224067925],[120.21257827033287,-4.092474068302551],[120.21266810186128,-4.092169419836751],[120.21223691052491,-4.091434678942457],[120.21224589367775,-4.090054797880616],[120.21137452785214,-4.088961643664108],[120.21090740390441,-4.087913289449347],[120.2103594315811,-4.087268147712683],[120.21041333049816,-4.086201870648904],[120.21102418489134,-4.085010147547128],[120.2100540043845,-4.085054949199523],[120.20956891413108,-4.084920544234831],[120.20943416683846,-4.084687575576026],[120.20812262652363,-4.084454606849576],[120.20783516563272,-4.084087232951198],[120.20786211509125,-4.0838273830190825],[120.2069817661128,-4.083325603601716],[120.20704464818272,-4.0826894185322615],[120.20692786719576,-4.082402687068516],[120.20496953987639,-4.082115955502356],[120.20419698873204,-4.081793382368019],[120.20339748812917,-4.081327443167404],[120.20360410064454,-4.0807629395429235],[120.20263392013769,-4.08017155436788],[120.202050015203,-4.081076552716625],[120.20159187440811,-4.081452888363399],[120.20092712109785,-4.081354324282481],[120.2003252498575,-4.081650016488937],[120.19976829438133,-4.082196598765689],[120.19964253024156,-4.082608775318436],[120.19971439546428,-4.083236000101315],[120.20020846887057,-4.084445646512592],[120.20010965418929,-4.08496534589223],[120.19976829438133,-4.085359600369458],[120.19992100797963,-4.0859061801196335],[120.199786260687,-4.086112267469728],[120.19939998511485,-4.086201870648904],[120.19919337259951,-4.08668572764347],[120.19869031604038,-4.086981417885321],[120.19850166983072,-4.087277108018138],[120.19874421495743,-4.087626559852698],[120.19870828234606,-4.0880118527245095],[120.19838488884379,-4.088432986581884],[120.19830404046822,-4.089400697585986],[120.1979716638131,-4.090009996507606],[120.19758538824092,-4.091945413537964],[120.19728894419717,-4.092384465824641],[120.19662419088691,-4.092778716652454],[120.1962289321619,-4.093396973241539],[120.19525875165505,-4.094122752106471],[120.19522281904368,-4.095224859494841],[120.19559112831017,-4.0956191089237315],[120.19523180219653,-4.096515129630592],[120.19541146525334,-4.096990020198345],[120.19461196465049,-4.097464910484165],[120.1941807733141,-4.098808938066588],[120.1941807733141,-4.099704955199759],[120.19390229557604,-4.099866238177075],[120.19346212108682,-4.099731835698238],[120.19259075526122,-4.100753293970594],[120.19333635694703,-4.101031058713621],[120.1935878852266,-4.101550747328366],[120.19339923901694,-4.102796206598257],[120.19344415478115,-4.103163571911328],[120.19376754828342,-4.103351734567221],[120.19359686837944,-4.106460892032988],[120.1936956830607,-4.107204579199701],[120.19394721134024,-4.107464421540338],[120.19509705490391,-4.107715303719966],[120.19521383589084,-4.107957225747034],[120.19509705490391,-4.1083514688932095],[120.19526773480789,-4.108826352424214],[120.19522281904368,-4.109695478154319],[120.19506112229254,-4.110340601795085],[120.19467484672039,-4.110707963635049],[120.19461196465049,-4.111245566022546],[120.1948545097772,-4.11199820875591],[120.19427958799535,-4.112652290554085],[120.19454908258061,-4.113449732020072],[120.19427958799535,-4.114999812585831],[120.19401009341013,-4.115438852197838],[120.19383941350614,-4.11546573216622],[120.1936956830607,-4.115886851552403],[120.19303991290327,-4.1157793317302955],[120.19226736175895,-4.1172218881340825],[120.19127023179357,-4.117705726342452],[120.18982394418612,-4.118001405102764],[120.18943766861396,-4.1186106822018305],[120.1889435952077,-4.120008433783815],[120.1882249429804,-4.120770028163371],[120.18785663371392,-4.121764579725614],[120.18654509339908,-4.121352423373277],[120.1845598166212,-4.1213793031418975],[120.18453286716267,-4.122239455257974],[120.1841286252848,-4.122579931880165],[120.1836255687257,-4.12269641069112],[120.18279013551147,-4.123583441076145],[120.18196368545007,-4.1240493556292845],[120.17920585752783,-4.129461112339398],[120.17874771673294,-4.131181398135333],[120.17778651937894,-4.132480569831651],[120.17753499109939,-4.135571693930588],[120.17757092371075,-4.137130691076308],[120.17487597785838,-4.137480121050144],[120.17342969025096,-4.138367134906739],[120.17188458796227,-4.1380714637315945],[120.17148034608441,-4.139415422729],[120.17064491287017,-4.139415422729],[120.17031253621505,-4.139917166836527],[120.16965676605766,-4.140400991210448],[120.16941422093093,-4.1414492763393005],[120.16763555666839,-4.141735986560051],[120.16770742189111,-4.143617519805384],[120.16741097784735,-4.146305416676135],[120.16713250010926,-4.146601084773961],[120.16620723536664,-4.1464846094759],[120.16594672393423,-4.146699640781987],[120.16569519565468,-4.147649361683963],[120.1646082341609,-4.148330292948764],[120.16415907651884,-4.149217294637113],[120.16418602597736,-4.149620476893428],[120.16399737976771,-4.1499699013490705],[120.16402432922622,-4.151054012137604],[120.1637817840995,-4.152012687379705],[120.16344940744438,-4.152111242712421],[120.16314398024778,-4.1516811829884315],[120.16264990684151,-4.1498444669468855],[120.16275770467563,-4.147846473426234],[120.16264990684151,-4.1468250756835205],[120.16287448566256,-4.14496146938303],[120.16383568301654,-4.140974412307671],[120.16352127266711,-4.140678742106297],[120.16368296941825,-4.138214819466663],[120.16416805967168,-4.136852938935863],[120.16461721731373,-4.133949975254174],[120.16462620046657,-4.132641846169599],[120.16493162766317,-4.131826504347086],[120.16455433524385,-4.13007038065202],[120.16512027387286,-4.129219196850236],[120.16550654944501,-4.1280185781463095],[120.1654167179166,-4.1274630673852615],[120.16353923897279,-4.125769653151115],[120.16383568301654,-4.12340424309836],[120.1637189020296,-4.123153365861581],[120.16406026183759,-4.122149856122634],[120.16466213307794,-4.12139722298714],[120.16589282501718,-4.120689388792997],[120.16629706689505,-4.120098033160436],[120.16680910660699,-4.119963634091719],[120.16696182020529,-4.119479797256313],[120.16738402838884,-4.119399157755135],[120.16754572513997,-4.11861964215569],[120.1679679333235,-4.1177505261616805],[120.1676175903627,-4.117374207601772],[120.16688097182971,-4.117445887341187],[120.16644978049335,-4.1169799689196065],[120.16678215714846,-4.116334850654901],[120.16620723536664,-4.115940611458013],[120.16730318001326,-4.11393357252049],[120.16306313187222,-4.111577087314108],[120.16290143512107,-4.111191805800113],[120.16244329432617,-4.11090508455256],[120.16167972633468,-4.110752763847853],[120.16164379372331,-4.110107640540574],[120.16181447362729,-4.109785078691193],[120.16169769264036,-4.109632757772518],[120.16140124859658,-4.109677558045737],[120.16131141706818,-4.109202675021559],[120.16150904643067,-4.108889072869435],[120.16164379372331,-4.107625702950585],[120.16141921490227,-4.107070177955822],[120.16140124859658,-4.106496732394266],[120.16207498505968,-4.1048032735653335],[120.16238939540912,-4.104704712358841],[120.16218278289377,-4.104229826375206],[120.16268583945286,-4.103745979988198],[120.16283855305119,-4.1028947680403],[120.16333262645745,-4.102984369340695],[120.16417704282452,-4.101747870507609],[120.164940610816,-4.101407384985644],[120.1651292570257,-4.100717453351557],[120.16558739782059,-4.100717453351557],[120.16592875762855,-4.100556170546004],[120.16653062886891,-4.099830397518262],[120.16664740985584,-4.099830397518262],[120.16676419084278,-4.100224644676824],[120.16703368542801,-4.100206724355652],[120.16728521370759,-4.099821437353307],[120.16732114631895,-4.09942718999588],[120.16775233765532,-4.09914942469549],[120.16792301755929,-4.098773097360374],[120.16834522574283,-4.099023982270133],[120.16866861924512,-4.098862699122895],[120.16884828230194,-4.09839676984813],[120.16928845679115,-4.098136924557741],[120.16946811984798,-4.097375308565025],[120.16977354704458,-4.096972099804681],[120.16999812586562,-4.096918338621277],[120.17072576124576,-4.097142343528285],[120.17137254825032,-4.096918338621277],[120.17153424500145,-4.096335925569497],[120.17180373958668,-4.096174641880193],[120.17187560480943,-4.09510837667186],[120.17148932923725,-4.094543882751101],[120.17185763850375,-4.094042110042863],[120.17176780697531,-4.093827064500188],[120.1719115374208,-4.093495535842052],[120.17250442550831,-4.0933073708669045],[120.17258527388387,-4.092563670770437],[120.17300748206742,-4.091595963586749],[120.17279188639921,-4.0914077981652515],[120.17252239181398,-4.091766208453822],[120.17224391407592,-4.091730367432183],[120.17209120047762,-4.0913898776466135],[120.1715881439185,-4.091201712176705],[120.17133661563895,-4.090493851203549],[120.17030355306221,-4.09009959925112],[120.17006999108834,-4.089642625154437],[120.17031253621505,-4.0885315497931485],[120.1703664351321,-4.087026219427606],[120.17059101395311,-4.086578203892128],[120.17127373356907,-4.086139148424533],[120.17130068302758,-4.0859420214017135],[120.17094135691394,-4.085467124284165],[120.17116593573498,-4.08470549624449],[120.17067186232869,-4.084373963813121],[120.17066287917585,-4.083684017503277],[120.17111203681792,-4.083388326046044],[120.17147136293157,-4.083379365697153],[120.17165102598838,-4.083182237996273],[120.1707347443986,-4.082115955502356],[120.17069881178723,-4.080664375377323],[120.17100423898383,-4.080305960127717],[120.17174984066963,-4.080055069357829],[120.17185763850375,-4.079383040123846],[120.17148932923725,-4.078531802287131],[120.17238764452136,-4.076918928123674],[120.17199238579637,-4.0759870437985715],[120.17141746401452,-4.075583824284655],[120.1706089802588,-4.074194955522545],[120.17090542430257,-4.073836537388178],[120.17100423898383,-4.0733795540352675],[120.1707347443986,-4.072617914536954],[120.1710850873594,-4.072313258535777],[120.17182170589238,-4.072375981839565],[120.17209120047762,-4.0720175628949296],[120.1719115374208,-4.0711215148350455],[120.17099525583099,-4.069392139259602],[120.1708874579969,-4.06882762725737],[120.17129169987474,-4.067976378251934],[120.17113898627645,-4.067349141567105],[120.17147136293157,-4.067080325695562],[120.17172289121112,-4.0664262067002195],[120.1733308755697,-4.0659154558826875],[120.17400461203277,-4.064822268834746],[120.17385189843448,-4.063666356327561],[120.17448071913337,-4.063343775797293],[120.1746424158845,-4.062895747069003],[120.1754688659459,-4.061874240638058],[120.17561259639136,-4.0617846347490785],[120.17722058074993,-4.062895747069003],[120.17830754224372,-4.0633885786564345],[120.17910704284658,-4.063558829498474],[120.17916992491648,-4.063209367204936],[120.17946636896022,-4.063101840314925],[120.18176605608757,-4.064419043729735],[120.1819277528387,-4.064463846529138],[120.18221521372965,-4.063872449376573],[120.18256555669045,-4.063827646544312],[120.18265538821886,-4.06414126631787],[120.1825116577734,-4.064660978816939],[120.18267335452454,-4.064723702716586],[120.18270030398305,-4.065610797346198],[120.1837333665598,-4.06548534968006],[120.18475744598369,-4.065888574251746],[120.18499100795756,-4.0658079293535465],[120.18568271072634,-4.066166351061569],[120.18564677811499,-4.065297178144245],[120.18616780097976,-4.06457137323755],[120.18598813792293,-4.063917252206345],[120.18667085753889,-4.063720119736729],[120.18749730760025,-4.063666356327561],[120.18786561686676,-4.063809725410709],[120.18809917884063,-4.06359467177643],[120.18915919087588,-4.064463846529138],[120.1901203882299,-4.063818685977561],[120.19056056271911,-4.06386348881032],[120.19107260243105,-4.0635409083589],[120.19235719328736,-4.06362155348385],[120.19304889605611,-4.0638455676775145],[120.19339923901694,-4.063764922574964],[120.19440535213513,-4.06298535283457],[120.19508807175107,-4.063307933508188],[120.19545638101755,-4.062788220137184],[120.19577977451985,-4.062877825914695],[120.19589655550679,-4.062743417244695],[120.19666910665111,-4.062600047972012],[120.19727097789148,-4.063039116289132],[120.19831302362107,-4.062429796927605],[120.19868133288755,-4.062456678673848],[120.19948981664326,-4.061103629667651],[120.1996515133944,-4.06121115682398],[120.19991202482679,-4.060924417708598],[120.20001083950804,-4.060494308844506],[120.2006127107484,-4.059687854106581],[120.20132237982284,-4.059203980877114],[120.20155594179674,-4.058675304239333],[120.20201408259163,-4.058576737370275],[120.20210391412004,-4.058245194176972],[120.20197814998026,-4.057877808317303],[120.20238239185811,-4.057716516911485],[120.20258002122064,-4.057447697830214],[120.20242730762232,-4.056766689090602],[120.20223866141265,-4.05661435810975],[120.20169068908935,-4.05658747616897],[120.20171763854788,-4.0563365780119],[120.20120559883591,-4.0558975060495515],[120.20170865539504,-4.055082086057948],[120.20155594179674,-4.0536842213012445],[120.20216679618993,-4.053263069266112],[120.20179848692345,-4.0525193321577015],[120.20205899835584,-4.0520802581219995],[120.20280460004166,-4.051847279965442],[120.20324477453087,-4.052384921763926],[120.20361308379738,-4.051999611844631],[120.2039005446883,-4.052035454635566],[120.20440360124738,-4.051614301741781],[120.20533784914288,-4.0514978126047865],[120.20568819210368,-4.052662703219773],[120.2071075302526,-4.052707506671458],[120.20733210907362,-4.052178825783417],[120.20720634493385,-4.052008572542515],[120.20720634493385,-4.05098705234456],[120.20755668789465,-4.050225391708425],[120.2076555025759,-4.049535416160319],[120.20810466021796,-4.049571259060421],[120.20795194661966,-4.050610702472789],[120.20831127273333,-4.050709270313269],[120.20910179018333,-4.049714630644955],[120.2095509478254,-4.049472691081321],[120.21047621256805,-4.047626779437373],[120.21239860727604,-4.0484242854698715],[120.21344065300563,-4.048549735785497],[120.21367421497949,-4.048128581077552],[120.21396167587044,-4.04820026700076],[120.21410540631588,-4.0479672877271256],[120.2142401536085,-4.048021052180839],[120.21452761449942,-4.047447564490511],[120.21479710908464,-4.04757301495748],[120.21500372160001,-4.047402760747598],[120.21575830643866,-4.047528211221507],[120.21582118850854,-4.047124977486207],[120.21608169994096,-4.047053291467798],[120.21661170595857,-4.046336430934715],[120.21719561089324,-4.046838233374499],[120.21768968429951,-4.046963683935864],[120.21843528598535,-4.045915275075653],[120.2192347865882,-4.046228901800028],[120.22007021980244,-4.045386589751123],[120.22187583352353,-4.045296982034803],[120.22198363135762,-4.044732453194099],[120.22305262654572,-4.045198413535405],[120.2234658515764,-4.045162570441741],[120.2238161945372,-4.045350746665784],[120.2245977288344,-4.045225295854611],[120.22501095386508,-4.045664373608722],[120.22484925711395,-4.046354352455776],[120.22636740994412,-4.046811351108822],[120.2265380898481,-4.046515646127472],[120.22678961812765,-4.046587332193471],[120.22680758443333,-4.046730704306434],[120.22767895025893,-4.04693680167435],[120.22781369755155,-4.046479803092092],[120.22840658563905,-4.045852549716206],[120.22994270477491,-4.046022804251976],[120.23011338467889,-4.046237862561797],[120.22992473846924,-4.046596292951275],[120.23044576133401,-4.047124977486207],[120.23060745808515,-4.047133938238061],[120.23085898636472,-4.046676939767047],[120.23034694665276,-4.046336430934715],[120.23053559286242,-4.046076568834783],[120.23048169394538,-4.045807745885055],[120.23090390212893,-4.045162570441741],[120.23072423907209,-4.044947511846461],[120.23072423907209,-4.044463629798377],[120.23182018371871,-4.044678688522089],[120.23207171199829,-4.044490512141963],[120.23226934136078,-4.044167923960082],[120.23199984677555,-4.043648198285842],[120.23210764460964,-4.043209119439272],[120.23239510550056,-4.043406256910011],[120.23268256639147,-4.04297613873022],[120.23257476855738,-4.042725236353282],[120.2320537456926,-4.042339921837501],[120.23201781308124,-4.041694743633628],[120.23146984075791,-4.04164993957263],[120.23164950381474,-4.041049564916422],[120.23208967830396,-4.041175016373856],[120.23196391416417,-4.040592563014528],[120.2326466337801,-4.040341659900075],[120.23330240393753,-4.040691132073971],[120.23356291536992,-4.040019070067457],[120.23450614641824,-4.0391588298866905],[120.23494632090745,-4.038504688305448],[120.23455106218245,-4.038200019443787],[120.2346947926279,-4.037689250801472],[120.23597040033135,-4.03756379880507],[120.23599734978987,-4.037823663633244],[120.23623989491658,-4.03797599814901],[120.2368327830041,-4.0376982116576166],[120.23740770478594,-4.0379222330290645],[120.23790177819221,-4.037429385930267],[120.24030028000081,-4.038979613067562],[120.24197114642926,-4.039544145913768],[120.24234843884861,-4.039069221482074],[120.24394744005433,-4.038594296772405],[120.24453134498901,-4.038235862845212],[120.24499846893676,-4.03787742875972],[120.24566322224702,-4.036730438622523],[120.24652560491974,-4.036533299529491],[120.24662441960099,-4.036407847354458],[120.24655255437827,-4.0353504639661955],[120.24721730768853,-4.035278776906988],[120.24728917291125,-4.034624632199437],[120.24765748217774,-4.033979447862291],[120.24839410071073,-4.033280497585533],[120.24880732574141,-4.033370106628974],[120.24919360131359,-4.032966865855674],[120.24946309589883,-4.032608429444761],[120.24931038230054,-4.032303758371192],[120.2494361464403,-4.0321335009568084],[120.24990327038803,-4.032097657286078],[120.25013683236193,-4.031864673387802],[120.25104413079887,-4.031613767576517],[120.25134955799548,-4.031255330568918],[120.25135854114833,-4.030771440357986],[120.25114294548011,-4.030475729531761],[120.2514393895239,-4.029570674516624],[120.25143040637106,-4.029122627106717],[120.25214905859833,-4.0285580870188555],[120.25235567111368,-4.028002507502297],[120.25299347496541,-4.0278770540105695],[120.25283177821427,-4.027420044698564],[120.25292160974269,-4.027204981404107],[120.25322703693928,-4.027061605842893],[120.25302940757678,-4.026577713137323],[120.25310127279951,-4.026371610601293],[120.25335280107906,-4.026290961768642],[120.25366721142852,-4.026443298445831],[120.2540175543893,-4.026066937191571],[120.25468230769957,-4.025914600443949],[120.25501468435469,-4.0256816147748005],[120.25479010553366,-4.025367980114887],[120.25488892021491,-4.024839281414691],[120.25583215126325,-4.023073962929379],[120.25514044849446,-4.021604354774954],[120.25602978062575,-4.0202422765581085],[120.25589503333313,-4.019659808204869],[120.2567663991587,-4.019274482757885],[120.25649690457348,-4.018342532086872],[120.25619147737689,-4.018136427467751],[120.25611961215415,-4.017652529461666],[120.2565867361019,-4.016783304544664],[120.25653283718484,-4.0158603121242695],[120.25729640517635,-4.0129927561988],[120.2571975904951,-4.012311710186656],[120.25743115246897,-4.011953264689026],[120.25758386606726,-4.010644937288085],[120.25786234380533,-4.010098306726148],[120.25809590577923,-4.0090767338762605],[120.25797912479227,-4.008664519908666],[120.25773657966556,-4.008449451669154],[120.25775454597124,-4.006728903716766],[120.25757488291443,-4.00652279616721],[120.25758386606726,-4.00614642572533],[120.257089792661,-4.005537063690423],[120.25731437148204,-4.005223421289668],[120.25733233778772,-4.004381066818388],[120.25761081552578,-4.004076385200376],[120.25795217533374,-4.002544014166862],[120.25757488291443,-4.001146059143668],[120.25775454597124,-4.000581499707955],[120.25764674813715,-4.000151358924375],[120.25809590577923,-3.9998377144606514],[120.25865286125537,-3.998941586759948],[120.25900320421617,-3.9986906708281573],[120.25987457004177,-3.9985831354053056],[120.26042254236509,-3.9979199999859736],[120.26097949784123,-3.9968356828068647],[120.26150052070604,-3.996306965645777],[120.26142865548329,-3.9960381262806015],[120.26160831854013,-3.9958409773568007],[120.26129390819067,-3.991889027573762],[120.26106034621681,-3.991512650411565],[120.26112322828669,-3.990948084344798],[120.26126695873215,-3.990777818311975],[120.26125797557931,-3.98951426401813],[120.26098848099407,-3.9859028179828626],[120.26076390217305,-3.9846123718799227],[120.25920981673154,-3.9845854875645808],[120.25894032214627,-3.9847288705695814],[120.25875167593662,-3.9864584260979807],[120.25841031612866,-3.9868706512310843],[120.25629927521098,-3.9866466158583007],[120.25513146534162,-3.986332966233837],[120.25468230769957,-3.9866466158583007],[120.25440382996148,-3.986655577274384],[120.25431399843306,-3.980516984384656],[120.25646097196211,-3.9799882567240252],[120.25684724753428,-3.9796835660535446],[120.25705386004965,-3.9791996453452145],[120.25764674813715,-3.978509609769372],[120.25815878784911,-3.9781780340273274],[120.25863489494968,-3.9781332264843843],[120.25967694067927,-3.9787246858550156],[120.25947931131677,-3.9793878367655733],[120.25954219338665,-3.9799255263010824],[120.25987457004177,-3.980633483654067],[120.26154543647024,-3.981726783686796],[120.26194967834809,-3.982891773926861],[120.26229103815605,-3.9828738510125805],[120.26352173009529,-3.9822286258385406],[120.26459970843624,-3.9820314736011317],[120.26719583960735,-3.9824347394907913],[120.26780669400054,-3.983438422624864],[120.26783364345907,-3.9838864950572943],[120.26730363744144,-3.9852127880269252],[120.26804025597441,-3.98629712055485],[120.26851636307501,-3.9862791977147713],[120.26974705501425,-3.9871126093651132],[120.26958535826311,-3.9873366446108993],[120.26970213925004,-3.9875606797956222],[120.2701512968921,-3.987318721793484],[120.27114842685747,-3.9873276832022406],[120.27149876981827,-3.987184300650408],[120.27236115249103,-3.9874172972844346],[120.27258573131205,-3.9872201462907113],[120.2723970851024,-3.9867272685995356],[120.272531832395,-3.986467387516115],[120.27352896236039,-3.9871036479540116],[120.27431049665758,-3.9871663778296704],[120.27464287331269,-3.986798959918437],[120.27498423312065,-3.986915458298315],[120.27534355923432,-3.987282876157479],[120.27484050267519,-3.98800874998187],[120.2747776206053,-3.98849266550863],[120.27533457608148,-3.9893350363013247],[120.2752716940116,-3.9901236379627854],[120.27587356525193,-3.990455208889822],[120.2762778071298,-3.991037698032104],[120.27626882397696,-3.9912706935733366],[120.27551423913829,-3.9921220228734215],[120.27539745815136,-3.992677626782681],[120.27621492505989,-3.9926507427312137],[120.27652933540935,-3.9928030856778904],[120.27737375177644,-3.9938784468501876],[120.27741866754063,-3.9942996295919797],[120.27781392626564,-3.994523662877192],[120.27833494913041,-3.9955094086053635],[120.27871224154977,-3.9958051320928365],[120.27892783721795,-3.995832016040957],[120.27939496116568,-3.9954287567266404],[120.27995191664185,-3.995536292563176],[120.28048192265946,-3.995231607656379],[120.28163176622314,-3.995025497214084],[120.28760556286255,-3.9943533975860093],[120.29012084565808,-3.994272745593643],[120.29261816214793,-3.9955273312440025],[120.29305833663713,-3.9960291649669104],[120.29360630896046,-3.996342810887808],[120.29405546660252,-3.9961546233496636],[120.29425309596502,-3.9964413852953173],[120.29540293952869,-3.9968267215018902],[120.29663363146793,-3.9975525868875676],[120.2983673799663,-3.997113483212522],[120.29988553279645,-3.9971493284192983],[120.3005053703425,-3.9976780450372438],[120.30103537636012,-3.9986996321127593],[120.30185284326868,-3.9989684706052278],[120.30229301775788,-3.9989774318867894],[120.30324523195905,-3.9985024838289056],[120.30417947985454,-3.999183541335709],[120.30482626685912,-3.9992552315666603],[120.3060659419512,-3.997902077399628],[120.3062635713137,-3.998627941833208],[120.30682950994269,-3.9990580834164535],[120.30669476265007,-3.9993000379578203],[120.30630848707791,-3.999586798803233],[120.3043681260642,-4.000133436386825],[120.30395490103352,-4.00061734476306],[120.30332608033463,-4.000823453799474],[120.30290387215109,-4.001325284279988],[120.30120605626412,-4.001809191952161],[120.30097249429024,-4.0019525719482685],[120.3008107975391,-4.002445440493427],[120.30017299368738,-4.002947269980068],[120.29984061703225,-4.003637285021977],[120.29906806588791,-4.00367312994333],[120.29857399248164,-4.003986772938199],[120.29824161582651,-4.00450652392225],[120.29764872773899,-4.0048022441624065],[120.29803500331117,-4.006442145372813],[120.29830449789641,-4.0067378649133945],[120.29820568321516,-4.007087351505339],[120.29831348104925,-4.007302420103082],[120.29884348706686,-4.006997739572923],[120.3001101116175,-4.006755787306358],[120.30018197684022,-4.006540718564885],[120.3004155388141,-4.006442145372813],[120.30098147744307,-4.006603446953656],[120.30161029814197,-4.00707839031254],[120.30214030415958,-4.006836438069831],[120.30225708514652,-4.006899166435925],[120.30168216336469,-4.008046198567597],[120.30190674218572,-4.008180616290212],[120.30205945578402,-4.0086197140300985],[120.30202352317265,-4.009238034937436],[120.30255352919029,-4.009462064136269],[120.30230200091073,-4.010331296846434],[120.3026433607187,-4.010474675348982],[120.30240979874485,-4.010985461059863],[120.30245471450904,-4.01137079041994],[120.30263437756587,-4.011505207595819],[120.30179894435163,-4.013001717326753],[120.30396388418636,-4.015179268504011],[120.30466457010799,-4.015412257174891],[120.30533830657106,-4.016935642999108],[120.30542813809947,-4.017616685153499],[120.30522152558412,-4.018073699964638],[120.30525745819548,-4.018548636653911],[120.30480830055343,-4.019382015459082],[120.30435015975853,-4.019498509202709],[120.30427829453579,-4.019910717700362],[120.30344286132156,-4.020842666578954],[120.30367642329544,-4.021317601655303],[120.30337997925167,-4.021407212016034],[120.30272420909428,-4.022240587898882],[120.30301166998518,-4.022339159183497],[120.30281404062269,-4.0235220136686705],[120.30287692269258,-4.023996947183243],[120.3025086134261,-4.0244091534053625],[120.30209538839539,-4.025914600443949],[120.3016372476005,-4.026398493543735],[120.30127792148686,-4.02646122040598],[120.3012240225698,-4.0269988790269196],[120.30042452196693,-4.02769783470312],[120.3002448589101,-4.028307180187389],[120.29984061703225,-4.028325102106488],[120.29970586973963,-4.028468477445072],[120.3000292632419,-4.029077822352153],[120.29946332461292,-4.029498986947623],[120.2999394317135,-4.030144174841143],[120.3001101116175,-4.031470392792442],[120.29991248225497,-4.031622728499682],[120.30007417900613,-4.031784025099764],[120.29993044856064,-4.032124540039275],[120.29922976263906,-4.032267914707971],[120.29905009958223,-4.031900517068807],[120.29792720547708,-4.031739220491841],[120.29770262665603,-4.0320349308584955],[120.29775652557308,-4.0324829766635935],[120.29724448586114,-4.033038553118885],[120.29644498525826,-4.033253614870574],[120.29600481076906,-4.033970486965111],[120.29512446179062,-4.033845034394225],[120.29503463026221,-4.034078017724738],[120.29481903459403,-4.0340690568286455],[120.29462140523152,-4.03425723562582],[120.29477411882982,-4.035323581319735],[120.29464835469004,-4.036174864692258],[120.29410038236672,-4.03627343428827],[120.2938129214758,-4.037196403561215],[120.29348952797353,-4.037635485662531],[120.29334579752808,-4.039257399120338],[120.29256426323089,-4.039445576714958],[120.29242951593827,-4.040798661943338],[120.29222290342292,-4.040825544408453],[120.29223188657576,-4.041112290647565],[120.29192645937914,-4.0414528016748275],[120.29154018380699,-4.041488644932538],[120.29130662183312,-4.04116605555611],[120.29118085769335,-4.041434880045378],[120.29083051473252,-4.041407997600461],[120.29068678428706,-4.041712665257334],[120.29020169403366,-4.041757469314867],[120.28942015973647,-4.041443840860152],[120.28913269884555,-4.0415961746961635],[120.28895303578872,-4.04136319352362],[120.28814455203302,-4.041201898826496],[120.2880098047404,-4.040933074260001],[120.28749776502843,-4.040816583586847],[120.28694979270513,-4.040269973281691],[120.28599757850397,-4.039866735935241],[120.28495553277438,-4.03908714316379],[120.28456027404938,-4.039176751566425],[120.28393145335049,-4.039006495592954],[120.28332958211014,-4.039140908206559],[120.28276364348113,-4.038943769698986],[120.28261092988284,-4.0391588298866905],[120.28222465431067,-4.039266359959166],[120.28185634504416,-4.039149869046673],[120.28134430533223,-4.0387107877646535],[120.28112870966405,-4.038898965486041],[120.28023937753277,-4.0387107877646535],[120.27926021387306,-4.038952730541279],[120.27816426922644,-4.039508302570131],[120.2776522295145,-4.039508302570131],[120.27740070123495,-4.039687519272481],[120.27714018980254,-4.039633754265933],[120.2759094978633,-4.040072835048469],[120.27544237391557,-4.040950995900539],[120.27502914888485,-4.041192938009049],[120.2739871031553,-4.04136319352362],[120.27347506344334,-4.042133823300402],[120.27309777102401,-4.042214470560288],[120.27294505742572,-4.043639237495433],[120.2735559118189,-4.043684041446489],[120.2735559118189,-4.044006629820985],[120.27378947379277,-4.044150002390656],[120.27374455802857,-4.044311296501215],[120.27426558089337,-4.045019198051231],[120.27427456404621,-4.045234256627483],[120.2751010141076,-4.045888392779342],[120.27547830652694,-4.045986961194788],[120.2754064413042,-4.046703822037186],[120.27566695273659,-4.046793429597874],[120.27569390219512,-4.047026409209259],[120.27565796958375,-4.047393799998718],[120.27519084563602,-4.048254031439],[120.27533457608148,-4.049221790716716],[120.27479558691098,-4.049374123090216],[120.27491236789793,-4.04986696292569],[120.2744452439502,-4.0511752272147925],[120.27405896837803,-4.051237952161811],[120.27343014767914,-4.050664466750903],[120.27281929328592,-4.0507630345848336],[120.27292709112004,-4.051811437166171],[120.27265759653478,-4.05219674717511],[120.27222640519841,-4.052456607310052],[120.27221742204557,-4.053146580366602],[120.27184012962626,-4.0532899513174625],[120.27179521386205,-4.053621496543957],[120.2715077529711,-4.053863434866676],[120.27161555080521,-4.054239783224766],[120.27123825838588,-4.05519857467855],[120.27149876981827,-4.055798938841538],[120.2710226627177,-4.0565068303412675],[120.27104961217621,-4.056677082634756],[120.27177724755637,-4.057259524420093],[120.27289115850867,-4.05895308353285],[120.27293607427288,-4.059938751222497],[120.273268450928,-4.060144845223662],[120.27306183841266,-4.060879614712616],[120.27094181434212,-4.060664560297283],[120.27052858931141,-4.061076747876329],[120.26941467835911,-4.061399329313078],[120.26836364947671,-4.062331230517053],[120.26789652552895,-4.062967431682253],[120.26626159171187,-4.0635140266487895],[120.26645023792153,-4.064490728207586],[120.2662256591005,-4.065619757893032],[120.26565073731865,-4.0658258504427325],[120.26533632696922,-4.066246995923908],[120.26468953996465,-4.066659180649846],[120.264330213851,-4.067205773113443],[120.26300969038336,-4.067689641542317],[120.26274917895097,-4.068988916441239],[120.26278511156232,-4.069634072853716],[120.26229103815605,-4.070350912705829],[120.26253358328276,-4.070440517642472],[120.26287494309074,-4.070852700222581],[120.26401580350156,-4.071506815623038],[120.2649141187857,-4.071811471929486],[120.26567768677718,-4.071641222831275],[120.26586633298683,-4.070807897778443],[120.2672497385244,-4.068854508790258],[120.26734855320565,-4.068469206733142],[120.26791449183463,-4.068263114859496],[120.26834568317103,-4.067591075774817],[120.26899247017558,-4.0669548782581515],[120.26937874574774,-4.065350941444675],[120.26909128485683,-4.065091085459389],[120.26933382998354,-4.064544491561792],[120.26989078545971,-4.064123345191238],[120.27044774093585,-4.063334815225167],[120.27139995513701,-4.063675316896005],[120.27187606223761,-4.06406062124489],[120.2723791187967,-4.064042700116465],[120.27258573131205,-4.06417710856994],[120.27265759653478,-4.064535531003006],[120.27228030411545,-4.064660978816939],[120.27172334863931,-4.06533302034493],[120.2713730056785,-4.066094666732715],[120.27159758449952,-4.066273877542896],[120.27184012962626,-4.06630971970015],[120.27223538835126,-4.065924416426135],[120.27228030411545,-4.065673521171948],[120.2725947144649,-4.06548534968006],[120.27289115850867,-4.065521191872377],[120.27312472048254,-4.0651896515326325],[120.27353794551323,-4.065350941444675],[120.27397812000245,-4.065270296492687],[120.27436439557462,-4.06492979549536],[120.27474168799394,-4.065064203800958],[120.27541542445704,-4.065727284447277],[120.27416676621212,-4.06704448357258],[120.27481355321667,-4.0673849836765354],[120.27496626681497,-4.06765379944644],[120.27620594190705,-4.068576732907157],[120.27694256044003,-4.067922615126654],[120.27721205502527,-4.068003259813228],[120.27742765069348,-4.0683168779620535],[120.27783189257133,-4.068218312271292],[120.27829003336622,-4.067698602066037],[120.27877512361965,-4.067573154724886],[120.27956564106965,-4.066784628133288],[120.28036514167253,-4.06716993099604],[120.28081429931461,-4.067152009936742],[120.28113769281688,-4.06765379944644],[120.28239533421466,-4.068711140604489],[120.2828444918567,-4.070037295349052],[120.28372484083513,-4.070512201584605],[120.28339246418003,-4.071999641943508],[120.28320381797036,-4.072062365271739],[120.28322178427605,-4.07251038890265],[120.28368890822378,-4.072653756411862],[120.28351822831979,-4.073272028502742],[120.28432671207551,-4.073585644599108],[120.28427281315847,-4.074033667381842],[120.28467705503631,-4.074705701088077],[120.28468603818915,-4.0751178814834255],[120.28509926321983,-4.075574863848715],[120.28558435347328,-4.075834716450411],[120.28574605022442,-4.075682389073394],[120.28615029210226,-4.075745112114485],[120.2874887818756,-4.076345460974518],[120.28775827646085,-4.077313186551408],[120.28830624878415,-4.077044374008019],[120.28849489499382,-4.076354421401869],[120.28942015973647,-4.075673428638554],[120.28939321027794,-4.074598175732811],[120.28966270486316,-4.073881339663707],[120.2897345700859,-4.073110740177008],[120.2890338841643,-4.072644795943286],[120.28937524397226,-4.07145305273346],[120.29046220546604,-4.069499665310403],[120.29050712123025,-4.068872429811684],[120.2907406832041,-4.068307917445209],[120.29047118861888,-4.067698602066037],[120.28763251232108,-4.067187852054941],[120.28695877585797,-4.066462048850698],[120.28697674216366,-4.066130508897939],[120.2868330117182,-4.066094666732715],[120.28660843289718,-4.0655480735155685],[120.28696775901082,-4.064840189945843],[120.28719233783184,-4.064822268834746],[120.28769539439097,-4.063191446057597],[120.28774929330801,-4.062824062449382],[120.28758759655688,-4.062456678673848],[120.28779420907222,-4.061901122402811],[120.28867455805063,-4.061067787279024],[120.28928541244385,-4.060942338906294],[120.28931236190236,-4.0607004027038185],[120.2897345700859,-4.060395742197535],[120.29017474457513,-4.059544484291047],[120.2909562788723,-4.058800752964368],[120.29097424517798,-4.058307918575335],[120.29058796960581,-4.058272076062581],[120.29066881798138,-4.058057020952654],[120.29083051473252,-4.057895729582627],[120.2914323859729,-4.057895729582627],[120.29236663386838,-4.057098232890813],[120.29410038236672,-4.055942309321947],[120.29414529813093,-4.05573621424836],[120.2939656350741,-4.0554942764862085],[120.29476513567698,-4.054902872762698],[120.29537599007017,-4.054795344766473],[120.29594192869918,-4.054374193310195],[120.29675939560772,-4.054463800021397],[120.29743313207081,-4.054257704570782],[120.29785534025436,-4.053702142659574],[120.2987177229271,-4.053621496543957],[120.2994812909186,-4.052752310120661],[120.30018197684022,-4.053155541051775],[120.3002628252158,-4.053585653823323],[120.30108029212433,-4.053711103338591],[120.30103537636012,-4.053970962986865],[120.30171809597606,-4.054392114653229],[120.30417947985454,-4.054723659427709],[120.30391896842215,-4.056462027100175],[120.30664086373302,-4.057098232890813],[120.30726968443192,-4.055225456665536],[120.3093358095854,-4.05573621424836],[120.30996463028427,-4.056067758471436],[120.31148278311444,-4.056327617361993],[120.31184210922808,-4.056273853460459],[120.31281228973494,-4.0565068303412675],[120.31345009358665,-4.056856295536511],[120.31560605026854,-4.057259524420093],[120.31619893835607,-4.057698595642185],[120.3167289443737,-4.05731328825603],[120.31751047867088,-4.057429776554949],[120.31812133306407,-4.057241603140653],[120.31898371573683,-4.057322248895004],[120.31933405869763,-4.0560319158592835],[120.31976525003402,-4.05581686015298],[120.319935929938,-4.0554494731889745],[120.32023237398175,-4.055404669889254],[120.32112170611303,-4.05573621424836],[120.32172357735341,-4.055297141959793],[120.32281952200003,-4.0549297547595184],[120.32323274703073,-4.054589249400392],[120.32354715738016,-4.053890316898063],[120.3237537698955,-4.0537290246963265],[120.32476886616656,-4.053146580366602],[120.32587379396603,-4.053137619681328],[120.32652956412345,-4.052384921763926],[120.32687990708425,-4.052223629261909],[120.32695177230697,-4.051721830161041],[120.32816449794053,-4.051130423678231],[120.32924247628148,-4.051524694714813],[120.32965570131219,-4.051838319265774],[120.32965570131219,-4.0529136025172345],[120.32997011166162,-4.053307872684532],[120.33047316822072,-4.053361636783359],[120.3319913210509,-4.053065934195572],[120.33399456413446,-4.05346020428859],[120.33419219349699,-4.053908238251825],[120.33315913092025,-4.054589249400392],[120.33297048471056,-4.055082086057948],[120.33303336678047,-4.055431551869384],[120.3338059179248,-4.056211128904148],[120.33510847508677,-4.055772056873629],[120.33542288543623,-4.0560946404295075],[120.33541390228339,-4.056560594227297],[120.33474914897313,-4.057877808317303],[120.33533305390782,-4.059069571595239],[120.33515339085098,-4.059365271985826],[120.33408439566287,-4.059526563062316],[120.33378795161912,-4.059732657168714],[120.33379693477195,-4.059983554270704],[120.33444372177654,-4.061166353843918],[120.33469525005609,-4.063433381513088],[120.33445270492938,-4.063729080304575],[120.3340664293572,-4.06386348881032],[120.33300641732195,-4.063702198600737],[120.3327369227367,-4.063953094468371],[120.33267404066682,-4.064410083169555],[120.33277285534807,-4.064723702716586],[120.33342862550548,-4.065395744192293],[120.33409337881571,-4.065503270776416],[120.33506355932256,-4.065153809325574],[120.33543186858907,-4.065386783642968],[120.33549475065895,-4.0663724434715105],[120.33602475667658,-4.068200391235313],[120.3364828974715,-4.068567772393203],[120.33712968447604,-4.068720101116847],[120.33739917906128,-4.069060600512591],[120.33715663393457,-4.070610766994618],[120.33728239807434,-4.071130475320583],[120.33793816823176,-4.071426171287325],[120.3391239444068,-4.070655569449726],[120.33963598411873,-4.070816858267469],[120.33960903466021,-4.071533697066482],[120.33908801179544,-4.072008602419268],[120.33880953405736,-4.072644795943286],[120.33905207918407,-4.073540842307111],[120.33928564115793,-4.073764853742142],[120.33968988303577,-4.073845497843484],[120.34050734994433,-4.073612525973107],[120.34139668207563,-4.072635835474609],[120.34175600818926,-4.072429744667494],[120.34555588184111,-4.072232614280867],[120.34845744020879,-4.0712828035594395],[120.348502355973,-4.072026523370491],[120.34889761469803,-4.073146582029965],[120.34896947992075,-4.07421287642507],[120.34814302985936,-4.075144762806221],[120.34787353527413,-4.075996004229918],[120.34606792155304,-4.078988782711593],[120.34588825849622,-4.079723535005993],[120.34549299977121,-4.080001307039799],[120.34532231986721,-4.080610613100078],[120.34474739808539,-4.08104967159225],[120.34398383009388,-4.082348924907661],[120.34280703707168,-4.083818422675094],[120.34257347509781,-4.084544210213907],[120.34207940169156,-4.085126631838151],[120.34184583971766,-4.086049545238349],[120.34153142936823,-4.086282513501604],[120.34095650758641,-4.087492155318968],[120.33830647749824,-4.09171244692076],[120.33788426931471,-4.093074404645926],[120.33622238603908,-4.093396973241539],[120.33599780721805,-4.094758928101195],[120.33480304789018,-4.095735591672368],[120.33408439566287,-4.095905835659102],[120.33212606834351,-4.095798313145379],[120.33182064114689,-4.096273204138631],[120.33167691070143,-4.096595771444987],[120.33150623079746,-4.099023982270133],[120.33178470853552,-4.100081282096209],[120.33067079758322,-4.103611578162003],[120.33077859541734,-4.105520081973771],[120.33129063512928,-4.10667593417652],[120.33135351719916,-4.1071866590351584],[120.33117385414234,-4.107697383566895],[120.33090435955711,-4.10797514589427],[120.33104809000257,-4.108234987983938],[120.3308145280287,-4.1088173923602085],[120.3311648709895,-4.1099284395292495],[120.33084147748723,-4.110367481935455],[120.33025757255253,-4.110663163419725],[120.33022163994117,-4.110914044593107],[120.32952993717238,-4.111648767575234],[120.32860467242976,-4.113100291475914],[120.32806568325928,-4.1135662121674],[120.3273021152678,-4.113826052434681],[120.32624210323253,-4.113512452101519],[120.3259995581058,-4.113691652307013],[120.3256042993808,-4.113395971946331],[120.32458920310974,-4.113960452539674],[120.32362800575572,-4.112974851243193],[120.32314291550232,-4.113333251855715],[120.32259494317898,-4.113530372123883],[120.32234341489944,-4.113440772008033],[120.32161577951929,-4.113897732493498],[120.32154391429657,-4.113691652307013],[120.32058271694258,-4.1130286113453485],[120.31952270490731,-4.1145518127322465],[120.31921727771069,-4.114847492663887],[120.31886693474989,-4.114946052616706],[120.31858845701183,-4.114838532667571],[120.31813031621691,-4.115680771880609],[120.31781590586748,-4.115555332054273],[120.31663911284528,-4.115627011957456],[120.31621690466176,-4.117329407761361],[120.31550723558729,-4.119166199150261],[120.31487841488843,-4.119336438137456],[120.31429450995373,-4.119300598353705],[120.31282127288779,-4.118951160377525],[120.31237211524571,-4.1194618773678675],[120.31218346903604,-4.120124912971455],[120.31234516578718,-4.120223472270752],[120.31245296362127,-4.121244904289706],[120.31122227168203,-4.121352423373277],[120.31140193473885,-4.121567461496803],[120.31108752438942,-4.1218093793162565],[120.31083599610987,-4.121863138821693],[120.31049463630191,-4.121692900375338],[120.30978496722744,-4.122122976380066],[120.30880580356775,-4.121970657821663],[120.30835664592571,-4.122794969671674],[120.30842851114843,-4.123081686636528],[120.30829376385581,-4.124004556164892],[120.30806020188196,-4.124416711142039],[120.30808715134047,-4.124757186831474],[120.30790748828363,-4.124793026369242],[120.30770985892113,-4.125214140816921],[120.30080181438625,-4.123959756697973],[120.29486395035823,-4.121352423373277],[120.29526819223608,-4.1210029862985165],[120.29542090583438,-4.121101545488996],[120.29582514771224,-4.120653549070208],[120.29695702497023,-4.120393711031678],[120.29710075541568,-4.118843640969362],[120.29696600812308,-4.1184583629708],[120.296687530385,-4.118377723366096],[120.29689414290034,-4.116890369191883],[120.29670549669068,-4.116782849505301],[120.29663363146793,-4.116469250336493],[120.29693007551171,-4.116012291326514],[120.29682227767762,-4.115806211687184],[120.29717262063842,-4.115510532111506],[120.29725346901398,-4.115196932441571],[120.29695702497023,-4.1147310127039205],[120.29663363146793,-4.114524932733017],[120.29675939560772,-4.113924612513894],[120.29645396841111,-4.11345869203201],[120.29674142930205,-4.112840450971932],[120.29649888417532,-4.112715010698305],[120.29784635710152,-4.11090508455256],[120.29770262665603,-4.110779643974328],[120.29797212124129,-4.110430202259464],[120.29931959416746,-4.107285219935161],[120.29994841486634,-4.1071866590351584],[120.3003975725084,-4.106828255659794],[120.3010533426658,-4.105529042074805],[120.30120605626412,-4.104812233674412],[120.30158334868345,-4.104364228097344],[120.3016372476005,-4.103799740712344],[120.30215827046527,-4.10333381431619],[120.30183487696299,-4.1030202098580375],[120.30169114651754,-4.102446761387564],[120.30146656769651,-4.102258598518492],[120.30209538839539,-4.101685149501307],[120.30199657371413,-4.101138580523712],[120.3016372476005,-4.1008608158180575],[120.30149351715504,-4.100305286117119],[120.30155639922492,-4.099848317847869],[120.30256251234314,-4.09744699010114],[120.30219420307664,-4.097160263918135],[120.30150250030788,-4.0981817254759],[120.30069401655216,-4.098665575232091],[120.30010112846466,-4.099678074700376],[120.299741802351,-4.099704955199759],[120.29941840884871,-4.100161923550969],[120.29887043652539,-4.100206724355652],[120.29859195878731,-4.1013357038046365],[120.29834043050776,-4.101819551651639],[120.29795415493561,-4.102124196442019],[120.2976756771975,-4.10343237569189],[120.29714567117989,-4.104409028666362],[120.29648091786963,-4.104704712358841],[120.29615752436736,-4.104624071362662],[120.29512446179062,-4.1049197549755],[120.29428902857637,-4.104946635298511],[120.29335478068091,-4.105412560753539],[120.29287867358032,-4.106810335486801],[120.29286070727464,-4.107554022327832],[120.29255528007805,-4.107589862640014],[120.2926540947593,-4.108530670258878],[120.29235765071554,-4.108933873184431],[120.2912167903047,-4.108772592038669],[120.29099221148368,-4.107670503336533],[120.29097424517798,-4.104928715083271],[120.29113594192914,-4.104319427525811],[120.29154018380699,-4.103799740712344],[120.29032745817342,-4.103548857302038],[120.28940219343077,-4.10381766095292],[120.28714742206763,-4.103656378773248],[120.28634792146477,-4.1038266210730585],[120.28489265070449,-4.103656378773248],[120.28354517777832,-4.104229826375206],[120.28181142927995,-4.105233358687632],[120.28088616453734,-4.10610248833167],[120.27995191664185,-4.106281690202447],[120.27886495514807,-4.108889072869435],[120.27797562301677,-4.110000119938612],[120.27583763264057,-4.110277881464028],[120.27382540640414,-4.111200765837435],[120.26998061698812,-4.1120788490066165],[120.26925298160796,-4.11194444858424],[120.26565073731865,-4.109534197162577],[120.2649590345499,-4.109650677882106],[120.26317138713449,-4.1091489146613815],[120.2630007072305,-4.109417716426033],[120.26236290337877,-4.108969713434616],[120.26205747618218,-4.109453556654474],[120.26177001529126,-4.109292275613803],[120.26085373370147,-4.109731318370277],[120.26053034019918,-4.109740278424015],[120.26049440758783,-4.109337075906149],[120.25940744609403,-4.1097133982625],[120.25859896233833,-4.109767158584623],[120.25838336667013,-4.109758198531188],[120.25824861937753,-4.109426676483293],[120.25772759651272,-4.10940875636867],[120.25757488291443,-4.10955211727438],[120.25761081552578,-4.110358521888766],[120.25706284320249,-4.111030525111053],[120.25654182033769,-4.110851324307164],[120.25655080349053,-4.110591483069973],[120.25618249422405,-4.110609403158014],[120.2560657132371,-4.1120788490066165],[120.2550596001189,-4.111935488555276],[120.25482603814503,-4.112446210045463],[120.25406247015351,-4.112329729734408],[120.25375704295692,-4.112410369951568],[120.25354144728874,-4.112804610895768],[120.25302042442394,-4.1127598107982966],[120.25273296353302,-4.113252611731953],[120.25231075534947,-4.114766852693417],[120.25160108627503,-4.115582212018722],[120.25157413681652,-4.115868931583061],[120.2511159960216,-4.1159674914094575],[120.25114294548011,-4.116549890134556],[120.25070277099091,-4.116997888863941],[120.24972360733122,-4.116379650551286],[120.24880732574141,-4.116800769454073],[120.24839410071073,-4.116370690572211],[120.2483671512522,-4.116003331343305],[120.24556440756574,-4.114345732714979],[120.24567220539986,-4.114166532656623],[120.24553745810721,-4.113781252394645],[120.244702024893,-4.113324291842367],[120.24241132091849,-4.11234764978337],[120.24189928120653,-4.112544770295368],[120.24146808987017,-4.112482050137748],[120.24150402248154,-4.111182845762686],[120.24064163980877,-4.111039485150191],[120.24039909468206,-4.110752763847853],[120.23998586965138,-4.110779643974328],[120.23986010551158,-4.110430202259464],[120.2394289141752,-4.110492922578538],[120.2388809418519,-4.109561077330132],[120.23848568312688,-4.109462516711332],[120.2385755146553,-4.1088173923602085],[120.23800059287346,-4.108718831649502],[120.23802754233199,-4.1083156286152445],[120.23687769876831,-4.1081185070576565],[120.23655430526604,-4.107473381619541],[120.23591650141431,-4.107213539281822],[120.23514395026996,-4.106478812213829],[120.23443428119552,-4.106057687857689],[120.23305985881079,-4.106326490663855],[120.23237713919488,-4.106075608047583],[120.2314249249937,-4.106407131488051],[120.23088593582324,-4.106048727762591],[120.23056254232094,-4.105502161771405],[120.2297630417181,-4.105654483478697],[120.22899947372659,-4.105439441059954],[120.22861319815442,-4.105806805156921],[120.22801132691406,-4.105636563279348],[120.22724775892254,-4.104821193783389],[120.22678961812765,-4.105107917217563],[120.22623266265148,-4.105072076793922],[120.22453484676451,-4.104256706721444],[120.22301669393435,-4.103996863336576],[120.22183091775932,-4.104113344864388],[120.22128294543599,-4.104865994326766],[120.22104938346213,-4.104722632579109],[120.22114819814338,-4.104346307869033],[120.22096853508656,-4.103889341911208],[120.22012411871948,-4.103127731400418],[120.22010615241379,-4.102867887648222],[120.21927071919956,-4.103360694692586],[120.21876766264046,-4.103378614943016],[120.21843528598535,-4.103557817425192],[120.21794121257906,-4.103468216189129],[120.21728544242167,-4.103763900229983],[120.21681831847391,-4.103728059746013],[120.21632424506767,-4.10342341556733],[120.21601881787105,-4.102760366070863]]]}},{"type":"Feature","id":8,"properties":{"FID":8,"Id":0,"Kecamatan":"Kec. Sajoanging","Luas_Ha":17474.894,"Luas":17474.894},"geometry":{"type":"Polygon","coordinates":[[[120.2240946722753,-3.9012399157775404],[120.22451688045882,-3.901401237830569],[120.22462467829293,-3.9020823750462683],[120.22521756638045,-3.903050305928968],[120.22725674207538,-3.9045828608781825],[120.22870302968283,-3.9050937119062175],[120.22928693461749,-3.9057927707038864],[120.22997863738628,-3.906124375314541],[120.2309218684346,-3.9073432451897037],[120.23161357120337,-3.9076121133061164],[120.23227832451363,-3.9074597547173955],[120.23354494906422,-3.9074507924466095],[120.23420071922162,-3.9077017359924353],[120.23481157361483,-3.9084366416590273],[120.23503615243587,-3.9090371128841475],[120.23514395026996,-3.9104710722790363],[120.23632074329215,-3.9116809736103395],[120.23656328841888,-3.912299366949506],[120.23721007542343,-3.9127205911365794],[120.23802754233199,-3.9122904047304585],[120.23900670599168,-3.91249653574429],[120.23920433535419,-3.912693704492669],[120.23930315003544,-3.913321059292397],[120.23959061092634,-3.9138946404123716],[120.240120616944,-3.9141276576301482],[120.24057875773889,-3.914710200390907],[120.24185436544232,-3.9150866124207675],[120.24269878180941,-3.915014914904318],[120.24312997314577,-3.914710200390907],[120.24459422705891,-3.915238969622835],[120.24507931731232,-3.914889444235756],[120.24542067712028,-3.9139125648160418],[120.24644475654418,-3.913482379022094],[120.24681306581068,-3.913097004060718],[120.24744188650955,-3.9130163441626427],[120.24779222947035,-3.9127205911365794],[120.24866359529595,-3.913285210459355],[120.24956191058008,-3.913330021500417],[120.25025361334886,-3.913634736516055],[120.2507656530608,-3.913464454609218],[120.25149328844094,-3.9135809632860568],[120.25197837869436,-3.913123890691684],[120.252508384712,-3.9130163441626427],[120.25275092983871,-3.9131059662711363],[120.25269703092167,-3.913688509742599],[120.2528138119086,-3.913876716008319],[120.25407145330635,-3.91354511446414],[120.25515841480015,-3.91402011123],[120.25592198279165,-3.9139125648160418],[120.25673046654734,-3.9144054857666006],[120.25718860734226,-3.914342750389008],[120.25819472046048,-3.914539918702758],[120.25885947377071,-3.915113498987854],[120.25931761456563,-3.915113498987854],[120.260144064627,-3.915633305781782],[120.26100644729976,-3.9165564101546853],[120.26097949784123,-3.9170493295484587],[120.26150950385887,-3.9173271567151806],[120.26187781312537,-3.916879048336163],[120.26287494309074,-3.9167983888024556],[120.26359359531801,-3.916099339184672],[120.26332410073279,-3.9158573603347895],[120.26260544850548,-3.916090377006294],[120.26233595392026,-3.9159738686786505],[120.26181493105547,-3.915400288983039],[120.26183289736116,-3.914817746702421],[120.26142865548329,-3.914306901599701],[120.26135679026056,-3.9139394514208248],[120.26214730771059,-3.913921527017732],[120.26304562299471,-3.9141724686261337],[120.26415953394702,-3.9142441662147216],[120.26707007546756,-3.9136257743112957],[120.26915416692673,-3.9129267220445594],[120.27031299364323,-3.9127654022078464],[120.27271149545183,-3.9135809632860568],[120.27564898643091,-3.9154719864664838],[120.27942191062421,-3.9164667884155335],[120.28409315010163,-3.9189044962999953],[120.28441654360392,-3.9193077928754523],[120.28518011159541,-3.918949307040205],[120.28579096598862,-3.9191464742686066],[120.28624012363068,-3.9190210042195472],[120.28677911280116,-3.9194243007388208],[120.28771336069664,-3.918958269187958],[120.28899795155293,-3.9187342154653013],[120.29023762664501,-3.91780215133492],[120.29094729571945,-3.917058291716567],[120.29321105023543,-3.916027641754962],[120.29404648344968,-3.9154899108363854],[120.29465733784288,-3.914755011355716],[120.29530412484743,-3.9142889772044724],[120.29639108634122,-3.9139484136222293],[120.2980619527697,-3.914826708894424],[120.30078384808057,-3.913957375823536],[120.30140368562662,-3.9139125648160418],[120.3019247084914,-3.9141814308250424],[120.30288590584541,-3.914136619829537],[120.30332608033463,-3.9144234101593356],[120.30383812004658,-3.91542717554005],[120.30498796361026,-3.915955944319111],[120.30543712125231,-3.91588424687712],[120.30648815013473,-3.9152479318103284],[120.30771884207397,-3.9154092511688052],[120.30864410681662,-3.9148984064269894],[120.30901241608309,-3.915391326797176],[120.30943462426666,-3.9153017049332752],[120.31027904063373,-3.915713965427774],[120.31078209719283,-3.9164847127641313],[120.31170736193548,-3.916081414827821],[120.31301890225028,-3.916072452649251],[120.3133063631412,-3.9163861288420914],[120.31432145941226,-3.9160634904705844],[120.31438434148214,-3.9162068853177203],[120.3150041790282,-3.915920095598883],[120.31610910682767,-3.9160186795758167],[120.31612707313334,-3.9153644402390135],[120.31750149551804,-3.915400288983039],[120.31770810803339,-3.915230007435247],[120.31824709720387,-3.9153196293068224],[120.3184716760249,-3.915579532680137],[120.31879506952717,-3.9154719864664838],[120.31893879997263,-3.9148087845103228],[120.31925321032206,-3.914817746702421],[120.31927117662774,-3.914513032117253],[120.32128340286418,-3.9144592589436527],[120.32134628493407,-3.9141814308250424],[120.32294528613981,-3.914109733231083],[120.32344834269891,-3.914602654065579],[120.32393343295234,-3.9146653894236993],[120.32460716941542,-3.914513032117253],[120.32870348711101,-3.915382364611217],[120.3287663691809,-3.9151851964958597],[120.33076062911165,-3.915633305781782],[120.33235064716453,-3.916260658379063],[120.33266505751396,-3.9162696205556164],[120.33280878795942,-3.915964906498929],[120.33562949795157,-3.916072452649251],[120.33626730180329,-3.9167356536041966],[120.33576424524419,-3.918438464459494],[120.33642899855445,-3.919549770727374],[120.33704883610048,-3.9198007106480026],[120.33761477472949,-3.9203115523965812],[120.33815376389994,-3.9215662501033264],[120.33840529217949,-3.9216558712960277],[120.33898919711419,-3.9214318182962566],[120.33909699494828,-3.921082295496688],[120.3388634329744,-3.920499757172643],[120.33927665800509,-3.91997099126554],[120.3400402259966,-3.919899294167645],[120.34012107437218,-3.9200874990365056],[120.34077684452957,-3.920445984383806],[120.34083972659946,-3.920652113388902],[120.34050734994433,-3.921378045567374],[120.34073192876536,-3.922426613156532],[120.34037260265173,-3.923107733278761],[120.33938445583918,-3.926746339259733],[120.3388185172102,-3.9278934826850773],[120.33889936558577,-3.9283595092511896],[120.33780342093914,-3.9316127259121156],[120.3377944377863,-3.932222142497711],[120.33723748231014,-3.9330376845842663],[120.33705781925332,-3.9343819829848394],[120.33718358339308,-3.9354126102896005],[120.33671645944536,-3.9370347254640947],[120.33676137520956,-3.9385224084257],[120.33771358941074,-3.939597840235851],[120.33826156173403,-3.940942128043617],[120.33911496125396,-3.9439622867261384],[120.33965395042442,-3.9474394884704576],[120.34059718147275,-3.948774801766101],[120.34104633911483,-3.9497874875982735],[120.34115413694892,-3.9507643249733504],[120.34157634513244,-3.9516515432438823],[120.34159431143812,-3.9524581044844647],[120.34215126691429,-3.9531033529121062],[120.34221414898417,-3.953623136002526],[120.34324721156092,-3.956186199578469],[120.34374128496717,-3.9563295875163873],[120.34440603827743,-3.9575394222543805],[120.34493604429505,-3.9590987621985416],[120.34490909483652,-3.959627503236992],[120.3459511405661,-3.9609807202884877],[120.34665182648773,-3.962522130392752],[120.34846642336163,-3.9646998153533124],[120.34873591794687,-3.965578057047663],[120.34922999135314,-3.9660619857457795],[120.34975101421792,-3.966259141800807],[120.3503978012225,-3.9671732283503833],[120.35148476271628,-3.9681321219772134],[120.35176324045436,-3.9687146269079467],[120.35270647150269,-3.971044642521632],[120.35277833672541,-3.972317186733674],[120.35322749436746,-3.9727383805124243],[120.3533891911186,-3.973267112823904],[120.35344309003567,-3.9741453454058493],[120.35322749436746,-3.976394691936856],[120.3536227530925,-3.978599224811882],[120.35348800579987,-3.9802839857963854],[120.35327241013167,-3.980956096929482],[120.35211358341516,-3.9825512384887953],[120.35185307198276,-3.983438422624864],[120.3510535713799,-3.984442104534586],[120.3504427169867,-3.986332966233837],[120.34907727775484,-3.9882148621855125],[120.34650809604224,-3.9908136637955027],[120.34437010566606,-3.9935020706001576],[120.34364247028591,-3.994066634910471],[120.34316636318532,-3.994702889461318],[120.34246567726372,-3.9949806905893417],[120.34214228376145,-3.9957872094602678],[120.34216923321998,-3.997830387050326],[120.34261839086201,-3.9990401608549915],[120.34429824044331,-3.99861001926234],[120.34466654970981,-3.998636903118494],[120.34555588184111,-3.999586798803233],[120.34597809002463,-4.000294739210662],[120.34655301180645,-4.001540354391805],[120.34753217546614,-4.004667825884672],[120.34825082769345,-4.008323995169981],[120.34844845705595,-4.0087541316584305],[120.34859218750141,-4.008772054007206],[120.3488526989338,-4.009793627237862],[120.34956236800826,-4.010098306726148],[120.35030796969409,-4.010653898441792],[120.3510535713799,-4.011756119598289],[120.35235612854189,-4.014202507583091],[120.35283223564245,-4.014444457644868],[120.35398207920613,-4.014587835425418],[120.35498819232434,-4.015143424087205],[120.35578769292722,-4.0160305729405374],[120.35706330063067,-4.016738499111475],[120.35810534636025,-4.017751101301001],[120.35873416705913,-4.018154349610612],[120.35921027415972,-4.018880196065509],[120.36017147151371,-4.019821107175122],[120.3609530058109,-4.021478900297523],[120.36058469654442,-4.023629545809429],[120.35974028017733,-4.02549343399335],[120.35933603829949,-4.02596836635813],[120.3587072176006,-4.026308883732143],[120.35741364359147,-4.026066937191571],[120.35699143540793,-4.02643433746561],[120.35663210929428,-4.027509654387814],[120.35686567126817,-4.028477438402895],[120.35660515983575,-4.0292928851515555],[120.35585955814994,-4.030045604501646],[120.35496124286583,-4.030430924851739],[120.3546468325164,-4.03156896295921],[120.35423360748568,-4.032258953791918],[120.35453903468228,-4.033020631303674],[120.35498819232434,-4.033388028436477],[120.35514090592264,-4.035000989492796],[120.3550420912414,-4.035466955423911],[120.35522175429821,-4.036470573444397],[120.35436835477829,-4.038970652225567],[120.35393716344193,-4.039723362608199],[120.35391919713625,-4.040135560855145],[120.35403597812318,-4.040556719717215],[120.35591345706699,-4.042384725860374],[120.35647041254313,-4.0434152177029965],[120.35758432349544,-4.04904257612295],[120.35755737403693,-4.0504673310470185],[120.35720703107613,-4.051829358566007],[120.35656024407155,-4.052555174925603],[120.3557158277045,-4.053200344476153],[120.35503310808855,-4.053505007696087],[120.35486242818457,-4.0538096708012175],[120.35502412493571,-4.054212901204998],[120.35604820435961,-4.05499247941529],[120.35657821037724,-4.056273853460459],[120.35666804190564,-4.059750578392871],[120.35636261470904,-4.0607004027038185],[120.35589549076131,-4.064669939374331],[120.35541040050788,-4.06559287625223],[120.353083763922,-4.067483549469247],[120.35261663997427,-4.068048062413392],[120.35187103828845,-4.068030141373626],[120.35160154370321,-4.068218312271292],[120.35115238606117,-4.068146628124983],[120.3507481441833,-4.068630495988781],[120.35040678437534,-4.068755943165283],[120.35023610447136,-4.069078521529431],[120.34936473864576,-4.069060600512591],[120.34905931144917,-4.069374218249739],[120.34867303587697,-4.069499665310403],[120.34849337282016,-4.069750559373107],[120.3483047266105,-4.070673490431072],[120.34845744020879,-4.0712828035594395],[120.34555588184111,-4.072232614280867],[120.34175600818926,-4.072429744667494],[120.34013904067785,-4.073800695565959],[120.33957310204885,-4.073845497843484],[120.33919580962953,-4.073711091003424],[120.33887241612724,-4.073048016930492],[120.33882750036304,-4.072492467962203],[120.33908801179544,-4.072008602419268],[120.33960903466021,-4.071533697066482],[120.33963598411873,-4.070816858267469],[120.3391239444068,-4.070655569449726],[120.33793816823176,-4.071426171287325],[120.33728239807434,-4.071130475320583],[120.33715663393457,-4.070610766994618],[120.33739917906128,-4.069060600512591],[120.33712968447604,-4.068720101116847],[120.3364828974715,-4.068567772393203],[120.33602475667658,-4.068200391235313],[120.33549475065895,-4.0663724434715105],[120.33543186858907,-4.065386783642968],[120.33506355932256,-4.065153809325574],[120.33409337881571,-4.065503270776416],[120.33342862550548,-4.065395744192293],[120.33277285534807,-4.064723702716586],[120.33267404066682,-4.064410083169555],[120.3327369227367,-4.063953094468371],[120.33300641732195,-4.063702198600737],[120.3340664293572,-4.06386348881032],[120.33445270492938,-4.063729080304575],[120.33469525005609,-4.063433381513088],[120.33444372177654,-4.061166353843918],[120.33376998531344,-4.059893948171802],[120.33408439566287,-4.059526563062316],[120.33515339085098,-4.059365271985826],[120.33528813814361,-4.059203980877114],[120.33532407075498,-4.0589262016699115],[120.33474914897313,-4.057877808317303],[120.33541390228339,-4.056560594227297],[120.33542288543623,-4.0560946404295075],[120.33510847508677,-4.055772056873629],[120.3338059179248,-4.056211128904148],[120.33303336678047,-4.055431551869384],[120.33297048471056,-4.055082086057948],[120.33315913092025,-4.054589249400392],[120.33419219349699,-4.053908238251825],[120.33399456413446,-4.05346020428859],[120.3319913210509,-4.053065934195572],[120.33047316822072,-4.053361636783359],[120.32997011166162,-4.053307872684532],[120.32965570131219,-4.0529136025172345],[120.32965570131219,-4.051838319265774],[120.32924247628148,-4.051524694714813],[120.32820043055189,-4.051121462970621],[120.32695177230697,-4.051721830161041],[120.32687990708425,-4.052223629261909],[120.32652956412345,-4.052384921763926],[120.32587379396603,-4.053137619681328],[120.32476886616656,-4.053146580366602],[120.3237537698955,-4.0537290246963265],[120.32354715738016,-4.053890316898063],[120.32323274703073,-4.054589249400392],[120.32281952200003,-4.0549297547595184],[120.32172357735341,-4.055297141959793],[120.32112170611303,-4.05573621424836],[120.32023237398175,-4.055404669889254],[120.319935929938,-4.0554494731889745],[120.31976525003402,-4.05581686015298],[120.31933405869763,-4.0560319158592835],[120.31898371573683,-4.057322248895004],[120.31812133306407,-4.057241603140653],[120.31751047867088,-4.057429776554949],[120.3167289443737,-4.05731328825603],[120.31619893835607,-4.057698595642185],[120.31560605026854,-4.057259524420093],[120.31345009358665,-4.056856295536511],[120.31281228973494,-4.0565068303412675],[120.31184210922808,-4.056273853460459],[120.31148278311444,-4.056327617361993],[120.30996463028427,-4.056067758471436],[120.3093358095854,-4.05573621424836],[120.30726968443192,-4.055225456665536],[120.30664086373302,-4.057098232890813],[120.30391896842215,-4.056462027100175],[120.30417947985454,-4.054723659427709],[120.30171809597606,-4.054392114653229],[120.30103537636012,-4.053970962986865],[120.30108029212433,-4.053711103338591],[120.3002628252158,-4.053585653823323],[120.30018197684022,-4.053155541051775],[120.2994812909186,-4.052752310120661],[120.2987177229271,-4.053621496543957],[120.29785534025436,-4.053702142659574],[120.29743313207081,-4.054257704570782],[120.29675939560772,-4.054463800021397],[120.29594192869918,-4.054374193310195],[120.29537599007017,-4.054795344766473],[120.29476513567698,-4.054902872762698],[120.2939656350741,-4.0554942764862085],[120.29414529813093,-4.05573621424836],[120.29410038236672,-4.055942309321947],[120.29236663386838,-4.057098232890813],[120.2914323859729,-4.057895729582627],[120.29083051473252,-4.057895729582627],[120.29066881798138,-4.058057020952654],[120.29058796960581,-4.058272076062581],[120.29097424517798,-4.058307918575335],[120.2909562788723,-4.058800752964368],[120.29017474457513,-4.059544484291047],[120.2897345700859,-4.060395742197535],[120.28931236190236,-4.0607004027038185],[120.28928541244385,-4.060942338906294],[120.28867455805063,-4.061067787279024],[120.28779420907222,-4.061901122402811],[120.28758759655688,-4.062456678673848],[120.28774929330801,-4.062824062449382],[120.28769539439097,-4.063191446057597],[120.28719233783184,-4.064822268834746],[120.28696775901082,-4.064840189945843],[120.28660843289718,-4.0655480735155685],[120.2868330117182,-4.066094666732715],[120.28697674216366,-4.066130508897939],[120.28695877585797,-4.066462048850698],[120.28763251232108,-4.067187852054941],[120.29047118861888,-4.067698602066037],[120.2907406832041,-4.068307917445209],[120.29050712123025,-4.068872429811684],[120.29046220546604,-4.069499665310403],[120.28937524397226,-4.07145305273346],[120.2890338841643,-4.072644795943286],[120.2897345700859,-4.073110740177008],[120.28966270486316,-4.073881339663707],[120.28939321027794,-4.074598175732811],[120.28942015973647,-4.075673428638554],[120.28849489499382,-4.076354421401869],[120.28830624878415,-4.077044374008019],[120.28775827646085,-4.077313186551408],[120.2874887818756,-4.076345460974518],[120.28615029210226,-4.075745112114485],[120.28574605022442,-4.075682389073394],[120.28558435347328,-4.075834716450411],[120.28509926321983,-4.075574863848715],[120.28468603818915,-4.0751178814834255],[120.28467705503631,-4.074705701088077],[120.28427281315847,-4.074033667381842],[120.28432671207551,-4.073585644599108],[120.28351822831979,-4.073272028502742],[120.28368890822378,-4.072653756411862],[120.28322178427605,-4.07251038890265],[120.28320381797036,-4.072062365271739],[120.28339246418003,-4.071999641943508],[120.28372484083513,-4.070512201584605],[120.2828444918567,-4.070037295349052],[120.28239533421466,-4.068711140604489],[120.28113769281688,-4.06765379944644],[120.28081429931461,-4.067152009936742],[120.28036514167253,-4.06716993099604],[120.27956564106965,-4.066784628133288],[120.27877512361965,-4.067573154724886],[120.27829003336622,-4.067698602066037],[120.27783189257133,-4.068218312271292],[120.27742765069348,-4.0683168779620535],[120.27721205502527,-4.068003259813228],[120.27694256044003,-4.067922615126654],[120.27620594190705,-4.068576732907157],[120.27496626681497,-4.06765379944644],[120.27481355321667,-4.0673849836765354],[120.27416676621212,-4.06704448357258],[120.27541542445704,-4.065727284447277],[120.27474168799394,-4.065064203800958],[120.27436439557462,-4.06492979549536],[120.27397812000245,-4.065270296492687],[120.27353794551323,-4.065350941444675],[120.27312472048254,-4.0651896515326325],[120.27289115850867,-4.065521191872377],[120.2725947144649,-4.06548534968006],[120.27228030411545,-4.065673521171948],[120.27223538835126,-4.065924416426135],[120.27184012962626,-4.06630971970015],[120.27159758449952,-4.066273877542896],[120.2713730056785,-4.066094666732715],[120.27172334863931,-4.06533302034493],[120.27228030411545,-4.064660978816939],[120.27265759653478,-4.064535531003006],[120.27258573131205,-4.06417710856994],[120.2723791187967,-4.064042700116465],[120.27187606223761,-4.06406062124489],[120.27139995513701,-4.063675316896005],[120.27044774093585,-4.063334815225167],[120.26989078545971,-4.064123345191238],[120.26933382998354,-4.064544491561792],[120.26909128485683,-4.065091085459389],[120.26937874574774,-4.065350941444675],[120.26899247017558,-4.0669548782581515],[120.26834568317103,-4.067591075774817],[120.26791449183463,-4.068263114859496],[120.26734855320565,-4.068469206733142],[120.2672497385244,-4.068854508790258],[120.26586633298683,-4.070807897778443],[120.26567768677718,-4.071641222831275],[120.2649141187857,-4.071811471929486],[120.26401580350156,-4.071506815623038],[120.26287494309074,-4.070852700222581],[120.26253358328276,-4.070440517642472],[120.26229103815605,-4.070350912705829],[120.26278511156232,-4.069634072853716],[120.26274917895097,-4.068988916441239],[120.26300969038336,-4.067689641542317],[120.264330213851,-4.067205773113443],[120.26468953996465,-4.066659180649846],[120.26533632696922,-4.066246995923908],[120.26565073731865,-4.0658258504427325],[120.2662256591005,-4.065619757893032],[120.26645023792153,-4.064490728207586],[120.26626159171187,-4.0635140266487895],[120.26789652552895,-4.062967431682253],[120.26836364947671,-4.062331230517053],[120.26941467835911,-4.061399329313078],[120.27052858931141,-4.061076747876329],[120.27094181434212,-4.060664560297283],[120.27306183841266,-4.060879614712616],[120.273268450928,-4.060144845223662],[120.27293607427288,-4.059938751222497],[120.27289115850867,-4.05895308353285],[120.27177724755637,-4.057259524420093],[120.27104961217621,-4.056677082634756],[120.2710226627177,-4.0565068303412675],[120.27149876981827,-4.055798938841538],[120.27123825838588,-4.05519857467855],[120.27161555080521,-4.054239783224766],[120.2715077529711,-4.053863434866676],[120.27179521386205,-4.053621496543957],[120.27184012962626,-4.0532899513174625],[120.27221742204557,-4.053146580366602],[120.27222640519841,-4.052456607310052],[120.27265759653478,-4.05219674717511],[120.27292709112004,-4.051811437166171],[120.27281929328592,-4.0507630345848336],[120.27343014767914,-4.050664466750903],[120.27405896837803,-4.051237952161811],[120.2744452439502,-4.0511752272147925],[120.27491236789793,-4.04986696292569],[120.27479558691098,-4.049374123090216],[120.27533457608148,-4.049221790716716],[120.27519084563602,-4.048254031439],[120.27565796958375,-4.047393799998718],[120.27569390219512,-4.047026409209259],[120.27566695273659,-4.046793429597874],[120.2754064413042,-4.046703822037186],[120.27547830652694,-4.045986961194788],[120.2751010141076,-4.045888392779342],[120.27427456404621,-4.045234256627483],[120.27426558089337,-4.045019198051231],[120.27374455802857,-4.044311296501215],[120.27378947379277,-4.044150002390656],[120.2735559118189,-4.044006629820985],[120.2735559118189,-4.043684041446489],[120.27294505742572,-4.043639237495433],[120.27309777102401,-4.042214470560288],[120.27347506344334,-4.042133823300402],[120.2739871031553,-4.04136319352362],[120.27502914888485,-4.041192938009049],[120.27544237391557,-4.040950995900539],[120.2759094978633,-4.040072835048469],[120.27714018980254,-4.039633754265933],[120.27740070123495,-4.039687519272481],[120.2776522295145,-4.039508302570131],[120.27816426922644,-4.039508302570131],[120.27926021387306,-4.038952730541279],[120.28023937753277,-4.0387107877646535],[120.28112870966405,-4.038898965486041],[120.28134430533223,-4.0387107877646535],[120.28185634504416,-4.039149869046673],[120.28222465431067,-4.039266359959166],[120.28261092988284,-4.0391588298866905],[120.28276364348113,-4.038943769698986],[120.28332958211014,-4.039140908206559],[120.28393145335049,-4.039006495592954],[120.28456027404938,-4.039176751566425],[120.28495553277438,-4.03908714316379],[120.28599757850397,-4.039866735935241],[120.28694979270513,-4.040269973281691],[120.28749776502843,-4.040816583586847],[120.2880098047404,-4.040933074260001],[120.28814455203302,-4.041201898826496],[120.28895303578872,-4.04136319352362],[120.28913269884555,-4.0415961746961635],[120.28942015973647,-4.041443840860152],[120.29020169403366,-4.041757469314867],[120.29068678428706,-4.041712665257334],[120.29083051473252,-4.041407997600461],[120.29118085769335,-4.041434880045378],[120.29130662183312,-4.04116605555611],[120.29154018380699,-4.041488644932538],[120.29192645937914,-4.0414528016748275],[120.29223188657576,-4.041112290647565],[120.29222290342292,-4.040825544408453],[120.29242951593827,-4.040798661943338],[120.29256426323089,-4.039445576714958],[120.29334579752808,-4.039257399120338],[120.29348952797353,-4.037635485662531],[120.2938129214758,-4.037196403561215],[120.29410038236672,-4.03627343428827],[120.29464835469004,-4.036174864692258],[120.29477411882982,-4.035323581319735],[120.29462140523152,-4.03425723562582],[120.29481903459403,-4.0340690568286455],[120.29503463026221,-4.034078017724738],[120.29512446179062,-4.033845034394225],[120.29600481076906,-4.033970486965111],[120.29644498525826,-4.033253614870574],[120.29724448586114,-4.033038553118885],[120.29775652557308,-4.0324829766635935],[120.29770262665603,-4.0320349308584955],[120.29792720547708,-4.031739220491841],[120.29905009958223,-4.031900517068807],[120.29922976263906,-4.032267914707971],[120.29993044856064,-4.032124540039275],[120.30007417900613,-4.031784025099764],[120.29991248225497,-4.031622728499682],[120.3001101116175,-4.031470392792442],[120.2999394317135,-4.030144174841143],[120.29946332461292,-4.029498986947623],[120.3000292632419,-4.029077822352153],[120.29970586973963,-4.028468477445072],[120.29984061703225,-4.028325102106488],[120.3002448589101,-4.028307180187389],[120.30042452196693,-4.02769783470312],[120.3012240225698,-4.0269988790269196],[120.30127792148686,-4.02646122040598],[120.3016372476005,-4.026398493543735],[120.30209538839539,-4.025914600443949],[120.3025086134261,-4.0244091534053625],[120.30287692269258,-4.023996947183243],[120.30281404062269,-4.0235220136686705],[120.30301166998518,-4.022339159183497],[120.30272420909428,-4.022240587898882],[120.30337997925167,-4.021407212016034],[120.30367642329544,-4.021317601655303],[120.30344286132156,-4.020842666578954],[120.30427829453579,-4.019910717700362],[120.30435015975853,-4.019498509202709],[120.30480830055343,-4.019382015459082],[120.30525745819548,-4.018548636653911],[120.30522152558412,-4.018073699964638],[120.30542813809947,-4.017616685153499],[120.30533830657106,-4.016935642999108],[120.30466457010799,-4.015412257174891],[120.30396388418636,-4.015179268504011],[120.30179894435163,-4.013001717326753],[120.30263437756587,-4.011505207595819],[120.30245471450904,-4.01137079041994],[120.30240979874485,-4.010985461059863],[120.3026433607187,-4.010474675348982],[120.30230200091073,-4.010331296846434],[120.30255352919029,-4.009462064136269],[120.30202352317265,-4.009238034937436],[120.30205945578402,-4.0086197140300985],[120.30190674218572,-4.008180616290212],[120.30168216336469,-4.008046198567597],[120.30225708514652,-4.006899166435925],[120.30214030415958,-4.006836438069831],[120.30161029814197,-4.00707839031254],[120.30098147744307,-4.006603446953656],[120.3004155388141,-4.006442145372813],[120.30018197684022,-4.006540718564885],[120.3001101116175,-4.006755787306358],[120.29884348706686,-4.006997739572923],[120.29831348104925,-4.007302420103082],[120.29820568321516,-4.007087351505339],[120.29830449789641,-4.0067378649133945],[120.29803500331117,-4.006442145372813],[120.29764872773899,-4.0048022441624065],[120.29824161582651,-4.00450652392225],[120.29857399248164,-4.003986772938199],[120.29906806588791,-4.00367312994333],[120.29984061703225,-4.003637285021977],[120.30017299368738,-4.002947269980068],[120.3008107975391,-4.002445440493427],[120.30097249429024,-4.0019525719482685],[120.30290387215109,-4.001325284279988],[120.30332608033463,-4.000823453799474],[120.30395490103352,-4.00061734476306],[120.3043681260642,-4.000133436386825],[120.30630848707791,-3.999586798803233],[120.30682950994269,-3.9990580834164535],[120.3062635713137,-3.998627941833208],[120.3060659419512,-3.997902077399628],[120.30515864351423,-3.9989684706052278],[120.3046466038023,-3.9993000379578203],[120.30403574940908,-3.9990939285382],[120.30324523195905,-3.9985024838289056],[120.30205945578402,-3.999004315730893],[120.30103537636012,-3.9986996321127593],[120.3005053703425,-3.9976780450372438],[120.29988553279645,-3.9971493284192983],[120.2983673799663,-3.997113483212522],[120.29663363146793,-3.9975525868875676],[120.29540293952869,-3.9968267215018902],[120.29425309596502,-3.9964413852953173],[120.29405546660252,-3.9961546233496636],[120.29360630896046,-3.996342810887808],[120.29305833663713,-3.9960291649669104],[120.29261816214793,-3.9955273312440025],[120.29012084565808,-3.994272745593643],[120.28760556286255,-3.9943533975860093],[120.28163176622314,-3.995025497214084],[120.28048192265946,-3.995231607656379],[120.27995191664185,-3.995536292563176],[120.27939496116568,-3.9954287567266404],[120.27892783721795,-3.995832016040957],[120.27871224154977,-3.9958051320928365],[120.27833494913041,-3.9955094086053635],[120.27781392626564,-3.994523662877192],[120.27741866754063,-3.9942996295919797],[120.27737375177644,-3.9938784468501876],[120.27652933540935,-3.9928030856778904],[120.27621492505989,-3.9926507427312137],[120.27539745815136,-3.992677626782681],[120.27551423913829,-3.9921220228734215],[120.27626882397696,-3.9912706935733366],[120.2762778071298,-3.991037698032104],[120.27587356525193,-3.990455208889822],[120.2752716940116,-3.9901236379627854],[120.27533457608148,-3.9893350363013247],[120.2747776206053,-3.98849266550863],[120.27484050267519,-3.98800874998187],[120.27534355923432,-3.987282876157479],[120.27498423312065,-3.986915458298315],[120.27464287331269,-3.986798959918437],[120.27431049665758,-3.9871663778296704],[120.27352896236039,-3.9871036479540116],[120.272531832395,-3.986467387516115],[120.2723970851024,-3.9867272685995356],[120.27258573131205,-3.9872201462907113],[120.27236115249103,-3.9874172972844346],[120.27149876981827,-3.987184300650408],[120.27114842685747,-3.9873276832022406],[120.2701512968921,-3.987318721793484],[120.26970213925004,-3.9875606797956222],[120.26958535826311,-3.9873366446108993],[120.26974705501425,-3.9871126093651132],[120.26851636307501,-3.9862791977147713],[120.26804025597441,-3.98629712055485],[120.26730363744144,-3.9852127880269252],[120.26783364345907,-3.9838864950572943],[120.26780669400054,-3.983438422624864],[120.26719583960735,-3.9824347394907913],[120.26459970843624,-3.9820314736011317],[120.26352173009529,-3.9822286258385406],[120.26229103815605,-3.9828738510125805],[120.26194967834809,-3.982891773926861],[120.26154543647024,-3.981726783686796],[120.25987457004177,-3.980633483654067],[120.25954219338665,-3.9799255263010824],[120.25947931131677,-3.9793878367655733],[120.25967694067927,-3.9787246858550156],[120.25863489494968,-3.9781332264843843],[120.25787132695818,-3.9783124566415387],[120.25705386004965,-3.9791996453452145],[120.25684724753428,-3.9796835660535446],[120.25618249422405,-3.980149563503933],[120.25354144728874,-3.980633483654067],[120.25207719337561,-3.9796746045615294],[120.25162803573356,-3.979629797099994],[120.25138549060685,-3.9798807188531984],[120.25132260853697,-3.9806603680985133],[120.25113396232727,-3.9809381739730534],[120.25010089975054,-3.9811711723761958],[120.24977750624826,-3.981036750228585],[120.2495888600386,-3.980705175503972],[120.24971462417838,-3.9801764479641784],[120.25031649541874,-3.9790831458729676],[120.25022666389033,-3.978733647357366],[120.24966072526134,-3.9782407645833557],[120.24850189854482,-3.978473763749639],[120.24748680227376,-3.979405759755746],[120.24663340275384,-3.979835911402876],[120.24617526195895,-3.9809471354513173],[120.24620221141747,-3.9827573520602466],[120.2456811885527,-3.9835101142304508],[120.2450523678538,-3.983761034800812],[120.24365997916343,-3.983787919143097],[120.24261793343383,-3.9836176516271196],[120.24222267470883,-3.983725189009731],[120.2416297866213,-3.984307682921266],[120.24185436544232,-3.9853024023396304],[120.24155792139858,-3.985660859492802],[120.24116266267357,-3.985795280884959],[120.24079435340707,-3.98566982091963],[120.24021943162523,-3.9850604436729142],[120.24090215124116,-3.984280798595965],[120.24101893222809,-3.98359972872865],[120.24057875773889,-3.9832323092240047],[120.23902467229736,-3.9829186582975473],[120.23752448577287,-3.9828738510125805],[120.23686871561547,-3.983447384075904],[120.23662617048876,-3.984370413010215],[120.23597938348419,-3.9849170607257145],[120.23517089972847,-3.9849170607257145],[120.23441631488983,-3.985266556615719],[120.23400308985912,-3.9851679808669096],[120.23373359527389,-3.984442104534586],[120.23376054473242,-3.983877533611038],[120.23399410670628,-3.9834025768197283],[120.23459597794665,-3.9829096968407507],[120.23482953992051,-3.9823899321794753],[120.234802590462,-3.982058357999924],[120.23446123065403,-3.9818970515940046],[120.23411987084606,-3.9819866662678627],[120.23387732571935,-3.982264471694813],[120.23374257842673,-3.983286077942249],[120.23333833654888,-3.9838864950572943],[120.23279036422556,-3.9841015697381805],[120.2324040886534,-3.98391337939548],[120.23221544244373,-3.983438422624864],[120.23232324027784,-3.9829724270362883],[120.23287121260113,-3.9824257780287224],[120.2334281680773,-3.9821479726562172],[120.2337785110381,-3.9812876715530376],[120.23350003330003,-3.978169072518934],[120.23322155556195,-3.9777568430274486],[120.23292511151817,-3.9776761894071657],[120.23199984677555,-3.9781421879931673],[120.23159560489768,-3.9793430292884358],[120.2312272956312,-3.9795132976885905],[120.23120932932552,-3.979997218212626],[120.23032898034708,-3.9801585249907796],[120.22940371560443,-3.9800689101179283],[120.22934981668739,-3.980893366580274],[120.22923303570045,-3.9809650584075507],[120.22915218732489,-3.9818612057217293],[120.22886472643397,-3.982855928097911],[120.22871201283567,-3.9832950393949496],[120.22832573726349,-3.98319646340989],[120.22817302366519,-3.9840029938497548],[120.22774183232882,-3.9849260221606477],[120.22574757239806,-3.9839402637327876],[120.2251636674634,-3.9835101142304508],[120.22570265663387,-3.9815654772158995],[120.22528044845033,-3.9813235174502872],[120.225864353385,-3.9795132976885905],[120.22339398635368,-3.978930800384399],[120.2234209358122,-3.9779450347774077],[120.22317839068549,-3.97793607326648],[120.22279211511331,-3.977057844722725],[120.22305262654572,-3.976412614992138],[120.22112124868485,-3.975749461687142],[120.22041157961038,-3.975005653967091],[120.220717006807,-3.973795844796485],[120.22031276492915,-3.972066262678173],[120.22044751222175,-3.9701574450439754],[120.22011513556664,-3.969718326747734],[120.21930665181092,-3.9693777858674104],[120.21887546047455,-3.969655595543491],[120.21823765662282,-3.9707041021884257],[120.21802206095464,-3.972541226004459],[120.2173123918802,-3.9729893043635127],[120.21689916684949,-3.973025150621724],[120.21639611029039,-3.9724874565850175],[120.21635119452618,-3.971116335205456],[120.216135598858,-3.970551755151768],[120.21582118850854,-3.9703456385280074],[120.2154169466307,-3.970327715340901],[120.21450964819373,-3.9707399485459067],[120.212910646988,-3.9722634172996334],[120.21167995504877,-3.9724605718739827],[120.21026960005268,-3.973482190277372],[120.20947908260267,-3.9736614214457564],[120.20927247008733,-3.973482190277372],[120.20927247008733,-3.9731595740761416],[120.20984739186916,-3.9729265734078956],[120.21044027995669,-3.9722454941541745],[120.21044926310952,-3.9720483395284334],[120.21017078537143,-3.9720304163783013],[120.20974857718791,-3.9724336871620745],[120.2089850091964,-3.972792149915511],[120.20850890209582,-3.9728279961822883],[120.20782618247988,-3.9723440714493803],[120.20734109222647,-3.971250758970843],[120.20748482267192,-3.970551755151768],[120.20807771075943,-3.96982586594392],[120.20862568308276,-3.9698975587335945],[120.20870653145832,-3.9701395218527833],[120.20855381786002,-3.9706055246973295],[120.20872449776401,-3.970901257135302],[120.20900297550207,-3.9708922955478294],[120.20951501521404,-3.97047110082686],[120.20980247610495,-3.9699602899194524],[120.2097934929521,-3.9697004035470087],[120.20966772881233,-3.9692792082179458],[120.20929941954586,-3.968866974283592],[120.20696379980711,-3.968741511740985],[120.20514021978038,-3.9708474876090056],[120.20463716322125,-3.971089450449753],[120.20428682026045,-3.9710356809357163],[120.20282256634735,-3.9690103600232303],[120.20127746405865,-3.967397269017049],[120.2009630537092,-3.9667609933649812],[120.19982219329837,-3.966483182715332],[120.1989328611671,-3.9664921443506502],[120.19846573721937,-3.9663039499885713],[120.19848370352504,-3.965927561135839],[120.19938201880916,-3.965497402237096],[120.19946286718474,-3.965273361055334],[120.1991035410711,-3.9642517324967317],[120.19837590569095,-3.9640545759629027],[120.19808844480004,-3.9642069241977174],[120.19765725346365,-3.9648432018161244],[120.19735182626705,-3.9649597032988466],[120.19704639907046,-3.9648342401629275],[120.19680385394375,-3.964368234062806],[120.19718114636308,-3.96365130108819],[120.19693860123637,-3.9633107577074913],[120.19776505129774,-3.9623787435274678],[120.19766623661648,-3.961195800940553],[120.19786386597899,-3.9607118693947903],[120.19781895021478,-3.960111435416839],[120.19828607416254,-3.9597977757029033],[120.19887896225005,-3.959627503236992],[120.19904964215402,-3.9594034604653214],[120.19905862530689,-3.95899122160702],[120.19956168186599,-3.95876717866315],[120.19977727753417,-3.9573691493240335],[120.19911252422393,-3.9571092589944366],[120.19924727151655,-3.9566880572526038],[120.19981321014554,-3.9564102432205606],[120.2004599971501,-3.9563833579867094],[120.2016996722422,-3.9572974554481526],[120.20196018367459,-3.957163029414147],[120.20224764456549,-3.957234723301666],[120.20231950978823,-3.956777674662421],[120.20166373963083,-3.956284778788454],[120.20156492494958,-3.956015926369959],[120.20181645322913,-3.9555857623189],[120.20241832446948,-3.9551107892531023],[120.2022925603297,-3.954671662968947],[120.20319985876667,-3.9534170151608334],[120.20334358921212,-3.9529958115423685],[120.2032088419195,-3.9529061937235994],[120.20326274083655,-3.952762805193422],[120.20345138704621,-3.952368486607581],[120.20380173000704,-3.952108594709854],[120.20378376370135,-3.951893511698419],[120.20406224143943,-3.9515888106700725],[120.20480784312525,-3.951203453326865],[120.20511327032185,-3.9514633455082184],[120.20551751219969,-3.9514454219121187],[120.20555344481106,-3.950818095804637],[120.2063888780253,-3.9501818074110346],[120.20634396226109,-3.9494648621575505],[120.20685600197302,-3.9488196108998466],[120.20788008139692,-3.9482550156378733],[120.20889517766798,-3.948559717890449],[120.2093084026987,-3.948201244640516],[120.209856375022,-3.9457636224365316],[120.20947009944983,-3.9447867791777615],[120.20973061088222,-3.943738239722937],[120.20921857117025,-3.9434424975862274],[120.2089850091964,-3.9425911181203346],[120.20900297550207,-3.9419727472247925],[120.20957789728392,-3.9409510899550453],[120.2096587456595,-3.940323755921865],[120.2093533184629,-3.9384507129222732],[120.20894009343219,-3.9374380132766227],[120.20926348693446,-3.9358069369210673],[120.21015281906575,-3.9356008116597274],[120.21093435336294,-3.935744203151278],[120.21104215119703,-3.9347135762568115],[120.211554190909,-3.934453678838612],[120.21165300559025,-3.9339338837589706],[120.2110780838084,-3.9336829480872133],[120.21083553868169,-3.933405126362476],[120.21083553868169,-3.9332079625016285],[120.21109605011408,-3.93299287460023],[120.21104215119703,-3.9325806226340516],[120.21150029199192,-3.932544774627355],[120.21176978657718,-3.932374496574495],[120.21189555071695,-3.9320339403644144],[120.21223691052491,-3.9319712063105396],[120.2123896241232,-3.9312990554370426],[120.21267708501415,-3.931334903497311],[120.21344963615847,-3.930967460806506],[120.21388082749486,-3.931066043007738],[120.21423117045566,-3.930922650711184],[120.21480609223748,-3.9301339926393712],[120.21542592978354,-3.929614194866085],[120.21567745806308,-3.9291212828852875],[120.2156145759932,-3.928484977897593],[120.21585712111991,-3.9283057369683827],[120.21622543038642,-3.9271585941097182],[120.21627034615062,-3.9265133255588034],[120.21655780704153,-3.9261906910962927],[120.21619848092789,-3.9252317490411404],[120.21650390812448,-3.9244520476798876],[120.21697103207221,-3.9238336633240674],[120.21750103808986,-3.9238336633240674],[120.21819274085861,-3.9216648334147695],[120.2188395278632,-3.9210464469961614],[120.21928868550525,-3.920320514529736],[120.2207798888769,-3.9197021271167354],[120.22101345085076,-3.9190389285134226],[120.22103141715644,-3.917766302693783],[120.22125599597747,-3.9170941403880404],[120.22192074928773,-3.9161799987857546],[120.22241482269398,-3.9158304737915945],[120.22330415482527,-3.913679547538415],[120.22299872762868,-3.9128908731946415],[120.2223968563883,-3.912541346827542],[120.22112124868485,-3.9121649336537296],[120.22068107419565,-3.911752671412184],[120.21891139308592,-3.9109191840868864],[120.21862393219502,-3.9103814498887184],[120.21773460006372,-3.909395602962808],[120.2169889983779,-3.9093149427084737],[120.21600983471821,-3.9096465459266674],[120.2154618623949,-3.908131924753467],[120.21538101401933,-3.9068323955311075],[120.21719561089324,-3.9062319227276916],[120.2177974821336,-3.9058106952807856],[120.21863291534785,-3.9048606921776075],[120.21933360126944,-3.9043946525263293],[120.220151068178,-3.9044753132537187],[120.22044751222175,-3.9043498410077637],[120.22139074327009,-3.903265401529184],[120.22206447973319,-3.9019479401132298],[120.22356466625766,-3.9004243427020113],[120.2240946722753,-3.9012399157775404]]]}},{"type":"Feature","id":9,"properties":{"FID":9,"Id":0,"Kecamatan":"Kec. Belawa","Luas_Ha":16946.512,"Luas":16946.512},"geometry":{"type":"Polygon","coordinates":[[[119.93668768027408,-3.930223612912367],[119.93704700638774,-3.9323565725669063],[119.93731650097298,-3.9327777866433182],[119.93812498472869,-3.9333423924118116],[119.94011026150658,-3.9341668953865003],[119.94497014719369,-3.9357352411837785],[119.9504319041211,-3.93780545311349],[119.95542653710083,-3.938827114246359],[119.95738486442022,-3.938934657450541],[119.96057388367882,-3.9384417509839103],[119.96491274650113,-3.937231888419073],[119.97370725313266,-3.9357352411837785],[119.97711186805947,-3.934973473593924],[119.98375940116196,-3.934901777784889],[119.99067642884968,-3.9343730210026835],[119.99538360093845,-3.934355097038084],[119.99998297519315,-3.9338890738231282],[120.00033331815395,-3.934077275537471],[120.00296538193643,-3.9341937813393297],[120.00414217495863,-3.934579146567867],[120.01177785487363,-3.938154968905346],[120.01188565270775,-3.9379129964496937],[120.01411347461236,-3.938011577829007],[120.02381527968085,-3.9403685655113545],[120.0230247622308,-3.9412737187021443],[120.02315950952345,-3.941452956840894],[120.02299781277229,-3.9415694616103636],[120.02283611602115,-3.942465651599012],[120.02271035188137,-3.9424477278087044],[120.02255763828308,-3.9431377934565246],[120.02237797522626,-3.943092984016266],[120.02206356487682,-3.9442580286778766],[120.0218659355143,-3.944195295545393],[120.01988065873641,-3.954698548258336],[120.02013218701596,-3.9547523188345006],[120.01761690422043,-3.9636244160895497],[120.0170689318971,-3.9636781860859562],[120.01686231938176,-3.966635530502513],[120.01611671769594,-3.966608645600934],[120.0155597622198,-3.968678780462534],[120.01505670566067,-3.9685174714389237],[120.01456263225441,-3.971421029042234],[120.01292769843732,-3.9711701047142385],[120.01104123634067,-3.97134037480227],[120.0111131015634,-3.979871757363328],[120.01054716293439,-3.986225429192189],[120.00578609192856,-3.98499771363659],[120.00386369722057,-3.989039310483114],[120.00167180792731,-3.991476804958549],[119.99532071886857,-3.997651161149643],[119.99159271043948,-4.001871920703546],[119.99053269840422,-4.004416911707168],[119.99091897397638,-4.004587174907435],[119.9908560919065,-4.004999390929813],[119.99051473209853,-4.005814861144979],[119.98970624834283,-4.0069081276306875],[119.99016438913772,-4.007042545540359],[119.98970624834283,-4.007947625556969],[119.98994879346954,-4.008082043295787],[119.98933793907634,-4.0100624620863625],[119.98945472006328,-4.010161034841991],[119.98868216891893,-4.012033914939706],[119.98895166350415,-4.012087681769068],[119.98843962379222,-4.014283157611651],[119.98741554436832,-4.013987440801319],[119.98690350465638,-4.015851351027693],[119.98530450345064,-4.023835649039537],[119.98230413040169,-4.022796171347264],[119.97911511114306,-4.022392925333715],[119.97706695229526,-4.0266852448745345],[119.97408454555197,-4.0309775417793325],[119.97316826396217,-4.03293998313034],[119.97734543003334,-4.037411464211943],[119.98085784279424,-4.040323738246071],[119.98181005699541,-4.041049564916422],[119.98233107986022,-4.041255663729102],[119.98181904014825,-4.043003021123145],[119.98107343846243,-4.044158963175418],[119.97919595951863,-4.048737911222482],[119.97959121824364,-4.048926086615724],[119.9782527284703,-4.051461969790028],[119.9774891604788,-4.053944080958157],[119.9764650810549,-4.055781017529698],[119.9763123674566,-4.055225456665536],[119.97597100764864,-4.055046243402077],[119.97559371522932,-4.055180653353396],[119.97518947335145,-4.055646607678232],[119.97466845048667,-4.055888545394773],[119.97447082112417,-4.055843742119398],[119.9743899727486,-4.055592843731385],[119.97459658526394,-4.054669895419464],[119.97403962978777,-4.053997845014678],[119.97378810150822,-4.053442282924896],[119.97350064061732,-4.0532899513174625],[119.9724945274991,-4.053325794051205],[119.97227893183091,-4.052680624600745],[119.97204536985703,-4.052582057000485],[119.97173994266043,-4.052886720453374],[119.97169502689623,-4.054096412442344],[119.9712279029485,-4.054571328061727],[119.97086857683483,-4.054607170738659],[119.97013195830186,-4.054266665243641],[119.96959296913138,-4.0542487438978245],[119.96886533375125,-4.054463800021397],[119.96811973206543,-4.055162732027845],[119.96744599560233,-4.055028322073545],[119.96704175372449,-4.055332984604535],[119.96687107382051,-4.056542672932351],[119.96739209668529,-4.059983554270704],[119.96603564060626,-4.0622326640944575],[119.96564936503411,-4.062555245069072],[119.96490376334827,-4.06262692971258],[119.96385273446586,-4.061945925342076],[119.96285560450048,-4.062098255316967],[119.9618135587709,-4.061677107669168],[119.95966658524188,-4.062429796927605],[119.95869640473502,-4.063021195138009],[119.95816639871738,-4.063173524909858],[119.95752859486566,-4.063074958590182],[119.956774010027,-4.062429796927605],[119.95547145286503,-4.062331230517053],[119.95519297512696,-4.062465639255729],[119.95486059847183,-4.063012234562299],[119.95451025551102,-4.063048076864544],[119.95331549618314,-4.064481767648202],[119.95242616405186,-4.064759544942766],[119.94950663937848,-4.064804347723249],[119.94922816164039,-4.065126927669235],[119.9486173072472,-4.065270296492687],[119.94692847451304,-4.065126927669235],[119.94645236741248,-4.0655570340631],[119.94581456356073,-4.06570040281006],[119.94575168149085,-4.065942337512732],[119.94595829400619,-4.066193232683245],[119.94915629641766,-4.06897995593187],[119.94932697632164,-4.069463823295065],[119.94903951543073,-4.069651993857795],[119.9480962843824,-4.069463823295065],[119.94507794502778,-4.067994299292897],[119.94295792095726,-4.0672953783999715],[119.94208655513165,-4.067143049406943],[119.94086484634525,-4.067349141567105],[119.94028992456342,-4.067241615229249],[119.9380621026588,-4.065727284447277],[119.93472036980188,-4.064867071611744],[119.93250153105011,-4.063272091217491],[119.93100134452561,-4.062797180715384],[119.92939336016704,-4.062546284488187],[119.92815368507496,-4.061757752980444],[119.926851127913,-4.062196821755984],[119.92502754788622,-4.061838398283661],[119.92337464776345,-4.06225954584727],[119.92189242754463,-4.061488935244847],[119.92134445522133,-4.061471014059288],[119.92057190407698,-4.061686068259708],[119.91932324583206,-4.062465639255729],[119.91667321574391,-4.063325854652939],[119.91581083307115,-4.063379618084805],[119.91334944919267,-4.063173524909858],[119.90997178372439,-4.064195029695376],[119.90852549611695,-4.064150226881035],[119.90787870911238,-4.063818685977561],[119.90756429876295,-4.063424420941956],[119.90708819166234,-4.063469223796619],[119.90687259599416,-4.0633168940806135],[119.90689954545269,-4.062582126811135],[119.90649530357484,-4.061883201226408],[119.90643242150496,-4.060790008713192],[119.90586648287595,-4.059813302674286],[119.90536342631685,-4.059454878143408],[119.90435731319863,-4.059195020259018],[119.9035667957486,-4.058791792341797],[119.90318052017643,-4.058406485477203],[119.90272237938152,-4.05755522547346],[119.90244390164345,-4.057384973365045],[119.90205762607128,-4.057411855279285],[119.90192287877868,-4.057707556276885],[119.90313560441223,-4.05896204415363],[119.90319848648213,-4.060019396707481],[119.9023450869622,-4.0613097233713615],[119.90132999069114,-4.0617846347490785],[119.9002969281144,-4.060503269448179],[119.89954234327575,-4.060368860382637],[119.89870691006152,-4.060503269448179],[119.89841046601776,-4.060413663406971],[119.89868894375584,-4.059929790612557],[119.89826673557229,-4.0594369569126885],[119.89866199429731,-4.058872437941352],[119.89772774640183,-4.0579405327441975],[119.89728757191261,-4.059239823348501],[119.89691926264611,-4.057680674372485],[119.89610179573758,-4.057268485059664],[119.89505076685516,-4.055341945265474],[119.8935595634835,-4.05335267610047],[119.89320023736987,-4.052635821147571],[119.89136767419025,-4.050395645324607],[119.89011901594533,-4.048487010630114],[119.88905002075722,-4.046452920814518],[119.88883442508904,-4.046506685368775],[119.88955307731635,-4.045386589751123],[119.88903205445155,-4.043406256910011],[119.88942731317657,-4.042106940878656],[119.89005613387543,-4.038540531693417],[119.89139462364878,-4.03339698934008],[119.89120597743911,-4.031658572191356],[119.89222107371018,-4.022536301716953],[119.89216717479313,-4.0060747360977205],[119.8954100929688,-3.9972747866306815],[119.89813198827967,-3.9917814912593106],[119.89866199429731,-3.987381451652729],[119.89700011102168,-3.9813504018722017],[119.89588620006937,-3.976412614992138],[119.89641620608701,-3.9703725233079377],[119.89733248767682,-3.968526433052173],[119.8982038535024,-3.968060429034269],[119.90061133846386,-3.9643323874288394],[119.90060235531102,-3.9629522908394685],[119.90074608575648,-3.962414590246119],[119.9012760917741,-3.9619396210979168],[119.90294695820258,-3.9610255287622773],[119.90326136855201,-3.960684984300616],[119.9038722229452,-3.9583639012114045],[119.90446511103272,-3.957091335520424],[119.90668394978451,-3.953784447929841],[119.9076002313743,-3.9509166756529424],[119.90928906410844,-3.949563442166635],[119.91001669948858,-3.9483356721273806],[119.91188519527954,-3.9459876688935744],[119.91281046002219,-3.9438726679321046],[119.91319673559437,-3.9436127733747597],[119.91466997266032,-3.9431646791195205],[119.91670016520244,-3.9416232330369225],[119.91813746965703,-3.9372229264675873],[119.91848781261783,-3.936783790726591],[119.91897290287126,-3.9367389809440776],[119.92175768025201,-3.935573925752313],[119.92320396785945,-3.933530594249634],[119.92650078495217,-3.9307792583899697],[119.929734719975,-3.9307075622201153],[119.93023777653413,-3.9305552078387085],[119.93266322780124,-3.9288076114731343],[119.93331899795864,-3.9287628012617697],[119.93469342034335,-3.928951004133324],[119.93643615199453,-3.9294439162147414],[119.93668768027408,-3.930223612912367]]]}},{"type":"Feature","id":10,"properties":{"FID":10,"Id":0,"Kecamatan":"Danau Tempe","Luas_Ha":11523.81,"Luas":11523.81},"geometry":{"type":"Polygon","coordinates":[[[120.00762763826101,-4.126916516095886],[120.00675627243541,-4.129487991833642],[120.00521117014674,-4.130509411940225],[120.00170774053868,-4.131512911115238],[119.99887804739369,-4.132579127597628],[119.99428765629183,-4.136028641687651],[119.99428765629183,-4.136736462202823],[119.99278746976736,-4.137184449543855],[119.99165559250937,-4.136879818179517],[119.98854742162631,-4.137166530055079],[119.9871280834774,-4.138671765698999],[119.98741554436832,-4.140651862991604],[119.98600518937226,-4.142067495123285],[119.98420855880401,-4.142255648570356],[119.98374143485627,-4.142820108643071],[119.98439720501366,-4.143949027580089],[119.98590637469101,-4.145454250322469],[119.98657112800124,-4.146771317871015],[119.98609502090066,-4.14695947019878],[119.98336414243693,-4.145454250322469],[119.98288803533636,-4.146305416676135],[119.98326532775567,-4.147335774719913],[119.98364262017502,-4.149127698552201],[119.98600518937226,-4.151860374568571],[119.98506195832393,-4.153275986621386],[119.98138784881189,-4.151582627602015],[119.97996851066296,-4.1498803053495426],[119.97752509309015,-4.148939546740808],[119.97610575494126,-4.14979070933985],[119.97516252389292,-4.1519589299203075],[119.97450675373553,-4.152523383061352],[119.97394081510652,-4.154127144544491],[119.97695915446117,-4.156474543741357],[119.97921392582431,-4.157800552412596],[119.98082191018288,-4.160058345827428],[119.98082191018288,-4.162127984106334],[119.97931274050556,-4.164672467001802],[119.97620456962251,-4.168820673233477],[119.97822577901178,-4.172261069571743],[119.97803713280211,-4.17480551967007],[119.97671660933446,-4.1765973809873564],[119.97662677780606,-4.180835116716315],[119.97549490054807,-4.182250676612905],[119.97012297514902,-4.182626964256461],[119.96890126636262,-4.183943969585596],[119.96749091136654,-4.186201687854345],[119.96654768031823,-4.188369807999221],[119.96484986443123,-4.188934234985305],[119.96287357080617,-4.1886565011224075],[119.96042117008052,-4.1871513610537745],[119.95976539992313,-4.185171380721775],[119.9582562302458,-4.183567682574647],[119.95269565863708,-4.182528412748234],[119.95307295105644,-4.1865779735994915],[119.95278549016552,-4.191577181326606],[119.95114157319557,-4.195107068605225],[119.94954257198985,-4.19614632171943],[119.95104275851432,-4.198314414280928],[119.95114157319557,-4.199729942538698],[119.9494437573086,-4.200106221770148],[119.94841069473186,-4.198126274255905],[119.94709017126418,-4.196235912440391],[119.94664999677498,-4.19613736264677],[119.94733271639092,-4.193655695563007],[119.94717101963978,-4.189982455450419],[119.94898561651368,-4.1881637472520445],[119.94962342036541,-4.187214075281101],[119.94990189810349,-4.185735810014512],[119.94981206657508,-4.183693111598382],[119.94850950941311,-4.181605611660682],[119.94653321578804,-4.180100458040719],[119.9458504961721,-4.179321002351699],[119.9456977825738,-4.178227971229819],[119.9459762603119,-4.175567061229819],[119.94591337824198,-4.17495782804113],[119.94476353467832,-4.168999860914568],[119.9444760737874,-4.168417500801678],[119.94213147089584,-4.165908867692124],[119.94156553226686,-4.164305130190455],[119.94082891373388,-4.16366005049704],[119.93980483430998,-4.162853700136773],[119.93535817365358,-4.161500821565894],[119.9343340942297,-4.1606317526485155],[119.93308543598476,-4.158956328421273],[119.9324116995217,-4.15768407876732],[119.93190864296257,-4.156304312736883],[119.93197152503245,-4.154817029766228],[119.9327440761768,-4.150122214524936],[119.93459460566208,-4.146350214879886],[119.93409154910299,-4.144056543585287],[119.93415443117287,-4.142963463518039],[119.93473833610756,-4.141529913599387],[119.93445087521663,-4.141135686916405],[119.93295068869216,-4.1404995479911],[119.93327408219443,-4.139935086263057],[119.93327408219443,-4.139630455956879],[119.9330944191376,-4.139245188048839],[119.93243864898021,-4.138868879678597],[119.93233983429894,-4.138358175175781],[119.93246559843874,-4.137954987177742],[119.9324566152859,-4.136494548933325],[119.93302255391488,-4.135043067765247],[119.93303153706772,-4.134595079213508],[119.93490003285869,-4.133394468646302],[119.93627445524339,-4.133116715196406],[119.93753209664116,-4.132561208004726],[119.93839447931393,-4.131701067069225],[119.93914008099972,-4.130500452120446],[119.93931974405658,-4.129470072170914],[119.93915804730543,-4.128036497841808],[119.93831363093835,-4.126020529561795],[119.93638225307748,-4.123484882193363],[119.93275305932966,-4.12001739372193],[119.93144151901484,-4.1190317999241115],[119.92979760204489,-4.118046204905349],[119.928207583992,-4.116424450445151],[119.92616840829704,-4.11359309219898],[119.92502754788622,-4.112732930738603],[119.92394956954527,-4.112141569195968],[119.92114682585883,-4.112060928951608],[119.91864052621612,-4.111469566910332],[119.91710440708029,-4.110878204430315],[119.91584676568252,-4.110125560639492],[119.91528082705351,-4.109605877607378],[119.91363691008358,-4.107464421540338],[119.91244215075571,-4.106317530571775],[119.91182231320965,-4.10591432632405],[119.91119349251078,-4.105905366227342],[119.90992686796018,-4.106469852123459],[119.90769904605555,-4.107070177955822],[119.90650428672768,-4.10712393845609],[119.9054173252339,-4.106604253468447],[119.90423154905886,-4.104122304981207],[119.8994255622888,-4.100305286117119],[119.9034140821503,-4.0955115863714795],[119.90885787277207,-4.087259187407131],[119.91101382945396,-4.0801177920576475],[119.91099586314829,-4.074078469646392],[119.90818413630898,-4.0693473367341975],[119.9070342927453,-4.067868851997787],[119.9033691663861,-4.0635140266487895],[119.90268644677016,-4.062967431682253],[119.90154558635932,-4.062465639255729],[119.90105151295307,-4.061981767691698],[119.9014737211366,-4.061901122402811],[119.90132999069114,-4.0617846347490785],[119.9023450869622,-4.0613097233713615],[119.90303678973098,-4.060422624011539],[119.9032164527878,-4.059929790612557],[119.9031715370236,-4.059033729116294],[119.90205762607128,-4.057985335903285],[119.90194982823719,-4.057510422290514],[119.9021923733639,-4.057367052088388],[119.90258763208891,-4.057447697830214],[119.9035667957486,-4.058791792341797],[119.90580360080605,-4.059750578392871],[119.90643242150496,-4.060790008713192],[119.90649530357484,-4.061883201226408],[119.90689954545269,-4.062582126811135],[119.90687259599416,-4.0633168940806135],[119.90708819166234,-4.063469223796619],[119.90756429876295,-4.063424420941956],[119.90787870911238,-4.063818685977561],[119.90852549611695,-4.064150226881035],[119.90997178372439,-4.064195029695376],[119.91334944919267,-4.063173524909858],[119.91581083307115,-4.063379618084805],[119.91667321574391,-4.063325854652939],[119.91932324583206,-4.062465639255729],[119.92057190407698,-4.061686068259708],[119.92134445522133,-4.061471014059288],[119.92189242754463,-4.061488935244847],[119.92337464776345,-4.06225954584727],[119.92502754788622,-4.061838398283661],[119.926851127913,-4.062196821755984],[119.92815368507496,-4.061757752980444],[119.92939336016704,-4.062546284488187],[119.93100134452561,-4.062797180715384],[119.93250153105011,-4.063272091217491],[119.93472036980188,-4.064867071611744],[119.9380621026588,-4.065727284447277],[119.94028992456342,-4.067241615229249],[119.94086484634525,-4.067349141567105],[119.94208655513165,-4.067143049406943],[119.94295792095726,-4.0672953783999715],[119.94507794502778,-4.067994299292897],[119.9480962843824,-4.069463823295065],[119.94903951543073,-4.069651993857795],[119.94932697632164,-4.069463823295065],[119.94915629641766,-4.06897995593187],[119.94595829400619,-4.066193232683245],[119.94575168149085,-4.065942337512732],[119.94581456356073,-4.06570040281006],[119.94645236741248,-4.0655570340631],[119.94692847451304,-4.065126927669235],[119.9486173072472,-4.065270296492687],[119.94922816164039,-4.065126927669235],[119.94950663937848,-4.064804347723249],[119.95242616405186,-4.064759544942766],[119.95331549618314,-4.064481767648202],[119.95451025551102,-4.063048076864544],[119.95486059847183,-4.063012234562299],[119.95519297512696,-4.062465639255729],[119.95547145286503,-4.062331230517053],[119.956774010027,-4.062429796927605],[119.95752859486566,-4.063074958590182],[119.95816639871738,-4.063173524909858],[119.95869640473502,-4.063021195138009],[119.95966658524188,-4.062429796927605],[119.9618135587709,-4.061677107669168],[119.96285560450048,-4.062098255316967],[119.96385273446586,-4.061945925342076],[119.96490376334827,-4.06262692971258],[119.96564936503411,-4.062555245069072],[119.96603564060626,-4.0622326640944575],[119.96739209668529,-4.059983554270704],[119.96687107382051,-4.056542672932351],[119.96704175372449,-4.055332984604535],[119.96744599560233,-4.055028322073545],[119.96811973206543,-4.055162732027845],[119.96886533375125,-4.054463800021397],[119.96959296913138,-4.0542487438978245],[119.97013195830186,-4.054266665243641],[119.97086857683483,-4.054607170738659],[119.9712279029485,-4.054571328061727],[119.97169502689623,-4.054096412442344],[119.97173994266043,-4.052886720453374],[119.97210825192694,-4.052573096308958],[119.97227893183091,-4.052680624600745],[119.9724945274991,-4.053325794051205],[119.97350064061732,-4.0532899513174625],[119.97378810150822,-4.053442282924896],[119.97403962978777,-4.053997845014678],[119.97459658526394,-4.054669895419464],[119.9743899727486,-4.055592843731385],[119.97453370319406,-4.055888545394773],[119.97518947335145,-4.055646607678232],[119.9758093108975,-4.055073125394128],[119.9763123674566,-4.055225456665536],[119.9766357609589,-4.0560946404295075],[119.97668965987594,-4.058388564223212],[119.98103750585106,-4.060825851114155],[119.98752334220241,-4.063325854652939],[119.99555428084244,-4.0652882175938245],[120.00672033982404,-4.066273877542896],[120.00884036389458,-4.06904267949535],[120.00965783080314,-4.0727881634285525],[120.00884036389458,-4.075073079276772],[120.00705271647917,-4.077187740709014],[120.00835527364113,-4.079311356972371],[120.00884036389458,-4.082895506708567],[120.00965783080314,-4.086479640440734],[120.0114454782185,-4.089741188216941],[120.01274803538048,-4.0931640070466315],[120.01242464187821,-4.096255283728909],[120.0099812243054,-4.1001708837121065],[120.00835527364113,-4.10375494010914],[120.00966681395597,-4.106048727762591],[120.00890324596446,-4.108969713434616],[120.00826544211273,-4.113046531378594],[120.00813967797295,-4.118512122702728],[120.00852595354513,-4.124371911698357],[120.00762763826101,-4.126916516095886]]]}},{"type":"Feature","id":11,"properties":{"FID":11,"Id":0,"Kecamatan":" Kec. Maniangpajo","Luas_Ha":15844.161,"Luas":15844.161},"geometry":{"type":"Polygon","coordinates":[[[120.01054716293439,-3.986225429192189],[120.0111131015634,-3.979871757363328],[120.01104123634067,-3.97134037480227],[120.01292769843732,-3.9711701047142385],[120.01456263225441,-3.971421029042234],[120.01505670566067,-3.9685174714389237],[120.0155597622198,-3.968678780462534],[120.01611671769594,-3.966608645600934],[120.01686231938176,-3.966635530502513],[120.0170689318971,-3.9636781860859562],[120.01761690422043,-3.9636244160895497],[120.02013218701596,-3.9547523188345006],[120.01988065873641,-3.954698548258336],[120.0218659355143,-3.944195295545393],[120.02206356487682,-3.9442580286778766],[120.02237797522626,-3.943092984016266],[120.02255763828308,-3.9431377934565246],[120.02271035188137,-3.9424477278087044],[120.02283611602115,-3.942465651599012],[120.02299781277229,-3.9415694616103636],[120.02315950952345,-3.941452956840894],[120.0230247622308,-3.9412737187021443],[120.02381527968085,-3.9403685655113545],[120.01411347461236,-3.938011577829007],[120.01188565270775,-3.9379129964496937],[120.01203836630604,-3.937590366399397],[120.01327804139812,-3.936470122198354],[120.01441890180895,-3.935771089053195],[120.0148231436868,-3.9357621270859857],[120.01553281276126,-3.936308806909249],[120.01608078508457,-3.936281921024693],[120.01753605584486,-3.935887594618139],[120.01825470807213,-3.935322990574594],[120.01864098364433,-3.933656062117902],[120.01856013526873,-3.9310391569540135],[120.01936861902445,-3.9292109032670974],[120.01934166956592,-3.9268538840228375],[120.01977286090232,-3.926360970411489],[120.02158745777622,-3.92517797655684],[120.02206356487682,-3.924702986128469],[120.02344697041435,-3.9226327416731643],[120.0241566394888,-3.922220484589052],[120.02557597763773,-3.9219695453948],[120.02632157932352,-3.921682757651964],[120.02828888979576,-3.9205893784796877],[120.02984297523727,-3.9202577795956395],[120.03001365514127,-3.9197917485092764],[120.02988789100148,-3.918321956458797],[120.03051671170037,-3.91758705946505],[120.0318552014737,-3.9167894266315635],[120.03242114010271,-3.9167177292609727],[120.03322064070557,-3.91714791339237],[120.03375962987604,-3.9168611239960116],[120.03417285490673,-3.914477183335238],[120.03473879353574,-3.912863986556195],[120.03599643493351,-3.907791358669179],[120.0413773434854,-3.9022526592638975],[120.04168277068199,-3.9014998235143907],[120.04516823398437,-3.8880203646150084],[120.04531196442983,-3.8867656167730025],[120.04541976226392,-3.883225425299181],[120.04526704866562,-3.8779823296390115],[120.04446754806274,-3.8748364566286373],[120.04474602580083,-3.874352475126879],[120.04577010522472,-3.8737609418042935],[120.04594078512872,-3.87336658602616],[120.04564434108494,-3.8724434342814846],[120.04471009318948,-3.8712334765867173],[120.04512331822016,-3.87040891183367],[120.04566230739061,-3.869996629156075],[120.04804284289354,-3.869127249808612],[120.04981252400326,-3.8689838469439253],[120.05066592352318,-3.868732891872317],[120.05658582124552,-3.8646369360926562],[120.05704396204041,-3.8641260605703573],[120.0575829512109,-3.8630863831186684],[120.05742125445977,-3.8572695435387696],[120.0575380354467,-3.8558354937622874],[120.05783447949045,-3.85497506273516],[120.05840041811946,-3.85464343804432],[120.0648682881651,-3.8554769809401446],[120.06545219309979,-3.8553783898875498],[120.06836273462032,-3.853021164044487],[120.06892867324933,-3.8527343528497395],[120.0692071509874,-3.8527522785522432],[120.07029411248118,-3.8534782691862564],[120.07084208480451,-3.853558934774011],[120.07196497890966,-3.8526626500359447],[120.0728273615824,-3.851721550044783],[120.07317770454323,-3.851560218513224],[120.07602536399386,-3.8525550958039223],[120.07694164558367,-3.8526088729216323],[120.0773638537672,-3.8524206529947738],[120.07754351682402,-3.852151767312749],[120.07739080322573,-3.850861114856403],[120.07757944943539,-3.850368156804485],[120.07891793920874,-3.848692097293006],[120.07935811369795,-3.8484680249158147],[120.07978032188147,-3.8484680249158147],[120.08031931105197,-3.8495973490966424],[120.08080440130537,-3.8500454931977504],[120.08418206677366,-3.851990435862752],[120.08459529180438,-3.85211591588206],[120.08631107399704,-3.851855992964388],[120.08651768651238,-3.8517484386304037],[120.08685006316752,-3.851067260866189],[120.08760464800616,-3.8488623922602434],[120.08791007520279,-3.8486562457166156],[120.08907788507214,-3.848566616769042],[120.08986840252214,-3.847661363869859],[120.09027264440002,-3.84853972808293],[120.09076671780628,-3.84905061297389],[120.09133265643527,-3.8492657223099735],[120.0919075782171,-3.84898787274063],[120.09390183814786,-3.8473655879616224],[120.09403658544046,-3.8471146265044123],[120.09393777075921,-3.8467202583508793],[120.09329996690748,-3.845573004502888],[120.09341674789441,-3.845196561497531],[120.09382098977228,-3.84489182180001],[120.09534812575528,-3.8442733791378485],[120.09579728339735,-3.8442464903162734],[120.09676746390419,-3.845151746842963],[120.09806103791334,-3.845080043390754],[120.10043259026341,-3.8460121877990123],[120.1010434446566,-3.8458956698037285],[120.10232803551288,-3.8455550786492596],[120.10251668172255,-3.8453220425177883],[120.10270532793223,-3.8436280471860504],[120.10280414261348,-3.843269529224039],[120.10317245187996,-3.8428930852017316],[120.10480738569704,-3.843377084628467],[120.1054721390073,-3.84624522374179],[120.10670283094655,-3.8469981086598657],[120.10765504514772,-3.8471146265044123],[120.10962235561995,-3.8457253742435067],[120.11019727740177,-3.845743300093553],[120.11066440134952,-3.8463258900148305],[120.11076321603078,-3.8468547020600896],[120.1097660860654,-3.8480557315877655],[120.10983795128813,-3.848557653873766],[120.11107762638021,-3.8494001656174324],[120.11170644707911,-3.8495883862122153],[120.1122095036382,-3.8494360171625037],[120.11246103191775,-3.848799652013118],[120.11255086344616,-3.8478764735568043],[120.1128832401013,-3.847589660628807],[120.11399715105361,-3.848459062019501],[120.11509309570025,-3.84811847188969],[120.11536259028547,-3.847724104200829],[120.11540750604968,-3.847087737772469],[120.11509309570025,-3.8464334450336697],[120.11442834238999,-3.8455550786492596],[120.11486851687918,-3.8453220425177883],[120.11565005117639,-3.845375820092243],[120.11681786104573,-3.846594777536478],[120.11725803553495,-3.8466754437764274],[120.11806651929066,-3.845985299032283],[120.11848872747422,-3.8458777439568865],[120.11941399221683,-3.846128705778367],[120.1204290884879,-3.8459315214962806],[120.12330369739709,-3.8438610837805354],[120.12373488873345,-3.842498715095407],[120.12395946755449,-3.842202937396016],[120.12546863723182,-3.842149159621474],[120.12684305961652,-3.8410736034187964],[120.12719340257732,-3.839442340591107],[120.12688797538073,-3.8389852279209125],[120.12507337850678,-3.837909667731647],[120.12431879366814,-3.837918630738821],[120.1233486131613,-3.8383398919699103],[120.12284555660217,-3.8382054469187348],[120.12257606201695,-3.837855889686625],[120.12472303554598,-3.8361170644064546],[120.12500151328406,-3.835686839048754],[120.12500151328406,-3.835149057047052],[120.12473201869884,-3.83432445732059],[120.12593576117955,-3.8323884374458848],[120.12569321605284,-3.831599687351562],[120.12504642904827,-3.83038070850273],[120.1250554122011,-3.830120778964757],[120.12592677802671,-3.8283729748492017],[120.12584592965113,-3.828032376708691],[120.12556745191307,-3.827799335797651],[120.12457032194769,-3.8280234135979008],[120.1243098105153,-3.8279517087082],[120.12416608006984,-3.8271808807647343],[120.12377082134482,-3.8267327246647227],[120.12262097778114,-3.826356273359514],[120.12205503915216,-3.8258095223597275],[120.12017756020835,-3.8229413146788236],[120.12030332434811,-3.820324066797908],[120.12083333036576,-3.8194635999971],[120.1224143652658,-3.817760590243939],[120.12356420882948,-3.813422381719533],[120.12734611617562,-3.8124095323609604],[120.12768747598359,-3.8119613685471805],[120.12846002712791,-3.807990626957884],[120.13142446756552,-3.80436943807228],[120.13289770463147,-3.797306283299173],[120.13817979850211,-3.790090691146721],[120.1398147323192,-3.790745026831811],[120.14504292727277,-3.792250893376733],[120.14885178407744,-3.7931113873674893],[120.15027112222636,-3.793075533468313],[120.15271453979916,-3.792555651763103],[120.1594608875829,-3.791847536523677],[120.16147311381931,-3.7917937555957164],[120.16167972633468,-3.792080587172845],[120.16307211502506,-3.7920895506580963],[120.16373686833529,-3.791731011175533],[120.16386263247506,-3.791193201672888],[120.16439263849271,-3.790494048819346],[120.16516518963707,-3.7902161802205847],[120.16620723536664,-3.78940050091502],[120.16677317399562,-3.7894632455042943],[120.16708758434505,-3.7900189830963362],[120.16724029794335,-3.791202165167339],[120.16838115835418,-3.7929231543802184],[120.1691896421099,-3.79349681668969],[120.16971964812754,-3.7945634690339243],[120.16988134487868,-3.7952984724038603],[120.16972863128038,-3.7960693289247245],[120.1678152197252,-3.7970642706262305],[120.16758165775134,-3.797485551902054],[120.16767148927974,-3.7979157963970667],[120.16806674800475,-3.7985073822275126],[120.16900997905309,-3.7993947602127642],[120.16935133886103,-3.799627808825254],[120.16998015955993,-3.7997264062962017],[120.17046524981335,-3.799349943164685],[120.17066287917585,-3.798193662519445],[120.17089644114974,-3.7978889061224113],[120.17172289121112,-3.7977634181629423],[120.17223493092307,-3.7979337232463712],[120.17270205487081,-3.7984894553901247],[120.17305239783163,-3.7998608573747883],[120.17463343273167,-3.8016356096479456],[120.17472326426008,-3.802406460507602],[120.1740764772555,-3.803060786859247],[120.17192950372647,-3.8038764532595795],[120.17107610420656,-3.806242777787838],[120.17052813188323,-3.8069867345349433],[120.17016880576959,-3.807183927781834],[120.16647672995187,-3.8080354435566117],[120.16521908855411,-3.807676910701465],[120.16417704282452,-3.807004661195617],[120.1638266998637,-3.806968807873895],[120.16326076123471,-3.807166001124892],[120.16285651935688,-3.8075872774643473],[120.16257804161877,-3.8094875000927],[120.16264092368866,-3.8099804816928855],[120.16339550852733,-3.811109856657531],[120.16444653740976,-3.811925515431987],[120.16515620648421,-3.812257156690483],[120.16565027989047,-3.8127590999735474],[120.16664740985584,-3.8147758334242066],[120.1670965674979,-3.815053694106469],[120.16772538819679,-3.815268811992316],[120.16806674800475,-3.8152329590150806],[120.16917167580422,-3.8144441931374367],[120.17077966016281,-3.8139063978057606],[120.17131864933327,-3.8139422508383425],[120.17207323417193,-3.8143187075901466],[120.17454360120325,-3.8176171787420805],[120.1761875181732,-3.8186210587520266],[120.1767983725664,-3.819373967989064],[120.17696006931754,-3.81984005432862],[120.17707685030447,-3.8215161704189455],[120.17696006931754,-3.822564861708275],[120.1766456589681,-3.8227530882142076],[120.1761875181732,-3.822717235549597],[120.174444786522,-3.8219374397234516],[120.17314222936004,-3.82170439715504],[120.17295358315037,-3.8215520231337674],[120.17290866738615,-3.8211755695533993],[120.17335782502822,-3.820548146552341],[120.17340274079243,-3.8201358397589593],[120.17323206088845,-3.8197862751485134],[120.17256730757819,-3.81932018877975],[120.17075271070428,-3.8190244030682883],[120.16918065895706,-3.8194635999971],[120.16778827026668,-3.8201627293384797],[120.16678215714846,-3.8210411218060867],[120.1654795999865,-3.822779977711683],[120.16503044234445,-3.8228158303736706],[120.16487772874612,-3.8226813828834856],[120.16476993091203,-3.8214713545233097],[120.16431179011714,-3.8205391833632873],[120.16365601995972,-3.8200193182379665],[120.1624073617148,-3.8197324959650363],[120.16209295136537,-3.82008206059739],[120.16194922091991,-3.8209246004080395],[120.1622097323523,-3.821310017279638],[120.16303618241369,-3.821919513374283],[120.16366500311256,-3.8229413146788236],[120.16344940744438,-3.8246174247079643],[120.1630810981779,-3.825442033786753],[120.162057018754,-3.82665205654182],[120.16010767458745,-3.827118138924849],[120.15947885388859,-3.826687909041826],[120.15875121850844,-3.8252089921710106],[120.15868833643854,-3.8247249824588905],[120.15907461201071,-3.823505993824741],[120.1589847804823,-3.822869609363843],[120.15847274077036,-3.822564861708275],[120.15812239780954,-3.822546935372223],[120.15670305966064,-3.823210209556595],[120.15598440743337,-3.8240706725987264],[120.15574186230663,-3.824922171633863],[120.155777794918,-3.825827448627548],[120.15597542428051,-3.8262487158133545],[120.15743069504079,-3.827360143139081],[120.15873325220275,-3.8287673514742107],[120.15889494895389,-3.8293678791678945],[120.15868833643854,-3.830667527211629],[120.15902071309367,-3.831456278165369],[120.15803256628114,-3.831707244225432],[120.15723306567828,-3.8321822869232536],[120.15655034606235,-3.832280880657667],[120.15546338456856,-3.8319582102118686],[120.15455608613159,-3.8311784227987116],[120.15434947361625,-3.8312859797255423],[120.15433150731056,-3.831519019687286],[120.15447523775602,-3.8321912499904878],[120.15397218119692,-3.8324511788994315],[120.15373861922306,-3.832245028391922],[120.1537476023759,-3.831967173281451],[120.15407099587817,-3.8315727981309826],[120.15365777084749,-3.830604785627272],[120.15343319202644,-3.830972271984495],[120.15308284906564,-3.830577896375425],[120.15209470225311,-3.8305958225434167],[120.1508729934667,-3.8312232381865337],[120.14939975640075,-3.8314652412402097],[120.14902246398141,-3.8318775425813993],[120.14876195254902,-3.83349985679874],[120.1485822894922,-3.8338673419121503],[120.14538428708073,-3.8363232139802563],[120.14285103797953,-3.8386177450086008],[120.141296952538,-3.8398098231485025],[120.14098254218854,-3.8413424925965667],[120.14063219922774,-3.8416293076261305],[120.14028185626695,-3.8416830854334387],[120.13815284904358,-3.8460390765648933],[120.1369580897157,-3.8465320371223477],[120.13638316793386,-3.8474104024997735],[120.13457755421278,-3.8482977298697256],[120.13417331233492,-3.850592228681654],[120.1341463628764,-3.8526626500359447],[120.13464941943552,-3.854213222036461],[120.13478416672812,-3.8553246129449525],[120.13579027984635,-3.8576997579998507],[120.13570943147077,-3.859205506898096],[120.1359340102918,-3.860361705133208],[120.13603282497306,-3.860496146686286],[120.13690419079866,-3.860621625449954],[120.13694910656287,-3.860971173336671],[120.13667961197763,-3.861284870035548],[120.13674249404752,-3.8614013859227505],[120.13641910054521,-3.861266944513021],[120.13513450968892,-3.8615268645526197],[120.13412839657072,-3.8620198161332477],[120.13343669380195,-3.861482050758367],[120.13292465408999,-3.861410348682643],[120.13230481654396,-3.861661305921184],[120.13191854097178,-3.8616433804066057],[120.13169396215075,-3.8620467043930478],[120.13125378766155,-3.8621990711824914],[120.13104717514621,-3.8629340164885386],[120.13068784903254,-3.863220824240178],[120.12903494890976,-3.863695849365567],[120.12819951569553,-3.8642963524453116],[120.12755272869096,-3.8651209231457218],[120.12695984060345,-3.8653091402584328],[120.1258369464983,-3.865201587627713],[120.12545965407898,-3.865488394612652],[120.12532490678636,-3.8659365303324154],[120.12484879968576,-3.86619644894135],[120.12428286105678,-3.8661874862320236],[120.12407624854141,-3.8666445842868646],[120.12373488873345,-3.8664563674706014],[120.12203707284648,-3.867944175449083],[120.1214531679118,-3.867612555824643],[120.12046502109925,-3.868939033543733],[120.1200787455271,-3.8686611904096333],[120.11943195852251,-3.869270652649024],[120.11828211495884,-3.8708570449512365],[120.11739278282758,-3.871717459872139],[120.11666514744743,-3.872040115242045],[120.11600039413717,-3.871842936975049],[120.11565903432923,-3.8720311525945412],[120.11518292722864,-3.871636796010449],[120.11451817391838,-3.8725061727814576],[120.113296465132,-3.875490727477859],[120.11453614022408,-3.8762435864589033],[120.11440139293146,-3.876978519579585],[120.11381748799677,-3.8778658160325503],[120.11418579726327,-3.8780629928956145],[120.1143025782502,-3.8784214961651577],[120.11436546032009,-3.8793984168027853],[120.11421274672179,-3.8797121066762204],[120.11448224130703,-3.879783807202366],[120.1144103760843,-3.880402223987783],[120.11481461796214,-3.880429111663835],[120.11423969618032,-3.881782456919345],[120.11331443143767,-3.8853226544467665],[120.11244306561207,-3.8906553290037595],[120.11258679605753,-3.8910765640434986],[120.11218255417968,-3.891919033491031],[120.11194000905297,-3.8917577096195015],[120.11092491278191,-3.8931379239659467],[120.10978405237108,-3.893917654447244],[120.1090923496023,-3.8936935940380613],[120.10800538810852,-3.8945360608671185],[120.10992778281654,-3.8961851424317984],[120.1105116877512,-3.8958445715039085],[120.11176034599616,-3.896409202177588],[120.11204780688706,-3.8957728723436285],[120.11301798739392,-3.8958714586874397],[120.11450919076555,-3.8954233388497643],[120.11464393805817,-3.898174790886159],[120.11370969016268,-3.900128585237291],[120.11254188029332,-3.9010427443373317],[120.1122095036382,-3.901921053124041],[120.11052965405692,-3.9035790825140695],[120.11032304154155,-3.9046904084888694],[120.10964930507846,-3.9051743725664334],[120.10913726536651,-3.9051474856805566],[120.10881387186423,-3.9055776757512364],[120.10809521963692,-3.905559751169361],[120.1077179272176,-3.906196073591506],[120.10778979244033,-3.9068682446401053],[120.10858929304321,-3.906653149963142],[120.10875997294718,-3.906724848194923],[120.10943370941028,-3.9076748491875435],[120.10980201867676,-3.90786305680368],[120.11017931109609,-3.908400792617062],[120.11041287306996,-3.909556923448198],[120.11106864322737,-3.9098616398359063],[120.11143695249385,-3.9107668260990986],[120.11222746994389,-3.911412106798784],[120.11293713901836,-3.911618238028694],[120.1132784988263,-3.9118960669974685],[120.1136288417871,-3.9125951201242803],[120.11463495490533,-3.9131059662711363],[120.11444630869566,-3.913634736516055],[120.11559615225933,-3.9144861455308857],[120.11536259028547,-3.915113498987854],[120.11544343866103,-3.9154719864664838],[120.11606327620707,-3.916197923140494],[120.11633277079233,-3.9171927242266724],[120.11619802349968,-3.918053091779877],[120.11569496694058,-3.919325717163181],[120.1135839260229,-3.921082295496688],[120.11105966007453,-3.924165260789188],[120.11178729545468,-3.9252317490411404],[120.1118142449132,-3.9258053219915463],[120.11224543624957,-3.9271675561694135],[120.11312578522801,-3.926656718613227],[120.1134312124246,-3.9282609267300646],[120.11478766850362,-3.92913920696242],[120.11456308968259,-3.929515612493229],[120.11462597175249,-3.9306000179537772],[120.11505716308885,-3.9314424476688625],[120.1143205445559,-3.931980168318525],[120.11394325213656,-3.932759862644403],[120.11392528583086,-3.935152713089512],[120.11434749401441,-3.9353050666304346],[120.11404206681782,-3.937196040612551],[120.11459902229396,-3.937635176136083],[120.11393426898373,-3.938352131594974],[120.11351206080018,-3.9395082209714283],[120.11305392000529,-3.9397860406597145],[120.11332341459051,-3.940377527428963],[120.11330544828483,-3.940942128043617],[120.11282934118425,-3.9411751377093647],[120.11280239172574,-3.941721813976581],[120.1124700150706,-3.9426269656943775],[120.1120567900399,-3.9426000800139893],[120.11178729545468,-3.943460421355084],[120.11234425093082,-3.9442938761800255],[120.1130808694638,-3.945001864030592],[120.11313476838085,-3.9457636224365316],[120.1129281558655,-3.9463551049522994],[120.11194899220581,-3.946740464546561],[120.10996371542791,-3.946623960502037],[120.10824793323522,-3.945718813137871],[120.10618180808177,-3.9460414400342723],[120.10566078521697,-3.9463371812458883],[120.10525654333912,-3.946785273790103],[120.10461873948739,-3.9483356721273806],[120.10402585139988,-3.948658298007041],[120.10294787305894,-3.9487479162846926],[120.10111530987932,-3.948496985082885],[120.10090869736398,-3.9478965422563634],[120.10123209086626,-3.945790508014568],[120.10087276475261,-3.9455037284706553],[120.09992055055145,-3.945476842883339],[120.09909410049005,-3.945898050318009],[120.09720763839341,-3.9471079002722274],[120.09663271661157,-3.9477173055075654],[120.0943959115541,-3.955603685825488],[120.09416234958024,-3.959833622533369],[120.0947193050564,-3.96338245106245],[120.0945486251524,-3.963570646089645],[120.09432404633138,-3.96453850555292],[120.09477320397346,-3.9649507416469114],[120.09473727136209,-3.9654436323590105],[120.09469235559789,-3.9658289830746516],[120.09435997894275,-3.9660351008255406],[120.09388387184217,-3.9667161852020008],[120.09371319193819,-3.9683113543073505],[120.09316521961486,-3.969225438586006],[120.09393777075921,-3.97047110082686],[120.09435997894275,-3.970865410784828],[120.09452167569388,-3.9715823374985164],[120.09444981047115,-3.9727294189449025],[120.09385692238365,-3.9728638424475085],[120.09311132069782,-3.9754447694492274],[120.09365030986831,-3.9769771910340275],[120.09394675391205,-3.9790831458729676],[120.0939108213007,-3.983671420320181],[120.09449472623535,-3.9839402637327876],[120.0956176203405,-3.9851410965697296],[120.09633627256781,-3.985633975211735],[120.097117806865,-3.9869513039503404],[120.09759391396558,-3.9870498794853515],[120.09822273466447,-3.9876592552575554],[120.09976783695315,-3.988376167352305],[120.09881562275197,-3.9887973529163174],[120.09812391998322,-3.989370881847813],[120.09774662756388,-3.989460495707194],[120.09650695247178,-3.9895949164779365],[120.09462947352797,-3.9893350363013247],[120.09385692238365,-3.9897203758441178],[120.09335386582453,-3.9904462475151763],[120.09223995487221,-3.99146784359505],[120.08941026172725,-3.9932153076271355],[120.08872754211131,-3.9930360807181198],[120.08839516545619,-3.9935379159647395],[120.08696684415445,-3.994030789568982],[120.08598768049475,-3.994631198832366],[120.08428986460775,-3.995061342512115],[120.0838586732714,-3.995043419863296],[120.08234950359407,-3.993896369524456],[120.08158593560258,-3.9937261041031125],[120.08088524968095,-3.99384260150048],[120.08026541213492,-3.9942010549271076],[120.07975337242296,-3.995590060476157],[120.07889997290306,-3.995231607656379],[120.0787562424576,-3.993932214871816],[120.07796572500757,-3.9939053308614416],[120.07790284293769,-3.9949358839621514],[120.0769685950422,-3.9949806905893417],[120.07660926892855,-3.99491796131059],[120.07440839648247,-3.9937440267807074],[120.07407601982732,-3.993511031941449],[120.07394127253471,-3.993045042064499],[120.07348313173982,-3.9923639794607717],[120.07322262030742,-3.9913065390353504],[120.07279142897103,-3.9912796549389866],[120.0723243050233,-3.9910197752954257],[120.07218057457784,-3.9906433977348117],[120.07183023161701,-3.990455208889822],[120.07168650117157,-3.990831586536681],[120.0714529391977,-3.990983929820894],[120.07046479238517,-3.9896934916958355],[120.06812018949361,-3.988546433882901],[120.06750933510043,-3.989370881847813],[120.0672218742095,-3.9893619204613375],[120.0669164470129,-3.988904889621468],[120.0662427105498,-3.988582279463795],[120.06591033389468,-3.9893529590747643],[120.06499405230487,-3.9892723065912055],[120.06394302342245,-3.988886966838254],[120.06371844460142,-3.9889945035316767],[120.06372742775427,-3.9895232254029445],[120.06320640488948,-3.989469457092595],[120.06230808960537,-3.9890303490930226],[120.06125706072294,-3.989084117432109],[120.06125706072294,-3.9894425729360994],[120.06106841451329,-3.989621800629446],[120.06056535795416,-3.989612839245707],[120.06046654327291,-3.989424650164615],[120.06018806553485,-3.989424650164615],[120.06017908238199,-3.9896486847800756],[120.05998145301949,-3.9895949164779365],[120.05949636276608,-3.989093078821615],[120.0591550029581,-3.9891110016003335],[120.05874177792741,-3.989379843234192],[120.05831058659102,-3.988501626904586],[120.05777159742055,-3.988295514772867],[120.05720565879157,-3.988322398966892],[120.05662175385689,-3.988062518387803],[120.05633429296597,-3.9885195496962047],[120.05454664555057,-3.987211184880782],[120.05398070692158,-3.9865570016920917],[120.05316324001303,-3.9859655479501446],[120.05270509921814,-3.9859565865265405],[120.05177085132264,-3.9853382480619777],[120.0504054120908,-3.985024597938458],[120.05004608597713,-3.9857235894785434],[120.04950709680666,-3.9861447764017246],[120.04805182604638,-3.9859297022551403],[120.04755775264012,-3.9860820464481157],[120.04711757815092,-3.9859476251028383],[120.04691096563555,-3.9853113637703643],[120.04642587538213,-3.985159019434614],[120.0461563807969,-3.9852307108902463],[120.04555450955652,-3.984809523498911],[120.04414415456047,-3.984379374451103],[120.04255413650759,-3.9842359913851806],[120.04259006911894,-3.9840119552946454],[120.04110784890014,-3.9840029938497548],[120.03907765635805,-3.9835818058297923],[120.03877222916142,-3.9836983046653955],[120.03835900413074,-3.9842539142697886],[120.03672407031362,-3.985356170922567],[120.03503523757949,-3.98428976003783],[120.03460404624313,-3.9841732612859806],[120.03352606790219,-3.9847557548802373],[120.03234927487999,-3.9858490494356684],[120.02998670568276,-3.9874800271361566],[120.02680666957697,-3.988869044054648],[120.02459681397804,-3.988546433882901],[120.0192698043432,-3.9883672059549804],[120.01054716293439,-3.986225429192189]]]}},{"type":"Feature","id":12,"properties":{"FID":12,"Id":0,"Kecamatan":" Kec. Gilireng","Luas_Ha":22616.497,"Luas":22616.497},"geometry":{"type":"Polygon","coordinates":[[[120.17835245800792,-3.7971539049574528],[120.18032875163298,-3.79779927186751],[120.18149656150234,-3.796078292368595],[120.18351777089161,-3.795495668323528],[120.18473947967802,-3.797404881035365],[120.18690441951274,-3.7995381747509773],[120.19026411867536,-3.8017073167337307],[120.19268058678963,-3.804181207540717],[120.19570790929713,-3.80851049935966],[120.19884302963868,-3.8117731396757395],[120.20187035214617,-3.812687393808193],[120.20723329439238,-3.8126963570791887],[120.21165300559025,-3.810141821064325],[120.21925275289388,-3.807085331164034],[120.22281008141898,-3.8021913394067965],[120.22737352306231,-3.797593113045913],[120.22925998515898,-3.79701049002303],[120.23101169996302,-3.7955404855717187],[120.2314249249937,-3.7954149972709232],[120.2320537456926,-3.795459814523302],[120.2329071452125,-3.7962665246683724],[120.23234120658351,-3.7971359780919545],[120.23233222343067,-3.7978440889961242],[120.23183815002439,-3.798614943244025],[120.23187408263576,-3.798910735970303],[120.23246697072328,-3.798704577414211],[120.23318562295059,-3.7991168944771405],[120.233670713204,-3.799072077414627],[120.23461394425233,-3.7993409797547897],[120.23471275893358,-3.7996905526717066],[120.23578175412169,-3.800533112453381],[120.23740770478594,-3.800317990885235],[120.23756940153707,-3.8003269542849787],[120.23760533414844,-3.800577929439992],[120.23781194666381,-3.800676526802338],[120.23834195268142,-3.800309027485398],[120.23915043643714,-3.800371771282301],[120.23934806579965,-3.8004434784731735],[120.23964450984339,-3.8014473785193856],[120.24024638108376,-3.8014115249664293],[120.24057875773889,-3.8018059139669487],[120.24126147735483,-3.802056888691535],[120.2425011524469,-3.8019941450172365],[120.24396540636002,-3.801375671411983],[120.2445493112947,-3.801438415131286],[120.24504338470096,-3.8008289045219743],[120.24590576737371,-3.8007840875484047],[120.24733408867546,-3.7998250037558816],[120.25080158567216,-3.79880317499066],[120.25147532213526,-3.7991168944771405],[120.25180769879037,-3.799681589265351],[120.25300245811826,-3.7993409797547897],[120.25460145932398,-3.7999146378003554],[120.25646097196211,-3.8012322571792905],[120.25657775294904,-3.8026932885585056],[120.25675741600587,-3.802872556041855],[120.25783539434681,-3.8030070066299],[120.258616928644,-3.8035448087723536],[120.25899422106333,-3.8052837000692077],[120.25926371564859,-3.805651197265167],[120.26071898640885,-3.8061083277047296],[120.2619945941123,-3.805920097553116],[120.26303663984187,-3.806341374502111],[120.2634139322612,-3.8074438642655477],[120.26406970241861,-3.8079816636378587],[120.26662990097834,-3.807085331164034],[120.26676464827096,-3.8074080109621153],[120.26663888413118,-3.8088152520009197],[120.26581243406979,-3.8100880412772065],[120.2657046362357,-3.8113070489596215],[120.26649515368574,-3.8124005690869742],[120.26673769881243,-3.813404455192586],[120.26720482276019,-3.814417303378845],[120.26681854718801,-3.815528746032517],[120.26633345693459,-3.8155825254792917],[120.26601006343229,-3.8158514226626643],[120.26554293948456,-3.8171331647464752],[120.2650488660783,-3.817859185637572],[120.26480632095158,-3.81849557381498],[120.26540819219194,-3.819436710395672],[120.2653093775107,-3.8201089501785965],[120.26574056884706,-3.820548146552341],[120.26605497919653,-3.82165958126924],[120.26656701890846,-3.822493156361814],[120.26635142324028,-3.823228135878782],[120.2665760020613,-3.8243664565699778],[120.26641430531016,-3.8249490610632995],[120.26700719339767,-3.8260694532064146],[120.2669712607863,-3.8266162040403136],[120.26654006944995,-3.8270822864428506],[120.2653542932749,-3.827718667775208],[120.26530039435785,-3.8310081243035796],[120.2650039503141,-3.831581761204603],[120.2642224160169,-3.832343622119104],[120.26435716330953,-3.8337060070037605],[120.26292884200778,-3.834333420365372],[120.26278511156232,-3.835785432379026],[120.26296477461915,-3.8372643309679177],[120.26036864344805,-3.841844418835032],[120.25936253032984,-3.84300064065363],[120.25921879988438,-3.8435921953966314],[120.25752098399738,-3.84464982255085],[120.2577006470542,-3.84691744245046],[120.25830251829457,-3.8481095089896984],[120.258616928644,-3.8481812121869936],[120.25903913682752,-3.847948176773716],[120.25952422708097,-3.847401439592332],[120.26000931733438,-3.8474372912215338],[120.25977575536052,-3.848566616769042],[120.260144064627,-3.849086464533677],[120.26169815006854,-3.8504308969360372],[120.26173408267991,-3.8506460059233993],[120.26133882395487,-3.851345109756901],[120.26118611035658,-3.85248339297502],[120.26032372768381,-3.8528687956093166],[120.25952422708097,-3.8528508699092674],[120.25880557485367,-3.8532273095309875],[120.25797912479227,-3.8530301268927656],[120.25748505138601,-3.8531914581456195],[120.25918286727298,-3.857547390403128],[120.25770963020703,-3.859438539227177],[120.25573333658197,-3.859304097506663],[120.25357737990011,-3.8611593913699083],[120.25211312598697,-3.864242576067441],[120.25015479866761,-3.866483255589768],[120.24751375173228,-3.8689659215841323],[120.24548355919016,-3.8721745549432085],[120.2465795038368,-3.877014369959375],[120.247926976763,-3.880124384618458],[120.24918461816075,-3.881907932528536],[120.2516370188864,-3.8835480762765076],[120.25244550264212,-3.8859500296745306],[120.25178074933186,-3.891417136900353],[120.25028056280739,-3.89434785026569],[120.2495888600386,-3.894948331561267],[120.24826833657094,-3.8944016247275344],[120.24739697074534,-3.8945898353169386],[120.24706459409023,-3.8951186172238246],[120.24702866147886,-3.896113443300542],[120.24633695871009,-3.896454014119585],[120.24519609829926,-3.896328540675979],[120.24449541237766,-3.8971889296277107],[120.2439833726657,-3.8983988501018856],[120.2431569226043,-3.899115839190952],[120.24270776496225,-3.900101698189882],[120.24186334859517,-3.900746987090264],[120.24166571923267,-3.9012488781146337],[120.24177351706676,-3.902611152240799],[120.2421777589446,-3.9031220044684956],[120.24223165786168,-3.9034894593874863],[120.24196216327643,-3.9039823864653043],[120.24101893222809,-3.9046097477821466],[120.24084825232411,-3.9049323905625313],[120.24135130888324,-3.905909280446886],[120.24121656159062,-3.9063753192571182],[120.24058774089173,-3.9068234332536185],[120.24039011152922,-3.909189471186306],[120.24011163379114,-3.9094673009601464],[120.2395816277735,-3.909565885696475],[120.23948281309225,-3.9102111673207127],[120.23899772283885,-3.9107309771567715],[120.23844076736268,-3.9107309771567715],[120.23792872765074,-3.911017768652461],[120.23734482271605,-3.9116272002549306],[120.23740770478594,-3.911949840335623],[120.23691363137968,-3.912568233476343],[120.23656328841888,-3.912299366949506],[120.2360692150126,-3.911376257884059],[120.23514395026996,-3.9104710722790363],[120.23503615243587,-3.9090371128841475],[120.23481157361483,-3.9084366416590273],[120.23420071922162,-3.9077017359924353],[120.23354494906422,-3.9074507924466095],[120.23227832451363,-3.9074597547173955],[120.23161357120337,-3.9076121133061164],[120.2309218684346,-3.9073432451897037],[120.22997863738628,-3.906124375314541],[120.22928693461749,-3.9057927707038864],[120.22870302968283,-3.9050937119062175],[120.22725674207538,-3.9045828608781825],[120.22521756638045,-3.903050305928968],[120.22462467829293,-3.9020823750462683],[120.22451688045882,-3.901401237830569],[120.2240946722753,-3.9012399157775404],[120.22356466625766,-3.9004243427020113],[120.22206447973319,-3.9019479401132298],[120.22139074327009,-3.903265401529184],[120.22044751222175,-3.9043498410077637],[120.220151068178,-3.9044753132537187],[120.21933360126944,-3.9043946525263293],[120.21863291534785,-3.9048606921776075],[120.2177974821336,-3.9058106952807856],[120.21719561089324,-3.9062319227276916],[120.21538101401933,-3.9068323955311075],[120.2154618623949,-3.908131924753467],[120.21600983471821,-3.9096465459266674],[120.2169889983779,-3.9093149427084737],[120.21773460006372,-3.909395602962808],[120.21862393219502,-3.9103814498887184],[120.21891139308592,-3.9109191840868864],[120.22068107419565,-3.911752671412184],[120.22112124868485,-3.9121649336537296],[120.2223968563883,-3.912541346827542],[120.22299872762868,-3.9128908731946415],[120.22329517167243,-3.913437567989183],[120.2232233064497,-3.9139304892193265],[120.22241482269398,-3.9158304737915945],[120.22192074928773,-3.9161799987857546],[120.22125599597747,-3.9170941403880404],[120.22103141715644,-3.917766302693783],[120.22101345085076,-3.9190389285134226],[120.2207798888769,-3.9197021271167354],[120.21928868550525,-3.920320514529736],[120.2188395278632,-3.9210464469961614],[120.21819274085861,-3.9216648334147695],[120.21750103808986,-3.9238336633240674],[120.21697103207221,-3.9238336633240674],[120.21650390812448,-3.9244520476798876],[120.21619848092789,-3.9252317490411404],[120.21655780704153,-3.9261906910962927],[120.21627034615062,-3.9265133255588034],[120.21622543038642,-3.9271585941097182],[120.21585712111991,-3.9283057369683827],[120.2156145759932,-3.928484977897593],[120.21567745806308,-3.9291212828852875],[120.21542592978354,-3.929614194866085],[120.21480609223748,-3.9301339926393712],[120.21423117045566,-3.930922650711184],[120.21388082749486,-3.931066043007738],[120.21344963615847,-3.930967460806506],[120.21267708501415,-3.931334903497311],[120.2123896241232,-3.9312990554370426],[120.21223691052491,-3.9319712063105396],[120.21189555071695,-3.9320339403644144],[120.21176978657718,-3.932374496574495],[120.21150029199192,-3.932544774627355],[120.21104215119703,-3.9325806226340516],[120.21109605011408,-3.93299287460023],[120.21083553868169,-3.9332079625016285],[120.21083553868169,-3.933405126362476],[120.2110780838084,-3.9336829480872133],[120.21165300559025,-3.9339338837589706],[120.211554190909,-3.934453678838612],[120.21104215119703,-3.9347135762568115],[120.21093435336294,-3.935744203151278],[120.21015281906575,-3.9356008116597274],[120.20926348693446,-3.9358069369210673],[120.20894009343219,-3.9374380132766227],[120.2093533184629,-3.9384507129222732],[120.2096587456595,-3.940323755921865],[120.20957789728392,-3.9409510899550453],[120.20900297550207,-3.9419727472247925],[120.2089850091964,-3.9425911181203346],[120.20921857117025,-3.9434424975862274],[120.20973061088222,-3.943738239722937],[120.20947009944983,-3.9447867791777615],[120.209856375022,-3.9457636224365316],[120.2093084026987,-3.948201244640516],[120.20889517766798,-3.948559717890449],[120.20788008139692,-3.9482550156378733],[120.20685600197302,-3.9488196108998466],[120.20634396226109,-3.9494648621575505],[120.2063888780253,-3.9501818074110346],[120.20555344481106,-3.950818095804637],[120.20551751219969,-3.9514454219121187],[120.20511327032185,-3.9514633455082184],[120.20480784312525,-3.951203453326865],[120.20406224143943,-3.9515888106700725],[120.20378376370135,-3.951893511698419],[120.20380173000704,-3.952108594709854],[120.20345138704621,-3.952368486607581],[120.20326274083655,-3.952762805193422],[120.2032088419195,-3.9529061937235994],[120.20334358921212,-3.9529958115423685],[120.20319985876667,-3.9534170151608334],[120.2022925603297,-3.954671662968947],[120.20241832446948,-3.9551107892531023],[120.20181645322913,-3.9555857623189],[120.20156492494958,-3.956015926369959],[120.20166373963083,-3.956284778788454],[120.20231950978823,-3.956777674662421],[120.20224764456549,-3.957234723301666],[120.20196018367459,-3.957163029414147],[120.2016996722422,-3.9572974554481526],[120.2004599971501,-3.9563833579867094],[120.19981321014554,-3.9564102432205606],[120.19924727151655,-3.9566880572526038],[120.19911252422393,-3.9571092589944366],[120.19977727753417,-3.9573691493240335],[120.19956168186599,-3.95876717866315],[120.19905862530689,-3.95899122160702],[120.19904964215402,-3.9594034604653214],[120.19887896225005,-3.959627503236992],[120.19828607416254,-3.9597977757029033],[120.19781895021478,-3.960111435416839],[120.19786386597899,-3.9607118693947903],[120.19766623661648,-3.961195800940553],[120.19776505129774,-3.9623787435274678],[120.19693860123637,-3.9633107577074913],[120.19718114636308,-3.96365130108819],[120.19693860123637,-3.9642069241977174],[120.19680385394375,-3.964368234062806],[120.19643554467724,-3.9642338091774176],[120.19589655550679,-3.964413042353078],[120.19517790327949,-3.965309207648496],[120.19477366140164,-3.9653271309444946],[120.19423467223115,-3.965067243114478],[120.19364178414365,-3.9655063638831027],[120.19325550857145,-3.9661874486953304],[120.19351602000387,-3.967137381838079],[120.19312974443169,-3.9676123479998853],[120.19257278895554,-3.9690910144908353],[120.19001259039581,-3.9685085098255777],[120.18712001518094,-3.967442077143091],[120.1848023617479,-3.966850609683652],[120.18168520771201,-3.967182189978217],[120.18017603803469,-3.967621309622955],[120.17892737978977,-3.967038803921222],[120.1781727949511,-3.9665100676209937],[120.17609768664478,-3.9637588410740108],[120.17563056269705,-3.9641979625376234],[120.1749478430811,-3.963803649397309],[120.17471428110724,-3.9640187293153377],[120.17387884789301,-3.9637140327482845],[120.17322307773561,-3.9632301026757317],[120.17232476245148,-3.9631225626211513],[120.17199238579637,-3.963221141005051],[120.17175882382247,-3.9640993842701735],[120.17118390204065,-3.964171077556757],[120.17110305366508,-3.964565390521838],[120.17042931720198,-3.9643055024523437],[120.16996219325425,-3.9643055024523437],[120.16951303561217,-3.963642339422073],[120.16882133284342,-3.9641890008774316],[120.16871353500933,-3.9649148950382043],[120.16792301755929,-3.9646460454233448],[120.16719538217914,-3.9651120513668636],[120.16668334246721,-3.965067243114478],[120.16649469625754,-3.9654167474186566],[120.16635994896494,-3.9669402259926025],[120.16597367339274,-3.967182189978217],[120.16522807170695,-3.966931264362145],[120.1646082341609,-3.967038803921222],[120.16379975040518,-3.967881196649683],[120.16351228951426,-3.9679170431297117],[120.16316194655347,-3.968212776530588],[120.16224566496366,-3.968320315922835],[120.16161684426478,-3.9680245825604636],[120.15996394414199,-3.9680514674159633],[120.15979326423802,-3.967988736085102],[120.15979326423802,-3.9670656888088036],[120.15817629672658,-3.966608645600934],[120.15798765051693,-3.968114198742061],[120.15734984666521,-3.968418893686763],[120.15675695857769,-3.969225438586006],[120.15605627265609,-3.9692344001915716],[120.15478066495261,-3.968589164342196],[120.1537476023759,-3.9685981259546677],[120.1525258935895,-3.9697989811461865],[120.15282233763325,-3.9706951405988127],[120.15250792728379,-3.9713045284708666],[120.15247199467242,-3.9720124932277816],[120.15183419082072,-3.9729803427987167],[120.15215758432299,-3.9734194593592362],[120.15164554461106,-3.974261845576057],[120.1506933304099,-3.9739123450160623],[120.1503429874491,-3.9735718058664324],[120.1497590825144,-3.9733298437536257],[120.1483397443655,-3.973544921190737],[120.14794448564047,-3.973114766260435],[120.14720786710751,-3.973141650950152],[120.14551903437335,-3.9724336871620745],[120.14553700067903,-3.972146916847192],[120.14453088756082,-3.971725722766518],[120.14504292727277,-3.971223874219518],[120.14569869743016,-3.9698079427455277],[120.14512377564834,-3.969386747471323],[120.14403681415456,-3.971098412035085],[120.14357867335967,-3.9705338319691363],[120.14325527985737,-3.9707399485459067],[120.14295883581362,-3.9705696783340105],[120.14241984664315,-3.96982586594392],[120.14225814989199,-3.9698079427455277],[120.14217730151643,-3.9700588674875994],[120.14122508731528,-3.9695659795291625],[120.14098254218854,-3.9690910144908353],[120.13985066493055,-3.9683292775382255],[120.13967998502658,-3.968669818850938],[120.13904218117486,-3.968463701757386],[120.13847624254585,-3.9685533178913373],[120.13835946155892,-3.9680693906524773],[120.1376138598731,-3.9676661177368446],[120.13709283700831,-3.9676302712459273],[120.13646401630942,-3.9680514674159633],[120.13632028586396,-3.967979774466018],[120.1359340102918,-3.968176930063394],[120.13542197057984,-3.968114198742061],[120.13535010535712,-3.967943927988712],[120.13485603195086,-3.9680514674159633],[120.13481111618665,-3.967370384140257],[120.13374212099855,-3.967397269017049],[120.13213413663999,-3.9678095036849594],[120.13021174193196,-3.967549616635676],[120.1296098706916,-3.96803354417906],[120.12881037008874,-3.9677915804428054],[120.12822646515406,-3.9678722350294335],[120.12803781894439,-3.968060429034269],[120.12607050847217,-3.9682396613799624],[120.12438167573804,-3.9689297055477466],[120.12366302351073,-3.9696018259360613],[120.1221718201391,-3.969055168061761],[120.11971043626062,-3.967119458581343],[120.11830906441736,-3.9665369525257805],[120.11784194046963,-3.9658469063593778],[120.11642260232074,-3.9657304050017053],[120.11609920881843,-3.9658289830746516],[120.1153266576741,-3.9656139036276126],[120.11251493083479,-3.9660351008255406],[120.11276645911434,-3.964870086775133],[120.11317968414505,-3.964269655815658],[120.11341324611892,-3.9634989527510016],[120.11405104997066,-3.9627461723199997],[120.11423969618032,-3.9620381996228],[120.1131437515337,-3.9604699035157807],[120.11297307162971,-3.9599053161896434],[120.11125728943703,-3.9592600730596303],[120.11189509328877,-3.9579337383797206],[120.11199390797002,-3.957216799830367],[120.11255086344616,-3.9563833579867094],[120.11238018354219,-3.9558366913758243],[120.11237120038935,-3.954976362864297],[120.11184119437172,-3.9542952688259145],[120.11162559870351,-3.953676906648452],[120.1122095036382,-3.9534259769376243],[120.1124700150706,-3.95287930837608],[120.11246103191775,-3.9525297987789973],[120.11189509328877,-3.951382689322719],[120.11170644707911,-3.9505850888438907],[120.11182322806604,-3.9483177484637233],[120.11199390797002,-3.9479413514375175],[120.11317070099221,-3.9469017778119957],[120.11291018955983,-3.946561227548216],[120.11313476838085,-3.9457636224365316],[120.1130808694638,-3.945001864030592],[120.11234425093082,-3.9442938761800255],[120.11178729545468,-3.943460421355084],[120.1120567900399,-3.9426000800139893],[120.1124700150706,-3.9426269656943775],[120.11280239172574,-3.941721813976581],[120.11282934118425,-3.9411751377093647],[120.11330544828483,-3.940942128043617],[120.11332341459051,-3.940377527428963],[120.11305392000529,-3.9397860406597145],[120.11351206080018,-3.9395082209714283],[120.11393426898373,-3.938352131594974],[120.11459902229396,-3.937635176136083],[120.11404206681782,-3.937196040612551],[120.11434749401441,-3.9353050666304346],[120.11392528583086,-3.935152713089512],[120.11394325213656,-3.932759862644403],[120.1143205445559,-3.931980168318525],[120.11505716308885,-3.9314424476688625],[120.11462597175249,-3.9306000179537772],[120.11456308968259,-3.929515612493229],[120.11478766850362,-3.92913920696242],[120.1134312124246,-3.9282609267300646],[120.11312578522801,-3.926656718613227],[120.11224543624957,-3.9271675561694135],[120.1118142449132,-3.9258053219915463],[120.11178729545468,-3.9252317490411404],[120.11105966007453,-3.924165260789188],[120.1135839260229,-3.921082295496688],[120.11569496694058,-3.919325717163181],[120.11619802349968,-3.918053091779877],[120.11633277079233,-3.9171927242266724],[120.11606327620707,-3.916197923140494],[120.11544343866103,-3.9154719864664838],[120.11536259028547,-3.915113498987854],[120.11559615225933,-3.9144861455308857],[120.11444630869566,-3.913634736516055],[120.11463495490533,-3.9131059662711363],[120.1136288417871,-3.9125951201242803],[120.1132784988263,-3.9118960669974685],[120.11293713901836,-3.911618238028694],[120.11222746994389,-3.911412106798784],[120.11143695249385,-3.9107668260990986],[120.11106864322737,-3.9098616398359063],[120.11041287306996,-3.909556923448198],[120.11017931109609,-3.908400792617062],[120.10980201867676,-3.90786305680368],[120.10943370941028,-3.9076748491875435],[120.10875997294718,-3.906724848194923],[120.10858929304321,-3.906653149963142],[120.10778979244033,-3.9068682446401053],[120.1077179272176,-3.906196073591506],[120.10809521963692,-3.905559751169361],[120.10881387186423,-3.9055776757512364],[120.10913726536651,-3.9051474856805566],[120.10964930507846,-3.9051743725664334],[120.11032304154155,-3.9046904084888694],[120.11052965405692,-3.9035790825140695],[120.1122095036382,-3.901921053124041],[120.11254188029332,-3.9010427443373317],[120.11370969016268,-3.900128585237291],[120.11464393805817,-3.898174790886159],[120.11450919076555,-3.8954233388497643],[120.11301798739392,-3.8958714586874397],[120.11204780688706,-3.8957728723436285],[120.11176034599616,-3.896409202177588],[120.1105116877512,-3.8958445715039085],[120.10992778281654,-3.8961851424317984],[120.10800538810852,-3.8945360608671185],[120.1090923496023,-3.8936935940380613],[120.10978405237108,-3.893917654447244],[120.11092491278191,-3.8931379239659467],[120.11194000905297,-3.8917577096195015],[120.11218255417968,-3.891919033491031],[120.11258679605753,-3.8910765640434986],[120.11244306561207,-3.8906553290037595],[120.11331443143767,-3.8853226544467665],[120.11423969618032,-3.881782456919345],[120.11481461796214,-3.880429111663835],[120.1144103760843,-3.880402223987783],[120.11448224130703,-3.879783807202366],[120.11421274672179,-3.8797121066762204],[120.11436546032009,-3.8793984168027853],[120.1143025782502,-3.8784214961651577],[120.11418579726327,-3.8780629928956145],[120.11381748799677,-3.8778658160325503],[120.11440139293146,-3.876978519579585],[120.11453614022408,-3.8762435864589033],[120.113296465132,-3.875490727477859],[120.11376358907972,-3.8741373721483354],[120.11451817391838,-3.8725061727814576],[120.11518292722864,-3.871636796010449],[120.11565903432923,-3.8720311525945412],[120.11600039413717,-3.871842936975049],[120.11666514744743,-3.872040115242045],[120.11739278282758,-3.871717459872139],[120.11828211495884,-3.8708570449512365],[120.11943195852251,-3.869270652649024],[120.1200787455271,-3.8686611904096333],[120.12046502109925,-3.868939033543733],[120.1214531679118,-3.867612555824643],[120.12203707284648,-3.867944175449083],[120.12373488873345,-3.8664563674706014],[120.12407624854141,-3.8666445842868646],[120.12428286105678,-3.8661874862320236],[120.12484879968576,-3.86619644894135],[120.12532490678636,-3.8659365303324154],[120.12545965407898,-3.865488394612652],[120.1258369464983,-3.865201587627713],[120.12695984060345,-3.8653091402584328],[120.12755272869096,-3.8651209231457218],[120.12819951569553,-3.8642963524453116],[120.12903494890976,-3.863695849365567],[120.13068784903254,-3.863220824240178],[120.13104717514621,-3.8629340164885386],[120.13125378766155,-3.8621990711824914],[120.13169396215075,-3.8620467043930478],[120.13191854097178,-3.8616433804066057],[120.13230481654396,-3.861661305921184],[120.13292465408999,-3.861410348682643],[120.13343669380195,-3.861482050758367],[120.13412839657072,-3.8620198161332477],[120.13513450968892,-3.8615268645526197],[120.13641910054521,-3.861266944513021],[120.13674249404752,-3.8614013859227505],[120.13667961197763,-3.861284870035548],[120.13694910656287,-3.860971173336671],[120.13690419079866,-3.860621625449954],[120.13603282497306,-3.860496146686286],[120.1359340102918,-3.860361705133208],[120.13570943147077,-3.859205506898096],[120.13579027984635,-3.8576997579998507],[120.13478416672812,-3.8553246129449525],[120.13464941943552,-3.854213222036461],[120.1341463628764,-3.8526626500359447],[120.13417331233492,-3.850592228681654],[120.13457755421278,-3.8482977298697256],[120.13638316793386,-3.8474104024997735],[120.1369580897157,-3.8465320371223477],[120.13815284904358,-3.8460390765648933],[120.14028185626695,-3.8416830854334387],[120.14063219922774,-3.8416293076261305],[120.14098254218854,-3.8413424925965667],[120.141296952538,-3.8398098231485025],[120.14285103797953,-3.8386177450086008],[120.14538428708073,-3.8363232139802563],[120.1485822894922,-3.8338673419121503],[120.14876195254902,-3.83349985679874],[120.14902246398141,-3.8318775425813993],[120.14939975640075,-3.8314652412402097],[120.1508729934667,-3.8312232381865337],[120.15209470225311,-3.8305958225434167],[120.15308284906564,-3.830577896375425],[120.15343319202644,-3.830972271984495],[120.15365777084749,-3.830604785627272],[120.15407099587817,-3.8315727981309826],[120.1537476023759,-3.831967173281451],[120.15373861922306,-3.832245028391922],[120.15397218119692,-3.8324511788994315],[120.15447523775602,-3.8321912499904878],[120.15433150731056,-3.831519019687286],[120.15434947361625,-3.8312859797255423],[120.15455608613159,-3.8311784227987116],[120.15546338456856,-3.8319582102118686],[120.15655034606235,-3.832280880657667],[120.15723306567828,-3.8321822869232536],[120.15803256628114,-3.831707244225432],[120.15902071309367,-3.831456278165369],[120.15868833643854,-3.830667527211629],[120.15889494895389,-3.8293678791678945],[120.15873325220275,-3.8287673514742107],[120.15743069504079,-3.827360143139081],[120.15597542428051,-3.8262487158133545],[120.155777794918,-3.825827448627548],[120.15574186230663,-3.824922171633863],[120.15598440743337,-3.8240706725987264],[120.15670305966064,-3.823210209556595],[120.15812239780954,-3.822546935372223],[120.15847274077036,-3.822564861708275],[120.1589847804823,-3.822869609363843],[120.15907461201071,-3.823505993824741],[120.15868833643854,-3.8247249824588905],[120.15875121850844,-3.8252089921710106],[120.15947885388859,-3.826687909041826],[120.16010767458745,-3.827118138924849],[120.162057018754,-3.82665205654182],[120.1630810981779,-3.825442033786753],[120.16344940744438,-3.8246174247079643],[120.16366500311256,-3.8229413146788236],[120.16303618241369,-3.821919513374283],[120.1622097323523,-3.821310017279638],[120.16194922091991,-3.8209246004080395],[120.16209295136537,-3.82008206059739],[120.1624073617148,-3.8197324959650363],[120.16365601995972,-3.8200193182379665],[120.16431179011714,-3.8205391833632873],[120.16476993091203,-3.8214713545233097],[120.16487772874612,-3.8226813828834856],[120.16503044234445,-3.8228158303736706],[120.1654795999865,-3.822779977711683],[120.16678215714846,-3.8210411218060867],[120.16778827026668,-3.8201627293384797],[120.16918065895706,-3.8194635999971],[120.17075271070428,-3.8190244030682883],[120.17256730757819,-3.81932018877975],[120.17323206088845,-3.8197862751485134],[120.17340274079243,-3.8201358397589593],[120.17335782502822,-3.820548146552341],[120.17290866738615,-3.8211755695533993],[120.17295358315037,-3.8215520231337674],[120.17314222936004,-3.82170439715504],[120.174444786522,-3.8219374397234516],[120.1761875181732,-3.822717235549597],[120.1766456589681,-3.8227530882142076],[120.17696006931754,-3.822564861708275],[120.17707685030447,-3.8215161704189455],[120.17696006931754,-3.81984005432862],[120.1767983725664,-3.819373967989064],[120.1761875181732,-3.8186210587520266],[120.17454360120325,-3.8176171787420805],[120.17207323417193,-3.8143187075901466],[120.17131864933327,-3.8139422508383425],[120.17077966016281,-3.8139063978057606],[120.16917167580422,-3.8144441931374367],[120.16806674800475,-3.8152329590150806],[120.16772538819679,-3.815268811992316],[120.1670965674979,-3.815053694106469],[120.16664740985584,-3.8147758334242066],[120.16565027989047,-3.8127590999735474],[120.16307211502506,-3.810733398500733],[120.16264092368866,-3.8099804816928855],[120.16257804161877,-3.8094875000927],[120.16285651935688,-3.8075872774643473],[120.16349432320858,-3.8070584411754016],[120.16417704282452,-3.807004661195617],[120.16521908855411,-3.807676910701465],[120.16647672995187,-3.8080354435566117],[120.1695399850707,-3.8073990476360238],[120.17039338459062,-3.807094294493391],[120.17107610420656,-3.806242777787838],[120.17192950372647,-3.8038764532595795],[120.1740764772555,-3.803060786859247],[120.17472326426008,-3.802406460507602],[120.17463343273167,-3.8016356096479456],[120.17305239783163,-3.7998608573747883],[120.17270205487081,-3.7984894553901247],[120.17242357713273,-3.7980681746042877],[120.17172289121112,-3.7977634181629423],[120.17089644114974,-3.7978889061224113],[120.17066287917585,-3.798193662519445],[120.17033948567358,-3.799556101566578],[120.16969269866902,-3.79970847948414],[120.16900997905309,-3.7993947602127642],[120.16789606810077,-3.7982832967333886],[120.16759962405702,-3.797745491310102],[120.16773437134964,-3.797180795255006],[120.168165562686,-3.7975303690469575],[120.16949506930649,-3.7974228078952805],[120.17187560480943,-3.7959528041459474],[120.17380698267027,-3.795397070369321],[120.17685227148344,-3.795800425565362],[120.17835245800792,-3.7971539049574528]]]}},{"type":"Feature","id":13,"properties":{"FID":13,"Id":0,"Kecamatan":"Kec. Keera","Luas_Ha":29447.986,"Luas":29447.986},"geometry":{"type":"Polygon","coordinates":[[[120.24929241599484,-3.7219026298265865],[120.25033446172444,-3.722037092910246],[120.25874269278378,-3.7243319263725922],[120.26304562299471,-3.725353842473646],[120.26521954598229,-3.7257751584154404],[120.26793245814032,-3.726053047543231],[120.26792347498748,-3.7263757573879346],[120.26835466632387,-3.7274962767628432],[120.26935179628921,-3.727487312613508],[120.26952247619323,-3.7276128106958817],[120.26971112240288,-3.729154642817549],[120.26989976861255,-3.7294414950069705],[120.2706723197569,-3.7298000601121055],[120.2721814894342,-3.7299434861132017],[120.27286420905016,-3.73066957988455],[120.2736187938888,-3.7302482662878145],[120.27420269882349,-3.7306247592987547],[120.27458897439564,-3.7306785440014347],[120.2750830478019,-3.730203445680529],[120.27577475057069,-3.7301138044591022],[120.27626882397696,-3.7295401004254645],[120.27687967837015,-3.7295849210665772],[120.2771312066497,-3.729809024237859],[120.27733781916504,-3.7304634051709598],[120.27848766272871,-3.7304096204551107],[120.27901766874636,-3.731261211402784],[120.27889190460658,-3.7331974572220235],[120.27899970244067,-3.7339325123873164],[120.27932309594296,-3.7343179678987557],[120.27948479269409,-3.734165578530741],[120.27950275899977,-3.733726338439635],[120.2798531019606,-3.733556020794163],[120.28012259654582,-3.73362773349102],[120.28065260256345,-3.7341566144494447],[120.28108379389984,-3.7341924707740772],[120.28192821026691,-3.732874749881913],[120.28226957007487,-3.733179529039573],[120.28253008150726,-3.7341566144494447],[120.2824043173675,-3.7343538242167966],[120.28180244612712,-3.7346048184020764],[120.28178447982144,-3.735160590985498],[120.28242228367317,-3.7358418601237577],[120.28350924516695,-3.736523128733089],[120.2836260261539,-3.7368637628393766],[120.283563144084,-3.7379932328769234],[120.28328466634593,-3.7380918373349767],[120.28129040641518,-3.7358687523157315],[120.28072446778617,-3.735859788251833],[120.28045497320095,-3.736065961698367],[120.28102091182996,-3.7369085831066733],[120.2818204124328,-3.73746435423089],[120.28187431134984,-3.7377960239275567],[120.28049988896515,-3.7378587722344383],[120.28032022590833,-3.738011160961031],[120.27976327043218,-3.740610729276221],[120.27927818017875,-3.7407720815382293],[120.27862241002136,-3.7404135209156486],[120.27847867957587,-3.7408348296320972],[120.27851461218727,-3.7417133024744498],[120.27702340881561,-3.7421883945630157],[120.27650238595083,-3.7432013258914907],[120.27614305983717,-3.744617634988137],[120.27576576741784,-3.7449672299189203],[120.27579271687637,-3.745298896775469],[120.27757138113893,-3.74651799549245],[120.27740968438779,-3.747073760520373],[120.2769784930514,-3.747521957866368],[120.27920631495601,-3.749422312061974],[120.28017649546287,-3.7488396567334306],[120.28097599606575,-3.749001007478668],[120.28156888415324,-3.7496374462389785],[120.28211685647658,-3.7517887850968266],[120.28254804781295,-3.752299727297265],[120.28319483481752,-3.7523714384593796],[120.28572808391873,-3.752129413263653],[120.28778522591938,-3.7506862245937014],[120.28919558091543,-3.7507220802417027],[120.29052508753593,-3.750264920619514],[120.29101916094221,-3.749771905072723],[120.29157611641836,-3.750255956702963],[120.29202527406039,-3.7503904154415717],[120.29234866756269,-3.7508565389086037],[120.29334579752808,-3.751430228988285],[120.29451360739743,-3.7513047343155366],[120.29525022593039,-3.752514860765949],[120.29547480475142,-3.7540028658069873],[120.2965617662452,-3.754684120280862],[120.29697499127592,-3.7552757355769133],[120.29709177226285,-3.755939061341133],[120.29816076745095,-3.756898193649233],[120.29835839681346,-3.757274675201671],[120.29831348104925,-3.7582696613796123],[120.29912196480497,-3.758431010382605],[120.29916688056916,-3.759919005336461],[120.29932857732031,-3.7604120151526836],[120.29976875180951,-3.7606181828113376],[120.29959807190554,-3.761424925354713],[120.29975078550383,-3.761568346173134],[120.30047842088398,-3.761675911771461],[120.30079283123341,-3.7621778843880915],[120.30079283123341,-3.7638810036106483],[120.30108029212433,-3.7637375831729383],[120.30160131498913,-3.7638092933947447],[120.30228403460504,-3.7644457213545395],[120.30267031017723,-3.7644726126665438],[120.30272420909428,-3.7650014749671707],[120.30321828250052,-3.7649656199060932],[120.30435015975853,-3.764490540207417],[120.30434117660567,-3.7641947357357974],[120.30461965434378,-3.7641947357357974],[120.30521254243128,-3.7645443228278253],[120.30546407071083,-3.7651897140136077],[120.30627255446655,-3.7651090401415472],[120.3063713691478,-3.7653779530193447],[120.30738646541886,-3.7653779530193447],[120.3088147867206,-3.7650911126134066],[120.30998259658995,-3.7651538589602818],[120.31072819827578,-3.765440699345545],[120.31072819827578,-3.765602047020724],[120.31129413690476,-3.7659785248131756],[120.31159956410139,-3.766426712449024],[120.31266855928949,-3.7662653649267046],[120.31321653161278,-3.7664984224493425],[120.31464485291453,-3.766453603699836],[120.31527367361342,-3.766588059941431],[120.31576774701968,-3.766390857446649],[120.31660318023391,-3.7663818936958244],[120.31722301777997,-3.7666956249197523],[120.31726793354417,-3.7675471805288474],[120.3174925123652,-3.7677981651809387],[120.31782488902032,-3.7678340201253273],[120.31956762067152,-3.7670272835192127],[120.31975626688119,-3.766677697424289],[120.31985508156244,-3.765709612120897],[120.32112170611303,-3.7663550024427974],[120.32193018986875,-3.767098993470044],[120.32390648349383,-3.7673320507694323],[120.32408614655064,-3.7676368179129063],[120.32385258457676,-3.767923657479832],[120.32492157976486,-3.7680581134942748],[120.32513717543307,-3.7677802377081897],[120.3265654967348,-3.768479408871623],[120.32811958217633,-3.767995367356787],[120.32940417303261,-3.7672424133539777],[120.33058096605481,-3.7667852623915303],[120.3327818385009,-3.7664446399496576],[120.33394964837025,-3.766543241196541],[120.33643798170729,-3.768102932161137],[120.33879156775168,-3.7681298233601463],[120.33969886618863,-3.7678698750682376],[120.34083972659946,-3.7680581134942748],[120.34234889627679,-3.76884692169374],[120.34453180241721,-3.770792047946468],[120.34574452805076,-3.7711954145969613],[120.34617571938713,-3.7711685234927517],[120.34646318027804,-3.7713388338053635],[120.34669674225194,-3.7712491968028856],[120.34699318629569,-3.7713926160024123],[120.34703810205988,-3.770469354491316],[120.34800828256674,-3.7702183706100576],[120.3481520130122,-3.7704783182000203],[120.34835862552754,-3.7704783182000203],[120.34943660386848,-3.7699136043711294],[120.35029000338841,-3.7703797173991846],[120.35081102625318,-3.770451427073629],[120.35135899857652,-3.770182515763964],[120.35356885417545,-3.7717242728106815],[120.3543234390141,-3.7717063454188753],[120.35433242216693,-3.7724772229325896],[120.35775500339942,-3.772459295556316],[120.35802449798469,-3.773041935095863],[120.35861738607218,-3.773212245041319],[120.35894077957447,-3.7724234408026596],[120.36036910087623,-3.773194317680211],[120.36066554491998,-3.7729433345858667],[120.36097995526941,-3.7733018818413067],[120.36144707921717,-3.773499082768724],[120.36198606838764,-3.7745119777358407],[120.3628035352962,-3.774601614401702],[120.36292031628312,-3.7748794880070755],[120.36325269293825,-3.7750139429454967],[120.36388151363714,-3.774852597016894],[120.36433067127919,-3.7749511973101577],[120.36428575551498,-3.7757848175239075],[120.36665730786505,-3.7750139429454967],[120.36867851725432,-3.7759192723221346],[120.36986429342936,-3.7761702545564435],[120.37015175432028,-3.7754710895804005],[120.37067277718508,-3.775533835178171],[120.37076260871349,-3.775058761253678],[120.3710051538402,-3.7751125432204407],[120.37106803591008,-3.774574723402916],[120.37174177237318,-3.7745926507355327],[120.37185855336011,-3.7738845208157805],[120.37703284939663,-3.7732480997624234],[120.37879354735351,-3.7744940504015587],[120.38056322846322,-3.774520941402844],[120.3858992212509,-3.775291816418927],[120.39673290357739,-3.7771562554886784],[120.40289534642643,-3.7786800729077115],[120.40319179047019,-3.778868308991399],[120.40303907687189,-3.782471677573206],[120.40325467254007,-3.7837893235382647],[120.40376671225204,-3.7848649514118042],[120.40367688072362,-3.785348983519095],[120.40115261477526,-3.7864873542605557],[120.40074837289738,-3.7869355313071735],[120.40010158589284,-3.788531039709475],[120.40022735003261,-3.790117581664081],[120.39989497337747,-3.790556793329291],[120.3992212369144,-3.790727099833335],[120.39853851729845,-3.7916951572190984],[120.39826902271322,-3.792537724802174],[120.39849360153424,-3.7930576065181674],[120.39802647758651,-3.7947427382062098],[120.39701138131547,-3.794724811290654],[120.39549322848531,-3.79527158204769],[120.39547526217963,-3.7956480469578877],[120.39494525616198,-3.796526464443463],[120.39466677842391,-3.796714696645539],[120.39419965447615,-3.7965533547605577],[120.39400202511365,-3.7966878063334693],[120.39371456422273,-3.79722561241573],[120.3937504968341,-3.7976379301852314],[120.3934001538733,-3.7981757356755406],[120.39289709731418,-3.798050247757776],[120.39263658588179,-3.7982384796275808],[120.39259167011758,-3.7984804919712905],[120.39275336686873,-3.798695613997611],[120.39244793967214,-3.799448540667388],[120.39194488311301,-3.8000042718355167],[120.39238505760224,-3.8004165882772956],[120.39236709129656,-3.8011964036173906],[120.39181911897323,-3.801554939169307],[120.39044469658855,-3.801976218252313],[120.39041774713002,-3.8022271929273246],[120.38994164002945,-3.8020837788362636],[120.38924095410782,-3.8028904827881393],[120.38893552691123,-3.8035716988706665],[120.38966316229134,-3.804055720496831],[120.38909722366236,-3.8051671765353143],[120.3887109480902,-3.805337480156459],[120.38860315025612,-3.8060366209851564],[120.38875586385441,-3.806493751220146],[120.3884773861163,-3.806968807873895],[120.38801924532142,-3.8073094143699753],[120.38823484098961,-3.8075155708679334],[120.38822585783676,-3.8077217273165247],[120.3878395822646,-3.80797270031774],[120.38777670019472,-3.808474646100652],[120.38741737408105,-3.8091379311505125],[120.38655499140832,-3.809541279917354],[120.38670770500661,-3.810419683244211],[120.38606990115487,-3.810831994700582],[120.38575549080544,-3.8115490576322113],[120.38573752449976,-3.811952405268521],[120.38545006360884,-3.8124005690869742],[120.38459666408893,-3.812821842863325],[120.38427327058665,-3.8132610429635583],[120.38413852329404,-3.8138795080303436],[120.38445293364347,-3.814623458173206],[120.3838510624031,-3.815035767613551],[120.38373428141617,-3.815672157883102],[120.38300664603604,-3.8168642679643683],[120.38295274711899,-3.817912964938417],[120.38162324049848,-3.8201089501785965],[120.38135374591324,-3.8215968390251858],[120.38075187467291,-3.8221525558842453],[120.37981762677741,-3.8242947513742],[120.37932355337114,-3.824707056168008],[120.37913490716147,-3.825603370252834],[120.37852405276828,-3.8269299133776173],[120.37857795168533,-3.8271988070038567],[120.37788624891655,-3.828104081591636],[120.37769760270689,-3.8288928349077063],[120.37666454013015,-3.831294942802167],[120.37586503952727,-3.8314024997143483],[120.37548774710795,-3.8320209516969728],[120.37521825252273,-3.8331771868128426],[120.37463434758803,-3.8345216442840666],[120.37490384217327,-3.835265576509471],[120.37484994325622,-3.8362425467616483],[120.3751913030642,-3.8363949181681813],[120.3751913030642,-3.836592104653945],[120.37303534638231,-3.839720193271041],[120.37213703109819,-3.8414410852738534],[120.3714453283294,-3.84163827059425],[120.37122074950838,-3.841934048489403],[120.37102312014588,-3.842364270699306],[120.37125668211975,-3.842660048342758],[120.37066379403224,-3.843825232000913],[120.36826529222364,-3.846128705778367],[120.36809461231964,-3.8464692967036007],[120.36810359547248,-3.8468815907993856],[120.36656747633664,-3.8484142475365184],[120.36609136923607,-3.849095427423388],[120.36459118271158,-3.849991715918071],[120.36224657982002,-3.8499469015157444],[120.36132131507738,-3.850117196232037],[120.36122250039612,-3.8502874909142664],[120.36103385418646,-3.8539532997595827],[120.3607553764484,-3.854652400875502],[120.36086317428249,-3.854948174251532],[120.36061164600294,-3.8557010514717023],[120.36044096609896,-3.856131266726736],[120.35953366766199,-3.856391188337806],[120.35903061110287,-3.857117175864907],[120.35841975670968,-3.8590172884317764],[120.35785381808067,-3.859841864261027],[120.35770110448237,-3.8608546573904228],[120.35721601422897,-3.861571678344507],[120.35607515381814,-3.8645114579227045],[120.35588650760847,-3.865864828633169],[120.35612905273518,-3.866626658877591],[120.35649736200166,-3.8668955399768765],[120.35639854732041,-3.8673436749528127],[120.35565294563459,-3.8674960407906562],[120.35531158582663,-3.868069653110976],[120.35515887222833,-3.868706003824521],[120.35529361952094,-3.8689659215841323],[120.35420665802715,-3.870955634205276],[120.3542605569442,-3.8715202815299947],[120.35389224767772,-3.872282106688768],[120.35407191073455,-3.872649575049652],[120.3539730960533,-3.8732321465143364],[120.35332630904871,-3.8733396981255046],[120.3525807073629,-3.875150148194842],[120.35232019593052,-3.8764228384984585],[120.35132306596515,-3.87877103670654],[120.35022712131853,-3.8802319353529082],[120.349068294602,-3.8832971255270237],[120.34805319833094,-3.8851613293127842],[120.3467775906275,-3.88857603806271],[120.34560978075815,-3.8905657045000464],[120.34503485897629,-3.8913185500348977],[120.34424434152626,-3.89194592079995],[120.34428027413763,-3.8934695335692395],[120.34454976872289,-3.894222376508022],[120.34494502744789,-3.8969738324722862],[120.34466654970981,-3.899546032350865],[120.34469349916834,-3.901141330063221],[120.34434315620754,-3.9027097377826228],[120.34462163394561,-3.903516346326466],[120.3440107795524,-3.905774846126605],[120.34409162792797,-3.9076658869190566],[120.34398383009388,-3.9079078681346293],[120.34357958821603,-3.9080423021131154],[120.34335500939501,-3.9086158868458734],[120.34248364356941,-3.911654086933066],[120.34250160987509,-3.911949840335623],[120.34276212130747,-3.912236631414161],[120.34233991312395,-3.9135720010807202],[120.34163024404948,-3.913536152258421],[120.34135176631142,-3.913769169575944],[120.34124396847733,-3.914593691871179],[120.34142363153414,-3.9154809486514823],[120.34065108038979,-3.918250259219535],[120.34097447389209,-3.918456388765852],[120.34097447389209,-3.918689404713568],[120.34032768688752,-3.9197917485092764],[120.33927665800509,-3.91997099126554],[120.33899818026703,-3.9201950446568357],[120.3388634329744,-3.920499757172643],[120.33909699494828,-3.921082295496688],[120.33883648351589,-3.921539363743641],[120.33840529217949,-3.9216558712960277],[120.33815376389994,-3.9215662501033264],[120.33761477472949,-3.9203115523965812],[120.33704883610048,-3.9198007106480026],[120.33642899855445,-3.919549770727374],[120.33576424524419,-3.918438464459494],[120.33626730180329,-3.9167356536041966],[120.33562949795157,-3.916072452649251],[120.33280878795942,-3.915964906498929],[120.33266505751396,-3.9162696205556164],[120.33235064716453,-3.916260658379063],[120.33076062911165,-3.915633305781782],[120.3287663691809,-3.9151851964958597],[120.32870348711101,-3.915382364611217],[120.32460716941542,-3.914513032117253],[120.32393343295234,-3.9146653894236993],[120.32344834269891,-3.914602654065579],[120.32294528613981,-3.914109733231083],[120.32134628493407,-3.9141814308250424],[120.32128340286418,-3.9144592589436527],[120.31927117662774,-3.914513032117253],[120.31925321032206,-3.914817746702421],[120.31893879997263,-3.9148087845103228],[120.31879506952717,-3.9154719864664838],[120.3184716760249,-3.915579532680137],[120.31824709720387,-3.9153196293068224],[120.31770810803339,-3.915230007435247],[120.31750149551804,-3.915400288983039],[120.31612707313334,-3.9153644402390135],[120.31610910682767,-3.9160186795758167],[120.3150041790282,-3.915920095598883],[120.31438434148214,-3.9162068853177203],[120.31432145941226,-3.9160634904705844],[120.3133063631412,-3.9163861288420914],[120.31301890225028,-3.916072452649251],[120.31170736193548,-3.916081414827821],[120.31078209719283,-3.9164847127641313],[120.31027904063373,-3.915713965427774],[120.30943462426666,-3.9153017049332752],[120.30901241608309,-3.915391326797176],[120.30864410681662,-3.9148984064269894],[120.30771884207397,-3.9154092511688052],[120.30648815013473,-3.9152479318103284],[120.30543712125231,-3.91588424687712],[120.30498796361026,-3.915955944319111],[120.30383812004658,-3.91542717554005],[120.30332608033463,-3.9144234101593356],[120.30288590584541,-3.914136619829537],[120.3019247084914,-3.9141814308250424],[120.30140368562662,-3.9139125648160418],[120.30078384808057,-3.913957375823536],[120.2980619527697,-3.914826708894424],[120.29639108634122,-3.9139484136222293],[120.29530412484743,-3.9142889772044724],[120.29465733784288,-3.914755011355716],[120.29404648344968,-3.9154899108363854],[120.29321105023543,-3.916027641754962],[120.29094729571945,-3.917058291716567],[120.29023762664501,-3.91780215133492],[120.28899795155293,-3.9187342154653013],[120.28771336069664,-3.918958269187958],[120.28677911280116,-3.9194243007388208],[120.28624012363068,-3.9190210042195472],[120.28579096598862,-3.9191464742686066],[120.28518011159541,-3.918949307040205],[120.28441654360392,-3.9193077928754523],[120.28409315010163,-3.9189044962999953],[120.27979920304355,-3.9166460318842398],[120.27564898643091,-3.9154719864664838],[120.27271149545183,-3.9135809632860568],[120.27062740399269,-3.912801251063134],[120.26915416692673,-3.9129267220445594],[120.26707007546756,-3.9136257743112957],[120.26415953394702,-3.9142441662147216],[120.26304562299471,-3.9141724686261337],[120.26214730771059,-3.913921527017732],[120.26135679026056,-3.9139394514208248],[120.26142865548329,-3.914306901599701],[120.26183289736116,-3.914817746702421],[120.26181493105547,-3.915400288983039],[120.26233595392026,-3.9159738686786505],[120.26260544850548,-3.916090377006294],[120.26332410073279,-3.9158573603347895],[120.26359359531801,-3.916099339184672],[120.26287494309074,-3.9167983888024556],[120.26187781312537,-3.916879048336163],[120.26150950385887,-3.9173271567151806],[120.26097949784123,-3.9170493295484587],[120.26100644729976,-3.9165564101546853],[120.260144064627,-3.915633305781782],[120.25931761456563,-3.915113498987854],[120.25885947377071,-3.915113498987854],[120.25819472046048,-3.914539918702758],[120.25718860734226,-3.914342750389008],[120.25673046654734,-3.9144054857666006],[120.25592198279165,-3.9139125648160418],[120.25515841480015,-3.91402011123],[120.25407145330635,-3.91354511446414],[120.2528138119086,-3.913876716008319],[120.25269703092167,-3.913688509742599],[120.25275092983871,-3.9131059662711363],[120.252508384712,-3.9130163441626427],[120.25197837869436,-3.913123890691684],[120.25149328844094,-3.9135809632860568],[120.2507656530608,-3.913464454609218],[120.25025361334886,-3.913634736516055],[120.24956191058008,-3.913330021500417],[120.24866359529595,-3.913285210459355],[120.24779222947035,-3.9127205911365794],[120.24744188650955,-3.9130163441626427],[120.24681306581068,-3.913097004060718],[120.24644475654418,-3.913482379022094],[120.24542067712028,-3.9139125648160418],[120.24507931731232,-3.914889444235756],[120.24459422705891,-3.915238969622835],[120.24312997314577,-3.914710200390907],[120.24269878180941,-3.915014914904318],[120.24185436544232,-3.9150866124207675],[120.24057875773889,-3.914710200390907],[120.240120616944,-3.9141276576301482],[120.23959061092634,-3.9138946404123716],[120.23930315003544,-3.913321059292397],[120.23920433535419,-3.912693704492669],[120.23900670599168,-3.91249653574429],[120.23802754233199,-3.9122904047304585],[120.23730889010469,-3.912702666707401],[120.23691363137968,-3.912568233476343],[120.23740770478594,-3.911949840335623],[120.23734482271605,-3.9116272002549306],[120.23792872765074,-3.911017768652461],[120.23844076736268,-3.9107309771567715],[120.23899772283885,-3.9107309771567715],[120.23948281309225,-3.9102111673207127],[120.2395816277735,-3.909565885696475],[120.24011163379114,-3.9094673009601464],[120.24039011152922,-3.909189471186306],[120.24058774089173,-3.9068234332536185],[120.24121656159062,-3.9063753192571182],[120.24135130888324,-3.905909280446886],[120.24084825232411,-3.9049323905625313],[120.24101893222809,-3.9046097477821466],[120.24196216327643,-3.9039823864653043],[120.24223165786168,-3.9034894593874863],[120.2421777589446,-3.9031220044684956],[120.24177351706676,-3.902611152240799],[120.24166571923267,-3.9012488781146337],[120.24186334859517,-3.900746987090264],[120.24270776496225,-3.900101698189882],[120.2431569226043,-3.899115839190952],[120.2439833726657,-3.8983988501018856],[120.24449541237766,-3.8971889296277107],[120.24519609829926,-3.896328540675979],[120.24633695871009,-3.896454014119585],[120.24702866147886,-3.896113443300542],[120.24706459409023,-3.8951186172238246],[120.24739697074534,-3.8945898353169386],[120.24826833657094,-3.8944016247275344],[120.2495888600386,-3.894948331561267],[120.25028056280739,-3.89434785026569],[120.25178074933186,-3.891417136900353],[120.25244550264212,-3.8859500296745306],[120.2516370188864,-3.8835480762765076],[120.24918461816075,-3.881907932528536],[120.247926976763,-3.880124384618458],[120.2465795038368,-3.877014369959375],[120.24548355919016,-3.8721745549432085],[120.24751375173228,-3.8689659215841323],[120.25015479866761,-3.866483255589768],[120.25211312598697,-3.864242576067441],[120.25357737990011,-3.8611593913699083],[120.25573333658197,-3.859304097506663],[120.25770963020703,-3.859438539227177],[120.25918286727298,-3.857547390403128],[120.25748505138601,-3.8531914581456195],[120.25797912479227,-3.8530301268927656],[120.25880557485367,-3.8532273095309875],[120.25952422708097,-3.8528508699092674],[120.26032372768381,-3.8528687956093166],[120.26118611035658,-3.85248339297502],[120.26133882395487,-3.851345109756901],[120.26173408267991,-3.8506460059233993],[120.26169815006854,-3.8504308969360372],[120.260144064627,-3.849086464533677],[120.25977575536052,-3.848566616769042],[120.26000931733438,-3.8474372912215338],[120.25952422708097,-3.847401439592332],[120.25903913682752,-3.847948176773716],[120.258616928644,-3.8481812121869936],[120.25830251829457,-3.8481095089896984],[120.2577006470542,-3.84691744245046],[120.25752098399738,-3.84464982255085],[120.25921879988438,-3.8435921953966314],[120.25936253032984,-3.84300064065363],[120.26036864344805,-3.841844418835032],[120.26296477461915,-3.8372643309679177],[120.26278511156232,-3.835785432379026],[120.26292884200778,-3.834333420365372],[120.26435716330953,-3.8337060070037605],[120.2642224160169,-3.832343622119104],[120.2650039503141,-3.831581761204603],[120.26530039435785,-3.8310081243035796],[120.2653542932749,-3.827718667775208],[120.26654006944995,-3.8270822864428506],[120.2669712607863,-3.8266162040403136],[120.26700719339767,-3.8260694532064146],[120.26641430531016,-3.8249490610632995],[120.2665760020613,-3.8243664565699778],[120.26635142324028,-3.823228135878782],[120.26656701890846,-3.822493156361814],[120.26605497919653,-3.82165958126924],[120.26574056884706,-3.820548146552341],[120.2653093775107,-3.8201089501785965],[120.26540819219194,-3.819436710395672],[120.26480632095158,-3.81849557381498],[120.2650488660783,-3.817859185637572],[120.26554293948456,-3.8171331647464752],[120.26601006343229,-3.8158514226626643],[120.26633345693459,-3.8155825254792917],[120.26681854718801,-3.815528746032517],[120.26720482276019,-3.814417303378845],[120.26673769881243,-3.813404455192586],[120.26649515368574,-3.8124005690869742],[120.2657046362357,-3.8113070489596215],[120.26581243406979,-3.8100880412772065],[120.26663888413118,-3.8088152520009197],[120.26676464827096,-3.8074080109621153],[120.26662990097834,-3.807085331164034],[120.26406970241861,-3.8079816636378587],[120.2634139322612,-3.8074438642655477],[120.26303663984187,-3.806341374502111],[120.2619945941123,-3.805920097553116],[120.26071898640885,-3.8061083277047296],[120.25926371564859,-3.805651197265167],[120.25899422106333,-3.8052837000692077],[120.258616928644,-3.8035448087723536],[120.25783539434681,-3.8030070066299],[120.25675741600587,-3.802872556041855],[120.25657775294904,-3.8026932885585056],[120.25646097196211,-3.8012322571792905],[120.25460145932398,-3.7999146378003554],[120.25300245811826,-3.7993409797547897],[120.25180769879037,-3.799681589265351],[120.25147532213526,-3.7991168944771405],[120.25080158567216,-3.79880317499066],[120.24733408867546,-3.7998250037558816],[120.24590576737371,-3.8007840875484047],[120.24504338470096,-3.8008289045219743],[120.2445493112947,-3.801438415131286],[120.24396540636002,-3.801375671411983],[120.2425011524469,-3.8019941450172365],[120.24126147735483,-3.802056888691535],[120.24057875773889,-3.8018059139669487],[120.24024638108376,-3.8014115249664293],[120.23964450984339,-3.8014473785193856],[120.23934806579965,-3.8004434784731735],[120.23915043643714,-3.800371771282301],[120.23834195268142,-3.800309027485398],[120.23781194666381,-3.800676526802338],[120.23760533414844,-3.800577929439992],[120.23756940153707,-3.8003269542849787],[120.23740770478594,-3.800317990885235],[120.23578175412169,-3.800533112453381],[120.23471275893358,-3.7996905526717066],[120.23461394425233,-3.7993409797547897],[120.233670713204,-3.799072077414627],[120.23318562295059,-3.7991168944771405],[120.23246697072328,-3.798704577414211],[120.23187408263576,-3.798910735970303],[120.23183815002439,-3.798614943244025],[120.23233222343067,-3.7978440889961242],[120.23234120658351,-3.7971359780919545],[120.2329071452125,-3.7962665246683724],[120.2320537456926,-3.795459814523302],[120.2314249249937,-3.7954149972709232],[120.23101169996302,-3.7955404855717187],[120.22925998515898,-3.79701049002303],[120.22737352306231,-3.797593113045913],[120.22281008141898,-3.8021913394067965],[120.21925275289388,-3.807085331164034],[120.21165300559025,-3.810141821064325],[120.20723329439238,-3.8126963570791887],[120.20187035214617,-3.812687393808193],[120.19884302963868,-3.8117731396757395],[120.19570790929713,-3.80851049935966],[120.19268058678963,-3.804181207540717],[120.19026411867536,-3.8017073167337307],[120.18690441951274,-3.7995381747509773],[120.18473947967802,-3.797404881035365],[120.18351777089161,-3.795495668323528],[120.18149656150234,-3.796078292368595],[120.18032875163298,-3.79779927186751],[120.17835245800792,-3.7971539049574528],[120.17685227148344,-3.795800425565362],[120.17380698267027,-3.795397070369321],[120.17187560480943,-3.7959528041459474],[120.16949506930649,-3.7974228078952805],[120.168165562686,-3.7975303690469575],[120.16773437134964,-3.797180795255006],[120.16806674800475,-3.796840184757456],[120.16917167580422,-3.7964278666069515],[120.16972863128038,-3.7960693289247245],[120.16988134487868,-3.795612193163987],[120.16983642911448,-3.7950923129851595],[120.1691896421099,-3.79349681668969],[120.16849793934114,-3.7930486430429537],[120.16758165775134,-3.791847536523677],[120.16724029794335,-3.791202165167339],[120.16697080335813,-3.7897231873256634],[120.1665485951746,-3.7893467198348745],[120.16606350492115,-3.7894811725289657],[120.16516518963707,-3.7902161802205847],[120.16439263849271,-3.790494048819346],[120.16386263247506,-3.791193201672888],[120.16373686833529,-3.791731011175533],[120.16307211502506,-3.7920895506580963],[120.16167972633468,-3.792080587172845],[120.16147311381931,-3.7917937555957164],[120.1594608875829,-3.791847536523677],[120.15271453979916,-3.792555651763103],[120.15027112222636,-3.793075533468313],[120.14885178407744,-3.7931113873674893],[120.14504292727277,-3.792250893376733],[120.1398147323192,-3.790745026831811],[120.13817979850211,-3.790090691146721],[120.14383020163922,-3.781405010324618],[120.14456682017217,-3.779459907845632],[120.14718990080182,-3.775381453004291],[120.14798041825183,-3.774538868736571],[120.14902246398141,-3.7738665934685467],[120.15005552655815,-3.7727282061615783],[120.1506933304099,-3.7723606949802027],[120.15139401633151,-3.771670490634154],[120.15146588155424,-3.771177487194247],[120.15121435327467,-3.77003013265157],[120.15128621849739,-3.769438527373886],[120.15243606206107,-3.7659157785257413],[120.15268759034063,-3.7654944819072607],[120.15334336049803,-3.7651090401415472],[120.15485253017538,-3.765019402497156],[120.15996394414199,-3.7659785248131756],[120.1755317480158,-3.769456454812455],[120.18670679015024,-3.774422341060728],[120.19229431121747,-3.7729971166836154],[120.19281533408225,-3.7712133419993057],[120.20244527392799,-3.749978075244298],[120.20311901039109,-3.7489561878301996],[120.20567022579799,-3.7426365944103717],[120.20753872158897,-3.736505200618568],[120.20892212712651,-3.733224349495013],[120.2090299249606,-3.731951447670511],[120.20872449776401,-3.7262950799378567],[120.20921857117025,-3.7249863113809596],[120.21047621256805,-3.7237761469423267],[120.21232674205332,-3.7228080141936273],[120.21357540029824,-3.722718372218606],[120.22289092979459,-3.724089893438029],[120.22929591777034,-3.724269177099652],[120.23323952186763,-3.723883717182022],[120.23676990093422,-3.7232562239318443],[120.23980620659454,-3.7225480524409256],[120.24501643524243,-3.720961387666243],[120.24666035221236,-3.7210151729596403],[120.24929241599484,-3.7219026298265865]]]}},{"type":"Feature","id":14,"properties":{"FID":14,"Id":0,"Kecamatan":"Kec. Pitumpanua","Luas_Ha":17852.292,"Luas":17852.292},"geometry":{"type":"Polygon","coordinates":[[[120.40306602633042,-3.78268680358191],[120.4030839926361,-3.780096324344345],[120.4032367062344,-3.779119290372776],[120.40307500948326,-3.7787428182734786],[120.3978468145297,-3.7773713828159434],[120.39024706722604,-3.7759909815393415],[120.38056322846322,-3.774520941402844],[120.37879354735351,-3.7744940504015587],[120.37703284939663,-3.7732480997624234],[120.37185855336011,-3.7738845208157805],[120.37174177237318,-3.7745926507355327],[120.37106803591008,-3.774574723402916],[120.3710051538402,-3.7751125432204407],[120.37076260871349,-3.775058761253678],[120.37067277718508,-3.775533835178171],[120.37015175432028,-3.7754710895804005],[120.36986429342936,-3.7761702545564435],[120.36867851725432,-3.7759192723221346],[120.36665730786505,-3.7750139429454967],[120.36428575551498,-3.7757848175239075],[120.36433067127919,-3.7749511973101577],[120.36388151363714,-3.774852597016894],[120.36325269293825,-3.7750139429454967],[120.36292031628312,-3.7748794880070755],[120.3628035352962,-3.774601614401702],[120.36198606838764,-3.7745119777358407],[120.36144707921717,-3.773499082768724],[120.36097995526941,-3.7733018818413067],[120.36066554491998,-3.7729433345858667],[120.36036910087623,-3.773194317680211],[120.35894077957447,-3.7724234408026596],[120.35861738607218,-3.773212245041319],[120.35802449798469,-3.773041935095863],[120.35775500339942,-3.772459295556316],[120.35433242216693,-3.7724772229325896],[120.3543234390141,-3.7717063454188753],[120.35356885417545,-3.7717242728106815],[120.35135899857652,-3.770182515763964],[120.35081102625318,-3.770451427073629],[120.35029000338841,-3.7703797173991846],[120.34943660386848,-3.7699136043711294],[120.34835862552754,-3.7704783182000203],[120.3481520130122,-3.7704783182000203],[120.34800828256674,-3.7702183706100576],[120.34703810205988,-3.770469354491316],[120.34699318629569,-3.7713926160024123],[120.34669674225194,-3.7712491968028856],[120.34646318027804,-3.7713388338053635],[120.34617571938713,-3.7711685234927517],[120.34574452805076,-3.7711954145969613],[120.34453180241721,-3.770792047946468],[120.34234889627679,-3.76884692169374],[120.34083972659946,-3.7680581134942748],[120.33969886618863,-3.7678698750682376],[120.33879156775168,-3.7681298233601463],[120.33643798170729,-3.768102932161137],[120.33394964837025,-3.766543241196541],[120.3327818385009,-3.7664446399496576],[120.33058096605481,-3.7667852623915303],[120.32940417303261,-3.7672424133539777],[120.32811958217633,-3.767995367356787],[120.3265654967348,-3.768479408871623],[120.32513717543307,-3.7677802377081897],[120.32492157976486,-3.7680581134942748],[120.32385258457676,-3.767923657479832],[120.32408614655064,-3.7676368179129063],[120.32390648349383,-3.7673320507694323],[120.32193018986875,-3.767098993470044],[120.32112170611303,-3.7663550024427974],[120.31985508156244,-3.765709612120897],[120.31975626688119,-3.766677697424289],[120.31956762067152,-3.7670272835192127],[120.31782488902032,-3.7678340201253273],[120.3174925123652,-3.7677981651809387],[120.31726793354417,-3.7675471805288474],[120.31722301777997,-3.7666956249197523],[120.31660318023391,-3.7663818936958244],[120.31576774701968,-3.766390857446649],[120.31527367361342,-3.766588059941431],[120.31464485291453,-3.766453603699836],[120.31321653161278,-3.7664984224493425],[120.31266855928949,-3.7662653649267046],[120.31159956410139,-3.766426712449024],[120.31129413690476,-3.7659785248131756],[120.31072819827578,-3.765602047020724],[120.31072819827578,-3.765440699345545],[120.30998259658995,-3.7651538589602818],[120.3088147867206,-3.7650911126134066],[120.30738646541886,-3.7653779530193447],[120.3063713691478,-3.7653779530193447],[120.30627255446655,-3.7651090401415472],[120.30546407071083,-3.7651897140136077],[120.30521254243128,-3.7645443228278253],[120.30461965434378,-3.7641947357357974],[120.30434117660567,-3.7641947357357974],[120.30435015975853,-3.764490540207417],[120.30321828250052,-3.7649656199060932],[120.30272420909428,-3.7650014749671707],[120.30267031017723,-3.7644726126665438],[120.30228403460504,-3.7644457213545395],[120.30160131498913,-3.7638092933947447],[120.30108029212433,-3.7637375831729383],[120.30079283123341,-3.7638810036106483],[120.30079283123341,-3.7621778843880915],[120.30047842088398,-3.761675911771461],[120.29975078550383,-3.761568346173134],[120.29959807190554,-3.761424925354713],[120.29976875180951,-3.7606181828113376],[120.29932857732031,-3.7604120151526836],[120.29916688056916,-3.759919005336461],[120.29912196480497,-3.758431010382605],[120.29831348104925,-3.7582696613796123],[120.29835839681346,-3.757274675201671],[120.29816076745095,-3.756898193649233],[120.29709177226285,-3.755939061341133],[120.29697499127592,-3.7552757355769133],[120.2965617662452,-3.754684120280862],[120.29547480475142,-3.7540028658069873],[120.29525022593039,-3.752514860765949],[120.29451360739743,-3.7513047343155366],[120.29334579752808,-3.751430228988285],[120.29234866756269,-3.7508565389086037],[120.29202527406039,-3.7503904154415717],[120.29157611641836,-3.750255956702963],[120.29101916094221,-3.749771905072723],[120.29052508753593,-3.750264920619514],[120.28919558091543,-3.7507220802417027],[120.28778522591938,-3.7506862245937014],[120.28572808391873,-3.752129413263653],[120.28319483481752,-3.7523714384593796],[120.28254804781295,-3.752299727297265],[120.28211685647658,-3.7517887850968266],[120.28156888415324,-3.7496374462389785],[120.28097599606575,-3.749001007478668],[120.28017649546287,-3.7488396567334306],[120.27920631495601,-3.749422312061974],[120.2769784930514,-3.747521957866368],[120.27740968438779,-3.747073760520373],[120.27757138113893,-3.74651799549245],[120.27579271687637,-3.745298896775469],[120.27576576741784,-3.7449672299189203],[120.27614305983717,-3.744617634988137],[120.27650238595083,-3.7432013258914907],[120.27702340881561,-3.7421883945630157],[120.27851461218727,-3.7417133024744498],[120.27847867957587,-3.7408348296320972],[120.27862241002136,-3.7404135209156486],[120.27927818017875,-3.7407720815382293],[120.27976327043218,-3.740610729276221],[120.28032022590833,-3.738011160961031],[120.28049988896515,-3.7378587722344383],[120.28187431134984,-3.7377960239275567],[120.2818204124328,-3.73746435423089],[120.28102091182996,-3.7369085831066733],[120.28045497320095,-3.736065961698367],[120.28072446778617,-3.735859788251833],[120.28129040641518,-3.7358687523157315],[120.28328466634593,-3.7380918373349767],[120.283563144084,-3.7379932328769234],[120.2836260261539,-3.7368637628393766],[120.28350924516695,-3.736523128733089],[120.28242228367317,-3.7358418601237577],[120.28178447982144,-3.735160590985498],[120.28180244612712,-3.7346048184020764],[120.2824043173675,-3.7343538242167966],[120.28253008150726,-3.7341566144494447],[120.28226957007487,-3.733179529039573],[120.28187431134984,-3.7328837139762943],[120.28108379389984,-3.7341924707740772],[120.28065260256345,-3.7341566144494447],[120.28012259654582,-3.73362773349102],[120.2798531019606,-3.733556020794163],[120.27950275899977,-3.733726338439635],[120.27938597801284,-3.7343179678987557],[120.27920631495601,-3.734255219338659],[120.27899970244067,-3.7339325123873164],[120.27889190460658,-3.7331974572220235],[120.27903563505204,-3.7313239601768062],[120.27848766272871,-3.7304096204551107],[120.27733781916504,-3.7304634051709598],[120.2771312066497,-3.729809024237859],[120.27659221747923,-3.729468387394929],[120.27626882397696,-3.7295401004254645],[120.27577475057069,-3.7301138044591022],[120.2750830478019,-3.730203445680529],[120.27448117656155,-3.730687508118228],[120.2736187938888,-3.7302482662878145],[120.27286420905016,-3.73066957988455],[120.2721814894342,-3.7299434861132017],[120.2703938420188,-3.729701454722775],[120.26974705501425,-3.7292801406619382],[120.26952247619323,-3.7276128106958817],[120.26935179628921,-3.727487312613508],[120.26835466632387,-3.7274962767628432],[120.26792347498748,-3.7263757573879346],[120.26793245814032,-3.726053047543231],[120.27432846296325,-3.726438506510658],[120.27961953998671,-3.726232330804903],[120.28069751832766,-3.7260978683620736],[120.28963575540465,-3.7238926813680697],[120.29164798164108,-3.7229962623114674],[120.29316613447124,-3.7219384866509033],[120.29402851714399,-3.7210868866790627],[120.29665159777362,-3.7172950157613283],[120.29850212725891,-3.7130369852504033],[120.29975078550383,-3.708133501517295],[120.30043350511977,-3.706896420884732],[120.30190674218572,-3.703552708777639],[120.30588627889438,-3.697869265658491],[120.30897648347174,-3.694104188635157],[120.31119532222351,-3.6924278277724407],[120.31759132704646,-3.6866457031924855],[120.31924422716922,-3.6856596006725058],[120.32469700094383,-3.6836246401984805],[120.32791296966099,-3.6828895432002766],[120.33210810203782,-3.6828716139976145],[120.33365320432651,-3.682539923683224],[120.33500067725268,-3.6819841180144968],[120.3362942512618,-3.681204196571754],[120.33845919109653,-3.6789720038404505],[120.33914191071248,-3.6778872816588017],[120.33938445583918,-3.6766322295534866],[120.33931259061646,-3.6753502816507524],[120.3389712308085,-3.674588283772534],[120.3380998649829,-3.673808355858495],[120.33758782527096,-3.6736021679052175],[120.33587204307828,-3.6736738854595874],[120.3354588180476,-3.6733690858137127],[120.33508152562825,-3.6725801921292565],[120.33477609843166,-3.670383836721988],[120.33576424524419,-3.667102740625314],[120.33553966642316,-3.666277982335044],[120.33374303585491,-3.6636244070234585],[120.33034740408094,-3.6616252555606636],[120.32936824042125,-3.660217778534609],[120.3265654967348,-3.655206425185051],[120.32440055690007,-3.650885343106201],[120.32424784330178,-3.6491371815841833],[120.32431072537167,-3.6487516890984293],[120.32480479877792,-3.64817793253429],[120.32551446785239,-3.648160002635758],[120.32696973861265,-3.64853653042981],[120.33111097207245,-3.650069534819352],[120.33470423320892,-3.6524542031129856],[120.33717460024025,-3.6547492162399524],[120.33842325848518,-3.6554933012668998],[120.33987852924547,-3.6559505098326732],[120.34145956414551,-3.6559505098326732],[120.34393891432967,-3.6556905285199406],[120.3483945581389,-3.6546954269369727],[120.3539730960533,-3.652552817078966],[120.35483547872605,-3.6520507822302424],[120.35806043059604,-3.6507687991105966],[120.35921925731256,-3.6506522550998666],[120.36011757259666,-3.6511184310520313],[120.3614740286757,-3.6536913593560136],[120.36229149558423,-3.65436372616399],[120.36681900461619,-3.655403652501179],[120.37502062316022,-3.656757347909465],[120.38193765084795,-3.658317232798807],[120.38483920921563,-3.6586489321091444],[120.3876419529021,-3.658711686018908],[120.38955536445725,-3.6591240687451685],[120.39055249442264,-3.65972471281123],[120.39196284941869,-3.661141155431867],[120.39274438371588,-3.662172109095011],[120.393247440275,-3.6624679477530373],[120.39587950405746,-3.662458982946655],[120.39669697096602,-3.6622169331403898],[120.3981971574905,-3.661177014709642],[120.39904157385757,-3.660997718306405],[120.40016446796272,-3.6612308036236128],[120.40152092404173,-3.6616790444477063],[120.40367688072362,-3.662844469540025],[120.40579690479416,-3.664762935232789],[120.40692878205215,-3.6647360408823486],[120.4071174282618,-3.664861547844155],[120.40691081574646,-3.6655876949203465],[120.40701861358056,-3.665856638132287],[120.40817744029707,-3.6666276082249047],[120.4087074463147,-3.666376594779359],[120.40929135124938,-3.665372540292565],[120.40939016593063,-3.6640547170681605],[120.4095608458346,-3.6637499141412064],[120.41033339697896,-3.6634899350920507],[120.41186053296195,-3.6636513014073144],[120.41249833681368,-3.6644581325471135],[120.4130912249012,-3.665892497221102],[120.41305529228983,-3.6670130930219234],[120.41275884824607,-3.66741650716639],[120.4129834270671,-3.6680081809156135],[120.41445666413306,-3.6690480914044095],[120.41462734403703,-3.6707962140675234],[120.41591193489334,-3.6718002624603963],[120.41581312021206,-3.672239533277243],[120.41613651371436,-3.672562262719234],[120.41613651371436,-3.672902921448084],[120.4163431262297,-3.6732525447451323],[120.41632515992403,-3.6740324731449756],[120.41672041864904,-3.676121243547396],[120.4172773741252,-3.6771880385609528],[120.41772653176724,-3.678801675651374],[120.42004418520028,-3.678891322070736],[120.42101436570712,-3.6792768015712203],[120.42164318640603,-3.6798595028251326],[120.42290981095663,-3.6806394254454378],[120.42333201914016,-3.6812759135145474],[120.42446389639815,-3.682100657941527],[120.4256766220317,-3.6823695961764558],[120.42648510578742,-3.682306843928905],[120.42679951613685,-3.6826474989338656],[120.42803919122893,-3.6827461095688654],[120.42879377606761,-3.6831495165982986],[120.42909022011136,-3.6830598706075577],[120.42932378208522,-3.682764038774057],[120.42966514189321,-3.683185374992067],[120.43031192889777,-3.6833288085526927],[120.43181211542226,-3.684413524106469],[120.4323690708984,-3.684556957469144],[120.43272839701204,-3.684323878243055],[120.43600724779908,-3.6861436875007603],[120.43676183263774,-3.6869146400536157],[120.43733675441958,-3.687837989324396],[120.43805540664688,-3.689496429780889],[120.43807337295256,-3.6904197763693474],[120.43798354142415,-3.691522412300098],[120.43775896260313,-3.691845134752565],[120.43781286152017,-3.6927505498958197],[120.43721997343263,-3.6951171752152288],[120.43713912505707,-3.6963094499736564],[120.43668996741502,-3.6966590640726213],[120.43538741025304,-3.6968114599187794],[120.43523469665475,-3.698120270225016],[120.4355311406985,-3.6986939946816095],[120.43647437174684,-3.6996352605637295],[120.43721997343263,-3.7010068176304998],[120.43711217559854,-3.70144607401992],[120.43682471470764,-3.7014998605016123],[120.43633962445422,-3.7012309280604847],[120.43611504563317,-3.701464002847514],[120.43639352337127,-3.70178672168214],[120.43633064130138,-3.7024231945946213],[120.43669895056786,-3.702844521482201],[120.43624080977294,-3.704960117290357],[120.43608809617464,-3.7075597831782745],[120.43630369184285,-3.7077480345493026],[120.43709420929287,-3.7079542145763438],[120.43748048486505,-3.7115489107966684],[120.43778591206164,-3.7119074831835053],[120.43806438979972,-3.713852735844527],[120.43807337295256,-3.715197378035417],[120.43761523215767,-3.718729295095106],[120.43775896260313,-3.7191595784402267],[120.43833388438495,-3.71973328924031],[120.43809133925824,-3.721221349887245],[120.43853151374748,-3.7257303375801576],[120.43940287957305,-3.7272094239388087],[120.43999576766058,-3.727281137153588],[120.4402832285515,-3.7274962767628432],[120.44030119485717,-3.7280430896994825],[120.44055272313672,-3.7282940856876863],[120.44034611062138,-3.7317452732577334],[120.44059763890093,-3.7331526367652117],[120.44093899870892,-3.733313990399029],[120.44120849329414,-3.7344793213184078],[120.44110967861289,-3.735483297485337],[120.44121747644698,-3.7369085831066733],[120.44152290364357,-3.736971331477041],[120.44126239221119,-3.737285073261553],[120.44129832482255,-3.73891652873181],[120.44094798186175,-3.740001176018329],[120.441046796543,-3.740485233051901],[120.44095696501459,-3.741704338470301],[120.44040899269126,-3.7432640738113587],[120.4403281443157,-3.7439991205378393],[120.43872914310998,-3.746804842002558],[120.43834286753778,-3.747208219748283],[120.43691454623604,-3.7480597943784266],[120.43591741627067,-3.749816724679376],[120.43316857150127,-3.7527568858548888],[120.43233313828704,-3.7533574663414746],[120.43135397462734,-3.7548902892931806],[120.42918005163978,-3.756727880512621],[120.42843444995397,-3.7569519767380983],[120.42801224177042,-3.7568892298007657],[120.42795834285337,-3.7570057598236484],[120.42831766896704,-3.7575346266549716],[120.42785952817212,-3.758153131525556],[120.42542509375215,-3.7602148112596505],[120.42429321649416,-3.7609588075318423],[120.4210952140827,-3.763970641372222],[120.42020588195142,-3.7642395546015917],[120.41910095415194,-3.765772358423191],[120.41710669422122,-3.7677533464983752],[120.41637905884107,-3.7687124658012214],[120.4156873560723,-3.7690889422478953],[120.41476209132966,-3.769985314084017],[120.41391767496259,-3.7705141730339156],[120.41151019000115,-3.7730688261421013],[120.41035136328463,-3.773983121218952],[120.4065065738686,-3.778482873157183],[120.40419790358841,-3.781898007955599],[120.40343433559693,-3.782471677573206],[120.40315585785882,-3.782892965956807],[120.40306602633042,-3.78268680358191]]]}}]}