{
"type": "FeatureCollection",
"name": "Sistem_Jaringan_Telekomunikasi",
"crs": { "type": "name", "properties": { "name": "urn:ogc:def:crs:OGC:1.3:CRS84" } },
"features": [
{ "type": "Feature", "properties": { "FID": 0, "OBJECTID": 745, "NAMOBJ": "Jaringan Tetap", "STSJRN": 1, "WADMPR": "Provinsi Sulawesi Selatan", "WADMKK": "Kabupaten Wajo", "REMARK": "Tidak Ada", "SBDATA": "Analisis Tim Penyusun, 2022", "SHAPE_Leng": 0.0036248168484899999 }, "geometry": { "type": "LineString", "coordinates": [ [ 120.030813155744127, -4.144074462918065 ], [ 120.03079518943845, -4.144594123391991 ], [ 120.030956886189585, -4.144952509726743 ], [ 120.033391320609567, -4.146099344906181 ] ] } },
{ "type": "Feature", "properties": { "FID": 1, "OBJECTID": 746, "NAMOBJ": "Jaringan Tetap", "STSJRN": 1, "WADMPR": "Provinsi Sulawesi Selatan", "WADMKK": "Kabupaten Wajo", "REMARK": "Tidak Ada", "SBDATA": "Analisis Tim Penyusun, 2022", "SHAPE_Leng": 0.0034528641858899999 }, "geometry": { "type": "LineString", "coordinates": [ [ 120.030813155744127, -4.144074462918065 ], [ 120.031424010137343, -4.140678742106297 ] ] } },
{ "type": "Feature", "properties": { "FID": 2, "OBJECTID": 747, "NAMOBJ": "Jaringan Tetap", "STSJRN": 1, "WADMPR": "Provinsi Sulawesi Selatan", "WADMKK": "Kabupaten Wajo", "REMARK": "Tidak Ada", "SBDATA": "Analisis Tim Penyusun, 2022", "SHAPE_Leng": 0.0019783650280299999 }, "geometry": { "type": "LineString", "coordinates": [ [ 120.031424010137343, -4.140633943581301 ], [ 120.031603673194155, -4.138662805971488 ] ] } },
{ "type": "Feature", "properties": { "FID": 3, "OBJECTID": 748, "NAMOBJ": "Jaringan Tetap", "STSJRN": 1, "WADMPR": "Provinsi Sulawesi Selatan", "WADMKK": "Kabupaten Wajo", "REMARK": "Tidak Ada", "SBDATA": "Analisis Tim Penyusun, 2022", "SHAPE_Leng": 0.0278988891246 }, "geometry": { "type": "LineString", "coordinates": [ [ 120.038080526392676, -4.174751763767344 ], [ 120.037523570916505, -4.168184556635729 ], [ 120.036948649134672, -4.165129397918054 ], [ 120.036553390409651, -4.161939835396652 ], [ 120.036409659964193, -4.161339551117615 ], [ 120.035583209902796, -4.159816439699592 ], [ 120.035286765859041, -4.158947368923848 ], [ 120.035547277291428, -4.157881188003088 ], [ 120.03690373337048, -4.15661789613767 ], [ 120.03746967199946, -4.15584737670104 ], [ 120.037712217126156, -4.153625409458821 ], [ 120.038179341073914, -4.152335232059193 ], [ 120.038583582951759, -4.150014699345022 ], [ 120.03849375142336, -4.149002264016253 ], [ 120.038152391615398, -4.148303414094175 ] ] } },
{ "type": "Feature", "properties": { "FID": 4, "OBJECTID": 749, "NAMOBJ": "Jaringan Tetap", "STSJRN": 1, "WADMPR": "Provinsi Sulawesi Selatan", "WADMKK": "Kabupaten Wajo", "REMARK": "Tidak Ada", "SBDATA": "Analisis Tim Penyusun, 2022", "SHAPE_Leng": 0.078928521217500006 }, "geometry": { "type": "LineString", "coordinates": [ [ 120.024641729742243, -4.093764342872693 ], [ 120.024749527576333, -4.091569082814955 ], [ 120.022961880160921, -4.085198314470375 ], [ 120.022117463793862, -4.080288039361038 ], [ 120.022377975226263, -4.077465513619423 ], [ 120.022943913855244, -4.075825756017267 ], [ 120.023464936720046, -4.074813226428969 ], [ 120.023806296527994, -4.073531881848412 ], [ 120.02656412445026, -4.058585697995233 ], [ 120.035933552863625, -4.031407666316457 ], [ 120.038799178619954, -4.023486169618596 ], [ 120.039374100401801, -4.022177860711554 ], [ 120.040676657563765, -4.020573835281009 ], [ 120.040748522786501, -4.019964484010778 ], [ 120.040559876576836, -4.019122144740248 ], [ 120.040784455397855, -4.018441103842824 ] ] } },
{ "type": "Feature", "properties": { "FID": 5, "OBJECTID": 750, "NAMOBJ": "Jaringan Tetap", "STSJRN": 1, "WADMPR": "Provinsi Sulawesi Selatan", "WADMKK": "Kabupaten Wajo", "REMARK": "Tidak Ada", "SBDATA": "Analisis Tim Penyusun, 2022", "SHAPE_Leng": 0.14722435405600001 }, "geometry": { "type": "LineString", "coordinates": [ [ 120.199956940590994, -3.970220176210086 ], [ 120.199328119892115, -3.970094713873098 ], [ 120.195959437576676, -3.970990873004678 ], [ 120.195043155986866, -3.970659294239386 ], [ 120.193830430353302, -3.96982586594392 ], [ 120.192456007968602, -3.969252323402414 ], [ 120.189653264282143, -3.968616049179319 ], [ 120.188745965845172, -3.968185891680339 ], [ 120.184856260664944, -3.967056727179707 ], [ 120.182017584367117, -3.967370384140257 ], [ 120.180706044052314, -3.967827426926723 ], [ 120.180050273894921, -3.967800542063932 ], [ 120.179026194471021, -3.967334537636506 ], [ 120.178047030811328, -3.966545914160513 ], [ 120.175540731168638, -3.963400374400218 ], [ 120.171300683027582, -3.960227937566026 ], [ 120.17017778892243, -3.959770890579037 ], [ 120.169773547044585, -3.958534173937212 ], [ 120.169468119847977, -3.958408709826854 ], [ 120.16463518361941, -3.958659638028557 ], [ 120.15989207891927, -3.960048703483561 ], [ 120.158607488062984, -3.961419843227002 ], [ 120.158041549433975, -3.961688693890661 ], [ 120.154645917660005, -3.96167973220328 ], [ 120.153801501292946, -3.961294379554064 ], [ 120.152795388174724, -3.960344439698814 ], [ 120.151349100567273, -3.960443018413746 ], [ 120.150450785283184, -3.960165205641578 ], [ 120.147791772042169, -3.958874719283773 ], [ 120.146480231727352, -3.958578982543446 ], [ 120.144872247368795, -3.957718656880082 ], [ 120.143291212468725, -3.957404996259648 ], [ 120.141817975402788, -3.957602154377788 ], [ 120.139437439899865, -3.956114505600203 ], [ 120.138000135445282, -3.954644777678685 ], [ 120.136571814143508, -3.953506632924388 ], [ 120.135942993444644, -3.952574607709932 ], [ 120.134137379723555, -3.951750122993141 ], [ 120.133068384535449, -3.950558203421133 ], [ 120.131020225687678, -3.949769563965968 ], [ 120.12807375155576, -3.948927152810967 ], [ 120.124669136628938, -3.948703107147076 ], [ 120.123842686567542, -3.948488023252846 ], [ 120.122315550584545, -3.947717305507565 ], [ 120.120635701003238, -3.947170633184752 ], [ 120.119845183553224, -3.946247562708034 ], [ 120.11946789113388, -3.945369300525367 ], [ 120.118632457919674, -3.944921207217306 ], [ 120.11774312578838, -3.945145253901547 ], [ 120.116395652862209, -3.946749426395463 ], [ 120.115326657674103, -3.947072052891514 ], [ 120.114877500032037, -3.947054129200577 ], [ 120.113763589079724, -3.946346143099142 ], [ 120.111850177524559, -3.947081014736838 ], [ 120.109909816510864, -3.94691970150622 ], [ 120.108265899540925, -3.946014554464359 ], [ 120.106693847793707, -3.946274448270405 ], [ 120.105499088465834, -3.946839044879161 ], [ 120.104519924806141, -3.94864037435035 ], [ 120.104133649233972, -3.948963000111578 ], [ 120.103792289426011, -3.949025732883921 ], [ 120.101663282202651, -3.948936114636265 ], [ 120.101160225643525, -3.948658298007041 ], [ 120.100917680516815, -3.94817435914053 ], [ 120.101321922394661, -3.946256524562255 ], [ 120.10113327618501, -3.945808431732774 ], [ 120.100414623957718, -3.945566461504347 ], [ 120.099749870647472, -3.945691927557516 ], [ 120.098905454280384, -3.946131058594368 ], [ 120.096147626358146, -3.948057855297199 ], [ 120.094494726235354, -3.948541794231628 ], [ 120.08603259625896, -3.948577641548881 ], [ 120.081118811654832, -3.948183320973955 ], [ 120.079618625130337, -3.947771076536267 ], [ 120.078585562553599, -3.947081014736838 ], [ 120.076887746666628, -3.946892815964738 ], [ 120.076267909120574, -3.946928663353189 ], [ 120.073501098045497, -3.947627687118654 ], [ 120.07268363113694, -3.948039931627542 ], [ 120.071758366394292, -3.94880168724664 ] ] } },
{ "type": "Feature", "properties": { "FID": 6, "OBJECTID": 751, "NAMOBJ": "Jaringan Tetap", "STSJRN": 1, "WADMPR": "Provinsi Sulawesi Selatan", "WADMKK": "Kabupaten Wajo", "REMARK": "Tidak Ada", "SBDATA": "Analisis Tim Penyusun, 2022", "SHAPE_Leng": 0.054526477790700002 }, "geometry": { "type": "LineString", "coordinates": [ [ 120.065353378418536, -3.949034694708154 ], [ 120.064562860968508, -3.945629194533299 ], [ 120.06509286698612, -3.941237871069759 ], [ 120.062685382024682, -3.931137739146767 ], [ 120.060457560120071, -3.928601484480931 ], [ 120.048033859740698, -3.910309751969564 ], [ 120.041853450585961, -3.905963054168968 ], [ 120.039176471039298, -3.904305029486806 ] ] } },
{ "type": "Feature", "properties": { "FID": 7, "OBJECTID": 752, "NAMOBJ": "Jaringan Tetap", "STSJRN": 1, "WADMPR": "Provinsi Sulawesi Selatan", "WADMKK": "Kabupaten Wajo", "REMARK": "Tidak Ada", "SBDATA": "Analisis Tim Penyusun, 2022", "SHAPE_Leng": 0.115753770524 }, "geometry": { "type": "LineString", "coordinates": [ [ 120.038457818811992, -4.179571861738478 ], [ 120.038610532410289, -4.180091498784329 ], [ 120.038978841676766, -4.180602176235186 ], [ 120.042383456603588, -4.183648315520783 ], [ 120.043668047459889, -4.184329215623806 ], [ 120.064841338706572, -4.188611705328834 ], [ 120.065901350741839, -4.188432522128895 ], [ 120.067114076375404, -4.187903931449992 ], [ 120.070276146175502, -4.186380871565069 ], [ 120.071111579389736, -4.185753728398094 ], [ 120.074974335111449, -4.183961888010182 ], [ 120.075872650395567, -4.183737907673421 ], [ 120.079825237645679, -4.184938441529972 ], [ 120.083436465087871, -4.186336075641233 ], [ 120.08579005113225, -4.187034891761121 ], [ 120.090892481946042, -4.189140295529545 ], [ 120.092338769553464, -4.190448330761757 ], [ 120.094934900724596, -4.193288372328522 ], [ 120.097809509633763, -4.195519186384934 ], [ 120.1005403880975, -4.198404004753095 ], [ 120.101950743093553, -4.199344704089937 ], [ 120.10234600181856, -4.199765778663797 ], [ 120.102714311085066, -4.200231648140305 ], [ 120.102911940447569, -4.200796066556467 ], [ 120.10361262636917, -4.204030265795033 ], [ 120.104151615539649, -4.205409947814053 ], [ 120.105211627574917, -4.206601489410056 ], [ 120.108733023488668, -4.211475144327836 ], [ 120.109757102912567, -4.212415827884775 ], [ 120.112964088476872, -4.214548039735453 ], [ 120.116305821333796, -4.216510027827416 ], [ 120.125154226882358, -4.219654573752302 ], [ 120.129088847826807, -4.222270539577506 ], [ 120.134451790073015, -4.224133961911329 ], [ 120.134873998256538, -4.224528146831504 ] ] } },
{ "type": "Feature", "properties": { "FID": 8, "OBJECTID": 753, "NAMOBJ": "Jaringan Tetap", "STSJRN": 1, "WADMPR": "Provinsi Sulawesi Selatan", "WADMKK": "Kabupaten Wajo", "REMARK": "Tidak Ada", "SBDATA": "Analisis Tim Penyusun, 2022", "SHAPE_Leng": 0.14340188093799999 }, "geometry": { "type": "LineString", "coordinates": [ [ 120.178945346095446, -4.019337210168641 ], [ 120.180068240200598, -4.019516431315636 ], [ 120.183427939363213, -4.019659808204869 ], [ 120.184425069328583, -4.019982406113463 ], [ 120.186670857538886, -4.020224354461138 ], [ 120.189482584378169, -4.020851627620692 ], [ 120.190794124692971, -4.022088250435567 ], [ 120.191890069339607, -4.023934220131153 ], [ 120.192303294370305, -4.024364348391325 ], [ 120.19295008137486, -4.02463317843857 ], [ 120.195168920126633, -4.024462919418951 ], [ 120.196444527830081, -4.025099150310228 ], [ 120.196767921332366, -4.025341097138415 ], [ 120.197172163210226, -4.025977327343481 ], [ 120.197774034450575, -4.027661990836894 ], [ 120.19876218126312, -4.028495360318244 ], [ 120.204987506182079, -4.030753518492791 ], [ 120.206856001973023, -4.031981165345288 ], [ 120.210305532664051, -4.034606710419212 ], [ 120.214545580805094, -4.036882773343443 ], [ 120.216126615705164, -4.038952730541279 ], [ 120.217698667452368, -4.041497605746718 ], [ 120.218749696334783, -4.042707314751957 ], [ 120.220743956265537, -4.044347139632536 ], [ 120.222702283584894, -4.045117766572432 ], [ 120.223277205366742, -4.045503079767519 ], [ 120.22355568310482, -4.046506685368775 ], [ 120.223376020047994, -4.049849041482387 ], [ 120.223474834729245, -4.050924327378089 ], [ 120.224058739663931, -4.051775594365309 ], [ 120.225325364214541, -4.052411803844469 ], [ 120.228173023665192, -4.052868799076969 ], [ 120.230966784198813, -4.053800710123292 ], [ 120.233688679509683, -4.056318656711985 ], [ 120.236051248706914, -4.058173509144306 ], [ 120.240147566402513, -4.060485348240733 ], [ 120.241513005634374, -4.061022984291002 ], [ 120.243004209006003, -4.062143058245287 ], [ 120.245726104316901, -4.0647057816029 ], [ 120.247235273994207, -4.066811509734341 ], [ 120.24925648338349, -4.068388562093213 ], [ 120.250945316117622, -4.068702180092033 ], [ 120.251798715637534, -4.06905164000402 ], [ 120.253963655472262, -4.070781016310764 ], [ 120.255194347411503, -4.071211119685922 ], [ 120.258221669918996, -4.072160930491939 ], [ 120.260647121186125, -4.07248350749183 ], [ 120.264509876907823, -4.073594605057207 ], [ 120.265237512287968, -4.074454808570097 ], [ 120.266171760183454, -4.075978083367124 ], [ 120.266701766201081, -4.076444025669891 ], [ 120.269477560429024, -4.076820363486527 ], [ 120.273232518316632, -4.078343633801518 ], [ 120.28220668800499, -4.080924226333266 ], [ 120.283850604974916, -4.081614175015166 ], [ 120.286698264425581, -4.082331004186577 ], [ 120.28843201292392, -4.083128475887631 ], [ 120.291800695239374, -4.08431124144583 ], [ 120.293022404025777, -4.085162473155063 ], [ 120.296561766245205, -4.08568217207034 ] ] } },
{ "type": "Feature", "properties": { "FID": 9, "OBJECTID": 754, "NAMOBJ": "Jaringan Tetap", "STSJRN": 1, "WADMPR": "Provinsi Sulawesi Selatan", "WADMKK": "Kabupaten Wajo", "REMARK": "Tidak Ada", "SBDATA": "Analisis Tim Penyusun, 2022", "SHAPE_Leng": 0.18249131281 }, "geometry": { "type": "LineString", "coordinates": [ [ 119.934343077382536, -3.998099225827882 ], [ 119.936876326483741, -3.997373360926156 ], [ 119.937217686291731, -3.997095560608546 ], [ 119.94187994261631, -3.988842159878506 ], [ 119.944682686302741, -3.984253914269789 ], [ 119.945994226617586, -3.981431055132674 ], [ 119.947602210976143, -3.978859108380028 ], [ 119.949524605684161, -3.974691999908102 ], [ 119.950665466095003, -3.972729418944903 ], [ 119.951788360200155, -3.971474798531164 ], [ 119.956235020856539, -3.967666117736845 ], [ 119.957690291616814, -3.96803354417906 ], [ 119.958238263940103, -3.968329277538226 ], [ 119.960151675495297, -3.970166406639426 ], [ 119.961579996797042, -3.970515908786115 ], [ 119.962738823513547, -3.967218036488577 ], [ 119.964715117138624, -3.967155305094426 ], [ 119.96484986443123, -3.966097832304738 ], [ 119.965703263951156, -3.963023984225502 ], [ 119.966233269968768, -3.959313843339676 ], [ 119.965487668282975, -3.957799312448993 ], [ 119.964571386693166, -3.956670133769478 ], [ 119.964400706789178, -3.956087620356755 ], [ 119.965640381881272, -3.955962155875789 ], [ 119.967454978755171, -3.956150352590111 ], [ 119.972925718835469, -3.957046526833695 ], [ 119.975378119561114, -3.957718656880082 ], [ 119.978800700793599, -3.957888929738568 ], [ 119.980992590086856, -3.957503575324585 ], [ 119.985924340996689, -3.95933176676558 ], [ 119.986319599721696, -3.95926007305963 ], [ 119.987065201407518, -3.958552097379996 ], [ 119.988224028124037, -3.957888929738568 ], [ 119.988763017294488, -3.957799312448993 ], [ 119.9905506647099, -3.95794270010766 ], [ 119.99181728926051, -3.957216799830367 ], [ 119.993128829575312, -3.954017453991657 ], [ 119.994530201418542, -3.945199025096775 ], [ 119.998545670738565, -3.939830850278168 ], [ 120.000773492643177, -3.93480319603739 ], [ 120.007663570872381, -3.936622475498256 ], [ 120.008121711667272, -3.936936143969095 ], [ 120.01084360697817, -3.9380295017149 ], [ 120.013646350664601, -3.938110159196644 ], [ 120.016161633460129, -3.93868372328583 ], [ 120.017257578106765, -3.938728532963649 ], [ 120.030831122049804, -3.942071328123013 ], [ 120.032394190644197, -3.942716584622722 ], [ 120.038727313397217, -3.943576925843231 ], [ 120.047827247225356, -3.94527072001833 ], [ 120.053405785139731, -3.946417837921688 ], [ 120.061939780338889, -3.948452175931723 ], [ 120.062101477090025, -3.947797962049313 ], [ 120.065353378418536, -3.949034694708154 ] ] } },
{ "type": "Feature", "properties": { "FID": 10, "OBJECTID": 755, "NAMOBJ": "Jaringan Tetap", "STSJRN": 1, "WADMPR": "Provinsi Sulawesi Selatan", "WADMKK": "Kabupaten Wajo", "REMARK": "Tidak Ada", "SBDATA": "Analisis Tim Penyusun, 2022", "SHAPE_Leng": 0.25366101730500001 }, "geometry": { "type": "LineString", "coordinates": [ [ 120.024641729742243, -4.093764342872693 ], [ 120.036355761047147, -4.091954373791117 ], [ 120.036661188243741, -4.091802049473859 ], [ 120.03711932903866, -4.091031467189653 ], [ 120.037415773082415, -4.090861222166422 ], [ 120.038736296550056, -4.09108522876842 ], [ 120.040182584157506, -4.090950824814738 ], [ 120.041009034218888, -4.089830790990515 ], [ 120.0418624337388, -4.089570942919548 ], [ 120.042599052271797, -4.089750148494749 ], [ 120.043093125678041, -4.089642625154437 ], [ 120.044135171407632, -4.088818279066098 ], [ 120.045159250831531, -4.087752004063849 ], [ 120.047036729775343, -4.087940170343775 ], [ 120.047342156971936, -4.087841607059798 ], [ 120.047953011365124, -4.087277108018138 ], [ 120.048743528815152, -4.08527895742397 ], [ 120.049992187060084, -4.084463567186458 ], [ 120.050360496326562, -4.083209119049244 ], [ 120.050674906676022, -4.082850704935611 ], [ 120.052606284536864, -4.082483330303046 ], [ 120.056127680450629, -4.083011991306551 ], [ 120.056900231594952, -4.083020951659542 ], [ 120.057421254459769, -4.082859665290402 ], [ 120.059146019805254, -4.081614175015166 ], [ 120.060924684067828, -4.079741455785267 ], [ 120.062326055911043, -4.079463683661607 ], [ 120.063466916321872, -4.078773733132457 ], [ 120.064356248453166, -4.077411751128126 ], [ 120.064616759885553, -4.077214621962604 ], [ 120.067212891056641, -4.076757640529321 ], [ 120.068982572166377, -4.075754072548527 ], [ 120.069359864585692, -4.075458378172421 ], [ 120.070851067957349, -4.071892116226597 ], [ 120.071129545695428, -4.069651993857795 ], [ 120.07187514738122, -4.067411865257562 ], [ 120.07268363113694, -4.065682481718084 ], [ 120.074093986133008, -4.063505066078555 ], [ 120.075351627530793, -4.062859904759989 ], [ 120.079070652807033, -4.06225954584727 ], [ 120.080220496370714, -4.061067787279024 ], [ 120.082618998179314, -4.059472799373733 ], [ 120.084262915149239, -4.058603619244849 ], [ 120.087416001796498, -4.056184246949952 ], [ 120.087919058355624, -4.05558388307323 ], [ 120.090865532487513, -4.048952968811188 ], [ 120.091997409745517, -4.046972644689503 ], [ 120.093237084837597, -4.045521001307016 ], [ 120.099902584245768, -4.039562067584994 ], [ 120.100243944053716, -4.038898965486041 ], [ 120.1008907310583, -4.036345121259672 ], [ 120.101115309879319, -4.035968764589204 ], [ 120.101654299049812, -4.035511759826276 ], [ 120.102741260543596, -4.035108520116012 ], [ 120.103729407356127, -4.034517101512162 ], [ 120.105732650439691, -4.033773347202164 ], [ 120.107178938047142, -4.033746464503513 ], [ 120.108930652851171, -4.032689077651001 ], [ 120.113422229271762, -4.032214149210172 ], [ 120.116117175124117, -4.03317296672036 ], [ 120.119243312312861, -4.035108520116012 ], [ 120.119926031928799, -4.035198128957817 ], [ 120.120608751544708, -4.035081637461542 ], [ 120.121084858645304, -4.034821771755801 ], [ 120.122764708226597, -4.033155044908115 ], [ 120.125297957327831, -4.031640650345716 ], [ 120.126187289459097, -4.030377159232454 ], [ 120.126474750350027, -4.029140549007852 ], [ 120.126780177546621, -4.028782110910132 ], [ 120.128729521713169, -4.027608225034592 ], [ 120.130076994639353, -4.027330434999447 ], [ 120.130562084892759, -4.027079527789425 ], [ 120.131038191993355, -4.026506025304623 ], [ 120.131181922438813, -4.025224604230115 ], [ 120.13157718116382, -4.024283699359846 ], [ 120.132376681766686, -4.023593701764087 ], [ 120.13326601389798, -4.023297988329829 ], [ 120.134739250963932, -4.023056040894682 ], [ 120.135853161916231, -4.02339655948651 ], [ 120.137281483217976, -4.024955774378119 ], [ 120.137497078886156, -4.026084859160007 ], [ 120.137784539777101, -4.026685244874534 ], [ 120.139096080091903, -4.027491732450755 ], [ 120.140308805725468, -4.027626146969086 ], [ 120.140766946520358, -4.027482771482076 ], [ 120.141440682983458, -4.026927191231316 ], [ 120.142006621612438, -4.025744341692284 ], [ 120.142410863490312, -4.02533213614606 ], [ 120.143839184792057, -4.02458837343686 ], [ 120.145465135456305, -4.024077596243117 ], [ 120.146794642076799, -4.023450325566945 ], [ 120.147953468793304, -4.023405520500162 ], [ 120.148968565064365, -4.023118768014399 ], [ 120.150001627641103, -4.022321237132636 ], [ 120.151106555440577, -4.022088250435567 ], [ 120.153567939319061, -4.020779939284029 ], [ 120.157448661346464, -4.019955522959288 ], [ 120.159622584334045, -4.020116821871036 ], [ 120.161868372544333, -4.020520069010781 ], [ 120.163215845470518, -4.021048770514001 ], [ 120.16363805365404, -4.021057731553474 ], [ 120.164976543427372, -4.020806822411018 ], [ 120.165605364126264, -4.020529030056064 ], [ 120.166063504921155, -4.020161627118635 ], [ 120.166485713104706, -4.019390976516876 ], [ 120.166970803358126, -4.019032534128344 ], [ 120.168057764851909, -4.01833357101756 ], [ 120.168740484467847, -4.018270843529607 ], [ 120.169441170389447, -4.018351493156088 ], [ 120.171516278695762, -4.019910717700362 ], [ 120.17281883585774, -4.020045133469753 ], [ 120.175621579544199, -4.020645523635796 ], [ 120.176924136706177, -4.021263835434137 ], [ 120.177579906863599, -4.021057731553474 ], [ 120.178945346095446, -4.019337210168641 ], [ 120.17994247606083, -4.018521753452468 ], [ 120.180544347301165, -4.017706295920961 ], [ 120.183598619267187, -4.012419243805273 ], [ 120.187721886421301, -4.007929703190123 ], [ 120.192276344911789, -3.999927327176823 ], [ 120.193453137933986, -3.997328554429682 ], [ 120.196992500153414, -3.988779430130758 ], [ 120.198465737219365, -3.982757352060247 ], [ 120.198591501359132, -3.981475862496187 ], [ 120.198573535053455, -3.978043611391185 ], [ 120.19951676610178, -3.973670383003153 ], [ 120.199956940590994, -3.970220176210086 ] ] } },
{ "type": "Feature", "properties": { "FID": 11, "OBJECTID": 756, "NAMOBJ": "Jaringan Tetap", "STSJRN": 1, "WADMPR": "Provinsi Sulawesi Selatan", "WADMKK": "Kabupaten Wajo", "REMARK": "Tidak Ada", "SBDATA": "Analisis Tim Penyusun, 2022", "SHAPE_Leng": 0.0075361674749199999 }, "geometry": { "type": "LineString", "coordinates": [ [ 120.031738420486775, -4.141986857917986 ], [ 120.032106729753252, -4.14104608991561 ], [ 120.032870297744765, -4.136700623204596 ], [ 120.032582836853848, -4.136136158768663 ], [ 120.031468925901549, -4.13603760144496 ], [ 120.031172481857794, -4.13588528555694 ] ] } },
{ "type": "Feature", "properties": { "FID": 12, "OBJECTID": 757, "NAMOBJ": "Jaringan Tetap", "STSJRN": 1, "WADMPR": "Provinsi Sulawesi Selatan", "WADMKK": "Kabupaten Wajo", "REMARK": "Tidak Ada", "SBDATA": "Analisis Tim Penyusun, 2022", "SHAPE_Leng": 0.0052437798364900002 }, "geometry": { "type": "LineString", "coordinates": [ [ 120.038152391615398, -4.148303414094175 ], [ 120.033391320609567, -4.146099344906181 ] ] } },
{ "type": "Feature", "properties": { "FID": 13, "OBJECTID": 758, "NAMOBJ": "Jaringan Tetap", "STSJRN": 1, "WADMPR": "Provinsi Sulawesi Selatan", "WADMKK": "Kabupaten Wajo", "REMARK": "Tidak Ada", "SBDATA": "Analisis Tim Penyusun, 2022", "SHAPE_Leng": 0.0038189897785500001 }, "geometry": { "type": "LineString", "coordinates": [ [ 120.033391320609567, -4.146099344906181 ], [ 120.032852331439088, -4.145292976594285 ], [ 120.031738420486775, -4.142685713424195 ] ] } },
{ "type": "Feature", "properties": { "FID": 14, "OBJECTID": 759, "NAMOBJ": "Jaringan Tetap", "STSJRN": 1, "WADMPR": "Provinsi Sulawesi Selatan", "WADMKK": "Kabupaten Wajo", "REMARK": "Tidak Ada", "SBDATA": "Analisis Tim Penyusun, 2022", "SHAPE_Leng": 0.015378975716699999 }, "geometry": { "type": "LineString", "coordinates": [ [ 120.02236899207341, -4.111138045574052 ], [ 120.023267307357543, -4.105072076793922 ], [ 120.024192572100162, -4.100170883712106 ], [ 120.024489016143946, -4.095923756076651 ] ] } },
{ "type": "Feature", "properties": { "FID": 15, "OBJECTID": 760, "NAMOBJ": "Jaringan Tetap", "STSJRN": 1, "WADMPR": "Provinsi Sulawesi Selatan", "WADMKK": "Kabupaten Wajo", "REMARK": "Tidak Ada", "SBDATA": "Analisis Tim Penyusun, 2022", "SHAPE_Leng": 0.00267547329932 }, "geometry": { "type": "LineString", "coordinates": [ [ 120.031172481857794, -4.13588528555694 ], [ 120.03079518943845, -4.135195383815154 ], [ 120.029555514346356, -4.133770779616746 ] ] } },
{ "type": "Feature", "properties": { "FID": 16, "OBJECTID": 761, "NAMOBJ": "Jaringan Tetap", "STSJRN": 1, "WADMPR": "Provinsi Sulawesi Selatan", "WADMKK": "Kabupaten Wajo", "REMARK": "Tidak Ada", "SBDATA": "Analisis Tim Penyusun, 2022", "SHAPE_Leng": 0.0084475735892100001 }, "geometry": { "type": "LineString", "coordinates": [ [ 120.028441603394057, -4.132471610034139 ], [ 120.026061067891135, -4.129380473851204 ], [ 120.024201555253001, -4.127687063706644 ], [ 120.022827132868301, -4.126190767081056 ] ] } },
{ "type": "Feature", "properties": { "FID": 17, "OBJECTID": 762, "NAMOBJ": "Jaringan Tetap", "STSJRN": 1, "WADMPR": "Provinsi Sulawesi Selatan", "WADMKK": "Kabupaten Wajo", "REMARK": "Tidak Ada", "SBDATA": "Analisis Tim Penyusun, 2022", "SHAPE_Leng": 0.0052245950905800004 }, "geometry": { "type": "LineString", "coordinates": [ [ 120.022602554047282, -4.125787572897362 ], [ 120.022494756213192, -4.124237513352155 ], [ 120.023545785095607, -4.120734188444215 ] ] } },
{ "type": "Feature", "properties": { "FID": 18, "OBJECTID": 763, "NAMOBJ": "Jaringan Tetap", "STSJRN": 1, "WADMPR": "Provinsi Sulawesi Selatan", "WADMKK": "Kabupaten Wajo", "REMARK": "Tidak Ada", "SBDATA": "Analisis Tim Penyusun, 2022", "SHAPE_Leng": 0.00217067121032 }, "geometry": { "type": "LineString", "coordinates": [ [ 120.024489016143946, -4.095923756076651 ], [ 120.024641729742243, -4.093764342872693 ] ] } },
{ "type": "Feature", "properties": { "FID": 19, "OBJECTID": 764, "NAMOBJ": "Jaringan Tetap", "STSJRN": 1, "WADMPR": "Provinsi Sulawesi Selatan", "WADMKK": "Kabupaten Wajo", "REMARK": "Tidak Ada", "SBDATA": "Analisis Tim Penyusun, 2022", "SHAPE_Leng": 0.0048333848468100002 }, "geometry": { "type": "LineString", "coordinates": [ [ 120.038457818811992, -4.179571861738478 ], [ 120.038080526392676, -4.174751763767344 ] ] } },
{ "type": "Feature", "properties": { "FID": 20, "OBJECTID": 765, "NAMOBJ": "Jaringan Tetap", "STSJRN": 1, "WADMPR": "Provinsi Sulawesi Selatan", "WADMKK": "Kabupaten Wajo", "REMARK": "Tidak Ada", "SBDATA": "Analisis Tim Penyusun, 2022", "SHAPE_Leng": 0.45726904488800002 }, "geometry": { "type": "LineString", "coordinates": [ [ 120.199956940590994, -3.970220176210086 ], [ 120.203972409911017, -3.965855868001596 ], [ 120.20805076130091, -3.963185294321357 ], [ 120.21007197069018, -3.961572191947135 ], [ 120.214707277556229, -3.958516250494038 ], [ 120.215740340132967, -3.958014393927682 ], [ 120.217294425574522, -3.957584230914442 ], [ 120.21798612834327, -3.957449804926982 ], [ 120.218956308850125, -3.957512537057179 ], [ 120.223861110301414, -3.958121934646078 ], [ 120.230921868434606, -3.959717120328681 ], [ 120.23281731368408, -3.959770890579037 ], [ 120.239527728856459, -3.960720831092654 ], [ 120.241809449678129, -3.961554268569751 ], [ 120.243183872062815, -3.961688693890661 ], [ 120.251726850414812, -3.958372862934688 ], [ 120.26059322226908, -3.954680624732174 ], [ 120.2635037637896, -3.949016771059591 ], [ 120.264348180156688, -3.946077287459471 ], [ 120.264159533947023, -3.943317031193407 ], [ 120.266037012890848, -3.939705383340415 ], [ 120.267177873301677, -3.938119121138577 ], [ 120.271355039372807, -3.934086237522807 ], [ 120.275002199426339, -3.929936828004881 ], [ 120.276646116396279, -3.925509573488196 ], [ 120.277813926265637, -3.919684202837075 ], [ 120.279314112790118, -3.917524324325923 ], [ 120.279736320973669, -3.916663956228999 ], [ 120.281577867306098, -3.908615886845873 ], [ 120.283491278861277, -3.905631449494569 ], [ 120.283347548415819, -3.904331916399668 ], [ 120.28051785527083, -3.898515360870467 ], [ 120.280437006895255, -3.895862496293025 ], [ 120.278981736134995, -3.893514345667774 ], [ 120.277265953942319, -3.891094488934134 ], [ 120.277194088719583, -3.890108619382802 ], [ 120.277391718082114, -3.888127914343149 ], [ 120.277032391968447, -3.88678354175532 ], [ 120.27542440760989, -3.884784903880195 ], [ 120.274894401592235, -3.883655626574874 ], [ 120.275343559234315, -3.881683868927615 ], [ 120.276394588116744, -3.880070609246097 ], [ 120.276708998466177, -3.878161581309898 ], [ 120.277634263208824, -3.876969556984401 ], [ 120.279089533969085, -3.87595678311658 ], [ 120.279430893777047, -3.875490727477859 ], [ 120.279376994860002, -3.874648241633078 ], [ 120.278882921453743, -3.873330735491762 ], [ 120.27892783721795, -3.872775052014391 ], [ 120.280059714475939, -3.869835301097169 ], [ 120.280499888965153, -3.866447404764023 ], [ 120.281380237943594, -3.864233613337464 ], [ 120.28231448583908, -3.862718910611191 ], [ 120.284173998477215, -3.860298965734485 ], [ 120.289914233142738, -3.853944336921033 ], [ 120.290677801134223, -3.85330797514254 ], [ 120.293264949152501, -3.851963547284778 ], [ 120.297037873345801, -3.850870077727432 ], [ 120.29932857732031, -3.849964827276958 ], [ 120.30167318021185, -3.847320773421114 ], [ 120.304943047846052, -3.844524341431649 ], [ 120.321867307798868, -3.834539570369401 ], [ 120.323906483493829, -3.830649601045139 ], [ 120.323906483493829, -3.821946402897895 ], [ 120.327984834883708, -3.812570871276738 ], [ 120.328155514787696, -3.810150784361851 ], [ 120.328766369180897, -3.808331233049689 ], [ 120.331299618282117, -3.803087676972661 ], [ 120.331973354745216, -3.801295000909029 ], [ 120.332467428151475, -3.800712380385851 ], [ 120.332332680858855, -3.800093905861365 ], [ 120.33114690468382, -3.799385796803335 ], [ 120.331191820448026, -3.798982443282616 ], [ 120.332242849330441, -3.797100124359837 ], [ 120.333195063531619, -3.796185853687777 ], [ 120.335404919130553, -3.794662067083285 ], [ 120.337174600240246, -3.792752848308789 ], [ 120.338899365585775, -3.790341669276242 ], [ 120.339231742240884, -3.789561844135388 ], [ 120.340363619498874, -3.788280061054643 ], [ 120.341459564145509, -3.786648698024068 ], [ 120.341639227202322, -3.785797161154989 ], [ 120.341791940800618, -3.78298260175668 ], [ 120.342528559333616, -3.781422937516112 ], [ 120.343552638757515, -3.78013217878108 ], [ 120.34460366763993, -3.777147291848885 ], [ 120.345403168242782, -3.773131571913421 ], [ 120.345241471491647, -3.771159559791164 ], [ 120.345771477509288, -3.769555055717988 ], [ 120.346247584609856, -3.769178579473083 ], [ 120.347828619509926, -3.768640755983381 ], [ 120.348717951641177, -3.767995367356787 ], [ 120.349993559344625, -3.765126967669318 ], [ 120.351116453449777, -3.763531416252355 ], [ 120.351844088829921, -3.761442852958306 ], [ 120.354539034682276, -3.760232738888133 ], [ 120.356479395695985, -3.759865222430552 ], [ 120.358895863810261, -3.758457901880203 ], [ 120.361339281383053, -3.756387254139675 ], [ 120.362758619531988, -3.754675156409657 ], [ 120.363261676091085, -3.753330574686728 ], [ 120.364366603890545, -3.749108574625619 ], [ 120.365830857803658, -3.747512993921697 ], [ 120.365947638790615, -3.744850698290838 ], [ 120.367914949262811, -3.741578842402606 ], [ 120.368193427000918, -3.740601765260795 ], [ 120.368525803656027, -3.738145621580152 ], [ 120.368795298241267, -3.737598814933843 ], [ 120.37034040052994, -3.735976321075392 ], [ 120.371247698966897, -3.735465369349571 ], [ 120.373026363229471, -3.735079914341997 ], [ 120.37634114662788, -3.734066973631458 ], [ 120.377508956497223, -3.733995260970479 ], [ 120.378991176716013, -3.734183506693056 ], [ 120.384434967337782, -3.735178519127491 ], [ 120.385117686953706, -3.7349902736183 ], [ 120.386537025102626, -3.733412595382878 ], [ 120.388701964937354, -3.730472369289948 ], [ 120.39467576157675, -3.724771171157923 ], [ 120.396427476380765, -3.723444471953857 ], [ 120.3968227351058, -3.722951441334679 ], [ 120.398026477586512, -3.719697432326246 ], [ 120.398385803700151, -3.719276113476717 ], [ 120.402104828976405, -3.71777012104906 ], [ 120.412758848246071, -3.714202343011239 ], [ 120.414591411425661, -3.712983199470457 ], [ 120.417870262212702, -3.709334723083699 ], [ 120.419451297112772, -3.705748982229321 ], [ 120.419990286283223, -3.70403678584345 ], [ 120.419963336824708, -3.703221026190816 ], [ 120.416334143076867, -3.701481931674746 ], [ 120.414205135853507, -3.698837425737731 ], [ 120.414034455949519, -3.69841609694432 ], [ 120.414088354866564, -3.696775602074982 ], [ 120.413755978211455, -3.696372201232336 ], [ 120.413405635250626, -3.696327378905161 ], [ 120.41130357748581, -3.697089358159058 ], [ 120.41063882417555, -3.697026606951123 ], [ 120.409336267013586, -3.696712850844844 ], [ 120.408114558227183, -3.695637114780608 ], [ 120.406650304314056, -3.695233713420172 ], [ 120.403146874705982, -3.690285308479273 ], [ 120.403326537762808, -3.688071067629501 ], [ 120.402284492033246, -3.68649330560174 ], [ 120.402275508880408, -3.684458347034788 ], [ 120.402122795282082, -3.683768073688315 ], [ 120.400640575063292, -3.681482099692907 ], [ 120.400487861464995, -3.680809753283155 ], [ 120.400631591910454, -3.679725033338825 ], [ 120.401574822958779, -3.678201044409037 ], [ 120.401547873500263, -3.677322508430058 ], [ 120.400631591910454, -3.675574398549879 ], [ 120.39877207927232, -3.667515119485125 ], [ 120.39715511176091, -3.66256656061732 ], [ 120.396876634022846, -3.661266662897798 ] ] } },
{ "type": "Feature", "properties": { "FID": 21, "OBJECTID": 766, "NAMOBJ": "Jaringan Tetap", "STSJRN": 1, "WADMPR": "Provinsi Sulawesi Selatan", "WADMKK": "Kabupaten Wajo", "REMARK": "Tidak Ada", "SBDATA": "Analisis Tim Penyusun, 2022", "SHAPE_Leng": 0.010256642931 }, "geometry": { "type": "LineString", "coordinates": [ [ 120.023545785095607, -4.120734188444215 ], [ 120.022063564876817, -4.118503162747658 ], [ 120.021982716501228, -4.11807308478569 ], [ 120.022180345863759, -4.117078528608454 ], [ 120.021650339846104, -4.11545677217686 ], [ 120.02236899207341, -4.111138045574052 ] ] } },
{ "type": "Feature", "properties": { "FID": 22, "OBJECTID": 767, "NAMOBJ": "Jaringan Tetap", "STSJRN": 1, "WADMPR": "Provinsi Sulawesi Selatan", "WADMKK": "Kabupaten Wajo", "REMARK": "Tidak Ada", "SBDATA": "Analisis Tim Penyusun, 2022", "SHAPE_Leng": 0.145496516301 }, "geometry": { "type": "LineString", "coordinates": [ [ 119.939041266318469, -3.936380502597154 ], [ 119.939274828292369, -3.938800228443142 ], [ 119.939472457654873, -3.944849512265588 ], [ 119.940739082205468, -3.954044339302267 ], [ 119.938026170047436, -3.963373489393421 ], [ 119.937127854763318, -3.967531693387884 ], [ 119.936732596038283, -3.971161143129685 ], [ 119.936894292789447, -3.972200686288825 ], [ 119.937343450431499, -3.973580767424803 ], [ 119.939274828292369, -3.978635070826156 ], [ 119.939697036475891, -3.980875443622479 ], [ 119.939688053323053, -3.982246548766872 ], [ 119.936858360178064, -3.989594916477937 ], [ 119.935492920946203, -3.995823054725015 ], [ 119.934675454037674, -3.997552586887568 ], [ 119.930947445608567, -4.003744819781323 ], [ 119.929680821057957, -4.00716800223612 ], [ 119.928521994341438, -4.009739860257551 ], [ 119.927632662210158, -4.011343906982111 ], [ 119.926752313231745, -4.012562621941408 ], [ 119.926384003965239, -4.013584190432815 ], [ 119.924973648969171, -4.015089657459041 ], [ 119.924686188078255, -4.016272522460445 ], [ 119.924731103842461, -4.017079020342014 ], [ 119.924425676645868, -4.018064738892371 ], [ 119.924290929353234, -4.019543314484287 ], [ 119.924461609257236, -4.020457341691032 ], [ 119.925054497344746, -4.021855263671881 ], [ 119.925144328873145, -4.02337863745891 ], [ 119.92360820973731, -4.027429005667933 ], [ 119.922799725981605, -4.029041978546724 ], [ 119.921856494933266, -4.032420250265749 ], [ 119.921506151972466, -4.032393367522333 ], [ 119.921515135125318, -4.03332530210849 ], [ 119.921856494933266, -4.034391649025687 ], [ 119.921676831876454, -4.034705280205551 ], [ 119.920500038854257, -4.03580746881989 ], [ 119.919880201308231, -4.036972381989457 ], [ 119.918954936565584, -4.037447307648192 ], [ 119.916843895647901, -4.039167790726607 ], [ 119.915595237402968, -4.041192938009049 ], [ 119.915478456416039, -4.042761079554742 ], [ 119.915182012372256, -4.043442100081359 ], [ 119.913843522598924, -4.044884786412085 ], [ 119.913223685052898, -4.046273705607883 ], [ 119.912199605628999, -4.046121372651064 ], [ 119.910852132702828, -4.046497724609981 ], [ 119.909908901654489, -4.046533567644567 ], [ 119.906665983478817, -4.045225295854611 ], [ 119.906450387810636, -4.045861510482139 ], [ 119.905444274692414, -4.047286271004422 ], [ 119.905075965425908, -4.048137541818299 ], [ 119.905111898037305, -4.050180588119265 ], [ 119.904887319216257, -4.052976327329437 ], [ 119.904294431128747, -4.05451756404335 ], [ 119.903441031608821, -4.05558388307323 ], [ 119.90258763208891, -4.055978151938074 ], [ 119.899739972638258, -4.058083902844525 ], [ 119.898895556271185, -4.058316879203274 ], [ 119.898123005126834, -4.058137666625587 ], [ 119.897539100192162, -4.059929790612557 ] ] } },
{ "type": "Feature", "properties": { "FID": 23, "OBJECTID": 768, "NAMOBJ": "Jaringan Tetap", "STSJRN": 1, "WADMPR": "Provinsi Sulawesi Selatan", "WADMKK": "Kabupaten Wajo", "REMARK": "Tidak Ada", "SBDATA": "Analisis Tim Penyusun, 2022", "SHAPE_Leng": 0.00124783194158 }, "geometry": { "type": "LineString", "coordinates": [ [ 120.031693504722568, -4.137023174130269 ], [ 120.031172481857794, -4.13588528555694 ] ] } },
{ "type": "Feature", "properties": { "FID": 24, "OBJECTID": 769, "NAMOBJ": "Jaringan Tetap", "STSJRN": 1, "WADMPR": "Provinsi Sulawesi Selatan", "WADMKK": "Kabupaten Wajo", "REMARK": "Tidak Ada", "SBDATA": "Analisis Tim Penyusun, 2022", "SHAPE_Leng": 0.41510686633400001 }, "geometry": { "type": "LineString", "coordinates": [ [ 120.226861483350376, -4.236443187291483 ], [ 120.228271838346444, -4.235323360468248 ], [ 120.229385749298743, -4.236004215369952 ], [ 120.230239148818669, -4.234848553405866 ], [ 120.230086435220372, -4.233827269303271 ], [ 120.237677199371191, -4.232241588684081 ], [ 120.247612566413537, -4.232196795399082 ], [ 120.279745304126507, -4.22890896120605 ], [ 120.28062565310492, -4.228371439302429 ], [ 120.282027024948164, -4.226346770118876 ], [ 120.284326712075512, -4.224044374401537 ], [ 120.284452476215293, -4.200706476358945 ], [ 120.286006561656805, -4.190349780238272 ], [ 120.285692151307373, -4.187196156930949 ], [ 120.283670941918089, -4.175997107901797 ], [ 120.27779595995996, -4.162808902870316 ], [ 120.277858842029843, -4.15773783583651 ], [ 120.277158156108229, -4.156107203106838 ], [ 120.274490159714389, -4.153374541796331 ], [ 120.273052855259806, -4.149351688745421 ], [ 120.272352169338191, -4.148984344795204 ], [ 120.272325219879662, -4.147344734349186 ], [ 120.27279234382739, -4.146448770919197 ], [ 120.273142686788219, -4.146108304549471 ], [ 120.273789473792775, -4.144208857900957 ], [ 120.27528966031727, -4.142327326062231 ], [ 120.279862085113436, -4.135768808681639 ], [ 120.281461086319155, -4.132910639993287 ], [ 120.284757903411887, -4.123045847021578 ], [ 120.289204564068271, -4.110931964673899 ], [ 120.291288655527438, -4.108960753372221 ], [ 120.291082043012096, -4.107742183948819 ], [ 120.291055093553567, -4.105645523379073 ], [ 120.291234756610393, -4.104373188211349 ], [ 120.291665947946754, -4.103826621073059 ], [ 120.292357650715545, -4.10342341556733 ], [ 120.294163264436605, -4.101308823360101 ], [ 120.295393956375847, -4.098531172551406 ], [ 120.296462951563953, -4.096550970437993 ], [ 120.29693007551171, -4.094221314617628 ], [ 120.297100755415684, -4.09089706322695 ], [ 120.29737025000091, -4.090216082802711 ], [ 120.297424148917969, -4.089615744317104 ], [ 120.297406182612278, -4.088316502771128 ], [ 120.296633631467927, -4.086721568890714 ], [ 120.296543799939514, -4.085852418193507 ], [ 120.297558896210575, -4.081614175015166 ], [ 120.29784635710152, -4.080807741432379 ], [ 120.299355526778825, -4.079078386685913 ], [ 120.299625021364051, -4.078469079463491 ], [ 120.304682536413665, -4.063639474621634 ], [ 120.30859020789957, -4.051327559220542 ], [ 120.308868685637648, -4.050834720274695 ], [ 120.31289313811051, -4.046927840920314 ], [ 120.316818775902107, -4.043513786419297 ], [ 120.319369991309017, -4.041524488188664 ], [ 120.323538174227323, -4.039642715100605 ], [ 120.325478535241018, -4.039185712406145 ], [ 120.326170238009809, -4.039409733366966 ], [ 120.326358884219459, -4.03884520042724 ], [ 120.32369088782562, -4.036622908214077 ], [ 120.320510851719845, -4.034311000988436 ], [ 120.318103366758393, -4.03317296672036 ], [ 120.315336555683317, -4.029185353758961 ], [ 120.314599937150319, -4.028396789778938 ], [ 120.313512975656536, -4.027912897867322 ], [ 120.311249221140557, -4.027357317910218 ], [ 120.309793950380296, -4.026138625062942 ], [ 120.308680039427983, -4.024677983437816 ], [ 120.308715972039352, -4.023557857717168 ], [ 120.310377855314982, -4.020986043234939 ], [ 120.311491766267295, -4.018297726739319 ], [ 120.311428884197397, -4.015869273220749 ], [ 120.311509732572972, -4.015349529462351 ], [ 120.312138553271836, -4.013996401918359 ], [ 120.311599564101385, -4.011818847586866 ], [ 120.311707361935476, -4.009802588400903 ], [ 120.312003805979231, -4.008691403434626 ], [ 120.313486026198021, -4.00669305892927 ], [ 120.314429257246346, -4.004999390929813 ], [ 120.314959263263987, -4.004623019787188 ], [ 120.316342668801525, -4.004174958677438 ], [ 120.316648095998119, -4.003968850484587 ], [ 120.316764876985047, -4.003520789016746 ], [ 120.316585213928235, -4.00319818460805 ], [ 120.315624016574219, -4.002373750541659 ], [ 120.311249221140557, -3.99930003795782 ], [ 120.30947954003085, -3.995634867067615 ], [ 120.305491020169356, -3.994935883962151 ], [ 120.304377109217043, -3.994496778886195 ], [ 120.301628264447643, -3.993923253535123 ], [ 120.300137061076015, -3.992955428596294 ], [ 120.298466194647546, -3.990697165968316 ], [ 120.298008053852655, -3.989738298609152 ], [ 120.298250598979365, -3.988152132389875 ], [ 120.300415538814093, -3.980400485098763 ], [ 120.30191572533856, -3.97907418437442 ], [ 120.302122337853902, -3.978572340300153 ], [ 120.302014540019812, -3.977774766053106 ], [ 120.300801814386247, -3.976645614675342 ], [ 120.300119094770338, -3.976322999711829 ], [ 120.297513980446368, -3.975883884697481 ], [ 120.297118721721375, -3.975722577082445 ], [ 120.296310237965656, -3.974987730881221 ], [ 120.295061579720723, -3.974611345987936 ], [ 120.294684287301408, -3.972057301103352 ], [ 120.29241154963259, -3.969978213114536 ], [ 120.291971375143348, -3.969144784131529 ], [ 120.289986098365461, -3.966841648052223 ], [ 120.289779485850104, -3.966411489629293 ], [ 120.289617789098955, -3.965470517298491 ], [ 120.288162518338694, -3.961437766607298 ], [ 120.288378114006875, -3.958704446628003 ], [ 120.288279299325623, -3.957960623563247 ], [ 120.286886910635246, -3.954653739442203 ], [ 120.286096393185218, -3.953273626718997 ], [ 120.285395707263618, -3.950074265662502 ], [ 120.28355416093116, -3.948676221663345 ], [ 120.283329582110142, -3.948586603377954 ], [ 120.282260586922035, -3.948738954457363 ], [ 120.281434136860639, -3.948371519453536 ], [ 120.278703258396931, -3.945109406436128 ], [ 120.27790375779405, -3.943576925843231 ], [ 120.277580364291779, -3.942591118120335 ], [ 120.27741866754063, -3.940458184683092 ], [ 120.276331706046847, -3.939060124504519 ], [ 120.276547301715041, -3.937859224783328 ], [ 120.276520352256512, -3.93700783960298 ], [ 120.275487289679774, -3.936488046117438 ], [ 120.27381642325129, -3.936039948024625 ], [ 120.270959780647814, -3.934498488744087 ] ] } },
{ "type": "Feature", "properties": { "FID": 25, "OBJECTID": 770, "NAMOBJ": "Jaringan Tetap", "STSJRN": 1, "WADMPR": "Provinsi Sulawesi Selatan", "WADMKK": "Kabupaten Wajo", "REMARK": "Tidak Ada", "SBDATA": "Analisis Tim Penyusun, 2022", "SHAPE_Leng": 0.022211153256599999 }, "geometry": { "type": "LineString", "coordinates": [ [ 120.039580712917143, -4.142013736987332 ], [ 120.039814274891, -4.141386558464664 ], [ 120.039742409668278, -4.139693173970675 ], [ 120.039365117248963, -4.138895758853832 ], [ 120.039320201484756, -4.138277537592594 ], [ 120.038745279702908, -4.137739953494857 ], [ 120.03849375142336, -4.137023174130269 ], [ 120.038736296550056, -4.134505481472774 ], [ 120.039194437344975, -4.133600543723671 ], [ 120.038924942759721, -4.132382012053427 ], [ 120.040092752629079, -4.127651224299469 ], [ 120.039814274891, -4.124882625206592 ], [ 120.039401049860317, -4.1232160851782 ], [ 120.039329184637594, -4.120635629208206 ] ] } },
{ "type": "Feature", "properties": { "FID": 26, "OBJECTID": 771, "NAMOBJ": "Jaringan Tetap", "STSJRN": 1, "WADMPR": "Provinsi Sulawesi Selatan", "WADMKK": "Kabupaten Wajo", "REMARK": "Tidak Ada", "SBDATA": "Analisis Tim Penyusun, 2022", "SHAPE_Leng": 0.0269640562103 }, "geometry": { "type": "LineString", "coordinates": [ [ 120.034397433727761, -4.114990852591228 ], [ 120.034711844077222, -4.113342211868964 ], [ 120.035241850094835, -4.112428289998718 ], [ 120.035259816400526, -4.111792128078148 ], [ 120.035861687640889, -4.110914044593107 ], [ 120.035825755029535, -4.110340601795085 ], [ 120.035026254426654, -4.108172267487284 ], [ 120.035026254426654, -4.10783178470512 ], [ 120.035448462610177, -4.105887446033625 ], [ 120.035439479457338, -4.103969982981591 ], [ 120.035888637099418, -4.101864352363393 ], [ 120.036167114837482, -4.099534712021733 ], [ 120.036131182226129, -4.099301747614107 ], [ 120.035691007736915, -4.099203185728904 ], [ 120.034657945160177, -4.099328628126142 ], [ 120.033822511945942, -4.099122544177427 ], [ 120.032349274879991, -4.097742676369707 ], [ 120.032232493893062, -4.097393228949656 ], [ 120.034343534810716, -4.09360305866514 ], [ 120.034837608216989, -4.092151499335153 ] ] } },
{ "type": "Feature", "properties": { "FID": 27, "OBJECTID": 772, "NAMOBJ": "Jaringan Tetap", "STSJRN": 1, "WADMPR": "Provinsi Sulawesi Selatan", "WADMKK": "Kabupaten Wajo", "REMARK": "Tidak Ada", "SBDATA": "Analisis Tim Penyusun, 2022", "SHAPE_Leng": 0.0446405383219 }, "geometry": { "type": "LineString", "coordinates": [ [ 120.017410291705062, -4.185843320309849 ], [ 120.018039112403955, -4.179742087705224 ], [ 120.018820646701144, -4.174402350309903 ], [ 120.018946410840925, -4.170218336062616 ], [ 120.018048095556793, -4.162970173017628 ], [ 120.018658949950009, -4.161877119150101 ], [ 120.019458450552861, -4.160882618001476 ], [ 120.026869551646854, -4.154736393862361 ], [ 120.027435490275835, -4.154440728810988 ], [ 120.030956886189585, -4.155811538569383 ], [ 120.035439479457338, -4.158051418667035 ] ] } },
{ "type": "Feature", "properties": { "FID": 28, "OBJECTID": 773, "NAMOBJ": "Jaringan Tetap", "STSJRN": 1, "WADMPR": "Provinsi Sulawesi Selatan", "WADMKK": "Kabupaten Wajo", "REMARK": "Tidak Ada", "SBDATA": "Analisis Tim Penyusun, 2022", "SHAPE_Leng": 0.127367923258 }, "geometry": { "type": "LineString", "coordinates": [ [ 120.113152734686537, -4.133143594566778 ], [ 120.113988167900771, -4.134980349383248 ], [ 120.116808877892893, -4.138187940268313 ], [ 120.118353980181567, -4.139074953332074 ], [ 120.123761838191982, -4.140580185347959 ], [ 120.126124407389213, -4.140902734693239 ], [ 120.127328149869925, -4.140804177962794 ], [ 120.129412241329092, -4.140956492904671 ], [ 120.130256657696165, -4.140911694395398 ], [ 120.131936507277459, -4.140463709163191 ], [ 120.133382794884909, -4.139039114439671 ], [ 120.134415857461647, -4.137551798974441 ], [ 120.135592650483844, -4.136879818179517 ], [ 120.136032824973057, -4.136808140194414 ], [ 120.137092837008311, -4.137014214384108 ], [ 120.140326772031145, -4.138080423465796 ], [ 120.144980045202885, -4.139065993609125 ], [ 120.147252782871703, -4.140418910626026 ], [ 120.149291958566664, -4.142121253255585 ], [ 120.152400129449703, -4.144047583918745 ], [ 120.155229822594691, -4.146287497393925 ], [ 120.157816970612942, -4.14877827372394 ], [ 120.161041922482937, -4.150830022427269 ], [ 120.162119900823882, -4.151806617098801 ], [ 120.162721772064231, -4.152666736175744 ], [ 120.163108047636413, -4.153858357931137 ], [ 120.165371802152407, -4.154817029766228 ], [ 120.166521645716074, -4.153267027059417 ], [ 120.167051651733686, -4.152801129696837 ], [ 120.168704551856493, -4.153078876234567 ], [ 120.169656766057656, -4.152666736175744 ], [ 120.170860508538382, -4.151367597625303 ], [ 120.174103426714055, -4.150220770093664 ], [ 120.17528920288909, -4.149629436496787 ], [ 120.175819208906702, -4.149620476893428 ], [ 120.179223823833524, -4.148599081444356 ], [ 120.180283835868778, -4.147936069656464 ], [ 120.180786892427875, -4.147846473426234 ], [ 120.181784022393259, -4.147129703218634 ], [ 120.182727253441584, -4.147084905059069 ], [ 120.184883210123473, -4.147622482806208 ], [ 120.185233553084274, -4.147523926913279 ], [ 120.185664744420663, -4.147004268365456 ], [ 120.186338480883734, -4.145660322260603 ], [ 120.188269858744604, -4.143742955195941 ], [ 120.189087325653162, -4.142040616055764 ], [ 120.189338853932711, -4.14182558348273 ], [ 120.191288198099258, -4.141547832989401 ], [ 120.19421670592547, -4.141852462557555 ], [ 120.196219949009063, -4.142667794059952 ], [ 120.197998613271622, -4.143644398819322 ], [ 120.199471850337574, -4.143590640790535 ], [ 120.20078339065239, -4.142452761657387 ], [ 120.201762554312083, -4.142354205120011 ], [ 120.202499172845066, -4.140123240217131 ], [ 120.202669852749054, -4.136915657169638 ], [ 120.20360410064454, -4.132883760615019 ], [ 120.204340719177495, -4.130876764464081 ], [ 120.206784136750301, -4.126665639968236 ], [ 120.207287193309426, -4.125321659363536 ], [ 120.208113643370794, -4.124515269909248 ], [ 120.20894009343219, -4.122821849391523 ] ] } },
{ "type": "Feature", "properties": { "FID": 29, "OBJECTID": 774, "NAMOBJ": "Jaringan Tetap", "STSJRN": 1, "WADMPR": "Provinsi Sulawesi Selatan", "WADMKK": "Kabupaten Wajo", "REMARK": "Tidak Ada", "SBDATA": "Analisis Tim Penyusun, 2022", "SHAPE_Leng": 0.112399134249 }, "geometry": { "type": "LineString", "coordinates": [ [ 120.037451705693769, -4.155874255298713 ], [ 120.03881714492563, -4.157513848024035 ], [ 120.04073055648081, -4.160569036297791 ], [ 120.044242969241722, -4.164591832106684 ], [ 120.046848083565664, -4.16812184088695 ], [ 120.0495789620294, -4.17096196334962 ], [ 120.052507469855612, -4.17292406088461 ], [ 120.055813270101169, -4.173192840987133 ], [ 120.056990063123365, -4.172986776250095 ], [ 120.059128053499578, -4.17206396393837 ], [ 120.061805033046269, -4.169967473686569 ], [ 120.062604533649122, -4.169582220596002 ], [ 120.063871158199717, -4.169635976852535 ], [ 120.067410520419173, -4.170729019937825 ], [ 120.071084629931221, -4.170048108030461 ], [ 120.071641585407363, -4.169680773730169 ], [ 120.072171591425004, -4.168426460191299 ], [ 120.073608895879588, -4.166831687230724 ], [ 120.07405805352164, -4.166043258954422 ], [ 120.074255682884171, -4.164654548136935 ], [ 120.074102969285846, -4.162244457094556 ], [ 120.074749756290416, -4.160470482022276 ], [ 120.075055183487009, -4.159010085403675 ], [ 120.075630105268857, -4.154064427676234 ], [ 120.07663621838708, -4.152120202287514 ], [ 120.076824864596745, -4.147685200186216 ], [ 120.07722910647459, -4.144155099910542 ], [ 120.078154371217238, -4.142354205120011 ], [ 120.080013883855372, -4.140920654097455 ], [ 120.080984064362198, -4.139818609983362 ], [ 120.08153203668553, -4.138698644880924 ], [ 120.082466284581017, -4.136091359986681 ], [ 120.083822740660025, -4.134138130629878 ], [ 120.102157355608909, -4.13474739534951 ], [ 120.103307199172576, -4.134568199892351 ], [ 120.108481495209119, -4.132785202886904 ], [ 120.10982896813529, -4.132516409020697 ], [ 120.111320171506918, -4.132525368817705 ], [ 120.113152734686537, -4.133143594566778 ] ] } },
{ "type": "Feature", "properties": { "FID": 30, "OBJECTID": 775, "NAMOBJ": "Jaringan Tetap", "STSJRN": 1, "WADMPR": "Provinsi Sulawesi Selatan", "WADMKK": "Kabupaten Wajo", "REMARK": "Tidak Ada", "SBDATA": "Analisis Tim Penyusun, 2022", "SHAPE_Leng": 0.12888994686899999 }, "geometry": { "type": "LineString", "coordinates": [ [ 120.148968565064365, -4.023118768014399 ], [ 120.151115538593416, -4.023324871373743 ], [ 120.152175550628669, -4.024382270397235 ], [ 120.153064882759963, -4.029929112266841 ], [ 120.153594888777576, -4.031443510017612 ], [ 120.153576922471899, -4.03173025956996 ], [ 120.153244545816776, -4.03228583653978 ], [ 120.152193516934361, -4.032689077651001 ], [ 120.151618595152542, -4.033199849437987 ], [ 120.150666380951364, -4.035914999336325 ], [ 120.150037560252471, -4.039920500926348 ], [ 120.149534503693374, -4.040861387693886 ], [ 120.149013480828572, -4.041201898826496 ], [ 120.147962451946142, -4.041201898826496 ], [ 120.146390400198953, -4.041847077422505 ], [ 120.144962078897208, -4.041999411182765 ], [ 120.144162578294328, -4.042572902729398 ], [ 120.143416976608506, -4.043540668794389 ], [ 120.14188984062551, -4.043934943526639 ], [ 120.141395767219251, -4.044212727881909 ], [ 120.140964575882862, -4.044911668741698 ], [ 120.140847794895933, -4.046703822037186 ], [ 120.140057277445919, -4.05124691286813 ], [ 120.139194894773155, -4.053056973509404 ], [ 120.137721657707189, -4.055019361409131 ], [ 120.131595147469497, -4.058872437941352 ], [ 120.130660899574011, -4.06018964826043 ], [ 120.130373438683094, -4.061264920396771 ], [ 120.130454287058669, -4.062770298980487 ], [ 120.130292590307533, -4.066354522394476 ], [ 120.13122683820302, -4.070682450921595 ], [ 120.130723781643894, -4.073836537388178 ], [ 120.130912427853559, -4.07888125792922 ], [ 120.128837319547259, -4.08441876550104 ], [ 120.128594774420534, -4.086434838867914 ], [ 120.128244431459734, -4.087644480455492 ], [ 120.126546615572764, -4.091613884100776 ], [ 120.124615237711893, -4.095475745517518 ], [ 120.124148113764136, -4.099740795864196 ], [ 120.122980303894778, -4.102464681658499 ], [ 120.122998270200469, -4.10457927080571 ], [ 120.122252668514662, -4.107070177955822 ], [ 120.121983173929436, -4.112723970718505 ], [ 120.121273504854969, -4.116263170815442 ], [ 120.120932145047007, -4.117293567887215 ], [ 120.120312307500953, -4.118350843496045 ], [ 120.11706938932528, -4.121495782128756 ], [ 120.115838697386039, -4.124981183916005 ], [ 120.115200893534336, -4.127696023558184 ], [ 120.114841567420669, -4.130392934275194 ], [ 120.113152734686537, -4.133143594566778 ] ] } },
{ "type": "Feature", "properties": { "FID": 31, "OBJECTID": 776, "NAMOBJ": "Jaringan Tetap", "STSJRN": 1, "WADMPR": "Provinsi Sulawesi Selatan", "WADMKK": "Kabupaten Wajo", "REMARK": "Tidak Ada", "SBDATA": "Analisis Tim Penyusun, 2022", "SHAPE_Leng": 0.072725958634200005 }, "geometry": { "type": "LineString", "coordinates": [ [ 120.20894009343219, -4.122821849391523 ], [ 120.214195237844294, -4.124784066484953 ], [ 120.220294798623456, -4.125581495791105 ], [ 120.221211080213266, -4.125921970981334 ], [ 120.223645514633219, -4.126378924296733 ], [ 120.224292301637803, -4.12663876037843 ], [ 120.22568469032818, -4.127373468839014 ], [ 120.229322867228859, -4.129882224311284 ], [ 120.234488180112564, -4.134075412176274 ], [ 120.237497536314351, -4.134111251293227 ], [ 120.239635526690549, -4.135016188459283 ], [ 120.242447253529861, -4.137444282085563 ], [ 120.243686928621941, -4.138940557477194 ], [ 120.244414564002057, -4.139388543571408 ], [ 120.246274076640205, -4.139988844540213 ], [ 120.249121736090871, -4.140230756742236 ], [ 120.252184991209703, -4.141314880887562 ], [ 120.253119239105189, -4.141485115122576 ], [ 120.255787235499014, -4.142829068323518 ], [ 120.258886423229228, -4.145516967874544 ], [ 120.261293908190666, -4.145221299371198 ], [ 120.262066459335017, -4.145337774855414 ], [ 120.265165647065245, -4.146780277506687 ], [ 120.266019046585157, -4.146950510565141 ], [ 120.266602951519829, -4.147246178421613 ], [ 120.267150923843147, -4.148428848741101 ], [ 120.268453481005125, -4.14894850635189 ], [ 120.269378745747744, -4.149020183236893 ], [ 120.273430147679136, -4.150426840788527 ] ] } },
{ "type": "Feature", "properties": { "FID": 32, "OBJECTID": 777, "NAMOBJ": "Jaringan Tetap", "STSJRN": 1, "WADMPR": "Provinsi Sulawesi Selatan", "WADMKK": "Kabupaten Wajo", "REMARK": "Tidak Ada", "SBDATA": "Analisis Tim Penyusun, 2022", "SHAPE_Leng": 0.099683625349099997 }, "geometry": { "type": "LineString", "coordinates": [ [ 120.398215123796177, -3.719428505424264 ], [ 120.395313565428467, -3.720710389586973 ], [ 120.392915063619867, -3.718137655152637 ], [ 120.388630099714632, -3.716398589993083 ], [ 120.386923300674795, -3.716138626349881 ], [ 120.385557861442933, -3.715573877481702 ], [ 120.384030725459922, -3.715430449140157 ], [ 120.383617500429239, -3.714811914150169 ], [ 120.382072398140551, -3.714085807304389 ], [ 120.381425611135981, -3.712006090564364 ], [ 120.378910328340453, -3.70655577518927 ], [ 120.378604901143859, -3.70552487294319 ], [ 120.378586934838168, -3.703579601954907 ], [ 120.37418518994599, -3.70276384188095 ], [ 120.373143144216399, -3.702351479359747 ], [ 120.36974751244243, -3.700316557149888 ], [ 120.365705093663877, -3.699240825458629 ], [ 120.365112205576381, -3.698864319058171 ], [ 120.364627115322932, -3.698174056908596 ], [ 120.363881513637139, -3.697645154378324 ], [ 120.360899106893854, -3.696363236767083 ], [ 120.359946892692676, -3.695556434523197 ], [ 120.358994678491513, -3.695027530431778 ], [ 120.357305845757381, -3.694785489471219 ], [ 120.356712957669842, -3.694857205318268 ], [ 120.356093120123816, -3.695646079253201 ], [ 120.355338535285142, -3.695735723974146 ], [ 120.354997175477195, -3.696049480426109 ], [ 120.353847331913514, -3.697582403209727 ], [ 120.353595803633965, -3.69772583444571 ], [ 120.350496615903751, -3.695475754258448 ], [ 120.349229991353141, -3.695430931885971 ], [ 120.348735917946868, -3.694758596027082 ], [ 120.347801670051396, -3.694086259658724 ], [ 120.343579588216031, -3.694355194267196 ], [ 120.343094497962596, -3.693978685792515 ], [ 120.341747025036412, -3.692185786102923 ], [ 120.340830743446617, -3.691262441350321 ], [ 120.339402422144872, -3.690769392788277 ], [ 120.337911218773243, -3.689675720455665 ], [ 120.336644594222633, -3.689344032678884 ], [ 120.335144407698138, -3.688088996727363 ], [ 120.333105232003206, -3.687246328736982 ], [ 120.332503360762828, -3.686466411906545 ], [ 120.332368613470223, -3.684718319974512 ], [ 120.331730809618477, -3.683615675604599 ], [ 120.330212656788333, -3.682387525389229 ], [ 120.329790448604797, -3.68147313507745 ], [ 120.328514840901349, -3.680917328742826 ], [ 120.327589576158701, -3.681141444242071 ], [ 120.327041603835383, -3.68085457639293 ], [ 120.324786832472242, -3.680890434879126 ], [ 120.324005298175067, -3.681410382766718 ], [ 120.321292386017021, -3.682629569726328 ], [ 120.320843228374969, -3.683122622802024 ] ] } },
{ "type": "Feature", "properties": { "FID": 33, "OBJECTID": 778, "NAMOBJ": "Jaringan Tetap", "STSJRN": 1, "WADMPR": "Provinsi Sulawesi Selatan", "WADMKK": "Kabupaten Wajo", "REMARK": "Tidak Ada", "SBDATA": "Analisis Tim Penyusun, 2022", "SHAPE_Leng": 0.025051112233000002 }, "geometry": { "type": "LineString", "coordinates": [ [ 120.414366832604642, -3.699043607840243 ], [ 120.415552608779677, -3.697815478956417 ], [ 120.41607363164448, -3.696291521041789 ], [ 120.416918048011539, -3.695027530431778 ], [ 120.418993156317853, -3.693019484909017 ], [ 120.419747741156527, -3.690832144438646 ], [ 120.419648926475276, -3.688958557539502 ], [ 120.420915551025871, -3.6888958057568 ], [ 120.422819979428226, -3.686905675492889 ], [ 120.42853326463522, -3.683373631535648 ], [ 120.430195147910823, -3.681777931952381 ] ] } },
{ "type": "Feature", "properties": { "FID": 34, "OBJECTID": 779, "NAMOBJ": "Jaringan Tetap", "STSJRN": 1, "WADMPR": "Provinsi Sulawesi Selatan", "WADMKK": "Kabupaten Wajo", "REMARK": "Tidak Ada", "SBDATA": "Analisis Tim Penyusun, 2022", "SHAPE_Leng": 0.0396214904567 }, "geometry": { "type": "LineString", "coordinates": [ [ 120.15940698866585, -4.189901823156823 ], [ 120.160862259426125, -4.189229887053589 ], [ 120.16353025581995, -4.189668885373071 ], [ 120.163970430309178, -4.18951657986157 ], [ 120.164473486868275, -4.189005908224241 ], [ 120.165776044030252, -4.186757157224078 ], [ 120.166315033200732, -4.186130014358569 ], [ 120.166629443550164, -4.185287850291691 ], [ 120.168758450773538, -4.185520789379544 ], [ 120.171947470032165, -4.186990095874715 ], [ 120.17302544837311, -4.186936340807645 ], [ 120.173771050058903, -4.187151361053775 ], [ 120.176232433937386, -4.188333971351438 ], [ 120.176825322024925, -4.188996949069733 ], [ 120.177220580749932, -4.189095499763675 ], [ 120.179511284724427, -4.188710256071308 ], [ 120.182448775703506, -4.18631815727098 ], [ 120.184784395442222, -4.184741339082784 ], [ 120.187344594001956, -4.180951586930921 ], [ 120.189500550683846, -4.178344441831717 ], [ 120.190210219758313, -4.177269327926416 ] ] } },
{ "type": "Feature", "properties": { "FID": 35, "OBJECTID": 780, "NAMOBJ": "Jaringan Tetap", "STSJRN": 1, "WADMPR": "Provinsi Sulawesi Selatan", "WADMKK": "Kabupaten Wajo", "REMARK": "Tidak Ada", "SBDATA": "Analisis Tim Penyusun, 2022", "SHAPE_Leng": 0.060274171497300001 }, "geometry": { "type": "LineString", "coordinates": [ [ 120.22934083353455, -4.234140821583408 ], [ 120.229861856399353, -4.23190115965309 ], [ 120.231263228242568, -4.222834942006824 ], [ 120.232871212601125, -4.218212205264388 ], [ 120.23308680826932, -4.216832545943904 ], [ 120.233553932217077, -4.215399131068422 ], [ 120.23408393823469, -4.212836895394114 ], [ 120.234488180112564, -4.211958924584891 ], [ 120.234613944252331, -4.211036158278718 ], [ 120.237452620550144, -4.204558845558474 ], [ 120.239958920192848, -4.199461171547991 ], [ 120.242447253529861, -4.196800333746089 ], [ 120.244055237888418, -4.19482933693539 ], [ 120.245474576037324, -4.190923164928097 ], [ 120.247073577243071, -4.188118951430258 ], [ 120.248753426824365, -4.184105235392092 ], [ 120.251313625384128, -4.178944713121047 ] ] } },
{ "type": "Feature", "properties": { "FID": 36, "OBJECTID": 781, "NAMOBJ": "Jaringan Tetap", "STSJRN": 1, "WADMPR": "Provinsi Sulawesi Selatan", "WADMKK": "Kabupaten Wajo", "REMARK": "Tidak Ada", "SBDATA": "Analisis Tim Penyusun, 2022", "SHAPE_Leng": 0.052752672599800002 }, "geometry": { "type": "LineString", "coordinates": [ [ 120.123932518095955, -4.032465054836132 ], [ 120.123159966951633, -4.031622728499682 ], [ 120.122306567431707, -4.030171057658931 ], [ 120.121632830968608, -4.028647696582768 ], [ 120.120617734697547, -4.028065234240906 ], [ 120.118812120976486, -4.02797562461284 ], [ 120.117329900757667, -4.027124332654031 ], [ 120.116341753945164, -4.025099150310228 ], [ 120.116458534932093, -4.023181495129283 ], [ 120.116781928434378, -4.02271552216052 ], [ 120.11709633878381, -4.022599028876686 ], [ 120.117293968146313, -4.022142016602342 ], [ 120.117276001840622, -4.020233315509673 ], [ 120.11946789113388, -4.018414220637836 ], [ 120.120384172723689, -4.014928357553305 ], [ 120.120159593902656, -4.012526777409734 ], [ 120.120563835780501, -4.011639624749582 ], [ 120.120078745527096, -4.010331296846434 ], [ 120.120438071640734, -4.00943518063565 ], [ 120.119342126994113, -4.00607473609772 ], [ 120.119728402566295, -4.004766399290502 ], [ 120.119863149858915, -4.00344013792649 ], [ 120.120429088487896, -4.002131796908103 ], [ 120.120411122182205, -4.001477625615024 ], [ 120.119449924828203, -3.999810830643889 ], [ 120.119045682950357, -3.99857417411943 ], [ 120.118578559002628, -3.997803503167721 ], [ 120.116835827351423, -3.997328554429682 ], [ 120.115281741909897, -3.995984358396991 ], [ 120.114473258154192, -3.99567071233902 ], [ 120.114077999429185, -3.9948014640659 ], [ 120.112128655262637, -3.993985982889921 ], [ 120.111715430231953, -3.992973351290718 ], [ 120.111275255742711, -3.992408786228382 ], [ 120.110781182336467, -3.991019775295426 ] ] } },
{ "type": "Feature", "properties": { "FID": 37, "OBJECTID": 782, "NAMOBJ": "Jaringan Tetap", "STSJRN": 1, "WADMPR": "Provinsi Sulawesi Selatan", "WADMKK": "Kabupaten Wajo", "REMARK": "Tidak Ada", "SBDATA": "Analisis Tim Penyusun, 2022", "SHAPE_Leng": 0.069278289659200007 }, "geometry": { "type": "LineString", "coordinates": [ [ 120.134820099339493, -4.02306500191208 ], [ 120.13450568899006, -4.021030848434762 ], [ 120.135978926056012, -4.018557597720861 ], [ 120.135808246152024, -4.017186553332659 ], [ 120.136158589112824, -4.014964201979556 ], [ 120.136437066850903, -4.014229390926829 ], [ 120.137910303916868, -4.012589505339133 ], [ 120.138027084903811, -4.010286491059231 ], [ 120.138628956144146, -4.008539063442492 ], [ 120.138637939296999, -4.008064120931889 ], [ 120.138260646877669, -4.00652279616721 ], [ 120.138305562641875, -4.002570897893921 ], [ 120.137506062039009, -3.999022238293138 ], [ 120.137353348440712, -3.99745401261364 ], [ 120.137973185986766, -3.996047087594194 ], [ 120.137533011497524, -3.995392911444662 ], [ 120.136077740737264, -3.994102480250394 ], [ 120.135763330387817, -3.993546877305641 ], [ 120.13663469621342, -3.989890642096148 ], [ 120.135466886344048, -3.988985542141095 ], [ 120.133014485618403, -3.988510588300444 ], [ 120.129223595119427, -3.987049879485352 ], [ 120.12864867333758, -3.985983470797061 ], [ 120.128702572254653, -3.983949225178361 ], [ 120.128199515695528, -3.983411538271158 ], [ 120.124857782838603, -3.982864889555295 ], [ 120.124130147458459, -3.982873851012581 ], [ 120.123609124593685, -3.983008272860164 ], [ 120.122567078864094, -3.983680381768685 ], [ 120.121929275012391, -3.985123173704454 ], [ 120.120842313518608, -3.985365132352714 ], [ 120.119198396548654, -3.985221749458634 ], [ 120.118479744321377, -3.985750473756681 ], [ 120.117545496425876, -3.987049879485352 ], [ 120.117006507255397, -3.987130532187023 ], [ 120.116099208818426, -3.987668216662599 ], [ 120.115677000634903, -3.988295514772867 ], [ 120.115030213630334, -3.988860082662699 ], [ 120.113727656468356, -3.988985542141095 ], [ 120.11265866128025, -3.989702453078695 ], [ 120.111203390519989, -3.989792066901905 ], [ 120.110933895934764, -3.990132599340952 ], [ 120.110781182336467, -3.991019775295426 ] ] } },
{ "type": "Feature", "properties": { "FID": 38, "OBJECTID": 783, "NAMOBJ": "Jaringan Tetap", "STSJRN": 1, "WADMPR": "Provinsi Sulawesi Selatan", "WADMKK": "Kabupaten Wajo", "REMARK": "Tidak Ada", "SBDATA": "Analisis Tim Penyusun, 2022", "SHAPE_Leng": 0.068495649112900001 }, "geometry": { "type": "LineString", "coordinates": [ [ 120.110781182336467, -3.991019775295426 ], [ 120.109819984982451, -3.991046659400299 ], [ 120.107951489191478, -3.990786779683003 ], [ 120.106280622763023, -3.990813663795503 ], [ 120.105373324326052, -3.989899603476855 ], [ 120.102777193154964, -3.989218538264433 ], [ 120.101824978953786, -3.987184300650408 ], [ 120.101393787617397, -3.986996111013175 ], [ 120.100989545739552, -3.987399374468778 ], [ 120.100414623957718, -3.988385128749531 ], [ 120.098941386891752, -3.989084117432109 ], [ 120.098159852594591, -3.989711414461456 ], [ 120.097656796035466, -3.989792066901905 ], [ 120.097288486768988, -3.98963972339663 ], [ 120.096605767153036, -3.989908564857465 ], [ 120.096345255720649, -3.99082262516614 ], [ 120.094476759929677, -3.992113061516964 ], [ 120.091871645605735, -3.995392911444662 ], [ 120.091548252103465, -3.995706557608858 ], [ 120.090730785194907, -3.996073971534383 ], [ 120.088592794818695, -3.995876822619198 ], [ 120.08640988867829, -3.99492692263642 ], [ 120.085457674477112, -3.994980690589342 ], [ 120.084298847760607, -3.995374988803086 ], [ 120.083912572188439, -3.995330182197432 ], [ 120.081945261716214, -3.993994944225928 ], [ 120.080750502388327, -3.994174170925541 ], [ 120.079717439811589, -3.994756657428922 ], [ 120.078522680483715, -3.995159917073628 ], [ 120.077777078797908, -3.995294336911148 ], [ 120.07660926892855, -3.995213685011278 ], [ 120.075288745460881, -3.994738734773446 ], [ 120.074022120910271, -3.994048712239923 ], [ 120.073321434988671, -3.992659704081801 ], [ 120.071668534865879, -3.991405114047821 ], [ 120.070428859773799, -3.989818951046963 ], [ 120.068434599843044, -3.98889592822991 ], [ 120.066925430165739, -3.987775753515507 ], [ 120.064904220776455, -3.986772075674581 ], [ 120.064464046287256, -3.985616052357202 ], [ 120.063862175046879, -3.985105250838788 ], [ 120.063404034251988, -3.984155338399616 ], [ 120.063386067946311, -3.983071003048188 ], [ 120.062999792374143, -3.981861205721729 ], [ 120.061526555308177, -3.98149378544091 ], [ 120.056460057105753, -3.979710450529004 ] ] } },
{ "type": "Feature", "properties": { "FID": 39, "OBJECTID": 784, "NAMOBJ": "Jaringan Tetap", "STSJRN": 1, "WADMPR": "Provinsi Sulawesi Selatan", "WADMKK": "Kabupaten Wajo", "REMARK": "Tidak Ada", "SBDATA": "Analisis Tim Penyusun, 2022", "SHAPE_Leng": 0.073688196257299998 }, "geometry": { "type": "LineString", "coordinates": [ [ 120.175046657762351, -3.935860708719983 ], [ 120.174229190853822, -3.935717317248493 ], [ 120.173690201683343, -3.935305066630435 ], [ 120.173384774486749, -3.933163152526749 ], [ 120.172046284713417, -3.931415561627275 ], [ 120.170824575927014, -3.930322195201538 ], [ 120.170878474844059, -3.929192979191505 ], [ 120.171372548250318, -3.927149632049928 ], [ 120.17120186834633, -3.9264147428196 ], [ 120.171462379778717, -3.92485534157832 ], [ 120.171372548250318, -3.923027074345901 ], [ 120.171848655350914, -3.92241765104596 ], [ 120.171929503726474, -3.921611060700878 ], [ 120.172198998311714, -3.921136068244597 ], [ 120.172181032006023, -3.919603543573848 ], [ 120.172827819010578, -3.918832799110665 ], [ 120.173573420696414, -3.917425740526359 ], [ 120.173456639709471, -3.916663956228999 ], [ 120.172980532608904, -3.916162074430629 ], [ 120.173016465220272, -3.915946982139198 ], [ 120.173492572320839, -3.915328591493453 ], [ 120.173654269071974, -3.914746049162946 ], [ 120.174247157159513, -3.913948413622229 ], [ 120.174301056076558, -3.913670585334136 ], [ 120.174004612032775, -3.912846062130086 ], [ 120.173357825028219, -3.912442762441223 ], [ 120.173007482067419, -3.911905029220733 ], [ 120.172944599997507, -3.910901259619172 ], [ 120.172234930923068, -3.909037112884147 ], [ 120.171174918887814, -3.908355981312448 ], [ 120.170806609621323, -3.907898905868631 ], [ 120.170393384590625, -3.906975791957907 ], [ 120.170357451979257, -3.905685223234452 ], [ 120.170123890005385, -3.904708333089311 ], [ 120.170213721533798, -3.903668705631084 ], [ 120.168848282301937, -3.901374350823881 ], [ 120.16896506328888, -3.899725279435848 ], [ 120.169809479655953, -3.898506398504226 ], [ 120.170743727551439, -3.898237527472582 ], [ 120.170923390608266, -3.897914882121119 ], [ 120.17055508134176, -3.894016241008391 ], [ 120.170707794940085, -3.893209623350699 ], [ 120.170573047647437, -3.891802521809137 ], [ 120.17009694054687, -3.891686010111124 ], [ 120.168417090965576, -3.892286493305269 ], [ 120.167743354502477, -3.891954883236064 ], [ 120.166386898423454, -3.890834577982584 ], [ 120.165892825017181, -3.889732196158886 ], [ 120.164518402632481, -3.888271313959327 ], [ 120.161733625251728, -3.886801466737258 ], [ 120.160458017548251, -3.885725967146751 ], [ 120.158634437521499, -3.883315050583033 ], [ 120.157951717905561, -3.881406029979902 ], [ 120.155921525363453, -3.879048876520914 ], [ 120.155957457974836, -3.87749834993774 ], [ 120.156298817782798, -3.87699644476967 ] ] } },
{ "type": "Feature", "properties": { "FID": 40, "OBJECTID": 785, "NAMOBJ": "Jaringan Tetap", "STSJRN": 1, "WADMPR": "Provinsi Sulawesi Selatan", "WADMKK": "Kabupaten Wajo", "REMARK": "Tidak Ada", "SBDATA": "Analisis Tim Penyusun, 2022", "SHAPE_Leng": 0.098488986154800007 }, "geometry": { "type": "LineString", "coordinates": [ [ 120.248376134405035, -3.795854206243932 ], [ 120.248978005645384, -3.795836279351448 ], [ 120.250082933444858, -3.796696769770918 ], [ 120.251331591689805, -3.796374085964107 ], [ 120.252930592895524, -3.797046343758869 ], [ 120.253828908179656, -3.797091160926574 ], [ 120.254682307699568, -3.796893965371268 ], [ 120.255984864861546, -3.795397070369321 ], [ 120.258940322146273, -3.794491761354593 ], [ 120.259308631412779, -3.794608286330483 ], [ 120.259461345011076, -3.794841336235109 ], [ 120.260251862461089, -3.796418903166709 ], [ 120.262102391946385, -3.796822257885443 ], [ 120.262991724077665, -3.797342137022727 ], [ 120.2641775002527, -3.79722561241573 ], [ 120.265246495440806, -3.796741586956771 ], [ 120.266764648270964, -3.796445793487154 ], [ 120.268740941896027, -3.797252502711049 ], [ 120.269953667529592, -3.796642989144825 ], [ 120.271166393163156, -3.796490610686034 ], [ 120.272927091120039, -3.797377990744793 ], [ 120.274472193408712, -3.797548295904266 ], [ 120.275271694011593, -3.797467625043442 ], [ 120.275702885347954, -3.797575186189533 ], [ 120.276969509898564, -3.79829226015427 ], [ 120.278263083907689, -3.798184699097539 ], [ 120.279790219890714, -3.799251345650714 ], [ 120.282727710869764, -3.800685490198356 ], [ 120.283715857682296, -3.80063170982085 ], [ 120.284856718093138, -3.800147686272402 ], [ 120.285350791499411, -3.800757197363146 ], [ 120.285692151307373, -3.800335917684629 ], [ 120.286958775857968, -3.800264210484815 ], [ 120.288692524356307, -3.800855794704997 ], [ 120.289087783081342, -3.801303964298618 ], [ 120.289536940723394, -3.802209266167247 ], [ 120.291728830016652, -3.803580662236584 ], [ 120.292618162147932, -3.804665228824514 ], [ 120.293660207877508, -3.806457897877152 ], [ 120.295914979240649, -3.806950881212475 ], [ 120.297837373948667, -3.807981663637859 ], [ 120.30054130295386, -3.808205746610493 ], [ 120.301843860115838, -3.809209637611769 ], [ 120.303200316194847, -3.809783289086706 ], [ 120.304215412465908, -3.80929030737354 ], [ 120.305437121252311, -3.809066224683281 ], [ 120.307143920292148, -3.809111041226001 ], [ 120.309057331847299, -3.809442683569585 ], [ 120.312174485883205, -3.806923991219644 ], [ 120.313189582154266, -3.80575875739042 ], [ 120.314411290940669, -3.805149249836393 ], [ 120.315534185045806, -3.804252914414733 ], [ 120.316414534024261, -3.803015970001692 ], [ 120.316890641124829, -3.803033896744992 ], [ 120.317672175422018, -3.8034282850033 ], [ 120.318570490706151, -3.804817605839064 ], [ 120.320816278916439, -3.804476998357568 ], [ 120.323376477476174, -3.802496094283761 ], [ 120.325083276516011, -3.802209266167247 ], [ 120.326691260874583, -3.801626646261802 ], [ 120.327481778324611, -3.801644573033995 ], [ 120.328218396857579, -3.801214330398527 ], [ 120.328577722971247, -3.80069445359428 ], [ 120.328892133320679, -3.799547138158824 ], [ 120.32943112249113, -3.798561162737446 ], [ 120.329943162203094, -3.798193662519445 ], [ 120.330616898666179, -3.79804128433438 ], [ 120.331488264491767, -3.798435674875723 ] ] } },
{ "type": "Feature", "properties": { "FID": 41, "OBJECTID": 786, "NAMOBJ": "Jaringan Tetap", "STSJRN": 1, "WADMPR": "Provinsi Sulawesi Selatan", "WADMKK": "Kabupaten Wajo", "REMARK": "Tidak Ada", "SBDATA": "Analisis Tim Penyusun, 2022", "SHAPE_Leng": 0.092097149579000004 }, "geometry": { "type": "LineString", "coordinates": [ [ 120.19332737379419, -3.927266138819705 ], [ 120.193983143951598, -3.926181729026109 ], [ 120.19524078534937, -3.925912866875881 ], [ 120.195609094615847, -3.925473725177642 ], [ 120.195995370188029, -3.923197354306139 ], [ 120.196884702319323, -3.921100219746376 ], [ 120.196848769707955, -3.920616264869927 ], [ 120.196597241428378, -3.920087499036506 ], [ 120.196597241428378, -3.918169599818019 ], [ 120.198573535053455, -3.917631870275833 ], [ 120.199660496547239, -3.917129989057978 ], [ 120.201259497752957, -3.916045566112966 ], [ 120.201897301604703, -3.915946982139198 ], [ 120.204134106662153, -3.916153112252923 ], [ 120.205508529046853, -3.915821511610338 ], [ 120.2064337937895, -3.914548880897736 ], [ 120.206388878025294, -3.913374832539082 ], [ 120.206721254680417, -3.912756439993785 ], [ 120.209541964672567, -3.910704090449019 ], [ 120.210386381039612, -3.910632392557463 ], [ 120.21052112833226, -3.909556923448198 ], [ 120.211239780559538, -3.90907296189891 ], [ 120.212021314856727, -3.907979566259169 ], [ 120.212425556734573, -3.907083339261923 ], [ 120.212883697529492, -3.90666211224245 ], [ 120.213548450839724, -3.906393243821573 ], [ 120.214662361792023, -3.906778621864739 ], [ 120.215596609687523, -3.906841357808501 ], [ 120.216800352168235, -3.906464942075564 ], [ 120.219423432797853, -3.904833805281682 ], [ 120.220465478527444, -3.904636634685248 ], [ 120.220950568780879, -3.904098896459594 ], [ 120.221777018842275, -3.902297470894378 ], [ 120.222342957471255, -3.901607371519912 ], [ 120.223825177690046, -3.900047924092485 ], [ 120.224939088642358, -3.899788015906561 ], [ 120.225388246284425, -3.899492258217915 ], [ 120.22579248816227, -3.898900742528436 ], [ 120.225756555550916, -3.898479511404931 ], [ 120.225397229437277, -3.897726672275593 ], [ 120.223923992371297, -3.896857321490129 ], [ 120.221193113907589, -3.894500211231997 ], [ 120.220636158431446, -3.894303038211527 ], [ 120.219791742064359, -3.893317172416379 ], [ 120.219630045313224, -3.89294971305192 ], [ 120.219728859994476, -3.891157226048356 ], [ 120.21787833050918, -3.88959775925245 ], [ 120.219171904518305, -3.885815592165005 ], [ 120.219243769741041, -3.885143404295993 ], [ 120.218785628946151, -3.88447121589142 ], [ 120.21876766264046, -3.884130640228713 ], [ 120.219450382256383, -3.882777298737184 ], [ 120.220052253496746, -3.882517385222225 ], [ 120.220582259514373, -3.881881044899564 ], [ 120.220366663846193, -3.880384298869939 ], [ 120.220267849164941, -3.880196085109612 ], [ 120.219683944230269, -3.880016833870315 ], [ 120.219881573592772, -3.87851112195878 ], [ 120.219782758911521, -3.878179506474897 ], [ 120.219342584422293, -3.877991292223459 ], [ 120.218785628946151, -3.878152618727257 ], [ 120.218408336526821, -3.87780307793011 ], [ 120.217087813059152, -3.87757005065171 ], [ 120.216432042901758, -3.877623826183196 ], [ 120.21574932328582, -3.876933706602711 ], [ 120.214626429180669, -3.876413875897384 ], [ 120.214356934595429, -3.874495877082191 ], [ 120.213952692717584, -3.873698203397339 ], [ 120.213305905713014, -3.873160445432632 ], [ 120.212973529057891, -3.873115632253482 ], [ 120.212039281162404, -3.873447249723002 ], [ 120.211581140367514, -3.874074633769291 ], [ 120.210781639764647, -3.874746830445498 ], [ 120.207341092226471, -3.874890232333963 ] ] } },
{ "type": "Feature", "properties": { "FID": 42, "OBJECTID": 787, "NAMOBJ": "Jaringan Tetap", "STSJRN": 1, "WADMPR": "Provinsi Sulawesi Selatan", "WADMKK": "Kabupaten Wajo", "REMARK": "Tidak Ada", "SBDATA": "Analisis Tim Penyusun, 2022", "SHAPE_Leng": 0.054178083794700002 }, "geometry": { "type": "LineString", "coordinates": [ [ 120.170573047647437, -3.891802521809137 ], [ 120.173420707098117, -3.891022789369303 ], [ 120.175109539832249, -3.889687383859124 ], [ 120.175774293142496, -3.889436434936418 ], [ 120.176322265465799, -3.889606721713546 ], [ 120.176834305177763, -3.890081732015241 ], [ 120.177319395431184, -3.890852502878369 ], [ 120.177750586767573, -3.892501591658716 ], [ 120.177813468837456, -3.894733233832997 ], [ 120.178352458007922, -3.895217203644292 ], [ 120.179286705903408, -3.895719097969408 ], [ 120.179996374977875, -3.895853533898515 ], [ 120.181056387013129, -3.895781834738997 ], [ 120.182035550672822, -3.894948331561267 ], [ 120.183095562708061, -3.89432992544431 ], [ 120.184047776909239, -3.894500211231997 ], [ 120.18457778292688, -3.894446436776449 ], [ 120.186419329259309, -3.893621894694527 ], [ 120.186652891233194, -3.893603969857689 ], [ 120.187075099416731, -3.894123789971019 ], [ 120.187308661390588, -3.894132752383951 ], [ 120.187254762473543, -3.892671877816226 ], [ 120.187820701102552, -3.890709103701413 ], [ 120.187766802185507, -3.890189281480333 ], [ 120.187470358141724, -3.889526059560248 ], [ 120.187730869574139, -3.888952461803033 ], [ 120.189796994727601, -3.887572240600071 ], [ 120.191997867173697, -3.887464690801045 ], [ 120.193345340099867, -3.887186853756733 ], [ 120.194647897261859, -3.887294403591198 ], [ 120.195474347323227, -3.88678354175532 ], [ 120.196516393052818, -3.885322654446766 ], [ 120.197333859961375, -3.884596691100924 ], [ 120.197890815437518, -3.884229227934685 ], [ 120.198582518206294, -3.884014127470443 ], [ 120.198798113874474, -3.883772139382637 ], [ 120.199391001962013, -3.882875886601235 ], [ 120.200972036862055, -3.879156427392275 ], [ 120.201493059726857, -3.878564897430393 ], [ 120.202562054914949, -3.877856853446772 ], [ 120.203433420740538, -3.876817192851719 ], [ 120.20632599595541, -3.87543695181071 ], [ 120.207044648182716, -3.875239774335247 ], [ 120.207341092226471, -3.874890232333963 ] ] } },
{ "type": "Feature", "properties": { "FID": 43, "OBJECTID": 788, "NAMOBJ": "Jaringan Tetap", "STSJRN": 1, "WADMPR": "Provinsi Sulawesi Selatan", "WADMKK": "Kabupaten Wajo", "REMARK": "Tidak Ada", "SBDATA": "Analisis Tim Penyusun, 2022", "SHAPE_Leng": 0.13188991050400001 }, "geometry": { "type": "LineString", "coordinates": [ [ 120.207341092226471, -3.874890232333963 ], [ 120.207421940602032, -3.874495877082191 ], [ 120.206793119903139, -3.87353687604381 ], [ 120.207152446016806, -3.872837790489785 ], [ 120.208446020025931, -3.871878787572464 ], [ 120.209128739641855, -3.870695717056231 ], [ 120.209802476104954, -3.870005591825113 ], [ 120.210557060943614, -3.86950368221292 ], [ 120.210826555528854, -3.868652227726372 ], [ 120.21120384794817, -3.868499862096409 ], [ 120.212668101861283, -3.866698360512407 ], [ 120.212587253485708, -3.865542170911529 ], [ 120.212389624123205, -3.864959594158722 ], [ 120.212506405110133, -3.864385979734189 ], [ 120.212416573581734, -3.862889202768588 ], [ 120.21071875769475, -3.862432102689906 ], [ 120.209622813048128, -3.861822635535352 ], [ 120.209020941807751, -3.861222130705046 ], [ 120.208365171650371, -3.860827769092864 ], [ 120.207745334104317, -3.860657476521883 ], [ 120.207143462863968, -3.860765029728581 ], [ 120.205903787771888, -3.860451332837626 ], [ 120.205553444811059, -3.860209338013986 ], [ 120.20552649535253, -3.858488483946072 ], [ 120.205804973090608, -3.855871345036186 ], [ 120.206424810636662, -3.854670326537583 ], [ 120.206209214968482, -3.853039089740948 ], [ 120.206514642165075, -3.850619117302951 ], [ 120.208221441204913, -3.848279804073419 ], [ 120.208661615694112, -3.848109508989698 ], [ 120.210880454445899, -3.848468024915815 ], [ 120.212506405110133, -3.849785569647837 ], [ 120.214491681888049, -3.850215787894322 ], [ 120.215668474910245, -3.849839346940536 ], [ 120.217707650605206, -3.849920012873215 ], [ 120.221255995977472, -3.849014761412592 ], [ 120.223843143995722, -3.846881590799386 ], [ 120.226717752904918, -3.845698485467729 ], [ 120.227840647010069, -3.845985299032283 ], [ 120.231263228242568, -3.845483375230977 ], [ 120.23262866747443, -3.844560193181877 ], [ 120.233149690339232, -3.843941750279174 ], [ 120.235997349789869, -3.842310492934933 ], [ 120.237003462908092, -3.842068492953303 ], [ 120.237865845580856, -3.841172196127151 ], [ 120.239922987581494, -3.83826818794525 ], [ 120.240066718026938, -3.837067144637309 ], [ 120.239258234271233, -3.836502474438785 ], [ 120.237991609720623, -3.834306531230747 ], [ 120.23779398035812, -3.833526745958736 ], [ 120.23827907061154, -3.832809701402835 ], [ 120.238261104305849, -3.832504957284522 ], [ 120.236698035711498, -3.829654698216221 ], [ 120.236141080235328, -3.827664889089358 ], [ 120.235251748104048, -3.826069453206415 ], [ 120.234676826322215, -3.825486849474823 ], [ 120.234685809475067, -3.82482357705205 ], [ 120.235745821510321, -3.824169267267151 ], [ 120.237749064593913, -3.823640441185619 ], [ 120.238620430419488, -3.823246062200594 ], [ 120.241692668691186, -3.821211422282456 ], [ 120.242429287224184, -3.820566072930168 ], [ 120.242743697573616, -3.819660790381824 ], [ 120.242905394324751, -3.819696643174179 ], [ 120.242941326936119, -3.819965539069095 ], [ 120.243165905757138, -3.819947612678721 ], [ 120.243767776997515, -3.819508415997606 ], [ 120.243965406360019, -3.819149887928025 ], [ 120.244899654255505, -3.819149887928025 ], [ 120.247747313706142, -3.815788679994073 ], [ 120.249957169305077, -3.813879508030344 ], [ 120.250370394335789, -3.811970331825745 ], [ 120.250738703602281, -3.811082966794653 ], [ 120.250442259558525, -3.807569350815803 ], [ 120.250702770990912, -3.806932954550681 ], [ 120.25120582755001, -3.806655091245148 ], [ 120.251439389523895, -3.806278631139789 ], [ 120.250020051374975, -3.805409186934237 ], [ 120.248789359435733, -3.805185103233862 ], [ 120.247531718037962, -3.804557668562723 ], [ 120.246651369059521, -3.805023762933498 ], [ 120.246292042945882, -3.804969982826663 ], [ 120.245753053775417, -3.803759929535369 ], [ 120.245088300465156, -3.8029532263972 ], [ 120.245232030910614, -3.802361643616028 ], [ 120.246283059793043, -3.800766160758325 ], [ 120.247055610937394, -3.800102869263437 ], [ 120.24721730768853, -3.799780186730151 ], [ 120.247576633802169, -3.798328113836868 ], [ 120.247316122369782, -3.797270429574129 ], [ 120.247684431636259, -3.796625062268716 ], [ 120.248376134405035, -3.795854206243932 ] ] } },
{ "type": "Feature", "properties": { "FID": 44, "OBJECTID": 789, "NAMOBJ": "Jaringan Tetap", "STSJRN": 1, "WADMPR": "Provinsi Sulawesi Selatan", "WADMKK": "Kabupaten Wajo", "REMARK": "Tidak Ada", "SBDATA": "Analisis Tim Penyusun, 2022", "SHAPE_Leng": 0.065989865939200004 }, "geometry": { "type": "LineString", "coordinates": [ [ 120.154394389380457, -4.020555913191328 ], [ 120.156496447145301, -4.014345885406133 ], [ 120.15647848083961, -4.01144247958316 ], [ 120.157843920071471, -4.009838433052086 ], [ 120.159101561469228, -4.004694709541986 ], [ 120.160610731146576, -4.002785967678618 ], [ 120.161769557863082, -4.000993717746964 ], [ 120.162200749199457, -3.999622643901854 ], [ 120.162784654134143, -3.996548920999087 ], [ 120.164150093366004, -3.99491796131059 ], [ 120.164275857505771, -3.993959098881307 ], [ 120.164150093366004, -3.992713472183269 ], [ 120.163763817793807, -3.991360307225438 ], [ 120.164203992283049, -3.989102040211024 ], [ 120.165713161960355, -3.987444181507187 ], [ 120.168776417079215, -3.984728870569581 ], [ 120.168911164371835, -3.984468988854613 ], [ 120.169360322013873, -3.98083959770572 ], [ 120.169369305166725, -3.977138498403531 ], [ 120.169620833446288, -3.975417884834592 ], [ 120.169602867140611, -3.974799538456053 ], [ 120.168875231760467, -3.971412067460404 ], [ 120.168992012747395, -3.969673518745191 ], [ 120.168623703480918, -3.967845350168099 ], [ 120.168542855105343, -3.966420451265389 ], [ 120.168677602397963, -3.965389862477428 ], [ 120.168992012747395, -3.964251732496732 ], [ 120.170950340066781, -3.962880597447219 ], [ 120.172522391813985, -3.961142030782776 ] ] } },
{ "type": "Feature", "properties": { "FID": 45, "OBJECTID": 790, "NAMOBJ": "Jaringan Tetap", "STSJRN": 1, "WADMPR": "Provinsi Sulawesi Selatan", "WADMKK": "Kabupaten Wajo", "REMARK": "Tidak Ada", "SBDATA": "Analisis Tim Penyusun, 2022", "SHAPE_Leng": 0.073599638412699994 }, "geometry": { "type": "LineString", "coordinates": [ [ 120.280805316161761, -4.019355132285113 ], [ 120.278990719287833, -4.019104222618655 ], [ 120.275074064649061, -4.019041495189978 ], [ 120.274202698823487, -4.019543314484287 ], [ 120.273367265609252, -4.019579158707778 ], [ 120.271417921442705, -4.01925656063964 ], [ 120.269782987625618, -4.019157988982252 ], [ 120.269243998455124, -4.018898118192024 ], [ 120.267968390751676, -4.017858634203056 ], [ 120.265623787860136, -4.018127466396172 ], [ 120.262596465352644, -4.018154349610612 ], [ 120.259560159692327, -4.017419541430432 ], [ 120.255571639830833, -4.018145388539232 ], [ 120.255293162092755, -4.01833357101756 ], [ 120.254161284834765, -4.020080977671182 ], [ 120.253460598913151, -4.020421497506152 ], [ 120.25286771082564, -4.021066692592847 ], [ 120.250900400353416, -4.021640198907816 ], [ 120.249220550772122, -4.021765653360418 ], [ 120.247361038133988, -4.023190456145302 ], [ 120.245034401548111, -4.024059674230503 ], [ 120.242887428019074, -4.02458837343686 ], [ 120.241611820315626, -4.02533213614606 ], [ 120.24051587566899, -4.02571745872824 ], [ 120.239123486978613, -4.026703166829353 ], [ 120.237569401537073, -4.028576008932427 ], [ 120.235485310077934, -4.030224823291843 ], [ 120.2329520609767, -4.031210525931857 ], [ 120.231155430408478, -4.032411289351375 ], [ 120.230427795028334, -4.032689077651001 ], [ 120.229134221019194, -4.032626351269061 ], [ 120.227589118730521, -4.031667533114027 ], [ 120.22625062895716, -4.034409570810654 ], [ 120.225127734852009, -4.035995647214307 ], [ 120.224328234249171, -4.036793164687541 ], [ 120.220240899706411, -4.038325471341851 ], [ 120.216827301626765, -4.040081795878291 ] ] } },
{ "type": "Feature", "properties": { "FID": 46, "OBJECTID": 791, "NAMOBJ": "Jaringan Tetap", "STSJRN": 1, "WADMPR": "Provinsi Sulawesi Selatan", "WADMKK": "Kabupaten Wajo", "REMARK": "Tidak Ada", "SBDATA": "Analisis Tim Penyusun, 2022", "SHAPE_Leng": 0.049064811769099999 }, "geometry": { "type": "LineString", "coordinates": [ [ 120.275020165732016, -3.972917611842417 ], [ 120.273196585705264, -3.978536494283149 ], [ 120.272873192202994, -3.978715724352569 ], [ 120.272172506281365, -3.980095794580807 ], [ 120.270627403992691, -3.981198056803084 ], [ 120.26883077342444, -3.984442104534586 ], [ 120.26816602011418, -3.98592970225514 ], [ 120.267537199415315, -3.986494271769934 ], [ 120.26748330049827, -3.990625474989527 ], [ 120.267168890148838, -3.991951757084021 ], [ 120.266827530340848, -3.995177839719902 ], [ 120.26601006343229, -3.998403909669198 ], [ 120.266001080279452, -3.998896780349191 ], [ 120.266198709641984, -3.999506147325603 ], [ 120.26579446776411, -4.000975795227842 ], [ 120.2655519226374, -4.002669471552253 ], [ 120.265938198209568, -4.004103268877116 ], [ 120.266872446105054, -4.005590830947053 ], [ 120.266980243939145, -4.006298766163141 ], [ 120.265740568847065, -4.009444141802621 ], [ 120.265228529135129, -4.009739860257551 ], [ 120.265030899772626, -4.010609092672274 ], [ 120.265003950314096, -4.010940655308526 ], [ 120.265372259580587, -4.011227412074629 ], [ 120.265219545982291, -4.013512501457567 ], [ 120.265318360663542, -4.014740174289662 ], [ 120.265057849231155, -4.018118505324498 ] ] } },
{ "type": "Feature", "properties": { "FID": 47, "OBJECTID": 792, "NAMOBJ": "Jaringan Tetap", "STSJRN": 1, "WADMPR": "Provinsi Sulawesi Selatan", "WADMKK": "Kabupaten Wajo", "REMARK": "Tidak Ada", "SBDATA": "Analisis Tim Penyusun, 2022", "SHAPE_Leng": 0.100431621033 }, "geometry": { "type": "LineString", "coordinates": [ [ 120.243309636202596, -4.062411875762946 ], [ 120.243776760150354, -4.061677107669168 ], [ 120.244719991198679, -4.061596462349832 ], [ 120.245591357024281, -4.061058826681618 ], [ 120.249229533924961, -4.053737985375045 ], [ 120.252131092292657, -4.046883037148646 ], [ 120.25378399241545, -4.045108805798272 ], [ 120.254125352223411, -4.044947511846461 ], [ 120.25561655559504, -4.044920629518037 ], [ 120.258347434058777, -4.043442100081359 ], [ 120.259649991220741, -4.043029903515175 ], [ 120.26035067714237, -4.042635628342698 ], [ 120.260979497841234, -4.042250313784331 ], [ 120.261680183762863, -4.041416958415532 ], [ 120.262443751754347, -4.03989361843124 ], [ 120.264438011685101, -4.040816583586847 ], [ 120.268803823965925, -4.043576511959791 ], [ 120.269333829983537, -4.043603394332803 ], [ 120.270905881730769, -4.043003021123145 ], [ 120.273169636246749, -4.042895491546102 ], [ 120.273645743347316, -4.039490380897719 ], [ 120.273915237932542, -4.03862117931056 ], [ 120.274912367897926, -4.037832624487905 ], [ 120.276376621811053, -4.037716133369607 ], [ 120.27741866754063, -4.03717848183775 ], [ 120.278379864894617, -4.035449033662274 ], [ 120.278191218684967, -4.032931022221696 ], [ 120.27825410075485, -4.031864673387802 ], [ 120.278604443715679, -4.030861049678034 ], [ 120.280940063454381, -4.027670951803597 ], [ 120.281272440109504, -4.026201351945213 ], [ 120.280984979218587, -4.025000579359616 ], [ 120.281128709664046, -4.022706561139278 ], [ 120.280796333008922, -4.020923315951049 ], [ 120.280805316161761, -4.019355132285113 ], [ 120.282467199437377, -4.019122144740248 ], [ 120.284614172966428, -4.018064738892371 ], [ 120.287713360696642, -4.018396298500686 ], [ 120.289833384767149, -4.019023573066612 ], [ 120.291962391990509, -4.018772663298138 ], [ 120.298070935922539, -4.020269159702828 ], [ 120.298861453372552, -4.020627601547692 ], [ 120.300002313783381, -4.021434095122331 ], [ 120.304475923898295, -4.022912664602909 ], [ 120.306802560484158, -4.02457941243622 ], [ 120.308419527995596, -4.024758632430248 ], [ 120.308680039427983, -4.024677983437816 ] ] } },
{ "type": "Feature", "properties": { "FID": 48, "OBJECTID": 793, "NAMOBJ": "Jaringan Tetap", "STSJRN": 1, "WADMPR": "Provinsi Sulawesi Selatan", "WADMKK": "Kabupaten Wajo", "REMARK": "Tidak Ada", "SBDATA": "Analisis Tim Penyusun, 2022", "SHAPE_Leng": 0.066950771591899993 }, "geometry": { "type": "LineString", "coordinates": [ [ 120.20894009343219, -4.122821849391523 ], [ 120.209506032061199, -4.121540581734543 ], [ 120.209541964672567, -4.121074665710986 ], [ 120.208895177667983, -4.119076599668684 ], [ 120.208877211362307, -4.118512122702728 ], [ 120.209613829895289, -4.115546372065921 ], [ 120.209703661423703, -4.113476612055582 ], [ 120.210260616899845, -4.110788604016285 ], [ 120.208904160820822, -4.106057687857689 ], [ 120.208104660217955, -4.105107917217563 ], [ 120.207206344933851, -4.104606151140183 ], [ 120.20743092375487, -4.10343237569189 ], [ 120.207332109073619, -4.102751405938763 ], [ 120.208670598846965, -4.099283827272245 ], [ 120.207951946619659, -4.097088582356324 ], [ 120.207942963466806, -4.095887915241151 ], [ 120.207646519423065, -4.095484705731159 ], [ 120.207439906907723, -4.094732047435593 ], [ 120.206236164426997, -4.092868319086248 ], [ 120.205616326880943, -4.090977705607278 ], [ 120.204870725195136, -4.089499260678245 ], [ 120.204089190897946, -4.088648033572655 ], [ 120.204071224592269, -4.088101455691415 ], [ 120.204277837107611, -4.087456314106169 ], [ 120.205535478505382, -4.086076426195255 ], [ 120.205724124715033, -4.085646330776648 ], [ 120.206092433981539, -4.083334563951205 ], [ 120.205840905701976, -4.08291342741705 ], [ 120.204089190897946, -4.082689418532262 ], [ 120.202175779342767, -4.081650016488937 ], [ 120.201879335299012, -4.081201997951814 ], [ 120.201600857560948, -4.079642891494316 ], [ 120.20167272278367, -4.078926059923624 ], [ 120.202490189692227, -4.077743286433835 ], [ 120.202112897272883, -4.076694917567224 ], [ 120.202553071762111, -4.07310177971352 ], [ 120.202571038067802, -4.071103593863675 ], [ 120.202535105456434, -4.07002833485135 ], [ 120.20215781303709, -4.068549851364999 ], [ 120.202301543482548, -4.066883193999434 ], [ 120.202032048897308, -4.065825850442732 ], [ 120.201987133133102, -4.062877825914695 ] ] } },
{ "type": "Feature", "properties": { "FID": 49, "OBJECTID": 794, "NAMOBJ": "Jaringan Tetap", "STSJRN": 1, "WADMPR": "Provinsi Sulawesi Selatan", "WADMKK": "Kabupaten Wajo", "REMARK": "Tidak Ada", "SBDATA": "Analisis Tim Penyusun, 2022", "SHAPE_Leng": 0.027858520524000001 }, "geometry": { "type": "LineString", "coordinates": [ [ 120.201987133133102, -4.062877825914695 ], [ 120.202597987526318, -4.062071373558783 ], [ 120.20326274083655, -4.061784634749078 ], [ 120.204673095832618, -4.062187861171116 ], [ 120.205481579588323, -4.062591087391622 ], [ 120.207287193309426, -4.063003273986489 ], [ 120.208868228209454, -4.061488935244847 ], [ 120.209613829895289, -4.061336605154921 ], [ 120.209919257091883, -4.061121550861366 ], [ 120.210826555528854, -4.059768499616629 ], [ 120.211868601258431, -4.058773871096358 ], [ 120.212542337721501, -4.057349130811333 ], [ 120.212964545905052, -4.05705342968252 ], [ 120.214060490551688, -4.056910059399283 ], [ 120.214994738447174, -4.05604983716556 ], [ 120.216387127137551, -4.055727253591794 ], [ 120.218776645793312, -4.054383153981762 ], [ 120.220690057348492, -4.052832956322969 ], [ 120.222172277567282, -4.052071297424911 ], [ 120.222567536292274, -4.050422527471254 ], [ 120.223088559157091, -4.050046177336903 ], [ 120.223393986353685, -4.050028255897569 ] ] } },
{ "type": "Feature", "properties": { "FID": 50, "OBJECTID": 795, "NAMOBJ": "Jaringan Tetap", "STSJRN": 1, "WADMPR": "Provinsi Sulawesi Selatan", "WADMKK": "Kabupaten Wajo", "REMARK": "Tidak Ada", "SBDATA": "Analisis Tim Penyusun, 2022", "SHAPE_Leng": 0.035663893453700003 }, "geometry": { "type": "LineString", "coordinates": [ [ 120.208877211362307, -4.118512122702728 ], [ 120.207996862383865, -4.118843640969362 ], [ 120.20708058079407, -4.118485242837218 ], [ 120.20619124866279, -4.117858045717544 ], [ 120.202849515805866, -4.117419007439663 ], [ 120.202014082591631, -4.117463807275033 ], [ 120.20054084552568, -4.117893885566269 ], [ 120.200334233010338, -4.117732606234291 ], [ 120.200244401481925, -4.1168634892716 ], [ 120.197001483306252, -4.11446221273129 ], [ 120.194602981497653, -4.113906692500398 ], [ 120.193309407488499, -4.11298381126047 ], [ 120.192105665007787, -4.112607490448049 ], [ 120.188494437565623, -4.112186369328199 ], [ 120.187694936962757, -4.111621887478067 ], [ 120.185781525407592, -4.111003644993038 ], [ 120.184721513372338, -4.110322681701001 ], [ 120.181550460419388, -4.110376441982045 ], [ 120.179565183641472, -4.109991159887795 ], [ 120.178451272689173, -4.109578997441332 ], [ 120.176924136706177, -4.110815484141551 ] ] } },
{ "type": "Feature", "properties": { "FID": 51, "OBJECTID": 796, "NAMOBJ": "Jaringan Tetap", "STSJRN": 1, "WADMPR": "Provinsi Sulawesi Selatan", "WADMKK": "Kabupaten Wajo", "REMARK": "Tidak Ada", "SBDATA": "Analisis Tim Penyusun, 2022", "SHAPE_Leng": 0.020213374052100001 }, "geometry": { "type": "LineString", "coordinates": [ [ 120.176924136706177, -4.110815484141551 ], [ 120.175163438749294, -4.112168449275608 ], [ 120.174840045247009, -4.112562690339494 ], [ 120.171704924905427, -4.118951160377525 ], [ 120.169108793734338, -4.122364894030484 ], [ 120.16756369144565, -4.124103114983224 ], [ 120.166764190842784, -4.125706934036064 ], [ 120.165704178807516, -4.127319709706413 ] ] } },
{ "type": "Feature", "properties": { "FID": 52, "OBJECTID": 797, "NAMOBJ": "Jaringan Tetap", "STSJRN": 1, "WADMPR": "Provinsi Sulawesi Selatan", "WADMKK": "Kabupaten Wajo", "REMARK": "Tidak Ada", "SBDATA": "Analisis Tim Penyusun, 2022", "SHAPE_Leng": 0.056582377317900001 }, "geometry": { "type": "LineString", "coordinates": [ [ 120.176924136706177, -4.110815484141551 ], [ 120.175361068111812, -4.109435636540454 ], [ 120.174148342478261, -4.108064746624405 ], [ 120.173699184836181, -4.107867625004823 ], [ 120.17268408856512, -4.106998497283165 ], [ 120.171534245001453, -4.106416091579125 ], [ 120.171372548250318, -4.106003927285591 ], [ 120.17122881780486, -4.10381766095292 ], [ 120.171525261848615, -4.1025274026036 ], [ 120.171570177612821, -4.101595548055192 ], [ 120.172019335254888, -4.100332166595408 ], [ 120.174202241395307, -4.097115462942757 ], [ 120.17426512346519, -4.096111920436683 ], [ 120.174534618050416, -4.095493665944699 ], [ 120.175423950181695, -4.094579723646795 ], [ 120.175567680627154, -4.092590551508848 ], [ 120.176313282312961, -4.091864771255062 ], [ 120.176519894828331, -4.090269844436195 ], [ 120.177193631291402, -4.088952683377483 ], [ 120.178289575938024, -4.085959942042154 ], [ 120.17900822816533, -4.082841744580719 ], [ 120.179592133100002, -4.081524571323739 ], [ 120.179699930934092, -4.080512048915783 ], [ 120.179457385807382, -4.079992346653111 ], [ 120.178792632497149, -4.079418881697183 ], [ 120.178577036828941, -4.078504921077599 ], [ 120.178352458007922, -4.07522540676921 ], [ 120.178999245012491, -4.073460198175231 ], [ 120.179771796156842, -4.072877768093874 ], [ 120.180436549467075, -4.072922570422793 ], [ 120.180652145135269, -4.072743361092151 ], [ 120.180463498925604, -4.072071325746801 ], [ 120.179547217335795, -4.071067751919735 ], [ 120.179610099405679, -4.069186047622104 ], [ 120.180005358130714, -4.067259536286556 ], [ 120.182161314812603, -4.061730871210916 ] ] } },
{ "type": "Feature", "properties": { "FID": 53, "OBJECTID": 798, "NAMOBJ": "Jaringan Tetap", "STSJRN": 1, "WADMPR": "Provinsi Sulawesi Selatan", "WADMKK": "Kabupaten Wajo", "REMARK": "Tidak Ada", "SBDATA": "Analisis Tim Penyusun, 2022", "SHAPE_Leng": 0.065604220554599996 }, "geometry": { "type": "LineString", "coordinates": [ [ 120.156550346062346, -4.10026048531796 ], [ 120.156280851477106, -4.096282164343342 ], [ 120.15580474437651, -4.094095871419504 ], [ 120.155876609599247, -4.09373746217369 ], [ 120.157475610804994, -4.092169419836751 ], [ 120.159721399015282, -4.091273394265691 ], [ 120.160053775670406, -4.091013546662595 ], [ 120.16102395617726, -4.090001036232703 ], [ 120.162640923688656, -4.08748319501592 ], [ 120.163413474833007, -4.086918695721918 ], [ 120.165147223331374, -4.086264592868372 ], [ 120.165632313584794, -4.085700092716586 ], [ 120.165856892405813, -4.085135592167529 ], [ 120.165605364126264, -4.082241400575152 ], [ 120.164823829829075, -4.080709177272277 ], [ 120.163718902029601, -4.077492394863723 ], [ 120.164347722728508, -4.074651938412242 ], [ 120.164015346073384, -4.073146582029965 ], [ 120.163494323208582, -4.071874195272382 ], [ 120.163431441138698, -4.071264882591658 ], [ 120.164060261837591, -4.069929769370038 ], [ 120.164275857505771, -4.067510431046986 ], [ 120.164114160754636, -4.067143049406943 ], [ 120.162083968212528, -4.064831229390344 ], [ 120.160520899618163, -4.062519402744929 ], [ 120.160511916465325, -4.062143058245287 ], [ 120.161167686622719, -4.060395742197535 ], [ 120.16126650130397, -4.059419035681569 ], [ 120.16053886592384, -4.057268485059664 ], [ 120.160179539810173, -4.053657339263003 ], [ 120.16070056267499, -4.053263069266112 ], [ 120.162200749199457, -4.052752310120661 ], [ 120.164266874352933, -4.050933288087881 ], [ 120.166341982659247, -4.049983452297493 ], [ 120.167985899629187, -4.049642944855862 ], [ 120.169926260642882, -4.048083777372323 ] ] } },
{ "type": "Feature", "properties": { "FID": 54, "OBJECTID": 799, "NAMOBJ": "Jaringan Tetap", "STSJRN": 1, "WADMPR": "Provinsi Sulawesi Selatan", "WADMKK": "Kabupaten Wajo", "REMARK": "Tidak Ada", "SBDATA": "Analisis Tim Penyusun, 2022", "SHAPE_Leng": 0.033468601995900002 }, "geometry": { "type": "LineString", "coordinates": [ [ 120.12412116430562, -4.099848317847869 ], [ 120.126061525319315, -4.099633273866062 ], [ 120.128585791267696, -4.09867453541 ], [ 120.129762584289892, -4.098997101747853 ], [ 120.132152102945668, -4.098925420350687 ], [ 120.133876868291168, -4.097823318060343 ], [ 120.134802133033816, -4.097455950292701 ], [ 120.141817975402788, -4.099050862791509 ], [ 120.143093583106221, -4.099552632357971 ], [ 120.146525147491559, -4.100099202420193 ], [ 120.148007367710377, -4.100090242258251 ], [ 120.149507554234845, -4.099875198341528 ], [ 120.154385406227618, -4.100152963389731 ], [ 120.156020340044719, -4.100099202420193 ], [ 120.156550346062346, -4.10026048531796 ] ] } },
{ "type": "Feature", "properties": { "FID": 55, "OBJECTID": 800, "NAMOBJ": "Jaringan Tetap", "STSJRN": 1, "WADMPR": "Provinsi Sulawesi Selatan", "WADMKK": "Kabupaten Wajo", "REMARK": "Tidak Ada", "SBDATA": "Analisis Tim Penyusun, 2022", "SHAPE_Leng": 0.095166696347599999 }, "geometry": { "type": "LineString", "coordinates": [ [ 120.279430893777047, -4.136378072147592 ], [ 120.278613426868517, -4.135822567241598 ], [ 120.278334949130411, -4.135267061946156 ], [ 120.276484419645143, -4.13415605018714 ], [ 120.27404998522519, -4.133242152250344 ], [ 120.273870322168335, -4.133027117288588 ], [ 120.272028775835906, -4.132292414062594 ], [ 120.271426904595543, -4.13185338376119 ], [ 120.269226032149447, -4.130885724279612 ], [ 120.268785857660234, -4.13086780464845 ], [ 120.267644997249405, -4.130455653020027 ], [ 120.267052109161881, -4.130052461002444 ], [ 120.26431224754532, -4.128977281287334 ], [ 120.262551549588437, -4.127660184151414 ], [ 120.260242879308251, -4.126217646686024 ], [ 120.258598962338326, -4.12562629516658 ], [ 120.254870953909233, -4.123771598909334 ], [ 120.249579876885761, -4.123234004982039 ], [ 120.248771393130042, -4.124040395736608 ], [ 120.248268336570945, -4.1242285534616 ], [ 120.244675075434472, -4.123117526249862 ], [ 120.244962536325389, -4.120528110027724 ], [ 120.246202211417469, -4.117168128314998 ], [ 120.247334088675458, -4.115062532545222 ], [ 120.24735205498115, -4.114498052732881 ], [ 120.248070707208441, -4.112016128812328 ], [ 120.248043757749926, -4.111478526944533 ], [ 120.247711381094788, -4.110851324307164 ], [ 120.247531718037962, -4.110044920191191 ], [ 120.247513751732285, -4.109328115847882 ], [ 120.247028661478865, -4.108450029649309 ], [ 120.246570520683946, -4.107088098122982 ], [ 120.246786116352155, -4.105824725352449 ], [ 120.247873077845952, -4.103360694692586 ], [ 120.247917993610145, -4.101407384985644 ], [ 120.248358168099358, -4.100807054896134 ], [ 120.248097656666971, -4.098011481973538 ], [ 120.248295286029474, -4.097088582356324 ], [ 120.247900027304468, -4.095224859494841 ], [ 120.247971892527204, -4.094615564540885 ], [ 120.248394100710726, -4.094275075982233 ], [ 120.249148685549386, -4.091990214802734 ], [ 120.249364281217581, -4.090637215501786 ], [ 120.249148685549386, -4.088665954152615 ], [ 120.249472079051671, -4.087071020967385 ], [ 120.249481062204509, -4.086157069060568 ], [ 120.249175635007916, -4.085449203632715 ], [ 120.24894207303403, -4.083594414042893 ], [ 120.249184618160754, -4.082241400575152 ], [ 120.249525977968716, -4.081228879071091 ], [ 120.250514124781247, -4.079911703168421 ], [ 120.250972265576138, -4.078657247919727 ], [ 120.251915496624463, -4.077411751128126 ], [ 120.252077193375612, -4.076927888544633 ], [ 120.252427536336427, -4.07659635290261 ], [ 120.253694160887036, -4.076130410688124 ], [ 120.254376880502946, -4.074893870425203 ], [ 120.254861970756394, -4.074338322731575 ], [ 120.255562656677995, -4.072931530888277 ], [ 120.256550803490526, -4.072035483845952 ], [ 120.256685550783146, -4.071703946187436 ] ] } },
{ "type": "Feature", "properties": { "FID": 56, "OBJECTID": 801, "NAMOBJ": "Jaringan Tetap", "STSJRN": 1, "WADMPR": "Provinsi Sulawesi Selatan", "WADMKK": "Kabupaten Wajo", "REMARK": "Tidak Ada", "SBDATA": "Analisis Tim Penyusun, 2022", "SHAPE_Leng": 0.082813887757700003 }, "geometry": { "type": "LineString", "coordinates": [ [ 120.282745677175441, -3.763459706007671 ], [ 120.284030268031728, -3.764804272112969 ], [ 120.284326712075512, -3.765727539636299 ], [ 120.284919600163022, -3.766668733676418 ], [ 120.28517112844257, -3.767565108006397 ], [ 120.284955532774376, -3.768784175613151 ], [ 120.28573706707158, -3.771822873459004 ], [ 120.286347921464767, -3.773579755862492 ], [ 120.286904876940923, -3.774646432731163 ], [ 120.28730013566593, -3.775175288844121 ], [ 120.288072686810281, -3.775641399049513 ], [ 120.288396080312566, -3.776017872494266 ], [ 120.289204564068271, -3.777604437360301 ], [ 120.290821531579681, -3.77781956457646 ], [ 120.291028144095051, -3.777962982690935 ], [ 120.292016290907554, -3.779513689539645 ], [ 120.292770875746228, -3.780329378156622 ], [ 120.29375902255876, -3.781960753088518 ], [ 120.294010550838308, -3.782068316162956 ], [ 120.294378860104786, -3.781960753088518 ], [ 120.294549540008788, -3.780302487335324 ], [ 120.296193456978727, -3.778240855220272 ], [ 120.298565009328797, -3.774834669689642 ], [ 120.302122337853902, -3.774888451670285 ], [ 120.303406928710189, -3.774682287393067 ], [ 120.306398318606313, -3.773785920401419 ], [ 120.307718842073967, -3.773131571913421 ], [ 120.309686152546192, -3.771867691931816 ], [ 120.311078541236583, -3.77123126940128 ], [ 120.312282283717295, -3.771177487194247 ], [ 120.318175231981115, -3.768739356981389 ], [ 120.324292759065983, -3.768335989191602 ], [ 120.325083276516011, -3.769044123631836 ], [ 120.325613282533638, -3.769106869693671 ], [ 120.326349901066621, -3.768327025460815 ], [ 120.328245346316095, -3.767735419024703 ], [ 120.328928065932047, -3.767233449611924 ], [ 120.33012282525992, -3.766713552414847 ], [ 120.332440478692945, -3.766292256182502 ], [ 120.333554389645258, -3.766301219934249 ], [ 120.334021513592987, -3.766399821197382 ], [ 120.336195436580553, -3.76778920144461 ], [ 120.336716459445356, -3.767932621214775 ], [ 120.338782584598846, -3.767932621214775 ], [ 120.339941411315351, -3.767708527813503 ], [ 120.340839726599455, -3.767842983861193 ], [ 120.342519576180763, -3.768793139339228 ], [ 120.344379088818911, -3.770514173033916 ], [ 120.345304353561531, -3.770998213146771 ] ] } },
{ "type": "Feature", "properties": { "FID": 57, "OBJECTID": 802, "NAMOBJ": "Jaringan Tetap", "STSJRN": 1, "WADMPR": "Provinsi Sulawesi Selatan", "WADMKK": "Kabupaten Wajo", "REMARK": "Tidak Ada", "SBDATA": "Analisis Tim Penyusun, 2022", "SHAPE_Leng": 0.089432843442800003 }, "geometry": { "type": "LineString", "coordinates": [ [ 120.36307302988142, -3.753877371503826 ], [ 120.362489124946762, -3.753707057777834 ], [ 120.36196810208196, -3.753258863603355 ], [ 120.360926056352369, -3.752972019210984 ], [ 120.359246206771076, -3.751304734315537 ], [ 120.356856688115329, -3.747486102087139 ], [ 120.355473282577762, -3.743972228595305 ], [ 120.354898360795943, -3.743308893751369 ], [ 120.354206658027152, -3.741829834520021 ], [ 120.35367665200954, -3.739579866901149 ], [ 120.353739534079423, -3.738450398907164 ], [ 120.353425123729991, -3.737652599209254 ], [ 120.352140532873676, -3.736245242916845 ], [ 120.350245087624202, -3.735384692734088 ], [ 120.347819636357087, -3.732094873320423 ], [ 120.346948270531485, -3.731243283180813 ], [ 120.345915207954747, -3.727675559730353 ], [ 120.345151639963234, -3.727155639023885 ], [ 120.344316206748999, -3.726994284259386 ], [ 120.341217019018799, -3.727379742814363 ], [ 120.33895326450282, -3.726940499331308 ], [ 120.337363246449911, -3.727083925798873 ], [ 120.334497620693583, -3.726913606866034 ], [ 120.332458444998622, -3.727424563565605 ], [ 120.332090135732145, -3.728078946273613 ], [ 120.329682650770707, -3.72838372709468 ], [ 120.329377223574085, -3.728571974019622 ], [ 120.327472795171772, -3.731655632193607 ], [ 120.326781092402996, -3.734416572769844 ], [ 120.326206170621163, -3.735232303551273 ], [ 120.32606244017569, -3.736164566373064 ], [ 120.324723950402358, -3.73681894256979 ], [ 120.323654955214252, -3.737867736277912 ], [ 120.322765623082987, -3.738306974295882 ], [ 120.322567993720469, -3.738549003313812 ], [ 120.321795442576132, -3.740861721670951 ], [ 120.321633745824997, -3.743407497611317 ], [ 120.321139672418724, -3.744922410063802 ], [ 120.32083424522213, -3.745325788677249 ], [ 120.318552524400459, -3.74606979763215 ], [ 120.31604622475777, -3.746526959447314 ], [ 120.314842482277058, -3.747862587695738 ], [ 120.314797566512823, -3.748481099415199 ], [ 120.315354521988993, -3.749404384211501 ], [ 120.315489269281613, -3.750121497943672 ], [ 120.315444353517407, -3.750650368944231 ], [ 120.314564004538965, -3.752909271987595 ], [ 120.314537055080436, -3.75385944374476 ], [ 120.313818402853158, -3.753850479865088 ], [ 120.308814786720603, -3.751699146083485 ] ] } },
{ "type": "Feature", "properties": { "FID": 58, "OBJECTID": 803, "NAMOBJ": "Jaringan Tetap", "STSJRN": 1, "WADMPR": "Provinsi Sulawesi Selatan", "WADMKK": "Kabupaten Wajo", "REMARK": "Tidak Ada", "SBDATA": "Analisis Tim Penyusun, 2022", "SHAPE_Leng": 0.034033588600799997 }, "geometry": { "type": "LineString", "coordinates": [ [ 120.282745677175441, -3.763459706007671 ], [ 120.282871441315223, -3.763316285500589 ], [ 120.284829768634609, -3.763262502804344 ], [ 120.286141308949425, -3.762868096263762 ], [ 120.287668444932436, -3.761873115333909 ], [ 120.296148541214521, -3.763020480630157 ], [ 120.297136688027052, -3.762742603236131 ], [ 120.299732819198155, -3.760725748526929 ], [ 120.300172993687383, -3.76076160376251 ], [ 120.301268938334005, -3.761272540709278 ], [ 120.302230135687992, -3.761138083647062 ], [ 120.302472680814731, -3.760922952304373 ], [ 120.303577608614191, -3.757669084272837 ], [ 120.304134564090333, -3.755186096921464 ], [ 120.305607801156285, -3.752927199766166 ], [ 120.306119840868249, -3.7527479219639 ], [ 120.307655960004084, -3.753231971945571 ], [ 120.308814786720603, -3.751699146083485 ] ] } },
{ "type": "Feature", "properties": { "FID": 59, "OBJECTID": 804, "NAMOBJ": "Jaringan Tetap", "STSJRN": 1, "WADMPR": "Provinsi Sulawesi Selatan", "WADMKK": "Kabupaten Wajo", "REMARK": "Tidak Ada", "SBDATA": "Analisis Tim Penyusun, 2022", "SHAPE_Leng": 0.089019451455700005 }, "geometry": { "type": "LineString", "coordinates": [ [ 120.206838035667346, -3.740906541733874 ], [ 120.207251260698058, -3.740906541733874 ], [ 120.207718384645787, -3.741157534043875 ], [ 120.209083823877648, -3.742313890543392 ], [ 120.209559930978244, -3.742511098476229 ], [ 120.210332482122567, -3.742555918454773 ], [ 120.211140965878286, -3.742089790565823 ], [ 120.212569287180031, -3.743138577967126 ], [ 120.213126242656188, -3.743210289880318 ], [ 120.21402455794032, -3.74401704849907 ], [ 120.213799979119273, -3.744671418832731 ], [ 120.21402455794032, -3.74502997771223 ], [ 120.214976772141483, -3.744985157860325 ], [ 120.215731356980129, -3.745209257096902 ], [ 120.216189497775048, -3.745164437254177 ], [ 120.216818318473912, -3.74547817610506 ], [ 120.217141711976197, -3.745433356276106 ], [ 120.218040027260315, -3.744913446092503 ], [ 120.219890556745611, -3.744348715715613 ], [ 120.220977518239394, -3.743775020991489 ], [ 120.221768035689436, -3.742932406183991 ], [ 120.222504654222391, -3.742457314498949 ], [ 120.223501784187775, -3.742591774435955 ], [ 120.224328234249171, -3.74243938650579 ], [ 120.228846760128292, -3.738656571744781 ], [ 120.229268968311814, -3.737796023927557 ], [ 120.229628294425453, -3.737804987971671 ], [ 120.22953846289704, -3.737455390183293 ], [ 120.230293047735714, -3.737383677799222 ], [ 120.231748318495974, -3.736558984961032 ], [ 120.232287307666468, -3.736962367424406 ], [ 120.232700532697152, -3.736989259582036 ], [ 120.233068841963629, -3.736765158243263 ], [ 120.233428168077296, -3.736227314796646 ], [ 120.234748691544951, -3.735761183542887 ], [ 120.235934467719986, -3.735008201763772 ], [ 120.237021429213769, -3.73507095027004 ], [ 120.238297036917217, -3.735761183542887 ], [ 120.238800093476343, -3.73668448174729 ], [ 120.239617560384872, -3.737069936049979 ], [ 120.240794353407068, -3.738799996298879 ], [ 120.244252867250921, -3.741578842402606 ], [ 120.245285929827659, -3.742788982306228 ], [ 120.246786116352155, -3.742744162339611 ], [ 120.247953926221513, -3.743550921387785 ], [ 120.249355298064742, -3.743900516744512 ], [ 120.250091916597697, -3.743264073811359 ], [ 120.251259726467055, -3.742986190132096 ], [ 120.253227036939279, -3.743102722008328 ], [ 120.25410738591772, -3.743775020991489 ], [ 120.254269082668856, -3.744339751738439 ], [ 120.256487921420643, -3.745307860742821 ], [ 120.258077939473537, -3.74528096884049 ], [ 120.260988480994072, -3.745549887826614 ], [ 120.263647494235059, -3.746455247805829 ], [ 120.264581742130545, -3.748750017417655 ], [ 120.264653607353281, -3.749243033540699 ], [ 120.264887169327167, -3.749520915233006 ], [ 120.265048866078303, -3.749574698776156 ], [ 120.265632771012974, -3.749027899266647 ], [ 120.266001080279452, -3.748947223900231 ], [ 120.267168890148838, -3.749601590546487 ], [ 120.267447367886902, -3.749502987384555 ], [ 120.267609064638037, -3.74935956458371 ], [ 120.267689913013612, -3.748669342025602 ], [ 120.267869576070424, -3.748382496126912 ], [ 120.268812807118763, -3.748014974681721 ], [ 120.270438757783012, -3.748454207610405 ], [ 120.270932831189285, -3.748292856764277 ], [ 120.271831146473417, -3.748364568255119 ], [ 120.273861339015497, -3.748741053485573 ], [ 120.276789846841737, -3.749610554469748 ], [ 120.278128336615069, -3.749520915233006 ], [ 120.279763270432184, -3.748570738758539 ] ] } },
{ "type": "Feature", "properties": { "FID": 60, "OBJECTID": 805, "NAMOBJ": "Jaringan Tetap", "STSJRN": 1, "WADMPR": "Provinsi Sulawesi Selatan", "WADMKK": "Kabupaten Wajo", "REMARK": "Tidak Ada", "SBDATA": "Analisis Tim Penyusun, 2022", "SHAPE_Leng": 0.095034880174799996 }, "geometry": { "type": "LineString", "coordinates": [ [ 120.264249365475436, -3.766453603699836 ], [ 120.263611561623705, -3.767036247263389 ], [ 120.263135454523123, -3.767923657479832 ], [ 120.26102441360544, -3.769079978524868 ], [ 120.260386609753724, -3.769644692895133 ], [ 120.260144064626999, -3.770245261743659 ], [ 120.260251862461089, -3.770684483474725 ], [ 120.25978473851336, -3.77118645089565 ], [ 120.258706760172416, -3.771455361894764 ], [ 120.257026910591122, -3.77262064192946 ], [ 120.255805201804719, -3.772781988272644 ], [ 120.25513146534162, -3.773230172402056 ], [ 120.254188234293295, -3.774637469065456 ], [ 120.253227036939279, -3.775569689803432 ], [ 120.253065340188144, -3.77724589188152 ], [ 120.252454485794956, -3.778052619000444 ], [ 120.251906513471624, -3.778393236892125 ], [ 120.25141244006538, -3.778249818848769 ], [ 120.250855484589209, -3.777685110072611 ], [ 120.249543944274393, -3.775085652237476 ], [ 120.248519864850493, -3.774126539967219 ], [ 120.248178505042546, -3.773454264380059 ], [ 120.24643577339134, -3.772369658669402 ], [ 120.244234900945244, -3.770236298032551 ], [ 120.243525231870805, -3.770119769779741 ], [ 120.243345568813979, -3.769277180410119 ], [ 120.242905394324751, -3.76824635187958 ], [ 120.2417825002196, -3.768040186026882 ], [ 120.241153679520735, -3.767376869473697 ], [ 120.240012819109893, -3.767260340837807 ], [ 120.239482813092252, -3.766435676199386 ], [ 120.238180255930288, -3.765619974538343 ], [ 120.237452620550144, -3.765494481907261 ], [ 120.237263974340479, -3.765584119502736 ], [ 120.236302776986463, -3.766139872388667 ], [ 120.235377512243844, -3.767036247263389 ], [ 120.233284437631838, -3.76721552212754 ], [ 120.232332223430674, -3.767529253050929 ], [ 120.2312272956312, -3.767358941992268 ], [ 120.230293047735714, -3.766731479909571 ], [ 120.230409828722642, -3.765835104720965 ], [ 120.230328980347082, -3.764642924289945 ], [ 120.230535592862424, -3.763244575238192 ], [ 120.231209329325523, -3.761505599567979 ], [ 120.231263228242568, -3.760698857099276 ], [ 120.231110514644271, -3.760277557957727 ], [ 120.230508643403894, -3.760187919816236 ], [ 120.229870839552191, -3.760367196090003 ], [ 120.229421681910111, -3.760797458996617 ], [ 120.228909642198175, -3.761891042928282 ], [ 120.228505400320302, -3.762204775770107 ], [ 120.227265725228222, -3.762276486118092 ], [ 120.226331477332764, -3.762052391261044 ], [ 120.224966038100874, -3.762912915197822 ], [ 120.224534846764513, -3.76293980655715 ], [ 120.222989744475839, -3.761756585961493 ], [ 120.222262109095681, -3.761926898115922 ], [ 120.220968535086556, -3.762697784293309 ], [ 120.22035768069334, -3.763432814664391 ], [ 120.219477331714899, -3.763970641372222 ], [ 120.219243769741041, -3.764356083641863 ], [ 120.218138841941567, -3.764723598205195 ], [ 120.217222560351786, -3.765368989258089 ], [ 120.217015947836416, -3.765709612120897 ], [ 120.21615356516368, -3.766023343587146 ], [ 120.214877957460217, -3.76584406847742 ], [ 120.214329985136914, -3.765969561058105 ], [ 120.21391676010623, -3.765431735584937 ], [ 120.213018444822097, -3.764974583671501 ], [ 120.210772656611809, -3.765153858960282 ], [ 120.210628926166351, -3.76528831540264 ], [ 120.210655875624866, -3.765575155743603 ], [ 120.210350448428244, -3.765745467151333 ], [ 120.208670598846965, -3.764382974956636 ], [ 120.208463986331623, -3.764033387799836 ], [ 120.208032794995219, -3.763854112280376 ], [ 120.206182265509952, -3.764660851827314 ], [ 120.205742091020724, -3.764517431518037 ], [ 120.202750701124614, -3.764589141675629 ], [ 120.202400358163786, -3.764867018480515 ], [ 120.201816453229128, -3.764920801077668 ], [ 120.201331362975708, -3.765395880541577 ], [ 120.200370165621706, -3.764858054713998 ], [ 120.199947957438155, -3.764329192326263 ], [ 120.199211338905187, -3.76390789494009 ], [ 120.198501669830719, -3.763854112280376 ], [ 120.197244028432962, -3.764069242899299 ], [ 120.196201982703386, -3.763665872945228 ] ] } },
{ "type": "Feature", "properties": { "FID": 61, "OBJECTID": 806, "NAMOBJ": "Jaringan Tetap", "STSJRN": 1, "WADMPR": "Provinsi Sulawesi Selatan", "WADMKK": "Kabupaten Wajo", "REMARK": "Tidak Ada", "SBDATA": "Analisis Tim Penyusun, 2022", "SHAPE_Leng": 0.058102487097799999 }, "geometry": { "type": "LineString", "coordinates": [ [ 120.282745677175441, -3.763459706007671 ], [ 120.282000075489648, -3.762312341289872 ], [ 120.281380237943594, -3.762034463669991 ], [ 120.277957656711095, -3.761442852958306 ], [ 120.277822909418475, -3.761227721690845 ], [ 120.27776901050143, -3.760385123715352 ], [ 120.277598330597456, -3.760313413211744 ], [ 120.275819666334883, -3.759954860605224 ], [ 120.2753166097758, -3.760161028371991 ], [ 120.274651856465539, -3.760860205652754 ], [ 120.27360082758311, -3.760582327569856 ], [ 120.272307253573985, -3.760707820908586 ], [ 120.271911994848978, -3.761030517982356 ], [ 120.271642500263724, -3.761532490970742 ], [ 120.271453854054059, -3.76190000672533 ], [ 120.271453854054059, -3.762366124044775 ], [ 120.271597584499517, -3.762733639447749 ], [ 120.272540815547856, -3.763800329617343 ], [ 120.272873192202994, -3.765763394665998 ], [ 120.272370135643868, -3.767269304579583 ], [ 120.271301140455762, -3.768344952922296 ], [ 120.270789100743826, -3.768551118702766 ], [ 120.269360779442067, -3.767726455287729 ], [ 120.26827381794827, -3.767851947596966 ], [ 120.26724075537156, -3.768327025460815 ], [ 120.266710749353919, -3.768380807844149 ], [ 120.266279558017544, -3.767708527813503 ], [ 120.265749551999903, -3.767430651915766 ], [ 120.265093781842509, -3.766695624919752 ], [ 120.263764275222016, -3.766355002442797 ], [ 120.263126471370285, -3.765897851014215 ], [ 120.263000707230503, -3.765745467151333 ], [ 120.262991724077665, -3.764275409692567 ], [ 120.260260845613928, -3.763970641372222 ], [ 120.259703890137786, -3.763549343812605 ], [ 120.258050990014993, -3.763370068193511 ], [ 120.257871326958181, -3.761801404952728 ], [ 120.258859473770713, -3.757176072906019 ], [ 120.258149804696274, -3.755365374223156 ], [ 120.258616928644003, -3.754352456984976 ], [ 120.258311501447409, -3.752703102507585 ], [ 120.256712500241662, -3.751824640699588 ], [ 120.256200460529726, -3.751206131345734 ], [ 120.256236393141094, -3.750641405031632 ], [ 120.256874196992797, -3.749870508204325 ], [ 120.25650588772632, -3.748203217392454 ], [ 120.256092662695636, -3.747826731930472 ], [ 120.255921982791648, -3.747082724469543 ], [ 120.256290292058139, -3.745218221065173 ] ] } },
{ "type": "Feature", "properties": { "FID": 62, "OBJECTID": 807, "NAMOBJ": "Jaringan Tetap", "STSJRN": 1, "WADMPR": "Provinsi Sulawesi Selatan", "WADMKK": "Kabupaten Wajo", "REMARK": "Tidak Ada", "SBDATA": "Analisis Tim Penyusun, 2022", "SHAPE_Leng": 0.036576189084699999 }, "geometry": { "type": "LineString", "coordinates": [ [ 120.199399985114852, -4.219717285364927 ], [ 120.200244401481925, -4.216653369229046 ], [ 120.200765424346713, -4.215488719575585 ], [ 120.201564924949579, -4.214485327705642 ], [ 120.203334606059286, -4.21158265107762 ], [ 120.205328865990026, -4.209808787806935 ], [ 120.209029924960603, -4.205347235047997 ], [ 120.211320628935098, -4.204030265795033 ], [ 120.212371657817528, -4.203241874973384 ], [ 120.213350821477221, -4.202973105192861 ], [ 120.213835911730655, -4.202650581333934 ], [ 120.214527614499417, -4.201790517057939 ], [ 120.216108649399473, -4.200410828634121 ], [ 120.217995111496109, -4.198233782847185 ], [ 120.221094299226337, -4.195940263022216 ], [ 120.221238029671795, -4.195707327038158 ], [ 120.221381760117239, -4.194497850619558 ], [ 120.222127361803075, -4.192714989373492 ] ] } },
{ "type": "Feature", "properties": { "FID": 63, "OBJECTID": 808, "NAMOBJ": "Jaringan Tetap", "STSJRN": 1, "WADMPR": "Provinsi Sulawesi Selatan", "WADMKK": "Kabupaten Wajo", "REMARK": "Tidak Ada", "SBDATA": "Analisis Tim Penyusun, 2022", "SHAPE_Leng": 0.06976695545 }, "geometry": { "type": "LineString", "coordinates": [ [ 120.225199600074774, -4.191120265818115 ], [ 120.225981134371935, -4.19032290282062 ], [ 120.226124864817393, -4.188468358772166 ], [ 120.227427421979385, -4.186595891963796 ], [ 120.227705899717463, -4.185332646275507 ], [ 120.228244888887914, -4.184445685318981 ], [ 120.228559299237347, -4.18351392727261 ], [ 120.229026423185104, -4.182635923483867 ], [ 120.229529479744201, -4.182591127345813 ], [ 120.230167283595947, -4.182268595076221 ], [ 120.229996603691959, -4.181345793682695 ], [ 120.23009541837321, -4.180602176235186 ], [ 120.231523739674955, -4.178738649894412 ], [ 120.232188492985216, -4.177475391539081 ], [ 120.232484937028971, -4.176561543801109 ], [ 120.232520869640325, -4.175477468143495 ], [ 120.232790364225565, -4.174420268952531 ], [ 120.232691549544313, -4.174276919800065 ], [ 120.233329353396044, -4.172332744335251 ], [ 120.233473083841503, -4.171320337694441 ], [ 120.233221555561954, -4.170236254800699 ], [ 120.233571898522754, -4.1693761549119 ], [ 120.234039022470483, -4.168820673233477 ], [ 120.232098661456803, -4.167252779281768 ], [ 120.230311014041391, -4.166894403082403 ], [ 120.228325737263489, -4.165837192342844 ], [ 120.226349443638441, -4.165398180686007 ], [ 120.22455281307019, -4.164323049063279 ], [ 120.222226176484327, -4.163713807158351 ], [ 120.220178017636528, -4.162620754323362 ], [ 120.219369533880808, -4.162441565189218 ], [ 120.21809392617736, -4.161868159685901 ], [ 120.217105779364829, -4.160945334327231 ], [ 120.21615356516368, -4.161088685910203 ], [ 120.21572237382729, -4.161402267406982 ], [ 120.213629299215285, -4.161518740502553 ], [ 120.211194864795331, -4.160443603581359 ], [ 120.209748577187909, -4.159198234813205 ], [ 120.207377024837825, -4.158141013738554 ], [ 120.206811086208816, -4.158141013738554 ], [ 120.205921754077565, -4.158436677402299 ], [ 120.204888691500827, -4.157961823585331 ], [ 120.204295803413288, -4.157863268983692 ], [ 120.203891561535443, -4.158051418667035 ], [ 120.203145959849621, -4.158956328421273 ], [ 120.201969166827425, -4.159153437338821 ], [ 120.195752825061334, -4.156877722289547 ], [ 120.194809594012995, -4.156214717456607 ], [ 120.194315520606722, -4.156107203106838 ] ] } },
{ "type": "Feature", "properties": { "FID": 64, "OBJECTID": 809, "NAMOBJ": "Jaringan Tetap", "STSJRN": 1, "WADMPR": "Provinsi Sulawesi Selatan", "WADMKK": "Kabupaten Wajo", "REMARK": "Tidak Ada", "SBDATA": "Analisis Tim Penyusun, 2022", "SHAPE_Leng": 0.019544485025499998 }, "geometry": { "type": "LineString", "coordinates": [ [ 120.233329353396044, -4.172332744335251 ], [ 120.237452620550144, -4.174097733322676 ], [ 120.23849466627972, -4.173649766950279 ], [ 120.239581627773504, -4.173936465458057 ], [ 120.24732510552262, -4.177233490770861 ], [ 120.247774263164672, -4.177564984397271 ], [ 120.251313625384128, -4.178944713121047 ] ] } },
{ "type": "Feature", "properties": { "FID": 65, "OBJECTID": 810, "NAMOBJ": "Jaringan Tetap", "STSJRN": 1, "WADMPR": "Provinsi Sulawesi Selatan", "WADMKK": "Kabupaten Wajo", "REMARK": "Tidak Ada", "SBDATA": "Analisis Tim Penyusun, 2022", "SHAPE_Leng": 0.037750124927299997 }, "geometry": { "type": "LineString", "coordinates": [ [ 120.251313625384128, -4.178944713121047 ], [ 120.252580249934724, -4.179455391318883 ], [ 120.258509130809912, -4.179643535834243 ], [ 120.261114245133854, -4.179204531894841 ], [ 120.26363851108222, -4.178541545887834 ], [ 120.264545809519191, -4.178451953141194 ], [ 120.266656850436874, -4.178846161149846 ], [ 120.268687042978982, -4.178586342257315 ], [ 120.27044774093585, -4.179123898491498 ], [ 120.272998956342761, -4.180440909707698 ], [ 120.273088787871174, -4.180987423916548 ], [ 120.274615923854171, -4.181955021909054 ], [ 120.274993216273486, -4.183083884723527 ], [ 120.276125093531476, -4.183200354603882 ], [ 120.277256970789466, -4.18385437745653 ], [ 120.278649359479871, -4.183639356304956 ], [ 120.280050731323101, -4.184356093247307 ], [ 120.282260586922035, -4.185180339920077 ], [ 120.282853475009546, -4.185036992734962 ], [ 120.28368890822378, -4.183433294312641 ], [ 120.285090280066996, -4.183719989243713 ] ] } },
{ "type": "Feature", "properties": { "FID": 66, "OBJECTID": 811, "NAMOBJ": "Jaringan Tetap", "STSJRN": 1, "WADMPR": "Provinsi Sulawesi Selatan", "WADMKK": "Kabupaten Wajo", "REMARK": "Tidak Ada", "SBDATA": "Analisis Tim Penyusun, 2022", "SHAPE_Leng": 0.058376433931799997 }, "geometry": { "type": "LineString", "coordinates": [ [ 120.238970773380316, -4.201378402589551 ], [ 120.232341206583513, -4.196809292811143 ], [ 120.230769154836281, -4.194614318800609 ], [ 120.228235905735076, -4.193234617694359 ], [ 120.227202843158338, -4.192105769522874 ], [ 120.225289431603173, -4.19103963364184 ], [ 120.223456868423568, -4.192159524234675 ], [ 120.222127361803075, -4.192714989373492 ], [ 120.220276832317779, -4.191209857115336 ], [ 120.218686814264899, -4.190340821099157 ], [ 120.215964918954, -4.189462824968078 ], [ 120.212191994760701, -4.18767995224105 ], [ 120.209452133144154, -4.185879157071682 ], [ 120.207305159615103, -4.18366623395213 ], [ 120.205265983920143, -4.18240298353802 ], [ 120.203002229404163, -4.18151601926421 ], [ 120.202642903290524, -4.17994815066815 ], [ 120.201969166827425, -4.179132857758945 ], [ 120.196157066939179, -4.179177654094649 ], [ 120.195097054903911, -4.178711772078249 ], [ 120.194144840702734, -4.178702812805992 ], [ 120.193435171628309, -4.178514668064917 ], [ 120.192294311217466, -4.177744170082951 ], [ 120.190210219758313, -4.177269327926416 ] ] } },
{ "type": "Feature", "properties": { "FID": 67, "OBJECTID": 812, "NAMOBJ": "Jaringan Tetap", "STSJRN": 1, "WADMPR": "Provinsi Sulawesi Selatan", "WADMKK": "Kabupaten Wajo", "REMARK": "Tidak Ada", "SBDATA": "Analisis Tim Penyusun, 2022", "SHAPE_Leng": 0.050839877340700002 }, "geometry": { "type": "LineString", "coordinates": [ [ 120.313692638713377, -3.943370802506934 ], [ 120.310288023786569, -3.943039212684765 ], [ 120.307611044239877, -3.941596347324078 ], [ 120.304781351094917, -3.939069086436222 ], [ 120.302984720526666, -3.939723307189823 ], [ 120.302445731356201, -3.939812926431077 ], [ 120.301637247600496, -3.93965161178987 ], [ 120.301286904639696, -3.939149743817207 ], [ 120.300936561678867, -3.937151230852226 ], [ 120.301143174194209, -3.935170637036949 ], [ 120.301044359512957, -3.934865929878058 ], [ 120.299625021364051, -3.934050389580881 ], [ 120.299238745791897, -3.933467860308417 ], [ 120.298942301748141, -3.933306544437884 ], [ 120.297855340254358, -3.932876368630461 ], [ 120.29036339078479, -3.932553736629174 ], [ 120.289572873334762, -3.932240066508191 ], [ 120.28843201292392, -3.931505181762529 ], [ 120.287452849264227, -3.928502901988396 ], [ 120.28592571328123, -3.926576060023145 ], [ 120.285772999682933, -3.92617276695583 ], [ 120.284865701245977, -3.922865756456821 ], [ 120.285117229525525, -3.922157749797554 ], [ 120.285144178984041, -3.921046446996161 ], [ 120.28433569522835, -3.919164398559793 ], [ 120.284093150101626, -3.918886572003238 ], [ 120.279754287279346, -3.916583296674559 ] ] } },
{ "type": "Feature", "properties": { "FID": 68, "OBJECTID": 813, "NAMOBJ": "Jaringan Tetap", "STSJRN": 1, "WADMPR": "Provinsi Sulawesi Selatan", "WADMKK": "Kabupaten Wajo", "REMARK": "Tidak Ada", "SBDATA": "Analisis Tim Penyusun, 2022", "SHAPE_Leng": 0.0204624358037 }, "geometry": { "type": "LineString", "coordinates": [ [ 120.323942416105183, -3.828856982500013 ], [ 120.325559383616593, -3.828910761110989 ], [ 120.326107355939897, -3.828525347657671 ], [ 120.32843399252576, -3.829466473226597 ], [ 120.329440105643982, -3.830524117869196 ], [ 120.331084022613936, -3.829986332621035 ], [ 120.332745905889539, -3.829995295711274 ], [ 120.335665430562941, -3.831339758183887 ], [ 120.336842223585137, -3.832370511315454 ], [ 120.339016146572703, -3.833275780432564 ], [ 120.342465677263718, -3.834288605140526 ] ] } },
{ "type": "Feature", "properties": { "FID": 69, "OBJECTID": 814, "NAMOBJ": "Jaringan Tetap", "STSJRN": 1, "WADMPR": "Provinsi Sulawesi Selatan", "WADMKK": "Kabupaten Wajo", "REMARK": "Tidak Ada", "SBDATA": "Analisis Tim Penyusun, 2022", "SHAPE_Leng": 0.046233101998700003 }, "geometry": { "type": "LineString", "coordinates": [ [ 120.369873276582211, -3.807031551185931 ], [ 120.367007650825855, -3.805462967013653 ], [ 120.365246952868986, -3.805462967013653 ], [ 120.364366603890545, -3.805696013985654 ], [ 120.363791682108726, -3.805687050641744 ], [ 120.362363360806953, -3.804145354101472 ], [ 120.36196810208196, -3.802603654802849 ], [ 120.361689624343882, -3.802209266167247 ], [ 120.360881140588162, -3.801599756102815 ], [ 120.359147392089824, -3.799816040350921 ], [ 120.360027741068251, -3.798166772253448 ], [ 120.359785195941541, -3.797539332475659 ], [ 120.359848078011424, -3.796876038500369 ], [ 120.359039594255719, -3.7956839007503 ], [ 120.358967729032983, -3.794724811290654 ], [ 120.358662301836389, -3.793918099705677 ], [ 120.358806032281848, -3.792672177000083 ], [ 120.358302975722751, -3.790664355335748 ], [ 120.358671284989228, -3.789490136041162 ], [ 120.358249076805706, -3.788262134005085 ], [ 120.356694991364165, -3.78715065620713 ], [ 120.35505107439424, -3.786854859455907 ], [ 120.352347145389047, -3.784640862381634 ], [ 120.352221381249251, -3.781216774791553 ], [ 120.351709341537315, -3.780078397125423 ], [ 120.350200171859996, -3.778886236235334 ], [ 120.34463061709846, -3.777012837240876 ] ] } },
{ "type": "Feature", "properties": { "FID": 70, "OBJECTID": 815, "NAMOBJ": "Jaringan Tetap", "STSJRN": 1, "WADMPR": "Provinsi Sulawesi Selatan", "WADMKK": "Kabupaten Wajo", "REMARK": "Tidak Ada", "SBDATA": "Analisis Tim Penyusun, 2022", "SHAPE_Leng": 0.038721074025499999 }, "geometry": { "type": "LineString", "coordinates": [ [ 120.426826465595383, -3.740368700827512 ], [ 120.425703571490232, -3.740422484933001 ], [ 120.424562711079403, -3.739409550392047 ], [ 120.423529648502651, -3.739185449671764 ], [ 120.422685232135606, -3.739517118717435 ], [ 120.421822849462842, -3.739463334556391 ], [ 120.420187915645727, -3.738835852433738 ], [ 120.419307566667314, -3.738020125002946 ], [ 120.418022975810999, -3.737383677799222 ], [ 120.414483613591571, -3.737778095839051 ], [ 120.413989540185312, -3.73731196540929 ], [ 120.412399522132418, -3.736415560040467 ], [ 120.411977313948881, -3.735859788251833 ], [ 120.411222729110222, -3.735528117823153 ], [ 120.410315430673279, -3.734730315467803 ], [ 120.40961474475165, -3.733654625750833 ], [ 120.408653547397634, -3.733045067659527 ], [ 120.407512686986806, -3.731799057891819 ], [ 120.406129281449267, -3.730866790434892 ], [ 120.404108072059998, -3.729880737240601 ], [ 120.400865153884325, -3.72865265126083 ], [ 120.399589546180877, -3.728805041585133 ], [ 120.397694100931403, -3.728500260910112 ], [ 120.396786802494432, -3.727881735097804 ], [ 120.395879504057461, -3.727783129493315 ], [ 120.393831345209676, -3.727209423938809 ], [ 120.393103709829518, -3.72639368570917 ] ] } },
{ "type": "Feature", "properties": { "FID": 71, "OBJECTID": 816, "NAMOBJ": "Jaringan Tetap", "STSJRN": 1, "WADMPR": "Provinsi Sulawesi Selatan", "WADMKK": "Kabupaten Wajo", "REMARK": "Tidak Ada", "SBDATA": "Analisis Tim Penyusun, 2022", "SHAPE_Leng": 0.043399386337499998 }, "geometry": { "type": "LineString", "coordinates": [ [ 120.396014251350081, -3.72378511112947 ], [ 120.396301712240998, -3.724269177099652 ], [ 120.396517307909178, -3.724322962191018 ], [ 120.397065280232511, -3.724278141281774 ], [ 120.397891730293907, -3.724493281625328 ], [ 120.399149371691664, -3.724331926372592 ], [ 120.400550743534893, -3.724690493560724 ], [ 120.400838204425796, -3.724412604002659 ], [ 120.402041946906522, -3.724125750173275 ], [ 120.402482121395749, -3.724340890554076 ], [ 120.403479251361134, -3.72560483922922 ], [ 120.404359600339546, -3.725954441733739 ], [ 120.405572325973111, -3.725918585073001 ], [ 120.408905075677183, -3.725461412520516 ], [ 120.409713559432902, -3.725497269199884 ], [ 120.411501206848314, -3.726402649869649 ], [ 120.413064275442665, -3.727729344613479 ], [ 120.413908691809752, -3.727908627533473 ], [ 120.414672259801236, -3.727666595582845 ], [ 120.41494175438649, -3.727370778663839 ], [ 120.415570575085354, -3.726035119215054 ], [ 120.416864149094494, -3.725120773993651 ], [ 120.418427217688873, -3.723193474582229 ], [ 120.420134016728682, -3.723157617809012 ], [ 120.421580304336132, -3.722377732630305 ], [ 120.423224221306057, -3.722306019015978 ], [ 120.423951856686216, -3.721355813074901 ], [ 120.424625593149287, -3.72127513516477 ], [ 120.424975936110116, -3.721337884651067 ], [ 120.425568824197612, -3.722243269598653 ], [ 120.426206628049357, -3.722781121602079 ], [ 120.427338505307347, -3.723085904258198 ], [ 120.428021224923256, -3.723032119091255 ], [ 120.428416483648292, -3.722548052440926 ], [ 120.428173938521553, -3.721104815108006 ], [ 120.428209871132921, -3.720405606108874 ], [ 120.430581423483019, -3.719132685737311 ] ] } },
{ "type": "Feature", "properties": { "FID": 72, "OBJECTID": 817, "NAMOBJ": "Jaringan Tetap", "STSJRN": 1, "WADMPR": "Provinsi Sulawesi Selatan", "WADMKK": "Kabupaten Wajo", "REMARK": "Tidak Ada", "SBDATA": "Analisis Tim Penyusun, 2022", "SHAPE_Leng": 0.0092672715039599993 }, "geometry": { "type": "LineString", "coordinates": [ [ 120.417546868710431, -3.702127369213327 ], [ 120.418283487243414, -3.70053170333141 ], [ 120.41903807208206, -3.699706976018521 ], [ 120.421499455960543, -3.699034643402001 ], [ 120.423152356083335, -3.697905123458059 ], [ 120.423161339236174, -3.697510687583032 ], [ 120.424284233341325, -3.696605277297136 ] ] } },
{ "type": "Feature", "properties": { "FID": 73, "OBJECTID": 818, "NAMOBJ": "Jaringan Tetap", "STSJRN": 1, "WADMPR": "Provinsi Sulawesi Selatan", "WADMKK": "Kabupaten Wajo", "REMARK": "Tidak Ada", "SBDATA": "Analisis Tim Penyusun, 2022", "SHAPE_Leng": 0.010724498350799999 }, "geometry": { "type": "LineString", "coordinates": [ [ 120.41663957027346, -3.701706041984509 ], [ 120.418454167147388, -3.697860301208372 ], [ 120.421885731532726, -3.697914087907725 ], [ 120.423835075699273, -3.696372201232336 ], [ 120.424284233341325, -3.696605277297136 ] ] } },
{ "type": "Feature", "properties": { "FID": 74, "OBJECTID": 819, "NAMOBJ": "Jaringan Tetap", "STSJRN": 1, "WADMPR": "Provinsi Sulawesi Selatan", "WADMKK": "Kabupaten Wajo", "REMARK": "Tidak Ada", "SBDATA": "Analisis Tim Penyusun, 2022", "SHAPE_Leng": 0.0118191026526 }, "geometry": { "type": "LineString", "coordinates": [ [ 120.419981303130385, -3.70327481256469 ], [ 120.42037656185542, -3.702324586145171 ], [ 120.421211995069626, -3.702539731838905 ], [ 120.422325906021939, -3.702539731838905 ], [ 120.423385918057207, -3.702485945420372 ], [ 120.423906940922009, -3.702234942090687 ], [ 120.424059654520306, -3.701804650502838 ], [ 120.423996772450408, -3.701284714555243 ], [ 120.424418980633945, -3.700988888793651 ], [ 120.424167452354396, -3.700316557149888 ], [ 120.424517795315197, -3.699160145529139 ], [ 120.424176435507235, -3.698846390177969 ], [ 120.424634576302125, -3.697923052357301 ], [ 120.425020851874308, -3.697492758675452 ], [ 120.426287476424918, -3.696641135147822 ] ] } },
{ "type": "Feature", "properties": { "FID": 75, "OBJECTID": 820, "NAMOBJ": "Jaringan Tetap", "STSJRN": 1, "WADMPR": "Provinsi Sulawesi Selatan", "WADMKK": "Kabupaten Wajo", "REMARK": "Tidak Ada", "SBDATA": "Analisis Tim Penyusun, 2022", "SHAPE_Leng": 0.060194122756299998 }, "geometry": { "type": "LineString", "coordinates": [ [ 120.358841964893216, -3.658379986731802 ], [ 120.359075526867073, -3.659168892943108 ], [ 120.358967729032983, -3.659697818309422 ], [ 120.359120442631308, -3.660764632928526 ], [ 120.358545520849461, -3.661616290745842 ], [ 120.358410773556841, -3.661947988834446 ], [ 120.358500605085254, -3.662351405263062 ], [ 120.358806032281848, -3.662647243861833 ], [ 120.360063673679605, -3.66311341357661 ], [ 120.360476898710317, -3.663463040703344 ], [ 120.36169860749672, -3.663364427937838 ], [ 120.36342337284222, -3.663830597279034 ], [ 120.363989311471229, -3.66469121696315 ], [ 120.366055436624706, -3.666260052798545 ], [ 120.366738156240629, -3.66714756442364 ], [ 120.367007650825855, -3.670240401078912 ], [ 120.366747139393468, -3.673422873994079 ], [ 120.367690370441792, -3.675995738167777 ], [ 120.367807151428721, -3.678120362569526 ], [ 120.370223619542998, -3.677752811874889 ], [ 120.376628607518782, -3.678326549478204 ], [ 120.379323553371137, -3.676829452144182 ], [ 120.379997289834236, -3.676264678245332 ], [ 120.38199154976499, -3.675359246327799 ], [ 120.384039708612761, -3.674131084733195 ], [ 120.390884871077773, -3.670527272342031 ], [ 120.391971832571528, -3.669765270346707 ], [ 120.392717434257364, -3.668967408737377 ], [ 120.394082873489225, -3.666654502518462 ], [ 120.397020364468304, -3.666726220630661 ], [ 120.398412753158681, -3.666430383380765 ] ] } },
{ "type": "Feature", "properties": { "FID": 76, "OBJECTID": 821, "NAMOBJ": "Jaringan Tetap", "STSJRN": 1, "WADMPR": "Provinsi Sulawesi Selatan", "WADMKK": "Kabupaten Wajo", "REMARK": "Tidak Ada", "SBDATA": "Analisis Tim Penyusun, 2022", "SHAPE_Leng": 0.059859692816200002 }, "geometry": { "type": "LineString", "coordinates": [ [ 120.406273011894726, -3.694731702582128 ], [ 120.404602145466271, -3.696820424379504 ], [ 120.403703830182153, -3.696354272301739 ], [ 120.402958228496317, -3.696829388840135 ], [ 120.402580936077001, -3.696578383908169 ], [ 120.402221609963362, -3.696676992997058 ], [ 120.400739389744544, -3.695753652917249 ], [ 120.400478878312157, -3.695448860835233 ], [ 120.399670394556438, -3.695126139693076 ], [ 120.399616495639393, -3.695278535802613 ], [ 120.399023607551896, -3.695466789784133 ], [ 120.397756983001287, -3.696372201232336 ], [ 120.396445442686456, -3.696883175602029 ], [ 120.396113066031333, -3.697250718387639 ], [ 120.395547127402352, -3.697349327401762 ], [ 120.394927289856298, -3.697259682843921 ], [ 120.394496098519923, -3.696945926820112 ], [ 120.394028974572166, -3.696838353300678 ], [ 120.39287014785566, -3.696883175602029 ], [ 120.39216946193406, -3.69656045498174 ], [ 120.39103758467607, -3.696399094627555 ], [ 120.390471646047061, -3.696954891279476 ], [ 120.389510448693045, -3.69685628222149 ], [ 120.388845695382813, -3.696210840843902 ], [ 120.388576200797559, -3.695081317302936 ], [ 120.387641952902101, -3.694292442865843 ], [ 120.387040081661723, -3.693180845877828 ], [ 120.386402277810021, -3.693100165397089 ], [ 120.384938023896879, -3.69344081626588 ], [ 120.384596664088932, -3.693862147422739 ], [ 120.383743264569006, -3.696551490518388 ], [ 120.383491736289457, -3.696963855738749 ], [ 120.382979696577522, -3.697062464784773 ], [ 120.382566471546809, -3.69685628222149 ], [ 120.382189179127494, -3.696408059092446 ], [ 120.379673896331965, -3.694857205318268 ], [ 120.378344389711444, -3.694498626025056 ], [ 120.377562855414268, -3.694453803603215 ], [ 120.376844203186963, -3.694695844654256 ], [ 120.373232975744813, -3.694032472727248 ], [ 120.373053312688, -3.693862147422739 ], [ 120.372801784408452, -3.69171066707829 ], [ 120.372523306670345, -3.690948683206142 ], [ 120.371849570207274, -3.69033013111156 ], [ 120.371580075622049, -3.689200600088416 ], [ 120.37125668211975, -3.688519294967538 ], [ 120.370547013045311, -3.68799935123444 ], [ 120.370034973333347, -3.687927634833592 ], [ 120.369828360818005, -3.686932569174799 ], [ 120.370115821708907, -3.685704423538042 ], [ 120.369900226040727, -3.685058974056405 ], [ 120.368714449865692, -3.684090798955913 ], [ 120.367995797638386, -3.682728180363315 ], [ 120.367807151428721, -3.681948259572342 ], [ 120.367932915568502, -3.679348518669192 ], [ 120.367807151428721, -3.678120362569526 ] ] } },
{ "type": "Feature", "properties": { "FID": 77, "OBJECTID": 822, "NAMOBJ": "Jaringan Tetap", "STSJRN": 1, "WADMPR": "Provinsi Sulawesi Selatan", "WADMKK": "Kabupaten Wajo", "REMARK": "Tidak Ada", "SBDATA": "Analisis Tim Penyusun, 2022", "SHAPE_Leng": 0.062217101409399997 }, "geometry": { "type": "LineString", "coordinates": [ [ 120.35832992518128, -3.694910992199752 ], [ 120.358365857792634, -3.694444839118576 ], [ 120.357224997381806, -3.691638950977018 ], [ 120.354682765127748, -3.69030323753246 ], [ 120.354251573791359, -3.68989086921764 ], [ 120.353191561756105, -3.688259323139008 ], [ 120.352643589432802, -3.687730414701428 ], [ 120.352212398096398, -3.68653812842526 ], [ 120.350981706157157, -3.686331943418367 ], [ 120.34985881205202, -3.685829927549528 ], [ 120.34969711530087, -3.6856327069521 ], [ 120.349499485938367, -3.684772107469799 ], [ 120.34958931746678, -3.68358878182241 ], [ 120.348753884252545, -3.682360631569934 ], [ 120.348511339125835, -3.681652427369456 ], [ 120.348708968488339, -3.678676170649117 ], [ 120.349032361990638, -3.678057610022635 ], [ 120.350406784375338, -3.677636271379091 ], [ 120.351727307842992, -3.67701771003097 ], [ 120.352481892681666, -3.675556469200021 ], [ 120.352904100865189, -3.673915932163031 ], [ 120.352913084018027, -3.672006450829914 ], [ 120.352086633956631, -3.670876896569378 ], [ 120.35107153768557, -3.670590025418556 ], [ 120.3486999853355, -3.670195577435726 ], [ 120.346355382443946, -3.671011367389605 ], [ 120.345421134548459, -3.671674756473029 ], [ 120.345160623116072, -3.672203674443154 ], [ 120.343588571368869, -3.672069203802488 ], [ 120.34212431745577, -3.673225650650222 ], [ 120.341423631534141, -3.674821365545557 ], [ 120.340722945612512, -3.674946871090424 ], [ 120.340076158607971, -3.675404069711679 ], [ 120.33908801179544, -3.677994857471324 ], [ 120.338809534057361, -3.679223013743955 ], [ 120.337596808423797, -3.682037905675021 ], [ 120.337497993742531, -3.682593711310169 ], [ 120.3377944377863, -3.684816930380053 ], [ 120.338701736223271, -3.685838892121099 ], [ 120.339456321061917, -3.687622840065441 ], [ 120.339528186284639, -3.690805250874745 ] ] } },
{ "type": "Feature", "properties": { "FID": 78, "OBJECTID": 823, "NAMOBJ": "Jaringan Tetap", "STSJRN": 1, "WADMPR": "Provinsi Sulawesi Selatan", "WADMKK": "Kabupaten Wajo", "REMARK": "Tidak Ada", "SBDATA": "Analisis Tim Penyusun, 2022", "SHAPE_Leng": 0.0079435213560700001 }, "geometry": { "type": "LineString", "coordinates": [ [ 120.026393444546258, -4.121863138821693 ], [ 120.028064310974727, -4.122427613409315 ], [ 120.030408913866282, -4.122866648922583 ], [ 120.031244347080516, -4.122338014295185 ], [ 120.032735550452145, -4.122553052152136 ], [ 120.034029124461284, -4.12246345305214 ] ] } },
{ "type": "Feature", "properties": { "FID": 79, "OBJECTID": 824, "NAMOBJ": "Jaringan Tetap", "STSJRN": 1, "WADMPR": "Provinsi Sulawesi Selatan", "WADMKK": "Kabupaten Wajo", "REMARK": "Tidak Ada", "SBDATA": "Analisis Tim Penyusun, 2022", "SHAPE_Leng": 0.0083394671631699998 }, "geometry": { "type": "LineString", "coordinates": [ [ 120.026393444546258, -4.121863138821693 ], [ 120.027165995690609, -4.1184583629708 ], [ 120.026869551646854, -4.117795325978388 ], [ 120.027633119638338, -4.115698691854186 ], [ 120.027911597376431, -4.113861892464897 ] ] } },
{ "type": "Feature", "properties": { "FID": 80, "OBJECTID": 825, "NAMOBJ": "Jaringan Tetap", "STSJRN": 1, "WADMPR": "Provinsi Sulawesi Selatan", "WADMKK": "Kabupaten Wajo", "REMARK": "Tidak Ada", "SBDATA": "Analisis Tim Penyusun, 2022", "SHAPE_Leng": 0.0031758025123600001 }, "geometry": { "type": "LineString", "coordinates": [ [ 120.031693504722568, -4.129550710650004 ], [ 120.031936049849278, -4.128206734928861 ], [ 120.032564870548171, -4.126513322280639 ] ] } },
{ "type": "Feature", "properties": { "FID": 81, "OBJECTID": 826, "NAMOBJ": "Jaringan Tetap", "STSJRN": 1, "WADMPR": "Provinsi Sulawesi Selatan", "WADMKK": "Kabupaten Wajo", "REMARK": "Tidak Ada", "SBDATA": "Analisis Tim Penyusun, 2022", "SHAPE_Leng": 0.017244658242799998 }, "geometry": { "type": "LineString", "coordinates": [ [ 120.038152391615398, -4.148303414094175 ], [ 120.039167487886459, -4.148634919903524 ], [ 120.039823258043853, -4.149297931104841 ], [ 120.041610905459251, -4.149692153717448 ], [ 120.042401422909265, -4.149477123225876 ], [ 120.043515333861578, -4.148849950624391 ], [ 120.04458432904967, -4.148581162214161 ], [ 120.04538382965255, -4.148070463982758 ], [ 120.046210279713947, -4.148213817905605 ], [ 120.047458937958865, -4.148706596816984 ], [ 120.048258438561746, -4.147729998311746 ], [ 120.049632860946446, -4.147210339899448 ], [ 120.050638974064654, -4.145821595913843 ], [ 120.052246958423225, -4.144997308007166 ], [ 120.052480520397083, -4.144307414207229 ] ] } },
{ "type": "Feature", "properties": { "FID": 82, "OBJECTID": 827, "NAMOBJ": "Jaringan Tetap", "STSJRN": 1, "WADMPR": "Provinsi Sulawesi Selatan", "WADMKK": "Kabupaten Wajo", "REMARK": "Tidak Ada", "SBDATA": "Analisis Tim Penyusun, 2022", "SHAPE_Leng": 0.033098733889899999 }, "geometry": { "type": "LineString", "coordinates": [ [ 120.048465051077088, -4.169851001841896 ], [ 120.050782704510112, -4.166571864363344 ], [ 120.051366609444784, -4.164708304730314 ], [ 120.051249828457841, -4.164538075505348 ], [ 120.049740658780536, -4.164771020751282 ], [ 120.049084888623113, -4.164000509290011 ], [ 120.049381332666897, -4.162432605731442 ], [ 120.049435231583942, -4.160721347426604 ], [ 120.049785574544742, -4.159001125906863 ], [ 120.05081863712148, -4.156223676985094 ], [ 120.051204912693635, -4.154709515225906 ], [ 120.052264924728902, -4.152836967965265 ], [ 120.052291874187432, -4.152138121437392 ], [ 120.053136290554505, -4.149163536987387 ], [ 120.054025622685785, -4.149781749738322 ], [ 120.055337163000601, -4.145454250322469 ], [ 120.054438847716469, -4.145239218677579 ], [ 120.053450700903937, -4.144522446105547 ], [ 120.052480520397083, -4.144307414207229 ] ] } },
{ "type": "Feature", "properties": { "FID": 83, "OBJECTID": 828, "NAMOBJ": "Jaringan Tetap", "STSJRN": 1, "WADMPR": "Provinsi Sulawesi Selatan", "WADMKK": "Kabupaten Wajo", "REMARK": "Tidak Ada", "SBDATA": "Analisis Tim Penyusun, 2022", "SHAPE_Leng": 0.019602525746899999 }, "geometry": { "type": "LineString", "coordinates": [ [ 120.039329184637594, -4.120635629208206 ], [ 120.039805291738162, -4.120492270297665 ], [ 120.041332427721187, -4.118565882431025 ], [ 120.042113962018348, -4.117983485181025 ], [ 120.043120075136571, -4.118547962521996 ], [ 120.043838727363877, -4.118700281735876 ], [ 120.04638095961792, -4.120106993097544 ], [ 120.047467921111718, -4.120492270297665 ], [ 120.048285388020261, -4.120402670965453 ], [ 120.04891420871914, -4.120080113285919 ], [ 120.049983203907246, -4.118368763409515 ], [ 120.050980333872616, -4.117705726342452 ], [ 120.053414768292583, -4.118789881259831 ], [ 120.055642590197195, -4.118834681018027 ] ] } },
{ "type": "Feature", "properties": { "FID": 84, "OBJECTID": 829, "NAMOBJ": "Jaringan Tetap", "STSJRN": 1, "WADMPR": "Provinsi Sulawesi Selatan", "WADMKK": "Kabupaten Wajo", "REMARK": "Tidak Ada", "SBDATA": "Analisis Tim Penyusun, 2022", "SHAPE_Leng": 0.0177667513168 }, "geometry": { "type": "LineString", "coordinates": [ [ 120.026896501105384, -4.154718474771494 ], [ 120.027687018555412, -4.150614992245561 ], [ 120.027660069096868, -4.146502528753642 ], [ 120.029537548040679, -4.141619510545401 ], [ 120.027255827219022, -4.140624983875998 ], [ 120.025890387987161, -4.139585657372554 ] ] } },
{ "type": "Feature", "properties": { "FID": 85, "OBJECTID": 830, "NAMOBJ": "Jaringan Tetap", "STSJRN": 1, "WADMPR": "Provinsi Sulawesi Selatan", "WADMKK": "Kabupaten Wajo", "REMARK": "Tidak Ada", "SBDATA": "Analisis Tim Penyusun, 2022", "SHAPE_Leng": 0.0030409585136900001 }, "geometry": { "type": "LineString", "coordinates": [ [ 120.028702114826444, -4.141252163002273 ], [ 120.030040604599805, -4.138519450317517 ] ] } },
{ "type": "Feature", "properties": { "FID": 86, "OBJECTID": 831, "NAMOBJ": "Jaringan Tetap", "STSJRN": 1, "WADMPR": "Provinsi Sulawesi Selatan", "WADMKK": "Kabupaten Wajo", "REMARK": "Tidak Ada", "SBDATA": "Analisis Tim Penyusun, 2022", "SHAPE_Leng": 0.0158626206493 }, "geometry": { "type": "LineString", "coordinates": [ [ 120.020239984850051, -4.148231737144132 ], [ 120.019018276063647, -4.14739849212268 ], [ 120.018128943932368, -4.147129703218634 ], [ 120.01469737954703, -4.145024186974199 ], [ 120.014113474612358, -4.144181978906206 ], [ 120.014095508306681, -4.143913188908444 ], [ 120.014338053433391, -4.14342936668225 ], [ 120.014823143686797, -4.143178495781776 ], [ 120.019386585330125, -4.142793229601122 ], [ 120.021003552841563, -4.142354205120011 ], [ 120.021731188221679, -4.142452761657387 ] ] } },
{ "type": "Feature", "properties": { "FID": 87, "OBJECTID": 832, "NAMOBJ": "Jaringan Tetap", "STSJRN": 1, "WADMPR": "Provinsi Sulawesi Selatan", "WADMKK": "Kabupaten Wajo", "REMARK": "Tidak Ada", "SBDATA": "Analisis Tim Penyusun, 2022", "SHAPE_Leng": 0.011416328666800001 }, "geometry": { "type": "LineString", "coordinates": [ [ 120.021731188221679, -4.142452761657387 ], [ 120.022422890990455, -4.142452761657387 ], [ 120.023123576912056, -4.142049575745039 ], [ 120.025890387987161, -4.139585657372554 ], [ 120.02659107390879, -4.13852841004665 ], [ 120.025710724930335, -4.136915657169638 ], [ 120.024515965602461, -4.134057492617188 ] ] } },
{ "type": "Feature", "properties": { "FID": 88, "OBJECTID": 833, "NAMOBJ": "Jaringan Tetap", "STSJRN": 1, "WADMPR": "Provinsi Sulawesi Selatan", "WADMKK": "Kabupaten Wajo", "REMARK": "Tidak Ada", "SBDATA": "Analisis Tim Penyusun, 2022", "SHAPE_Leng": 0.0021357250995200001 }, "geometry": { "type": "LineString", "coordinates": [ [ 120.029232120844085, -4.135455217009192 ], [ 120.02986094154295, -4.135562734168012 ], [ 120.029896874154318, -4.135392498659811 ], [ 120.031145532399265, -4.135831527001237 ] ] } },
{ "type": "Feature", "properties": { "FID": 89, "OBJECTID": 834, "NAMOBJ": "Jaringan Tetap", "STSJRN": 1, "WADMPR": "Provinsi Sulawesi Selatan", "WADMKK": "Kabupaten Wajo", "REMARK": "Tidak Ada", "SBDATA": "Analisis Tim Penyusun, 2022", "SHAPE_Leng": 0.00099897649012699991 }, "geometry": { "type": "LineString", "coordinates": [ [ 120.029896874154318, -4.135392498659811 ], [ 120.030112469822527, -4.134415883721911 ] ] } },
{ "type": "Feature", "properties": { "FID": 90, "OBJECTID": 835, "NAMOBJ": "Jaringan Tetap", "STSJRN": 1, "WADMPR": "Provinsi Sulawesi Selatan", "WADMKK": "Kabupaten Wajo", "REMARK": "Tidak Ada", "SBDATA": "Analisis Tim Penyusun, 2022", "SHAPE_Leng": 0.00140900732726 }, "geometry": { "type": "LineString", "coordinates": [ [ 120.031424010137343, -4.140633943581301 ], [ 120.030786206285597, -4.140508507697822 ], [ 120.03017535189241, -4.140060522237409 ] ] } },
{ "type": "Feature", "properties": { "FID": 91, "OBJECTID": 836, "NAMOBJ": "Jaringan Tetap", "STSJRN": 1, "WADMPR": "Provinsi Sulawesi Selatan", "WADMKK": "Kabupaten Wajo", "REMARK": "Tidak Ada", "SBDATA": "Analisis Tim Penyusun, 2022", "SHAPE_Leng": 0.00096617610320200002 }, "geometry": { "type": "LineString", "coordinates": [ [ 120.030642475840153, -4.138600087876068 ], [ 120.031603673194155, -4.138662805971488 ] ] } },
{ "type": "Feature", "properties": { "FID": 92, "OBJECTID": 837, "NAMOBJ": "Jaringan Tetap", "STSJRN": 1, "WADMPR": "Provinsi Sulawesi Selatan", "WADMKK": "Kabupaten Wajo", "REMARK": "Tidak Ada", "SBDATA": "Analisis Tim Penyusun, 2022", "SHAPE_Leng": 0.0012301083993500001 }, "geometry": { "type": "LineString", "coordinates": [ [ 120.02928601976113, -4.137309885953941 ], [ 120.030480779089004, -4.137587637934157 ] ] } },
{ "type": "Feature", "properties": { "FID": 93, "OBJECTID": 838, "NAMOBJ": "Jaringan Tetap", "STSJRN": 1, "WADMPR": "Provinsi Sulawesi Selatan", "WADMKK": "Kabupaten Wajo", "REMARK": "Tidak Ada", "SBDATA": "Analisis Tim Penyusun, 2022", "SHAPE_Leng": 0.00060037889916799998 }, "geometry": { "type": "LineString", "coordinates": [ [ 120.028908727341815, -4.138411933560009 ], [ 120.028342788712806, -4.138205859733981 ] ] } },
{ "type": "Feature", "properties": { "FID": 94, "OBJECTID": 839, "NAMOBJ": "Jaringan Tetap", "STSJRN": 1, "WADMPR": "Provinsi Sulawesi Selatan", "WADMKK": "Kabupaten Wajo", "REMARK": "Tidak Ada", "SBDATA": "Analisis Tim Penyusun, 2022", "SHAPE_Leng": 0.0056477796380799998 }, "geometry": { "type": "LineString", "coordinates": [ [ 120.027911597376431, -4.137990826119214 ], [ 120.028513468616779, -4.135329780305465 ], [ 120.028351771865644, -4.134182929522273 ], [ 120.028396687629851, -4.132426811045048 ] ] } },
{ "type": "Feature", "properties": { "FID": 95, "OBJECTID": 840, "NAMOBJ": "Jaringan Tetap", "STSJRN": 1, "WADMPR": "Provinsi Sulawesi Selatan", "WADMKK": "Kabupaten Wajo", "REMARK": "Tidak Ada", "SBDATA": "Analisis Tim Penyusun, 2022", "SHAPE_Leng": 0.00072194731348299999 }, "geometry": { "type": "LineString", "coordinates": [ [ 120.02828888979576, -4.13625263558996 ], [ 120.028989575717375, -4.136431830666213 ] ] } },
{ "type": "Feature", "properties": { "FID": 96, "OBJECTID": 841, "NAMOBJ": "Jaringan Tetap", "STSJRN": 1, "WADMPR": "Provinsi Sulawesi Selatan", "WADMKK": "Kabupaten Wajo", "REMARK": "Tidak Ada", "SBDATA": "Analisis Tim Penyusun, 2022", "SHAPE_Leng": 0.0012789677897 }, "geometry": { "type": "LineString", "coordinates": [ [ 120.029232120844085, -4.135455217009192 ], [ 120.029465682817957, -4.134191889300449 ] ] } },
{ "type": "Feature", "properties": { "FID": 97, "OBJECTID": 842, "NAMOBJ": "Jaringan Tetap", "STSJRN": 1, "WADMPR": "Provinsi Sulawesi Selatan", "WADMKK": "Kabupaten Wajo", "REMARK": "Tidak Ada", "SBDATA": "Analisis Tim Penyusun, 2022", "SHAPE_Leng": 0.00106105881031 }, "geometry": { "type": "LineString", "coordinates": [ [ 120.029510598582164, -4.136566226946805 ], [ 120.02986094154295, -4.135562734168012 ] ] } },
{ "type": "Feature", "properties": { "FID": 98, "OBJECTID": 843, "NAMOBJ": "Jaringan Tetap", "STSJRN": 1, "WADMPR": "Provinsi Sulawesi Selatan", "WADMKK": "Kabupaten Wajo", "REMARK": "Tidak Ada", "SBDATA": "Analisis Tim Penyusun, 2022", "SHAPE_Leng": 0.0011272375591600001 }, "geometry": { "type": "LineString", "coordinates": [ [ 120.028351771865644, -4.134039573057699 ], [ 120.029465682817957, -4.134191889300449 ] ] } },
{ "type": "Feature", "properties": { "FID": 99, "OBJECTID": 844, "NAMOBJ": "Jaringan Tetap", "STSJRN": 1, "WADMPR": "Provinsi Sulawesi Selatan", "WADMKK": "Kabupaten Wajo", "REMARK": "Tidak Ada", "SBDATA": "Analisis Tim Penyusun, 2022", "SHAPE_Leng": 0.0039964113487600001 }, "geometry": { "type": "LineString", "coordinates": [ [ 120.034559130478925, -4.150919618319029 ], [ 120.034900490286887, -4.151340718874096 ], [ 120.035664058278385, -4.151573668020821 ], [ 120.038305105213695, -4.151573668020821 ] ] } },
{ "type": "Feature", "properties": { "FID": 100, "OBJECTID": 845, "NAMOBJ": "Jaringan Tetap", "STSJRN": 1, "WADMPR": "Provinsi Sulawesi Selatan", "WADMKK": "Kabupaten Wajo", "REMARK": "Tidak Ada", "SBDATA": "Analisis Tim Penyusun, 2022", "SHAPE_Leng": 0.0040846275269399998 }, "geometry": { "type": "LineString", "coordinates": [ [ 120.034559130478925, -4.150919618319029 ], [ 120.03461302939597, -4.149253133068231 ], [ 120.034999304968139, -4.148545323752555 ], [ 120.035367614234616, -4.146977389465755 ] ] } },
{ "type": "Feature", "properties": { "FID": 101, "OBJECTID": 846, "NAMOBJ": "Jaringan Tetap", "STSJRN": 1, "WADMPR": "Provinsi Sulawesi Selatan", "WADMKK": "Kabupaten Wajo", "REMARK": "Tidak Ada", "SBDATA": "Analisis Tim Penyusun, 2022", "SHAPE_Leng": 0.0056934535530400003 }, "geometry": { "type": "LineString", "coordinates": [ [ 120.033005045037385, -4.152209798032833 ], [ 120.033795562487413, -4.15267569574453 ], [ 120.033579966819232, -4.153204310122785 ], [ 120.035906603405095, -4.153643328574519 ], [ 120.037712217126156, -4.153652288132215 ] ] } },
{ "type": "Feature", "properties": { "FID": 102, "OBJECTID": 847, "NAMOBJ": "Jaringan Tetap", "STSJRN": 1, "WADMPR": "Provinsi Sulawesi Selatan", "WADMKK": "Kabupaten Wajo", "REMARK": "Tidak Ada", "SBDATA": "Analisis Tim Penyusun, 2022", "SHAPE_Leng": 0.010280642309 }, "geometry": { "type": "LineString", "coordinates": [ [ 120.033005045037385, -4.152209798032833 ], [ 120.032250460198739, -4.151672223408356 ], [ 120.031828252015188, -4.15186933414651 ], [ 120.030292132879353, -4.149450244410312 ], [ 120.029618396416254, -4.147667280935293 ], [ 120.029708227944653, -4.146592125136257 ], [ 120.030624509534462, -4.14413718057959 ], [ 120.030867054661172, -4.14382359222222 ] ] } },
{ "type": "Feature", "properties": { "FID": 103, "OBJECTID": 848, "NAMOBJ": "Jaringan Tetap", "STSJRN": 1, "WADMPR": "Provinsi Sulawesi Selatan", "WADMKK": "Kabupaten Wajo", "REMARK": "Tidak Ada", "SBDATA": "Analisis Tim Penyusun, 2022", "SHAPE_Leng": 0.0015291248608000001 }, "geometry": { "type": "LineString", "coordinates": [ [ 120.03017535189241, -4.140060522237409 ], [ 120.030642475840153, -4.138600087876068 ] ] } },
{ "type": "Feature", "properties": { "FID": 104, "OBJECTID": 849, "NAMOBJ": "Jaringan Tetap", "STSJRN": 1, "WADMPR": "Provinsi Sulawesi Selatan", "WADMKK": "Kabupaten Wajo", "REMARK": "Tidak Ada", "SBDATA": "Analisis Tim Penyusun, 2022", "SHAPE_Leng": 0.0011587951103100001 }, "geometry": { "type": "LineString", "coordinates": [ [ 120.031693504722568, -4.137023174130269 ], [ 120.032843348286249, -4.136870858431735 ] ] } },
{ "type": "Feature", "properties": { "FID": 105, "OBJECTID": 850, "NAMOBJ": "Jaringan Tetap", "STSJRN": 1, "WADMPR": "Provinsi Sulawesi Selatan", "WADMKK": "Kabupaten Wajo", "REMARK": "Tidak Ada", "SBDATA": "Analisis Tim Penyusun, 2022", "SHAPE_Leng": 0.0010193137649199999 }, "geometry": { "type": "LineString", "coordinates": [ [ 120.031648588958362, -4.137829550869823 ], [ 120.032654702076584, -4.137972906648681 ] ] } },
{ "type": "Feature", "properties": { "FID": 106, "OBJECTID": 851, "NAMOBJ": "Jaringan Tetap", "STSJRN": 1, "WADMPR": "Provinsi Sulawesi Selatan", "WADMKK": "Kabupaten Wajo", "REMARK": "Tidak Ada", "SBDATA": "Analisis Tim Penyusun, 2022", "SHAPE_Leng": 0.0007492762962 }, "geometry": { "type": "LineString", "coordinates": [ [ 120.031424010137343, -4.140633943581301 ], [ 120.032169611823136, -4.140714580924468 ] ] } },
{ "type": "Feature", "properties": { "FID": 107, "OBJECTID": 852, "NAMOBJ": "Jaringan Tetap", "STSJRN": 1, "WADMPR": "Provinsi Sulawesi Selatan", "WADMKK": "Kabupaten Wajo", "REMARK": "Tidak Ada", "SBDATA": "Analisis Tim Penyusun, 2022", "SHAPE_Leng": 0.00087735320721099997 }, "geometry": { "type": "LineString", "coordinates": [ [ 120.032268426504416, -4.140185958191882 ], [ 120.03313979232999, -4.140302434417524 ] ] } },
{ "type": "Feature", "properties": { "FID": 108, "OBJECTID": 853, "NAMOBJ": "Jaringan Tetap", "STSJRN": 1, "WADMPR": "Provinsi Sulawesi Selatan", "WADMKK": "Kabupaten Wajo", "REMARK": "Tidak Ada", "SBDATA": "Analisis Tim Penyusun, 2022", "SHAPE_Leng": 0.002471732243 }, "geometry": { "type": "LineString", "coordinates": [ [ 120.03313979232999, -4.140302434417524 ], [ 120.033526067902187, -4.137856430080334 ] ] } },
{ "type": "Feature", "properties": { "FID": 109, "OBJECTID": 854, "NAMOBJ": "Jaringan Tetap", "STSJRN": 1, "WADMPR": "Provinsi Sulawesi Selatan", "WADMKK": "Kabupaten Wajo", "REMARK": "Tidak Ada", "SBDATA": "Analisis Tim Penyusun, 2022", "SHAPE_Leng": 0.0046013875805600004 }, "geometry": { "type": "LineString", "coordinates": [ [ 120.032960129273178, -4.145481129273968 ], [ 120.033184708094197, -4.145212339717854 ], [ 120.033040977648739, -4.140974412307671 ] ] } },
{ "type": "Feature", "properties": { "FID": 110, "OBJECTID": 855, "NAMOBJ": "Jaringan Tetap", "STSJRN": 1, "WADMPR": "Provinsi Sulawesi Selatan", "WADMKK": "Kabupaten Wajo", "REMARK": "Tidak Ada", "SBDATA": "Analisis Tim Penyusun, 2022", "SHAPE_Leng": 0.0141532657641 }, "geometry": { "type": "LineString", "coordinates": [ [ 120.052480520397083, -4.144307414207229 ], [ 120.050198799575426, -4.143187455458163 ], [ 120.047970977670801, -4.142354205120011 ], [ 120.047710466238414, -4.142918665122402 ], [ 120.045356880194021, -4.142900745763439 ], [ 120.044853823634938, -4.142640915012828 ], [ 120.042643968035989, -4.142327326062231 ], [ 120.042590069118944, -4.142667794059952 ], [ 120.040550893423998, -4.142354205120011 ], [ 120.039580712917143, -4.142013736987332 ] ] } },
{ "type": "Feature", "properties": { "FID": 111, "OBJECTID": 856, "NAMOBJ": "Jaringan Tetap", "STSJRN": 1, "WADMPR": "Provinsi Sulawesi Selatan", "WADMKK": "Kabupaten Wajo", "REMARK": "Tidak Ada", "SBDATA": "Analisis Tim Penyusun, 2022", "SHAPE_Leng": 0.0055878180086200002 }, "geometry": { "type": "LineString", "coordinates": [ [ 120.033490135290819, -4.132408891448703 ], [ 120.035277782706203, -4.132346172858309 ], [ 120.037927812794379, -4.131907142586663 ], [ 120.038987824829604, -4.132193856260985 ] ] } },
{ "type": "Feature", "properties": { "FID": 112, "OBJECTID": 857, "NAMOBJ": "Jaringan Tetap", "STSJRN": 1, "WADMPR": "Provinsi Sulawesi Selatan", "WADMKK": "Kabupaten Wajo", "REMARK": "Tidak Ada", "SBDATA": "Analisis Tim Penyusun, 2022", "SHAPE_Leng": 0.0013470253518 }, "geometry": { "type": "LineString", "coordinates": [ [ 120.030372981254914, -4.129299835354817 ], [ 120.031693504722568, -4.129550710650004 ] ] } },
{ "type": "Feature", "properties": { "FID": 113, "OBJECTID": 858, "NAMOBJ": "Jaringan Tetap", "STSJRN": 1, "WADMPR": "Provinsi Sulawesi Selatan", "WADMKK": "Kabupaten Wajo", "REMARK": "Tidak Ada", "SBDATA": "Analisis Tim Penyusun, 2022", "SHAPE_Leng": 0.0068182591342500001 }, "geometry": { "type": "LineString", "coordinates": [ [ 120.029339918678176, -4.129102718995821 ], [ 120.027408540817319, -4.128681606610319 ], [ 120.025629876554774, -4.127955859208883 ], [ 120.025216651524062, -4.126576041332012 ], [ 120.025180718912694, -4.125975730208557 ], [ 120.025423264039432, -4.125151421658011 ] ] } },
{ "type": "Feature", "properties": { "FID": 114, "OBJECTID": 859, "NAMOBJ": "Jaringan Tetap", "STSJRN": 1, "WADMPR": "Provinsi Sulawesi Selatan", "WADMKK": "Kabupaten Wajo", "REMARK": "Tidak Ada", "SBDATA": "Analisis Tim Penyusun, 2022", "SHAPE_Leng": 0.0034552372367000002 }, "geometry": { "type": "LineString", "coordinates": [ [ 120.029339918678176, -4.129102718995821 ], [ 120.028396687629851, -4.132426811045048 ] ] } },
{ "type": "Feature", "properties": { "FID": 115, "OBJECTID": 860, "NAMOBJ": "Jaringan Tetap", "STSJRN": 1, "WADMPR": "Provinsi Sulawesi Selatan", "WADMKK": "Kabupaten Wajo", "REMARK": "Tidak Ada", "SBDATA": "Analisis Tim Penyusun, 2022", "SHAPE_Leng": 0.0028217280228900001 }, "geometry": { "type": "LineString", "coordinates": [ [ 120.029555514346356, -4.133770779616746 ], [ 120.029986705682759, -4.130984282243763 ] ] } },
{ "type": "Feature", "properties": { "FID": 116, "OBJECTID": 861, "NAMOBJ": "Jaringan Tetap", "STSJRN": 1, "WADMPR": "Provinsi Sulawesi Selatan", "WADMKK": "Kabupaten Wajo", "REMARK": "Tidak Ada", "SBDATA": "Analisis Tim Penyusun, 2022", "SHAPE_Leng": 0.0011380004922100001 }, "geometry": { "type": "LineString", "coordinates": [ [ 120.028899744188976, -4.130661728861003 ], [ 120.029986705682759, -4.130984282243763 ] ] } },
{ "type": "Feature", "properties": { "FID": 117, "OBJECTID": 862, "NAMOBJ": "Jaringan Tetap", "STSJRN": 1, "WADMPR": "Provinsi Sulawesi Selatan", "WADMKK": "Kabupaten Wajo", "REMARK": "Tidak Ada", "SBDATA": "Analisis Tim Penyusun, 2022", "SHAPE_Leng": 0.0020563689802499999 }, "geometry": { "type": "LineString", "coordinates": [ [ 120.031307229150414, -4.133519905656296 ], [ 120.031945033002117, -4.131566669963789 ] ] } },
{ "type": "Feature", "properties": { "FID": 118, "OBJECTID": 863, "NAMOBJ": "Jaringan Tetap", "STSJRN": 1, "WADMPR": "Provinsi Sulawesi Selatan", "WADMKK": "Kabupaten Wajo", "REMARK": "Tidak Ada", "SBDATA": "Analisis Tim Penyusun, 2022", "SHAPE_Leng": 0.0018929283322900001 }, "geometry": { "type": "LineString", "coordinates": [ [ 120.031585706888478, -4.132659765760681 ], [ 120.03090298727254, -4.132498489426378 ], [ 120.031208414469162, -4.131351634547726 ] ] } },
{ "type": "Feature", "properties": { "FID": 119, "OBJECTID": 864, "NAMOBJ": "Jaringan Tetap", "STSJRN": 1, "WADMPR": "Provinsi Sulawesi Selatan", "WADMKK": "Kabupaten Wajo", "REMARK": "Tidak Ada", "SBDATA": "Analisis Tim Penyusun, 2022", "SHAPE_Leng": 0.00201458281248 }, "geometry": { "type": "LineString", "coordinates": [ [ 120.031307229150414, -4.133519905656296 ], [ 120.033229623858404, -4.134102291514139 ] ] } },
{ "type": "Feature", "properties": { "FID": 120, "OBJECTID": 865, "NAMOBJ": "Jaringan Tetap", "STSJRN": 1, "WADMPR": "Provinsi Sulawesi Selatan", "WADMKK": "Kabupaten Wajo", "REMARK": "Tidak Ada", "SBDATA": "Analisis Tim Penyusun, 2022", "SHAPE_Leng": 0.00128729729418 }, "geometry": { "type": "LineString", "coordinates": [ [ 120.031495875360065, -4.134926590766156 ], [ 120.03192706669644, -4.133708061134076 ] ] } },
{ "type": "Feature", "properties": { "FID": 121, "OBJECTID": 866, "NAMOBJ": "Jaringan Tetap", "STSJRN": 1, "WADMPR": "Provinsi Sulawesi Selatan", "WADMKK": "Kabupaten Wajo", "REMARK": "Tidak Ada", "SBDATA": "Analisis Tim Penyusun, 2022", "SHAPE_Leng": 0.00232878279107 }, "geometry": { "type": "LineString", "coordinates": [ [ 120.030911970425379, -4.134568199892351 ], [ 120.03295114612034, -4.135697130596021 ] ] } },
{ "type": "Feature", "properties": { "FID": 122, "OBJECTID": 867, "NAMOBJ": "Jaringan Tetap", "STSJRN": 1, "WADMPR": "Provinsi Sulawesi Selatan", "WADMKK": "Kabupaten Wajo", "REMARK": "Tidak Ada", "SBDATA": "Analisis Tim Penyusun, 2022", "SHAPE_Leng": 0.0012280426253899999 }, "geometry": { "type": "LineString", "coordinates": [ [ 120.028693131673606, -4.131387473787785 ], [ 120.029878907848641, -4.131718986681562 ] ] } },
{ "type": "Feature", "properties": { "FID": 123, "OBJECTID": 868, "NAMOBJ": "Jaringan Tetap", "STSJRN": 1, "WADMPR": "Provinsi Sulawesi Selatan", "WADMKK": "Kabupaten Wajo", "REMARK": "Tidak Ada", "SBDATA": "Analisis Tim Penyusun, 2022", "SHAPE_Leng": 0.0033994429047399998 }, "geometry": { "type": "LineString", "coordinates": [ [ 120.027453456581526, -4.131279956062751 ], [ 120.02807329412758, -4.130840925200949 ], [ 120.028477536005411, -4.129487991833642 ], [ 120.027309726136068, -4.129120638666843 ] ] } },
{ "type": "Feature", "properties": { "FID": 124, "OBJECTID": 869, "NAMOBJ": "Jaringan Tetap", "STSJRN": 1, "WADMPR": "Provinsi Sulawesi Selatan", "WADMKK": "Kabupaten Wajo", "REMARK": "Tidak Ada", "SBDATA": "Analisis Tim Penyusun, 2022", "SHAPE_Leng": 0.001968983824 }, "geometry": { "type": "LineString", "coordinates": [ [ 120.026968366328106, -4.130599010132459 ], [ 120.027408540817319, -4.128681606610319 ] ] } },
{ "type": "Feature", "properties": { "FID": 125, "OBJECTID": 870, "NAMOBJ": "Jaringan Tetap", "STSJRN": 1, "WADMPR": "Provinsi Sulawesi Selatan", "WADMKK": "Kabupaten Wajo", "REMARK": "Tidak Ada", "SBDATA": "Analisis Tim Penyusun, 2022", "SHAPE_Leng": 0.0029536660682599998 }, "geometry": { "type": "LineString", "coordinates": [ [ 120.028082277280419, -4.125805492643207 ], [ 120.027408540817319, -4.128681606610319 ] ] } },
{ "type": "Feature", "properties": { "FID": 126, "OBJECTID": 871, "NAMOBJ": "Jaringan Tetap", "STSJRN": 1, "WADMPR": "Provinsi Sulawesi Selatan", "WADMKK": "Kabupaten Wajo", "REMARK": "Tidak Ada", "SBDATA": "Analisis Tim Penyusun, 2022", "SHAPE_Leng": 0.00154619731062 }, "geometry": { "type": "LineString", "coordinates": [ [ 120.030211284503778, -4.124990143798073 ], [ 120.030355014949237, -4.123449042596596 ] ] } },
{ "type": "Feature", "properties": { "FID": 127, "OBJECTID": 872, "NAMOBJ": "Jaringan Tetap", "STSJRN": 1, "WADMPR": "Provinsi Sulawesi Selatan", "WADMKK": "Kabupaten Wajo", "REMARK": "Tidak Ada", "SBDATA": "Analisis Tim Penyusun, 2022", "SHAPE_Leng": 0.0030571503726799999 }, "geometry": { "type": "LineString", "coordinates": [ [ 120.022719335034211, -4.123502801991143 ], [ 120.025647842860451, -4.124398791364869 ] ] } },
{ "type": "Feature", "properties": { "FID": 128, "OBJECTID": 873, "NAMOBJ": "Jaringan Tetap", "STSJRN": 1, "WADMPR": "Provinsi Sulawesi Selatan", "WADMKK": "Kabupaten Wajo", "REMARK": "Tidak Ada", "SBDATA": "Analisis Tim Penyusun, 2022", "SHAPE_Leng": 0.0047216812822799999 }, "geometry": { "type": "LineString", "coordinates": [ [ 120.035322698470409, -4.12740034840395 ], [ 120.039922072725105, -4.1284665704124 ] ] } },
{ "type": "Feature", "properties": { "FID": 129, "OBJECTID": 874, "NAMOBJ": "Jaringan Tetap", "STSJRN": 1, "WADMPR": "Provinsi Sulawesi Selatan", "WADMKK": "Kabupaten Wajo", "REMARK": "Tidak Ada", "SBDATA": "Analisis Tim Penyusun, 2022", "SHAPE_Leng": 0.0013621816432199999 }, "geometry": { "type": "LineString", "coordinates": [ [ 120.031271296539046, -4.126074288782346 ], [ 120.032564870548171, -4.126513322280639 ] ] } },
{ "type": "Feature", "properties": { "FID": 130, "OBJECTID": 875, "NAMOBJ": "Jaringan Tetap", "STSJRN": 1, "WADMPR": "Provinsi Sulawesi Selatan", "WADMKK": "Kabupaten Wajo", "REMARK": "Tidak Ada", "SBDATA": "Analisis Tim Penyusun, 2022", "SHAPE_Leng": 0.0019911348314299998 }, "geometry": { "type": "LineString", "coordinates": [ [ 120.028226007725877, -4.125187261177994 ], [ 120.030148402433895, -4.125697974162082 ] ] } },
{ "type": "Feature", "properties": { "FID": 131, "OBJECTID": 876, "NAMOBJ": "Jaringan Tetap", "STSJRN": 1, "WADMPR": "Provinsi Sulawesi Selatan", "WADMKK": "Kabupaten Wajo", "REMARK": "Tidak Ada", "SBDATA": "Analisis Tim Penyusun, 2022", "SHAPE_Leng": 0.0030517818273700001 }, "geometry": { "type": "LineString", "coordinates": [ [ 120.025854455375793, -4.123699919740038 ], [ 120.022907981243875, -4.122902488545614 ] ] } },
{ "type": "Feature", "properties": { "FID": 132, "OBJECTID": 877, "NAMOBJ": "Jaringan Tetap", "STSJRN": 1, "WADMPR": "Provinsi Sulawesi Selatan", "WADMKK": "Kabupaten Wajo", "REMARK": "Tidak Ada", "SBDATA": "Analisis Tim Penyusun, 2022", "SHAPE_Leng": 0.00189982459655 }, "geometry": { "type": "LineString", "coordinates": [ [ 120.028405670782689, -4.124389831476133 ], [ 120.030211284503778, -4.124990143798073 ] ] } },
{ "type": "Feature", "properties": { "FID": 133, "OBJECTID": 878, "NAMOBJ": "Jaringan Tetap", "STSJRN": 1, "WADMPR": "Provinsi Sulawesi Selatan", "WADMKK": "Kabupaten Wajo", "REMARK": "Tidak Ada", "SBDATA": "Analisis Tim Penyusun, 2022", "SHAPE_Leng": 0.0022911400585700001 }, "geometry": { "type": "LineString", "coordinates": [ [ 120.034936422898241, -4.126611880787714 ], [ 120.033939292932871, -4.12602948943214 ], [ 120.032834365133397, -4.125787572897362 ] ] } },
{ "type": "Feature", "properties": { "FID": 134, "OBJECTID": 879, "NAMOBJ": "Jaringan Tetap", "STSJRN": 1, "WADMPR": "Provinsi Sulawesi Selatan", "WADMKK": "Kabupaten Wajo", "REMARK": "Tidak Ada", "SBDATA": "Analisis Tim Penyusun, 2022", "SHAPE_Leng": 0.0045619735448099996 }, "geometry": { "type": "LineString", "coordinates": [ [ 120.035322698470409, -4.12740034840395 ], [ 120.035412529998823, -4.127104673139609 ], [ 120.034846591369842, -4.126378924296733 ], [ 120.034873540828357, -4.124748226946779 ], [ 120.034460315797645, -4.124470470471124 ], [ 120.034514214714719, -4.123932877016609 ], [ 120.033957259238548, -4.123735759325494 ] ] } },
{ "type": "Feature", "properties": { "FID": 135, "OBJECTID": 880, "NAMOBJ": "Jaringan Tetap", "STSJRN": 1, "WADMPR": "Provinsi Sulawesi Selatan", "WADMKK": "Kabupaten Wajo", "REMARK": "Tidak Ada", "SBDATA": "Analisis Tim Penyusun, 2022", "SHAPE_Leng": 0.0029231712110299999 }, "geometry": { "type": "LineString", "coordinates": [ [ 120.022521705671707, -4.12483782578918 ], [ 120.025423264039432, -4.125151421658011 ] ] } },
{ "type": "Feature", "properties": { "FID": 136, "OBJECTID": 881, "NAMOBJ": "Jaringan Tetap", "STSJRN": 1, "WADMPR": "Provinsi Sulawesi Selatan", "WADMKK": "Kabupaten Wajo", "REMARK": "Tidak Ada", "SBDATA": "Analisis Tim Penyusun, 2022", "SHAPE_Leng": 0.00228830298462 }, "geometry": { "type": "LineString", "coordinates": [ [ 120.025423264039432, -4.125151421658011 ], [ 120.027651085944015, -4.125697974162082 ] ] } },
{ "type": "Feature", "properties": { "FID": 137, "OBJECTID": 882, "NAMOBJ": "Jaringan Tetap", "STSJRN": 1, "WADMPR": "Provinsi Sulawesi Selatan", "WADMKK": "Kabupaten Wajo", "REMARK": "Tidak Ada", "SBDATA": "Analisis Tim Penyusun, 2022", "SHAPE_Leng": 0.0033453423621 }, "geometry": { "type": "LineString", "coordinates": [ [ 120.026923450563899, -4.128511369625103 ], [ 120.027651085944015, -4.125697974162082 ], [ 120.028082277280419, -4.125805492643207 ] ] } },
{ "type": "Feature", "properties": { "FID": 138, "OBJECTID": 883, "NAMOBJ": "Jaringan Tetap", "STSJRN": 1, "WADMPR": "Provinsi Sulawesi Selatan", "WADMKK": "Kabupaten Wajo", "REMARK": "Tidak Ada", "SBDATA": "Analisis Tim Penyusun, 2022", "SHAPE_Leng": 0.00131881959387 }, "geometry": { "type": "LineString", "coordinates": [ [ 120.031109599787911, -4.1266477202418 ], [ 120.032340291727152, -4.127113632997722 ] ] } },
{ "type": "Feature", "properties": { "FID": 139, "OBJECTID": 884, "NAMOBJ": "Jaringan Tetap", "STSJRN": 1, "WADMPR": "Provinsi Sulawesi Selatan", "WADMKK": "Kabupaten Wajo", "REMARK": "Tidak Ada", "SBDATA": "Analisis Tim Penyusun, 2022", "SHAPE_Leng": 0.0014833081223900001 }, "geometry": { "type": "LineString", "coordinates": [ [ 120.032043847683369, -4.12392391712262 ], [ 120.032537921089656, -4.122526172423196 ] ] } },
{ "type": "Feature", "properties": { "FID": 140, "OBJECTID": 885, "NAMOBJ": "Jaringan Tetap", "STSJRN": 1, "WADMPR": "Provinsi Sulawesi Selatan", "WADMKK": "Kabupaten Wajo", "REMARK": "Tidak Ada", "SBDATA": "Analisis Tim Penyusun, 2022", "SHAPE_Leng": 0.0075769495362799999 }, "geometry": { "type": "LineString", "coordinates": [ [ 120.034029124461284, -4.12246345305214 ], [ 120.034020141308432, -4.12102986607895 ], [ 120.034648962007338, -4.117992445141945 ], [ 120.034397433727761, -4.114990852591228 ] ] } },
{ "type": "Feature", "properties": { "FID": 141, "OBJECTID": 886, "NAMOBJ": "Jaringan Tetap", "STSJRN": 1, "WADMPR": "Provinsi Sulawesi Selatan", "WADMKK": "Kabupaten Wajo", "REMARK": "Tidak Ada", "SBDATA": "Analisis Tim Penyusun, 2022", "SHAPE_Leng": 0.0031917704301600001 }, "geometry": { "type": "LineString", "coordinates": [ [ 120.022144413252391, -4.129308795188154 ], [ 120.022827132868301, -4.126190767081056 ] ] } },
{ "type": "Feature", "properties": { "FID": 142, "OBJECTID": 887, "NAMOBJ": "Jaringan Tetap", "STSJRN": 1, "WADMPR": "Provinsi Sulawesi Selatan", "WADMKK": "Kabupaten Wajo", "REMARK": "Tidak Ada", "SBDATA": "Analisis Tim Penyusun, 2022", "SHAPE_Leng": 0.0031312060489400001 }, "geometry": { "type": "LineString", "coordinates": [ [ 120.021883901819976, -4.128762245169518 ], [ 120.022575604588752, -4.125715893909945 ] ] } },
{ "type": "Feature", "properties": { "FID": 143, "OBJECTID": 888, "NAMOBJ": "Jaringan Tetap", "STSJRN": 1, "WADMPR": "Provinsi Sulawesi Selatan", "WADMKK": "Kabupaten Wajo", "REMARK": "Tidak Ada", "SBDATA": "Analisis Tim Penyusun, 2022", "SHAPE_Leng": 0.0043203039482399997 }, "geometry": { "type": "LineString", "coordinates": [ [ 120.021398811566556, -4.133555744798365 ], [ 120.021704238763149, -4.131262036440494 ], [ 120.022144413252391, -4.129308795188154 ] ] } },
{ "type": "Feature", "properties": { "FID": 144, "OBJECTID": 889, "NAMOBJ": "Jaringan Tetap", "STSJRN": 1, "WADMPR": "Provinsi Sulawesi Selatan", "WADMKK": "Kabupaten Wajo", "REMARK": "Tidak Ada", "SBDATA": "Analisis Tim Penyusun, 2022", "SHAPE_Leng": 0.062045136445499999 }, "geometry": { "type": "LineString", "coordinates": [ [ 119.954348558759889, -4.251717463108166 ], [ 119.954600087039424, -4.251063497376908 ], [ 119.955731964297428, -4.250472240210793 ], [ 119.957636392699769, -4.247945954484678 ], [ 119.957977752507716, -4.246664891539767 ], [ 119.958426910149768, -4.242346887489463 ], [ 119.958759286804906, -4.241639162530817 ], [ 119.96371798717324, -4.240447674743502 ], [ 119.971452481769518, -4.236756738511478 ], [ 119.975360153255423, -4.233692889715755 ], [ 119.980175123178327, -4.230351309804621 ], [ 119.983292277214204, -4.22714409622503 ], [ 119.984522969153446, -4.225307557334024 ], [ 119.989957776622376, -4.221992817596526 ], [ 119.996820905393037, -4.219717285364927 ], [ 120.001887403595489, -4.218687022515773 ], [ 120.00223774655629, -4.218418258069503 ] ] } },
{ "type": "Feature", "properties": { "FID": 145, "OBJECTID": 890, "NAMOBJ": "Jaringan Tetap", "STSJRN": 1, "WADMPR": "Provinsi Sulawesi Selatan", "WADMKK": "Kabupaten Wajo", "REMARK": "Tidak Ada", "SBDATA": "Analisis Tim Penyusun, 2022", "SHAPE_Leng": 0.033096332232499998 }, "geometry": { "type": "LineString", "coordinates": [ [ 119.970904509446186, -4.186801953123815 ], [ 119.970356537122896, -4.187384299587084 ], [ 119.9695300870615, -4.188701296913415 ], [ 119.971218919795646, -4.190296025402047 ], [ 119.970401452887089, -4.193566104546127 ], [ 119.970203823524599, -4.195366882013414 ], [ 119.969880430022314, -4.196728661221947 ], [ 119.973689286826982, -4.198771325581462 ], [ 119.973491657464479, -4.199497007685435 ], [ 119.972970634599676, -4.200106221770148 ], [ 119.972988600905353, -4.20026748424236 ], [ 119.977641874077094, -4.202776007294927 ], [ 119.979231892130002, -4.203833168164373 ], [ 119.981028522698224, -4.204370707039693 ], [ 119.983085664698862, -4.203465849719707 ], [ 119.987505375896731, -4.203779414256452 ] ] } },
{ "type": "Feature", "properties": { "FID": 146, "OBJECTID": 891, "NAMOBJ": "Jaringan Tetap", "STSJRN": 1, "WADMPR": "Provinsi Sulawesi Selatan", "WADMKK": "Kabupaten Wajo", "REMARK": "Tidak Ada", "SBDATA": "Analisis Tim Penyusun, 2022", "SHAPE_Leng": 0.031702917897500002 }, "geometry": { "type": "LineString", "coordinates": [ [ 119.982061585274963, -4.197920216081232 ], [ 119.983669569633548, -4.19993600023554 ], [ 119.985843492621115, -4.201476951721368 ], [ 119.987505375896731, -4.203779414256452 ], [ 119.988206061818346, -4.204988876287997 ], [ 119.988547421626308, -4.205947485601772 ], [ 119.989679298884298, -4.21105407608149 ], [ 119.992320345819607, -4.21384924826032 ], [ 119.993281543173609, -4.215184118609106 ], [ 119.994350538361715, -4.217253611061197 ], [ 119.995275803104363, -4.217835934783588 ], [ 119.997422776633414, -4.217809058313699 ], [ 120.001860454136974, -4.218472010966198 ], [ 120.00223774655629, -4.218418258069503 ] ] } },
{ "type": "Feature", "properties": { "FID": 147, "OBJECTID": 892, "NAMOBJ": "Jaringan Tetap", "STSJRN": 1, "WADMPR": "Provinsi Sulawesi Selatan", "WADMKK": "Kabupaten Wajo", "REMARK": "Tidak Ada", "SBDATA": "Analisis Tim Penyusun, 2022", "SHAPE_Leng": 0.10868799841399999 }, "geometry": { "type": "LineString", "coordinates": [ [ 119.993227644256564, -4.215112447776119 ], [ 119.995239870493009, -4.212182896824246 ], [ 119.995994455331669, -4.211708075600264 ], [ 119.996219034152702, -4.211403473153061 ], [ 120.000459082293744, -4.202784966291368 ], [ 120.003243859674512, -4.196209035225183 ], [ 120.004249972792721, -4.193261495011902 ], [ 120.005354900592195, -4.192428297738232 ], [ 120.006935935492237, -4.190869410131286 ], [ 120.008615785073545, -4.188405644645364 ], [ 120.009657830803135, -4.187939768117474 ], [ 120.010349533571883, -4.187357422067548 ], [ 120.011382596148621, -4.187008014229585 ], [ 120.012191079904341, -4.186121055171135 ], [ 120.012442608183889, -4.18555662615614 ], [ 120.012433625031051, -4.184884686322023 ], [ 120.011652090733861, -4.183890214309387 ], [ 120.01163412442817, -4.182904700258401 ], [ 120.011220899397486, -4.182107328891635 ], [ 120.010457331405973, -4.181972940379129 ], [ 120.009756645484373, -4.181372671408552 ], [ 120.008795448130371, -4.181077016373448 ], [ 120.007151531160417, -4.181175568064208 ], [ 120.006630508295643, -4.181068057128217 ], [ 120.005327951133665, -4.180566339231945 ], [ 120.004932692408644, -4.180190050598996 ], [ 120.005372866897872, -4.177188694324117 ], [ 120.007852217082032, -4.172314825644988 ], [ 120.008481037780939, -4.169653895603894 ], [ 120.008274425265569, -4.169241764219248 ], [ 120.008238492654201, -4.167951612400759 ], [ 120.00764560456669, -4.167333413904119 ], [ 120.007474924662716, -4.166768971374044 ], [ 120.007115598549049, -4.162504281390808 ], [ 120.00743000889851, -4.16142914581518 ], [ 120.006837120810985, -4.158947368923848 ], [ 120.00678322189394, -4.158042459159322 ], [ 120.007582722496807, -4.15723610304817 ], [ 120.008543919850823, -4.156815005640037 ], [ 120.009774611790064, -4.156519341368004 ], [ 120.010133937903703, -4.156080324517106 ], [ 120.010601061851432, -4.156196798399331 ], [ 120.011095135257719, -4.156017607804166 ], [ 120.013053462577105, -4.156716450895014 ], [ 120.014868059451004, -4.156644774709076 ], [ 120.015676543206723, -4.15393003437032 ], [ 120.015577728525471, -4.15300719971806 ], [ 120.016547909032326, -4.150606032653387 ], [ 120.015218402411833, -4.149262092675756 ], [ 120.014185339835095, -4.148509485289321 ], [ 120.012855833214573, -4.145991829178789 ], [ 120.012846850061734, -4.145149622141612 ], [ 120.012307860891269, -4.14290970544297 ], [ 120.012801934297528, -4.141879341631468 ], [ 120.013619401206086, -4.141404477857924 ], [ 120.015712475818091, -4.137677235326351 ], [ 120.016089768237407, -4.136611025701934 ], [ 120.017455207469268, -4.135150584979985 ], [ 120.019736928290953, -4.134362125066533 ], [ 120.021398811566556, -4.133555744798365 ] ] } },
{ "type": "Feature", "properties": { "FID": 148, "OBJECTID": 893, "NAMOBJ": "Jaringan Tetap", "STSJRN": 1, "WADMPR": "Provinsi Sulawesi Selatan", "WADMKK": "Kabupaten Wajo", "REMARK": "Tidak Ada", "SBDATA": "Analisis Tim Penyusun, 2022", "SHAPE_Leng": 0.043163345934900003 }, "geometry": { "type": "LineString", "coordinates": [ [ 119.972135201385456, -4.270189525877518 ], [ 119.975575748923632, -4.262100214496049 ], [ 119.977722722452654, -4.255300827125014 ], [ 119.977812553981096, -4.254279570078573 ], [ 119.978881549169202, -4.252174342947322 ], [ 119.981253101519272, -4.249227015302083 ], [ 119.981720225467001, -4.249020970698828 ], [ 119.982861085877829, -4.249128472237828 ], [ 119.984433137625032, -4.248564088990895 ], [ 119.98525060453359, -4.248564088990895 ], [ 119.988780983600179, -4.247023231039342 ], [ 119.989823029329756, -4.246405095298514 ], [ 119.991233384325824, -4.244192344457852 ], [ 119.991305249548546, -4.243717542843677 ], [ 119.992598823557699, -4.241863126195454 ], [ 119.9929491665185, -4.241092690916618 ], [ 119.993065947505428, -4.240053497928217 ], [ 119.993569004064526, -4.238718670401567 ], [ 119.994063077470813, -4.238082610836416 ], [ 119.995212921034479, -4.237652598439576 ] ] } },
{ "type": "Feature", "properties": { "FID": 149, "OBJECTID": 894, "NAMOBJ": "Jaringan Tetap", "STSJRN": 1, "WADMPR": "Provinsi Sulawesi Selatan", "WADMKK": "Kabupaten Wajo", "REMARK": "Tidak Ada", "SBDATA": "Analisis Tim Penyusun, 2022", "SHAPE_Leng": 0.034030700642799998 }, "geometry": { "type": "LineString", "coordinates": [ [ 119.976626777806061, -4.258740840893577 ], [ 119.979025279614646, -4.25970834199542 ], [ 119.982609557598281, -4.260648966900039 ], [ 119.984756531127331, -4.261517924122963 ], [ 119.987685038953543, -4.260747508490144 ], [ 119.990936940282069, -4.262136047735372 ], [ 119.993874431261148, -4.262987086678415 ], [ 119.997377860869207, -4.263838124679203 ], [ 119.999192457743121, -4.263981457302399 ], [ 120.003118095534731, -4.264733953135559 ], [ 120.005184220688207, -4.265244574888343 ], [ 120.006522710461539, -4.265862695503413 ], [ 120.009244605772423, -4.266292692159665 ] ] } },
{ "type": "Feature", "properties": { "FID": 150, "OBJECTID": 895, "NAMOBJ": "Jaringan Tetap", "STSJRN": 1, "WADMPR": "Provinsi Sulawesi Selatan", "WADMKK": "Kabupaten Wajo", "REMARK": "Tidak Ada", "SBDATA": "Analisis Tim Penyusun, 2022", "SHAPE_Leng": 0.0544071618393 }, "geometry": { "type": "LineString", "coordinates": [ [ 120.084469527664609, -4.255623329068832 ], [ 120.085430725018597, -4.254333320483199 ], [ 120.086203276162948, -4.254763323585174 ], [ 120.087433968102189, -4.253276228503744 ], [ 120.088700592652785, -4.251224749252594 ], [ 120.08898805354373, -4.250203486803557 ], [ 120.090829599876159, -4.249307641436195 ], [ 120.093021489169402, -4.245715291061115 ], [ 120.094386928401264, -4.242803772877826 ], [ 120.095186429004144, -4.242848565548412 ], [ 120.096264407345089, -4.241558535595654 ], [ 120.096839329126908, -4.24057309459711 ], [ 120.097917307467853, -4.240904561255079 ], [ 120.098258667275829, -4.240770182897364 ], [ 120.100809882682725, -4.2353771121928 ], [ 120.101573450674238, -4.231632399786056 ], [ 120.103432963312343, -4.227645784141149 ], [ 120.103289232866899, -4.226929087018727 ], [ 120.102319052360045, -4.225316516070878 ], [ 120.106226723845978, -4.220595247409866 ], [ 120.108921669698319, -4.216286056834441 ], [ 120.109272012659119, -4.21593666195652 ], [ 120.110008631192116, -4.214565957457327 ], [ 120.110547620362595, -4.212971278593796 ] ] } },
{ "type": "Feature", "properties": { "FID": 151, "OBJECTID": 896, "NAMOBJ": "Jaringan Tetap", "STSJRN": 1, "WADMPR": "Provinsi Sulawesi Selatan", "WADMKK": "Kabupaten Wajo", "REMARK": "Tidak Ada", "SBDATA": "Analisis Tim Penyusun, 2022", "SHAPE_Leng": 0.144081451129 }, "geometry": { "type": "LineString", "coordinates": [ [ 120.097980189537736, -4.195671490726752 ], [ 120.095518805659253, -4.199523884787437 ], [ 120.094090484357508, -4.2023280573416 ], [ 120.09305742178077, -4.203922758002669 ], [ 120.091997409745517, -4.206234172270248 ], [ 120.090964347168764, -4.206717955784073 ], [ 120.089527042714181, -4.207900536441803 ], [ 120.08764956377037, -4.211493062120497 ], [ 120.087245321892524, -4.212478540081462 ], [ 120.087155490364111, -4.213249003799562 ], [ 120.085403775560067, -4.218113658251316 ], [ 120.08366104390889, -4.221750930628899 ], [ 120.081954244869053, -4.22636468756847 ], [ 120.083382566170812, -4.22717993108695 ], [ 120.082547132956577, -4.228819374248006 ], [ 120.081630851366768, -4.232134084795728 ], [ 120.080714569776973, -4.233934772956486 ], [ 120.080579822484353, -4.236944869182461 ], [ 120.080022867008211, -4.239578693770135 ], [ 120.080247445829229, -4.24160332833845 ], [ 120.078432848955302, -4.244711938342524 ], [ 120.075998414535349, -4.247059064980147 ], [ 120.0751629813211, -4.251179957068286 ], [ 120.074983318264287, -4.251269541434298 ], [ 120.072153625119327, -4.250821619500128 ], [ 120.069665291782286, -4.250185569906411 ], [ 120.06748238564191, -4.250176611457682 ], [ 120.067733913921458, -4.248832842969517 ], [ 120.067904593825432, -4.246154257465345 ], [ 120.067464419336218, -4.245159863824481 ], [ 120.067015261694152, -4.244416307382058 ], [ 120.066332542078229, -4.243789211030564 ], [ 120.062379954828089, -4.241119566578813 ], [ 120.062667415719005, -4.239372646591912 ], [ 120.062532668426385, -4.237876563259437 ], [ 120.063359118487782, -4.235825043085494 ], [ 120.061939780338889, -4.23524273287442 ], [ 120.061499605849647, -4.234508125521424 ], [ 120.060718071552486, -4.233988524777494 ], [ 120.060134166617786, -4.23261785217577 ], [ 120.057663799586464, -4.231551771807756 ], [ 120.0581758392984, -4.23000192126012 ], [ 120.05831058659102, -4.228810415551632 ], [ 120.05951432907176, -4.225495690786245 ], [ 120.059460430154715, -4.22437584813609 ], [ 120.058526182259229, -4.222154075533065 ], [ 120.057645833280787, -4.220783382004621 ], [ 120.056675652773933, -4.219457480079659 ], [ 120.054384948799424, -4.217029640282531 ], [ 120.052929678039163, -4.213150456157253 ], [ 120.052336789951639, -4.211170541789445 ], [ 120.052525436161289, -4.207130067429238 ], [ 120.053306970458479, -4.204361748061476 ], [ 120.053495616668144, -4.202695376322318 ], [ 120.05410647106136, -4.200742312439188 ], [ 120.055094617873891, -4.198412963799745 ], [ 120.05682836637223, -4.19507123226628 ], [ 120.057663799586464, -4.193879673060267 ], [ 120.058094990922839, -4.193449636208826 ], [ 120.058696862163202, -4.193145026629203 ], [ 120.061517572155324, -4.187975604783313 ] ] } },
{ "type": "Feature", "properties": { "FID": 152, "OBJECTID": 897, "NAMOBJ": "Jaringan Tetap", "STSJRN": 1, "WADMPR": "Provinsi Sulawesi Selatan", "WADMKK": "Kabupaten Wajo", "REMARK": "Tidak Ada", "SBDATA": "Analisis Tim Penyusun, 2022", "SHAPE_Leng": 0.046854853086700003 }, "geometry": { "type": "LineString", "coordinates": [ [ 120.101321922394661, -4.198968424491266 ], [ 120.101798029495257, -4.197230368752773 ], [ 120.102750243696434, -4.194874132372687 ], [ 120.104079750316927, -4.192508929771278 ], [ 120.104861284614117, -4.189803272564471 ], [ 120.106145875470403, -4.187169279404953 ], [ 120.106091976553358, -4.185592462931095 ], [ 120.105885364037988, -4.184983237533778 ], [ 120.105382307478891, -4.184239623538807 ], [ 120.105094846587988, -4.183209313824731 ], [ 120.105346374867537, -4.179383717205917 ], [ 120.105714684134014, -4.17775312936616 ], [ 120.107080123365876, -4.174572577398341 ], [ 120.107502331549426, -4.173909587477401 ], [ 120.108400646833545, -4.172825508157303 ], [ 120.110844064406351, -4.170594629476529 ], [ 120.111931025900134, -4.169322398637595 ], [ 120.110610502432479, -4.167476764323435 ], [ 120.111104575838738, -4.165442977805071 ], [ 120.110520670904052, -4.160452563061766 ], [ 120.110871013864866, -4.156178879341646 ] ] } },
{ "type": "Feature", "properties": { "FID": 153, "OBJECTID": 898, "NAMOBJ": "Jaringan Tetap", "STSJRN": 1, "WADMPR": "Provinsi Sulawesi Selatan", "WADMKK": "Kabupaten Wajo", "REMARK": "Tidak Ada", "SBDATA": "Analisis Tim Penyusun, 2022", "SHAPE_Leng": 0.033495859492399999 }, "geometry": { "type": "LineString", "coordinates": [ [ 120.111931025900134, -4.169322398637595 ], [ 120.112514930834791, -4.168892348310816 ], [ 120.113026970546755, -4.168874429542093 ], [ 120.114760719045094, -4.16915217041138 ], [ 120.115919545761614, -4.169170089173771 ], [ 120.122090971763527, -4.167028794176304 ], [ 120.123061152270381, -4.16613285311653 ], [ 120.124148113764136, -4.165649044519913 ], [ 120.124561338794848, -4.165649044519913 ], [ 120.125980676943755, -4.16647331083947 ], [ 120.127319166717086, -4.165801354665756 ], [ 120.127759341206314, -4.165380261837668 ], [ 120.128639690184741, -4.164923331067105 ], [ 120.130813613172307, -4.162773065055316 ], [ 120.13171192845644, -4.161025969595864 ], [ 120.135116543383248, -4.156832924683264 ], [ 120.135071627619041, -4.155650266956772 ], [ 120.137003005479912, -4.155981769680245 ], [ 120.138000135445282, -4.154852867943078 ] ] } },
{ "type": "Feature", "properties": { "FID": 154, "OBJECTID": 899, "NAMOBJ": "Jaringan Tetap", "STSJRN": 1, "WADMPR": "Provinsi Sulawesi Selatan", "WADMKK": "Kabupaten Wajo", "REMARK": "Tidak Ada", "SBDATA": "Analisis Tim Penyusun, 2022", "SHAPE_Leng": 0.13274423044799999 }, "geometry": { "type": "LineString", "coordinates": [ [ 120.130130893556398, -4.205526414366195 ], [ 120.130454287058669, -4.20415569153405 ], [ 120.132197018709874, -4.199425335408904 ], [ 120.132700075268971, -4.19669282495741 ], [ 120.133149232911023, -4.196020894692819 ], [ 120.135044678160526, -4.194685991518779 ], [ 120.135287223287222, -4.194354505142122 ], [ 120.136805376117408, -4.19058271781922 ], [ 120.138179798502108, -4.187832258110106 ], [ 120.138170815349255, -4.184463603732086 ], [ 120.139060147480549, -4.182053573489399 ], [ 120.139114046397594, -4.181094934863598 ], [ 120.138637939296999, -4.179303083821001 ], [ 120.137506062039009, -4.176758648305216 ], [ 120.136589780449199, -4.172037085893622 ], [ 120.135673498859418, -4.169492626826945 ], [ 120.135700448317934, -4.168623566737097 ], [ 120.135996892361689, -4.167727627494356 ], [ 120.136526898379316, -4.16727069808745 ], [ 120.138089966973695, -4.163973630969605 ], [ 120.138539124615747, -4.163713807158351 ], [ 120.139536254581117, -4.162235497634535 ], [ 120.140227957349893, -4.160425684620238 ], [ 120.141153222092527, -4.159726844818579 ], [ 120.141853908014141, -4.158732340955115 ], [ 120.141952722695393, -4.15773783583651 ], [ 120.141620346040284, -4.15703899365109 ], [ 120.141117289481159, -4.156456624689985 ], [ 120.138215731113462, -4.155130613758454 ], [ 120.137353348440712, -4.153177431434131 ], [ 120.136841308728762, -4.152621938330294 ], [ 120.135916043986114, -4.152218757606806 ], [ 120.135026711854835, -4.152218757606806 ], [ 120.133805003068431, -4.152765291426785 ], [ 120.131433450718362, -4.153419339599055 ], [ 120.131056158299046, -4.153715005033237 ], [ 120.130454287058669, -4.154449688359628 ], [ 120.130265640849004, -4.154924544291894 ], [ 120.130166826167752, -4.156349110373202 ], [ 120.129538005468859, -4.156967317494478 ], [ 120.125953727485225, -4.15887569294079 ], [ 120.124139130611297, -4.159637249927377 ], [ 120.123231832174355, -4.159834358674572 ], [ 120.121956224470907, -4.159798520724205 ], [ 120.120051796068566, -4.160192738088572 ], [ 120.119324160688421, -4.159914994056937 ], [ 120.117832957316793, -4.158427717898967 ], [ 120.117060406172442, -4.157388414821248 ], [ 120.115739882704787, -4.156358069900161 ], [ 120.114841567420669, -4.155874255298713 ], [ 120.113880370066653, -4.155686105095759 ], [ 120.111481868258053, -4.156277434153869 ], [ 120.109784052371083, -4.155910093427519 ], [ 120.106226723845978, -4.154306335569183 ], [ 120.103918053565792, -4.152783210562014 ], [ 120.103298216019738, -4.152639857468779 ], [ 120.101690231661166, -4.152657776606858 ], [ 120.100459539721925, -4.152254595901677 ], [ 120.099165965712771, -4.150821062837534 ], [ 120.097683745493981, -4.149987820547755 ], [ 120.096902211196792, -4.149727992127017 ], [ 120.093659293021148, -4.149566719271147 ], [ 120.090272644400017, -4.148661798746834 ], [ 120.086868029473194, -4.148697637203157 ], [ 120.085179196739048, -4.14913665816115 ], [ 120.084173083620826, -4.150346204436072 ], [ 120.083409515629342, -4.152003727803392 ], [ 120.079933035479797, -4.155605469280749 ], [ 120.079385063156479, -4.155462116700376 ], [ 120.077929792396205, -4.154386971517014 ], [ 120.077148258099015, -4.152962401891938 ], [ 120.076321808037619, -4.152792170129477 ] ] } },
{ "type": "Feature", "properties": { "FID": 155, "OBJECTID": 900, "NAMOBJ": "Jaringan Tetap", "STSJRN": 1, "WADMPR": "Provinsi Sulawesi Selatan", "WADMKK": "Kabupaten Wajo", "REMARK": "Tidak Ada", "SBDATA": "Analisis Tim Penyusun, 2022", "SHAPE_Leng": 0.061703425122599999 }, "geometry": { "type": "LineString", "coordinates": [ [ 120.083894605882762, -4.134093331734952 ], [ 120.084155117315149, -4.133000237914268 ], [ 120.083831723812864, -4.132346172858309 ], [ 120.083966471105484, -4.131808584737177 ], [ 120.0849276684595, -4.129559670480508 ], [ 120.086149377245903, -4.128126096313228 ], [ 120.086733282180589, -4.127848341018908 ], [ 120.088278384469263, -4.127902100115715 ], [ 120.089140767142027, -4.128126096313228 ], [ 120.090461290609682, -4.128726405810885 ], [ 120.09101824608581, -4.128672646769902 ], [ 120.091458420575051, -4.128368012135551 ], [ 120.092572331527364, -4.126280365760747 ], [ 120.093533528881366, -4.126307245362683 ], [ 120.094350995789895, -4.122902488545614 ], [ 120.094036585440463, -4.12174665988865 ], [ 120.094952867030273, -4.11814476446216 ], [ 120.096255424192236, -4.116092931170861 ], [ 120.097423234061594, -4.115116292506483 ], [ 120.097845442245131, -4.114507012733028 ], [ 120.097854425397969, -4.114005252569632 ], [ 120.09714475632353, -4.111845888260092 ], [ 120.09975885380031, -4.106649053911746 ], [ 120.10121412456057, -4.107347940501551 ], [ 120.103971952482837, -4.108073706696866 ], [ 120.106226723845978, -4.109032433868564 ], [ 120.108625225654578, -4.111487486978634 ], [ 120.110026597497793, -4.112392449904016 ], [ 120.116701080058803, -4.114148612648569 ], [ 120.117770075246909, -4.114981892596525 ], [ 120.121174690173717, -4.116567810088574 ] ] } },
{ "type": "Feature", "properties": { "FID": 156, "OBJECTID": 901, "NAMOBJ": "Jaringan Tetap", "STSJRN": 1, "WADMPR": "Provinsi Sulawesi Selatan", "WADMKK": "Kabupaten Wajo", "REMARK": "Tidak Ada", "SBDATA": "Analisis Tim Penyusun, 2022", "SHAPE_Leng": 0.0395908315954 }, "geometry": { "type": "LineString", "coordinates": [ [ 120.00632508109905, -4.020269159702828 ], [ 120.00619033380643, -4.018315648878636 ], [ 120.006702373518365, -4.01656823844291 ], [ 120.011705989650906, -4.017374736032181 ], [ 120.014598564865778, -4.016030572940537 ], [ 120.015847223110697, -4.015752778958852 ], [ 120.018362505906225, -4.016102261694654 ], [ 120.022629503505797, -4.017123825756506 ], [ 120.023608667165504, -4.017168631168536 ], [ 120.030112469822527, -4.019104222618655 ], [ 120.031909100390749, -4.018880196065509 ], [ 120.0326816515351, -4.018405259569311 ], [ 120.033454202679451, -4.01750915221955 ], [ 120.034029124461284, -4.017204475496389 ], [ 120.038296122060856, -4.017356813872192 ], [ 120.040784455397855, -4.018441103842824 ] ] } },
{ "type": "Feature", "properties": { "FID": 157, "OBJECTID": 902, "NAMOBJ": "Jaringan Tetap", "STSJRN": 1, "WADMPR": "Provinsi Sulawesi Selatan", "WADMKK": "Kabupaten Wajo", "REMARK": "Tidak Ada", "SBDATA": "Analisis Tim Penyusun, 2022", "SHAPE_Leng": 0.0074172913104000003 }, "geometry": { "type": "LineString", "coordinates": [ [ 119.93946347450202, -3.979414721250686 ], [ 119.941152307236152, -3.979244452830152 ], [ 119.943919118311257, -3.979298221808861 ], [ 119.94664999677498, -3.980391523614549 ] ] } },
{ "type": "Feature", "properties": { "FID": 158, "OBJECTID": 903, "NAMOBJ": "Jaringan Tetap", "STSJRN": 1, "WADMPR": "Provinsi Sulawesi Selatan", "WADMKK": "Kabupaten Wajo", "REMARK": "Tidak Ada", "SBDATA": "Analisis Tim Penyusun, 2022", "SHAPE_Leng": 0.021967743770599998 }, "geometry": { "type": "LineString", "coordinates": [ [ 119.915712018389897, -4.010627014980376 ], [ 119.915999479280813, -4.009587520460797 ], [ 119.91601744558649, -4.008709325784777 ], [ 119.917212204914378, -4.005859667177202 ], [ 119.917517632110972, -4.005528102480642 ], [ 119.918919003954215, -4.005447451588189 ], [ 119.919916133919585, -4.003413254227973 ], [ 119.920365291561637, -4.00290246378841 ], [ 119.92115580901168, -4.002920386265367 ], [ 119.922386500950921, -4.004049501522752 ], [ 119.922557180854895, -4.004058462748725 ], [ 119.923814822252652, -4.003162339665905 ], [ 119.924389744034485, -4.00228413809312 ], [ 119.931073209748334, -4.003529750248506 ] ] } },
{ "type": "Feature", "properties": { "FID": 159, "OBJECTID": 904, "NAMOBJ": "Jaringan Tetap", "STSJRN": 1, "WADMPR": "Provinsi Sulawesi Selatan", "WADMKK": "Kabupaten Wajo", "REMARK": "Tidak Ada", "SBDATA": "Analisis Tim Penyusun, 2022", "SHAPE_Leng": 0.046615898923399998 }, "geometry": { "type": "LineString", "coordinates": [ [ 119.926195357755574, -4.002588820378136 ], [ 119.92801893778234, -3.999147696217881 ], [ 119.924416693493029, -3.997830387050326 ], [ 119.924731103842461, -3.997194134925567 ], [ 119.925153312025998, -3.996719185834549 ], [ 119.92525212670725, -3.996073971534383 ], [ 119.925611452820903, -3.995446679367042 ], [ 119.925593486515226, -3.995168878396814 ], [ 119.924623306008371, -3.993645452049095 ], [ 119.924308895658911, -3.992256443208531 ], [ 119.924820935370875, -3.990025062796505 ], [ 119.925009581580539, -3.988591240858774 ], [ 119.924946699510642, -3.987981865777583 ], [ 119.924515508174281, -3.987399374468778 ], [ 119.923410580374807, -3.986619731609463 ], [ 119.923248883623657, -3.986225429192189 ], [ 119.92398550215664, -3.982802159351559 ], [ 119.920203594810502, -3.981968743333871 ], [ 119.915235911289301, -3.980068910117928 ], [ 119.91445437699214, -3.979459528723923 ], [ 119.913250634511414, -3.978912877383891 ], [ 119.912639780118212, -3.978178034027327 ], [ 119.911175526205099, -3.977021998639834 ], [ 119.910205345698245, -3.976573922472141 ], [ 119.90813023739193, -3.97526553866844 ], [ 119.904860369757728, -3.972406802449287 ] ] } },
{ "type": "Feature", "properties": { "FID": 160, "OBJECTID": 905, "NAMOBJ": "Jaringan Tetap", "STSJRN": 1, "WADMPR": "Provinsi Sulawesi Selatan", "WADMKK": "Kabupaten Wajo", "REMARK": "Tidak Ada", "SBDATA": "Analisis Tim Penyusun, 2022", "SHAPE_Leng": 0.046187696718 }, "geometry": { "type": "LineString", "coordinates": [ [ 119.959945062979955, -4.036712516888771 ], [ 119.959657602089038, -4.036596025609739 ], [ 119.959747433617451, -4.036416808224747 ], [ 119.9589748824731, -4.036022529838522 ], [ 119.959028781390145, -4.035789547065766 ], [ 119.957914870437833, -4.035260855141197 ], [ 119.95636078499632, -4.033101279469006 ], [ 119.955785863214473, -4.032581546707569 ], [ 119.952372265134812, -4.030932737126963 ], [ 119.950916994374552, -4.029615479244041 ], [ 119.949291043710275, -4.026111742111918 ], [ 119.947808823491485, -4.024642139438616 ], [ 119.94810526753524, -4.023808766012481 ], [ 119.947458480530685, -4.022697600117938 ], [ 119.946425417953947, -4.021935912943773 ], [ 119.945563035281182, -4.0209950042751 ], [ 119.94549117005846, -4.019964484010778 ], [ 119.945086928180615, -4.019113183679501 ], [ 119.945131843944822, -4.018082661036806 ], [ 119.943047752485654, -4.017132786839108 ], [ 119.941583498572555, -4.017320969551033 ], [ 119.940873829498088, -4.017204475496389 ], [ 119.940379756091829, -4.016666810413252 ], [ 119.939804834309982, -4.016317327919222 ], [ 119.939670087017362, -4.015833428834243 ], [ 119.938771771733244, -4.014982124192091 ], [ 119.937738709156505, -4.013019639582367 ], [ 119.936678697121238, -4.012320671322081 ], [ 119.935654617697338, -4.011998070384831 ], [ 119.935178510596771, -4.01165754703508 ], [ 119.934953931775752, -4.010295452216869 ], [ 119.932986621303513, -4.009238034937436 ], [ 119.930156928158553, -4.008368801064752 ], [ 119.92939336016704, -4.007795285426263 ] ] } },
{ "type": "Feature", "properties": { "FID": 161, "OBJECTID": 906, "NAMOBJ": "Jaringan Tetap", "STSJRN": 1, "WADMPR": "Provinsi Sulawesi Selatan", "WADMKK": "Kabupaten Wajo", "REMARK": "Tidak Ada", "SBDATA": "Analisis Tim Penyusun, 2022", "SHAPE_Leng": 0.022874939889199999 }, "geometry": { "type": "LineString", "coordinates": [ [ 120.039329184637594, -4.120635629208206 ], [ 120.03935613409611, -4.117436927374114 ], [ 120.039203420497813, -4.117230848103577 ], [ 120.038547650340405, -4.117239808072972 ], [ 120.03833205467221, -4.1170337287514 ], [ 120.038421886200624, -4.115886851552403 ], [ 120.038188324226766, -4.115537412077469 ], [ 120.036472542034076, -4.114713092708567 ], [ 120.034397433727761, -4.114990852591228 ], [ 120.028648215909399, -4.114157572652646 ], [ 120.02783074900087, -4.113826052434681 ], [ 120.025378348275197, -4.112114689115423 ], [ 120.02236899207341, -4.111138045574052 ] ] } },
{ "type": "Feature", "properties": { "FID": 162, "OBJECTID": 907, "NAMOBJ": "Jaringan Tetap", "STSJRN": 1, "WADMPR": "Provinsi Sulawesi Selatan", "WADMKK": "Kabupaten Wajo", "REMARK": "Tidak Ada", "SBDATA": "Analisis Tim Penyusun, 2022", "SHAPE_Leng": 0.00058117278017000003 }, "geometry": { "type": "LineString", "coordinates": [ [ 120.029034491481582, -4.138053544262886 ], [ 120.028486519158264, -4.137847470343598 ] ] } },
{ "type": "Feature", "properties": { "FID": 163, "OBJECTID": 908, "NAMOBJ": "Jaringan Tetap", "STSJRN": 1, "WADMPR": "Provinsi Sulawesi Selatan", "WADMKK": "Kabupaten Wajo", "REMARK": "Tidak Ada", "SBDATA": "Analisis Tim Penyusun, 2022", "SHAPE_Leng": 0.0151277811139 }, "geometry": { "type": "LineString", "coordinates": [ [ 120.027121079926403, -4.153544773433149 ], [ 120.026420394004774, -4.153267027059417 ], [ 120.025036988467235, -4.152362110776534 ], [ 120.024569864519506, -4.150865860785193 ], [ 120.024012909043336, -4.15028348726736 ], [ 120.022243227933643, -4.148984344795204 ], [ 120.020239984850051, -4.148231737144132 ], [ 120.021731188221679, -4.142452761657387 ] ] } },
{ "type": "Feature", "properties": { "FID": 164, "OBJECTID": 909, "NAMOBJ": "Jaringan Tetap", "STSJRN": 1, "WADMPR": "Provinsi Sulawesi Selatan", "WADMKK": "Kabupaten Wajo", "REMARK": "Tidak Ada", "SBDATA": "Analisis Tim Penyusun, 2022", "SHAPE_Leng": 0.0011622019377400001 }, "geometry": { "type": "LineString", "coordinates": [ [ 120.031971982460647, -4.146359174520332 ], [ 120.0323313085743, -4.146493569114822 ], [ 120.032636735770893, -4.145767838033086 ] ] } },
{ "type": "Feature", "properties": { "FID": 165, "OBJECTID": 910, "NAMOBJ": "Jaringan Tetap", "STSJRN": 1, "WADMPR": "Provinsi Sulawesi Selatan", "WADMKK": "Kabupaten Wajo", "REMARK": "Tidak Ada", "SBDATA": "Analisis Tim Penyusun, 2022", "SHAPE_Leng": 0.0053316926959200003 }, "geometry": { "type": "LineString", "coordinates": [ [ 120.037918829641526, -4.152935523195043 ], [ 120.039266302567711, -4.153231188810523 ], [ 120.040038853712034, -4.149369607958135 ] ] } },
{ "type": "Feature", "properties": { "FID": 166, "OBJECTID": 911, "NAMOBJ": "Jaringan Tetap", "STSJRN": 1, "WADMPR": "Provinsi Sulawesi Selatan", "WADMKK": "Kabupaten Wajo", "REMARK": "Tidak Ada", "SBDATA": "Analisis Tim Penyusun, 2022", "SHAPE_Leng": 0.0030929210446399998 }, "geometry": { "type": "LineString", "coordinates": [ [ 120.034981338662448, -4.138456732210745 ], [ 120.035322698470409, -4.13864488651616 ], [ 120.03553829413859, -4.138295457056235 ], [ 120.034693877771545, -4.137677235326351 ], [ 120.034262686435142, -4.137605557413406 ], [ 120.033526067902187, -4.137856430080334 ] ] } },
{ "type": "Feature", "properties": { "FID": 167, "OBJECTID": 912, "NAMOBJ": "Jaringan Tetap", "STSJRN": 1, "WADMPR": "Provinsi Sulawesi Selatan", "WADMKK": "Kabupaten Wajo", "REMARK": "Tidak Ada", "SBDATA": "Analisis Tim Penyusun, 2022", "SHAPE_Leng": 0.0019123529176199999 }, "geometry": { "type": "LineString", "coordinates": [ [ 120.033023011343062, -4.135517935353609 ], [ 120.033786579334574, -4.135831527001237 ], [ 120.03485557452268, -4.136010722172729 ] ] } },
{ "type": "Feature", "properties": { "FID": 168, "OBJECTID": 913, "NAMOBJ": "Jaringan Tetap", "STSJRN": 1, "WADMPR": "Provinsi Sulawesi Selatan", "WADMKK": "Kabupaten Wajo", "REMARK": "Tidak Ada", "SBDATA": "Analisis Tim Penyusun, 2022", "SHAPE_Leng": 0.0017501280452899999 }, "geometry": { "type": "LineString", "coordinates": [ [ 120.03485557452268, -4.136010722172729 ], [ 120.034981338662448, -4.136808140194414 ], [ 120.034774726147106, -4.137722034018649 ] ] } },
{ "type": "Feature", "properties": { "FID": 169, "OBJECTID": 914, "NAMOBJ": "Jaringan Tetap", "STSJRN": 1, "WADMPR": "Provinsi Sulawesi Selatan", "WADMKK": "Kabupaten Wajo", "REMARK": "Tidak Ada", "SBDATA": "Analisis Tim Penyusun, 2022", "SHAPE_Leng": 0.0050905118019199998 }, "geometry": { "type": "LineString", "coordinates": [ [ 120.03485557452268, -4.136010722172729 ], [ 120.035062187038022, -4.134989309152409 ], [ 120.035708974042592, -4.134469642373645 ], [ 120.037703233973318, -4.134084371955662 ], [ 120.038350020977902, -4.134514441247303 ], [ 120.038736296550056, -4.134505481472774 ] ] } },
{ "type": "Feature", "properties": { "FID": 170, "OBJECTID": 915, "NAMOBJ": "Jaringan Tetap", "STSJRN": 1, "WADMPR": "Provinsi Sulawesi Selatan", "WADMKK": "Kabupaten Wajo", "REMARK": "Tidak Ada", "SBDATA": "Analisis Tim Penyusun, 2022", "SHAPE_Leng": 0.00206615406997 }, "geometry": { "type": "LineString", "coordinates": [ [ 120.033526067902187, -4.137856430080334 ], [ 120.033669798347645, -4.136655824454532 ], [ 120.032852331439088, -4.13658414644916 ] ] } },
{ "type": "Feature", "properties": { "FID": 171, "OBJECTID": 916, "NAMOBJ": "Jaringan Tetap", "STSJRN": 1, "WADMPR": "Provinsi Sulawesi Selatan", "WADMKK": "Kabupaten Wajo", "REMARK": "Tidak Ada", "SBDATA": "Analisis Tim Penyusun, 2022", "SHAPE_Leng": 0.00084874973234300003 }, "geometry": { "type": "LineString", "coordinates": [ [ 120.032528937936803, -4.138725524061937 ], [ 120.03337335430389, -4.13884200050245 ] ] } },
{ "type": "Feature", "properties": { "FID": 172, "OBJECTID": 917, "NAMOBJ": "Jaringan Tetap", "STSJRN": 1, "WADMPR": "Provinsi Sulawesi Selatan", "WADMKK": "Kabupaten Wajo", "REMARK": "Tidak Ada", "SBDATA": "Analisis Tim Penyusun, 2022", "SHAPE_Leng": 0.0070474101059800004 }, "geometry": { "type": "LineString", "coordinates": [ [ 120.03337335430389, -4.13884200050245 ], [ 120.035026254426654, -4.138967436649994 ], [ 120.036697120855109, -4.140212837322398 ], [ 120.037146278497175, -4.1399709251149 ], [ 120.038412903047785, -4.138770322694932 ], [ 120.039338167790433, -4.138349215444721 ] ] } },
{ "type": "Feature", "properties": { "FID": 173, "OBJECTID": 918, "NAMOBJ": "Jaringan Tetap", "STSJRN": 1, "WADMPR": "Provinsi Sulawesi Selatan", "WADMKK": "Kabupaten Wajo", "REMARK": "Tidak Ada", "SBDATA": "Analisis Tim Penyusun, 2022", "SHAPE_Leng": 0.00096686246406800004 }, "geometry": { "type": "LineString", "coordinates": [ [ 120.030696374757198, -4.136826059691297 ], [ 120.031235363927678, -4.136028641687651 ] ] } },
{ "type": "Feature", "properties": { "FID": 174, "OBJECTID": 919, "NAMOBJ": "Jaringan Tetap", "STSJRN": 1, "WADMPR": "Provinsi Sulawesi Selatan", "WADMKK": "Kabupaten Wajo", "REMARK": "Tidak Ada", "SBDATA": "Analisis Tim Penyusun, 2022", "SHAPE_Leng": 0.0013902972649500001 }, "geometry": { "type": "LineString", "coordinates": [ [ 120.031406043831652, -4.136395991654205 ], [ 120.032798432522043, -4.136395991654205 ] ] } },
{ "type": "Feature", "properties": { "FID": 175, "OBJECTID": 920, "NAMOBJ": "Jaringan Tetap", "STSJRN": 1, "WADMPR": "Provinsi Sulawesi Selatan", "WADMKK": "Kabupaten Wajo", "REMARK": "Tidak Ada", "SBDATA": "Analisis Tim Penyusun, 2022", "SHAPE_Leng": 0.00191811501109 }, "geometry": { "type": "LineString", "coordinates": [ [ 120.025854455375793, -4.123699919740038 ], [ 120.026393444546258, -4.121863138821693 ] ] } },
{ "type": "Feature", "properties": { "FID": 176, "OBJECTID": 921, "NAMOBJ": "Jaringan Tetap", "STSJRN": 1, "WADMPR": "Provinsi Sulawesi Selatan", "WADMKK": "Kabupaten Wajo", "REMARK": "Tidak Ada", "SBDATA": "Analisis Tim Penyusun, 2022", "SHAPE_Leng": 0.0011478991802899999 }, "geometry": { "type": "LineString", "coordinates": [ [ 120.030193318198101, -4.132238655263236 ], [ 120.030453829630488, -4.13112763926067 ] ] } },
{ "type": "Feature", "properties": { "FID": 177, "OBJECTID": 922, "NAMOBJ": "Jaringan Tetap", "STSJRN": 1, "WADMPR": "Provinsi Sulawesi Selatan", "WADMKK": "Kabupaten Wajo", "REMARK": "Tidak Ada", "SBDATA": "Analisis Tim Penyusun, 2022", "SHAPE_Leng": 0.000833176761111 }, "geometry": { "type": "LineString", "coordinates": [ [ 120.031459942748711, -4.130428773558563 ], [ 120.032268426504416, -4.130625889588156 ] ] } },
{ "type": "Feature", "properties": { "FID": 178, "OBJECTID": 923, "NAMOBJ": "Jaringan Tetap", "STSJRN": 1, "WADMPR": "Provinsi Sulawesi Selatan", "WADMKK": "Kabupaten Wajo", "REMARK": "Tidak Ada", "SBDATA": "Analisis Tim Penyusun, 2022", "SHAPE_Leng": 0.0025832205764600002 }, "geometry": { "type": "LineString", "coordinates": [ [ 120.033121826024313, -4.130957402800209 ], [ 120.034810658758474, -4.130849885016883 ], [ 120.03485557452268, -4.129989742225739 ] ] } },
{ "type": "Feature", "properties": { "FID": 179, "OBJECTID": 924, "NAMOBJ": "Jaringan Tetap", "STSJRN": 1, "WADMPR": "Provinsi Sulawesi Selatan", "WADMKK": "Kabupaten Wajo", "REMARK": "Tidak Ada", "SBDATA": "Analisis Tim Penyusun, 2022", "SHAPE_Leng": 0.00141470586089 }, "geometry": { "type": "LineString", "coordinates": [ [ 120.032070797141898, -4.135231222881465 ], [ 120.032484022172596, -4.133878297004064 ] ] } },
{ "type": "Feature", "properties": { "FID": 180, "OBJECTID": 925, "NAMOBJ": "Jaringan Tetap", "STSJRN": 1, "WADMPR": "Provinsi Sulawesi Selatan", "WADMKK": "Kabupaten Wajo", "REMARK": "Tidak Ada", "SBDATA": "Analisis Tim Penyusun, 2022", "SHAPE_Leng": 0.0015452396204400001 }, "geometry": { "type": "LineString", "coordinates": [ [ 120.026923450563899, -4.128511369625103 ], [ 120.026671922284351, -4.129810545693553 ], [ 120.026537174991716, -4.129971822574342 ] ] } },
{ "type": "Feature", "properties": { "FID": 181, "OBJECTID": 926, "NAMOBJ": "Jaringan Tetap", "STSJRN": 1, "WADMPR": "Provinsi Sulawesi Selatan", "WADMKK": "Kabupaten Wajo", "REMARK": "Tidak Ada", "SBDATA": "Analisis Tim Penyusun, 2022", "SHAPE_Leng": 0.0012260813256100001 }, "geometry": { "type": "LineString", "coordinates": [ [ 120.026168865725225, -4.129505911495966 ], [ 120.026474292921819, -4.128341132603378 ] ] } },
{ "type": "Feature", "properties": { "FID": 182, "OBJECTID": 927, "NAMOBJ": "Jaringan Tetap", "STSJRN": 1, "WADMPR": "Provinsi Sulawesi Selatan", "WADMKK": "Kabupaten Wajo", "REMARK": "Tidak Ada", "SBDATA": "Analisis Tim Penyusun, 2022", "SHAPE_Leng": 0.0010903615572199999 }, "geometry": { "type": "LineString", "coordinates": [ [ 120.025917337445691, -4.129255036186616 ], [ 120.025989202668413, -4.128161935698964 ] ] } },
{ "type": "Feature", "properties": { "FID": 183, "OBJECTID": 928, "NAMOBJ": "Jaringan Tetap", "STSJRN": 1, "WADMPR": "Provinsi Sulawesi Selatan", "WADMKK": "Kabupaten Wajo", "REMARK": "Tidak Ada", "SBDATA": "Analisis Tim Penyusun, 2022", "SHAPE_Leng": 0.0075390549423300004 }, "geometry": { "type": "LineString", "coordinates": [ [ 120.032582836853848, -4.136136158768663 ], [ 120.033023011343062, -4.135517935353609 ], [ 120.033490135290819, -4.131960901408495 ], [ 120.032798432522043, -4.130168938717458 ], [ 120.031693504722568, -4.129550710650004 ] ] } },
{ "type": "Feature", "properties": { "FID": 184, "OBJECTID": 929, "NAMOBJ": "Jaringan Tetap", "STSJRN": 1, "WADMPR": "Provinsi Sulawesi Selatan", "WADMKK": "Kabupaten Wajo", "REMARK": "Tidak Ada", "SBDATA": "Analisis Tim Penyusun, 2022", "SHAPE_Leng": 0.0029507582124699999 }, "geometry": { "type": "LineString", "coordinates": [ [ 120.028028378363373, -4.128816004204435 ], [ 120.02862126645087, -4.125921970981334 ] ] } },
{ "type": "Feature", "properties": { "FID": 185, "OBJECTID": 930, "NAMOBJ": "Jaringan Tetap", "STSJRN": 1, "WADMPR": "Provinsi Sulawesi Selatan", "WADMKK": "Kabupaten Wajo", "REMARK": "Tidak Ada", "SBDATA": "Analisis Tim Penyusun, 2022", "SHAPE_Leng": 0.00073277334417100001 }, "geometry": { "type": "LineString", "coordinates": [ [ 120.028980592564537, -4.127436187822449 ], [ 120.029690261638976, -4.127642264447423 ] ] } },
{ "type": "Feature", "properties": { "FID": 186, "OBJECTID": 931, "NAMOBJ": "Jaringan Tetap", "STSJRN": 1, "WADMPR": "Provinsi Sulawesi Selatan", "WADMKK": "Kabupaten Wajo", "REMARK": "Tidak Ada", "SBDATA": "Analisis Tim Penyusun, 2022", "SHAPE_Leng": 0.0015495872657399999 }, "geometry": { "type": "LineString", "coordinates": [ [ 120.02862126645087, -4.12894144193841 ], [ 120.028980592564537, -4.127436187822449 ] ] } },
{ "type": "Feature", "properties": { "FID": 187, "OBJECTID": 932, "NAMOBJ": "Jaringan Tetap", "STSJRN": 1, "WADMPR": "Provinsi Sulawesi Selatan", "WADMKK": "Kabupaten Wajo", "REMARK": "Tidak Ada", "SBDATA": "Analisis Tim Penyusun, 2022", "SHAPE_Leng": 0.0027975338005700001 }, "geometry": { "type": "LineString", "coordinates": [ [ 120.025989202668413, -4.128161935698964 ], [ 120.026618023367305, -4.125438137772611 ] ] } },
{ "type": "Feature", "properties": { "FID": 188, "OBJECTID": 933, "NAMOBJ": "Jaringan Tetap", "STSJRN": 1, "WADMPR": "Provinsi Sulawesi Selatan", "WADMKK": "Kabupaten Wajo", "REMARK": "Tidak Ada", "SBDATA": "Analisis Tim Penyusun, 2022", "SHAPE_Leng": 0.0012765900793799999 }, "geometry": { "type": "LineString", "coordinates": [ [ 120.030938919883894, -4.12721219143029 ], [ 120.032124696058943, -4.127696023558184 ] ] } },
{ "type": "Feature", "properties": { "FID": 189, "OBJECTID": 934, "NAMOBJ": "Jaringan Tetap", "STSJRN": 1, "WADMPR": "Provinsi Sulawesi Selatan", "WADMKK": "Kabupaten Wajo", "REMARK": "Tidak Ada", "SBDATA": "Analisis Tim Penyusun, 2022", "SHAPE_Leng": 0.0029033601088400002 }, "geometry": { "type": "LineString", "coordinates": [ [ 120.032564870548171, -4.126513322280639 ], [ 120.035322698470409, -4.12740034840395 ] ] } },
{ "type": "Feature", "properties": { "FID": 190, "OBJECTID": 935, "NAMOBJ": "Jaringan Tetap", "STSJRN": 1, "WADMPR": "Provinsi Sulawesi Selatan", "WADMKK": "Kabupaten Wajo", "REMARK": "Tidak Ada", "SBDATA": "Analisis Tim Penyusun, 2022", "SHAPE_Leng": 0.00156345822917 }, "geometry": { "type": "LineString", "coordinates": [ [ 120.030283149726515, -4.124201673789329 ], [ 120.03179231940382, -4.124613828664232 ] ] } },
{ "type": "Feature", "properties": { "FID": 191, "OBJECTID": 936, "NAMOBJ": "Jaringan Tetap", "STSJRN": 1, "WADMPR": "Provinsi Sulawesi Selatan", "WADMKK": "Kabupaten Wajo", "REMARK": "Tidak Ada", "SBDATA": "Analisis Tim Penyusun, 2022", "SHAPE_Leng": 0.0013883617882799999 }, "geometry": { "type": "LineString", "coordinates": [ [ 120.031406043831652, -4.123744719221606 ], [ 120.031801302556659, -4.122418653498357 ] ] } },
{ "type": "Feature", "properties": { "FID": 192, "OBJECTID": 937, "NAMOBJ": "Jaringan Tetap", "STSJRN": 1, "WADMPR": "Provinsi Sulawesi Selatan", "WADMKK": "Kabupaten Wajo", "REMARK": "Tidak Ada", "SBDATA": "Analisis Tim Penyusun, 2022", "SHAPE_Leng": 0.0023758214673200002 }, "geometry": { "type": "LineString", "coordinates": [ [ 120.032430123255551, -4.124784066484953 ], [ 120.032987078731693, -4.123350483697145 ], [ 120.033094876565784, -4.122526172423196 ] ] } },
{ "type": "Feature", "properties": { "FID": 193, "OBJECTID": 938, "NAMOBJ": "Jaringan Tetap", "STSJRN": 1, "WADMPR": "Provinsi Sulawesi Selatan", "WADMKK": "Kabupaten Wajo", "REMARK": "Tidak Ada", "SBDATA": "Analisis Tim Penyusun, 2022", "SHAPE_Leng": 0.00168192526646 }, "geometry": { "type": "LineString", "coordinates": [ [ 120.030355014949237, -4.123449042596596 ], [ 120.028702114826444, -4.123144405958802 ] ] } },
{ "type": "Feature", "properties": { "FID": 194, "OBJECTID": 939, "NAMOBJ": "Jaringan Tetap", "STSJRN": 1, "WADMPR": "Provinsi Sulawesi Selatan", "WADMKK": "Kabupaten Wajo", "REMARK": "Tidak Ada", "SBDATA": "Analisis Tim Penyusun, 2022", "SHAPE_Leng": 0.0010838974780599999 }, "geometry": { "type": "LineString", "coordinates": [ [ 120.034550147326087, -4.124013516057971 ], [ 120.034693877771545, -4.12294728807213 ] ] } },
{ "type": "Feature", "properties": { "FID": 195, "OBJECTID": 940, "NAMOBJ": "Jaringan Tetap", "STSJRN": 1, "WADMPR": "Provinsi Sulawesi Selatan", "WADMKK": "Kabupaten Wajo", "REMARK": "Tidak Ada", "SBDATA": "Analisis Tim Penyusun, 2022", "SHAPE_Leng": 0.00172750324968 }, "geometry": { "type": "LineString", "coordinates": [ [ 120.034720827230061, -4.124613828664232 ], [ 120.035035237579493, -4.122920408356523 ] ] } },
{ "type": "Feature", "properties": { "FID": 196, "OBJECTID": 941, "NAMOBJ": "Jaringan Tetap", "STSJRN": 1, "WADMPR": "Provinsi Sulawesi Selatan", "WADMKK": "Kabupaten Wajo", "REMARK": "Tidak Ada", "SBDATA": "Analisis Tim Penyusun, 2022", "SHAPE_Leng": 0.0058330285575499997 }, "geometry": { "type": "LineString", "coordinates": [ [ 120.034029124461284, -4.12246345305214 ], [ 120.036158131684644, -4.122114016465672 ], [ 120.037784082348892, -4.121648100778132 ], [ 120.038197307379605, -4.121459942442309 ], [ 120.038799178619954, -4.120680428862451 ], [ 120.039329184637594, -4.120635629208206 ] ] } },
{ "type": "Feature", "properties": { "FID": 197, "OBJECTID": 942, "NAMOBJ": "Jaringan Tetap", "STSJRN": 1, "WADMPR": "Provinsi Sulawesi Selatan", "WADMKK": "Kabupaten Wajo", "REMARK": "Tidak Ada", "SBDATA": "Analisis Tim Penyusun, 2022", "SHAPE_Leng": 0.0015763047363899999 }, "geometry": { "type": "LineString", "coordinates": [ [ 120.031244347080516, -4.122338014295185 ], [ 120.031424010137343, -4.120778988092908 ] ] } },
{ "type": "Feature", "properties": { "FID": 198, "OBJECTID": 943, "NAMOBJ": "Jaringan Tetap", "STSJRN": 1, "WADMPR": "Provinsi Sulawesi Selatan", "WADMKK": "Kabupaten Wajo", "REMARK": "Tidak Ada", "SBDATA": "Analisis Tim Penyusun, 2022", "SHAPE_Leng": 0.0044592824653000001 }, "geometry": { "type": "LineString", "coordinates": [ [ 120.032430123255551, -4.1225082526034 ], [ 120.033346404845332, -4.11814476446216 ] ] } },
{ "type": "Feature", "properties": { "FID": 199, "OBJECTID": 944, "NAMOBJ": "Jaringan Tetap", "STSJRN": 1, "WADMPR": "Provinsi Sulawesi Selatan", "WADMKK": "Kabupaten Wajo", "REMARK": "Tidak Ada", "SBDATA": "Analisis Tim Penyusun, 2022", "SHAPE_Leng": 0.0024521416158799999 }, "geometry": { "type": "LineString", "coordinates": [ [ 120.032124696058943, -4.117150208374496 ], [ 120.034523197867557, -4.116648449876653 ] ] } },
{ "type": "Feature", "properties": { "FID": 200, "OBJECTID": 945, "NAMOBJ": "Jaringan Tetap", "STSJRN": 1, "WADMPR": "Provinsi Sulawesi Selatan", "WADMKK": "Kabupaten Wajo", "REMARK": "Tidak Ada", "SBDATA": "Analisis Tim Penyusun, 2022", "SHAPE_Leng": 0.00239445386716 }, "geometry": { "type": "LineString", "coordinates": [ [ 120.024309353087119, -4.120976106517173 ], [ 120.025099870537133, -4.118718201641475 ] ] } },
{ "type": "Feature", "properties": { "FID": 201, "OBJECTID": 946, "NAMOBJ": "Jaringan Tetap", "STSJRN": 1, "WADMPR": "Provinsi Sulawesi Selatan", "WADMKK": "Kabupaten Wajo", "REMARK": "Tidak Ada", "SBDATA": "Analisis Tim Penyusun, 2022", "SHAPE_Leng": 0.0047481244075699997 }, "geometry": { "type": "LineString", "coordinates": [ [ 120.021883901819976, -4.120223472270752 ], [ 120.021326946343834, -4.118789881259831 ], [ 120.021416777872247, -4.116773889530765 ], [ 120.021677289304634, -4.115644931932245 ] ] } },
{ "type": "Feature", "properties": { "FID": 202, "OBJECTID": 947, "NAMOBJ": "Jaringan Tetap", "STSJRN": 1, "WADMPR": "Provinsi Sulawesi Selatan", "WADMKK": "Kabupaten Wajo", "REMARK": "Tidak Ada", "SBDATA": "Analisis Tim Penyusun, 2022", "SHAPE_Leng": 0.0059120562730099998 }, "geometry": { "type": "LineString", "coordinates": [ [ 120.022360008920572, -4.126459563089805 ], [ 120.021865935514299, -4.126387884163034 ], [ 120.021847969208608, -4.126280365760747 ], [ 120.022647469811488, -4.12106570578478 ] ] } },
{ "type": "Feature", "properties": { "FID": 203, "OBJECTID": 948, "NAMOBJ": "Jaringan Tetap", "STSJRN": 1, "WADMPR": "Provinsi Sulawesi Selatan", "WADMKK": "Kabupaten Wajo", "REMARK": "Tidak Ada", "SBDATA": "Analisis Tim Penyusun, 2022", "SHAPE_Leng": 0.00112502009668 }, "geometry": { "type": "LineString", "coordinates": [ [ 120.021883901819976, -4.120223472270752 ], [ 120.02298882961945, -4.12001739372193 ] ] } },
{ "type": "Feature", "properties": { "FID": 204, "OBJECTID": 949, "NAMOBJ": "Jaringan Tetap", "STSJRN": 1, "WADMPR": "Provinsi Sulawesi Selatan", "WADMKK": "Kabupaten Wajo", "REMARK": "Tidak Ada", "SBDATA": "Analisis Tim Penyusun, 2022", "SHAPE_Leng": 0.0007062128691 }, "geometry": { "type": "LineString", "coordinates": [ [ 120.021335929496672, -4.118198524215276 ], [ 120.022027632265463, -4.118368763409515 ] ] } },
{ "type": "Feature", "properties": { "FID": 205, "OBJECTID": 950, "NAMOBJ": "Jaringan Tetap", "STSJRN": 1, "WADMPR": "Provinsi Sulawesi Selatan", "WADMKK": "Kabupaten Wajo", "REMARK": "Tidak Ada", "SBDATA": "Analisis Tim Penyusun, 2022", "SHAPE_Leng": 0.0053084111550600003 }, "geometry": { "type": "LineString", "coordinates": [ [ 120.021497626247807, -4.116039171275537 ], [ 120.020796940326193, -4.115833091643165 ], [ 120.021838986055769, -4.111827968199848 ], [ 120.02226119423932, -4.111908608467779 ] ] } },
{ "type": "Feature", "properties": { "FID": 206, "OBJECTID": 951, "NAMOBJ": "Jaringan Tetap", "STSJRN": 1, "WADMPR": "Provinsi Sulawesi Selatan", "WADMKK": "Kabupaten Wajo", "REMARK": "Tidak Ada", "SBDATA": "Analisis Tim Penyusun, 2022", "SHAPE_Leng": 0.0020259189903699998 }, "geometry": { "type": "LineString", "coordinates": [ [ 120.02339307149731, -4.121477862285734 ], [ 120.022171362710907, -4.120752108303995 ], [ 120.021883901819976, -4.120223472270752 ] ] } },
{ "type": "Feature", "properties": { "FID": 207, "OBJECTID": 952, "NAMOBJ": "Jaringan Tetap", "STSJRN": 1, "WADMPR": "Provinsi Sulawesi Selatan", "WADMKK": "Kabupaten Wajo", "REMARK": "Tidak Ada", "SBDATA": "Analisis Tim Penyusun, 2022", "SHAPE_Leng": 0.0022329863243899998 }, "geometry": { "type": "LineString", "coordinates": [ [ 120.023545785095607, -4.123072726732942 ], [ 120.024309353087119, -4.120976106517173 ] ] } },
{ "type": "Feature", "properties": { "FID": 208, "OBJECTID": 953, "NAMOBJ": "Jaringan Tetap", "STSJRN": 1, "WADMPR": "Provinsi Sulawesi Selatan", "WADMKK": "Kabupaten Wajo", "REMARK": "Tidak Ada", "SBDATA": "Analisis Tim Penyusun, 2022", "SHAPE_Leng": 0.0116250185267 }, "geometry": { "type": "LineString", "coordinates": [ [ 120.00223774655629, -4.218418258069503 ], [ 120.005354900592195, -4.21587395003873 ], [ 120.00643287893314, -4.214646587200648 ], [ 120.00767255402522, -4.212881689796586 ], [ 120.009585965580399, -4.209584814884287 ] ] } },
{ "type": "Feature", "properties": { "FID": 209, "OBJECTID": 954, "NAMOBJ": "Jaringan Tetap", "STSJRN": 1, "WADMPR": "Provinsi Sulawesi Selatan", "WADMKK": "Kabupaten Wajo", "REMARK": "Tidak Ada", "SBDATA": "Analisis Tim Penyusun, 2022", "SHAPE_Leng": 0.0101484220858 }, "geometry": { "type": "LineString", "coordinates": [ [ 119.9847924637387, -4.188522113733995 ], [ 119.9837683843148, -4.191783241174437 ], [ 119.983849232690375, -4.193736327469415 ], [ 119.983067698393171, -4.194300750581302 ], [ 119.982061585274963, -4.197920216081232 ] ] } },
{ "type": "Feature", "properties": { "FID": 210, "OBJECTID": 955, "NAMOBJ": "Jaringan Tetap", "STSJRN": 1, "WADMPR": "Provinsi Sulawesi Selatan", "WADMKK": "Kabupaten Wajo", "REMARK": "Tidak Ada", "SBDATA": "Analisis Tim Penyusun, 2022", "SHAPE_Leng": 0.019729321928100001 }, "geometry": { "type": "LineString", "coordinates": [ [ 119.982061585274963, -4.197920216081232 ], [ 119.98242091138863, -4.197875420818669 ], [ 119.983606687563665, -4.198215864749668 ], [ 119.9841187272756, -4.198421922846293 ], [ 119.985133823546661, -4.199228236614497 ], [ 119.987595207425144, -4.200061426633062 ], [ 119.987685038953543, -4.199676188347962 ], [ 119.987990466150166, -4.199479089616919 ], [ 119.990397951111603, -4.19979265575654 ], [ 119.992077800692897, -4.200357074490296 ], [ 119.994350538361715, -4.201593418861098 ], [ 119.994961392754931, -4.201575500840733 ], [ 119.997916850039672, -4.202659540331816 ], [ 120.000009924651678, -4.203725660344825 ] ] } },
{ "type": "Feature", "properties": { "FID": 211, "OBJECTID": 956, "NAMOBJ": "Jaringan Tetap", "STSJRN": 1, "WADMPR": "Provinsi Sulawesi Selatan", "WADMKK": "Kabupaten Wajo", "REMARK": "Tidak Ada", "SBDATA": "Analisis Tim Penyusun, 2022", "SHAPE_Leng": 0.051926125506200002 }, "geometry": { "type": "LineString", "coordinates": [ [ 119.97324012918493, -4.235448781153059 ], [ 119.972781988390011, -4.234463332367587 ], [ 119.971739942660435, -4.234230407925828 ], [ 119.969296525087628, -4.233137453839847 ], [ 119.967553793436451, -4.232716397345756 ], [ 119.966583612929597, -4.232716397345756 ], [ 119.965676314492626, -4.232474513724307 ], [ 119.96361018933915, -4.231274053151578 ], [ 119.963358661059601, -4.230351309804621 ], [ 119.964122229051085, -4.229088135091065 ], [ 119.964203077426689, -4.228702911187065 ], [ 119.965002578029527, -4.22793246280457 ], [ 119.965918859619336, -4.226078008325278 ], [ 119.966736326527894, -4.223282880150608 ], [ 119.967140568405739, -4.22127611525101 ], [ 119.966511747706875, -4.220926722617644 ], [ 119.965622415575581, -4.220048760947517 ], [ 119.964292908955088, -4.217701552424852 ], [ 119.962541194151044, -4.217531334737084 ], [ 119.960600833137349, -4.21698484611905 ], [ 119.953387361405873, -4.213580482141138 ], [ 119.953028035292235, -4.21293544307615 ], [ 119.95092597752739, -4.207318205281709 ], [ 119.951429034086487, -4.204576763510276 ], [ 119.951024792208642, -4.204352789083155 ], [ 119.949767150810871, -4.201082755119394 ] ] } },
{ "type": "Feature", "properties": { "FID": 212, "OBJECTID": 957, "NAMOBJ": "Jaringan Tetap", "STSJRN": 1, "WADMPR": "Provinsi Sulawesi Selatan", "WADMKK": "Kabupaten Wajo", "REMARK": "Tidak Ada", "SBDATA": "Analisis Tim Penyusun, 2022", "SHAPE_Leng": 0.011222414021699999 }, "geometry": { "type": "LineString", "coordinates": [ [ 119.959253360211164, -4.241522701399546 ], [ 119.960430153233361, -4.237455509344438 ], [ 119.96088829402828, -4.236362559814367 ], [ 119.962352547941393, -4.233979566140919 ], [ 119.96361018933915, -4.231274053151578 ] ] } },
{ "type": "Feature", "properties": { "FID": 213, "OBJECTID": 958, "NAMOBJ": "Jaringan Tetap", "STSJRN": 1, "WADMPR": "Provinsi Sulawesi Selatan", "WADMKK": "Kabupaten Wajo", "REMARK": "Tidak Ada", "SBDATA": "Analisis Tim Penyusun, 2022", "SHAPE_Leng": 0.027189661946300001 }, "geometry": { "type": "LineString", "coordinates": [ [ 119.959253360211164, -4.241298737636219 ], [ 119.959037764542984, -4.241029981034528 ], [ 119.959109629765706, -4.240501426111827 ], [ 119.95669316165143, -4.239327853719813 ], [ 119.956765026874166, -4.234319994257879 ], [ 119.95645061652472, -4.230629028791676 ], [ 119.956765026874166, -4.227869751856006 ], [ 119.956747060568475, -4.226445316086518 ], [ 119.957277066586101, -4.224035415649989 ], [ 119.957133336140643, -4.221061104418318 ], [ 119.958013685119084, -4.219242468743366 ], [ 119.95873233734639, -4.216904216618279 ], [ 119.959073697154352, -4.216250221469576 ] ] } },
{ "type": "Feature", "properties": { "FID": 214, "OBJECTID": 959, "NAMOBJ": "Jaringan Tetap", "STSJRN": 1, "WADMPR": "Provinsi Sulawesi Selatan", "WADMKK": "Kabupaten Wajo", "REMARK": "Tidak Ada", "SBDATA": "Analisis Tim Penyusun, 2022", "SHAPE_Leng": 0.0208894034977 }, "geometry": { "type": "LineString", "coordinates": [ [ 119.995212921034479, -4.237652598439576 ], [ 119.996219034152702, -4.237715308595677 ], [ 119.997916850039672, -4.238172196722322 ], [ 120.00086332417159, -4.239363688017701 ], [ 120.001833504678444, -4.236971744988867 ], [ 120.004833877727393, -4.238315534118185 ], [ 120.007241362688831, -4.239641403769997 ], [ 120.012235995668547, -4.241343530394079 ], [ 120.013287024550962, -4.241397281700082 ] ] } },
{ "type": "Feature", "properties": { "FID": 215, "OBJECTID": 960, "NAMOBJ": "Jaringan Tetap", "STSJRN": 1, "WADMPR": "Provinsi Sulawesi Selatan", "WADMKK": "Kabupaten Wajo", "REMARK": "Tidak Ada", "SBDATA": "Analisis Tim Penyusun, 2022", "SHAPE_Leng": 0.013592168585299999 }, "geometry": { "type": "LineString", "coordinates": [ [ 120.040775472245016, -4.268577045358879 ], [ 120.041458191860954, -4.268021634618128 ], [ 120.041826501127446, -4.267367682747026 ], [ 120.041691753834826, -4.266050819070143 ], [ 120.041377343485394, -4.264948951809674 ], [ 120.041332427721187, -4.26372166690317 ], [ 120.040658691258088, -4.262189797591226 ], [ 120.040811404856385, -4.261186466329027 ], [ 120.04073055648081, -4.260505633655531 ], [ 120.041413276096748, -4.258427298608801 ], [ 120.041539040236529, -4.257450837532043 ], [ 120.042257692463807, -4.255990622784769 ] ] } },
{ "type": "Feature", "properties": { "FID": 216, "OBJECTID": 961, "NAMOBJ": "Jaringan Tetap", "STSJRN": 1, "WADMPR": "Provinsi Sulawesi Selatan", "WADMKK": "Kabupaten Wajo", "REMARK": "Tidak Ada", "SBDATA": "Analisis Tim Penyusun, 2022", "SHAPE_Leng": 0.097429121890100001 }, "geometry": { "type": "LineString", "coordinates": [ [ 120.06748238564191, -4.250176611457682 ], [ 120.066925430165739, -4.250176611457682 ], [ 120.066422373606642, -4.252048924979232 ], [ 120.065829485519103, -4.252129550818204 ], [ 120.064715574566804, -4.253079143397991 ], [ 120.063251320653691, -4.255569578754241 ], [ 120.061769100434901, -4.256850626897585 ], [ 120.061203161805892, -4.25669833457261 ], [ 120.056990063123365, -4.254234778071852 ], [ 120.056181579367674, -4.253679356972111 ], [ 120.055930051088112, -4.253303103741531 ], [ 120.054959870581271, -4.252962683993622 ], [ 120.053702229183486, -4.252022049697699 ], [ 120.052507469855612, -4.251565169768258 ], [ 120.050441344702151, -4.251233707689144 ], [ 120.049938288143039, -4.251269541434298 ], [ 120.048222505950378, -4.252640180935804 ], [ 120.04751283687591, -4.254449779680357 ], [ 120.047171477067963, -4.254834990745495 ], [ 120.046749268884412, -4.255748746454948 ], [ 120.045644341084937, -4.256044373069966 ], [ 120.043730929529787, -4.255883122203119 ], [ 120.043281771887706, -4.256017497927837 ], [ 120.042257692463807, -4.255990622784769 ], [ 120.042024130489935, -4.254270611677437 ], [ 120.041745652751871, -4.254109360439175 ], [ 120.041565989695044, -4.253697273788031 ], [ 120.041745652751871, -4.251520377603736 ], [ 120.040928185843313, -4.251054538938381 ], [ 120.040757505939339, -4.250776827292396 ], [ 120.040955135301843, -4.250069110064809 ], [ 120.041557006542206, -4.249504727506318 ], [ 120.041727686446194, -4.249074721470201 ], [ 120.040245466227404, -4.247972829908292 ], [ 120.039329184637594, -4.247569698455763 ], [ 120.038691380785863, -4.246682808518699 ], [ 120.037936795947218, -4.246145298969796 ], [ 120.037622385597757, -4.244640270241291 ], [ 120.037927812794379, -4.243242740937545 ], [ 120.037927812794379, -4.24210500688033 ], [ 120.037083396427292, -4.241155400793619 ], [ 120.036194064296012, -4.24057309459711 ], [ 120.035762872959637, -4.239901202286644 ], [ 120.035789822418167, -4.239014303542438 ], [ 120.036158131684644, -4.238297616945156 ], [ 120.036616272479534, -4.236685069672401 ], [ 120.03633779474147, -4.235233774252364 ], [ 120.035798805571005, -4.234400621947857 ], [ 120.03598745178067, -4.231533854478105 ], [ 120.036113215920437, -4.23122925981061 ], [ 120.035735923501122, -4.230575276737436 ], [ 120.036014401239186, -4.229312102389069 ], [ 120.035655075125547, -4.228210182658639 ], [ 120.034729810382899, -4.227690577689298 ], [ 120.0344064168806, -4.22822810006516 ], [ 120.032996061884546, -4.227878710563255 ], [ 120.03295114612034, -4.228443108911121 ], [ 120.032528937936803, -4.228640200300847 ], [ 120.031639605805523, -4.228577489409553 ], [ 120.03154977427711, -4.22890896120605 ], [ 120.029303986066822, -4.228541654612248 ], [ 120.028540418075309, -4.228873126424077 ], [ 120.028037361516212, -4.22890896120605 ], [ 120.026231747795123, -4.227162013656196 ], [ 120.025773607000232, -4.225880916284099 ], [ 120.024713594964965, -4.225074630139468 ], [ 120.024587830825197, -4.223327673950764 ], [ 120.02422850471153, -4.223049952348112 ], [ 120.022791200256947, -4.222449714996364 ], [ 120.020419647906863, -4.221983858821291 ], [ 120.020347782684141, -4.22130299160091 ], [ 120.020150153321637, -4.220613164992281 ], [ 120.020006422876179, -4.220532535868148 ], [ 120.017086898202777, -4.219959172966176 ], [ 120.014984840437947, -4.219296221583019 ], [ 120.014185339835095, -4.218821404704036 ], [ 120.012280911432754, -4.218158452349717 ], [ 120.012155147292972, -4.218436175702148 ], [ 120.010933438506569, -4.218579516748425 ] ] } },
{ "type": "Feature", "properties": { "FID": 217, "OBJECTID": 962, "NAMOBJ": "Jaringan Tetap", "STSJRN": 1, "WADMPR": "Provinsi Sulawesi Selatan", "WADMKK": "Kabupaten Wajo", "REMARK": "Tidak Ada", "SBDATA": "Analisis Tim Penyusun, 2022", "SHAPE_Leng": 0.009148479376 }, "geometry": { "type": "LineString", "coordinates": [ [ 120.071345141363608, -4.185646218090452 ], [ 120.071542770726111, -4.186076259232432 ], [ 120.075486374823413, -4.187635156391568 ], [ 120.075926549312612, -4.186757157224078 ], [ 120.076474521635916, -4.186864667379141 ], [ 120.07720215701606, -4.184105235392092 ] ] } },
{ "type": "Feature", "properties": { "FID": 218, "OBJECTID": 963, "NAMOBJ": "Jaringan Tetap", "STSJRN": 1, "WADMPR": "Provinsi Sulawesi Selatan", "WADMKK": "Kabupaten Wajo", "REMARK": "Tidak Ada", "SBDATA": "Analisis Tim Penyusun, 2022", "SHAPE_Leng": 0.0289154828102 }, "geometry": { "type": "LineString", "coordinates": [ [ 120.036616272479534, -4.236604442220499 ], [ 120.039904106419414, -4.237948231988093 ], [ 120.041134798358655, -4.238172196722322 ], [ 120.041880400044491, -4.238001983530225 ], [ 120.042859563704184, -4.238243865423575 ], [ 120.043218889817823, -4.238046776479147 ], [ 120.044135171407632, -4.238431995732754 ], [ 120.044413649145696, -4.238691794655881 ], [ 120.047000797163975, -4.239309936570247 ], [ 120.048267421714584, -4.239999746528736 ], [ 120.048806410885049, -4.239668279482665 ], [ 120.049444214736781, -4.239587652341856 ], [ 120.049525063112355, -4.239444315181872 ], [ 120.050387445785105, -4.237052372402476 ], [ 120.050836603427157, -4.234561877302609 ], [ 120.05208526167209, -4.231721986418766 ], [ 120.052642217148232, -4.231865325009541 ], [ 120.052857812816441, -4.23149801981756 ], [ 120.053342903069847, -4.231041127750252 ], [ 120.053513582973821, -4.231050086420828 ], [ 120.055687505961401, -4.232017622233166 ], [ 120.0571517598745, -4.232358051212954 ], [ 120.057367355542709, -4.232205754056289 ], [ 120.057663799586464, -4.231551771807756 ] ] } },
{ "type": "Feature", "properties": { "FID": 219, "OBJECTID": 964, "NAMOBJ": "Jaringan Tetap", "STSJRN": 1, "WADMPR": "Provinsi Sulawesi Selatan", "WADMKK": "Kabupaten Wajo", "REMARK": "Tidak Ada", "SBDATA": "Analisis Tim Penyusun, 2022", "SHAPE_Leng": 0.0061459613339099996 }, "geometry": { "type": "LineString", "coordinates": [ [ 120.004950658714321, -4.216214386103058 ], [ 120.005345917439357, -4.216563780856127 ], [ 120.008058829597374, -4.217343199354587 ], [ 120.008975111187183, -4.216823587109143 ], [ 120.01070885968555, -4.216832545943904 ] ] } },
{ "type": "Feature", "properties": { "FID": 220, "OBJECTID": 965, "NAMOBJ": "Jaringan Tetap", "STSJRN": 1, "WADMPR": "Provinsi Sulawesi Selatan", "WADMKK": "Kabupaten Wajo", "REMARK": "Tidak Ada", "SBDATA": "Analisis Tim Penyusun, 2022", "SHAPE_Leng": 0.049980710940799998 }, "geometry": { "type": "LineString", "coordinates": [ [ 120.034729810382899, -4.227690577689298 ], [ 120.034927439745402, -4.226597614375512 ], [ 120.03540354684597, -4.226015297226701 ], [ 120.035412529998823, -4.224949207774963 ], [ 120.035726940348283, -4.223614354210522 ], [ 120.036319828435779, -4.222476591305624 ], [ 120.037254076331266, -4.221419455773053 ], [ 120.036607289326696, -4.220120431325149 ], [ 120.03736187416537, -4.217083393275298 ], [ 120.038673414480172, -4.214834723235884 ], [ 120.038763246008585, -4.214225520671117 ], [ 120.03838595358927, -4.210955528161145 ], [ 120.038502734576198, -4.210014842838853 ], [ 120.038305105213695, -4.209163745615253 ], [ 120.039041723746678, -4.207121108482747 ], [ 120.03849375142336, -4.206529817786619 ], [ 120.038215273685282, -4.20651189987973 ], [ 120.036742036619316, -4.20541890678022 ], [ 120.036203047448851, -4.205185973626391 ], [ 120.033067927107268, -4.204926163488055 ], [ 120.030956886189585, -4.203797332226171 ], [ 120.026788703271279, -4.203609193523583 ], [ 120.026447343463303, -4.203860045116943 ], [ 120.025890387987161, -4.203913799019303 ], [ 120.024390201462694, -4.203671906429491 ], [ 120.022575604588752, -4.203627111497215 ], [ 120.02037473214267, -4.203116449087337 ], [ 120.020320833225611, -4.203645029470435 ], [ 120.019045225522177, -4.203645029470435 ], [ 120.018003179792586, -4.203447931742369 ], [ 120.017293510718133, -4.203958593935105 ], [ 120.013304990856653, -4.202668499329597 ] ] } },
{ "type": "Feature", "properties": { "FID": 221, "OBJECTID": 966, "NAMOBJ": "Jaringan Tetap", "STSJRN": 1, "WADMPR": "Provinsi Sulawesi Selatan", "WADMKK": "Kabupaten Wajo", "REMARK": "Tidak Ada", "SBDATA": "Analisis Tim Penyusun, 2022", "SHAPE_Leng": 0.10572788871 }, "geometry": { "type": "LineString", "coordinates": [ [ 120.22934083353455, -4.234140821583408 ], [ 120.22864014761295, -4.234337911523044 ], [ 120.227005213795834, -4.234391663316051 ], [ 120.226511140389576, -4.234535001412485 ], [ 120.224992987559403, -4.234508125521424 ], [ 120.22344788527073, -4.235144188026108 ], [ 120.221094299226337, -4.236371518423351 ], [ 120.219459365409222, -4.236855283154367 ], [ 120.217465105478496, -4.237052372402476 ], [ 120.210440279956686, -4.236586525007825 ], [ 120.205795989937769, -4.23593254646115 ], [ 120.199319136739277, -4.236362559814367 ], [ 120.197333859961375, -4.236004215369952 ], [ 120.194046026021496, -4.235860877545706 ], [ 120.191413962239025, -4.235215857007943 ], [ 120.190524630107745, -4.234848553405866 ], [ 120.182906916498396, -4.229733160734045 ], [ 120.178154828645418, -4.228989589459434 ], [ 120.177552957405069, -4.228613324205199 ], [ 120.175783276295348, -4.226902210863747 ], [ 120.174606483273152, -4.226346770118876 ], [ 120.172729004329327, -4.22584508136214 ], [ 120.169755580738908, -4.225647989261758 ], [ 120.165811976641606, -4.2249940014789 ], [ 120.165147223331374, -4.225217969959781 ], [ 120.163566188431304, -4.226606573097463 ], [ 120.162362445950592, -4.227242642091323 ], [ 120.160601747993738, -4.227036591629332 ], [ 120.159595634875515, -4.226633449262692 ], [ 120.157295947748167, -4.225307557334024 ], [ 120.155292704664575, -4.224725239216472 ], [ 120.152948101773021, -4.224277301905478 ], [ 120.152022837030373, -4.224295219402884 ], [ 120.150810111396822, -4.223945828128816 ], [ 120.149974678182588, -4.222790148178225 ], [ 120.149004497675733, -4.222351168521111 ], [ 120.146570063255766, -4.222494508844615 ], [ 120.145644798513118, -4.222700560513267 ], [ 120.144674618006292, -4.222664725444388 ], [ 120.143704437499437, -4.223318715190939 ], [ 120.143336128232932, -4.223381426507536 ], [ 120.141898823778348, -4.223238086347866 ], [ 120.141099323175482, -4.222969323477111 ], [ 120.139994395376007, -4.222485550075171 ], [ 120.139742867096459, -4.222180951852563 ], [ 120.139464389358395, -4.219296221583019 ], [ 120.138718787672559, -4.218955786869048 ], [ 120.138179798502108, -4.219063292584318 ], [ 120.137829455541308, -4.219403727251167 ], [ 120.137083853855472, -4.21954706811888 ], [ 120.136356218475328, -4.220174184104031 ], [ 120.135143492841763, -4.220720670478102 ], [ 120.134119413417878, -4.221750930628899 ], [ 120.133787036762754, -4.222288457121253 ] ] } },
{ "type": "Feature", "properties": { "FID": 222, "OBJECTID": 967, "NAMOBJ": "Jaringan Tetap", "STSJRN": 1, "WADMPR": "Provinsi Sulawesi Selatan", "WADMKK": "Kabupaten Wajo", "REMARK": "Tidak Ada", "SBDATA": "Analisis Tim Penyusun, 2022", "SHAPE_Leng": 0.045885538540399999 }, "geometry": { "type": "LineString", "coordinates": [ [ 120.133787036762754, -4.222288457121253 ], [ 120.132969569854197, -4.22202865269643 ], [ 120.132807873103062, -4.221401538209244 ], [ 120.132825839408738, -4.219869584974497 ], [ 120.133454660107631, -4.215479760725333 ], [ 120.134236194404806, -4.213266921551367 ], [ 120.134999762396319, -4.211851417887097 ], [ 120.138476242545849, -4.208348483191717 ], [ 120.142608492852816, -4.203761496286321 ], [ 120.144503938102289, -4.201181304288565 ], [ 120.145716663735868, -4.200276443267616 ], [ 120.146920406216594, -4.200043508577508 ], [ 120.148438559046753, -4.198950506410614 ], [ 120.148941615605835, -4.198287537137273 ], [ 120.149893829807013, -4.196200076153241 ], [ 120.151672494069587, -4.193960304943564 ], [ 120.153594888777576, -4.192410379507536 ], [ 120.156352716699843, -4.190806696197003 ], [ 120.158203246185138, -4.1892567645088 ], [ 120.15940698866585, -4.189901823156823 ] ] } },
{ "type": "Feature", "properties": { "FID": 223, "OBJECTID": 968, "NAMOBJ": "Jaringan Tetap", "STSJRN": 1, "WADMPR": "Provinsi Sulawesi Selatan", "WADMKK": "Kabupaten Wajo", "REMARK": "Tidak Ada", "SBDATA": "Analisis Tim Penyusun, 2022", "SHAPE_Leng": 0.0358365858831 }, "geometry": { "type": "LineString", "coordinates": [ [ 120.190210219758313, -4.177269327926416 ], [ 120.191000737208313, -4.176355479948416 ], [ 120.193722632519211, -4.167978490585239 ], [ 120.193848396658993, -4.166688336693818 ], [ 120.193219575960086, -4.163382307688431 ], [ 120.193587885226606, -4.162593875955841 ], [ 120.193695683060696, -4.159341586714119 ], [ 120.194378402676605, -4.15723610304817 ], [ 120.194234672231147, -4.154843908399019 ], [ 120.194342470065237, -4.151887253302084 ], [ 120.195420448406182, -4.150301406458929 ], [ 120.196309780537476, -4.148025665876534 ], [ 120.197441657795466, -4.147040106896967 ], [ 120.197675219769323, -4.145749918738689 ], [ 120.198124377411403, -4.144925630757272 ], [ 120.198070478494358, -4.143644398819322 ] ] } },
{ "type": "Feature", "properties": { "FID": 224, "OBJECTID": 969, "NAMOBJ": "Jaringan Tetap", "STSJRN": 1, "WADMPR": "Provinsi Sulawesi Selatan", "WADMKK": "Kabupaten Wajo", "REMARK": "Tidak Ada", "SBDATA": "Analisis Tim Penyusun, 2022", "SHAPE_Leng": 0.0146801688627 }, "geometry": { "type": "LineString", "coordinates": [ [ 120.239806206594537, -4.135123705677668 ], [ 120.240003835957054, -4.134424843497453 ], [ 120.240309263153648, -4.134263567522203 ], [ 120.240524858821829, -4.133206313094101 ], [ 120.24100096592241, -4.132614966782219 ], [ 120.241602837162773, -4.13143227283558 ], [ 120.242689798656571, -4.131629388615825 ], [ 120.243408450883877, -4.131387473787785 ], [ 120.243561164482173, -4.130939483170668 ], [ 120.243498282412276, -4.130007661876733 ], [ 120.243731844386147, -4.129577590141213 ], [ 120.243677945469102, -4.128842883720526 ], [ 120.244540328141866, -4.124622788550442 ], [ 120.244675075434472, -4.123117526249862 ] ] } },
{ "type": "Feature", "properties": { "FID": 225, "OBJECTID": 970, "NAMOBJ": "Jaringan Tetap", "STSJRN": 1, "WADMPR": "Provinsi Sulawesi Selatan", "WADMKK": "Kabupaten Wajo", "REMARK": "Tidak Ada", "SBDATA": "Analisis Tim Penyusun, 2022", "SHAPE_Leng": 0.040012628623900003 }, "geometry": { "type": "LineString", "coordinates": [ [ 120.322514094803424, -4.199953918293564 ], [ 120.320618649553936, -4.199720983507165 ], [ 120.319405923920385, -4.200016631493406 ], [ 120.318408793955001, -4.199944959264604 ], [ 120.316648095998119, -4.199497007685435 ], [ 120.314725701290101, -4.198663817064224 ], [ 120.312461946774121, -4.198018765649818 ], [ 120.310575484677486, -4.197642485411913 ], [ 120.308886651943325, -4.197552894852345 ], [ 120.304592704885223, -4.194685991518779 ], [ 120.304664570107988, -4.193136067522122 ], [ 120.304368126064205, -4.192831457820279 ], [ 120.302957771068137, -4.192822498709603 ], [ 120.301502500307876, -4.192249115412795 ], [ 120.300334690438518, -4.19209681040388 ], [ 120.296022777074739, -4.192078892165585 ], [ 120.292797825204744, -4.192302870114739 ], [ 120.289114732539858, -4.191989300967954 ], [ 120.287973872129029, -4.192195360707156 ], [ 120.285826898599979, -4.191836995908417 ] ] } },
{ "type": "Feature", "properties": { "FID": 226, "OBJECTID": 971, "NAMOBJ": "Jaringan Tetap", "STSJRN": 1, "WADMPR": "Provinsi Sulawesi Selatan", "WADMKK": "Kabupaten Wajo", "REMARK": "Tidak Ada", "SBDATA": "Analisis Tim Penyusun, 2022", "SHAPE_Leng": 0.13252755548799999 }, "geometry": { "type": "LineString", "coordinates": [ [ 120.284407560451086, -4.222664725444388 ], [ 120.286563517132976, -4.223363508989026 ], [ 120.287336068277298, -4.223748735545819 ], [ 120.289294395596684, -4.225182135007186 ], [ 120.291549166959825, -4.226481150980738 ], [ 120.294208180200812, -4.228855209032467 ], [ 120.295950911852017, -4.229276267625739 ], [ 120.296750412454884, -4.229303143698391 ], [ 120.298699756621403, -4.229168763325804 ], [ 120.301430635085154, -4.2286312416024 ], [ 120.303802187435224, -4.227332229231626 ], [ 120.304404058675573, -4.226929087018727 ], [ 120.306613914274507, -4.224107085659479 ], [ 120.308401561689905, -4.222118240438952 ], [ 120.309461573725173, -4.220998392914233 ], [ 120.310252091175187, -4.220451906735641 ], [ 120.313099750625852, -4.220102513731361 ], [ 120.315668932338426, -4.219349974418955 ], [ 120.316414534024261, -4.219260386356997 ], [ 120.317115219945876, -4.21928726277667 ], [ 120.318570490706151, -4.220120431325149 ], [ 120.319127446182293, -4.220093554934312 ], [ 120.321283402864182, -4.218893075194935 ], [ 120.32220866760683, -4.218068864150333 ], [ 120.323672921519929, -4.217710511249489 ], [ 120.325074293363173, -4.217943440653841 ], [ 120.327886020202456, -4.218785569456105 ], [ 120.331101988919613, -4.219278303970214 ], [ 120.336806290973769, -4.21978895577315 ], [ 120.3419177049404, -4.222619931605962 ], [ 120.345142656810395, -4.222718478047085 ], [ 120.348322692916184, -4.221428414554802 ], [ 120.348816766322429, -4.221320909166992 ], [ 120.351116453449777, -4.221562796268627 ], [ 120.351915954052657, -4.221491126024149 ], [ 120.353793432996468, -4.220684835317814 ], [ 120.35456598414082, -4.220586288618501 ], [ 120.355302602673788, -4.217952399475691 ], [ 120.356587193530075, -4.214350944767589 ], [ 120.357656188718181, -4.210149226525933 ], [ 120.35785381808067, -4.208841224318989 ], [ 120.357898733844877, -4.206565653599162 ], [ 120.358302975722751, -4.203573357575086 ], [ 120.350927807240112, -4.2046663532631 ], [ 120.349544401702573, -4.2046663532631 ], [ 120.343678402897282, -4.203806291210875 ], [ 120.337515960048236, -4.202310139338114 ], [ 120.336518830082852, -4.202354934346055 ], [ 120.334910845724266, -4.20291039223074 ], [ 120.333967614675942, -4.202874556250122 ], [ 120.331200803600865, -4.202122000276657 ], [ 120.329871296980372, -4.201423197651013 ], [ 120.327212283739357, -4.201369443576952 ], [ 120.326134305398412, -4.201037960038382 ], [ 120.325200057502954, -4.201261935417716 ], [ 120.322514094803424, -4.199953918293564 ] ] } },
{ "type": "Feature", "properties": { "FID": 227, "OBJECTID": 972, "NAMOBJ": "Jaringan Tetap", "STSJRN": 1, "WADMPR": "Provinsi Sulawesi Selatan", "WADMKK": "Kabupaten Wajo", "REMARK": "Tidak Ada", "SBDATA": "Analisis Tim Penyusun, 2022", "SHAPE_Leng": 0.053332155036900003 }, "geometry": { "type": "LineString", "coordinates": [ [ 120.322514094803424, -4.199953918293564 ], [ 120.324077163397803, -4.196925760647505 ], [ 120.324517337887016, -4.194229077827791 ], [ 120.324184961231893, -4.19246413419839 ], [ 120.3249305629177, -4.190072046877999 ], [ 120.326188204315486, -4.187572442197987 ], [ 120.326215153774015, -4.18576268758973 ], [ 120.326376850525151, -4.185413279039916 ], [ 120.331030123696877, -4.187052810114965 ], [ 120.335117458239608, -4.188029359778995 ], [ 120.336994937183434, -4.187921849783938 ], [ 120.337740538869255, -4.188047278110068 ], [ 120.338755635140316, -4.187877053948305 ], [ 120.339905478703983, -4.185664136476084 ], [ 120.340911591822177, -4.184445685318981 ], [ 120.34247466041657, -4.182886781809633 ], [ 120.343777217578534, -4.182761352656791 ], [ 120.344253324679102, -4.182214839685047 ], [ 120.345151639963234, -4.178846161149846 ], [ 120.34708301782409, -4.175145973635167 ], [ 120.347792686898558, -4.173022613599551 ], [ 120.3486999853355, -4.172216272841229 ], [ 120.350775093641815, -4.169510545581573 ], [ 120.352670538891317, -4.168507094693281 ] ] } },
{ "type": "Feature", "properties": { "FID": 228, "OBJECTID": 973, "NAMOBJ": "Jaringan Tetap", "STSJRN": 1, "WADMPR": "Provinsi Sulawesi Selatan", "WADMKK": "Kabupaten Wajo", "REMARK": "Tidak Ada", "SBDATA": "Analisis Tim Penyusun, 2022", "SHAPE_Leng": 0.046781991462299999 }, "geometry": { "type": "LineString", "coordinates": [ [ 120.358302975722751, -4.203573357575086 ], [ 120.360306218806343, -4.199685147380008 ], [ 120.361402163452965, -4.198305455233145 ], [ 120.363926429401346, -4.194435136976416 ], [ 120.363037097270052, -4.193646736461782 ], [ 120.362758619531988, -4.19298376268604 ], [ 120.362668788003575, -4.190636472635739 ], [ 120.362534040710955, -4.190349780238272 ], [ 120.359731297024496, -4.189077581456609 ], [ 120.35684770496249, -4.187473891312202 ], [ 120.357036351172141, -4.185699973246118 ], [ 120.356892620726683, -4.184418807698555 ], [ 120.355428366813555, -4.178075663493545 ], [ 120.354080893887385, -4.175853759037323 ], [ 120.353694618315217, -4.17235962236988 ], [ 120.353829365607837, -4.171427849966008 ], [ 120.353083763922001, -4.170352726588272 ], [ 120.352940033476557, -4.169868920588353 ], [ 120.352670538891317, -4.168507094693281 ], [ 120.352131549720838, -4.163364388794188 ] ] } },
{ "type": "Feature", "properties": { "FID": 229, "OBJECTID": 974, "NAMOBJ": "Jaringan Tetap", "STSJRN": 1, "WADMPR": "Provinsi Sulawesi Selatan", "WADMKK": "Kabupaten Wajo", "REMARK": "Tidak Ada", "SBDATA": "Analisis Tim Penyusun, 2022", "SHAPE_Leng": 0.018771719959599999 }, "geometry": { "type": "LineString", "coordinates": [ [ 120.35684770496249, -4.187473891312202 ], [ 120.353532921564081, -4.186210647040853 ], [ 120.353272410131666, -4.186228565413567 ], [ 120.352230364402089, -4.186506300138171 ], [ 120.349957626733271, -4.187536605513683 ], [ 120.347792686898558, -4.189068622302922 ], [ 120.344585701334253, -4.188011441447512 ], [ 120.33941140529771, -4.186676524598091 ] ] } },
{ "type": "Feature", "properties": { "FID": 230, "OBJECTID": 975, "NAMOBJ": "Jaringan Tetap", "STSJRN": 1, "WADMPR": "Provinsi Sulawesi Selatan", "WADMKK": "Kabupaten Wajo", "REMARK": "Tidak Ada", "SBDATA": "Analisis Tim Penyusun, 2022", "SHAPE_Leng": 0.051196239053599997 }, "geometry": { "type": "LineString", "coordinates": [ [ 120.252238890126748, -4.273960925413385 ], [ 120.25162803573356, -4.273181564084174 ], [ 120.25082853513068, -4.272581365739008 ], [ 120.247693414789097, -4.270977848453496 ], [ 120.24473795750437, -4.269230996199796 ], [ 120.243543198176482, -4.268863708809783 ], [ 120.239419931022368, -4.268630794764079 ], [ 120.238566531502443, -4.26803059285907 ], [ 120.237237024881949, -4.266480815621076 ], [ 120.235745821510321, -4.263900832705141 ], [ 120.234488180112564, -4.262091256185956 ], [ 120.23408393823469, -4.260783341792506 ], [ 120.234065971929013, -4.258651257396678 ], [ 120.234613944252331, -4.256823751783602 ], [ 120.234658860016538, -4.255874163820637 ], [ 120.234254618138692, -4.253966025976825 ], [ 120.232592734863061, -4.248958261460823 ], [ 120.232197476138055, -4.247283027072465 ], [ 120.232188492985216, -4.245356950954199 ], [ 120.232691549544313, -4.243332326225198 ], [ 120.232646633780107, -4.242973985012231 ], [ 120.231730352190297, -4.241092690916618 ], [ 120.230212199360139, -4.239345770868965 ], [ 120.228424551944741, -4.237652598439576 ], [ 120.22727470838106, -4.236031091209042 ] ] } },
{ "type": "Feature", "properties": { "FID": 231, "OBJECTID": 976, "NAMOBJ": "Jaringan Tetap", "STSJRN": 1, "WADMPR": "Provinsi Sulawesi Selatan", "WADMKK": "Kabupaten Wajo", "REMARK": "Tidak Ada", "SBDATA": "Analisis Tim Penyusun, 2022", "SHAPE_Leng": 0.049531110597499997 }, "geometry": { "type": "LineString", "coordinates": [ [ 120.241378258341754, -4.197902297976516 ], [ 120.244540328141866, -4.199568679955383 ], [ 120.249436146440303, -4.200554172999544 ], [ 120.25152023789947, -4.20153070578802 ], [ 120.255904016485971, -4.202793925287705 ], [ 120.257314371482039, -4.204030265795033 ], [ 120.25798810794511, -4.204433419884334 ], [ 120.261419672330447, -4.2045050917006 ], [ 120.263252235510052, -4.204711148135651 ], [ 120.26318037028733, -4.205383070914932 ], [ 120.263620544776543, -4.205795183266236 ], [ 120.264330213850997, -4.205911649760794 ], [ 120.264779371493049, -4.20558912711783 ], [ 120.265417175344794, -4.205383070914932 ], [ 120.266333456934589, -4.205311399179413 ], [ 120.266953294480629, -4.204997835259007 ], [ 120.267231772218722, -4.204523009653637 ], [ 120.267797710847702, -4.20429903521107 ], [ 120.267941441293161, -4.203940675969093 ], [ 120.268956537564222, -4.203734619330353 ], [ 120.269279931066492, -4.202749130304984 ], [ 120.270052482210843, -4.202372852348512 ], [ 120.271067578481905, -4.202202631308555 ], [ 120.271750298097842, -4.20263266333786 ], [ 120.272549798700695, -4.20251619635334 ], [ 120.272702512298991, -4.202157836291863 ], [ 120.273061838412659, -4.202050328241306 ], [ 120.273259467775148, -4.201674049947645 ], [ 120.274202698823487, -4.200921492815714 ], [ 120.274660839618377, -4.199873287029218 ], [ 120.279080550816246, -4.200330197416996 ], [ 120.279412927471355, -4.200034549549576 ], [ 120.281083793899839, -4.199998713436822 ], [ 120.281730580904394, -4.200231648140305 ], [ 120.2828894076209, -4.201127550197834 ], [ 120.284452476215293, -4.201127550197834 ] ] } },
{ "type": "Feature", "properties": { "FID": 232, "OBJECTID": 977, "NAMOBJ": "Jaringan Tetap", "STSJRN": 1, "WADMPR": "Provinsi Sulawesi Selatan", "WADMKK": "Kabupaten Wajo", "REMARK": "Tidak Ada", "SBDATA": "Analisis Tim Penyusun, 2022", "SHAPE_Leng": 0.035401038784 }, "geometry": { "type": "LineString", "coordinates": [ [ 120.213701164438021, -4.16152769997073 ], [ 120.215246266726723, -4.159045923389906 ], [ 120.216342211373345, -4.156904600852096 ], [ 120.217357307644406, -4.15400171080299 ], [ 120.217644768535308, -4.153078876234567 ], [ 120.217680701146676, -4.152415868208467 ], [ 120.218111892483051, -4.151313840121974 ], [ 120.221435659034285, -4.144665800671936 ], [ 120.221786001995113, -4.143599600462253 ], [ 120.222468721611037, -4.142363164805734 ], [ 120.223456868423568, -4.14142239725078 ], [ 120.22433721740201, -4.140159079060455 ], [ 120.225334347367379, -4.138241698664099 ], [ 120.228774894905555, -4.132776243092832 ], [ 120.230041519456165, -4.130455653020027 ] ] } },
{ "type": "Feature", "properties": { "FID": 233, "OBJECTID": 978, "NAMOBJ": "Jaringan Tetap", "STSJRN": 1, "WADMPR": "Provinsi Sulawesi Selatan", "WADMKK": "Kabupaten Wajo", "REMARK": "Tidak Ada", "SBDATA": "Analisis Tim Penyusun, 2022", "SHAPE_Leng": 0.038985697142299998 }, "geometry": { "type": "LineString", "coordinates": [ [ 120.284021284878889, -4.177609780822528 ], [ 120.288036754198913, -4.178272767617211 ], [ 120.289689654321691, -4.178371319660468 ], [ 120.296220406437243, -4.177887518602021 ], [ 120.300316724132841, -4.178030867094895 ], [ 120.305059828832981, -4.178550505161935 ], [ 120.306982223541013, -4.177905437165064 ], [ 120.310108360729728, -4.176346520649246 ], [ 120.311896008145141, -4.175701450840127 ], [ 120.314141796355429, -4.175253485382938 ], [ 120.31491434749978, -4.174097733322676 ], [ 120.31526469046058, -4.173873750168427 ], [ 120.315992325840725, -4.173703522928461 ], [ 120.317133186251567, -4.173784156888836 ], [ 120.321067807195988, -4.171857898905139 ] ] } },
{ "type": "Feature", "properties": { "FID": 234, "OBJECTID": 979, "NAMOBJ": "Jaringan Tetap", "STSJRN": 1, "WADMPR": "Provinsi Sulawesi Selatan", "WADMKK": "Kabupaten Wajo", "REMARK": "Tidak Ada", "SBDATA": "Analisis Tim Penyusun, 2022", "SHAPE_Leng": 0.021011522931000001 }, "geometry": { "type": "LineString", "coordinates": [ [ 120.299939431713497, -4.17801294853472 ], [ 120.301592331836289, -4.173999180742679 ], [ 120.304170496701701, -4.171096353748085 ], [ 120.304996946763097, -4.169627017476702 ], [ 120.305338306571059, -4.168318947509124 ], [ 120.306290520772222, -4.166518107897308 ], [ 120.308051218729119, -4.159019044900386 ] ] } },
{ "type": "Feature", "properties": { "FID": 235, "OBJECTID": 980, "NAMOBJ": "Jaringan Tetap", "STSJRN": 1, "WADMPR": "Provinsi Sulawesi Selatan", "WADMKK": "Kabupaten Wajo", "REMARK": "Tidak Ada", "SBDATA": "Analisis Tim Penyusun, 2022", "SHAPE_Leng": 0.054584207139000002 }, "geometry": { "type": "LineString", "coordinates": [ [ 120.280284293296958, -4.168336866290506 ], [ 120.281155659122561, -4.168068084526871 ], [ 120.283302632651612, -4.166159731363173 ], [ 120.284326712075512, -4.165855111180776 ], [ 120.28506333060848, -4.164618710405976 ], [ 120.287120472609118, -4.163095605331585 ], [ 120.287937939517676, -4.162065267874769 ], [ 120.288360147701198, -4.160846780098803 ], [ 120.289734570085898, -4.158230608799887 ], [ 120.289932199448415, -4.157666159743441 ], [ 120.289896266837061, -4.156734369940479 ], [ 120.290668817981384, -4.1542704973675 ], [ 120.291288655527438, -4.153867317486391 ], [ 120.291549166959825, -4.153222229248046 ], [ 120.29241154963259, -4.152711534018652 ], [ 120.293282915458192, -4.150946497084575 ], [ 120.294477674786066, -4.147810634931298 ], [ 120.295600568891217, -4.146395013081096 ], [ 120.297810424490152, -4.141816623790918 ], [ 120.298214666367997, -4.141386558464664 ], [ 120.298996200665187, -4.14104608991561 ], [ 120.300208926298751, -4.139307906093157 ], [ 120.300702999704995, -4.137515960013103 ], [ 120.301304870945373, -4.136010722172729 ], [ 120.301960641102767, -4.135114745910026 ], [ 120.303478793932939, -4.134424843497453 ], [ 120.304565755426708, -4.133206313094101 ], [ 120.3048442331648, -4.132426811045048 ], [ 120.305670683226168, -4.131862343565689 ], [ 120.305706615837536, -4.131342674737457 ], [ 120.306757644719951, -4.130903643910369 ], [ 120.30700018984669, -4.130375014632902 ], [ 120.30850935952401, -4.129111678831382 ], [ 120.308608174205247, -4.125366458753662 ] ] } },
{ "type": "Feature", "properties": { "FID": 236, "OBJECTID": 981, "NAMOBJ": "Jaringan Tetap", "STSJRN": 1, "WADMPR": "Provinsi Sulawesi Selatan", "WADMKK": "Kabupaten Wajo", "REMARK": "Tidak Ada", "SBDATA": "Analisis Tim Penyusun, 2022", "SHAPE_Leng": 0.018260601517 }, "geometry": { "type": "LineString", "coordinates": [ [ 120.289950165754107, -4.157110669801185 ], [ 120.291944425684832, -4.15703003413187 ], [ 120.296777361913414, -4.157809511923058 ], [ 120.29874467238561, -4.158293325336761 ], [ 120.301771994893102, -4.158356041868642 ], [ 120.308051218729119, -4.159019044900386 ] ] } },
{ "type": "Feature", "properties": { "FID": 237, "OBJECTID": 982, "NAMOBJ": "Jaringan Tetap", "STSJRN": 1, "WADMPR": "Provinsi Sulawesi Selatan", "WADMKK": "Kabupaten Wajo", "REMARK": "Tidak Ada", "SBDATA": "Analisis Tim Penyusun, 2022", "SHAPE_Leng": 0.0238898337042 }, "geometry": { "type": "LineString", "coordinates": [ [ 120.283060087524902, -4.128099216772864 ], [ 120.284138065865832, -4.128807044365534 ], [ 120.284533324590853, -4.128681606610319 ], [ 120.28479383602324, -4.128860803397415 ], [ 120.285216044206777, -4.129864304657459 ], [ 120.28557537032043, -4.130097260125626 ], [ 120.285404690416456, -4.130912603725594 ], [ 120.285557404014753, -4.131665227843336 ], [ 120.286500635063078, -4.132032579831934 ], [ 120.287012674775028, -4.132498489426378 ], [ 120.28853981075801, -4.132597047190126 ], [ 120.289707620627368, -4.133358629496945 ], [ 120.290722716898429, -4.133690141566688 ], [ 120.290920346260933, -4.134254607744839 ], [ 120.292321718104176, -4.13474739534951 ], [ 120.293121218707029, -4.134630918306964 ], [ 120.294118348672399, -4.135168504514357 ], [ 120.294315978034902, -4.135114745910026 ], [ 120.294693270454246, -4.134514441247303 ], [ 120.294720219912776, -4.134075412176274 ], [ 120.295627518349733, -4.133878297004064 ], [ 120.297028890192962, -4.134173969743997 ], [ 120.297325334236717, -4.134568199892351 ], [ 120.298529076717429, -4.134783234436081 ], [ 120.300181976840221, -4.135858406279544 ], [ 120.300837746997615, -4.135786728202031 ], [ 120.301304870945373, -4.136010722172729 ] ] } },
{ "type": "Feature", "properties": { "FID": 238, "OBJECTID": 983, "NAMOBJ": "Jaringan Tetap", "STSJRN": 1, "WADMPR": "Provinsi Sulawesi Selatan", "WADMKK": "Kabupaten Wajo", "REMARK": "Tidak Ada", "SBDATA": "Analisis Tim Penyusun, 2022", "SHAPE_Leng": 0.029004310742700001 }, "geometry": { "type": "LineString", "coordinates": [ [ 120.286877927482408, -4.117266687980546 ], [ 120.287210304137517, -4.117544446972342 ], [ 120.287174371526163, -4.118225404090472 ], [ 120.287443866111389, -4.118601722247872 ], [ 120.291126958776303, -4.119336438137456 ], [ 120.292321718104176, -4.11922891878136 ], [ 120.293426645903637, -4.12007115334851 ], [ 120.293920719309895, -4.12071626858403 ], [ 120.295438872140053, -4.121701860294475 ], [ 120.300855713303292, -4.123986636378426 ], [ 120.30293980476246, -4.124434630918804 ], [ 120.31244398046843, -4.125957810466554 ], [ 120.312497879385475, -4.126692519557132 ] ] } },
{ "type": "Feature", "properties": { "FID": 239, "OBJECTID": 984, "NAMOBJ": "Jaringan Tetap", "STSJRN": 1, "WADMPR": "Provinsi Sulawesi Selatan", "WADMKK": "Kabupaten Wajo", "REMARK": "Tidak Ada", "SBDATA": "Analisis Tim Penyusun, 2022", "SHAPE_Leng": 0.018182081464200001 }, "geometry": { "type": "LineString", "coordinates": [ [ 120.311401934738853, -4.100484489288644 ], [ 120.312012789132069, -4.098450530932152 ], [ 120.311904991297979, -4.098235486574379 ], [ 120.30837461223139, -4.096712254051429 ], [ 120.3062186555495, -4.096344885773506 ], [ 120.303487777085792, -4.095153177759628 ], [ 120.300837746997615, -4.094812689429689 ], [ 120.298358396813455, -4.093836024732286 ], [ 120.296974991275917, -4.093585138195629 ] ] } },
{ "type": "Feature", "properties": { "FID": 240, "OBJECTID": 985, "NAMOBJ": "Jaringan Tetap", "STSJRN": 1, "WADMPR": "Provinsi Sulawesi Selatan", "WADMKK": "Kabupaten Wajo", "REMARK": "Tidak Ada", "SBDATA": "Analisis Tim Penyusun, 2022", "SHAPE_Leng": 0.027483222124799998 }, "geometry": { "type": "LineString", "coordinates": [ [ 120.329970111661623, -4.073961983753371 ], [ 120.327140418516635, -4.07251038890265 ], [ 120.323565123685839, -4.07111255434941 ], [ 120.320618649553936, -4.069651993857795 ], [ 120.314608920303158, -4.068146628124983 ], [ 120.312605677219594, -4.067474588943135 ], [ 120.309731068310398, -4.066112587815526 ], [ 120.308069185034796, -4.065037322141629 ], [ 120.304700502719342, -4.063567790068111 ] ] } },
{ "type": "Feature", "properties": { "FID": 241, "OBJECTID": 986, "NAMOBJ": "Jaringan Tetap", "STSJRN": 1, "WADMPR": "Provinsi Sulawesi Selatan", "WADMKK": "Kabupaten Wajo", "REMARK": "Tidak Ada", "SBDATA": "Analisis Tim Penyusun, 2022", "SHAPE_Leng": 0.016215829950299999 }, "geometry": { "type": "LineString", "coordinates": [ [ 120.340157006983532, -4.046282666369156 ], [ 120.337704606257901, -4.045709177447803 ], [ 120.330823511181535, -4.042420569076889 ], [ 120.329251459434317, -4.042053176032494 ], [ 120.329341290962731, -4.041327350260365 ], [ 120.326170238009809, -4.039409733366966 ] ] } },
{ "type": "Feature", "properties": { "FID": 242, "OBJECTID": 987, "NAMOBJ": "Jaringan Tetap", "STSJRN": 1, "WADMPR": "Provinsi Sulawesi Selatan", "WADMKK": "Kabupaten Wajo", "REMARK": "Tidak Ada", "SBDATA": "Analisis Tim Penyusun, 2022", "SHAPE_Leng": 0.037192350737000002 }, "geometry": { "type": "LineString", "coordinates": [ [ 120.26059322226908, -3.954680624732174 ], [ 120.261976627806618, -3.954859859976363 ], [ 120.263719359457795, -3.955657456342919 ], [ 120.267123974384603, -3.956006964621172 ], [ 120.276161026142844, -3.957324340652336 ], [ 120.277364768623585, -3.95787100628143 ], [ 120.27642153757526, -3.961231647710461 ], [ 120.275577121208187, -3.962083008039318 ], [ 120.275208811941695, -3.962764095671558 ], [ 120.273789473792775, -3.962988137533262 ], [ 120.273448113984813, -3.9635347994211 ], [ 120.27316065309391, -3.964843201816124 ], [ 120.273295400386516, -3.965389862477428 ], [ 120.273169636246749, -3.966707223569113 ], [ 120.274328462963254, -3.967164266722453 ], [ 120.274804570063836, -3.967728849092207 ], [ 120.274903384745087, -3.968194853297185 ], [ 120.274831519522351, -3.969969251517043 ], [ 120.273969136849615, -3.970023021100544 ], [ 120.273861339015497, -3.970309792153406 ], [ 120.273753541181406, -3.972702534241753 ], [ 120.275020165732016, -3.972917611842417 ] ] } },
{ "type": "Feature", "properties": { "FID": 243, "OBJECTID": 988, "NAMOBJ": "Jaringan Tetap", "STSJRN": 1, "WADMPR": "Provinsi Sulawesi Selatan", "WADMKK": "Kabupaten Wajo", "REMARK": "Tidak Ada", "SBDATA": "Analisis Tim Penyusun, 2022", "SHAPE_Leng": 0.032984678663700001 }, "geometry": { "type": "LineString", "coordinates": [ [ 120.275020165732016, -3.972917611842417 ], [ 120.275235761400225, -3.971958723773886 ], [ 120.276807813147428, -3.971725722766518 ], [ 120.277580364291779, -3.970515908786115 ], [ 120.27787680833552, -3.970596563106645 ], [ 120.279314112790118, -3.971815338546368 ], [ 120.279484792694092, -3.97234407144938 ], [ 120.279305129637265, -3.973025150621724 ], [ 120.279960899794688, -3.973616613657311 ], [ 120.280311242755488, -3.974369384180104 ], [ 120.280751417244701, -3.974718884546405 ], [ 120.281056844441309, -3.976188576773096 ], [ 120.281622783070304, -3.977685150920919 ], [ 120.282062957559532, -3.978025688371376 ], [ 120.283868571280593, -3.978213880059928 ], [ 120.285269943123822, -3.977487997595802 ], [ 120.285314858888043, -3.976833806679074 ], [ 120.285584353473283, -3.976385730409068 ], [ 120.286006561656805, -3.97485330772477 ], [ 120.286006561656805, -3.973338805314624 ], [ 120.286114359490895, -3.973240228138278 ], [ 120.287623529168229, -3.972738380512424 ], [ 120.28821641725574, -3.972281340444703 ], [ 120.288971002094414, -3.972227571008327 ], [ 120.289599822793278, -3.971447913787137 ], [ 120.289869317378532, -3.971421029042234 ], [ 120.29093831256661, -3.972066262678173 ], [ 120.290983228330816, -3.972532264434794 ], [ 120.291369503902999, -3.972899688711171 ], [ 120.291378487055852, -3.973222305014041 ], [ 120.292510364313841, -3.973535959631977 ], [ 120.292546296925195, -3.972272378872217 ], [ 120.293336814375238, -3.972326148305673 ], [ 120.293417662750798, -3.970963988244887 ] ] } },
{ "type": "Feature", "properties": { "FID": 244, "OBJECTID": 989, "NAMOBJ": "Jaringan Tetap", "STSJRN": 1, "WADMPR": "Provinsi Sulawesi Selatan", "WADMKK": "Kabupaten Wajo", "REMARK": "Tidak Ada", "SBDATA": "Analisis Tim Penyusun, 2022", "SHAPE_Leng": 0.012527902418700001 }, "geometry": { "type": "LineString", "coordinates": [ [ 120.301825893810147, -3.97757761274943 ], [ 120.302778108011324, -3.972388879306943 ], [ 120.302814040622692, -3.968481624984954 ], [ 120.306146790326764, -3.968625010791498 ] ] } },
{ "type": "Feature", "properties": { "FID": 245, "OBJECTID": 990, "NAMOBJ": "Jaringan Tetap", "STSJRN": 1, "WADMPR": "Provinsi Sulawesi Selatan", "WADMKK": "Kabupaten Wajo", "REMARK": "Tidak Ada", "SBDATA": "Analisis Tim Penyusun, 2022", "SHAPE_Leng": 0.034975829745300002 }, "geometry": { "type": "LineString", "coordinates": [ [ 120.316782843290738, -3.970220176210086 ], [ 120.31564198287991, -3.970220176210086 ], [ 120.310171242799612, -3.969413632282479 ], [ 120.306146790326764, -3.968625010791498 ], [ 120.305994076728467, -3.966178487056709 ], [ 120.304673553260827, -3.964144192575016 ], [ 120.303981850492036, -3.962396666886988 ], [ 120.30373930536534, -3.96212781645341 ], [ 120.302553529190291, -3.961778310759132 ], [ 120.300514353495345, -3.961518421813821 ], [ 120.299238745791897, -3.961097222315296 ], [ 120.297549913057736, -3.961025528762277 ], [ 120.296498884175321, -3.960684984300616 ], [ 120.295070562873576, -3.960693945998771 ], [ 120.294612422078686, -3.961285417862412 ], [ 120.29421716335365, -3.961383996465247 ], [ 120.291908493073464, -3.960156243937698 ], [ 120.290444239160351, -3.958587944264402 ], [ 120.28956389018191, -3.958256360524433 ], [ 120.288306248784153, -3.958059202562045 ] ] } },
{ "type": "Feature", "properties": { "FID": 246, "OBJECTID": 991, "NAMOBJ": "Jaringan Tetap", "STSJRN": 1, "WADMPR": "Provinsi Sulawesi Selatan", "WADMKK": "Kabupaten Wajo", "REMARK": "Tidak Ada", "SBDATA": "Analisis Tim Penyusun, 2022", "SHAPE_Leng": 0.0225588767992 }, "geometry": { "type": "LineString", "coordinates": [ [ 120.303945917880682, -3.96235185848746 ], [ 120.304781351094917, -3.961841042561285 ], [ 120.305616784309123, -3.96090006502955 ], [ 120.308473426912641, -3.959681273493169 ], [ 120.309443607419496, -3.958785102100891 ], [ 120.310009546048477, -3.957467728393238 ], [ 120.310422771079189, -3.956231008311734 ], [ 120.310539552066118, -3.95522729210576 ], [ 120.310503619454749, -3.952045862170614 ], [ 120.310683282511576, -3.949823334861723 ], [ 120.310934810791125, -3.947385717420282 ], [ 120.311689395629784, -3.94320052666883 ] ] } },
{ "type": "Feature", "properties": { "FID": 247, "OBJECTID": 992, "NAMOBJ": "Jaringan Tetap", "STSJRN": 1, "WADMPR": "Provinsi Sulawesi Selatan", "WADMKK": "Kabupaten Wajo", "REMARK": "Tidak Ada", "SBDATA": "Analisis Tim Penyusun, 2022", "SHAPE_Leng": 0.074294634982400007 }, "geometry": { "type": "LineString", "coordinates": [ [ 120.277301886553673, -3.88924822319535 ], [ 120.280562771035036, -3.889812858292453 ], [ 120.281299389568019, -3.889714271239267 ], [ 120.282377367908964, -3.890162394115347 ], [ 120.285350791499411, -3.889759083537599 ], [ 120.286311988853399, -3.88923926073044 ], [ 120.286680298119904, -3.889203410869852 ], [ 120.290309491867745, -3.889140673610151 ], [ 120.291863577309257, -3.889310960447042 ], [ 120.295313108000272, -3.88840575107734 ], [ 120.296292271659965, -3.887975552224234 ], [ 120.298008053852655, -3.888378863655452 ], [ 120.30032570728568, -3.888127914343149 ], [ 120.301475550849347, -3.88843263849837 ], [ 120.302472680814731, -3.88838782612951 ], [ 120.303110484666433, -3.888002439658984 ], [ 120.303541676002837, -3.886935904089636 ], [ 120.305176609819924, -3.885878329672117 ], [ 120.307305617043284, -3.885394354496411 ], [ 120.308581224746732, -3.885528792073071 ], [ 120.309254961209831, -3.885170291821037 ], [ 120.310907861332595, -3.885107554261269 ], [ 120.312533811996843, -3.885259916898328 ], [ 120.312965003333233, -3.884067902591643 ], [ 120.314303493106564, -3.882499460149279 ], [ 120.314896381194103, -3.882302284321745 ], [ 120.316019275299254, -3.882409834778835 ], [ 120.316163005744713, -3.882302284321745 ], [ 120.316279786731641, -3.881540468191823 ], [ 120.317375731378263, -3.881630093654546 ], [ 120.321507981685201, -3.881441880171841 ], [ 120.321912223563075, -3.880796576484111 ], [ 120.322846471458561, -3.87820639422168 ], [ 120.323654955214252, -3.877758264996946 ], [ 120.324140045467686, -3.877677601711262 ], [ 120.325406670018296, -3.87791959154522 ], [ 120.326673294568906, -3.878627635476282 ], [ 120.327382963643359, -3.878851699887866 ], [ 120.32840704306723, -3.878968213358409 ], [ 120.3286136555826, -3.878779999282623 ], [ 120.330383336692307, -3.879120577103343 ], [ 120.330724696500283, -3.875661017067938 ], [ 120.332215899871926, -3.875669979676991 ], [ 120.337138667628892, -3.876790305060749 ], [ 120.341172103254593, -3.877247397390951 ] ] } },
{ "type": "Feature", "properties": { "FID": 248, "OBJECTID": 993, "NAMOBJ": "Jaringan Tetap", "STSJRN": 1, "WADMPR": "Provinsi Sulawesi Selatan", "WADMKK": "Kabupaten Wajo", "REMARK": "Tidak Ada", "SBDATA": "Analisis Tim Penyusun, 2022", "SHAPE_Leng": 0.027858005118699999 }, "geometry": { "type": "LineString", "coordinates": [ [ 120.326071423328528, -3.901419162501214 ], [ 120.326322951608105, -3.900917271578562 ], [ 120.327122452210943, -3.900872459874461 ], [ 120.327239233197886, -3.899895564131174 ], [ 120.326933806001293, -3.896077593732623 ], [ 120.325891760271702, -3.895620511607745 ], [ 120.325388703712619, -3.894240301331692 ], [ 120.325343787948412, -3.893353022101886 ], [ 120.325020394446099, -3.892698765101107 ], [ 120.325011411293261, -3.891668085233078 ], [ 120.325496501546709, -3.889830783209974 ], [ 120.325460568935341, -3.889293035518464 ], [ 120.32398733186939, -3.888853874649197 ], [ 120.321247470252814, -3.887697715348263 ], [ 120.320367121274373, -3.886828354209447 ], [ 120.317276916697011, -3.886774579264209 ], [ 120.315866561700929, -3.88629956709902 ], [ 120.313746537630436, -3.885869367171386 ], [ 120.312533811996843, -3.885259916898328 ] ] } },
{ "type": "Feature", "properties": { "FID": 249, "OBJECTID": 994, "NAMOBJ": "Jaringan Tetap", "STSJRN": 1, "WADMPR": "Provinsi Sulawesi Selatan", "WADMKK": "Kabupaten Wajo", "REMARK": "Tidak Ada", "SBDATA": "Analisis Tim Penyusun, 2022", "SHAPE_Leng": 0.037567612384700001 }, "geometry": { "type": "LineString", "coordinates": [ [ 120.335629497951572, -3.856982733777047 ], [ 120.334668300597556, -3.856686961108891 ], [ 120.332880653182158, -3.85552179505118 ], [ 120.329898246438887, -3.854482107066878 ], [ 120.329422139338291, -3.853899522726862 ], [ 120.327185334280841, -3.853065978284932 ], [ 120.326296002149576, -3.852868795609317 ], [ 120.325828878201818, -3.85353204624561 ], [ 120.325388703712619, -3.853666488879119 ], [ 120.323852584576755, -3.853074941132738 ], [ 120.323151898655155, -3.852510281536566 ], [ 120.322639858943191, -3.851676735733529 ], [ 120.322127819231255, -3.851551255649462 ], [ 120.321085773501679, -3.850771486140924 ], [ 120.32059170009542, -3.849946901515744 ], [ 120.319217277710692, -3.849444980048535 ], [ 120.319334058697635, -3.847724104200829 ], [ 120.319154395640808, -3.847446254128597 ], [ 120.317968619465773, -3.847410402499774 ], [ 120.317654209116341, -3.847024997394636 ], [ 120.317321832461218, -3.846962257012185 ], [ 120.316594197081074, -3.847410402499774 ], [ 120.315031128486723, -3.847473142849226 ], [ 120.314653836067365, -3.848055731587765 ], [ 120.314249594189519, -3.848360470153825 ], [ 120.313602807184949, -3.848261878276736 ], [ 120.312219401647411, -3.848521802291717 ], [ 120.311626513559901, -3.84828876697162 ], [ 120.310818029804196, -3.847482105755913 ], [ 120.30993768082574, -3.847060849039678 ], [ 120.307081038222265, -3.846119742857443 ], [ 120.3058683125887, -3.843986564997343 ] ] } },
{ "type": "Feature", "properties": { "FID": 250, "OBJECTID": 995, "NAMOBJ": "Jaringan Tetap", "STSJRN": 1, "WADMPR": "Provinsi Sulawesi Selatan", "WADMKK": "Kabupaten Wajo", "REMARK": "Tidak Ada", "SBDATA": "Analisis Tim Penyusun, 2022", "SHAPE_Leng": 0.019469753050599999 }, "geometry": { "type": "LineString", "coordinates": [ [ 120.359875027469954, -3.796974636285701 ], [ 120.362192680902979, -3.793944990103978 ], [ 120.362902349977446, -3.791462106466028 ], [ 120.363567103287679, -3.789983129068915 ], [ 120.363944395707023, -3.789785931891532 ], [ 120.365399666467283, -3.789776968382401 ], [ 120.365992554554822, -3.789615625202157 ], [ 120.36695375190881, -3.78731199984701 ], [ 120.373277891509019, -3.788342805725176 ] ] } },
{ "type": "Feature", "properties": { "FID": 251, "OBJECTID": 996, "NAMOBJ": "Jaringan Tetap", "STSJRN": 1, "WADMPR": "Provinsi Sulawesi Selatan", "WADMKK": "Kabupaten Wajo", "REMARK": "Tidak Ada", "SBDATA": "Analisis Tim Penyusun, 2022", "SHAPE_Leng": 0.047171328690900002 }, "geometry": { "type": "LineString", "coordinates": [ [ 120.378470153851239, -3.77400104856378 ], [ 120.379045075633059, -3.774278922361305 ], [ 120.380608144227423, -3.774252031352527 ], [ 120.387031098508885, -3.775085652237476 ], [ 120.39478355941084, -3.776385382128095 ], [ 120.394954239314814, -3.771724272810681 ], [ 120.395286615969937, -3.769232361803762 ], [ 120.404718926453214, -3.770379717399185 ], [ 120.405015370496969, -3.765360025496741 ], [ 120.402275508880408, -3.764642924289945 ], [ 120.402194660504819, -3.763952713820645 ], [ 120.398960725481999, -3.763755510728944 ], [ 120.399032590704735, -3.76190000672533 ], [ 120.39877207927232, -3.761765549759924 ] ] } },
{ "type": "Feature", "properties": { "FID": 252, "OBJECTID": 997, "NAMOBJ": "Jaringan Tetap", "STSJRN": 1, "WADMPR": "Provinsi Sulawesi Selatan", "WADMKK": "Kabupaten Wajo", "REMARK": "Tidak Ada", "SBDATA": "Analisis Tim Penyusun, 2022", "SHAPE_Leng": 0.036417891202000001 }, "geometry": { "type": "LineString", "coordinates": [ [ 120.39877207927232, -3.761765549759924 ], [ 120.398825978189393, -3.758314480550105 ], [ 120.399248186372915, -3.753993901928788 ], [ 120.399176321150193, -3.752774813636586 ], [ 120.397451555804665, -3.751116492272622 ], [ 120.394298469157434, -3.749915327805922 ], [ 120.392295226073841, -3.748319748574032 ], [ 120.391028601523232, -3.747871551636825 ], [ 120.38934875194191, -3.746885517566582 ], [ 120.386779570229336, -3.744456283434535 ], [ 120.38549497937305, -3.744339751738439 ], [ 120.384722428228699, -3.743891552762749 ], [ 120.383806146638889, -3.742421458512263 ], [ 120.383518685747987, -3.741381634259909 ], [ 120.383482753136619, -3.739777075449294 ], [ 120.382521555782603, -3.738943420829516 ], [ 120.382377825337144, -3.738602787530947 ], [ 120.381973583459299, -3.736711373913439 ], [ 120.382261044350216, -3.734748243618586 ] ] } },
{ "type": "Feature", "properties": { "FID": 253, "OBJECTID": 998, "NAMOBJ": "Jaringan Tetap", "STSJRN": 1, "WADMPR": "Provinsi Sulawesi Selatan", "WADMKK": "Kabupaten Wajo", "REMARK": "Tidak Ada", "SBDATA": "Analisis Tim Penyusun, 2022", "SHAPE_Leng": 0.024880680779700001 }, "geometry": { "type": "LineString", "coordinates": [ [ 120.360539780780215, -3.757023687518095 ], [ 120.364824744685464, -3.762267522324916 ], [ 120.366810021463351, -3.763872039833982 ], [ 120.368597668878763, -3.766292256182502 ], [ 120.369136658049214, -3.766812153631263 ], [ 120.378470153851239, -3.77400104856378 ] ] } },
{ "type": "Feature", "properties": { "FID": 254, "OBJECTID": 999, "NAMOBJ": "Jaringan Tetap", "STSJRN": 1, "WADMPR": "Provinsi Sulawesi Selatan", "WADMKK": "Kabupaten Wajo", "REMARK": "Tidak Ada", "SBDATA": "Analisis Tim Penyusun, 2022", "SHAPE_Leng": 0.051861911214099998 }, "geometry": { "type": "LineString", "coordinates": [ [ 120.339159877018162, -3.726967391795758 ], [ 120.339618017813052, -3.723803039503482 ], [ 120.340336670040358, -3.72394646648244 ], [ 120.340704979306835, -3.721409598344219 ], [ 120.341342783158566, -3.721140671964797 ], [ 120.341351766311419, -3.721006208744302 ], [ 120.341288884241521, -3.720871745503285 ], [ 120.340731928765365, -3.720737282241744 ], [ 120.340022259690926, -3.719455398118156 ], [ 120.340094124913648, -3.718487260621176 ], [ 120.339788697717054, -3.717375694035777 ], [ 120.335854076772605, -3.714668485684771 ], [ 120.335719329479986, -3.714471271506786 ], [ 120.335791194702708, -3.713216271159894 ], [ 120.334686266903248, -3.713028020953974 ], [ 120.333329810824225, -3.712194340988156 ], [ 120.332314714553178, -3.708644469099525 ], [ 120.333266928754341, -3.707434282241989 ], [ 120.334299991331079, -3.705704160376637 ], [ 120.334740165820293, -3.7054621223329 ], [ 120.33531508760214, -3.70459257770361 ], [ 120.335593565340204, -3.703014845060693 ], [ 120.336060689287947, -3.702961058671026 ], [ 120.337291381227189, -3.703364456513882 ], [ 120.338333426956765, -3.703194133002653 ], [ 120.3395192031318, -3.703767854172906 ], [ 120.340534299402862, -3.703714067828992 ], [ 120.341630244049483, -3.703884391240175 ], [ 120.341450580992671, -3.702252870902311 ], [ 120.342061435385872, -3.699975908922293 ], [ 120.34212431745577, -3.699249789894785 ], [ 120.341720075577896, -3.6987208880064 ], [ 120.340570232014215, -3.697976839052847 ], [ 120.338872416127245, -3.694794453952418 ], [ 120.339384455839181, -3.693521496715655 ], [ 120.339231742240884, -3.692642975867728 ], [ 120.339896495551145, -3.69092178964577 ] ] } },
{ "type": "Feature", "properties": { "FID": 255, "OBJECTID": 1000, "NAMOBJ": "Jaringan Tetap", "STSJRN": 1, "WADMPR": "Provinsi Sulawesi Selatan", "WADMKK": "Kabupaten Wajo", "REMARK": "Tidak Ada", "SBDATA": "Analisis Tim Penyusun, 2022", "SHAPE_Leng": 0.029107348537500001 }, "geometry": { "type": "LineString", "coordinates": [ [ 120.357422626744309, -3.692149928072197 ], [ 120.358150262124454, -3.690365989215761 ], [ 120.358132295818777, -3.690132911512585 ], [ 120.357934666456245, -3.689747436715445 ], [ 120.356784822892578, -3.688940628459182 ], [ 120.356075153818139, -3.687793166566408 ], [ 120.356856688115329, -3.686349872551298 ], [ 120.359246206771076, -3.684081834366728 ], [ 120.359542650814831, -3.68325709177527 ], [ 120.359345021452327, -3.681760002727332 ], [ 120.360000791609721, -3.680863541014615 ], [ 120.359183324701192, -3.679223013743955 ], [ 120.359371970910857, -3.678667206005423 ], [ 120.358132295818777, -3.677412154998195 ], [ 120.357737037093742, -3.676632229553487 ], [ 120.358725183906273, -3.676390183587102 ], [ 120.359497735050624, -3.676381218920419 ], [ 120.363773715803049, -3.67726872048485 ], [ 120.367798168275883, -3.677107356629754 ] ] } },
{ "type": "Feature", "properties": { "FID": 256, "OBJECTID": 1001, "NAMOBJ": "Jaringan Tetap", "STSJRN": 1, "WADMPR": "Provinsi Sulawesi Selatan", "WADMKK": "Kabupaten Wajo", "REMARK": "Tidak Ada", "SBDATA": "Analisis Tim Penyusun, 2022", "SHAPE_Leng": 0.0246357956818 }, "geometry": { "type": "LineString", "coordinates": [ [ 120.248376134405035, -3.795854206243932 ], [ 120.248690544754481, -3.795388106918381 ], [ 120.249166651855077, -3.793944990103978 ], [ 120.248403083863565, -3.79191924442242 ], [ 120.247154425618646, -3.789543917112389 ], [ 120.247028661478865, -3.789032996800732 ], [ 120.246741200587962, -3.788826835887779 ], [ 120.244872704796975, -3.788988179215139 ], [ 120.243938456901489, -3.788620674925701 ], [ 120.244315749320805, -3.78811871759524 ], [ 120.245025418395272, -3.787733285876009 ], [ 120.24519609829926, -3.787285109242452 ], [ 120.245178131993569, -3.785985395692891 ], [ 120.245537458107208, -3.78534001996401 ], [ 120.246561537531107, -3.784192684147365 ], [ 120.248142572431178, -3.782919856697742 ], [ 120.249795472553942, -3.780813412797358 ], [ 120.251340574842644, -3.779558507615442 ], [ 120.252247873279586, -3.7781781098182 ] ] } },
{ "type": "Feature", "properties": { "FID": 257, "OBJECTID": 1002, "NAMOBJ": "Jaringan Tetap", "STSJRN": 1, "WADMPR": "Provinsi Sulawesi Selatan", "WADMKK": "Kabupaten Wajo", "REMARK": "Tidak Ada", "SBDATA": "Analisis Tim Penyusun, 2022", "SHAPE_Leng": 0.023647139174099999 }, "geometry": { "type": "LineString", "coordinates": [ [ 120.169279473638312, -3.958372862934688 ], [ 120.169953210101411, -3.95330947383178 ], [ 120.171633059682705, -3.949249778460722 ], [ 120.171803739586679, -3.945718813137871 ], [ 120.173591387002091, -3.942501499178464 ], [ 120.174759196871449, -3.939938393352611 ], [ 120.175046657762351, -3.935860708719983 ] ] } },
{ "type": "Feature", "properties": { "FID": 258, "OBJECTID": 1003, "NAMOBJ": "Jaringan Tetap", "STSJRN": 1, "WADMPR": "Provinsi Sulawesi Selatan", "WADMKK": "Kabupaten Wajo", "REMARK": "Tidak Ada", "SBDATA": "Analisis Tim Penyusun, 2022", "SHAPE_Leng": 0.024460493210599999 }, "geometry": { "type": "LineString", "coordinates": [ [ 120.175046657762351, -3.935860708719983 ], [ 120.178154828645418, -3.936272959062981 ], [ 120.178397373772128, -3.936998877649081 ], [ 120.179852644532417, -3.936900296149838 ], [ 120.180023324436391, -3.935331952546528 ], [ 120.182044533825675, -3.931675459992968 ], [ 120.182296062105209, -3.931442447668863 ], [ 120.182646405066009, -3.930600017953777 ], [ 120.183760316018322, -3.930761334348084 ], [ 120.184362187258699, -3.931200473263361 ], [ 120.186077969451347, -3.930922650711184 ], [ 120.186554076551928, -3.93061794199913 ], [ 120.186823571137182, -3.93024153696581 ], [ 120.187757819032669, -3.929954752064488 ], [ 120.188413589190063, -3.929524574527607 ], [ 120.191180400265168, -3.928646294700959 ], [ 120.191431928544716, -3.92813545804997 ], [ 120.192222445994716, -3.927499152310466 ], [ 120.19332737379419, -3.927266138819705 ] ] } },
{ "type": "Feature", "properties": { "FID": 259, "OBJECTID": 1004, "NAMOBJ": "Jaringan Tetap", "STSJRN": 1, "WADMPR": "Provinsi Sulawesi Selatan", "WADMKK": "Kabupaten Wajo", "REMARK": "Tidak Ada", "SBDATA": "Analisis Tim Penyusun, 2022", "SHAPE_Leng": 0.072223370254700006 }, "geometry": { "type": "LineString", "coordinates": [ [ 120.223861110301414, -3.958121934646078 ], [ 120.225046886476449, -3.951848702730683 ], [ 120.225019937017919, -3.950611974265779 ], [ 120.225397229437277, -3.949563442166635 ], [ 120.225711639786709, -3.949142236591405 ], [ 120.227319624145267, -3.948048893462419 ], [ 120.228173023665192, -3.946874892269932 ], [ 120.229188119936239, -3.946346143099142 ], [ 120.231317127159613, -3.94444622804691 ], [ 120.232511886487487, -3.942555270544745 ], [ 120.234524112723918, -3.94021621289724 ], [ 120.236338709597831, -3.936514931995337 ], [ 120.236356675903508, -3.935726279216185 ], [ 120.235125983964267, -3.935233370849943 ], [ 120.234955304060293, -3.934964511618132 ], [ 120.235575141606347, -3.932499964616818 ], [ 120.235952434025663, -3.931774042110483 ], [ 120.235961417178515, -3.931532067801225 ], [ 120.23532361332677, -3.930626904021662 ], [ 120.235584124759185, -3.929058548612293 ], [ 120.235898535108618, -3.928449129714831 ], [ 120.236069215012606, -3.92709585968916 ], [ 120.236760917781382, -3.92534825607858 ], [ 120.236787867239912, -3.924335540517417 ], [ 120.237272957493317, -3.923044998553876 ], [ 120.237093294436505, -3.922184636137343 ], [ 120.236751934628543, -3.921611060700878 ], [ 120.236680069405807, -3.920643151259303 ], [ 120.236275827527948, -3.919737975674905 ], [ 120.235709888898967, -3.917676681084216 ], [ 120.235997349789869, -3.916278582732076 ], [ 120.235368529090977, -3.914988028334066 ], [ 120.235341579632461, -3.914396523570089 ], [ 120.235584124759185, -3.913715396354578 ], [ 120.235961417178515, -3.912872948769107 ], [ 120.236401591667715, -3.912630968986853 ], [ 120.236482440043289, -3.912353140261776 ], [ 120.236266844375109, -3.911654086933066 ], [ 120.23508106820006, -3.910506921232481 ], [ 120.234991236671661, -3.909789941872292 ], [ 120.235090051352913, -3.909359753961839 ], [ 120.234784624156319, -3.908418717138237 ], [ 120.234101904540367, -3.907683811455938 ], [ 120.233706645815374, -3.907540415150166 ], [ 120.231317127159613, -3.907549377419995 ], [ 120.230885935823238, -3.907370132005222 ], [ 120.22987982270503, -3.90606163931717 ], [ 120.229188119936239, -3.905676260944712 ], [ 120.228487434014625, -3.904968239752697 ], [ 120.227373523062312, -3.904672483888044 ], [ 120.225540959882721, -3.903328137735535 ], [ 120.225073835934964, -3.902880021873059 ], [ 120.223519750493452, -3.900379530971623 ] ] } },
{ "type": "Feature", "properties": { "FID": 260, "OBJECTID": 1005, "NAMOBJ": "Jaringan Tetap", "STSJRN": 1, "WADMPR": "Provinsi Sulawesi Selatan", "WADMKK": "Kabupaten Wajo", "REMARK": "Tidak Ada", "SBDATA": "Analisis Tim Penyusun, 2022", "SHAPE_Leng": 0.043087480624299998 }, "geometry": { "type": "LineString", "coordinates": [ [ 120.205095304016169, -3.965156859616818 ], [ 120.203119010391092, -3.96274617232 ], [ 120.20191526791038, -3.961536345191981 ], [ 120.201708655395038, -3.960792524672071 ], [ 120.20191526791038, -3.959968048133788 ], [ 120.200442030844428, -3.959036030188518 ], [ 120.200334233010338, -3.958561059101243 ], [ 120.199525749254619, -3.957906853195321 ], [ 120.197774034450575, -3.957180952886609 ], [ 120.197684202922176, -3.957019641620495 ], [ 120.198115394258565, -3.955863576627416 ], [ 120.198097427952874, -3.955110789253102 ], [ 120.197333859961375, -3.95491363054206 ], [ 120.196489443594288, -3.954160842304836 ], [ 120.195034172834028, -3.953775486156925 ], [ 120.19408195863285, -3.953004773323713 ], [ 120.192914148763492, -3.95294204085227 ], [ 120.191000737208313, -3.951938320663734 ], [ 120.190695310011719, -3.95255668413785 ], [ 120.188701050080965, -3.952287830510106 ], [ 120.182826068122836, -3.950880828436731 ], [ 120.17938552058466, -3.949706831249852 ], [ 120.177418210112435, -3.949249778460722 ], [ 120.176780406260718, -3.948819610899847 ], [ 120.176070737186251, -3.94799512245171 ], [ 120.175208354513487, -3.94766353447538 ], [ 120.174750213718596, -3.947081014736838 ], [ 120.171902554267959, -3.945476842883339 ] ] } },
{ "type": "Feature", "properties": { "FID": 261, "OBJECTID": 1006, "NAMOBJ": "Jaringan Tetap", "STSJRN": 1, "WADMPR": "Provinsi Sulawesi Selatan", "WADMKK": "Kabupaten Wajo", "REMARK": "Tidak Ada", "SBDATA": "Analisis Tim Penyusun, 2022", "SHAPE_Leng": 0.024871309083699999 }, "geometry": { "type": "LineString", "coordinates": [ [ 120.172037301560565, -3.945199025096775 ], [ 120.171561194459969, -3.945046673367925 ], [ 120.169090827428647, -3.944903283479957 ], [ 120.168533871952505, -3.944284914304634 ], [ 120.167985899629187, -3.942842051106173 ], [ 120.166889954982551, -3.942349146955114 ], [ 120.164886711898959, -3.940816661273482 ], [ 120.164248908047256, -3.940583651507302 ], [ 120.163404491680168, -3.940861470836417 ], [ 120.161607861111946, -3.942922708121251 ], [ 120.161275484456809, -3.943487307007643 ], [ 120.160395135478367, -3.94426699055356 ], [ 120.160044792517567, -3.944930169085835 ], [ 120.161230568692602, -3.946229638999303 ], [ 120.161742608404566, -3.947018281817543 ], [ 120.163934497697824, -3.948488023252846 ], [ 120.164967560274533, -3.949007809235164 ], [ 120.165551465209219, -3.949115351121899 ], [ 120.166171302755274, -3.949733716700196 ], [ 120.16689893813539, -3.950038418409894 ] ] } },
{ "type": "Feature", "properties": { "FID": 262, "OBJECTID": 1007, "NAMOBJ": "Jaringan Tetap", "STSJRN": 1, "WADMPR": "Provinsi Sulawesi Selatan", "WADMKK": "Kabupaten Wajo", "REMARK": "Tidak Ada", "SBDATA": "Analisis Tim Penyusun, 2022", "SHAPE_Leng": 0.057748141163300001 }, "geometry": { "type": "LineString", "coordinates": [ [ 120.130912427853559, -3.949742678516785 ], [ 120.131181922438813, -3.948272939302886 ], [ 120.131002259382001, -3.947699381830557 ], [ 120.130265640849004, -3.946937625200059 ], [ 120.128981049992717, -3.946095211171489 ], [ 120.128792403783066, -3.94570985127785 ], [ 120.128954100534202, -3.944733007955854 ], [ 120.129564954927389, -3.944096714899067 ], [ 120.129888348429688, -3.942662813266874 ], [ 120.130678865879688, -3.941497766369545 ], [ 120.13068784903254, -3.940762889794772 ], [ 120.13122683820302, -3.939696421415565 ], [ 120.133391778037748, -3.937868186727964 ], [ 120.135628583095212, -3.936281921024693 ], [ 120.136086723890102, -3.93575316511868 ], [ 120.139437439899865, -3.933611252167117 ], [ 120.140030327987375, -3.932670242644046 ], [ 120.140479485629442, -3.932320724550574 ], [ 120.141135255786836, -3.931388675584821 ], [ 120.143093583106221, -3.931343865512136 ], [ 120.14471055061766, -3.931926396269168 ], [ 120.145186657718227, -3.931836776179196 ], [ 120.146776675771108, -3.93100330888103 ], [ 120.148133131850159, -3.930931612730442 ], [ 120.149687217291671, -3.93160376390018 ], [ 120.15173537613947, -3.932275914527991 ], [ 120.152552843048028, -3.932392420581698 ], [ 120.153019966995757, -3.931836776179196 ], [ 120.153711669764533, -3.930187764804324 ], [ 120.154538119825915, -3.929551460630161 ], [ 120.15798765051693, -3.927884520633178 ], [ 120.16102395617726, -3.927337835285329 ], [ 120.161455147513621, -3.927355759400775 ], [ 120.162083968212528, -3.927732165736168 ], [ 120.162910418273924, -3.927884520633178 ], [ 120.163898565086456, -3.927902444736881 ], [ 120.165120273872859, -3.927678393412934 ], [ 120.165650279890471, -3.927992065249616 ], [ 120.170905424302575, -3.929067510651581 ] ] } },
{ "type": "Feature", "properties": { "FID": 263, "OBJECTID": 1008, "NAMOBJ": "Jaringan Tetap", "STSJRN": 1, "WADMPR": "Provinsi Sulawesi Selatan", "WADMKK": "Kabupaten Wajo", "REMARK": "Tidak Ada", "SBDATA": "Analisis Tim Penyusun, 2022", "SHAPE_Leng": 0.0306053051939 }, "geometry": { "type": "LineString", "coordinates": [ [ 120.194935358152776, -3.993833640162807 ], [ 120.191809220964032, -3.99303608071812 ], [ 120.190398865967964, -3.992363979460772 ], [ 120.189662247434981, -3.992229559143269 ], [ 120.188763932150863, -3.99230124998201 ], [ 120.185206603625744, -3.99089431612772 ], [ 120.184416086175744, -3.990876393387913 ], [ 120.183472855127405, -3.991163157177905 ], [ 120.182448775703506, -3.991691877653177 ], [ 120.181092319624497, -3.991987602516303 ], [ 120.180077223353436, -3.99197864115838 ], [ 120.179062127082375, -3.991207964011046 ], [ 120.178433306383482, -3.990930161606162 ], [ 120.174956826233952, -3.990293904131225 ], [ 120.174597500120299, -3.990025062796505 ], [ 120.173699184836181, -3.988815275701487 ], [ 120.173169178818569, -3.987757830707666 ], [ 120.170195755228121, -3.986646615858301 ], [ 120.167446910458722, -3.986368811911259 ], [ 120.167150466414938, -3.986126853558325 ] ] } },
{ "type": "Feature", "properties": { "FID": 264, "OBJECTID": 1009, "NAMOBJ": "Jaringan Tetap", "STSJRN": 1, "WADMPR": "Provinsi Sulawesi Selatan", "WADMKK": "Kabupaten Wajo", "REMARK": "Tidak Ada", "SBDATA": "Analisis Tim Penyusun, 2022", "SHAPE_Leng": 0.059029141641699999 }, "geometry": { "type": "LineString", "coordinates": [ [ 120.246723234282271, -3.998475599968343 ], [ 120.24473795750437, -3.998457677394145 ], [ 120.244046254735579, -3.997543625590427 ], [ 120.242456236682699, -3.997131405816106 ], [ 120.241962163276426, -3.99642346267665 ], [ 120.241773517066761, -3.996351772198072 ], [ 120.240965033311042, -3.996602688845684 ], [ 120.23892585761611, -3.996441385295317 ], [ 120.238135340166082, -3.996620611460432 ], [ 120.237605334148441, -3.996441385295317 ], [ 120.235341579632461, -3.99542875672664 ], [ 120.235161916575635, -3.995106149132452 ], [ 120.235027169283015, -3.993349727783215 ], [ 120.233455117535826, -3.992722433533172 ], [ 120.229736092259571, -3.992713472183269 ], [ 120.228559299237347, -3.993546877305641 ], [ 120.225810454467961, -3.994021828233366 ], [ 120.2247953581969, -3.993994944225928 ], [ 120.223825177690046, -3.993591684008678 ], [ 120.221992614510455, -3.99492692263642 ], [ 120.219800725217198, -3.995697596291546 ], [ 120.218049010413154, -3.995115110456227 ], [ 120.216494924971641, -3.993905330861442 ], [ 120.216171531469371, -3.994003905561839 ], [ 120.214653378639184, -3.995133033103481 ], [ 120.213665231826653, -3.996602688845684 ], [ 120.213332855171529, -3.996728147140699 ], [ 120.211967415939682, -3.995697596291546 ], [ 120.209820442410631, -3.994998613239531 ], [ 120.209595863589612, -3.994971729264099 ], [ 120.207907030855452, -3.995643828385614 ], [ 120.206577524234959, -3.995348104839987 ], [ 120.205122253474684, -3.994236900261158 ], [ 120.203190875613828, -3.993699220085987 ], [ 120.200945087403525, -3.993672336067981 ], [ 120.198807097027313, -3.994021828233366 ], [ 120.194935358152776, -3.993833640162807 ] ] } },
{ "type": "Feature", "properties": { "FID": 265, "OBJECTID": 1010, "NAMOBJ": "Jaringan Tetap", "STSJRN": 1, "WADMPR": "Provinsi Sulawesi Selatan", "WADMKK": "Kabupaten Wajo", "REMARK": "Tidak Ada", "SBDATA": "Analisis Tim Penyusun, 2022", "SHAPE_Leng": 0.039458593519800002 }, "geometry": { "type": "LineString", "coordinates": [ [ 120.233032909352275, -4.031174682220429 ], [ 120.232619684321577, -4.028871720449369 ], [ 120.232502903334648, -4.024722788434597 ], [ 120.232125610915332, -4.023432403540527 ], [ 120.231523739674955, -4.022401886358407 ], [ 120.231406958688027, -4.020959160113863 ], [ 120.230966784198813, -4.019346171226926 ], [ 120.231263228242568, -4.017527074376193 ], [ 120.231568655439162, -4.016675771500874 ], [ 120.231945947858478, -4.015932000893343 ], [ 120.232682566391475, -4.01530472395044 ], [ 120.233616814286961, -4.014955240873141 ], [ 120.234901405143248, -4.013951596332184 ], [ 120.235242764951209, -4.012284826779789 ], [ 120.236473456890451, -4.01081519919171 ], [ 120.237246008034802, -4.009542714632818 ], [ 120.237784997205281, -4.008010353837834 ], [ 120.238377885292792, -4.006872282851045 ], [ 120.239842139205891, -4.005680443033584 ], [ 120.241836399136645, -4.004479640258755 ], [ 120.242267590473034, -4.003879238210639 ], [ 120.243192855215668, -4.003072727303672 ], [ 120.243633029704895, -4.002355828052735 ], [ 120.244809822727092, -4.001396974323534 ], [ 120.245510508648692, -4.000088630041235 ], [ 120.246723234282271, -3.998475599968343 ] ] } },
{ "type": "Feature", "properties": { "FID": 266, "OBJECTID": 1011, "NAMOBJ": "Jaringan Tetap", "STSJRN": 1, "WADMPR": "Provinsi Sulawesi Selatan", "WADMKK": "Kabupaten Wajo", "REMARK": "Tidak Ada", "SBDATA": "Analisis Tim Penyusun, 2022", "SHAPE_Leng": 0.022687080617600001 }, "geometry": { "type": "LineString", "coordinates": [ [ 120.263225286051537, -4.040234129970123 ], [ 120.264977000855581, -4.036237590800196 ], [ 120.264321230698158, -4.031102994792834 ], [ 120.264932085091374, -4.028271336348006 ], [ 120.2648781861743, -4.026416415504869 ], [ 120.264536826366353, -4.024543568432682 ], [ 120.26479733779874, -4.023154612080639 ], [ 120.265057849231155, -4.018118505324498 ] ] } },
{ "type": "Feature", "properties": { "FID": 267, "OBJECTID": 1012, "NAMOBJ": "Jaringan Tetap", "STSJRN": 1, "WADMPR": "Provinsi Sulawesi Selatan", "WADMKK": "Kabupaten Wajo", "REMARK": "Tidak Ada", "SBDATA": "Analisis Tim Penyusun, 2022", "SHAPE_Leng": 0.0260516102705 }, "geometry": { "type": "LineString", "coordinates": [ [ 120.247531718037962, -3.973374651557649 ], [ 120.247199341382853, -3.973598690541252 ], [ 120.246804082657846, -3.973643498330671 ], [ 120.24506135100664, -3.973007227492813 ], [ 120.242860478560544, -3.973052035314359 ], [ 120.241683685538348, -3.972819034615739 ], [ 120.240641639808771, -3.971815338546368 ], [ 120.239357048952485, -3.970946065071206 ], [ 120.238575514655295, -3.969153745737971 ], [ 120.237335839563201, -3.968078352270588 ], [ 120.235781754121689, -3.96781846530589 ], [ 120.231541705980632, -3.966124717222935 ], [ 120.230544576015262, -3.965587018692796 ], [ 120.230328980347082, -3.9650941280662 ], [ 120.230796104294811, -3.964126269253371 ], [ 120.231523739674955, -3.961509460124596 ], [ 120.231595604897677, -3.959770890579037 ] ] } },
{ "type": "Feature", "properties": { "FID": 268, "OBJECTID": 1013, "NAMOBJ": "Jaringan Tetap", "STSJRN": 1, "WADMPR": "Provinsi Sulawesi Selatan", "WADMKK": "Kabupaten Wajo", "REMARK": "Tidak Ada", "SBDATA": "Analisis Tim Penyusun, 2022", "SHAPE_Leng": 0.0253725404854 }, "geometry": { "type": "LineString", "coordinates": [ [ 120.170186772075283, -4.039562067584994 ], [ 120.168578787716712, -4.038280667094768 ], [ 120.16508434126149, -4.036389925613585 ], [ 120.164168059671681, -4.03568201653272 ], [ 120.165255021165464, -4.034158665785117 ], [ 120.166889954982551, -4.031147799435821 ], [ 120.167779287113845, -4.030601182622688 ], [ 120.168569804563873, -4.029266002304738 ], [ 120.16996219325425, -4.027688873736711 ], [ 120.17066287917585, -4.024937852384831 ], [ 120.171103053665078, -4.02400590819029 ], [ 120.171013222136679, -4.022258509951517 ], [ 120.172190015158861, -4.020045133469753 ] ] } },
{ "type": "Feature", "properties": { "FID": 269, "OBJECTID": 1014, "NAMOBJ": "Jaringan Tetap", "STSJRN": 1, "WADMPR": "Provinsi Sulawesi Selatan", "WADMKK": "Kabupaten Wajo", "REMARK": "Tidak Ada", "SBDATA": "Analisis Tim Penyusun, 2022", "SHAPE_Leng": 0.0118127442726 }, "geometry": { "type": "LineString", "coordinates": [ [ 120.172190015158861, -4.020045133469753 ], [ 120.173699184836181, -4.0178048677538 ], [ 120.176798372566395, -4.015591479184159 ], [ 120.177184648138564, -4.015071735248866 ], [ 120.177481092182319, -4.015501868184445 ], [ 120.177714654156205, -4.016630966061778 ], [ 120.177957199282915, -4.01698940950565 ], [ 120.17994247606083, -4.018521753452468 ] ] } },
{ "type": "Feature", "properties": { "FID": 270, "OBJECTID": 1015, "NAMOBJ": "Jaringan Tetap", "STSJRN": 1, "WADMPR": "Provinsi Sulawesi Selatan", "WADMKK": "Kabupaten Wajo", "REMARK": "Tidak Ada", "SBDATA": "Analisis Tim Penyusun, 2022", "SHAPE_Leng": 0.038007204433999998 }, "geometry": { "type": "LineString", "coordinates": [ [ 120.131110057216091, -4.059472799373733 ], [ 120.129906314735365, -4.058944122911971 ], [ 120.128585791267696, -4.057698595642185 ], [ 120.127148486813113, -4.057214721220745 ], [ 120.126852042769357, -4.055852702774672 ], [ 120.125288974174993, -4.053648378583389 ], [ 120.124965580672693, -4.052259472042913 ], [ 120.12387861917891, -4.049660866303731 ], [ 120.123627090899362, -4.049114261965219 ], [ 120.123061152270381, -4.048451167682 ], [ 120.122117921222056, -4.047617818690972 ], [ 120.121560965745886, -4.047402760747598 ], [ 120.120932145047007, -4.04779703360015 ], [ 120.120536886321986, -4.048648303876993 ], [ 120.119836200400385, -4.0483257173511 ], [ 120.118875003046369, -4.048370521042938 ], [ 120.117967704609413, -4.048003130696665 ], [ 120.117545496425876, -4.047680543913695 ], [ 120.117060406172442, -4.0467127827937 ], [ 120.117195153465062, -4.045897353544877 ], [ 120.116997524102558, -4.045153609668078 ], [ 120.114446308695662, -4.042734197153796 ], [ 120.114419359237147, -4.042304078617421 ], [ 120.115218859840013, -4.040377503206891 ], [ 120.114581055988282, -4.037850546196928 ], [ 120.114787668503624, -4.035959803713972 ], [ 120.114697836975211, -4.035045793920865 ], [ 120.114428342389985, -4.034275157413754 ], [ 120.114437325542823, -4.03354932468621 ], [ 120.114778685350785, -4.032698038562311 ] ] } },
{ "type": "Feature", "properties": { "FID": 271, "OBJECTID": 1016, "NAMOBJ": "Jaringan Tetap", "STSJRN": 1, "WADMPR": "Provinsi Sulawesi Selatan", "WADMKK": "Kabupaten Wajo", "REMARK": "Tidak Ada", "SBDATA": "Analisis Tim Penyusun, 2022", "SHAPE_Leng": 0.019054592181400001 }, "geometry": { "type": "LineString", "coordinates": [ [ 120.058768727385939, -4.097626193913321 ], [ 120.058005159394426, -4.097402189141821 ], [ 120.056999046276204, -4.097742676369707 ], [ 120.056181579367674, -4.097814357872896 ], [ 120.054636477078972, -4.096559930639593 ], [ 120.053890875393179, -4.096219442908261 ], [ 120.053585448196557, -4.0958699948228 ], [ 120.051555255654463, -4.095404063804779 ], [ 120.050046085977129, -4.094355718022373 ], [ 120.048563865758339, -4.094355718022373 ], [ 120.046066549268488, -4.093343211817962 ], [ 120.045761122071866, -4.092886239571804 ], [ 120.044530430132625, -4.091882691763074 ], [ 120.043955508350805, -4.090843301635554 ], [ 120.043308721346236, -4.090440089585095 ], [ 120.043093125678041, -4.089642625154437 ] ] } },
{ "type": "Feature", "properties": { "FID": 272, "OBJECTID": 1017, "NAMOBJ": "Jaringan Tetap", "STSJRN": 1, "WADMPR": "Provinsi Sulawesi Selatan", "WADMKK": "Kabupaten Wajo", "REMARK": "Tidak Ada", "SBDATA": "Analisis Tim Penyusun, 2022", "SHAPE_Leng": 0.0081535498245799993 }, "geometry": { "type": "LineString", "coordinates": [ [ 120.024515965602461, -4.094821649650755 ], [ 120.027148029384932, -4.095439904661951 ], [ 120.032232493893062, -4.097393228949656 ] ] } },
{ "type": "Feature", "properties": { "FID": 273, "OBJECTID": 1018, "NAMOBJ": "Jaringan Tetap", "STSJRN": 1, "WADMPR": "Provinsi Sulawesi Selatan", "WADMKK": "Kabupaten Wajo", "REMARK": "Tidak Ada", "SBDATA": "Analisis Tim Penyusun, 2022", "SHAPE_Leng": 0.009022727409 }, "geometry": { "type": "LineString", "coordinates": [ [ 120.024623763436551, -4.093880825891272 ], [ 120.022737301339902, -4.09329841062889 ], [ 120.022351025767733, -4.093486575606144 ], [ 120.021982716501228, -4.093343211817962 ], [ 120.022351025767733, -4.091676605896715 ], [ 120.022584587741605, -4.089714307382915 ], [ 120.02250373936603, -4.088881001080884 ], [ 120.02409375741891, -4.089284213915867 ] ] } },
{ "type": "Feature", "properties": { "FID": 274, "OBJECTID": 1019, "NAMOBJ": "Jaringan Tetap", "STSJRN": 1, "WADMPR": "Provinsi Sulawesi Selatan", "WADMKK": "Kabupaten Wajo", "REMARK": "Tidak Ada", "SBDATA": "Analisis Tim Penyusun, 2022", "SHAPE_Leng": 0.022561256666 }, "geometry": { "type": "LineString", "coordinates": [ [ 120.026330562476375, -4.059669932881032 ], [ 120.022306110003527, -4.059938751222497 ], [ 120.021776103985886, -4.059732657168714 ], [ 120.024704611812126, -4.053137619681328 ], [ 120.027237860913331, -4.04629162713033 ], [ 120.030489762241857, -4.047357957002206 ] ] } },
{ "type": "Feature", "properties": { "FID": 275, "OBJECTID": 1020, "NAMOBJ": "Jaringan Tetap", "STSJRN": 1, "WADMPR": "Provinsi Sulawesi Selatan", "WADMKK": "Kabupaten Wajo", "REMARK": "Tidak Ada", "SBDATA": "Analisis Tim Penyusun, 2022", "SHAPE_Leng": 0.054624009201499998 }, "geometry": { "type": "LineString", "coordinates": [ [ 120.075118065556907, -4.062940549953031 ], [ 120.072414136551714, -4.061668147078529 ], [ 120.071345141363608, -4.061641265306013 ], [ 120.069647325476609, -4.061300762776641 ], [ 120.065802536060588, -4.061399329313078 ], [ 120.065353378418536, -4.061202196228167 ], [ 120.063763360365627, -4.059884987561365 ], [ 120.061894864574683, -4.059750578392871 ], [ 120.060664172635441, -4.059123335310675 ], [ 120.05962212690585, -4.058039099690908 ], [ 120.05886754206719, -4.056399302558472 ], [ 120.058544148564906, -4.055978151938074 ], [ 120.057636850127949, -4.055019361409131 ], [ 120.056855315830759, -4.054741580762996 ], [ 120.056630737009726, -4.053890316898063 ], [ 120.056765484302346, -4.053110737624914 ], [ 120.055795303795492, -4.051354441336225 ], [ 120.05521139886082, -4.050798877430557 ], [ 120.053944774310224, -4.05029707744592 ], [ 120.052902728580634, -4.050413566755807 ], [ 120.050755755051597, -4.051435087677919 ], [ 120.049291501138484, -4.051524694714813 ], [ 120.044242969241722, -4.054150176488732 ], [ 120.042374473450735, -4.05538674856867 ], [ 120.03994902218362, -4.055216496003306 ], [ 120.037200177414221, -4.05581686015298 ], [ 120.036436609422722, -4.055852702774672 ], [ 120.035807788723844, -4.055431551869384 ], [ 120.028576350686663, -4.052913602517235 ] ] } },
{ "type": "Feature", "properties": { "FID": 276, "OBJECTID": 1021, "NAMOBJ": "Jaringan Tetap", "STSJRN": 1, "WADMPR": "Provinsi Sulawesi Selatan", "WADMKK": "Kabupaten Wajo", "REMARK": "Tidak Ada", "SBDATA": "Analisis Tim Penyusun, 2022", "SHAPE_Leng": 0.0422914953336 }, "geometry": { "type": "LineString", "coordinates": [ [ 120.026330562476375, -4.059669932881032 ], [ 120.026734804354234, -4.059705775331731 ], [ 120.028145159350302, -4.060324057355816 ], [ 120.029250087149762, -4.060467427032889 ], [ 120.030768239979921, -4.060539111861877 ], [ 120.031118582940749, -4.060234451294712 ], [ 120.035313715317571, -4.062313309350204 ], [ 120.037281025789795, -4.063119761464256 ], [ 120.038889010148353, -4.064580333795938 ], [ 120.040407162978539, -4.065521191872377 ], [ 120.040874286926268, -4.065539112967937 ], [ 120.042158877782555, -4.065082124906677 ], [ 120.043084142525203, -4.065010440481406 ], [ 120.044251952394561, -4.064598254912412 ], [ 120.046497740604863, -4.064329438123459 ], [ 120.047494870570233, -4.065100046011999 ], [ 120.047683516779898, -4.065682481718084 ], [ 120.047953011365124, -4.065969219141879 ], [ 120.048635730981061, -4.065960258598929 ], [ 120.050656940370345, -4.066479969925341 ], [ 120.051321693680578, -4.066479969925341 ], [ 120.052184076353342, -4.06559287625223 ], [ 120.053980706921578, -4.062510442163645 ], [ 120.053711212336324, -4.059929790612557 ], [ 120.053297987305641, -4.058522973618447 ], [ 120.053477650362467, -4.057501461653627 ], [ 120.054546645550573, -4.056354499311419 ], [ 120.056433107647223, -4.055162732027845 ], [ 120.056855315830759, -4.054741580762996 ] ] } },
{ "type": "Feature", "properties": { "FID": 277, "OBJECTID": 1022, "NAMOBJ": "Jaringan Tetap", "STSJRN": 1, "WADMPR": "Provinsi Sulawesi Selatan", "WADMKK": "Kabupaten Wajo", "REMARK": "Tidak Ada", "SBDATA": "Analisis Tim Penyusun, 2022", "SHAPE_Leng": 0.0224767881444 }, "geometry": { "type": "LineString", "coordinates": [ [ 120.055813270101169, -4.051390284155749 ], [ 120.057349389237032, -4.050834720274695 ], [ 120.058301603438181, -4.049517494709673 ], [ 120.059092120888209, -4.049669827027516 ], [ 120.059909587796767, -4.049580219785199 ], [ 120.060789936775208, -4.048478049893235 ], [ 120.061418757474087, -4.047187702747109 ], [ 120.062595550496269, -4.046990566196486 ], [ 120.063287253265059, -4.046578371435569 ], [ 120.064113703326456, -4.045234256627483 ], [ 120.065353378418536, -4.045314903578861 ], [ 120.065416260488419, -4.044338178849856 ], [ 120.065209647973077, -4.044096237680002 ], [ 120.06439218106452, -4.043845335649789 ], [ 120.064284383230429, -4.043495864835406 ], [ 120.064787439789527, -4.042259274590093 ], [ 120.065488125711155, -4.042017332799737 ], [ 120.065892367589001, -4.041479684118259 ], [ 120.066754750261751, -4.041318389444304 ], [ 120.066530171440732, -4.040332699073122 ], [ 120.066386440995274, -4.038415079828598 ], [ 120.066125929562858, -4.038191058593183 ], [ 120.066036098034459, -4.037859507051291 ] ] } },
{ "type": "Feature", "properties": { "FID": 278, "OBJECTID": 1023, "NAMOBJ": "Jaringan Tetap", "STSJRN": 1, "WADMPR": "Provinsi Sulawesi Selatan", "WADMKK": "Kabupaten Wajo", "REMARK": "Tidak Ada", "SBDATA": "Analisis Tim Penyusun, 2022", "SHAPE_Leng": 0.026529286030500001 }, "geometry": { "type": "LineString", "coordinates": [ [ 120.092114190732445, -4.046829272619371 ], [ 120.090569088443772, -4.045906314310314 ], [ 120.087865159438579, -4.044848943304546 ], [ 120.086706332722059, -4.044687649301006 ], [ 120.085781067979411, -4.043970786674605 ], [ 120.084864786389602, -4.042366804251522 ], [ 120.084640207568583, -4.040807622765143 ], [ 120.083643077603213, -4.039732323441882 ], [ 120.082879509611701, -4.039562067584994 ], [ 120.081990177480421, -4.039571028420458 ], [ 120.081011013820714, -4.039203634085287 ], [ 120.078890989750221, -4.038997534751257 ], [ 120.078343017426889, -4.039105064845107 ], [ 120.076968595042203, -4.03871974860952 ], [ 120.076160111286484, -4.038737670298953 ], [ 120.074983318264287, -4.038352353888913 ], [ 120.074246699731319, -4.038495727458209 ], [ 120.073366350752877, -4.038406118980368 ], [ 120.072755496359662, -4.038020802412913 ], [ 120.072432102857391, -4.036927577667686 ], [ 120.072153625119327, -4.036578103873021 ], [ 120.071381073974976, -4.036282395160042 ], [ 120.070671404900509, -4.035780586188556 ] ] } },
{ "type": "Feature", "properties": { "FID": 279, "OBJECTID": 1024, "NAMOBJ": "Jaringan Tetap", "STSJRN": 1, "WADMPR": "Provinsi Sulawesi Selatan", "WADMKK": "Kabupaten Wajo", "REMARK": "Tidak Ada", "SBDATA": "Analisis Tim Penyusun, 2022", "SHAPE_Leng": 0.0396156624434 }, "geometry": { "type": "LineString", "coordinates": [ [ 120.070671404900509, -4.035780586188556 ], [ 120.070105466271528, -4.03568201653272 ], [ 120.069467662419783, -4.03593292108768 ], [ 120.06745543618338, -4.035735781801024 ], [ 120.067132042681081, -4.036425769094935 ], [ 120.066036098034459, -4.037859507051291 ], [ 120.063197421736646, -4.03747419022434 ], [ 120.062838095622979, -4.03728601217261 ], [ 120.062388937980927, -4.036622908214077 ], [ 120.06215537600707, -4.035843312326952 ], [ 120.06134689225135, -4.035009950378607 ], [ 120.060691122093957, -4.034051135036164 ], [ 120.060520442189954, -4.033504520175607 ], [ 120.060574341106999, -4.032841413129836 ], [ 120.05999941932518, -4.031855712467304 ], [ 120.060170099229154, -4.030753518492791 ], [ 120.05975687419847, -4.029606518298754 ], [ 120.0591999187223, -4.028961329978735 ], [ 120.056531922328475, -4.026765893668119 ], [ 120.053899858546018, -4.025161877272589 ], [ 120.052291874187432, -4.025296292175656 ], [ 120.05115101377659, -4.024427075410286 ], [ 120.049300484291322, -4.02384461004836 ], [ 120.04654265636907, -4.022115133519398 ], [ 120.044862806787776, -4.021478900297523 ], [ 120.042410406062103, -4.0209322769919 ], [ 120.040766489092178, -4.020233315509673 ] ] } },
{ "type": "Feature", "properties": { "FID": 280, "OBJECTID": 1025, "NAMOBJ": "Jaringan Tetap", "STSJRN": 1, "WADMPR": "Provinsi Sulawesi Selatan", "WADMKK": "Kabupaten Wajo", "REMARK": "Tidak Ada", "SBDATA": "Analisis Tim Penyusun, 2022", "SHAPE_Leng": 0.030261399760600001 }, "geometry": { "type": "LineString", "coordinates": [ [ 120.02201864911261, -4.040789701121436 ], [ 120.020859822396076, -4.039347007504171 ], [ 120.015999936708994, -4.034499179729567 ], [ 120.015730442123768, -4.034311000988436 ], [ 120.014715345852707, -4.034499179729567 ], [ 120.014517716490204, -4.03440060991822 ], [ 120.014427884961805, -4.033853995292787 ], [ 120.014050592542446, -4.033370106628974 ], [ 120.013933811555518, -4.032644273092965 ], [ 120.013655333817454, -4.032088696368149 ], [ 120.012604304935024, -4.032017009021156 ], [ 120.012074298917412, -4.031775064178377 ], [ 120.011445478218505, -4.032178305542999 ], [ 120.010457331405973, -4.031748181413622 ], [ 120.010556146087225, -4.031273252423051 ], [ 120.010142921056541, -4.030717674761217 ], [ 120.010349533571883, -4.030251706106966 ], [ 120.010214786279263, -4.030054565442095 ], [ 120.009792578095741, -4.029929112266841 ], [ 120.009828510707109, -4.029283924202715 ], [ 120.009244605772423, -4.028611852758388 ], [ 120.009388336217867, -4.027518615356197 ], [ 120.008741549213326, -4.027097449735565 ], [ 120.008579852462191, -4.025941483401485 ], [ 120.008400189405364, -4.025636809830781 ], [ 120.007492890968393, -4.025529277955075 ], [ 120.007376109981465, -4.024131362278598 ], [ 120.007447975204187, -4.022858898486989 ], [ 120.007286278453051, -4.022034484265244 ], [ 120.007070682784843, -4.021416173051564 ], [ 120.00632508109905, -4.020269159702828 ] ] } },
{ "type": "Feature", "properties": { "FID": 281, "OBJECTID": 1026, "NAMOBJ": "Jaringan Tetap", "STSJRN": 1, "WADMPR": "Provinsi Sulawesi Selatan", "WADMKK": "Kabupaten Wajo", "REMARK": "Tidak Ada", "SBDATA": "Analisis Tim Penyusun, 2022", "SHAPE_Leng": 0.025178534711200001 }, "geometry": { "type": "LineString", "coordinates": [ [ 119.956235020856539, -3.967666117736845 ], [ 119.956648245887223, -3.966967110883393 ], [ 119.956612313275869, -3.964771508587826 ], [ 119.957223167669056, -3.962602785493553 ], [ 119.957025538306553, -3.961052413845388 ], [ 119.955687048533221, -3.958874719283773 ], [ 119.951069707972849, -3.958274283973231 ], [ 119.948356795814817, -3.957548383986587 ], [ 119.940640267524216, -3.954465542387983 ] ] } },
{ "type": "Feature", "properties": { "FID": 282, "OBJECTID": 1027, "NAMOBJ": "Jaringan Tetap", "STSJRN": 1, "WADMPR": "Provinsi Sulawesi Selatan", "WADMKK": "Kabupaten Wajo", "REMARK": "Tidak Ada", "SBDATA": "Analisis Tim Penyusun, 2022", "SHAPE_Leng": 0.021318834284399998 }, "geometry": { "type": "LineString", "coordinates": [ [ 120.000773492643177, -3.93480319603739 ], [ 119.999991958345987, -3.934543298647151 ], [ 119.979528336173743, -3.935573925752313 ] ] } },
{ "type": "Feature", "properties": { "FID": 283, "OBJECTID": 1028, "NAMOBJ": "Jaringan Tetap", "STSJRN": 1, "WADMPR": "Provinsi Sulawesi Selatan", "WADMKK": "Kabupaten Wajo", "REMARK": "Tidak Ada", "SBDATA": "Analisis Tim Penyusun, 2022", "SHAPE_Leng": 0.0290324520002 }, "geometry": { "type": "LineString", "coordinates": [ [ 119.993227644256564, -3.953318435609734 ], [ 119.995347668327099, -3.953551441802533 ], [ 119.996946669532818, -3.954008492221261 ], [ 120.000566880127835, -3.954142918767046 ], [ 120.002147915027876, -3.954411771793214 ], [ 120.002516224294354, -3.954850898215074 ], [ 120.010026140069613, -3.957673848227293 ], [ 120.013817030568589, -3.958399748103958 ], [ 120.013682283275969, -3.959018106756209 ], [ 120.016377229128338, -3.960156243937698 ], [ 120.017257578106765, -3.958202590175711 ], [ 120.019000309757971, -3.958731331786504 ] ] } },
{ "type": "Feature", "properties": { "FID": 284, "OBJECTID": 1029, "NAMOBJ": "Jaringan Tetap", "STSJRN": 1, "WADMPR": "Provinsi Sulawesi Selatan", "WADMKK": "Kabupaten Wajo", "REMARK": "Tidak Ada", "SBDATA": "Analisis Tim Penyusun, 2022", "SHAPE_Leng": 0.0222992791716 }, "geometry": { "type": "LineString", "coordinates": [ [ 120.019000309757971, -3.958731331786504 ], [ 120.019970490264825, -3.955980079374234 ], [ 120.020617277269366, -3.956132429095351 ], [ 120.021147283287007, -3.954716471784113 ], [ 120.021380845260879, -3.954626854151358 ], [ 120.023078661147849, -3.954859859976363 ], [ 120.023204425287659, -3.95439384826085 ], [ 120.024336302545649, -3.95445658062243 ], [ 120.02501003900872, -3.951185529725148 ], [ 120.025602927096244, -3.950074265662502 ], [ 120.026420394004774, -3.945100444569532 ], [ 120.027228877760493, -3.942904784340798 ], [ 120.027534304957086, -3.941309566332985 ] ] } },
{ "type": "Feature", "properties": { "FID": 285, "OBJECTID": 1030, "NAMOBJ": "Jaringan Tetap", "STSJRN": 1, "WADMPR": "Provinsi Sulawesi Selatan", "WADMKK": "Kabupaten Wajo", "REMARK": "Tidak Ada", "SBDATA": "Analisis Tim Penyusun, 2022", "SHAPE_Leng": 0.010248102382 }, "geometry": { "type": "LineString", "coordinates": [ [ 120.071758366394292, -3.94880168724664 ], [ 120.071452939197698, -3.948084740800957 ], [ 120.071318191905078, -3.945512690332902 ], [ 120.069198167834557, -3.944508961160449 ], [ 120.064886254470778, -3.943137793456525 ] ] } },
{ "type": "Feature", "properties": { "FID": 286, "OBJECTID": 1031, "NAMOBJ": "Jaringan Tetap", "STSJRN": 1, "WADMPR": "Provinsi Sulawesi Selatan", "WADMKK": "Kabupaten Wajo", "REMARK": "Tidak Ada", "SBDATA": "Analisis Tim Penyusun, 2022", "SHAPE_Leng": 0.0072790699423800004 }, "geometry": { "type": "LineString", "coordinates": [ [ 120.067419503572012, -3.950432738103406 ], [ 120.067428486724864, -3.949715793066731 ], [ 120.066646952427661, -3.949617213075745 ], [ 120.06667390188619, -3.949303549390156 ], [ 120.067087126916874, -3.948147473639673 ], [ 120.069279016210132, -3.944535846779087 ] ] } },
{ "type": "Feature", "properties": { "FID": 287, "OBJECTID": 1032, "NAMOBJ": "Jaringan Tetap", "STSJRN": 1, "WADMPR": "Provinsi Sulawesi Selatan", "WADMKK": "Kabupaten Wajo", "REMARK": "Tidak Ada", "SBDATA": "Analisis Tim Penyusun, 2022", "SHAPE_Leng": 0.049934482675699998 }, "geometry": { "type": "LineString", "coordinates": [ [ 120.046398925923612, -3.909153622176523 ], [ 120.054223252048288, -3.900271982808942 ], [ 120.054232235201127, -3.899832827668489 ], [ 120.054034605838638, -3.899348860513233 ], [ 120.052705099218144, -3.898004505842276 ], [ 120.052327806798786, -3.897932806866114 ], [ 120.04991133868451, -3.898524323236613 ], [ 120.049956254448716, -3.897619123773524 ], [ 120.050216765881103, -3.896642224249903 ], [ 120.051725935558437, -3.893200660927938 ], [ 120.051959497532309, -3.892313380602454 ], [ 120.053872909087488, -3.889992107450511 ], [ 120.053935791157386, -3.889660496478123 ], [ 120.052507469855612, -3.888038289570651 ], [ 120.052336789951639, -3.887545353151602 ], [ 120.051366609444784, -3.886604291915001 ], [ 120.049902355531671, -3.882105108448164 ], [ 120.049983203907246, -3.88102064032045 ], [ 120.052040345907884, -3.874782680919894 ], [ 120.052884762274957, -3.873348660759151 ], [ 120.05432206672954, -3.872757126734853 ], [ 120.05669361907961, -3.871403767033506 ] ] } },
{ "type": "Feature", "properties": { "FID": 288, "OBJECTID": 1033, "NAMOBJ": "Jaringan Tetap", "STSJRN": 1, "WADMPR": "Provinsi Sulawesi Selatan", "WADMKK": "Kabupaten Wajo", "REMARK": "Tidak Ada", "SBDATA": "Analisis Tim Penyusun, 2022", "SHAPE_Leng": 0.11777221276200001 }, "geometry": { "type": "LineString", "coordinates": [ [ 120.062379954828089, -3.930752372326998 ], [ 120.064482012592933, -3.927965179096805 ], [ 120.064895237623617, -3.92714066999004 ], [ 120.067886627519755, -3.927185480288514 ], [ 120.070213264105618, -3.927705279574984 ], [ 120.07120141091815, -3.926647756548048 ], [ 120.073698727408001, -3.925330331920032 ], [ 120.075486374823413, -3.922372840491657 ], [ 120.075800785172845, -3.921297386467565 ], [ 120.076025363993864, -3.921109181871075 ], [ 120.077857927173483, -3.920777583193208 ], [ 120.079483877837731, -3.919352603594053 ], [ 120.080588805637191, -3.918205448441876 ], [ 120.081343390475865, -3.916968670031164 ], [ 120.082322554135558, -3.915955944319111 ], [ 120.082403402511119, -3.914548880897736 ], [ 120.082672897096359, -3.913697471946688 ], [ 120.084721055944158, -3.912666817847895 ], [ 120.084783938014041, -3.912371064698433 ], [ 120.083921555341277, -3.911017768652461 ], [ 120.08242136881681, -3.907907868134629 ], [ 120.081648817672459, -3.905308806982901 ], [ 120.081693733436666, -3.903695592564323 ], [ 120.081208643183245, -3.901535672851095 ], [ 120.081684750283827, -3.89884696835421 ], [ 120.082376453052603, -3.898524323236613 ], [ 120.083247818878178, -3.898470549038308 ], [ 120.085206146197564, -3.899035177948958 ], [ 120.085951747883399, -3.898820081265807 ], [ 120.087972957272669, -3.897834220763909 ], [ 120.089625857395433, -3.897663935651058 ], [ 120.09011993080172, -3.897332327700765 ], [ 120.090919431404572, -3.896400239788903 ], [ 120.091161976531268, -3.895710135573371 ], [ 120.091126043919914, -3.895091730016239 ], [ 120.091440454269375, -3.894822857893123 ], [ 120.09305742178077, -3.895002105984745 ], [ 120.094557608305237, -3.895575699621352 ], [ 120.095842199161552, -3.895145504430552 ], [ 120.097189672087737, -3.894912481943706 ], [ 120.097899341162176, -3.894231338919904 ], [ 120.098204768358784, -3.892609140814834 ], [ 120.098698841765042, -3.892528478949032 ], [ 120.099165965712771, -3.892008657850751 ], [ 120.099228847782683, -3.891112413824389 ], [ 120.099462409756555, -3.890386455464014 ], [ 120.100073264149742, -3.890036919734067 ], [ 120.100612253320222, -3.889293035518464 ], [ 120.101250057171939, -3.887679790385379 ], [ 120.101555484368561, -3.885734929649004 ], [ 120.10097157943386, -3.883888652174316 ], [ 120.100702084848635, -3.882024445577517 ], [ 120.09975885380031, -3.880545624916842 ], [ 120.099399527686671, -3.879201240251303 ], [ 120.098339515651404, -3.877991292223459 ], [ 120.097962223232059, -3.8779554418851 ], [ 120.096336272567811, -3.878313945200262 ], [ 120.09601287906554, -3.878251207131086 ], [ 120.095815249703037, -3.878000254807811 ], [ 120.095887114925759, -3.877740339823014 ], [ 120.096497969318946, -3.877086070714393 ], [ 120.096785430209863, -3.876091222195407 ], [ 120.096740514445656, -3.872954304788891 ], [ 120.097180688934884, -3.870857044951237 ], [ 120.097602897118421, -3.867522928876845 ], [ 120.097351368838872, -3.866985166991017 ], [ 120.095482873047885, -3.865138848586828 ], [ 120.095446940436531, -3.864520420649745 ], [ 120.095824232855875, -3.863955768661216 ], [ 120.098150869441739, -3.862467953685369 ], [ 120.101492602298663, -3.861249018990115 ], [ 120.102013625163451, -3.859850827037381 ], [ 120.10301973828166, -3.858864921071352 ], [ 120.10381923888454, -3.85637326271201 ], [ 120.105247560186285, -3.854401441566679 ], [ 120.105687734675485, -3.853343826522998 ] ] } },
{ "type": "Feature", "properties": { "FID": 289, "OBJECTID": 1034, "NAMOBJ": "Jaringan Tetap", "STSJRN": 1, "WADMPR": "Provinsi Sulawesi Selatan", "WADMKK": "Kabupaten Wajo", "REMARK": "Tidak Ada", "SBDATA": "Analisis Tim Penyusun, 2022", "SHAPE_Leng": 0.038162541132499998 }, "geometry": { "type": "LineString", "coordinates": [ [ 120.105687734675485, -3.853343826522998 ], [ 120.107511314702265, -3.854060853814821 ], [ 120.110358974152902, -3.855692088651573 ], [ 120.111940009052972, -3.857520502000871 ], [ 120.113431212424601, -3.858524335108047 ], [ 120.11421274672179, -3.858909735003725 ], [ 120.115173944075806, -3.859053139571433 ], [ 120.115605135412181, -3.859313060288694 ], [ 120.116763962128687, -3.860531997763513 ], [ 120.117563462731567, -3.861983965118856 ], [ 120.118165333971916, -3.862414177191608 ], [ 120.119512806898086, -3.862458990936645 ], [ 120.121803510872596, -3.861939151348737 ], [ 120.122674876698184, -3.862037741639877 ], [ 120.124803883921558, -3.861195242419126 ], [ 120.126187289459097, -3.859976305896409 ], [ 120.127705442289269, -3.859707422604361 ], [ 120.129133763591014, -3.858587074637864 ], [ 120.129385291870562, -3.858775293199511 ], [ 120.129546988621698, -3.860621625449954 ], [ 120.13012191040356, -3.861249018990115 ], [ 120.13058005119845, -3.861499976276352 ], [ 120.132188035557036, -3.861625454891649 ], [ 120.133230081286612, -3.861374497642508 ], [ 120.134128396570716, -3.862010853379792 ], [ 120.135071627619041, -3.861491013517408 ], [ 120.13663469621342, -3.861275907274333 ] ] } },
{ "type": "Feature", "properties": { "FID": 290, "OBJECTID": 1035, "NAMOBJ": "Jaringan Tetap", "STSJRN": 1, "WADMPR": "Provinsi Sulawesi Selatan", "WADMKK": "Kabupaten Wajo", "REMARK": "Tidak Ada", "SBDATA": "Analisis Tim Penyusun, 2022", "SHAPE_Leng": 0.059859677365400002 }, "geometry": { "type": "LineString", "coordinates": [ [ 120.13663469621342, -3.861275907274333 ], [ 120.13687724134013, -3.86106080097675 ], [ 120.136931140257175, -3.860738141428184 ], [ 120.136814359270247, -3.860558886070439 ], [ 120.136041808125896, -3.860469258377374 ], [ 120.135898077680437, -3.860254151875419 ], [ 120.135700448317934, -3.859528167029031 ], [ 120.135736380929302, -3.857681832401655 ], [ 120.134730267811079, -3.855172244922455 ], [ 120.134092463959348, -3.852438578703888 ], [ 120.13416432918207, -3.850305416668309 ], [ 120.134568571059944, -3.848396321742663 ], [ 120.133966699819581, -3.846415519198139 ], [ 120.133122283452494, -3.845420634735032 ], [ 120.133014485618403, -3.845071080458803 ], [ 120.133122283452494, -3.84400449088395 ], [ 120.132771940491693, -3.842185011471546 ], [ 120.132385664919539, -3.841181159100072 ], [ 120.132206001862713, -3.83956782245776 ], [ 120.133104317146817, -3.83828611395198 ], [ 120.13421822809913, -3.834898091997123 ], [ 120.134245177557645, -3.832513920348376 ], [ 120.134739250963932, -3.831859616440263 ], [ 120.13687724134013, -3.829851886256192 ], [ 120.137380297899227, -3.829627808934522 ], [ 120.137613859873099, -3.829332026780096 ], [ 120.136410117392373, -3.825567517707441 ], [ 120.136185538571354, -3.824016893683896 ], [ 120.136239437488399, -3.823281914843093 ], [ 120.136805376117408, -3.821749213038498 ], [ 120.136517915226463, -3.820575036118941 ], [ 120.136643679366273, -3.820010355043388 ], [ 120.137703691401498, -3.819849017524977 ], [ 120.139374557829981, -3.818621058752027 ], [ 120.143165448328958, -3.817357245333911 ], [ 120.14368647119376, -3.816129282997057 ], [ 120.143659521735231, -3.815188142791435 ], [ 120.144288342434109, -3.814121515978816 ], [ 120.145267506093802, -3.813314822552248 ], [ 120.147342614400117, -3.812059964606253 ] ] } },
{ "type": "Feature", "properties": { "FID": 291, "OBJECTID": 1036, "NAMOBJ": "Jaringan Tetap", "STSJRN": 1, "WADMPR": "Provinsi Sulawesi Selatan", "WADMKK": "Kabupaten Wajo", "REMARK": "Tidak Ada", "SBDATA": "Analisis Tim Penyusun, 2022", "SHAPE_Leng": 0.029034304209300001 }, "geometry": { "type": "LineString", "coordinates": [ [ 120.156298817782798, -3.87699644476967 ], [ 120.155786778070834, -3.876628978296971 ], [ 120.155436435110033, -3.875876119659028 ], [ 120.154933378550936, -3.875383176140142 ], [ 120.153172680594054, -3.874397288240525 ], [ 120.15173537613947, -3.873976044878539 ], [ 120.150908926078074, -3.872371733132962 ], [ 120.150082476016678, -3.871484430917398 ], [ 120.149786031972923, -3.870874970271006 ], [ 120.148222963378558, -3.86962915964385 ], [ 120.147881603570582, -3.869557458257023 ], [ 120.146740743159754, -3.869969741148392 ], [ 120.145599882748911, -3.870659866408724 ], [ 120.145015977814253, -3.870624015759698 ], [ 120.144189527752857, -3.869915965130462 ], [ 120.144063763613076, -3.86962915964385 ], [ 120.144620719089247, -3.868069653110976 ], [ 120.144548853866496, -3.867863511228054 ], [ 120.142958835813616, -3.866635621582275 ], [ 120.141674244957329, -3.866017194736818 ], [ 120.141162205245365, -3.866008232025596 ], [ 120.140641182380591, -3.865300177539727 ], [ 120.139311675760098, -3.864421830647087 ], [ 120.138835568659502, -3.863928880461911 ], [ 120.138152849043578, -3.863686886629814 ], [ 120.137712674554351, -3.863014681178485 ], [ 120.137155719078208, -3.862602394904861 ], [ 120.13663469621342, -3.861275907274333 ] ] } },
{ "type": "Feature", "properties": { "FID": 292, "OBJECTID": 1037, "NAMOBJ": "Jaringan Tetap", "STSJRN": 1, "WADMPR": "Provinsi Sulawesi Selatan", "WADMKK": "Kabupaten Wajo", "REMARK": "Tidak Ada", "SBDATA": "Analisis Tim Penyusun, 2022", "SHAPE_Leng": 0.0218106336935 }, "geometry": { "type": "LineString", "coordinates": [ [ 120.084783938014041, -3.912371064698433 ], [ 120.084936651612338, -3.911035693117682 ], [ 120.085269028267447, -3.910677203740403 ], [ 120.085556489158364, -3.910793712804838 ], [ 120.087694479534576, -3.913536152258421 ], [ 120.088044822495391, -3.91359888769644 ], [ 120.089131783989188, -3.912953608680991 ], [ 120.090793667264791, -3.911089466511048 ], [ 120.093326916365996, -3.910444185562948 ], [ 120.093776074008076, -3.910193242837858 ], [ 120.094872018654698, -3.908974377104623 ], [ 120.09556372142346, -3.90886683004309 ], [ 120.098689858612204, -3.909314942708474 ], [ 120.099390544533833, -3.909216357942636 ], [ 120.099983432621329, -3.907827207737195 ], [ 120.100172078830994, -3.907746547332003 ], [ 120.101061410962274, -3.907988528524306 ] ] } },
{ "type": "Feature", "properties": { "FID": 293, "OBJECTID": 1038, "NAMOBJ": "Jaringan Tetap", "STSJRN": 1, "WADMPR": "Provinsi Sulawesi Selatan", "WADMKK": "Kabupaten Wajo", "REMARK": "Tidak Ada", "SBDATA": "Analisis Tim Penyusun, 2022", "SHAPE_Leng": 0.0163734582394 }, "geometry": { "type": "LineString", "coordinates": [ [ 120.081927295410523, -3.898694608175219 ], [ 120.081442205157117, -3.898282339317159 ], [ 120.080193546912184, -3.897807333643119 ], [ 120.079762355575795, -3.897242703907972 ], [ 120.079385063156479, -3.895064842807792 ], [ 120.079618625130337, -3.892922825775053 ], [ 120.080337277357643, -3.891031751815241 ], [ 120.079385063156479, -3.890359568105321 ], [ 120.078064539688825, -3.88987559550211 ], [ 120.077238089627429, -3.889024161544034 ], [ 120.07687876351379, -3.887563278117343 ], [ 120.077462668448447, -3.885681154634052 ] ] } },
{ "type": "Feature", "properties": { "FID": 294, "OBJECTID": 1039, "NAMOBJ": "Jaringan Tetap", "STSJRN": 1, "WADMPR": "Provinsi Sulawesi Selatan", "WADMKK": "Kabupaten Wajo", "REMARK": "Tidak Ada", "SBDATA": "Analisis Tim Penyusun, 2022", "SHAPE_Leng": 0.036334132978300002 }, "geometry": { "type": "LineString", "coordinates": [ [ 120.079618625130337, -3.892922825775053 ], [ 120.079178450641137, -3.892833201512631 ], [ 120.078962854972943, -3.892313380602454 ], [ 120.078037590230295, -3.891605348156905 ], [ 120.077624365199611, -3.891452986666748 ], [ 120.075441459059206, -3.891193075825813 ], [ 120.074911453041551, -3.890798728189871 ], [ 120.070518691302212, -3.889759083537599 ], [ 120.070339028245385, -3.889445397399231 ], [ 120.071012764708485, -3.886747691790306 ], [ 120.071336158210769, -3.886344379578866 ], [ 120.071461922350537, -3.885627379615671 ], [ 120.071336158210769, -3.885215104360873 ], [ 120.069566477101034, -3.884032052511223 ], [ 120.06869511127546, -3.882831073937184 ], [ 120.068542397677163, -3.882302284321745 ], [ 120.0669164470129, -3.881603206016729 ], [ 120.066584070357777, -3.88021401023145 ], [ 120.065146765903194, -3.879667293844289 ], [ 120.062038595020141, -3.877534200295485 ], [ 120.059837722574045, -3.875114297736021 ], [ 120.059765857351309, -3.874182185273375 ], [ 120.059496362766083, -3.873662352876991 ], [ 120.057061928346101, -3.872425508994922 ], [ 120.056891248442113, -3.872255218753659 ], [ 120.05669361907961, -3.871403767033506 ] ] } },
{ "type": "Feature", "properties": { "FID": 295, "OBJECTID": 1040, "NAMOBJ": "Jaringan Tetap", "STSJRN": 1, "WADMPR": "Provinsi Sulawesi Selatan", "WADMKK": "Kabupaten Wajo", "REMARK": "Tidak Ada", "SBDATA": "Analisis Tim Penyusun, 2022", "SHAPE_Leng": 0.0064680360938099996 }, "geometry": { "type": "LineString", "coordinates": [ [ 120.05669361907961, -3.871403767033506 ], [ 120.057025995734733, -3.870937708887213 ], [ 120.057097860957455, -3.870346173178286 ], [ 120.056316326660294, -3.868858369417413 ], [ 120.056316326660294, -3.868186168066097 ], [ 120.056594804398358, -3.867101682095234 ], [ 120.056621753856888, -3.865300177539727 ] ] } },
{ "type": "Feature", "properties": { "FID": 296, "OBJECTID": 1041, "NAMOBJ": "Jaringan Tetap", "STSJRN": 1, "WADMPR": "Provinsi Sulawesi Selatan", "WADMKK": "Kabupaten Wajo", "REMARK": "Tidak Ada", "SBDATA": "Analisis Tim Penyusun, 2022", "SHAPE_Leng": 0.0143073709659 }, "geometry": { "type": "LineString", "coordinates": [ [ 120.025692758624658, -4.182483616604034 ], [ 120.025782590153071, -4.1796166580491 ], [ 120.02511783684281, -4.179482269109555 ], [ 120.024965123244513, -4.178962631659935 ], [ 120.024605797130874, -4.178873038961402 ], [ 120.024111723724587, -4.176041904416575 ], [ 120.022845099173992, -4.175773125289547 ], [ 120.022216278475113, -4.175163892260818 ], [ 120.021102367522815, -4.175056380500774 ], [ 120.020734058256309, -4.174581536717763 ], [ 120.020464563671069, -4.173604970298982 ], [ 120.019368619024448, -4.172574646613802 ], [ 120.018910478229557, -4.17252089055834 ] ] } },
{ "type": "Feature", "properties": { "FID": 297, "OBJECTID": 1042, "NAMOBJ": "Jaringan Tetap", "STSJRN": 1, "WADMPR": "Provinsi Sulawesi Selatan", "WADMKK": "Kabupaten Wajo", "REMARK": "Tidak Ada", "SBDATA": "Analisis Tim Penyusun, 2022", "SHAPE_Leng": 0.052305861032099998 }, "geometry": { "type": "LineString", "coordinates": [ [ 120.075872650395567, -4.183737907673421 ], [ 120.075055183487009, -4.182815108010469 ], [ 120.074336531259732, -4.181641448616404 ], [ 120.072279389259094, -4.180342357924568 ], [ 120.069791055922096, -4.178219011952033 ], [ 120.068569347135693, -4.177430595106149 ], [ 120.066736783956074, -4.175683532226748 ], [ 120.064913203929308, -4.173470580329755 ], [ 120.064455063134417, -4.173130125638107 ], [ 120.063143522819601, -4.173076369620669 ], [ 120.059909587796767, -4.174178367242562 ], [ 120.055876152171066, -4.174706967178928 ], [ 120.052830863357912, -4.174420268952531 ], [ 120.049920321837348, -4.173667685610082 ], [ 120.047970977670801, -4.172897182869299 ], [ 120.047027746622504, -4.172350663025107 ], [ 120.046470791146334, -4.171848939554642 ], [ 120.040425129284216, -4.163427104922255 ], [ 120.03790086333585, -4.160165859638178 ], [ 120.036697120855109, -4.158992166409949 ], [ 120.035439479457338, -4.158051418667035 ] ] } },
{ "type": "Feature", "properties": { "FID": 298, "OBJECTID": 1043, "NAMOBJ": "Jaringan Tetap", "STSJRN": 1, "WADMPR": "Provinsi Sulawesi Selatan", "WADMKK": "Kabupaten Wajo", "REMARK": "Tidak Ada", "SBDATA": "Analisis Tim Penyusun, 2022", "SHAPE_Leng": 0.039582254834999997 }, "geometry": { "type": "LineString", "coordinates": [ [ 120.105714684134014, -4.17775312936616 ], [ 120.105157728657872, -4.17744851367963 ], [ 120.104672638404438, -4.17686615983204 ], [ 120.104151615539649, -4.174151489270187 ], [ 120.104340261749314, -4.173318271670159 ], [ 120.103711441050422, -4.171732467988879 ], [ 120.103145502421441, -4.171230744123561 ], [ 120.100657169084428, -4.169931636197738 ], [ 120.098617993389482, -4.167638033513929 ], [ 120.098609010236629, -4.167064631797465 ], [ 120.098914437433223, -4.166428513779082 ], [ 120.098941386891752, -4.164717264162187 ], [ 120.098267650428681, -4.163445023815071 ], [ 120.097099840559324, -4.162468443561941 ], [ 120.09645305355474, -4.162271335474008 ], [ 120.093398781588732, -4.160694468994247 ], [ 120.092437584234744, -4.159735804307139 ], [ 120.092356735859155, -4.159036963893502 ], [ 120.092051308662562, -4.15832916335559 ], [ 120.090748751500584, -4.157379455305998 ], [ 120.089733655229523, -4.157056912689225 ], [ 120.088179569788011, -4.156286393681642 ], [ 120.086948877848769, -4.154700555680219 ], [ 120.086805147403311, -4.153947953479097 ], [ 120.087595664853325, -4.151170486761862 ], [ 120.088898222015288, -4.149960941749575 ], [ 120.089131783989188, -4.148634919903524 ] ] } },
{ "type": "Feature", "properties": { "FID": 299, "OBJECTID": 1044, "NAMOBJ": "Jaringan Tetap", "STSJRN": 1, "WADMPR": "Provinsi Sulawesi Selatan", "WADMKK": "Kabupaten Wajo", "REMARK": "Tidak Ada", "SBDATA": "Analisis Tim Penyusun, 2022", "SHAPE_Leng": 0.034069240022100003 }, "geometry": { "type": "LineString", "coordinates": [ [ 120.104250430220901, -4.191845955030389 ], [ 120.105499088465834, -4.19239246127643 ], [ 120.106235706998817, -4.192365583929001 ], [ 120.107340634798277, -4.192930008030926 ], [ 120.109532524091534, -4.19371840926871 ], [ 120.109999648039263, -4.193458595312311 ], [ 120.111320171506918, -4.191075470165655 ], [ 120.112191537332521, -4.189955578020144 ], [ 120.113206633603582, -4.189704721959702 ], [ 120.11472478643374, -4.189848068289807 ], [ 120.116728029517333, -4.189418029220679 ], [ 120.121327403772014, -4.187429095450925 ], [ 120.122629960933992, -4.186712361321778 ], [ 120.1250104964369, -4.186004585725174 ], [ 120.126905941686402, -4.184777175895054 ], [ 120.128756471171698, -4.185440156626207 ], [ 120.129600887538743, -4.18601354491394 ], [ 120.131873625207575, -4.187008014229585 ], [ 120.132044305111549, -4.186362953195843 ], [ 120.1328168562559, -4.184929482328903 ] ] } },
{ "type": "Feature", "properties": { "FID": 300, "OBJECTID": 1045, "NAMOBJ": "Jaringan Tetap", "STSJRN": 1, "WADMPR": "Provinsi Sulawesi Selatan", "WADMKK": "Kabupaten Wajo", "REMARK": "Tidak Ada", "SBDATA": "Analisis Tim Penyusun, 2022", "SHAPE_Leng": 0.0058187328750299999 }, "geometry": { "type": "LineString", "coordinates": [ [ 120.033984208697078, -4.146386053441057 ], [ 120.034424383186277, -4.145445290671766 ], [ 120.034909473439726, -4.142730511833024 ], [ 120.035565243597119, -4.140813137666069 ] ] } },
{ "type": "Feature", "properties": { "FID": 301, "OBJECTID": 1046, "NAMOBJ": "Jaringan Tetap", "STSJRN": 1, "WADMPR": "Provinsi Sulawesi Selatan", "WADMKK": "Kabupaten Wajo", "REMARK": "Tidak Ada", "SBDATA": "Analisis Tim Penyusun, 2022", "SHAPE_Leng": 0.00166876728237 }, "geometry": { "type": "LineString", "coordinates": [ [ 120.030813155744127, -4.144074462918065 ], [ 120.031882150932233, -4.14438805117595 ], [ 120.032439106408404, -4.144379091513166 ] ] } },
{ "type": "Feature", "properties": { "FID": 302, "OBJECTID": 1047, "NAMOBJ": "Jaringan Tetap", "STSJRN": 1, "WADMPR": "Provinsi Sulawesi Selatan", "WADMKK": "Kabupaten Wajo", "REMARK": "Tidak Ada", "SBDATA": "Analisis Tim Penyusun, 2022", "SHAPE_Leng": 0.0016237224627800001 }, "geometry": { "type": "LineString", "coordinates": [ [ 120.031432993290181, -4.14426261588772 ], [ 120.031738420486775, -4.142685713424195 ] ] } },
{ "type": "Feature", "properties": { "FID": 303, "OBJECTID": 1048, "NAMOBJ": "Jaringan Tetap", "STSJRN": 1, "WADMPR": "Provinsi Sulawesi Selatan", "WADMKK": "Kabupaten Wajo", "REMARK": "Tidak Ada", "SBDATA": "Analisis Tim Penyusun, 2022", "SHAPE_Leng": 0.00111410372024 }, "geometry": { "type": "LineString", "coordinates": [ [ 120.032097746600414, -4.143608560133869 ], [ 120.033103859718636, -4.143142657075213 ] ] } },
{ "type": "Feature", "properties": { "FID": 304, "OBJECTID": 1049, "NAMOBJ": "Jaringan Tetap", "STSJRN": 1, "WADMPR": "Provinsi Sulawesi Selatan", "WADMKK": "Kabupaten Wajo", "REMARK": "Tidak Ada", "SBDATA": "Analisis Tim Penyusun, 2022", "SHAPE_Leng": 0.0017841209065300001 }, "geometry": { "type": "LineString", "coordinates": [ [ 120.032295375962946, -4.141968938537913 ], [ 120.032708600993629, -4.140239716452001 ] ] } },
{ "type": "Feature", "properties": { "FID": 305, "OBJECTID": 1050, "NAMOBJ": "Jaringan Tetap", "STSJRN": 1, "WADMPR": "Provinsi Sulawesi Selatan", "WADMKK": "Kabupaten Wajo", "REMARK": "Tidak Ada", "SBDATA": "Analisis Tim Penyusun, 2022", "SHAPE_Leng": 0.00052174138727799997 }, "geometry": { "type": "LineString", "coordinates": [ [ 120.031298245997561, -4.141700147788139 ], [ 120.031810285709497, -4.14183454317444 ] ] } },
{ "type": "Feature", "properties": { "FID": 306, "OBJECTID": 1051, "NAMOBJ": "Jaringan Tetap", "STSJRN": 1, "WADMPR": "Provinsi Sulawesi Selatan", "WADMKK": "Kabupaten Wajo", "REMARK": "Tidak Ada", "SBDATA": "Analisis Tim Penyusun, 2022", "SHAPE_Leng": 0.00077476608556899999 }, "geometry": { "type": "LineString", "coordinates": [ [ 120.032286392810107, -4.142515479447506 ], [ 120.033005045037385, -4.142210850134636 ] ] } },
{ "type": "Feature", "properties": { "FID": 307, "OBJECTID": 1052, "NAMOBJ": "Jaringan Tetap", "STSJRN": 1, "WADMPR": "Provinsi Sulawesi Selatan", "WADMKK": "Kabupaten Wajo", "REMARK": "Tidak Ada", "SBDATA": "Analisis Tim Penyusun, 2022", "SHAPE_Leng": 0.0162044692545 }, "geometry": { "type": "LineString", "coordinates": [ [ 120.034100989684006, -4.017204475496389 ], [ 120.03450523156188, -4.015743817861093 ], [ 120.035098119649376, -4.014480302092366 ], [ 120.033795562487413, -4.0137723739629 ], [ 120.036256946365896, -4.008816859877423 ], [ 120.039553763458613, -4.003502866552933 ] ] } },
{ "type": "Feature", "properties": { "FID": 308, "OBJECTID": 1053, "NAMOBJ": "Jaringan Tetap", "STSJRN": 1, "WADMPR": "Provinsi Sulawesi Selatan", "WADMKK": "Kabupaten Wajo", "REMARK": "Tidak Ada", "SBDATA": "Analisis Tim Penyusun, 2022", "SHAPE_Leng": 0.0069724173842300001 }, "geometry": { "type": "LineString", "coordinates": [ [ 120.039553763458613, -4.003502866552933 ], [ 120.045904852517353, -4.006343572168863 ] ] } },
{ "type": "Feature", "properties": { "FID": 309, "OBJECTID": 1054, "NAMOBJ": "Jaringan Tetap", "STSJRN": 1, "WADMPR": "Provinsi Sulawesi Selatan", "WADMKK": "Kabupaten Wajo", "REMARK": "Tidak Ada", "SBDATA": "Analisis Tim Penyusun, 2022", "SHAPE_Leng": 0.025744306323299999 }, "geometry": { "type": "LineString", "coordinates": [ [ 120.246723234282271, -3.998475599968343 ], [ 120.249121736090871, -3.99574240287713 ], [ 120.249229533924961, -3.995007574564481 ], [ 120.248843258352778, -3.993950137544908 ], [ 120.248843258352778, -3.993493109258767 ], [ 120.249840388318148, -3.992982312637782 ], [ 120.251107012868758, -3.99269554948317 ], [ 120.252643132004621, -3.992077216090161 ], [ 120.253577379900108, -3.992148906942204 ], [ 120.254367897350107, -3.99202344794702 ], [ 120.255014684354691, -3.991548495863018 ], [ 120.255886050180294, -3.99144992086776 ], [ 120.257314371482039, -3.990562745377953 ], [ 120.259380496635515, -3.990777818311975 ], [ 120.26053932335202, -3.990114676584522 ], [ 120.261374756566241, -3.990302865507535 ], [ 120.263548679553807, -3.990240135871321 ], [ 120.265947181362407, -3.990598590870868 ], [ 120.266468204227209, -3.990249097248216 ], [ 120.267492283651109, -3.990410402015612 ] ] } },
{ "type": "Feature", "properties": { "FID": 310, "OBJECTID": 1055, "NAMOBJ": "Jaringan Tetap", "STSJRN": 1, "WADMPR": "Provinsi Sulawesi Selatan", "WADMKK": "Kabupaten Wajo", "REMARK": "Tidak Ada", "SBDATA": "Analisis Tim Penyusun, 2022", "SHAPE_Leng": 0.026074873502800001 }, "geometry": { "type": "LineString", "coordinates": [ [ 120.334910845724266, -3.665856638132287 ], [ 120.334677283750409, -3.665399434623867 ], [ 120.334353890248124, -3.665166350392373 ], [ 120.333293878212871, -3.664843618279261 ], [ 120.330814528028696, -3.663176167173518 ], [ 120.330329437775262, -3.662683103079281 ], [ 120.329826381216165, -3.661383205528982 ], [ 120.328793318639427, -3.660917034913235 ], [ 120.327993818036546, -3.660047446769946 ], [ 120.327957885425192, -3.659133033584935 ], [ 120.327724323451321, -3.6584786000462 ], [ 120.326403799983666, -3.657402817848091 ], [ 120.326224136926854, -3.655582950023658 ], [ 120.325424636323973, -3.652669360842976 ], [ 120.324454455817119, -3.652140431330965 ], [ 120.323026134515374, -3.650912237872269 ], [ 120.323241730183568, -3.649818516735852 ], [ 120.322891387222768, -3.648106212938014 ], [ 120.322289515982391, -3.647155927747034 ], [ 120.322307482288082, -3.645739463050511 ] ] } },
{ "type": "Feature", "properties": { "FID": 311, "OBJECTID": 1056, "NAMOBJ": "Jaringan Tetap", "STSJRN": 1, "WADMPR": "Provinsi Sulawesi Selatan", "WADMKK": "Kabupaten Wajo", "REMARK": "Tidak Ada", "SBDATA": "Analisis Tim Penyusun, 2022", "SHAPE_Leng": 0.0327512749706 }, "geometry": { "type": "LineString", "coordinates": [ [ 120.334910845724266, -3.665856638132287 ], [ 120.335207289768022, -3.665372540292565 ], [ 120.337767488327785, -3.664323660741008 ], [ 120.338360376415281, -3.664323660741008 ], [ 120.338701736223271, -3.664565709977445 ], [ 120.339348523227827, -3.664440202974134 ], [ 120.339716832494304, -3.664153329757591 ], [ 120.340148023830693, -3.66328374475798 ], [ 120.340965490739251, -3.662324510840143 ], [ 120.34202550277449, -3.6619031647756 ], [ 120.342690256084751, -3.661392170346138 ], [ 120.343678402897282, -3.661562501855029 ], [ 120.344280274137631, -3.66213624985709 ], [ 120.345340286172899, -3.662360370070521 ], [ 120.346148769928604, -3.662943082362823 ], [ 120.347675905911601, -3.663086519176588 ], [ 120.34880778316959, -3.662593455032965 ], [ 120.352239347554928, -3.660683949514357 ], [ 120.353200544908944, -3.659644029303383 ], [ 120.353730550926585, -3.659635064468729 ], [ 120.354494118918069, -3.66026260267782 ], [ 120.354970226018665, -3.660316391646715 ], [ 120.357180081617599, -3.659159928103699 ], [ 120.358015514831834, -3.658577213349746 ], [ 120.359048577408558, -3.658245514012862 ], [ 120.359892993775631, -3.656739418182313 ], [ 120.360584696544421, -3.656981469468603 ], [ 120.360899106893854, -3.656210491070033 ], [ 120.360638595461467, -3.655287109092346 ] ] } },
{ "type": "Feature", "properties": { "FID": 312, "OBJECTID": 1057, "NAMOBJ": "Jaringan Tetap", "STSJRN": 1, "WADMPR": "Provinsi Sulawesi Selatan", "WADMKK": "Kabupaten Wajo", "REMARK": "Tidak Ada", "SBDATA": "Analisis Tim Penyusun, 2022", "SHAPE_Leng": 0.037500844503699997 }, "geometry": { "type": "LineString", "coordinates": [ [ 120.360584696544421, -3.656981469468603 ], [ 120.361545893898423, -3.657770376911005 ], [ 120.361950135776269, -3.657967603663109 ], [ 120.362399293418321, -3.657976568514447 ], [ 120.363504221217795, -3.657833130882291 ], [ 120.364007277776906, -3.657106977517246 ], [ 120.364393553349075, -3.656882855989485 ], [ 120.367286128563947, -3.659401978736241 ], [ 120.367834100887251, -3.658765475080924 ], [ 120.372999413770941, -3.659401978736241 ], [ 120.374553499212468, -3.660639125392233 ], [ 120.37507452207727, -3.660701879162579 ], [ 120.377293360829043, -3.661732833331517 ], [ 120.378003029903482, -3.66287136394732 ], [ 120.379107957702956, -3.663731984554034 ], [ 120.380895605118354, -3.664771900016091 ], [ 120.382656303075223, -3.66470018174717 ], [ 120.385405147844637, -3.665336681182903 ], [ 120.386249564211695, -3.666035933561981 ], [ 120.387579070832217, -3.667757167857716 ], [ 120.389079257356684, -3.668348841381428 ], [ 120.390786056396493, -3.66851917156564 ], [ 120.391603523305051, -3.668761219666303 ], [ 120.392403023907931, -3.669308068837513 ] ] } },
{ "type": "Feature", "properties": { "FID": 313, "OBJECTID": 1058, "NAMOBJ": "Jaringan Tetap", "STSJRN": 1, "WADMPR": "Provinsi Sulawesi Selatan", "WADMKK": "Kabupaten Wajo", "REMARK": "Tidak Ada", "SBDATA": "Analisis Tim Penyusun, 2022", "SHAPE_Leng": 0.014978855186099999 }, "geometry": { "type": "LineString", "coordinates": [ [ 120.293381730139444, -3.718603795746549 ], [ 120.293363763833753, -3.718092833928696 ], [ 120.294558523161641, -3.715681448722561 ], [ 120.296013793921901, -3.71364655719412 ], [ 120.296400069494069, -3.71270530622187 ], [ 120.297496014140691, -3.711557875108113 ], [ 120.29930162786178, -3.705211119847233 ] ] } },
{ "type": "Feature", "properties": { "FID": 314, "OBJECTID": 1059, "NAMOBJ": "Jaringan Tetap", "STSJRN": 1, "WADMPR": "Provinsi Sulawesi Selatan", "WADMKK": "Kabupaten Wajo", "REMARK": "Tidak Ada", "SBDATA": "Analisis Tim Penyusun, 2022", "SHAPE_Leng": 0.020893368602200001 }, "geometry": { "type": "LineString", "coordinates": [ [ 120.281461086319155, -3.749816724679376 ], [ 120.281793462974278, -3.751430228988285 ], [ 120.282107873323739, -3.75197702699491 ], [ 120.283410430485702, -3.752138377160987 ], [ 120.284425526756763, -3.751932207499045 ], [ 120.285449606180663, -3.751950135297667 ], [ 120.287443866111389, -3.750435235016512 ], [ 120.288827271648955, -3.750489018503405 ], [ 120.290426272854674, -3.749816724679376 ], [ 120.292348667562692, -3.746715202478252 ], [ 120.29241154963259, -3.745738131067737 ], [ 120.292896639885996, -3.745182365191544 ], [ 120.293884786698541, -3.744859662262779 ], [ 120.294271062270695, -3.744277003895654 ], [ 120.294657337842878, -3.743022046095665 ], [ 120.29464835469004, -3.741883618535826 ] ] } },
{ "type": "Feature", "properties": { "FID": 315, "OBJECTID": 1060, "NAMOBJ": "Jaringan Tetap", "STSJRN": 1, "WADMPR": "Provinsi Sulawesi Selatan", "WADMKK": "Kabupaten Wajo", "REMARK": "Tidak Ada", "SBDATA": "Analisis Tim Penyusun, 2022", "SHAPE_Leng": 0.010205378660599999 }, "geometry": { "type": "LineString", "coordinates": [ [ 120.308051218729119, -4.159019044900386 ], [ 120.309254961209831, -4.153750843260155 ], [ 120.309910731367225, -4.151699102148276 ], [ 120.310647349900208, -4.151654304247902 ], [ 120.311222271682027, -4.151027133375718 ], [ 120.310512602607602, -4.150247648883002 ] ] } },
{ "type": "Feature", "properties": { "FID": 316, "OBJECTID": 1061, "NAMOBJ": "Jaringan Tetap", "STSJRN": 1, "WADMPR": "Provinsi Sulawesi Selatan", "WADMKK": "Kabupaten Wajo", "REMARK": "Tidak Ada", "SBDATA": "Analisis Tim Penyusun, 2022", "SHAPE_Leng": 0.015267384270599999 }, "geometry": { "type": "LineString", "coordinates": [ [ 120.308051218729119, -4.159019044900386 ], [ 120.309416657960966, -4.159135518348354 ], [ 120.313584840879273, -4.15886673344245 ], [ 120.315947410076504, -4.159162396833901 ], [ 120.31787878793736, -4.158490434420154 ], [ 120.320007795160734, -4.159144477843639 ], [ 120.322864437764238, -4.160264413951806 ] ] } },
{ "type": "Feature", "properties": { "FID": 317, "OBJECTID": 1062, "NAMOBJ": "Jaringan Tetap", "STSJRN": 1, "WADMPR": "Provinsi Sulawesi Selatan", "WADMKK": "Kabupaten Wajo", "REMARK": "Tidak Ada", "SBDATA": "Analisis Tim Penyusun, 2022", "SHAPE_Leng": 0.036102012215100003 }, "geometry": { "type": "LineString", "coordinates": [ [ 120.251313625384128, -4.178944713121047 ], [ 120.254269082668856, -4.173497458325442 ], [ 120.254718240310936, -4.172144598067093 ], [ 120.255993848014384, -4.169833083095028 ], [ 120.257458101927483, -4.168229353596079 ], [ 120.261581369081611, -4.164242414132355 ], [ 120.263162403981653, -4.161653132514497 ], [ 120.263225286051537, -4.160667590560974 ], [ 120.264159533947023, -4.160004588916551 ], [ 120.264518860060662, -4.159440141130866 ], [ 120.265623787860136, -4.15677020803019 ], [ 120.267546182568154, -4.155300845016305 ], [ 120.267797710847702, -4.154673677042543 ], [ 120.26783364345907, -4.151788697941397 ], [ 120.268633144061937, -4.149978860948464 ], [ 120.269288914219331, -4.149029142847061 ] ] } },
{ "type": "Feature", "properties": { "FID": 319, "OBJECTID": 1064, "NAMOBJ": "Jaringan Tetap", "STSJRN": 1, "WADMPR": "Provinsi Sulawesi Selatan", "WADMKK": "Kabupaten Wajo", "REMARK": "Tidak Ada", "SBDATA": "Analisis Tim Penyusun, 2022", "SHAPE_Leng": 0.0254386325527 }, "geometry": { "type": "LineString", "coordinates": [ [ 120.147414479622853, -4.123386323298359 ], [ 120.147683974208078, -4.122140896208546 ], [ 120.148106182391629, -4.121621221018598 ], [ 120.149220093343942, -4.120805867880911 ], [ 120.149570436304742, -4.120169712654467 ], [ 120.149839930889968, -4.118574842385388 ], [ 120.150998757606487, -4.114892292643953 ], [ 120.151429948942877, -4.114202372671519 ], [ 120.152966068078712, -4.112437250022142 ], [ 120.153316411039512, -4.11168460770338 ], [ 120.155966441127674, -4.103719099624769 ], [ 120.156550346062346, -4.10026048531796 ] ] } },
{ "type": "Feature", "properties": { "FID": 320, "OBJECTID": 1065, "NAMOBJ": "Jaringan Tetap", "STSJRN": 1, "WADMPR": "Provinsi Sulawesi Selatan", "WADMKK": "Kabupaten Wajo", "REMARK": "Tidak Ada", "SBDATA": "Analisis Tim Penyusun, 2022", "SHAPE_Leng": 0.015660851205799999 }, "geometry": { "type": "LineString", "coordinates": [ [ 120.156550346062346, -4.10026048531796 ], [ 120.157457644499303, -4.10043968849953 ], [ 120.162964317190969, -4.103065010502455 ], [ 120.166575544633119, -4.103557817425192 ], [ 120.169602867140611, -4.104650951695627 ], [ 120.17130966618042, -4.105045196475136 ] ] } },
{ "type": "Feature", "properties": { "FID": 321, "OBJECTID": 1066, "NAMOBJ": "Jaringan Tetap", "STSJRN": 1, "WADMPR": "Provinsi Sulawesi Selatan", "WADMKK": "Kabupaten Wajo", "REMARK": "Tidak Ada", "SBDATA": "Analisis Tim Penyusun, 2022", "SHAPE_Leng": 0.0062578325072799998 }, "geometry": { "type": "LineString", "coordinates": [ [ 120.071758366394292, -3.94880168724664 ], [ 120.071102596236898, -3.949285625747398 ], [ 120.069844954839141, -3.949850220308292 ], [ 120.065892367589001, -3.950746401362147 ] ] } },
{ "type": "Feature", "properties": { "FID": 322, "OBJECTID": 1067, "NAMOBJ": "Jaringan Tetap", "STSJRN": 1, "WADMPR": "Provinsi Sulawesi Selatan", "WADMKK": "Kabupaten Wajo", "REMARK": "Tidak Ada", "SBDATA": "Analisis Tim Penyusun, 2022", "SHAPE_Leng": 0.0017904569947000001 }, "geometry": { "type": "LineString", "coordinates": [ [ 120.065892367589001, -3.950746401362147 ], [ 120.065353378418536, -3.949034694708154 ] ] } },
{ "type": "Feature", "properties": { "FID": 323, "OBJECTID": 1068, "NAMOBJ": "Jaringan Tetap", "STSJRN": 1, "WADMPR": "Provinsi Sulawesi Selatan", "WADMKK": "Kabupaten Wajo", "REMARK": "Tidak Ada", "SBDATA": "Analisis Tim Penyusun, 2022", "SHAPE_Leng": 0.061180290503900003 }, "geometry": { "type": "LineString", "coordinates": [ [ 120.045904852517353, -4.006343572168863 ], [ 120.051618137724347, -3.993394534497015 ], [ 120.055265297777879, -3.982631891631598 ], [ 120.057295490319987, -3.977756843027449 ], [ 120.058418384425138, -3.975892846230724 ], [ 120.059667042670057, -3.974485884318663 ], [ 120.060421627508703, -3.972550187574024 ], [ 120.061661302600783, -3.970623447878403 ], [ 120.062838095622979, -3.968472663371219 ], [ 120.062874028234376, -3.968185891680339 ], [ 120.064823372400895, -3.96507620476515 ], [ 120.065586940392407, -3.964162115896275 ], [ 120.068066290576567, -3.957978547018447 ], [ 120.068129172646451, -3.957333302386869 ], [ 120.067194924750964, -3.955603685825488 ], [ 120.065892367589001, -3.950746401362147 ] ] } },
{ "type": "Feature", "properties": { "FID": 324, "OBJECTID": 1069, "NAMOBJ": "Jaringan Tetap", "STSJRN": 1, "WADMPR": "Provinsi Sulawesi Selatan", "WADMKK": "Kabupaten Wajo", "REMARK": "Tidak Ada", "SBDATA": "Analisis Tim Penyusun, 2022", "SHAPE_Leng": 0.013136595796 }, "geometry": { "type": "LineString", "coordinates": [ [ 120.040784455397855, -4.018441103842824 ], [ 120.045904852517353, -4.006343572168863 ] ] } },
{ "type": "Feature", "properties": { "FID": 325, "OBJECTID": 1070, "NAMOBJ": "Jaringan Tetap", "STSJRN": 1, "WADMPR": "Provinsi Sulawesi Selatan", "WADMKK": "Kabupaten Wajo", "REMARK": "Tidak Ada", "SBDATA": "Analisis Tim Penyusun, 2022", "SHAPE_Leng": 0.0281902228517 }, "geometry": { "type": "LineString", "coordinates": [ [ 120.052480520397083, -4.144307414207229 ], [ 120.052785947593705, -4.141377598767881 ], [ 120.052741031829498, -4.136207836814565 ], [ 120.052327806798786, -4.133528865441965 ], [ 120.052318823645948, -4.132220735662639 ], [ 120.051824750239689, -4.130142059246278 ], [ 120.051609154571508, -4.129962862748491 ], [ 120.051115081165236, -4.130043501177505 ], [ 120.0509533844141, -4.127875220567765 ], [ 120.051447457820345, -4.126208686817803 ], [ 120.052076278519237, -4.12546501740305 ], [ 120.052480520397083, -4.123099606443398 ], [ 120.053351886222686, -4.122535132332945 ], [ 120.054393931952276, -4.122158816036625 ], [ 120.054843089594314, -4.121737699970017 ], [ 120.055642590197195, -4.118834681018027 ] ] } },
{ "type": "Feature", "properties": { "FID": 326, "OBJECTID": 1071, "NAMOBJ": "Jaringan Tetap", "STSJRN": 1, "WADMPR": "Provinsi Sulawesi Selatan", "WADMKK": "Kabupaten Wajo", "REMARK": "Tidak Ada", "SBDATA": "Analisis Tim Penyusun, 2022", "SHAPE_Leng": 0.0064549990127699998 }, "geometry": { "type": "LineString", "coordinates": [ [ 120.038152391615398, -4.148303414094175 ], [ 120.039580712917143, -4.142013736987332 ] ] } },
{ "type": "Feature", "properties": { "FID": 327, "OBJECTID": 1072, "NAMOBJ": "Jaringan Tetap", "STSJRN": 1, "WADMPR": "Provinsi Sulawesi Selatan", "WADMKK": "Kabupaten Wajo", "REMARK": "Tidak Ada", "SBDATA": "Analisis Tim Penyusun, 2022", "SHAPE_Leng": 0.0070878784610099999 }, "geometry": { "type": "LineString", "coordinates": [ [ 120.039580712917143, -4.142013736987332 ], [ 120.036454575728399, -4.140804177962794 ], [ 120.034451332644807, -4.140786258555941 ], [ 120.034136922295374, -4.141270082398577 ], [ 120.033040977648739, -4.140974412307671 ] ] } },
{ "type": "Feature", "properties": { "FID": 328, "OBJECTID": 1073, "NAMOBJ": "Jaringan Tetap", "STSJRN": 1, "WADMPR": "Provinsi Sulawesi Selatan", "WADMKK": "Kabupaten Wajo", "REMARK": "Tidak Ada", "SBDATA": "Analisis Tim Penyusun, 2022", "SHAPE_Leng": 0.00091226419866099996 }, "geometry": { "type": "LineString", "coordinates": [ [ 120.032672668382261, -4.143339769941215 ], [ 120.032286392810107, -4.142515479447506 ] ] } },
{ "type": "Feature", "properties": { "FID": 329, "OBJECTID": 1074, "NAMOBJ": "Jaringan Tetap", "STSJRN": 1, "WADMPR": "Provinsi Sulawesi Selatan", "WADMKK": "Kabupaten Wajo", "REMARK": "Tidak Ada", "SBDATA": "Analisis Tim Penyusun, 2022", "SHAPE_Leng": 0.00057631679712099996 }, "geometry": { "type": "LineString", "coordinates": [ [ 120.031738420486775, -4.142685713424195 ], [ 120.032286392810107, -4.142515479447506 ] ] } },
{ "type": "Feature", "properties": { "FID": 330, "OBJECTID": 1075, "NAMOBJ": "Jaringan Tetap", "STSJRN": 1, "WADMPR": "Provinsi Sulawesi Selatan", "WADMKK": "Kabupaten Wajo", "REMARK": "Tidak Ada", "SBDATA": "Analisis Tim Penyusun, 2022", "SHAPE_Leng": 0.00054588520581799998 }, "geometry": { "type": "LineString", "coordinates": [ [ 120.032286392810107, -4.142515479447506 ], [ 120.032295375962946, -4.141968938537913 ] ] } },
{ "type": "Feature", "properties": { "FID": 331, "OBJECTID": 1076, "NAMOBJ": "Jaringan Tetap", "STSJRN": 1, "WADMPR": "Provinsi Sulawesi Selatan", "WADMKK": "Kabupaten Wajo", "REMARK": "Tidak Ada", "SBDATA": "Analisis Tim Penyusun, 2022", "SHAPE_Leng": 0.00069794066984199999 }, "geometry": { "type": "LineString", "coordinates": [ [ 120.032295375962946, -4.141968938537913 ], [ 120.032996061884546, -4.141986857917986 ] ] } },
{ "type": "Feature", "properties": { "FID": 332, "OBJECTID": 1077, "NAMOBJ": "Jaringan Tetap", "STSJRN": 1, "WADMPR": "Provinsi Sulawesi Selatan", "WADMKK": "Kabupaten Wajo", "REMARK": "Tidak Ada", "SBDATA": "Analisis Tim Penyusun, 2022", "SHAPE_Leng": 0.00070136263798600005 }, "geometry": { "type": "LineString", "coordinates": [ [ 120.031738420486775, -4.142685713424195 ], [ 120.031738420486775, -4.141986857917986 ] ] } },
{ "type": "Feature", "properties": { "FID": 333, "OBJECTID": 1078, "NAMOBJ": "Jaringan Tetap", "STSJRN": 1, "WADMPR": "Provinsi Sulawesi Selatan", "WADMKK": "Kabupaten Wajo", "REMARK": "Tidak Ada", "SBDATA": "Analisis Tim Penyusun, 2022", "SHAPE_Leng": 0.00050710185109600003 }, "geometry": { "type": "LineString", "coordinates": [ [ 120.031810285709497, -4.14183454317444 ], [ 120.032295375962946, -4.141968938537913 ] ] } },
{ "type": "Feature", "properties": { "FID": 334, "OBJECTID": 1079, "NAMOBJ": "Jaringan Tetap", "STSJRN": 1, "WADMPR": "Provinsi Sulawesi Selatan", "WADMKK": "Kabupaten Wajo", "REMARK": "Tidak Ada", "SBDATA": "Analisis Tim Penyusun, 2022", "SHAPE_Leng": 3.8649384522600002e-05 }, "geometry": { "type": "LineString", "coordinates": [ [ 120.031424010137343, -4.140678742106297 ], [ 120.031424010137343, -4.140633943581301 ] ] } },
{ "type": "Feature", "properties": { "FID": 335, "OBJECTID": 1080, "NAMOBJ": "Jaringan Tetap", "STSJRN": 1, "WADMPR": "Provinsi Sulawesi Selatan", "WADMKK": "Kabupaten Wajo", "REMARK": "Tidak Ada", "SBDATA": "Analisis Tim Penyusun, 2022", "SHAPE_Leng": 0.00077864043575099999 }, "geometry": { "type": "LineString", "coordinates": [ [ 120.03017535189241, -4.140060522237409 ], [ 120.029501615429311, -4.139666294822515 ] ] } },
{ "type": "Feature", "properties": { "FID": 336, "OBJECTID": 1081, "NAMOBJ": "Jaringan Tetap", "STSJRN": 1, "WADMPR": "Provinsi Sulawesi Selatan", "WADMKK": "Kabupaten Wajo", "REMARK": "Tidak Ada", "SBDATA": "Analisis Tim Penyusun, 2022", "SHAPE_Leng": 0.000329436886321 }, "geometry": { "type": "LineString", "coordinates": [ [ 120.030076537211173, -4.140374112086323 ], [ 120.03017535189241, -4.140060522237409 ] ] } },
{ "type": "Feature", "properties": { "FID": 337, "OBJECTID": 1082, "NAMOBJ": "Jaringan Tetap", "STSJRN": 1, "WADMPR": "Provinsi Sulawesi Selatan", "WADMKK": "Kabupaten Wajo", "REMARK": "Tidak Ada", "SBDATA": "Analisis Tim Penyusun, 2022", "SHAPE_Leng": 0.00083986243301100002 }, "geometry": { "type": "LineString", "coordinates": [ [ 120.031603673194155, -4.138662805971488 ], [ 120.031648588958362, -4.137829550869823 ] ] } },
{ "type": "Feature", "properties": { "FID": 338, "OBJECTID": 1083, "NAMOBJ": "Jaringan Tetap", "STSJRN": 1, "WADMPR": "Provinsi Sulawesi Selatan", "WADMKK": "Kabupaten Wajo", "REMARK": "Tidak Ada", "SBDATA": "Analisis Tim Penyusun, 2022", "SHAPE_Leng": 0.00092753676344799999 }, "geometry": { "type": "LineString", "coordinates": [ [ 120.031603673194155, -4.138662805971488 ], [ 120.032528937936803, -4.138725524061937 ] ] } },
{ "type": "Feature", "properties": { "FID": 339, "OBJECTID": 1084, "NAMOBJ": "Jaringan Tetap", "STSJRN": 1, "WADMPR": "Provinsi Sulawesi Selatan", "WADMKK": "Kabupaten Wajo", "REMARK": "Tidak Ada", "SBDATA": "Analisis Tim Penyusun, 2022", "SHAPE_Leng": 0.00081411985589599999 }, "geometry": { "type": "LineString", "coordinates": [ [ 120.031648588958362, -4.137829550869823 ], [ 120.031693504722568, -4.137023174130269 ] ] } },
{ "type": "Feature", "properties": { "FID": 340, "OBJECTID": 1085, "NAMOBJ": "Jaringan Tetap", "STSJRN": 1, "WADMPR": "Provinsi Sulawesi Selatan", "WADMKK": "Kabupaten Wajo", "REMARK": "Tidak Ada", "SBDATA": "Analisis Tim Penyusun, 2022", "SHAPE_Leng": 0.00060131674938600005 }, "geometry": { "type": "LineString", "coordinates": [ [ 120.030040604599805, -4.138519450317517 ], [ 120.030642475840153, -4.138600087876068 ] ] } },
{ "type": "Feature", "properties": { "FID": 341, "OBJECTID": 1086, "NAMOBJ": "Jaringan Tetap", "STSJRN": 1, "WADMPR": "Provinsi Sulawesi Selatan", "WADMKK": "Kabupaten Wajo", "REMARK": "Tidak Ada", "SBDATA": "Analisis Tim Penyusun, 2022", "SHAPE_Leng": 0.00096473842992300001 }, "geometry": { "type": "LineString", "coordinates": [ [ 120.030642475840153, -4.138600087876068 ], [ 120.030929936731056, -4.137677235326351 ] ] } },
{ "type": "Feature", "properties": { "FID": 342, "OBJECTID": 1087, "NAMOBJ": "Jaringan Tetap", "STSJRN": 1, "WADMPR": "Provinsi Sulawesi Selatan", "WADMKK": "Kabupaten Wajo", "REMARK": "Tidak Ada", "SBDATA": "Analisis Tim Penyusun, 2022", "SHAPE_Leng": 0.00118964030524 }, "geometry": { "type": "LineString", "coordinates": [ [ 120.030480779089004, -4.137587637934157 ], [ 120.031648588958362, -4.137829550869823 ] ] } },
{ "type": "Feature", "properties": { "FID": 343, "OBJECTID": 1088, "NAMOBJ": "Jaringan Tetap", "STSJRN": 1, "WADMPR": "Provinsi Sulawesi Selatan", "WADMKK": "Kabupaten Wajo", "REMARK": "Tidak Ada", "SBDATA": "Analisis Tim Penyusun, 2022", "SHAPE_Leng": 0.00103230019123 }, "geometry": { "type": "LineString", "coordinates": [ [ 120.030040604599805, -4.138519450317517 ], [ 120.030480779089004, -4.137587637934157 ] ] } },
{ "type": "Feature", "properties": { "FID": 344, "OBJECTID": 1089, "NAMOBJ": "Jaringan Tetap", "STSJRN": 1, "WADMPR": "Provinsi Sulawesi Selatan", "WADMKK": "Kabupaten Wajo", "REMARK": "Tidak Ada", "SBDATA": "Analisis Tim Penyusun, 2022", "SHAPE_Leng": 0.00101038555768 }, "geometry": { "type": "LineString", "coordinates": [ [ 120.030696374757198, -4.136826059691297 ], [ 120.031693504722568, -4.137023174130269 ] ] } },
{ "type": "Feature", "properties": { "FID": 345, "OBJECTID": 1090, "NAMOBJ": "Jaringan Tetap", "STSJRN": 1, "WADMPR": "Provinsi Sulawesi Selatan", "WADMKK": "Kabupaten Wajo", "REMARK": "Tidak Ada", "SBDATA": "Analisis Tim Penyusun, 2022", "SHAPE_Leng": 0.00078862002439100004 }, "geometry": { "type": "LineString", "coordinates": [ [ 120.030480779089004, -4.137587637934157 ], [ 120.030696374757198, -4.136826059691297 ] ] } },
{ "type": "Feature", "properties": { "FID": 346, "OBJECTID": 1091, "NAMOBJ": "Jaringan Tetap", "STSJRN": 1, "WADMPR": "Provinsi Sulawesi Selatan", "WADMKK": "Kabupaten Wajo", "REMARK": "Tidak Ada", "SBDATA": "Analisis Tim Penyusun, 2022", "SHAPE_Leng": 0.0010756192053 }, "geometry": { "type": "LineString", "coordinates": [ [ 120.029914840460009, -4.138788242147419 ], [ 120.028908727341815, -4.138411933560009 ] ] } },
{ "type": "Feature", "properties": { "FID": 347, "OBJECTID": 1092, "NAMOBJ": "Jaringan Tetap", "STSJRN": 1, "WADMPR": "Provinsi Sulawesi Selatan", "WADMKK": "Kabupaten Wajo", "REMARK": "Tidak Ada", "SBDATA": "Analisis Tim Penyusun, 2022", "SHAPE_Leng": 0.00135885817018 }, "geometry": { "type": "LineString", "coordinates": [ [ 120.028369738171321, -4.139657335106258 ], [ 120.028908727341815, -4.138411933560009 ] ] } },
{ "type": "Feature", "properties": { "FID": 348, "OBJECTID": 1093, "NAMOBJ": "Jaringan Tetap", "STSJRN": 1, "WADMPR": "Provinsi Sulawesi Selatan", "WADMKK": "Kabupaten Wajo", "REMARK": "Tidak Ada", "SBDATA": "Analisis Tim Penyusun, 2022", "SHAPE_Leng": 0.00038006748935300001 }, "geometry": { "type": "LineString", "coordinates": [ [ 120.028908727341815, -4.138411933560009 ], [ 120.029034491481582, -4.138053544262886 ] ] } },
{ "type": "Feature", "properties": { "FID": 349, "OBJECTID": 1094, "NAMOBJ": "Jaringan Tetap", "STSJRN": 1, "WADMPR": "Provinsi Sulawesi Selatan", "WADMKK": "Kabupaten Wajo", "REMARK": "Tidak Ada", "SBDATA": "Analisis Tim Penyusun, 2022", "SHAPE_Leng": 0.00111841513176 }, "geometry": { "type": "LineString", "coordinates": [ [ 120.030076537211173, -4.138438812750755 ], [ 120.029034491481582, -4.138053544262886 ] ] } },
{ "type": "Feature", "properties": { "FID": 350, "OBJECTID": 1095, "NAMOBJ": "Jaringan Tetap", "STSJRN": 1, "WADMPR": "Provinsi Sulawesi Selatan", "WADMKK": "Kabupaten Wajo", "REMARK": "Tidak Ada", "SBDATA": "Analisis Tim Penyusun, 2022", "SHAPE_Leng": 0.0010446751135700001 }, "geometry": { "type": "LineString", "coordinates": [ [ 120.027920580529283, -4.139155590834051 ], [ 120.028342788712806, -4.138205859733981 ] ] } },
{ "type": "Feature", "properties": { "FID": 351, "OBJECTID": 1096, "NAMOBJ": "Jaringan Tetap", "STSJRN": 1, "WADMPR": "Provinsi Sulawesi Selatan", "WADMKK": "Kabupaten Wajo", "REMARK": "Tidak Ada", "SBDATA": "Analisis Tim Penyusun, 2022", "SHAPE_Leng": 0.00054139352197999995 }, "geometry": { "type": "LineString", "coordinates": [ [ 120.028486519158264, -4.137847470343598 ], [ 120.027983462599167, -4.137659315848724 ] ] } },
{ "type": "Feature", "properties": { "FID": 352, "OBJECTID": 1097, "NAMOBJ": "Jaringan Tetap", "STSJRN": 1, "WADMPR": "Provinsi Sulawesi Selatan", "WADMKK": "Kabupaten Wajo", "REMARK": "Tidak Ada", "SBDATA": "Analisis Tim Penyusun, 2022", "SHAPE_Leng": 0.00049877616163 }, "geometry": { "type": "LineString", "coordinates": [ [ 120.028342788712806, -4.138205859733981 ], [ 120.027911597376431, -4.137990826119214 ] ] } },
{ "type": "Feature", "properties": { "FID": 353, "OBJECTID": 1098, "NAMOBJ": "Jaringan Tetap", "STSJRN": 1, "WADMPR": "Provinsi Sulawesi Selatan", "WADMKK": "Kabupaten Wajo", "REMARK": "Tidak Ada", "SBDATA": "Analisis Tim Penyusun, 2022", "SHAPE_Leng": 0.00038050123703500002 }, "geometry": { "type": "LineString", "coordinates": [ [ 120.028342788712806, -4.138205859733981 ], [ 120.028486519158264, -4.137847470343598 ] ] } },
{ "type": "Feature", "properties": { "FID": 354, "OBJECTID": 1099, "NAMOBJ": "Jaringan Tetap", "STSJRN": 1, "WADMPR": "Provinsi Sulawesi Selatan", "WADMKK": "Kabupaten Wajo", "REMARK": "Tidak Ada", "SBDATA": "Analisis Tim Penyusun, 2022", "SHAPE_Leng": 0.00066144944294999996 }, "geometry": { "type": "LineString", "coordinates": [ [ 120.028127193044625, -4.136960455905007 ], [ 120.028747030590651, -4.137184449543855 ] ] } },
{ "type": "Feature", "properties": { "FID": 355, "OBJECTID": 1100, "NAMOBJ": "Jaringan Tetap", "STSJRN": 1, "WADMPR": "Provinsi Sulawesi Selatan", "WADMKK": "Kabupaten Wajo", "REMARK": "Tidak Ada", "SBDATA": "Analisis Tim Penyusun, 2022", "SHAPE_Leng": 0.00071291529243499999 }, "geometry": { "type": "LineString", "coordinates": [ [ 120.028486519158264, -4.137847470343598 ], [ 120.028747030590651, -4.137184449543855 ] ] } },
{ "type": "Feature", "properties": { "FID": 356, "OBJECTID": 1101, "NAMOBJ": "Jaringan Tetap", "STSJRN": 1, "WADMPR": "Provinsi Sulawesi Selatan", "WADMKK": "Kabupaten Wajo", "REMARK": "Tidak Ada", "SBDATA": "Analisis Tim Penyusun, 2022", "SHAPE_Leng": 0.00054758001257800004 }, "geometry": { "type": "LineString", "coordinates": [ [ 120.028747030590651, -4.137184449543855 ], [ 120.02928601976113, -4.137309885953941 ] ] } },
{ "type": "Feature", "properties": { "FID": 357, "OBJECTID": 1102, "NAMOBJ": "Jaringan Tetap", "STSJRN": 1, "WADMPR": "Provinsi Sulawesi Selatan", "WADMKK": "Kabupaten Wajo", "REMARK": "Tidak Ada", "SBDATA": "Analisis Tim Penyusun, 2022", "SHAPE_Leng": 0.00078356936766800001 }, "geometry": { "type": "LineString", "coordinates": [ [ 120.029034491481582, -4.138053544262886 ], [ 120.02928601976113, -4.137309885953941 ] ] } },
{ "type": "Feature", "properties": { "FID": 358, "OBJECTID": 1103, "NAMOBJ": "Jaringan Tetap", "STSJRN": 1, "WADMPR": "Provinsi Sulawesi Selatan", "WADMKK": "Kabupaten Wajo", "REMARK": "Tidak Ada", "SBDATA": "Analisis Tim Penyusun, 2022", "SHAPE_Leng": 0.00121899200448 }, "geometry": { "type": "LineString", "coordinates": [ [ 120.029510598582164, -4.136566226946805 ], [ 120.030696374757198, -4.136826059691297 ] ] } },
{ "type": "Feature", "properties": { "FID": 359, "OBJECTID": 1104, "NAMOBJ": "Jaringan Tetap", "STSJRN": 1, "WADMPR": "Provinsi Sulawesi Selatan", "WADMKK": "Kabupaten Wajo", "REMARK": "Tidak Ada", "SBDATA": "Analisis Tim Penyusun, 2022", "SHAPE_Leng": 0.00078104821849499999 }, "geometry": { "type": "LineString", "coordinates": [ [ 120.02928601976113, -4.137309885953941 ], [ 120.029510598582164, -4.136566226946805 ] ] } },
{ "type": "Feature", "properties": { "FID": 360, "OBJECTID": 1105, "NAMOBJ": "Jaringan Tetap", "STSJRN": 1, "WADMPR": "Provinsi Sulawesi Selatan", "WADMKK": "Kabupaten Wajo", "REMARK": "Tidak Ada", "SBDATA": "Analisis Tim Penyusun, 2022", "SHAPE_Leng": 0.00053510508665200005 }, "geometry": { "type": "LineString", "coordinates": [ [ 120.028989575717375, -4.136431830666213 ], [ 120.029510598582164, -4.136566226946805 ] ] } },
{ "type": "Feature", "properties": { "FID": 361, "OBJECTID": 1106, "NAMOBJ": "Jaringan Tetap", "STSJRN": 1, "WADMPR": "Provinsi Sulawesi Selatan", "WADMKK": "Kabupaten Wajo", "REMARK": "Tidak Ada", "SBDATA": "Analisis Tim Penyusun, 2022", "SHAPE_Leng": 0.00079436504891400002 }, "geometry": { "type": "LineString", "coordinates": [ [ 120.028747030590651, -4.137184449543855 ], [ 120.028989575717375, -4.136431830666213 ] ] } },
{ "type": "Feature", "properties": { "FID": 362, "OBJECTID": 1107, "NAMOBJ": "Jaringan Tetap", "STSJRN": 1, "WADMPR": "Provinsi Sulawesi Selatan", "WADMKK": "Kabupaten Wajo", "REMARK": "Tidak Ada", "SBDATA": "Analisis Tim Penyusun, 2022", "SHAPE_Leng": 0.00073120333738499997 }, "geometry": { "type": "LineString", "coordinates": [ [ 120.028513468616779, -4.135329780305465 ], [ 120.029232120844085, -4.135455217009192 ] ] } },
{ "type": "Feature", "properties": { "FID": 363, "OBJECTID": 1108, "NAMOBJ": "Jaringan Tetap", "STSJRN": 1, "WADMPR": "Provinsi Sulawesi Selatan", "WADMKK": "Kabupaten Wajo", "REMARK": "Tidak Ada", "SBDATA": "Analisis Tim Penyusun, 2022", "SHAPE_Leng": 0.00100616169171 }, "geometry": { "type": "LineString", "coordinates": [ [ 120.028989575717375, -4.136431830666213 ], [ 120.029232120844085, -4.135455217009192 ] ] } },
{ "type": "Feature", "properties": { "FID": 364, "OBJECTID": 1109, "NAMOBJ": "Jaringan Tetap", "STSJRN": 1, "WADMPR": "Provinsi Sulawesi Selatan", "WADMKK": "Kabupaten Wajo", "REMARK": "Tidak Ada", "SBDATA": "Analisis Tim Penyusun, 2022", "SHAPE_Leng": 0.00042811097492499999 }, "geometry": { "type": "LineString", "coordinates": [ [ 120.029465682817957, -4.134191889300449 ], [ 120.029555514346356, -4.133770779616746 ] ] } },
{ "type": "Feature", "properties": { "FID": 365, "OBJECTID": 1110, "NAMOBJ": "Jaringan Tetap", "STSJRN": 1, "WADMPR": "Provinsi Sulawesi Selatan", "WADMKK": "Kabupaten Wajo", "REMARK": "Tidak Ada", "SBDATA": "Analisis Tim Penyusun, 2022", "SHAPE_Leng": 0.00051908603647799997 }, "geometry": { "type": "LineString", "coordinates": [ [ 120.029465682817957, -4.134191889300449 ], [ 120.029986705682759, -4.134263567522203 ] ] } },
{ "type": "Feature", "properties": { "FID": 366, "OBJECTID": 1111, "NAMOBJ": "Jaringan Tetap", "STSJRN": 1, "WADMPR": "Provinsi Sulawesi Selatan", "WADMKK": "Kabupaten Wajo", "REMARK": "Tidak Ada", "SBDATA": "Analisis Tim Penyusun, 2022", "SHAPE_Leng": 0.0017169008089000001 }, "geometry": { "type": "LineString", "coordinates": [ [ 120.029555514346356, -4.133770779616746 ], [ 120.028441603394057, -4.132471610034139 ] ] } },
{ "type": "Feature", "properties": { "FID": 367, "OBJECTID": 1112, "NAMOBJ": "Jaringan Tetap", "STSJRN": 1, "WADMPR": "Provinsi Sulawesi Selatan", "WADMKK": "Kabupaten Wajo", "REMARK": "Tidak Ada", "SBDATA": "Analisis Tim Penyusun, 2022", "SHAPE_Leng": 0.00105666869737 }, "geometry": { "type": "LineString", "coordinates": [ [ 120.031244347080516, -4.135948003867318 ], [ 120.031495875360065, -4.134926590766156 ] ] } },
{ "type": "Feature", "properties": { "FID": 368, "OBJECTID": 1113, "NAMOBJ": "Jaringan Tetap", "STSJRN": 1, "WADMPR": "Provinsi Sulawesi Selatan", "WADMKK": "Kabupaten Wajo", "REMARK": "Tidak Ada", "SBDATA": "Analisis Tim Penyusun, 2022", "SHAPE_Leng": 0.0016310210449299999 }, "geometry": { "type": "LineString", "coordinates": [ [ 120.030588576923108, -4.134953470075157 ], [ 120.031001801953792, -4.134469642373645 ], [ 120.031307229150414, -4.133519905656296 ] ] } },
{ "type": "Feature", "properties": { "FID": 369, "OBJECTID": 1114, "NAMOBJ": "Jaringan Tetap", "STSJRN": 1, "WADMPR": "Provinsi Sulawesi Selatan", "WADMKK": "Kabupaten Wajo", "REMARK": "Tidak Ada", "SBDATA": "Analisis Tim Penyusun, 2022", "SHAPE_Leng": 0.0017070225297600001 }, "geometry": { "type": "LineString", "coordinates": [ [ 120.029672295333299, -4.133036077079824 ], [ 120.031307229150414, -4.133519905656296 ] ] } },
{ "type": "Feature", "properties": { "FID": 370, "OBJECTID": 1115, "NAMOBJ": "Jaringan Tetap", "STSJRN": 1, "WADMPR": "Provinsi Sulawesi Selatan", "WADMKK": "Kabupaten Wajo", "REMARK": "Tidak Ada", "SBDATA": "Analisis Tim Penyusun, 2022", "SHAPE_Leng": 0.0036456552104899998 }, "geometry": { "type": "LineString", "coordinates": [ [ 120.032834365133397, -4.125787572897362 ], [ 120.033292505928287, -4.124631748436553 ], [ 120.033957259238548, -4.123735759325494 ], [ 120.034029124461284, -4.12246345305214 ] ] } },
{ "type": "Feature", "properties": { "FID": 371, "OBJECTID": 1116, "NAMOBJ": "Jaringan Tetap", "STSJRN": 1, "WADMPR": "Provinsi Sulawesi Selatan", "WADMKK": "Kabupaten Wajo", "REMARK": "Tidak Ada", "SBDATA": "Analisis Tim Penyusun, 2022", "SHAPE_Leng": 0.0013740275176299999 }, "geometry": { "type": "LineString", "coordinates": [ [ 120.032834365133397, -4.125787572897362 ], [ 120.031522824818595, -4.125384378509007 ] ] } },
{ "type": "Feature", "properties": { "FID": 372, "OBJECTID": 1117, "NAMOBJ": "Jaringan Tetap", "STSJRN": 1, "WADMPR": "Provinsi Sulawesi Selatan", "WADMKK": "Kabupaten Wajo", "REMARK": "Tidak Ada", "SBDATA": "Analisis Tim Penyusun, 2022", "SHAPE_Leng": 0.00077374125546999996 }, "geometry": { "type": "LineString", "coordinates": [ [ 120.032564870548171, -4.126513322280639 ], [ 120.032834365133397, -4.125787572897362 ] ] } },
{ "type": "Feature", "properties": { "FID": 373, "OBJECTID": 1118, "NAMOBJ": "Jaringan Tetap", "STSJRN": 1, "WADMPR": "Provinsi Sulawesi Selatan", "WADMKK": "Kabupaten Wajo", "REMARK": "Tidak Ada", "SBDATA": "Analisis Tim Penyusun, 2022", "SHAPE_Leng": 0.00116020850015 }, "geometry": { "type": "LineString", "coordinates": [ [ 120.030022638294113, -4.126235566422165 ], [ 120.031109599787911, -4.1266477202418 ] ] } },
{ "type": "Feature", "properties": { "FID": 374, "OBJECTID": 1119, "NAMOBJ": "Jaringan Tetap", "STSJRN": 1, "WADMPR": "Provinsi Sulawesi Selatan", "WADMKK": "Kabupaten Wajo", "REMARK": "Tidak Ada", "SBDATA": "Analisis Tim Penyusun, 2022", "SHAPE_Leng": 0.0013973808059099999 }, "geometry": { "type": "LineString", "coordinates": [ [ 120.030372981254914, -4.129299835354817 ], [ 120.030732307368552, -4.127946899360273 ] ] } },
{ "type": "Feature", "properties": { "FID": 375, "OBJECTID": 1120, "NAMOBJ": "Jaringan Tetap", "STSJRN": 1, "WADMPR": "Provinsi Sulawesi Selatan", "WADMKK": "Kabupaten Wajo", "REMARK": "Tidak Ada", "SBDATA": "Analisis Tim Penyusun, 2022", "SHAPE_Leng": 0.0014977639628 }, "geometry": { "type": "LineString", "coordinates": [ [ 120.029339918678176, -4.129102718995821 ], [ 120.029690261638976, -4.127642264447423 ] ] } },
{ "type": "Feature", "properties": { "FID": 376, "OBJECTID": 1121, "NAMOBJ": "Jaringan Tetap", "STSJRN": 1, "WADMPR": "Provinsi Sulawesi Selatan", "WADMKK": "Kabupaten Wajo", "REMARK": "Tidak Ada", "SBDATA": "Analisis Tim Penyusun, 2022", "SHAPE_Leng": 0.00055410122372799998 }, "geometry": { "type": "LineString", "coordinates": [ [ 120.030022638294113, -4.126235566422165 ], [ 120.030148402433895, -4.125697974162082 ] ] } },
{ "type": "Feature", "properties": { "FID": 377, "OBJECTID": 1122, "NAMOBJ": "Jaringan Tetap", "STSJRN": 1, "WADMPR": "Provinsi Sulawesi Selatan", "WADMKK": "Kabupaten Wajo", "REMARK": "Tidak Ada", "SBDATA": "Analisis Tim Penyusun, 2022", "SHAPE_Leng": 0.00118645783234 }, "geometry": { "type": "LineString", "coordinates": [ [ 120.030148402433895, -4.125697974162082 ], [ 120.031271296539046, -4.126074288782346 ] ] } },
{ "type": "Feature", "properties": { "FID": 378, "OBJECTID": 1123, "NAMOBJ": "Jaringan Tetap", "STSJRN": 1, "WADMPR": "Provinsi Sulawesi Selatan", "WADMKK": "Kabupaten Wajo", "REMARK": "Tidak Ada", "SBDATA": "Analisis Tim Penyusun, 2022", "SHAPE_Leng": 0.00071245564556100002 }, "geometry": { "type": "LineString", "coordinates": [ [ 120.030148402433895, -4.125697974162082 ], [ 120.030211284503778, -4.124990143798073 ] ] } },
{ "type": "Feature", "properties": { "FID": 379, "OBJECTID": 1124, "NAMOBJ": "Jaringan Tetap", "STSJRN": 1, "WADMPR": "Provinsi Sulawesi Selatan", "WADMKK": "Kabupaten Wajo", "REMARK": "Tidak Ada", "SBDATA": "Analisis Tim Penyusun, 2022", "SHAPE_Leng": 0.00136496214477 }, "geometry": { "type": "LineString", "coordinates": [ [ 120.030211284503778, -4.124990143798073 ], [ 120.031522824818595, -4.125384378509007 ] ] } },
{ "type": "Feature", "properties": { "FID": 380, "OBJECTID": 1125, "NAMOBJ": "Jaringan Tetap", "STSJRN": 1, "WADMPR": "Provinsi Sulawesi Selatan", "WADMKK": "Kabupaten Wajo", "REMARK": "Tidak Ada", "SBDATA": "Analisis Tim Penyusun, 2022", "SHAPE_Leng": 0.002144490407 }, "geometry": { "type": "LineString", "coordinates": [ [ 120.031109599787911, -4.1266477202418 ], [ 120.03179231940382, -4.124613828664232 ] ] } },
{ "type": "Feature", "properties": { "FID": 381, "OBJECTID": 1126, "NAMOBJ": "Jaringan Tetap", "STSJRN": 1, "WADMPR": "Provinsi Sulawesi Selatan", "WADMKK": "Kabupaten Wajo", "REMARK": "Tidak Ada", "SBDATA": "Analisis Tim Penyusun, 2022", "SHAPE_Leng": 0.00139391050746 }, "geometry": { "type": "LineString", "coordinates": [ [ 120.03179231940382, -4.124613828664232 ], [ 120.033130809177152, -4.125008063561904 ] ] } },
{ "type": "Feature", "properties": { "FID": 382, "OBJECTID": 1127, "NAMOBJ": "Jaringan Tetap", "STSJRN": 1, "WADMPR": "Provinsi Sulawesi Selatan", "WADMKK": "Kabupaten Wajo", "REMARK": "Tidak Ada", "SBDATA": "Analisis Tim Penyusun, 2022", "SHAPE_Leng": 0.00073790669404500005 }, "geometry": { "type": "LineString", "coordinates": [ [ 120.03179231940382, -4.124613828664232 ], [ 120.032043847683369, -4.12392391712262 ] ] } },
{ "type": "Feature", "properties": { "FID": 383, "OBJECTID": 1128, "NAMOBJ": "Jaringan Tetap", "STSJRN": 1, "WADMPR": "Provinsi Sulawesi Selatan", "WADMKK": "Kabupaten Wajo", "REMARK": "Tidak Ada", "SBDATA": "Analisis Tim Penyusun, 2022", "SHAPE_Leng": 0.00067893280567399999 }, "geometry": { "type": "LineString", "coordinates": [ [ 120.032699617840791, -4.124103114983224 ], [ 120.032043847683369, -4.12392391712262 ] ] } },
{ "type": "Feature", "properties": { "FID": 384, "OBJECTID": 1129, "NAMOBJ": "Jaringan Tetap", "STSJRN": 1, "WADMPR": "Provinsi Sulawesi Selatan", "WADMKK": "Kabupaten Wajo", "REMARK": "Tidak Ada", "SBDATA": "Analisis Tim Penyusun, 2022", "SHAPE_Leng": 0.00074405202108700002 }, "geometry": { "type": "LineString", "coordinates": [ [ 120.031145532399265, -4.124443590807035 ], [ 120.031406043831652, -4.123744719221606 ] ] } },
{ "type": "Feature", "properties": { "FID": 385, "OBJECTID": 1130, "NAMOBJ": "Jaringan Tetap", "STSJRN": 1, "WADMPR": "Provinsi Sulawesi Selatan", "WADMKK": "Kabupaten Wajo", "REMARK": "Tidak Ada", "SBDATA": "Analisis Tim Penyusun, 2022", "SHAPE_Leng": 0.00065859873563299998 }, "geometry": { "type": "LineString", "coordinates": [ [ 120.032043847683369, -4.12392391712262 ], [ 120.031406043831652, -4.123744719221606 ] ] } },
{ "type": "Feature", "properties": { "FID": 386, "OBJECTID": 1131, "NAMOBJ": "Jaringan Tetap", "STSJRN": 1, "WADMPR": "Provinsi Sulawesi Selatan", "WADMKK": "Kabupaten Wajo", "REMARK": "Tidak Ada", "SBDATA": "Analisis Tim Penyusun, 2022", "SHAPE_Leng": 0.00057904640020500005 }, "geometry": { "type": "LineString", "coordinates": [ [ 120.030355014949237, -4.123449042596596 ], [ 120.030408913866282, -4.122866648922583 ] ] } },
{ "type": "Feature", "properties": { "FID": 387, "OBJECTID": 1132, "NAMOBJ": "Jaringan Tetap", "STSJRN": 1, "WADMPR": "Provinsi Sulawesi Selatan", "WADMKK": "Kabupaten Wajo", "REMARK": "Tidak Ada", "SBDATA": "Analisis Tim Penyusun, 2022", "SHAPE_Leng": 0.00109374580958 }, "geometry": { "type": "LineString", "coordinates": [ [ 120.031406043831652, -4.123744719221606 ], [ 120.030355014949237, -4.123449042596596 ] ] } },
{ "type": "Feature", "properties": { "FID": 388, "OBJECTID": 1133, "NAMOBJ": "Jaringan Tetap", "STSJRN": 1, "WADMPR": "Provinsi Sulawesi Selatan", "WADMKK": "Kabupaten Wajo", "REMARK": "Tidak Ada", "SBDATA": "Analisis Tim Penyusun, 2022", "SHAPE_Leng": 0.00046099972557299998 }, "geometry": { "type": "LineString", "coordinates": [ [ 120.022827132868301, -4.126190767081056 ], [ 120.022602554047282, -4.125787572897362 ] ] } },
{ "type": "Feature", "properties": { "FID": 389, "OBJECTID": 1134, "NAMOBJ": "Jaringan Tetap", "STSJRN": 1, "WADMPR": "Provinsi Sulawesi Selatan", "WADMKK": "Kabupaten Wajo", "REMARK": "Tidak Ada", "SBDATA": "Analisis Tim Penyusun, 2022", "SHAPE_Leng": 0.0013306906323599999 }, "geometry": { "type": "LineString", "coordinates": [ [ 120.022827132868301, -4.126190767081056 ], [ 120.023141543217761, -4.124909504855826 ] ] } },
{ "type": "Feature", "properties": { "FID": 390, "OBJECTID": 1135, "NAMOBJ": "Jaringan Tetap", "STSJRN": 1, "WADMPR": "Provinsi Sulawesi Selatan", "WADMKK": "Kabupaten Wajo", "REMARK": "Tidak Ada", "SBDATA": "Analisis Tim Penyusun, 2022", "SHAPE_Leng": 0.0012216753196799999 }, "geometry": { "type": "LineString", "coordinates": [ [ 120.023141543217761, -4.124909504855826 ], [ 120.02352781878993, -4.123753679117618 ] ] } },
{ "type": "Feature", "properties": { "FID": 391, "OBJECTID": 1136, "NAMOBJ": "Jaringan Tetap", "STSJRN": 1, "WADMPR": "Provinsi Sulawesi Selatan", "WADMKK": "Kabupaten Wajo", "REMARK": "Tidak Ada", "SBDATA": "Analisis Tim Penyusun, 2022", "SHAPE_Leng": 0.0026496875762799998 }, "geometry": { "type": "LineString", "coordinates": [ [ 120.028405670782689, -4.124389831476133 ], [ 120.025854455375793, -4.123699919740038 ] ] } },
{ "type": "Feature", "properties": { "FID": 392, "OBJECTID": 1137, "NAMOBJ": "Jaringan Tetap", "STSJRN": 1, "WADMPR": "Provinsi Sulawesi Selatan", "WADMKK": "Kabupaten Wajo", "REMARK": "Tidak Ada", "SBDATA": "Analisis Tim Penyusun, 2022", "SHAPE_Leng": 0.00077906586210500003 }, "geometry": { "type": "LineString", "coordinates": [ [ 120.025423264039432, -4.125151421658011 ], [ 120.025647842860451, -4.124398791364869 ] ] } },
{ "type": "Feature", "properties": { "FID": 393, "OBJECTID": 1138, "NAMOBJ": "Jaringan Tetap", "STSJRN": 1, "WADMPR": "Provinsi Sulawesi Selatan", "WADMKK": "Kabupaten Wajo", "REMARK": "Tidak Ada", "SBDATA": "Analisis Tim Penyusun, 2022", "SHAPE_Leng": 0.00269507347158 }, "geometry": { "type": "LineString", "coordinates": [ [ 120.025647842860451, -4.124398791364869 ], [ 120.028226007725877, -4.125187261177994 ] ] } },
{ "type": "Feature", "properties": { "FID": 394, "OBJECTID": 1139, "NAMOBJ": "Jaringan Tetap", "STSJRN": 1, "WADMPR": "Provinsi Sulawesi Selatan", "WADMKK": "Kabupaten Wajo", "REMARK": "Tidak Ada", "SBDATA": "Analisis Tim Penyusun, 2022", "SHAPE_Leng": 0.00072946621622199995 }, "geometry": { "type": "LineString", "coordinates": [ [ 120.025647842860451, -4.124398791364869 ], [ 120.025854455375793, -4.123699919740038 ] ] } },
{ "type": "Feature", "properties": { "FID": 395, "OBJECTID": 1140, "NAMOBJ": "Jaringan Tetap", "STSJRN": 1, "WADMPR": "Provinsi Sulawesi Selatan", "WADMKK": "Kabupaten Wajo", "REMARK": "Tidak Ada", "SBDATA": "Analisis Tim Penyusun, 2022", "SHAPE_Leng": 0.0030574486520600001 }, "geometry": { "type": "LineString", "coordinates": [ [ 120.023545785095607, -4.120734188444215 ], [ 120.026393444546258, -4.121863138821693 ] ] } },
{ "type": "Feature", "properties": { "FID": 396, "OBJECTID": 1141, "NAMOBJ": "Jaringan Tetap", "STSJRN": 1, "WADMPR": "Provinsi Sulawesi Selatan", "WADMKK": "Kabupaten Wajo", "REMARK": "Tidak Ada", "SBDATA": "Analisis Tim Penyusun, 2022", "SHAPE_Leng": 0.0018349291999099999 }, "geometry": { "type": "LineString", "coordinates": [ [ 120.02882787896624, -4.122606811607284 ], [ 120.028405670782689, -4.124389831476133 ] ] } },
{ "type": "Feature", "properties": { "FID": 397, "OBJECTID": 1142, "NAMOBJ": "Jaringan Tetap", "STSJRN": 1, "WADMPR": "Provinsi Sulawesi Selatan", "WADMKK": "Kabupaten Wajo", "REMARK": "Tidak Ada", "SBDATA": "Analisis Tim Penyusun, 2022", "SHAPE_Leng": 0.00081722960734900002 }, "geometry": { "type": "LineString", "coordinates": [ [ 120.028405670782689, -4.124389831476133 ], [ 120.028226007725877, -4.125187261177994 ] ] } },
{ "type": "Feature", "properties": { "FID": 398, "OBJECTID": 1143, "NAMOBJ": "Jaringan Tetap", "STSJRN": 1, "WADMPR": "Provinsi Sulawesi Selatan", "WADMKK": "Kabupaten Wajo", "REMARK": "Tidak Ada", "SBDATA": "Analisis Tim Penyusun, 2022", "SHAPE_Leng": 0.000630577852507 }, "geometry": { "type": "LineString", "coordinates": [ [ 120.028226007725877, -4.125187261177994 ], [ 120.028082277280419, -4.125805492643207 ] ] } },
{ "type": "Feature", "properties": { "FID": 399, "OBJECTID": 1144, "NAMOBJ": "Jaringan Tetap", "STSJRN": 1, "WADMPR": "Provinsi Sulawesi Selatan", "WADMKK": "Kabupaten Wajo", "REMARK": "Tidak Ada", "SBDATA": "Analisis Tim Penyusun, 2022", "SHAPE_Leng": 0.0019886426846599998 }, "geometry": { "type": "LineString", "coordinates": [ [ 120.028082277280419, -4.125805492643207 ], [ 120.030022638294113, -4.126235566422165 ] ] } },
{ "type": "Feature", "properties": { "FID": 400, "OBJECTID": 1145, "NAMOBJ": "Jaringan Tetap", "STSJRN": 1, "WADMPR": "Provinsi Sulawesi Selatan", "WADMKK": "Kabupaten Wajo", "REMARK": "Tidak Ada", "SBDATA": "Analisis Tim Penyusun, 2022", "SHAPE_Leng": 0.0012265616026 }, "geometry": { "type": "LineString", "coordinates": [ [ 120.030732307368552, -4.127946899360273 ], [ 120.031909100390749, -4.128296333381067 ] ] } },
{ "type": "Feature", "properties": { "FID": 401, "OBJECTID": 1146, "NAMOBJ": "Jaringan Tetap", "STSJRN": 1, "WADMPR": "Provinsi Sulawesi Selatan", "WADMKK": "Kabupaten Wajo", "REMARK": "Tidak Ada", "SBDATA": "Analisis Tim Penyusun, 2022", "SHAPE_Leng": 0.0013543717935500001 }, "geometry": { "type": "LineString", "coordinates": [ [ 120.030732307368552, -4.127946899360273 ], [ 120.031109599787911, -4.1266477202418 ] ] } },
{ "type": "Feature", "properties": { "FID": 402, "OBJECTID": 1147, "NAMOBJ": "Jaringan Tetap", "STSJRN": 1, "WADMPR": "Provinsi Sulawesi Selatan", "WADMKK": "Kabupaten Wajo", "REMARK": "Tidak Ada", "SBDATA": "Analisis Tim Penyusun, 2022", "SHAPE_Leng": 0.0010905332731 }, "geometry": { "type": "LineString", "coordinates": [ [ 120.029690261638976, -4.127642264447423 ], [ 120.030732307368552, -4.127946899360273 ] ] } },
{ "type": "Feature", "properties": { "FID": 403, "OBJECTID": 1148, "NAMOBJ": "Jaringan Tetap", "STSJRN": 1, "WADMPR": "Provinsi Sulawesi Selatan", "WADMKK": "Kabupaten Wajo", "REMARK": "Tidak Ada", "SBDATA": "Analisis Tim Penyusun, 2022", "SHAPE_Leng": 0.00144645863624 }, "geometry": { "type": "LineString", "coordinates": [ [ 120.029690261638976, -4.127642264447423 ], [ 120.030022638294113, -4.126235566422165 ] ] } },
{ "type": "Feature", "properties": { "FID": 404, "OBJECTID": 1149, "NAMOBJ": "Jaringan Tetap", "STSJRN": 1, "WADMPR": "Provinsi Sulawesi Selatan", "WADMKK": "Kabupaten Wajo", "REMARK": "Tidak Ada", "SBDATA": "Analisis Tim Penyusun, 2022", "SHAPE_Leng": 0.00065951196750199995 }, "geometry": { "type": "LineString", "coordinates": [ [ 120.028351771865644, -4.127248030857282 ], [ 120.028980592564537, -4.127436187822449 ] ] } },
{ "type": "Feature", "properties": { "FID": 405, "OBJECTID": 1150, "NAMOBJ": "Jaringan Tetap", "STSJRN": 1, "WADMPR": "Provinsi Sulawesi Selatan", "WADMKK": "Kabupaten Wajo", "REMARK": "Tidak Ada", "SBDATA": "Analisis Tim Penyusun, 2022", "SHAPE_Leng": 0.0013985752474399999 }, "geometry": { "type": "LineString", "coordinates": [ [ 120.028980592564537, -4.127436187822449 ], [ 120.029321952372499, -4.126083248652084 ] ] } },
{ "type": "Feature", "properties": { "FID": 406, "OBJECTID": 1151, "NAMOBJ": "Jaringan Tetap", "STSJRN": 1, "WADMPR": "Provinsi Sulawesi Selatan", "WADMKK": "Kabupaten Wajo", "REMARK": "Tidak Ada", "SBDATA": "Analisis Tim Penyusun, 2022", "SHAPE_Leng": 0.00105144266936 }, "geometry": { "type": "LineString", "coordinates": [ [ 120.029339918678176, -4.129102718995821 ], [ 120.030372981254914, -4.129299835354817 ] ] } },
{ "type": "Feature", "properties": { "FID": 407, "OBJECTID": 1152, "NAMOBJ": "Jaringan Tetap", "STSJRN": 1, "WADMPR": "Provinsi Sulawesi Selatan", "WADMKK": "Kabupaten Wajo", "REMARK": "Tidak Ada", "SBDATA": "Analisis Tim Penyusun, 2022", "SHAPE_Leng": 0.00086026993743600001 }, "geometry": { "type": "LineString", "coordinates": [ [ 120.03066044214583, -4.130231657479999 ], [ 120.030849088355495, -4.129389433683631 ] ] } },
{ "type": "Feature", "properties": { "FID": 408, "OBJECTID": 1153, "NAMOBJ": "Jaringan Tetap", "STSJRN": 1, "WADMPR": "Provinsi Sulawesi Selatan", "WADMKK": "Kabupaten Wajo", "REMARK": "Tidak Ada", "SBDATA": "Analisis Tim Penyusun, 2022", "SHAPE_Leng": 0.00048659385231799999 }, "geometry": { "type": "LineString", "coordinates": [ [ 120.030184335045263, -4.130115179774192 ], [ 120.03066044214583, -4.130231657479999 ] ] } },
{ "type": "Feature", "properties": { "FID": 409, "OBJECTID": 1154, "NAMOBJ": "Jaringan Tetap", "STSJRN": 1, "WADMPR": "Provinsi Sulawesi Selatan", "WADMKK": "Kabupaten Wajo", "REMARK": "Tidak Ada", "SBDATA": "Analisis Tim Penyusun, 2022", "SHAPE_Leng": 0.00090526959045200001 }, "geometry": { "type": "LineString", "coordinates": [ [ 120.031459942748711, -4.130428773558563 ], [ 120.031693504722568, -4.129550710650004 ] ] } },
{ "type": "Feature", "properties": { "FID": 410, "OBJECTID": 1155, "NAMOBJ": "Jaringan Tetap", "STSJRN": 1, "WADMPR": "Provinsi Sulawesi Selatan", "WADMKK": "Kabupaten Wajo", "REMARK": "Tidak Ada", "SBDATA": "Analisis Tim Penyusun, 2022", "SHAPE_Leng": 0.00082520745269900003 }, "geometry": { "type": "LineString", "coordinates": [ [ 120.03066044214583, -4.130231657479999 ], [ 120.031459942748711, -4.130428773558563 ] ] } },
{ "type": "Feature", "properties": { "FID": 411, "OBJECTID": 1156, "NAMOBJ": "Jaringan Tetap", "STSJRN": 1, "WADMPR": "Provinsi Sulawesi Selatan", "WADMKK": "Kabupaten Wajo", "REMARK": "Tidak Ada", "SBDATA": "Analisis Tim Penyusun, 2022", "SHAPE_Leng": 0.00066680482388000004 }, "geometry": { "type": "LineString", "coordinates": [ [ 120.032268426504416, -4.130625889588156 ], [ 120.032484022172596, -4.129998702051286 ] ] } },
{ "type": "Feature", "properties": { "FID": 412, "OBJECTID": 1157, "NAMOBJ": "Jaringan Tetap", "STSJRN": 1, "WADMPR": "Provinsi Sulawesi Selatan", "WADMKK": "Kabupaten Wajo", "REMARK": "Tidak Ada", "SBDATA": "Analisis Tim Penyusun, 2022", "SHAPE_Leng": 0.00075143783278899996 }, "geometry": { "type": "LineString", "coordinates": [ [ 120.032268426504416, -4.130625889588156 ], [ 120.033005045037385, -4.130670688678961 ] ] } },
{ "type": "Feature", "properties": { "FID": 413, "OBJECTID": 1158, "NAMOBJ": "Jaringan Tetap", "STSJRN": 1, "WADMPR": "Provinsi Sulawesi Selatan", "WADMKK": "Kabupaten Wajo", "REMARK": "Tidak Ada", "SBDATA": "Analisis Tim Penyusun, 2022", "SHAPE_Leng": 0.00161099176214 }, "geometry": { "type": "LineString", "coordinates": [ [ 120.031945033002117, -4.131566669963789 ], [ 120.033490135290819, -4.132032579831934 ] ] } },
{ "type": "Feature", "properties": { "FID": 414, "OBJECTID": 1159, "NAMOBJ": "Jaringan Tetap", "STSJRN": 1, "WADMPR": "Provinsi Sulawesi Selatan", "WADMKK": "Kabupaten Wajo", "REMARK": "Tidak Ada", "SBDATA": "Analisis Tim Penyusun, 2022", "SHAPE_Leng": 0.000996386714492 }, "geometry": { "type": "LineString", "coordinates": [ [ 120.031945033002117, -4.131566669963789 ], [ 120.032268426504416, -4.130625889588156 ] ] } },
{ "type": "Feature", "properties": { "FID": 415, "OBJECTID": 1160, "NAMOBJ": "Jaringan Tetap", "STSJRN": 1, "WADMPR": "Provinsi Sulawesi Selatan", "WADMKK": "Kabupaten Wajo", "REMARK": "Tidak Ada", "SBDATA": "Analisis Tim Penyusun, 2022", "SHAPE_Leng": 0.00076982640612100004 }, "geometry": { "type": "LineString", "coordinates": [ [ 120.031208414469162, -4.131351634547726 ], [ 120.031945033002117, -4.131566669963789 ] ] } },
{ "type": "Feature", "properties": { "FID": 416, "OBJECTID": 1161, "NAMOBJ": "Jaringan Tetap", "STSJRN": 1, "WADMPR": "Provinsi Sulawesi Selatan", "WADMKK": "Kabupaten Wajo", "REMARK": "Tidak Ada", "SBDATA": "Analisis Tim Penyusun, 2022", "SHAPE_Leng": 0.00095673557254500002 }, "geometry": { "type": "LineString", "coordinates": [ [ 120.031208414469162, -4.131351634547726 ], [ 120.031459942748711, -4.130428773558563 ] ] } },
{ "type": "Feature", "properties": { "FID": 417, "OBJECTID": 1162, "NAMOBJ": "Jaringan Tetap", "STSJRN": 1, "WADMPR": "Provinsi Sulawesi Selatan", "WADMKK": "Kabupaten Wajo", "REMARK": "Tidak Ada", "SBDATA": "Analisis Tim Penyusun, 2022", "SHAPE_Leng": 0.00079085796537500005 }, "geometry": { "type": "LineString", "coordinates": [ [ 120.030453829630488, -4.13112763926067 ], [ 120.031208414469162, -4.131351634547726 ] ] } },
{ "type": "Feature", "properties": { "FID": 418, "OBJECTID": 1163, "NAMOBJ": "Jaringan Tetap", "STSJRN": 1, "WADMPR": "Provinsi Sulawesi Selatan", "WADMKK": "Kabupaten Wajo", "REMARK": "Tidak Ada", "SBDATA": "Analisis Tim Penyusun, 2022", "SHAPE_Leng": 0.000919392758492 }, "geometry": { "type": "LineString", "coordinates": [ [ 120.030453829630488, -4.13112763926067 ], [ 120.03066044214583, -4.130231657479999 ] ] } },
{ "type": "Feature", "properties": { "FID": 419, "OBJECTID": 1164, "NAMOBJ": "Jaringan Tetap", "STSJRN": 1, "WADMPR": "Provinsi Sulawesi Selatan", "WADMKK": "Kabupaten Wajo", "REMARK": "Tidak Ada", "SBDATA": "Analisis Tim Penyusun, 2022", "SHAPE_Leng": 0.0017316198695 }, "geometry": { "type": "LineString", "coordinates": [ [ 120.029986705682759, -4.130984282243763 ], [ 120.030372981254914, -4.129299835354817 ] ] } },
{ "type": "Feature", "properties": { "FID": 420, "OBJECTID": 1165, "NAMOBJ": "Jaringan Tetap", "STSJRN": 1, "WADMPR": "Provinsi Sulawesi Selatan", "WADMKK": "Kabupaten Wajo", "REMARK": "Tidak Ada", "SBDATA": "Analisis Tim Penyusun, 2022", "SHAPE_Leng": 0.00048413092374400001 }, "geometry": { "type": "LineString", "coordinates": [ [ 120.029986705682759, -4.130984282243763 ], [ 120.030453829630488, -4.13112763926067 ] ] } },
{ "type": "Feature", "properties": { "FID": 421, "OBJECTID": 1166, "NAMOBJ": "Jaringan Tetap", "STSJRN": 1, "WADMPR": "Provinsi Sulawesi Selatan", "WADMKK": "Kabupaten Wajo", "REMARK": "Tidak Ada", "SBDATA": "Analisis Tim Penyusun, 2022", "SHAPE_Leng": 0.02839919875 }, "geometry": { "type": "LineString", "coordinates": [ [ 120.008813414436048, -4.268469546537192 ], [ 120.009612915038929, -4.264133748185254 ], [ 120.013502620219157, -4.24637821982029 ], [ 120.013610418053247, -4.245347992449394 ], [ 120.013224142481079, -4.240599970277378 ] ] } },
{ "type": "Feature", "properties": { "FID": 422, "OBJECTID": 1167, "NAMOBJ": "Jaringan Tetap", "STSJRN": 1, "WADMPR": "Provinsi Sulawesi Selatan", "WADMKK": "Kabupaten Wajo", "REMARK": "Tidak Ada", "SBDATA": "Analisis Tim Penyusun, 2022", "SHAPE_Leng": 0.022238942384699999 }, "geometry": { "type": "LineString", "coordinates": [ [ 120.013224142481079, -4.240599970277378 ], [ 120.011804804332172, -4.22365914799154 ], [ 120.010924455353731, -4.218498887413149 ] ] } },
{ "type": "Feature", "properties": { "FID": 423, "OBJECTID": 1168, "NAMOBJ": "Jaringan Tetap", "STSJRN": 1, "WADMPR": "Provinsi Sulawesi Selatan", "WADMKK": "Kabupaten Wajo", "REMARK": "Tidak Ada", "SBDATA": "Analisis Tim Penyusun, 2022", "SHAPE_Leng": 0.0016840963461500001 }, "geometry": { "type": "LineString", "coordinates": [ [ 120.010924455353731, -4.218498887413149 ], [ 120.01070885968555, -4.216832545943904 ] ] } },
{ "type": "Feature", "properties": { "FID": 424, "OBJECTID": 1169, "NAMOBJ": "Jaringan Tetap", "STSJRN": 1, "WADMPR": "Provinsi Sulawesi Selatan", "WADMKK": "Kabupaten Wajo", "REMARK": "Tidak Ada", "SBDATA": "Analisis Tim Penyusun, 2022", "SHAPE_Leng": 0.032800365388199998 }, "geometry": { "type": "LineString", "coordinates": [ [ 120.01070885968555, -4.216832545943904 ], [ 120.009612915038929, -4.210167144349125 ], [ 120.009621898191767, -4.209289170527718 ], [ 120.01580230734649, -4.198233782847185 ], [ 120.016404178586868, -4.194569523348413 ], [ 120.017410291705062, -4.185843320309849 ] ] } },
{ "type": "Feature", "properties": { "FID": 425, "OBJECTID": 1170, "NAMOBJ": "Jaringan Tetap", "STSJRN": 1, "WADMPR": "Provinsi Sulawesi Selatan", "WADMKK": "Kabupaten Wajo", "REMARK": "Tidak Ada", "SBDATA": "Analisis Tim Penyusun, 2022", "SHAPE_Leng": 0.025346968528500002 }, "geometry": { "type": "LineString", "coordinates": [ [ 120.017410291705062, -4.185843320309849 ], [ 120.018191826002251, -4.184275460374037 ], [ 120.018856579312512, -4.183370579782482 ], [ 120.01988964188925, -4.182591127345813 ], [ 120.021075418064285, -4.182053573489399 ], [ 120.02285408232683, -4.181838551843573 ], [ 120.025001055855881, -4.182394024307951 ], [ 120.02611496680818, -4.182510494290862 ], [ 120.03033704864356, -4.181766877948522 ], [ 120.036185081143174, -4.182806148785112 ], [ 120.037290008942634, -4.182456738916285 ], [ 120.038053576934146, -4.181695204046912 ], [ 120.03838595358927, -4.181032220146277 ], [ 120.038457818811992, -4.179571861738478 ] ] } }
]
}
