{"type":"FeatureCollection","name":"TAMBAK","features":[{"type":"Feature","properties":{"FID":0,"REMARK":"Tambak"},"geometry":{"type":"Polygon","coordinates":[[[120.356129,-4.222459],[120.356336,-4.222477],[120.356911,-4.222064],[120.357162,-4.222324],[120.355833,-4.223184],[120.355446,-4.222925],[120.355114,-4.223175],[120.354943,-4.223838],[120.35435,-4.224188],[120.354377,-4.22443],[120.353991,-4.224654],[120.353982,-4.223928],[120.354611,-4.223605],[120.354521,-4.223184],[120.354889,-4.222763],[120.354045,-4.223238],[120.353219,-4.223005],[120.353084,-4.222727],[120.352419,-4.222342],[120.352635,-4.222029],[120.352437,-4.22133],[120.353443,-4.221043],[120.354359,-4.221446],[120.355006,-4.221975],[120.356129,-4.222459]]]}},{"type":"Feature","properties":{"FID":1,"REMARK":"Tambak"},"geometry":{"type":"Polygon","coordinates":[[[120.36743,-4.207211],[120.368391,-4.207462],[120.370592,-4.209298],[120.370646,-4.209809],[120.369595,-4.210794],[120.369128,-4.210866],[120.368445,-4.212057],[120.368149,-4.213222],[120.368319,-4.213419],[120.368526,-4.213383],[120.368696,-4.213769],[120.368229,-4.214503],[120.36796,-4.214441],[120.367744,-4.214897],[120.367556,-4.216062],[120.36734,-4.216295],[120.366936,-4.216349],[120.366388,-4.218535],[120.366774,-4.218857],[120.366603,-4.219466],[120.366567,-4.220801],[120.366415,-4.221061],[120.36619,-4.220972],[120.365687,-4.221276],[120.364968,-4.221115],[120.365633,-4.222029],[120.365606,-4.223453],[120.365948,-4.223516],[120.365903,-4.224026],[120.365112,-4.224116],[120.364591,-4.224671],[120.363298,-4.224546],[120.363037,-4.224277],[120.363289,-4.223265],[120.363064,-4.222799],[120.362597,-4.222727],[120.362202,-4.223086],[120.361959,-4.223077],[120.361537,-4.222566],[120.36133,-4.221652],[120.360989,-4.221626],[120.360486,-4.221876],[120.360261,-4.221787],[120.36036,-4.221007],[120.3601,-4.220389],[120.35948,-4.220004],[120.359067,-4.220318],[120.358033,-4.219735],[120.35868,-4.218517],[120.359731,-4.218759],[120.360279,-4.218768],[120.360603,-4.218588],[120.360899,-4.216044],[120.361178,-4.216143],[120.361609,-4.215229],[120.36292,-4.213616],[120.362839,-4.213106],[120.363217,-4.212093],[120.363657,-4.211708],[120.363846,-4.211834],[120.365391,-4.210821],[120.367322,-4.209235],[120.368014,-4.210176],[120.368104,-4.209898],[120.367619,-4.209307],[120.367511,-4.20868],[120.367196,-4.208205],[120.367313,-4.207273],[120.36743,-4.207211]]]}},{"type":"Feature","properties":{"FID":2,"REMARK":"Tambak"},"geometry":{"type":"Polygon","coordinates":[[[120.368427,-4.205956],[120.367825,-4.207094],[120.367439,-4.206942],[120.367394,-4.206593],[120.368041,-4.206154],[120.367969,-4.205983],[120.367735,-4.205956],[120.367744,-4.205508],[120.36805,-4.205508],[120.368481,-4.205822],[120.368427,-4.205956]]]}},{"type":"Feature","properties":{"FID":3,"REMARK":"Tambak"},"geometry":{"type":"Polygon","coordinates":[[[120.3669,-4.205231],[120.366666,-4.20575],[120.366514,-4.205732],[120.366271,-4.206091],[120.366271,-4.206324],[120.366514,-4.206467],[120.366532,-4.206673],[120.365777,-4.206619],[120.36566,-4.206198],[120.366226,-4.205491],[120.366127,-4.205016],[120.3669,-4.205231]]]}},{"type":"Feature","properties":{"FID":4,"REMARK":"Tambak"},"geometry":{"type":"Polygon","coordinates":[[[120.372227,-4.203161],[120.373053,-4.203296],[120.374473,-4.203887],[120.374374,-4.204335],[120.372712,-4.206691],[120.371894,-4.206852],[120.371643,-4.207282],[120.371436,-4.208402],[120.370745,-4.208716],[120.370574,-4.209074],[120.370412,-4.209119],[120.368939,-4.207659],[120.367888,-4.207166],[120.368517,-4.205947],[120.3692,-4.205983],[120.370978,-4.203143],[120.371787,-4.203009],[120.372227,-4.203161]]]}},{"type":"Feature","properties":{"FID":5,"REMARK":"Tambak"},"geometry":{"type":"Polygon","coordinates":[[[120.370951,-4.203072],[120.369891,-4.204622],[120.36964,-4.204505],[120.369065,-4.204639],[120.368939,-4.205096],[120.369182,-4.205482],[120.369056,-4.205768],[120.368382,-4.205634],[120.368193,-4.205455],[120.368077,-4.204971],[120.367547,-4.204926],[120.367044,-4.205141],[120.366648,-4.205052],[120.365463,-4.204353],[120.365975,-4.203251],[120.366388,-4.203],[120.367358,-4.203412],[120.368149,-4.203538],[120.369424,-4.203376],[120.37043,-4.202794],[120.370951,-4.203072]]]}},{"type":"Feature","properties":{"FID":6,"REMARK":"Tambak"},"geometry":{"type":"Polygon","coordinates":[[[120.361663,-4.193763],[120.361106,-4.193692],[120.360917,-4.192831],[120.361609,-4.192805],[120.361663,-4.193763]]]}},{"type":"Feature","properties":{"FID":7,"REMARK":"Tambak"},"geometry":{"type":"Polygon","coordinates":[[[120.372613,-4.192706],[120.372595,-4.193485],[120.373251,-4.194131],[120.373359,-4.194534],[120.372407,-4.195555],[120.372119,-4.195591],[120.371769,-4.196532],[120.371311,-4.1968],[120.37114,-4.197445],[120.370484,-4.197642],[120.370278,-4.198386],[120.368948,-4.198252],[120.366945,-4.199766],[120.366316,-4.198673],[120.366109,-4.198744],[120.365768,-4.198099],[120.365427,-4.197866],[120.365409,-4.197526],[120.366397,-4.197203],[120.366226,-4.196729],[120.365714,-4.196173],[120.364591,-4.194184],[120.366011,-4.193512],[120.367044,-4.193244],[120.369065,-4.194032],[120.36955,-4.193718],[120.370313,-4.192706],[120.370664,-4.192643],[120.371266,-4.192787],[120.372442,-4.192061],[120.372613,-4.192706]]]}},{"type":"Feature","properties":{"FID":8,"REMARK":"Tambak"},"geometry":{"type":"Polygon","coordinates":[[[120.375802,-4.195949],[120.375533,-4.197374],[120.375281,-4.200805],[120.375119,-4.200868],[120.37511,-4.201065],[120.375272,-4.201056],[120.375236,-4.201334],[120.374841,-4.202919],[120.374455,-4.203627],[120.373017,-4.203125],[120.371787,-4.20291],[120.371086,-4.203081],[120.370493,-4.202722],[120.369523,-4.203278],[120.368229,-4.203475],[120.367385,-4.203358],[120.366567,-4.202982],[120.366747,-4.202409],[120.367663,-4.202946],[120.367861,-4.202884],[120.367915,-4.202525],[120.367924,-4.202032],[120.367232,-4.200877],[120.367349,-4.200644],[120.367026,-4.199855],[120.368984,-4.198323],[120.370367,-4.19844],[120.370763,-4.19766],[120.370978,-4.197616],[120.371329,-4.197822],[120.371535,-4.197714],[120.372128,-4.196119],[120.372568,-4.196066],[120.372559,-4.195743],[120.372766,-4.195376],[120.373538,-4.194596],[120.373377,-4.193969],[120.37282,-4.193387],[120.372757,-4.192016],[120.373314,-4.191721],[120.373727,-4.19069],[120.373934,-4.190619],[120.374787,-4.189445],[120.375658,-4.18897],[120.375811,-4.189006],[120.376036,-4.189534],[120.37635,-4.189732],[120.376278,-4.190681],[120.376386,-4.190887],[120.376278,-4.193951],[120.375802,-4.195949]]]}},{"type":"Feature","properties":{"FID":9,"REMARK":"Tambak"},"geometry":{"type":"Polygon","coordinates":[[[120.323179,-4.181597],[120.323278,-4.181641],[120.322954,-4.182376],[120.322173,-4.181892],[120.322343,-4.181588],[120.322433,-4.181632],[120.322954,-4.180208],[120.323152,-4.179984],[120.323314,-4.180038],[120.323439,-4.180871],[120.323179,-4.181597]]]}},{"type":"Feature","properties":{"FID":10,"REMARK":"Tambak"},"geometry":{"type":"Polygon","coordinates":[[[120.320152,-4.174411],[120.320134,-4.174841],[120.319657,-4.175101],[120.319523,-4.175495],[120.319909,-4.175943],[120.31999,-4.176364],[120.322128,-4.17666],[120.323233,-4.176302],[120.32432,-4.176194],[120.323987,-4.176857],[120.323179,-4.176992],[120.32299,-4.178165],[120.323269,-4.178309],[120.323125,-4.179133],[120.322793,-4.179491],[120.322164,-4.181283],[120.321751,-4.181803],[120.321472,-4.181919],[120.320646,-4.181498],[120.320897,-4.180987],[120.320484,-4.18062],[120.320583,-4.180163],[120.320394,-4.180629],[120.320816,-4.181005],[120.320538,-4.181525],[120.321409,-4.181991],[120.321274,-4.182295],[120.319927,-4.181749],[120.320062,-4.181292],[120.319891,-4.181167],[120.320008,-4.180853],[120.319882,-4.180781],[120.320187,-4.180262],[120.320223,-4.179554],[120.320664,-4.179617],[120.320825,-4.17864],[120.318912,-4.177941],[120.318328,-4.177905],[120.317915,-4.178103],[120.317385,-4.177905],[120.317591,-4.177404],[120.318615,-4.17683],[120.318813,-4.176436],[120.318418,-4.175854],[120.317448,-4.175845],[120.317573,-4.175271],[120.318085,-4.175227],[120.318265,-4.174958],[120.319639,-4.174779],[120.319837,-4.174546],[120.319415,-4.174582],[120.319397,-4.174402],[120.319828,-4.174277],[120.319999,-4.174035],[120.320169,-4.174116],[120.320152,-4.174411]]]}},{"type":"Feature","properties":{"FID":11,"REMARK":"Tambak"},"geometry":{"type":"Polygon","coordinates":[[[120.335207,-4.169896],[120.334983,-4.170568],[120.335091,-4.170792],[120.335279,-4.170792],[120.335612,-4.171455],[120.335261,-4.17261],[120.335513,-4.173318],[120.334641,-4.173318],[120.33465,-4.172861],[120.334381,-4.172494],[120.334165,-4.172458],[120.333348,-4.172834],[120.333177,-4.173596],[120.332737,-4.173677],[120.332548,-4.17313],[120.332108,-4.173005],[120.331919,-4.173041],[120.331812,-4.173309],[120.331228,-4.173515],[120.331093,-4.173408],[120.331102,-4.171894],[120.330464,-4.17175],[120.330671,-4.170191],[120.331021,-4.169761],[120.331183,-4.169708],[120.332458,-4.170371],[120.332908,-4.170326],[120.333492,-4.169421],[120.333887,-4.1696],[120.333923,-4.169896],[120.334183,-4.16995],[120.334516,-4.169887],[120.334983,-4.169403],[120.335297,-4.169752],[120.335207,-4.169896]]]}},{"type":"Feature","properties":{"FID":12,"REMARK":"Tambak"},"geometry":{"type":"Polygon","coordinates":[[[120.363289,-4.169036],[120.363468,-4.169296],[120.36425,-4.168758],[120.365328,-4.169054],[120.364951,-4.16986],[120.364798,-4.169878],[120.364897,-4.17089],[120.364744,-4.171508],[120.364205,-4.171965],[120.363028,-4.172145],[120.362759,-4.172467],[120.360612,-4.172879],[120.360378,-4.17227],[120.360234,-4.172234],[120.360055,-4.1715],[120.360441,-4.171419],[120.360342,-4.170944],[120.359992,-4.170944],[120.359911,-4.169439],[120.363199,-4.168731],[120.363289,-4.169036]]]}},{"type":"Feature","properties":{"FID":13,"REMARK":"Tambak"},"geometry":{"type":"Polygon","coordinates":[[[120.325838,-4.16814],[120.325829,-4.168319],[120.326691,-4.168382],[120.326763,-4.16822],[120.327104,-4.168319],[120.327877,-4.169143],[120.327877,-4.169349],[120.330581,-4.170191],[120.330365,-4.17175],[120.330428,-4.171912],[120.330895,-4.171956],[120.331039,-4.174465],[120.331255,-4.174438],[120.331731,-4.175146],[120.3313,-4.175675],[120.33085,-4.175531],[120.330653,-4.175128],[120.330285,-4.175164],[120.330195,-4.174806],[120.329871,-4.174725],[120.329826,-4.175047],[120.329602,-4.175083],[120.329485,-4.175352],[120.328479,-4.175549],[120.328488,-4.17571],[120.326862,-4.176015],[120.326745,-4.176571],[120.327194,-4.176678],[120.327024,-4.177323],[120.327096,-4.1783],[120.32538,-4.177852],[120.325425,-4.177502],[120.324293,-4.177242],[120.324787,-4.17546],[120.324122,-4.174949],[120.323942,-4.174429],[120.323987,-4.174214],[120.324463,-4.173838],[120.324472,-4.173229],[120.323197,-4.172163],[120.323637,-4.171473],[120.323969,-4.169851],[120.323583,-4.169098],[120.324975,-4.168668],[120.325065,-4.168247],[120.325838,-4.16814]]]}},{"type":"Feature","properties":{"FID":14,"REMARK":"Tambak"},"geometry":{"type":"Polygon","coordinates":[[[120.340103,-4.168668],[120.34057,-4.168749],[120.340705,-4.169018],[120.340256,-4.169932],[120.339106,-4.169779],[120.338504,-4.170263],[120.338387,-4.170586],[120.33916,-4.171043],[120.34066,-4.171311],[120.341064,-4.171589],[120.341406,-4.17218],[120.341154,-4.172315],[120.340768,-4.172942],[120.340031,-4.172942],[120.338774,-4.172619],[120.338603,-4.172422],[120.338208,-4.172324],[120.337345,-4.173193],[120.336869,-4.173085],[120.336483,-4.171912],[120.335468,-4.170568],[120.33598,-4.170227],[120.33607,-4.169967],[120.335863,-4.169421],[120.335549,-4.169573],[120.335306,-4.169304],[120.3358,-4.168659],[120.335908,-4.168149],[120.337516,-4.169188],[120.338315,-4.168229],[120.339232,-4.167647],[120.339789,-4.167961],[120.339807,-4.168391],[120.340103,-4.168668]]]}},{"type":"Feature","properties":{"FID":15,"REMARK":"Tambak"},"geometry":{"type":"Polygon","coordinates":[[[120.315983,-4.168704],[120.315858,-4.168982],[120.315067,-4.168803],[120.315597,-4.167441],[120.316316,-4.167665],[120.315983,-4.168704]]]}},{"type":"Feature","properties":{"FID":16,"REMARK":"Tambak"},"geometry":{"type":"Polygon","coordinates":[[[120.319747,-4.167181],[120.320762,-4.166957],[120.320996,-4.167217],[120.32096,-4.167746],[120.320762,-4.167898],[120.319684,-4.167952],[120.319199,-4.169457],[120.317367,-4.169143],[120.317133,-4.168919],[120.317322,-4.168158],[120.316971,-4.167656],[120.317304,-4.167181],[120.317448,-4.166276],[120.319747,-4.167181]]]}},{"type":"Feature","properties":{"FID":17,"REMARK":"Tambak"},"geometry":{"type":"Polygon","coordinates":[[[120.380366,-4.175755],[120.380482,-4.175773],[120.380518,-4.175379],[120.381021,-4.175424],[120.380985,-4.176606],[120.380806,-4.17692],[120.380896,-4.177404],[120.379692,-4.18226],[120.378973,-4.183003],[120.378066,-4.183156],[120.377922,-4.18372],[120.377527,-4.183693],[120.377338,-4.183962],[120.377895,-4.184258],[120.377186,-4.186632],[120.376233,-4.187438],[120.376197,-4.187922],[120.375479,-4.188576],[120.375928,-4.188558],[120.374886,-4.189113],[120.373422,-4.190448],[120.373152,-4.191452],[120.371841,-4.192061],[120.371454,-4.19241],[120.370385,-4.192455],[120.369002,-4.193844],[120.367026,-4.193082],[120.36593,-4.193306],[120.364933,-4.193826],[120.364492,-4.193889],[120.362705,-4.192375],[120.3616,-4.192625],[120.36116,-4.191658],[120.361645,-4.191111],[120.361708,-4.190825],[120.362139,-4.190726],[120.362318,-4.190233],[120.3631,-4.189373],[120.363253,-4.188854],[120.362372,-4.18845],[120.362184,-4.188173],[120.361923,-4.186623],[120.362049,-4.185619],[120.362202,-4.185234],[120.363477,-4.185368],[120.363819,-4.184016],[120.363217,-4.183953],[120.363163,-4.184329],[120.362633,-4.184293],[120.362624,-4.183872],[120.362004,-4.183424],[120.362705,-4.181525],[120.36328,-4.181167],[120.364519,-4.180898],[120.364636,-4.180145],[120.365058,-4.179993],[120.365067,-4.179429],[120.365885,-4.178613],[120.366091,-4.177825],[120.367106,-4.177959],[120.36725,-4.179366],[120.367834,-4.179115],[120.367349,-4.177726],[120.369469,-4.17546],[120.371787,-4.1758],[120.373116,-4.174492],[120.37299,-4.173076],[120.375281,-4.172861],[120.375137,-4.173551],[120.375191,-4.17563],[120.374356,-4.177323],[120.373916,-4.177852],[120.373718,-4.178524],[120.373691,-4.179473],[120.374032,-4.180701],[120.373493,-4.181785],[120.373485,-4.182815],[120.373691,-4.182869],[120.373431,-4.184401],[120.372748,-4.185315],[120.372344,-4.185046],[120.371679,-4.185243],[120.370817,-4.184562],[120.370161,-4.184768],[120.369945,-4.184965],[120.370322,-4.185422],[120.370394,-4.186497],[120.369819,-4.187501],[120.369047,-4.18673],[120.36805,-4.186327],[120.367619,-4.186668],[120.367035,-4.187958],[120.367277,-4.188253],[120.367852,-4.187098],[120.368301,-4.186802],[120.369083,-4.187295],[120.369307,-4.187805],[120.370089,-4.18768],[120.370412,-4.187331],[120.370754,-4.18647],[120.370673,-4.185521],[120.371122,-4.185171],[120.371787,-4.185601],[120.372173,-4.185243],[120.372856,-4.185619],[120.373296,-4.185351],[120.37388,-4.184105],[120.374006,-4.183415],[120.373718,-4.181865],[120.374419,-4.180737],[120.374068,-4.179366],[120.374023,-4.178416],[120.37432,-4.17787],[120.374706,-4.177807],[120.375587,-4.175854],[120.375416,-4.1758],[120.375479,-4.173578],[120.376036,-4.172171],[120.375739,-4.17089],[120.375901,-4.169672],[120.376305,-4.169098],[120.376467,-4.168391],[120.376305,-4.168319],[120.376709,-4.16599],[120.377473,-4.166276],[120.378407,-4.16728],[120.378308,-4.167369],[120.378856,-4.168928],[120.379512,-4.170236],[120.379512,-4.170487],[120.379198,-4.170532],[120.379207,-4.171096],[120.380078,-4.17124],[120.380473,-4.172037],[120.380536,-4.172673],[120.380276,-4.173103],[120.379898,-4.174671],[120.380177,-4.174976],[120.379889,-4.175531],[120.380366,-4.175755]]]}},{"type":"Feature","properties":{"FID":18,"REMARK":"Tambak"},"geometry":{"type":"Polygon","coordinates":[[[120.316486,-4.166061],[120.31734,-4.166303],[120.317223,-4.167163],[120.316882,-4.167504],[120.315651,-4.167163],[120.315004,-4.16736],[120.314106,-4.166876],[120.314133,-4.1665],[120.314393,-4.1665],[120.314519,-4.166222],[120.314959,-4.166106],[120.315157,-4.165721],[120.316486,-4.166061]]]}},{"type":"Feature","properties":{"FID":19,"REMARK":"Tambak"},"geometry":{"type":"Polygon","coordinates":[[[120.313603,-4.165595],[120.314232,-4.165613],[120.314241,-4.165748],[120.314016,-4.165891],[120.313387,-4.165891],[120.313387,-4.16555],[120.313603,-4.165595]]]}},{"type":"Feature","properties":{"FID":20,"REMARK":"Tambak"},"geometry":{"type":"Polygon","coordinates":[[[120.373556,-4.165022],[120.374571,-4.165631],[120.374724,-4.166688],[120.375919,-4.1671],[120.375964,-4.167665],[120.375685,-4.168579],[120.375452,-4.168955],[120.374796,-4.169367],[120.374643,-4.169887],[120.374877,-4.171383],[120.375101,-4.171374],[120.375434,-4.172369],[120.372532,-4.172575],[120.372389,-4.174626],[120.37167,-4.175388],[120.370403,-4.175379],[120.369397,-4.175146],[120.368831,-4.175782],[120.368014,-4.176436],[120.367897,-4.176391],[120.366963,-4.177395],[120.36655,-4.177556],[120.365948,-4.177475],[120.365516,-4.177601],[120.365472,-4.178165],[120.365633,-4.178147],[120.365786,-4.178371],[120.364906,-4.17881],[120.364726,-4.179455],[120.364376,-4.180002],[120.364403,-4.180611],[120.36248,-4.181095],[120.361806,-4.183899],[120.361133,-4.18432],[120.359668,-4.183344],[120.359552,-4.183048],[120.360091,-4.182708],[120.360854,-4.183299],[120.361267,-4.18338],[120.361501,-4.183245],[120.361636,-4.182717],[120.361555,-4.182278],[120.361968,-4.181444],[120.362094,-4.180324],[120.361797,-4.180235],[120.36204,-4.179393],[120.3616,-4.179213],[120.361681,-4.17881],[120.361124,-4.177018],[120.361088,-4.17554],[120.360486,-4.175549],[120.360333,-4.175361],[120.360207,-4.174134],[120.360567,-4.173497],[120.360468,-4.172951],[120.362489,-4.172628],[120.363073,-4.172288],[120.364142,-4.1721],[120.364636,-4.171795],[120.364951,-4.171159],[120.365013,-4.170048],[120.365534,-4.169063],[120.366208,-4.169161],[120.366729,-4.169027],[120.367053,-4.168498],[120.367924,-4.168355],[120.368301,-4.167531],[120.368023,-4.167423],[120.367771,-4.166402],[120.367897,-4.16624],[120.368157,-4.166222],[120.369244,-4.166706],[120.369505,-4.166679],[120.371706,-4.164986],[120.372011,-4.165067],[120.372092,-4.164655],[120.372622,-4.164323],[120.372963,-4.164386],[120.373556,-4.165022]]]}},{"type":"Feature","properties":{"FID":21,"REMARK":"Tambak"},"geometry":{"type":"Polygon","coordinates":[[[120.338459,-4.162504],[120.340525,-4.162746],[120.340768,-4.163633],[120.340965,-4.163185],[120.343005,-4.164045],[120.343148,-4.16435],[120.345816,-4.165237],[120.345691,-4.165855],[120.34623,-4.166545],[120.347083,-4.166859],[120.346993,-4.167065],[120.346095,-4.166957],[120.346014,-4.167593],[120.345798,-4.16779],[120.345376,-4.167575],[120.344424,-4.16831],[120.344181,-4.168014],[120.344199,-4.167656],[120.344424,-4.167315],[120.344289,-4.166885],[120.343032,-4.166213],[120.342043,-4.166697],[120.341693,-4.166527],[120.341576,-4.166151],[120.341235,-4.16642],[120.340651,-4.166169],[120.340642,-4.165353],[120.340328,-4.164726],[120.340292,-4.163983],[120.340103,-4.163508],[120.339825,-4.163391],[120.339591,-4.163606],[120.338935,-4.164995],[120.33863,-4.165201],[120.338711,-4.165425],[120.33889,-4.165416],[120.339142,-4.166151],[120.339223,-4.167575],[120.338297,-4.168158],[120.337489,-4.169098],[120.335935,-4.167961],[120.336815,-4.166984],[120.337237,-4.166903],[120.337606,-4.166205],[120.336959,-4.165721],[120.33704,-4.164834],[120.336411,-4.163561],[120.337417,-4.162334],[120.338459,-4.162504]]]}},{"type":"Feature","properties":{"FID":22,"REMARK":"Tambak"},"geometry":{"type":"Polygon","coordinates":[[[120.327958,-4.164475],[120.328578,-4.16435],[120.328757,-4.165174],[120.328703,-4.165748],[120.327661,-4.165604],[120.326943,-4.166133],[120.326889,-4.166859],[120.327158,-4.16728],[120.327248,-4.16779],[120.325919,-4.167665],[120.32591,-4.167772],[120.32467,-4.167889],[120.324347,-4.167692],[120.324212,-4.168453],[120.323341,-4.168606],[120.323107,-4.168991],[120.323107,-4.170648],[120.322954,-4.171392],[120.322604,-4.171947],[120.322649,-4.172485],[120.322891,-4.172745],[120.322793,-4.173175],[120.322945,-4.173202],[120.323116,-4.172754],[120.323781,-4.173166],[120.323502,-4.174232],[120.323511,-4.174949],[120.324401,-4.175558],[120.324347,-4.176123],[120.323044,-4.176248],[120.322101,-4.176562],[120.320044,-4.176257],[120.319855,-4.175728],[120.320565,-4.175253],[120.320223,-4.17485],[120.320259,-4.174026],[120.320646,-4.173291],[120.320412,-4.17322],[120.32052,-4.172395],[120.321059,-4.172252],[120.321023,-4.171706],[120.320457,-4.171437],[120.320403,-4.171616],[120.317412,-4.171446],[120.315858,-4.171061],[120.315678,-4.170541],[120.317744,-4.169959],[120.317888,-4.169296],[120.319271,-4.169555],[120.319738,-4.168077],[120.321014,-4.167934],[120.321247,-4.167298],[120.321256,-4.166984],[120.321023,-4.166912],[120.321158,-4.16624],[120.321912,-4.165604],[120.32237,-4.164601],[120.32441,-4.162585],[120.325928,-4.161904],[120.327554,-4.161976],[120.327545,-4.162683],[120.327275,-4.163785],[120.327958,-4.164475]]]}},{"type":"Feature","properties":{"FID":23,"REMARK":"Tambak"},"geometry":{"type":"Polygon","coordinates":[[[120.363873,-4.164027],[120.360962,-4.163481],[120.35859,-4.16332],[120.358393,-4.161868],[120.35842,-4.160775],[120.359201,-4.160515],[120.360522,-4.160847],[120.362669,-4.162012],[120.364358,-4.162603],[120.363873,-4.164027]]]}},{"type":"Feature","properties":{"FID":24,"REMARK":"Tambak"},"geometry":{"type":"Polygon","coordinates":[[[120.347361,-4.161026],[120.346571,-4.16047],[120.347065,-4.160103],[120.347685,-4.16039],[120.347361,-4.161026]]]}},{"type":"Feature","properties":{"FID":25,"REMARK":"Tambak"},"geometry":{"type":"Polygon","coordinates":[[[120.342322,-4.160623],[120.342529,-4.161196],[120.343777,-4.161832],[120.345161,-4.161599],[120.344963,-4.162325],[120.345655,-4.162325],[120.345529,-4.162594],[120.345628,-4.162836],[120.346113,-4.163131],[120.346975,-4.162845],[120.346984,-4.163006],[120.347317,-4.163078],[120.347442,-4.163624],[120.346706,-4.163974],[120.346517,-4.164565],[120.345933,-4.164664],[120.345861,-4.164995],[120.345008,-4.164843],[120.343346,-4.164207],[120.343059,-4.163481],[120.341451,-4.162486],[120.340031,-4.162406],[120.340076,-4.161814],[120.339483,-4.161026],[120.339762,-4.160703],[120.340714,-4.160318],[120.341064,-4.160694],[120.341415,-4.160417],[120.341046,-4.159996],[120.341433,-4.159566],[120.342322,-4.160623]]]}},{"type":"Feature","properties":{"FID":26,"REMARK":"Tambak"},"geometry":{"type":"Polygon","coordinates":[[[120.317888,-4.160381],[120.317412,-4.160694],[120.317196,-4.160309],[120.317942,-4.159297],[120.318058,-4.15944],[120.317888,-4.160381]]]}},{"type":"Feature","properties":{"FID":27,"REMARK":"Tambak"},"geometry":{"type":"Polygon","coordinates":[[[120.362211,-4.158679],[120.362283,-4.159055],[120.365175,-4.159781],[120.365058,-4.161295],[120.365256,-4.161438],[120.364762,-4.162343],[120.362965,-4.161985],[120.360764,-4.160829],[120.359237,-4.160399],[120.358096,-4.160659],[120.358132,-4.159073],[120.359641,-4.159136],[120.359659,-4.158732],[120.362211,-4.158679]]]}},{"type":"Feature","properties":{"FID":28,"REMARK":"Tambak"},"geometry":{"type":"Polygon","coordinates":[[[120.343472,-4.160605],[120.343867,-4.160748],[120.345394,-4.160659],[120.34517,-4.161519],[120.343768,-4.161725],[120.342627,-4.161142],[120.342313,-4.160462],[120.341433,-4.159368],[120.341424,-4.157254],[120.341747,-4.15729],[120.341729,-4.157935],[120.342088,-4.157998],[120.342457,-4.158428],[120.343454,-4.159037],[120.343077,-4.159969],[120.343472,-4.160605]]]}},{"type":"Feature","properties":{"FID":29,"REMARK":"Tambak"},"geometry":{"type":"Polygon","coordinates":[[[120.37458,-4.15815],[120.375164,-4.158992],[120.375353,-4.159951],[120.374859,-4.162549],[120.375039,-4.162791],[120.375092,-4.164484],[120.374733,-4.165129],[120.374482,-4.165138],[120.37397,-4.164825],[120.372963,-4.163929],[120.372928,-4.16357],[120.372811,-4.163535],[120.371948,-4.163875],[120.372074,-4.164242],[120.36946,-4.16642],[120.369244,-4.166464],[120.368166,-4.165927],[120.367771,-4.166043],[120.367601,-4.1665],[120.367798,-4.167692],[120.367681,-4.16814],[120.366837,-4.168077],[120.366352,-4.168301],[120.365822,-4.168077],[120.363756,-4.168086],[120.36363,-4.168489],[120.36001,-4.169304],[120.360019,-4.168615],[120.359686,-4.168453],[120.359722,-4.167862],[120.35948,-4.167817],[120.359381,-4.168256],[120.359273,-4.168229],[120.359093,-4.166644],[120.358914,-4.166142],[120.359138,-4.166079],[120.358734,-4.163427],[120.361043,-4.163588],[120.362202,-4.163893],[120.364313,-4.164162],[120.364582,-4.162952],[120.364843,-4.162701],[120.365409,-4.161483],[120.366918,-4.160354],[120.367457,-4.159682],[120.368149,-4.159279],[120.368831,-4.158177],[120.369613,-4.158078],[120.370017,-4.157559],[120.370403,-4.157729],[120.370897,-4.158222],[120.371508,-4.157756],[120.371302,-4.156251],[120.3722,-4.154486],[120.37264,-4.154073],[120.373233,-4.154226],[120.374077,-4.155319],[120.37467,-4.157827],[120.37458,-4.15815]]]}},{"type":"Feature","properties":{"FID":30,"REMARK":"Tambak"},"geometry":{"type":"Polygon","coordinates":[[[120.344891,-4.154656],[120.345008,-4.155068],[120.344208,-4.154727],[120.343939,-4.154817],[120.343849,-4.15505],[120.343993,-4.156089],[120.34464,-4.157138],[120.344738,-4.158222],[120.344397,-4.158347],[120.344011,-4.158159],[120.343759,-4.15772],[120.342394,-4.157075],[120.342556,-4.156439],[120.34163,-4.156403],[120.341621,-4.156044],[120.341118,-4.15514],[120.34057,-4.154557],[120.339843,-4.153384],[120.340669,-4.15316],[120.342142,-4.153097],[120.344927,-4.153312],[120.344756,-4.153984],[120.344891,-4.154656]]]}},{"type":"Feature","properties":{"FID":31,"REMARK":"Tambak"},"geometry":{"type":"Polygon","coordinates":[[[120.308635,-4.151592],[120.3085,-4.151574],[120.308249,-4.150848],[120.308932,-4.150131],[120.309228,-4.150579],[120.308635,-4.151592]]]}},{"type":"Feature","properties":{"FID":32,"REMARK":"Tambak"},"geometry":{"type":"Polygon","coordinates":[[[120.304215,-4.150597],[120.303883,-4.150588],[120.303569,-4.150024],[120.304674,-4.1498],[120.30462,-4.150158],[120.304215,-4.150597]]]}},{"type":"Feature","properties":{"FID":33,"REMARK":"Tambak"},"geometry":{"type":"Polygon","coordinates":[[[120.305437,-4.148079],[120.305455,-4.148411],[120.30585,-4.149011],[120.30515,-4.149244],[120.304727,-4.148841],[120.304826,-4.14833],[120.304674,-4.148151],[120.305177,-4.147909],[120.305437,-4.148079]]]}},{"type":"Feature","properties":{"FID":34,"REMARK":"Tambak"},"geometry":{"type":"Polygon","coordinates":[[[120.322541,-4.147407],[120.322541,-4.147658],[120.322846,-4.147542],[120.322927,-4.147954],[120.323305,-4.148411],[120.323709,-4.148509],[120.324059,-4.14799],[120.324239,-4.146807],[120.324796,-4.146861],[120.325074,-4.147094],[120.325236,-4.146986],[120.325829,-4.148223],[120.325281,-4.148716],[120.325146,-4.148653],[120.324904,-4.149405],[120.32467,-4.149343],[120.324975,-4.150454],[120.324589,-4.15092],[120.324625,-4.151108],[120.325299,-4.151278],[120.325604,-4.151771],[120.326035,-4.151305],[120.32785,-4.151386],[120.327688,-4.151197],[120.328614,-4.151144],[120.328964,-4.151377],[120.328865,-4.152102],[120.328335,-4.152936],[120.328173,-4.15281],[120.327392,-4.153885],[120.327015,-4.15376],[120.327069,-4.154154],[120.326943,-4.154494],[120.326458,-4.154629],[120.326422,-4.154817],[120.326934,-4.154736],[120.326754,-4.156125],[120.325568,-4.157908],[120.325757,-4.15815],[120.326844,-4.156824],[120.327176,-4.156018],[120.327994,-4.156716],[120.328452,-4.156833],[120.328425,-4.157039],[120.329144,-4.157388],[120.328641,-4.158195],[120.328668,-4.159619],[120.327886,-4.160999],[120.327715,-4.160981],[120.327518,-4.161599],[120.325514,-4.16159],[120.323619,-4.162406],[120.323314,-4.163105],[120.322011,-4.164493],[120.321742,-4.165434],[120.321005,-4.166213],[120.320897,-4.166581],[120.319909,-4.167109],[120.317376,-4.166142],[120.315058,-4.165568],[120.31433,-4.165577],[120.31416,-4.164771],[120.312264,-4.162737],[120.312893,-4.161823],[120.313576,-4.162307],[120.31336,-4.16254],[120.313809,-4.162809],[120.31398,-4.162056],[120.314277,-4.161967],[120.314914,-4.162101],[120.315166,-4.163185],[120.315444,-4.163212],[120.315588,-4.163033],[120.316199,-4.163678],[120.316441,-4.164475],[120.316253,-4.16469],[120.316262,-4.164986],[120.317349,-4.165649],[120.317519,-4.165479],[120.31743,-4.164887],[120.31804,-4.164556],[120.318265,-4.163553],[120.318544,-4.163248],[120.318678,-4.163284],[120.318822,-4.162961],[120.319433,-4.1628],[120.319882,-4.163302],[120.319711,-4.165094],[120.31955,-4.1653],[120.319711,-4.166321],[120.319981,-4.166554],[120.320412,-4.166518],[120.320924,-4.163087],[120.321212,-4.162782],[120.322164,-4.163122],[120.322586,-4.163087],[120.322388,-4.162522],[120.322802,-4.161026],[120.322954,-4.158849],[120.322811,-4.158204],[120.322631,-4.158195],[120.3222,-4.157433],[120.321831,-4.156591],[120.321544,-4.155364],[120.320852,-4.154611],[120.320403,-4.154486],[120.320286,-4.154235],[120.317888,-4.154306],[120.316998,-4.154503],[120.316666,-4.155005],[120.318184,-4.155767],[120.318058,-4.156062],[120.316909,-4.156188],[120.315058,-4.155928],[120.314636,-4.156519],[120.313863,-4.156313],[120.313666,-4.156537],[120.313351,-4.156609],[120.312866,-4.156528],[120.312713,-4.15617],[120.312183,-4.155731],[120.310351,-4.155794],[120.310414,-4.154638],[120.310863,-4.15462],[120.310935,-4.154441],[120.311977,-4.154226],[120.3123,-4.153805],[120.31336,-4.153849],[120.314277,-4.153563],[120.314735,-4.152828],[120.314735,-4.152255],[120.315247,-4.152264],[120.315301,-4.151636],[120.315498,-4.151251],[120.317016,-4.15109],[120.317996,-4.150678],[120.318714,-4.149773],[120.317942,-4.149038],[120.317762,-4.149208],[120.317519,-4.150015],[120.316522,-4.149979],[120.316352,-4.149504],[120.315947,-4.149558],[120.315849,-4.149934],[120.31557,-4.149925],[120.315346,-4.149468],[120.315552,-4.149208],[120.315435,-4.148868],[120.315696,-4.148384],[120.315507,-4.147811],[120.314798,-4.1479],[120.314492,-4.148823],[120.314088,-4.148904],[120.314034,-4.14859],[120.314816,-4.147479],[120.315067,-4.147578],[120.315471,-4.147381],[120.316837,-4.147354],[120.316891,-4.147237],[120.318948,-4.147443],[120.319163,-4.148008],[120.318894,-4.148518],[120.319702,-4.149307],[120.319002,-4.15031],[120.319226,-4.150687],[120.319918,-4.149674],[120.320259,-4.148554],[120.320457,-4.148402],[120.320448,-4.148088],[120.321122,-4.14739],[120.321517,-4.147237],[120.321544,-4.146942],[120.322137,-4.1467],[120.322541,-4.147407]]]}},{"type":"Feature","properties":{"FID":35,"REMARK":"Tambak"},"geometry":{"type":"Polygon","coordinates":[[[120.306075,-4.145822],[120.307988,-4.146968],[120.30877,-4.147927],[120.30903,-4.148044],[120.309129,-4.148554],[120.308339,-4.148375],[120.30806,-4.14885],[120.307836,-4.148904],[120.308006,-4.149181],[120.307575,-4.149486],[120.307036,-4.149414],[120.307512,-4.149038],[120.307351,-4.148662],[120.307027,-4.148536],[120.30683,-4.148241],[120.306264,-4.148196],[120.30594,-4.147963],[120.30603,-4.147614],[120.306578,-4.147721],[120.30683,-4.146494],[120.306578,-4.146664],[120.306246,-4.146556],[120.306246,-4.146323],[120.305536,-4.146028],[120.305608,-4.145633],[120.305976,-4.145114],[120.306264,-4.145562],[120.306075,-4.145822]]]}},{"type":"Feature","properties":{"FID":36,"REMARK":"Tambak"},"geometry":{"type":"Polygon","coordinates":[[[120.308572,-4.143349],[120.309147,-4.143591],[120.308123,-4.145374],[120.307746,-4.145517],[120.307584,-4.146037],[120.306758,-4.145857],[120.306183,-4.144908],[120.305796,-4.144773],[120.306021,-4.144442],[120.306731,-4.144657],[120.306856,-4.144254],[120.307261,-4.143824],[120.307836,-4.143456],[120.308572,-4.143349]]]}},{"type":"Feature","properties":{"FID":37,"REMARK":"Tambak"},"geometry":{"type":"Polygon","coordinates":[[[120.337821,-4.141279],[120.338217,-4.141584],[120.339681,-4.142211],[120.339762,-4.143734],[120.340328,-4.145374],[120.340256,-4.146807],[120.339232,-4.148671],[120.339079,-4.150364],[120.338289,-4.151816],[120.338253,-4.152147],[120.338423,-4.152936],[120.339007,-4.153814],[120.339905,-4.154925],[120.340777,-4.155462],[120.341028,-4.155785],[120.341001,-4.159225],[120.340516,-4.159897],[120.339304,-4.16022],[120.338962,-4.160551],[120.339034,-4.161062],[120.339735,-4.16185],[120.339672,-4.162271],[120.339313,-4.162316],[120.338208,-4.16185],[120.337615,-4.161832],[120.337085,-4.162074],[120.335998,-4.163221],[120.335971,-4.163561],[120.33677,-4.164834],[120.336663,-4.16581],[120.337121,-4.166482],[120.335827,-4.167763],[120.335396,-4.168865],[120.334785,-4.169224],[120.334381,-4.169735],[120.334183,-4.169663],[120.333905,-4.169197],[120.333348,-4.169116],[120.332476,-4.170129],[120.332171,-4.170075],[120.331282,-4.169475],[120.330437,-4.169797],[120.329746,-4.169063],[120.329269,-4.169],[120.328668,-4.16926],[120.327491,-4.168597],[120.327329,-4.168328],[120.32767,-4.167835],[120.327266,-4.166778],[120.327554,-4.166151],[120.327985,-4.166079],[120.328551,-4.167109],[120.328829,-4.16702],[120.328982,-4.166599],[120.328928,-4.16409],[120.328605,-4.163866],[120.327877,-4.164001],[120.327778,-4.16349],[120.328218,-4.161053],[120.329036,-4.159377],[120.329009,-4.158562],[120.329692,-4.157639],[120.32953,-4.157102],[120.329216,-4.156752],[120.328164,-4.156403],[120.327787,-4.15608],[120.327365,-4.155328],[120.327302,-4.154763],[120.327554,-4.154244],[120.328865,-4.152819],[120.329323,-4.151842],[120.329341,-4.15143],[120.329144,-4.151045],[120.328757,-4.15083],[120.326754,-4.150929],[120.326071,-4.150696],[120.325505,-4.150033],[120.325425,-4.149289],[120.325757,-4.148805],[120.326386,-4.148501],[120.327545,-4.148285],[120.329269,-4.147139],[120.330779,-4.146977],[120.332144,-4.146583],[120.332557,-4.14584],[120.332342,-4.144702],[120.332378,-4.144182],[120.332557,-4.143877],[120.334498,-4.143035],[120.336088,-4.141467],[120.337471,-4.141127],[120.337821,-4.141279]]]}},{"type":"Feature","properties":{"FID":38,"REMARK":"Tambak"},"geometry":{"type":"Polygon","coordinates":[[[120.36646,-4.143788],[120.366316,-4.144128],[120.365939,-4.144012],[120.365732,-4.144773],[120.366046,-4.144881],[120.365831,-4.145472],[120.365472,-4.145857],[120.365777,-4.145956],[120.366612,-4.143904],[120.367259,-4.143913],[120.367672,-4.143716],[120.369945,-4.14368],[120.372514,-4.144254],[120.372937,-4.144424],[120.373332,-4.145033],[120.373529,-4.148599],[120.373404,-4.148895],[120.37299,-4.149101],[120.37317,-4.151511],[120.373556,-4.151636],[120.373619,-4.152685],[120.373179,-4.152819],[120.373017,-4.153446],[120.372119,-4.15376],[120.371841,-4.15307],[120.371966,-4.152631],[120.371877,-4.151923],[120.37149,-4.151905],[120.370682,-4.152344],[120.369882,-4.152514],[120.369954,-4.152855],[120.371311,-4.152756],[120.371382,-4.153106],[120.371823,-4.1535],[120.371948,-4.15402],[120.371832,-4.154297],[120.371607,-4.15436],[120.371391,-4.155211],[120.370987,-4.155973],[120.371032,-4.15746],[120.370053,-4.157254],[120.369424,-4.157845],[120.369137,-4.157845],[120.367852,-4.156743],[120.367816,-4.156107],[120.367313,-4.155256],[120.366792,-4.154916],[120.365283,-4.154745],[120.364888,-4.154494],[120.364789,-4.154127],[120.36451,-4.154091],[120.364025,-4.155381],[120.366109,-4.155319],[120.366199,-4.155104],[120.36681,-4.15522],[120.36761,-4.156134],[120.367619,-4.156439],[120.367277,-4.156806],[120.368131,-4.157236],[120.368472,-4.157639],[120.368292,-4.158033],[120.368193,-4.15892],[120.367196,-4.159539],[120.366873,-4.160067],[120.365579,-4.161017],[120.365229,-4.161053],[120.365157,-4.160596],[120.365382,-4.159754],[120.36239,-4.158983],[120.362229,-4.158553],[120.359623,-4.15867],[120.359561,-4.159019],[120.358123,-4.159001],[120.357971,-4.157783],[120.358213,-4.156394],[120.358195,-4.155498],[120.3578,-4.154091],[120.35798,-4.152013],[120.35745,-4.151251],[120.357081,-4.150122],[120.356425,-4.149432],[120.355716,-4.149432],[120.355518,-4.14971],[120.355231,-4.149656],[120.354494,-4.150642],[120.353506,-4.150499],[120.353416,-4.149862],[120.352787,-4.14937],[120.352787,-4.148698],[120.353156,-4.148044],[120.353084,-4.147631],[120.353874,-4.147291],[120.355321,-4.148017],[120.356381,-4.147703],[120.357099,-4.147094],[120.357315,-4.147157],[120.357854,-4.147766],[120.3578,-4.148402],[120.358168,-4.148518],[120.358698,-4.150606],[120.359695,-4.151923],[120.358752,-4.150561],[120.358258,-4.148796],[120.358303,-4.147282],[120.357989,-4.147094],[120.358303,-4.146117],[120.359615,-4.145132],[120.360064,-4.144101],[120.361788,-4.143492],[120.36301,-4.141655],[120.363882,-4.140983],[120.365274,-4.141763],[120.365822,-4.142265],[120.365498,-4.143385],[120.365984,-4.143716],[120.36646,-4.143788]]]}},{"type":"Feature","properties":{"FID":39,"REMARK":"Tambak"},"geometry":{"type":"Polygon","coordinates":[[[120.34296,-4.140965],[120.343966,-4.141261],[120.344361,-4.141888],[120.344235,-4.142032],[120.344586,-4.14291],[120.344828,-4.143143],[120.344586,-4.143591],[120.344667,-4.144057],[120.34508,-4.144083],[120.345924,-4.14446],[120.346005,-4.144245],[120.347478,-4.144567],[120.347613,-4.144343],[120.348053,-4.144469],[120.350272,-4.146162],[120.349922,-4.146968],[120.349122,-4.146646],[120.348457,-4.146825],[120.348395,-4.146655],[120.347191,-4.147067],[120.346239,-4.148608],[120.342816,-4.151493],[120.342888,-4.151798],[120.343939,-4.151842],[120.344469,-4.152049],[120.345646,-4.151278],[120.345843,-4.151296],[120.345879,-4.151914],[120.345601,-4.151995],[120.345565,-4.15221],[120.34737,-4.152622],[120.347227,-4.153231],[120.346805,-4.15324],[120.345933,-4.152936],[120.344837,-4.15316],[120.34278,-4.15298],[120.340669,-4.153025],[120.340705,-4.152855],[120.339286,-4.153213],[120.338747,-4.152497],[120.338792,-4.151851],[120.339349,-4.150938],[120.339816,-4.151],[120.339896,-4.150113],[120.339681,-4.149119],[120.340615,-4.148124],[120.340741,-4.14747],[120.341082,-4.145418],[120.341019,-4.14437],[120.340723,-4.144316],[120.340435,-4.142874],[120.340579,-4.142542],[120.342277,-4.140858],[120.34296,-4.140965]]]}},{"type":"Feature","properties":{"FID":40,"REMARK":"Tambak"},"geometry":{"type":"Polygon","coordinates":[[[120.31142,-4.136181],[120.311465,-4.13688],[120.312336,-4.136575],[120.312839,-4.136584],[120.314564,-4.13714],[120.314609,-4.138555],[120.314259,-4.139371],[120.313953,-4.139702],[120.313765,-4.139666],[120.313621,-4.139227],[120.313127,-4.139138],[120.311258,-4.139147],[120.310504,-4.139523],[120.310216,-4.139371],[120.310593,-4.138394],[120.310611,-4.138089],[120.31045,-4.137839],[120.308617,-4.137355],[120.307153,-4.137453],[120.307117,-4.137175],[120.307449,-4.137095],[120.308402,-4.136324],[120.310234,-4.136396],[120.31142,-4.136181]]]}},{"type":"Feature","properties":{"FID":41,"REMARK":"Tambak"},"geometry":{"type":"Polygon","coordinates":[[[120.351593,-4.132472],[120.351754,-4.132722],[120.351673,-4.133027],[120.352105,-4.133215],[120.352033,-4.133547],[120.352913,-4.133816],[120.353201,-4.133341],[120.353865,-4.13369],[120.354126,-4.133645],[120.354512,-4.133914],[120.355922,-4.135572],[120.355878,-4.135778],[120.356309,-4.136441],[120.356282,-4.136629],[120.356668,-4.136745],[120.356479,-4.13817],[120.357009,-4.138941],[120.357279,-4.138708],[120.357521,-4.137973],[120.358312,-4.137364],[120.358537,-4.137391],[120.360746,-4.139254],[120.361519,-4.140329],[120.361753,-4.141118],[120.362148,-4.141557],[120.362471,-4.141682],[120.362193,-4.142471],[120.361761,-4.143107],[120.36054,-4.143438],[120.359713,-4.143913],[120.359516,-4.144496],[120.357459,-4.146081],[120.357189,-4.146395],[120.357216,-4.146986],[120.356372,-4.147614],[120.355213,-4.147918],[120.354018,-4.147282],[120.353668,-4.147237],[120.352572,-4.147748],[120.352158,-4.149002],[120.351808,-4.149199],[120.350667,-4.149289],[120.350434,-4.150006],[120.349895,-4.150884],[120.34994,-4.151457],[120.349679,-4.152246],[120.350021,-4.153652],[120.35029,-4.15402],[120.350038,-4.154091],[120.349598,-4.153796],[120.349598,-4.152864],[120.349212,-4.152514],[120.349553,-4.151744],[120.349517,-4.151457],[120.349239,-4.151206],[120.349868,-4.148725],[120.350371,-4.148716],[120.350533,-4.148456],[120.350497,-4.148178],[120.350137,-4.147855],[120.350227,-4.14739],[120.350003,-4.146995],[120.350416,-4.146046],[120.348943,-4.144809],[120.347155,-4.144092],[120.34711,-4.143788],[120.346418,-4.143394],[120.34517,-4.143241],[120.344792,-4.142659],[120.344613,-4.141745],[120.344199,-4.141127],[120.343139,-4.140509],[120.343005,-4.140114],[120.343454,-4.138976],[120.343732,-4.137507],[120.343535,-4.135984],[120.343651,-4.135231],[120.343876,-4.135052],[120.34428,-4.13516],[120.345412,-4.134183],[120.345789,-4.13326],[120.346652,-4.133153],[120.347317,-4.13283],[120.347811,-4.13292],[120.348422,-4.132472],[120.349311,-4.132624],[120.350577,-4.13257],[120.350901,-4.132373],[120.351593,-4.132472]]]}},{"type":"Feature","properties":{"FID":42,"REMARK":"Tambak"},"geometry":{"type":"Polygon","coordinates":[[[120.31725,-4.131334],[120.316936,-4.131477],[120.317187,-4.133601],[120.316316,-4.134165],[120.316091,-4.13404],[120.315687,-4.134344],[120.315858,-4.134586],[120.315759,-4.1349],[120.315867,-4.135482],[120.31531,-4.135939],[120.315157,-4.135912],[120.314546,-4.136943],[120.31248,-4.136414],[120.311501,-4.136781],[120.311483,-4.1361],[120.311222,-4.135572],[120.311177,-4.134891],[120.311564,-4.134855],[120.311653,-4.135258],[120.311941,-4.135419],[120.312318,-4.135419],[120.312543,-4.135222],[120.312687,-4.133968],[120.312453,-4.133914],[120.312157,-4.132292],[120.312498,-4.13223],[120.312875,-4.131907],[120.312839,-4.131531],[120.31522,-4.130733],[120.317439,-4.130554],[120.31725,-4.131334]]]}},{"type":"Feature","properties":{"FID":43,"REMARK":"Tambak"},"geometry":{"type":"Polygon","coordinates":[[[120.342385,-4.127974],[120.342771,-4.128019],[120.342825,-4.127875],[120.343625,-4.12801],[120.344038,-4.128368],[120.343912,-4.128655],[120.344873,-4.129049],[120.345673,-4.130267],[120.346005,-4.130276],[120.346275,-4.130742],[120.345026,-4.131862],[120.344873,-4.131755],[120.343759,-4.133412],[120.341801,-4.132839],[120.341684,-4.133162],[120.341999,-4.133278],[120.341469,-4.134514],[120.342564,-4.134882],[120.341801,-4.135894],[120.341118,-4.135778],[120.34066,-4.135858],[120.340849,-4.137265],[120.34128,-4.137229],[120.341334,-4.137561],[120.342223,-4.137229],[120.342268,-4.137399],[120.342618,-4.137337],[120.342744,-4.138349],[120.342043,-4.139415],[120.340166,-4.141664],[120.339959,-4.141745],[120.338693,-4.141288],[120.337489,-4.140634],[120.336564,-4.140688],[120.336177,-4.139469],[120.335387,-4.138018],[120.334794,-4.133887],[120.335117,-4.133905],[120.335252,-4.133224],[120.335737,-4.132212],[120.335827,-4.131576],[120.335342,-4.131396],[120.335962,-4.130079],[120.336743,-4.130357],[120.338675,-4.130518],[120.340714,-4.130017],[120.340705,-4.128126],[120.340013,-4.126827],[120.340157,-4.126513],[120.340552,-4.126361],[120.340957,-4.12646],[120.341747,-4.127445],[120.341612,-4.127678],[120.342385,-4.127974]]]}},{"type":"Feature","properties":{"FID":44,"REMARK":"Tambak"},"geometry":{"type":"Polygon","coordinates":[[[120.31539,-4.126173],[120.316936,-4.126209],[120.317079,-4.126701],[120.316738,-4.126818],[120.316963,-4.128019],[120.318229,-4.128305],[120.318229,-4.128708],[120.317591,-4.130303],[120.315202,-4.130635],[120.312794,-4.131459],[120.311761,-4.130563],[120.3116,-4.129909],[120.310306,-4.130008],[120.309992,-4.129694],[120.310099,-4.129174],[120.310414,-4.128726],[120.310926,-4.128359],[120.31098,-4.127804],[120.310414,-4.126666],[120.31319,-4.127006],[120.313765,-4.126872],[120.313711,-4.126666],[120.314115,-4.12611],[120.314941,-4.125635],[120.315346,-4.125949],[120.31539,-4.126173]]]}},{"type":"Feature","properties":{"FID":45,"REMARK":"Tambak"},"geometry":{"type":"Polygon","coordinates":[[[120.309453,-4.122141],[120.309974,-4.122069],[120.31054,-4.121675],[120.310845,-4.121836],[120.311447,-4.121729],[120.311752,-4.12215],[120.311546,-4.123431],[120.311869,-4.123996],[120.310423,-4.123628],[120.30895,-4.123574],[120.30833,-4.123781],[120.308491,-4.122858],[120.308141,-4.122338],[120.308446,-4.121702],[120.308554,-4.121612],[120.308923,-4.122006],[120.309453,-4.122141]]]}},{"type":"Feature","properties":{"FID":46,"REMARK":"Tambak"},"geometry":{"type":"Polygon","coordinates":[[[120.335333,-4.117786],[120.335656,-4.118163],[120.335594,-4.11836],[120.334552,-4.118414],[120.334372,-4.117912],[120.33244,-4.118315],[120.331282,-4.121299],[120.33174,-4.1218],[120.331839,-4.122956],[120.332701,-4.123225],[120.332764,-4.123064],[120.333698,-4.122938],[120.334605,-4.123646],[120.334902,-4.124309],[120.334417,-4.124641],[120.332315,-4.124945],[120.331371,-4.12473],[120.331318,-4.124901],[120.332863,-4.125134],[120.335028,-4.124981],[120.335378,-4.126343],[120.335818,-4.1262],[120.336258,-4.126845],[120.336115,-4.127947],[120.335863,-4.128225],[120.335171,-4.129721],[120.334471,-4.130509],[120.334246,-4.130384],[120.334093,-4.130823],[120.332485,-4.130079],[120.331228,-4.129094],[120.330779,-4.129712],[120.330958,-4.129828],[120.331264,-4.129425],[120.331794,-4.129855],[120.331686,-4.13007],[120.334363,-4.131163],[120.334147,-4.132337],[120.333393,-4.132194],[120.33262,-4.132257],[120.331686,-4.134004],[120.330033,-4.133457],[120.329503,-4.133601],[120.328524,-4.134317],[120.32759,-4.134066],[120.326548,-4.13412],[120.326557,-4.134228],[120.327967,-4.134219],[120.328596,-4.134425],[120.329476,-4.133762],[120.330042,-4.133574],[120.331165,-4.134057],[120.331111,-4.13455],[120.330374,-4.135742],[120.33006,-4.135661],[120.329817,-4.137606],[120.329611,-4.137803],[120.324104,-4.138098],[120.324598,-4.138215],[120.325901,-4.138063],[120.329638,-4.138018],[120.329737,-4.137821],[120.329961,-4.137937],[120.330311,-4.137337],[120.330707,-4.13757],[120.330797,-4.138224],[120.331273,-4.138188],[120.331228,-4.137749],[120.330994,-4.137641],[120.33094,-4.137319],[120.331219,-4.136459],[120.330841,-4.135643],[120.331964,-4.134398],[120.332288,-4.133314],[120.332557,-4.132884],[120.333384,-4.132902],[120.33403,-4.133081],[120.334561,-4.137615],[120.33421,-4.137982],[120.333878,-4.138036],[120.33297,-4.139335],[120.33306,-4.139621],[120.333716,-4.139711],[120.333815,-4.139326],[120.333725,-4.138842],[120.334641,-4.137883],[120.335773,-4.140096],[120.33571,-4.140598],[120.335486,-4.140983],[120.334255,-4.142444],[120.333761,-4.142802],[120.332656,-4.143232],[120.332476,-4.143098],[120.331461,-4.143277],[120.331228,-4.143609],[120.330473,-4.144003],[120.330365,-4.144424],[120.330608,-4.144522],[120.33068,-4.145356],[120.330868,-4.145481],[120.330815,-4.145741],[120.330491,-4.145848],[120.330294,-4.146144],[120.330069,-4.146019],[120.329656,-4.146225],[120.329045,-4.146099],[120.328928,-4.14549],[120.328254,-4.14497],[120.327697,-4.145302],[120.327805,-4.14566],[120.327545,-4.146046],[120.328344,-4.146368],[120.328308,-4.146628],[120.327563,-4.147139],[120.327599,-4.147381],[120.326907,-4.147855],[120.326709,-4.147497],[120.325802,-4.146735],[120.32582,-4.146225],[120.325452,-4.146019],[120.32564,-4.145687],[120.32529,-4.145553],[120.324616,-4.145651],[120.324176,-4.145499],[120.32388,-4.146225],[120.323529,-4.146619],[120.323278,-4.14661],[120.322882,-4.146153],[120.322505,-4.146019],[120.321292,-4.146323],[120.320843,-4.145633],[120.320295,-4.145777],[120.320655,-4.146565],[120.320439,-4.146951],[120.319334,-4.146968],[120.318714,-4.146664],[120.318678,-4.14592],[120.319047,-4.145051],[120.317708,-4.145562],[120.317304,-4.145006],[120.317106,-4.144182],[120.317358,-4.141888],[120.316998,-4.144128],[120.317268,-4.145257],[120.317564,-4.145607],[120.317573,-4.146234],[120.317448,-4.146431],[120.316998,-4.146529],[120.316954,-4.146807],[120.31592,-4.14644],[120.315911,-4.146037],[120.315247,-4.146126],[120.315265,-4.146422],[120.314582,-4.147004],[120.314447,-4.146924],[120.314555,-4.146547],[120.314043,-4.146431],[120.313738,-4.147282],[120.313881,-4.147309],[120.313872,-4.14756],[120.313711,-4.147542],[120.313342,-4.148017],[120.310863,-4.148572],[120.310665,-4.147838],[120.310423,-4.147891],[120.310207,-4.147667],[120.309767,-4.146673],[120.309767,-4.146037],[120.309578,-4.145517],[120.309093,-4.145383],[120.308644,-4.145024],[120.308545,-4.145203],[120.308312,-4.145141],[120.309219,-4.143609],[120.309551,-4.143609],[120.310683,-4.14222],[120.310827,-4.142318],[120.312013,-4.141611],[120.312534,-4.140688],[120.313333,-4.140195],[120.313486,-4.140285],[120.314295,-4.139559],[120.31451,-4.139837],[120.314528,-4.140204],[120.313414,-4.142041],[120.312767,-4.14187],[120.312543,-4.143815],[120.312821,-4.141996],[120.31345,-4.142139],[120.314636,-4.140177],[120.314411,-4.139424],[120.314753,-4.138313],[120.314645,-4.137534],[120.314753,-4.137005],[120.316037,-4.135482],[120.316118,-4.135258],[120.315911,-4.134945],[120.315956,-4.134667],[120.317645,-4.133601],[120.317484,-4.132597],[120.317322,-4.132355],[120.317358,-4.131674],[120.318418,-4.128915],[120.319298,-4.129631],[120.321427,-4.130662],[120.322891,-4.130922],[120.3229,-4.130814],[120.321454,-4.130563],[120.318795,-4.129067],[120.31893,-4.128476],[120.320008,-4.128843],[120.32008,-4.128395],[120.319792,-4.12826],[120.319577,-4.128368],[120.317843,-4.127615],[120.317726,-4.127857],[120.317313,-4.127624],[120.317537,-4.125985],[120.317789,-4.125886],[120.317501,-4.123619],[120.317906,-4.122661],[120.318966,-4.122015],[120.31928,-4.122177],[120.319684,-4.122087],[120.319855,-4.121711],[120.320295,-4.122114],[120.321472,-4.121935],[120.321508,-4.12137],[120.322514,-4.120295],[120.322703,-4.119802],[120.323161,-4.119856],[120.323089,-4.120501],[120.323332,-4.120824],[120.322981,-4.12137],[120.322334,-4.121872],[120.322649,-4.122123],[120.3222,-4.122472],[120.322101,-4.12292],[120.321625,-4.122956],[120.321445,-4.123234],[120.321679,-4.12335],[120.321786,-4.123144],[120.322047,-4.123135],[120.322316,-4.123315],[120.322155,-4.127149],[120.322496,-4.124273],[120.32273,-4.124085],[120.322442,-4.123225],[120.323089,-4.12258],[120.323547,-4.121845],[120.324032,-4.123297],[120.324643,-4.123548],[120.324931,-4.123395],[120.325488,-4.123763],[120.326646,-4.126558],[120.325658,-4.123816],[120.325793,-4.123646],[120.324823,-4.122831],[120.324472,-4.123001],[120.324158,-4.122526],[120.323951,-4.12146],[120.324023,-4.120985],[120.324365,-4.120492],[120.324257,-4.119614],[120.325559,-4.119077],[120.325928,-4.119274],[120.325829,-4.119623],[120.326009,-4.119641],[120.326152,-4.119229],[120.326098,-4.118754],[120.326251,-4.118584],[120.327617,-4.117858],[120.328308,-4.117768],[120.328497,-4.117132],[120.330518,-4.116227],[120.331345,-4.115215],[120.33147,-4.114713],[120.331398,-4.113423],[120.331695,-4.113136],[120.332494,-4.114507],[120.335333,-4.117491],[120.335333,-4.117786]]]}},{"type":"Feature","properties":{"FID":47,"REMARK":"Tambak"},"geometry":{"type":"Polygon","coordinates":[[[120.339618,-4.110323],[120.340606,-4.111882],[120.341028,-4.112939],[120.340948,-4.113324],[120.340247,-4.113629],[120.340166,-4.114238],[120.340732,-4.114901],[120.341307,-4.114937],[120.341828,-4.114615],[120.342547,-4.115761],[120.343454,-4.118306],[120.344038,-4.12129],[120.34464,-4.121818],[120.345152,-4.123727],[120.345161,-4.124327],[120.344999,-4.12482],[120.344972,-4.125743],[120.344595,-4.126925],[120.344235,-4.127472],[120.342789,-4.127114],[120.342717,-4.127248],[120.341442,-4.126227],[120.340705,-4.125832],[120.340085,-4.126029],[120.339753,-4.126334],[120.339609,-4.126827],[120.339986,-4.12758],[120.340121,-4.1287],[120.339807,-4.129775],[120.338289,-4.129981],[120.338064,-4.129515],[120.338306,-4.129345],[120.33801,-4.128601],[120.337974,-4.127759],[120.337525,-4.125859],[120.336914,-4.125797],[120.336456,-4.125196],[120.3358,-4.123646],[120.33633,-4.123476],[120.336384,-4.123297],[120.335863,-4.122571],[120.335001,-4.122096],[120.33448,-4.121272],[120.334641,-4.121093],[120.334767,-4.120223],[120.336285,-4.119632],[120.336698,-4.119121],[120.336779,-4.117509],[120.335692,-4.115806],[120.333887,-4.113781],[120.333986,-4.112885],[120.333689,-4.112563],[120.333483,-4.11172],[120.333959,-4.110977],[120.334525,-4.110439],[120.334282,-4.110197],[120.334677,-4.109875],[120.337741,-4.110421],[120.338881,-4.109848],[120.339313,-4.110009],[120.339618,-4.110323]]]}},{"type":"Feature","properties":{"FID":48,"REMARK":"Tambak"},"geometry":{"type":"Polygon","coordinates":[[[120.331578,-4.111335],[120.330761,-4.112599],[120.330518,-4.113477],[120.330518,-4.114892],[120.330338,-4.115233],[120.329997,-4.115457],[120.326503,-4.116819],[120.32529,-4.116514],[120.324751,-4.116532],[120.324751,-4.115941],[120.324077,-4.115376],[120.324374,-4.114874],[120.323969,-4.115027],[120.323278,-4.11491],[120.322442,-4.11543],[120.321948,-4.116003],[120.321706,-4.116604],[120.321795,-4.116819],[120.322379,-4.116828],[120.322855,-4.116129],[120.323412,-4.115806],[120.323655,-4.115896],[120.324095,-4.115743],[120.324383,-4.11586],[120.32458,-4.116057],[120.32458,-4.11638],[120.323044,-4.118521],[120.321867,-4.118817],[120.3214,-4.119462],[120.321158,-4.119345],[120.320915,-4.119435],[120.320691,-4.120044],[120.320107,-4.120322],[120.320196,-4.12068],[120.319648,-4.121003],[120.319523,-4.120904],[120.31972,-4.120439],[120.319648,-4.119686],[120.31937,-4.11948],[120.319199,-4.118996],[120.318544,-4.118871],[120.318346,-4.118199],[120.318085,-4.118243],[120.318247,-4.118602],[120.318202,-4.119077],[120.3184,-4.119274],[120.318957,-4.11939],[120.319316,-4.120089],[120.319352,-4.120752],[120.319065,-4.121057],[120.318409,-4.120627],[120.317475,-4.12034],[120.316801,-4.120591],[120.315588,-4.120555],[120.312696,-4.118933],[120.315408,-4.120752],[120.317546,-4.120743],[120.318436,-4.121003],[120.318714,-4.121281],[120.317654,-4.122078],[120.316918,-4.123279],[120.317079,-4.124721],[120.31681,-4.125707],[120.315858,-4.125438],[120.315768,-4.125761],[120.315633,-4.125725],[120.315058,-4.125062],[120.312857,-4.125743],[120.31266,-4.12482],[120.311698,-4.123315],[120.311932,-4.122571],[120.311896,-4.122042],[120.310468,-4.120268],[120.310558,-4.119543],[120.310153,-4.118602],[120.310513,-4.118297],[120.310683,-4.117777],[120.311141,-4.11784],[120.311582,-4.117715],[120.312201,-4.11784],[120.313118,-4.117392],[120.313288,-4.11758],[120.313046,-4.118055],[120.313073,-4.118548],[120.313459,-4.119112],[120.314735,-4.119363],[120.315498,-4.119139],[120.315992,-4.118342],[120.316693,-4.115941],[120.316621,-4.114623],[120.316801,-4.114435],[120.31734,-4.114408],[120.317924,-4.114113],[120.318714,-4.114417],[120.318894,-4.114364],[120.319136,-4.112787],[120.318957,-4.112186],[120.319648,-4.111756],[120.319927,-4.111407],[120.320116,-4.11035],[120.320978,-4.110439],[120.321068,-4.111066],[120.321526,-4.11138],[120.321858,-4.111425],[120.322433,-4.111138],[120.324634,-4.110726],[120.326512,-4.10983],[120.327293,-4.109669],[120.32741,-4.109319],[120.329314,-4.108387],[120.329808,-4.107769],[120.330338,-4.107644],[120.330635,-4.108002],[120.330841,-4.108799],[120.331542,-4.109167],[120.332431,-4.109911],[120.331578,-4.111335]]]}},{"type":"Feature","properties":{"FID":49,"REMARK":"Tambak"},"geometry":{"type":"Polygon","coordinates":[[[120.313441,-4.108056],[120.313639,-4.108119],[120.313989,-4.107706],[120.314726,-4.107984],[120.315552,-4.108611],[120.316567,-4.108755],[120.316855,-4.10862],[120.317645,-4.108862],[120.318517,-4.109821],[120.319828,-4.110287],[120.319765,-4.111425],[120.319154,-4.111819],[120.318912,-4.111496],[120.318642,-4.11155],[120.317582,-4.113055],[120.316989,-4.11336],[120.316397,-4.113459],[120.314914,-4.113055],[120.31495,-4.112634],[120.31548,-4.111935],[120.315633,-4.111228],[120.315346,-4.110798],[120.314959,-4.110618],[120.314178,-4.110663],[120.312902,-4.111398],[120.311878,-4.111604],[120.310045,-4.110475],[120.309974,-4.109624],[120.309578,-4.109785],[120.308905,-4.109507],[120.309111,-4.108154],[120.309372,-4.107895],[120.310342,-4.107706],[120.310486,-4.107088],[120.310019,-4.106721],[120.309426,-4.10655],[120.309228,-4.10612],[120.308141,-4.105878],[120.308222,-4.105135],[120.313423,-4.107267],[120.313441,-4.108056]]]}},{"type":"Feature","properties":{"FID":50,"REMARK":"Tambak"},"geometry":{"type":"Polygon","coordinates":[[[120.311752,-4.103343],[120.312678,-4.101811],[120.313558,-4.09828],[120.314555,-4.098558],[120.313854,-4.101739],[120.313684,-4.102169],[120.312633,-4.103074],[120.3123,-4.103567],[120.311105,-4.103253],[120.311204,-4.102572],[120.312121,-4.099759],[120.312399,-4.098011],[120.312543,-4.097868],[120.313127,-4.097949],[120.313324,-4.098092],[120.312507,-4.101757],[120.311752,-4.103343]]]}},{"type":"Feature","properties":{"FID":51,"REMARK":"Tambak"},"geometry":{"type":"Polygon","coordinates":[[[120.331282,-4.098182],[120.331075,-4.09906],[120.331345,-4.099857],[120.331345,-4.100368],[120.330608,-4.10164],[120.330033,-4.104302],[120.330401,-4.106049],[120.331048,-4.106819],[120.329799,-4.107151],[120.327805,-4.108611],[120.327509,-4.10845],[120.327158,-4.108477],[120.326691,-4.108773],[120.326404,-4.10931],[120.325155,-4.109812],[120.324643,-4.109919],[120.323996,-4.109436],[120.323385,-4.109678],[120.32193,-4.109247],[120.321589,-4.109355],[120.321391,-4.110197],[120.319325,-4.109803],[120.318579,-4.109445],[120.31822,-4.108907],[120.317403,-4.108217],[120.316343,-4.108172],[120.31539,-4.107921],[120.314726,-4.107518],[120.313935,-4.107312],[120.308554,-4.104982],[120.307539,-4.104965],[120.307521,-4.10423],[120.30824,-4.104086],[120.308554,-4.103871],[120.308725,-4.103405],[120.309345,-4.103352],[120.309632,-4.103988],[120.309857,-4.104167],[120.310719,-4.104051],[120.310935,-4.103459],[120.312354,-4.103746],[120.313953,-4.102214],[120.316226,-4.103092],[120.316334,-4.103029],[120.316343,-4.100995],[120.316828,-4.099624],[120.317726,-4.099642],[120.318597,-4.099356],[120.319532,-4.100296],[120.320116,-4.099812],[120.321535,-4.099893],[120.322505,-4.099167],[120.322882,-4.098343],[120.324832,-4.098316],[120.326673,-4.098074],[120.330401,-4.096712],[120.330788,-4.096685],[120.331165,-4.096909],[120.331318,-4.097429],[120.331282,-4.098182]]]}},{"type":"Feature","properties":{"FID":52,"REMARK":"Tambak"},"geometry":{"type":"Polygon","coordinates":[[[120.310728,-4.097151],[120.310207,-4.097008],[120.309803,-4.096569],[120.310261,-4.095933],[120.310881,-4.095458],[120.310728,-4.097151]]]}},{"type":"Feature","properties":{"FID":53,"REMARK":"Tambak"},"geometry":{"type":"Polygon","coordinates":[[[120.329144,-4.096058],[120.328973,-4.096031],[120.328991,-4.095664],[120.329377,-4.095153],[120.329844,-4.095019],[120.330725,-4.095288],[120.330716,-4.095574],[120.329144,-4.096058]]]}},{"type":"Feature","properties":{"FID":54,"REMARK":"Tambak"},"geometry":{"type":"Polygon","coordinates":[[[120.334516,-4.095261],[120.333357,-4.095521],[120.33244,-4.095323],[120.331614,-4.095323],[120.331533,-4.095019],[120.332674,-4.094177],[120.334848,-4.093424],[120.335234,-4.093737],[120.335369,-4.094401],[120.335189,-4.094732],[120.334516,-4.095261]]]}},{"type":"Feature","properties":{"FID":55,"REMARK":"Tambak"},"geometry":{"type":"Polygon","coordinates":[[[120.302598,-4.094418],[120.302527,-4.094768],[120.302015,-4.094562],[120.301988,-4.093746],[120.302634,-4.093343],[120.302598,-4.094418]]]}},{"type":"Feature","properties":{"FID":56,"REMARK":"Tambak"},"geometry":{"type":"Polygon","coordinates":[[[120.316936,-4.092564],[120.317322,-4.093675],[120.318139,-4.095073],[120.322038,-4.098056],[120.322227,-4.098334],[120.321751,-4.099167],[120.321247,-4.099517],[120.319801,-4.0994],[120.318786,-4.098621],[120.318427,-4.099078],[120.317933,-4.099338],[120.316612,-4.099445],[120.316091,-4.101049],[120.316019,-4.102814],[120.314016,-4.102026],[120.31478,-4.098406],[120.3123,-4.097617],[120.312013,-4.097098],[120.311312,-4.09647],[120.310953,-4.096399],[120.311016,-4.095655],[120.311105,-4.095422],[120.312327,-4.094383],[120.312947,-4.095099],[120.313414,-4.09527],[120.313827,-4.095314],[120.314932,-4.094822],[120.315337,-4.094383],[120.314923,-4.093254],[120.314941,-4.092752],[120.315831,-4.09268],[120.316316,-4.092438],[120.316621,-4.091471],[120.316936,-4.092564]]]}},{"type":"Feature","properties":{"FID":57,"REMARK":"Tambak"},"geometry":{"type":"Polygon","coordinates":[[[120.312417,-4.09397],[120.310369,-4.095691],[120.309839,-4.0963],[120.309578,-4.096282],[120.309111,-4.09553],[120.309839,-4.09475],[120.310072,-4.093926],[120.310764,-4.09397],[120.310971,-4.093764],[120.311061,-4.093379],[120.310845,-4.093146],[120.311537,-4.091632],[120.311806,-4.091399],[120.312516,-4.093397],[120.312417,-4.09397]]]}},{"type":"Feature","properties":{"FID":58,"REMARK":"Tambak"},"geometry":{"type":"Polygon","coordinates":[[[120.308941,-4.09363],[120.309767,-4.093988],[120.309713,-4.094454],[120.309354,-4.094947],[120.308887,-4.095108],[120.30824,-4.094687],[120.308348,-4.093997],[120.308168,-4.093755],[120.307728,-4.093827],[120.307342,-4.094185],[120.30665,-4.094042],[120.306048,-4.094392],[120.30585,-4.094732],[120.305877,-4.095073],[120.306192,-4.095538],[120.306048,-4.095978],[120.303021,-4.09484],[120.302724,-4.094168],[120.30276,-4.093585],[120.303012,-4.092994],[120.303308,-4.092734],[120.304269,-4.092393],[120.306093,-4.089768],[120.306892,-4.090386],[120.308132,-4.090861],[120.309165,-4.09156],[120.309192,-4.091963],[120.309587,-4.092537],[120.30886,-4.093074],[120.308941,-4.09363]]]}},{"type":"Feature","properties":{"FID":59,"REMARK":"Tambak"},"geometry":{"type":"Polygon","coordinates":[[[120.302257,-4.088541],[120.302733,-4.088684],[120.303676,-4.088478],[120.304,-4.088702],[120.304422,-4.08949],[120.304701,-4.089687],[120.305275,-4.089714],[120.305707,-4.089221],[120.305859,-4.08932],[120.305841,-4.08958],[120.304692,-4.091247],[120.301925,-4.090709],[120.301799,-4.090386],[120.301107,-4.090225],[120.300964,-4.089069],[120.300299,-4.089006],[120.300236,-4.088827],[120.300505,-4.088549],[120.301098,-4.08846],[120.301476,-4.087519],[120.301736,-4.087349],[120.302041,-4.087528],[120.302257,-4.088541]]]}},{"type":"Feature","properties":{"FID":60,"REMARK":"Tambak"},"geometry":{"type":"Polygon","coordinates":[[[120.313136,-4.08493],[120.313199,-4.085879],[120.313926,-4.085754],[120.314456,-4.085279],[120.315444,-4.085369],[120.316567,-4.085136],[120.316936,-4.085404],[120.318148,-4.08691],[120.31822,-4.087851],[120.317493,-4.089078],[120.317484,-4.090028],[120.317888,-4.090924],[120.319406,-4.092367],[120.319774,-4.09294],[120.319783,-4.093451],[120.319235,-4.094723],[120.318795,-4.094499],[120.318049,-4.093576],[120.317214,-4.091264],[120.316747,-4.09079],[120.316181,-4.090691],[120.315804,-4.090987],[120.315902,-4.092035],[120.314842,-4.092089],[120.314447,-4.092492],[120.314097,-4.092582],[120.313953,-4.092859],[120.313944,-4.09346],[120.314241,-4.093917],[120.313899,-4.094042],[120.313495,-4.093782],[120.312929,-4.093074],[120.312534,-4.092017],[120.312579,-4.091291],[120.312363,-4.091005],[120.311752,-4.090834],[120.310953,-4.090915],[120.310593,-4.091336],[120.307728,-4.090028],[120.30683,-4.089759],[120.306012,-4.088818],[120.3055,-4.088836],[120.304934,-4.089275],[120.304359,-4.088487],[120.30391,-4.088173],[120.303335,-4.08811],[120.302545,-4.088272],[120.302266,-4.087179],[120.301799,-4.086928],[120.301871,-4.086722],[120.302392,-4.086775],[120.303389,-4.087277],[120.303955,-4.08725],[120.304269,-4.086963],[120.304476,-4.085969],[120.305365,-4.086274],[120.306003,-4.086238],[120.306308,-4.08553],[120.307342,-4.085252],[120.307279,-4.084697],[120.307737,-4.084392],[120.307988,-4.083971],[120.309659,-4.084974],[120.310567,-4.084634],[120.311267,-4.083854],[120.311905,-4.083774],[120.312965,-4.084473],[120.313136,-4.08493]]]}},{"type":"Feature","properties":{"FID":61,"REMARK":"Tambak"},"geometry":{"type":"Polygon","coordinates":[[[120.320385,-4.079043],[120.322415,-4.080109],[120.322748,-4.08053],[120.323484,-4.082403],[120.324095,-4.083057],[120.325577,-4.084159],[120.325856,-4.084777],[120.325784,-4.085342],[120.3252,-4.086507],[120.325748,-4.087949],[120.325973,-4.089159],[120.326871,-4.090144],[120.327302,-4.091085],[120.327284,-4.091291],[120.326997,-4.091551],[120.325505,-4.092187],[120.324634,-4.092761],[120.324185,-4.092931],[120.323844,-4.092707],[120.323529,-4.092815],[120.321517,-4.094356],[120.321607,-4.094409],[120.323466,-4.093083],[120.32458,-4.093137],[120.32591,-4.092268],[120.32732,-4.091695],[120.327913,-4.092886],[120.328883,-4.093487],[120.329341,-4.094015],[120.329332,-4.094392],[120.328191,-4.096004],[120.326952,-4.096426],[120.326215,-4.0963],[120.326161,-4.096605],[120.324652,-4.096963],[120.324517,-4.097322],[120.322658,-4.09742],[120.321733,-4.096847],[120.320035,-4.095413],[120.319864,-4.094831],[120.320259,-4.093531],[120.320214,-4.092707],[120.31955,-4.091703],[120.318238,-4.090583],[120.317933,-4.090037],[120.317897,-4.089266],[120.318579,-4.088576],[120.318813,-4.087609],[120.318472,-4.086757],[120.317214,-4.085037],[120.316495,-4.084732],[120.315525,-4.085019],[120.314654,-4.084947],[120.313486,-4.085539],[120.313396,-4.084464],[120.312713,-4.083809],[120.311689,-4.083406],[120.311519,-4.083164],[120.311321,-4.083182],[120.310225,-4.084177],[120.309471,-4.084401],[120.307512,-4.083487],[120.306075,-4.083487],[120.305949,-4.083361],[120.30594,-4.082573],[120.306192,-4.081829],[120.306758,-4.081847],[120.307557,-4.081372],[120.308015,-4.08131],[120.308725,-4.080521],[120.308932,-4.080494],[120.309156,-4.08087],[120.30939,-4.080942],[120.310809,-4.080637],[120.311141,-4.08027],[120.311653,-4.080073],[120.311842,-4.079885],[120.311959,-4.079401],[120.312318,-4.079213],[120.313226,-4.079276],[120.313675,-4.078863],[120.314465,-4.07881],[120.315265,-4.078397],[120.315651,-4.078406],[120.315938,-4.079016],[120.316262,-4.079141],[120.31751,-4.078998],[120.319334,-4.078379],[120.319855,-4.078469],[120.320385,-4.079043]]]}},{"type":"Feature","properties":{"FID":62,"REMARK":"Tambak"},"geometry":{"type":"Polygon","coordinates":[[[120.31557,-4.077672],[120.315867,-4.077806],[120.315759,-4.078245],[120.314753,-4.078379],[120.314905,-4.077734],[120.31557,-4.077672]]]}},{"type":"Feature","properties":{"FID":63,"REMARK":"Tambak"},"geometry":{"type":"Polygon","coordinates":[[[120.334192,-4.076802],[120.335126,-4.076686],[120.335378,-4.076785],[120.335378,-4.077725],[120.33492,-4.077931],[120.334282,-4.077949],[120.333617,-4.07881],[120.33271,-4.077958],[120.332225,-4.077761],[120.33236,-4.077107],[120.330824,-4.076767],[120.329269,-4.075656],[120.329584,-4.075028],[120.334192,-4.076802]]]}},{"type":"Feature","properties":{"FID":64,"REMARK":"Tambak"},"geometry":{"type":"Polygon","coordinates":[[[120.348359,-4.072313],[120.348404,-4.073621],[120.347622,-4.075315],[120.346733,-4.076677],[120.346661,-4.076856],[120.346823,-4.077161],[120.344361,-4.080476],[120.343517,-4.081166],[120.342196,-4.080575],[120.341765,-4.07975],[120.341397,-4.079508],[120.341397,-4.078935],[120.3411,-4.078738],[120.34048,-4.078639],[120.340049,-4.079096],[120.338073,-4.078559],[120.338064,-4.078738],[120.339995,-4.079302],[120.340498,-4.078854],[120.341091,-4.078971],[120.341244,-4.079625],[120.341819,-4.080055],[120.342097,-4.080727],[120.343094,-4.081175],[120.343535,-4.081578],[120.343166,-4.082573],[120.341729,-4.084186],[120.339555,-4.083012],[120.339807,-4.081892],[120.339582,-4.080503],[120.339438,-4.080351],[120.335252,-4.080198],[120.33465,-4.079858],[120.334013,-4.080225],[120.334048,-4.080413],[120.33465,-4.080055],[120.335261,-4.080485],[120.336177,-4.080396],[120.337417,-4.080575],[120.339178,-4.080557],[120.33925,-4.08148],[120.33951,-4.082206],[120.339349,-4.083254],[120.341639,-4.08449],[120.341325,-4.085431],[120.340759,-4.086408],[120.340561,-4.086515],[120.339501,-4.08889],[120.339295,-4.089159],[120.338908,-4.089096],[120.338423,-4.090566],[120.337309,-4.092456],[120.336204,-4.092725],[120.33545,-4.092617],[120.335369,-4.092456],[120.335728,-4.091211],[120.335629,-4.090915],[120.33527,-4.090404],[120.334785,-4.090368],[120.333968,-4.089643],[120.335621,-4.087824],[120.336061,-4.087653],[120.338127,-4.087707],[120.338154,-4.087564],[120.337947,-4.087438],[120.336663,-4.087519],[120.336267,-4.087394],[120.335531,-4.087636],[120.33474,-4.08837],[120.333429,-4.090144],[120.333015,-4.090153],[120.332791,-4.089992],[120.333123,-4.089141],[120.332863,-4.088379],[120.332521,-4.088048],[120.33138,-4.087752],[120.331093,-4.087492],[120.330967,-4.086963],[120.331291,-4.086542],[120.332252,-4.086372],[120.332476,-4.086166],[120.333051,-4.086471],[120.333456,-4.086426],[120.335099,-4.085351],[120.335261,-4.085055],[120.333348,-4.086238],[120.333042,-4.086256],[120.332575,-4.08596],[120.332144,-4.085351],[120.331336,-4.0851],[120.331246,-4.084858],[120.331551,-4.084114],[120.331309,-4.082483],[120.332216,-4.082044],[120.332162,-4.081274],[120.332297,-4.080924],[120.332539,-4.080906],[120.334318,-4.081569],[120.335917,-4.082869],[120.336618,-4.083783],[120.337714,-4.083971],[120.338899,-4.084544],[120.341235,-4.085234],[120.341262,-4.085109],[120.340795,-4.084876],[120.338675,-4.084266],[120.33783,-4.083756],[120.336654,-4.083559],[120.336142,-4.082761],[120.334578,-4.081534],[120.33253,-4.080655],[120.334345,-4.078308],[120.335459,-4.078039],[120.335728,-4.077627],[120.335791,-4.076901],[120.336627,-4.076596],[120.337103,-4.075853],[120.337839,-4.07588],[120.3381,-4.075243],[120.339205,-4.074016],[120.340525,-4.073926],[120.341864,-4.073147],[120.346023,-4.07269],[120.34773,-4.072143],[120.34826,-4.072143],[120.348359,-4.072313]]]}},{"type":"Feature","properties":{"FID":65,"REMARK":"Tambak"},"geometry":{"type":"Polygon","coordinates":[[[120.318957,-4.071193],[120.319738,-4.071211],[120.319873,-4.071408],[120.319118,-4.071534],[120.3191,-4.07217],[120.319316,-4.072537],[120.319011,-4.073012],[120.319047,-4.073245],[120.319496,-4.073505],[120.319765,-4.07389],[120.319496,-4.074804],[120.319918,-4.075234],[120.319675,-4.075387],[120.319622,-4.075799],[120.320026,-4.076677],[120.320771,-4.076811],[120.321149,-4.076722],[120.321167,-4.077322],[120.321786,-4.078039],[120.322487,-4.077922],[120.323341,-4.077215],[120.323457,-4.075844],[120.323026,-4.075315],[120.323107,-4.074813],[120.323574,-4.07519],[120.323996,-4.075225],[120.324724,-4.075584],[120.325146,-4.075252],[120.325209,-4.074894],[120.325514,-4.074975],[120.326044,-4.074804],[120.326224,-4.075163],[120.326664,-4.075127],[120.326916,-4.074419],[120.328003,-4.076005],[120.328659,-4.076202],[120.329153,-4.075915],[120.330904,-4.077053],[120.332072,-4.077233],[120.331973,-4.077851],[120.332503,-4.078075],[120.33342,-4.078953],[120.332881,-4.079804],[120.331964,-4.080808],[120.330213,-4.080019],[120.329925,-4.080584],[120.329584,-4.080646],[120.329233,-4.081041],[120.329063,-4.080198],[120.328182,-4.079912],[120.327787,-4.080629],[120.326718,-4.083523],[120.32697,-4.083424],[120.328263,-4.080127],[120.328892,-4.080351],[120.328928,-4.081148],[120.329207,-4.081292],[120.329359,-4.08131],[120.329772,-4.080799],[120.330123,-4.080727],[120.330302,-4.080279],[120.331839,-4.080987],[120.331937,-4.081847],[120.331363,-4.082044],[120.330913,-4.082519],[120.33112,-4.083039],[120.331201,-4.084123],[120.33085,-4.085252],[120.330904,-4.085404],[120.331668,-4.085476],[120.332243,-4.085933],[120.332063,-4.086112],[120.331371,-4.086175],[120.331102,-4.086336],[120.330806,-4.086686],[120.330617,-4.087277],[120.328362,-4.087286],[120.328245,-4.087385],[120.328856,-4.087582],[120.330743,-4.087537],[120.331363,-4.088137],[120.332503,-4.088496],[120.332818,-4.089159],[120.332485,-4.089687],[120.332557,-4.090225],[120.335153,-4.091023],[120.335046,-4.091784],[120.334363,-4.093191],[120.333725,-4.093558],[120.332719,-4.093702],[120.331354,-4.094696],[120.330895,-4.094831],[120.330213,-4.094723],[120.32979,-4.093612],[120.328093,-4.092376],[120.327814,-4.09173],[120.32759,-4.090315],[120.326503,-4.089159],[120.326233,-4.087886],[120.325649,-4.086623],[120.325685,-4.086265],[120.326179,-4.085476],[120.32626,-4.084526],[120.325398,-4.083478],[120.324625,-4.083021],[120.323862,-4.082322],[120.323287,-4.080754],[120.32282,-4.080064],[120.32308,-4.079607],[120.322775,-4.078926],[120.322622,-4.078881],[120.322281,-4.079428],[120.321786,-4.079401],[120.320852,-4.078989],[120.319999,-4.078155],[120.318193,-4.078021],[120.317313,-4.078218],[120.316477,-4.077958],[120.316522,-4.077725],[120.317331,-4.077645],[120.317681,-4.077026],[120.317654,-4.076462],[120.317268,-4.076175],[120.317304,-4.07588],[120.317627,-4.0757],[120.317349,-4.075243],[120.317349,-4.074921],[120.317726,-4.07407],[120.317519,-4.072923],[120.31857,-4.071148],[120.318957,-4.071193]]]}},{"type":"Feature","properties":{"FID":66,"REMARK":"Tambak"},"geometry":{"type":"Polygon","coordinates":[[[120.318032,-4.071686],[120.317376,-4.072672],[120.31637,-4.072492],[120.316055,-4.072188],[120.315346,-4.071991],[120.314519,-4.071516],[120.316154,-4.071767],[120.316675,-4.071408],[120.3169,-4.071489],[120.31698,-4.071731],[120.317259,-4.071731],[120.317439,-4.07113],[120.317645,-4.071032],[120.317888,-4.071139],[120.317879,-4.071489],[120.318032,-4.071686]]]}},{"type":"Feature","properties":{"FID":67,"REMARK":"Tambak"},"geometry":{"type":"Polygon","coordinates":[[[120.334282,-4.069419],[120.335055,-4.069473],[120.336932,-4.070333],[120.336995,-4.07079],[120.336546,-4.070906],[120.336447,-4.071319],[120.338998,-4.071829],[120.338711,-4.07251],[120.33889,-4.073756],[120.338693,-4.074195],[120.337929,-4.074822],[120.33766,-4.075602],[120.336995,-4.075539],[120.336375,-4.076328],[120.3358,-4.076578],[120.335126,-4.076444],[120.334264,-4.076516],[120.329763,-4.074795],[120.330024,-4.073657],[120.330491,-4.073299],[120.331156,-4.073371],[120.331623,-4.073218],[120.332225,-4.072466],[120.332378,-4.072035],[120.332225,-4.071193],[120.332611,-4.070449],[120.333114,-4.070109],[120.333204,-4.069562],[120.334282,-4.069419]]]}},{"type":"Feature","properties":{"FID":68,"REMARK":"Tambak"},"geometry":{"type":"Polygon","coordinates":[[[120.330554,-4.070064],[120.329907,-4.069804],[120.330051,-4.069079],[120.329826,-4.068729],[120.330177,-4.068012],[120.330949,-4.068881],[120.33085,-4.069553],[120.330554,-4.070064]]]}},{"type":"Feature","properties":{"FID":69,"REMARK":"Tambak"},"geometry":{"type":"Polygon","coordinates":[[[120.330042,-4.063523],[120.332629,-4.063675],[120.332503,-4.06441],[120.333204,-4.065414],[120.333932,-4.06562],[120.335126,-4.065494],[120.335306,-4.065808],[120.335594,-4.067869],[120.336115,-4.06855],[120.337157,-4.069105],[120.337058,-4.070028],[120.335028,-4.069267],[120.33448,-4.06924],[120.33448,-4.06829],[120.333959,-4.067887],[120.332818,-4.067851],[120.332405,-4.068057],[120.331407,-4.068191],[120.330877,-4.068532],[120.330428,-4.067932],[120.330644,-4.067493],[120.330563,-4.066677],[120.330033,-4.066632],[120.330051,-4.066328],[120.329539,-4.065933],[120.329278,-4.06493],[120.328919,-4.064607],[120.328919,-4.064294],[120.328569,-4.064088],[120.32891,-4.063631],[120.329072,-4.062967],[120.329817,-4.063084],[120.330042,-4.063523]]]}},{"type":"Feature","properties":{"FID":70,"REMARK":"Tambak"},"geometry":{"type":"Polygon","coordinates":[[[120.334516,-4.06329],[120.334291,-4.063639],[120.334013,-4.063666],[120.333447,-4.063505],[120.332728,-4.063586],[120.331982,-4.06338],[120.330779,-4.063326],[120.331021,-4.062645],[120.331003,-4.062215],[120.331614,-4.060844],[120.331363,-4.058828],[120.331803,-4.057152],[120.332288,-4.057224],[120.333123,-4.057887],[120.334578,-4.058182],[120.335189,-4.058962],[120.335108,-4.05924],[120.33395,-4.059383],[120.333653,-4.059643],[120.333788,-4.060252],[120.334327,-4.061184],[120.334516,-4.06329]]]}},{"type":"Feature","properties":{"FID":71,"REMARK":"Tambak"},"geometry":{"type":"Polygon","coordinates":[[[120.33386,-4.056363],[120.334354,-4.056328],[120.334893,-4.056041],[120.33527,-4.056184],[120.334632,-4.058003],[120.33324,-4.057752],[120.33218,-4.056991],[120.332153,-4.056641],[120.332494,-4.05605],[120.332252,-4.0551],[120.332503,-4.054419],[120.332351,-4.053926],[120.331982,-4.05363],[120.332081,-4.053236],[120.333842,-4.05355],[120.334022,-4.053693],[120.33386,-4.054025],[120.333105,-4.054437],[120.332836,-4.054912],[120.332962,-4.055548],[120.3335,-4.056184],[120.33386,-4.056363]]]}},{"type":"Feature","properties":{"FID":72,"REMARK":"Tambak"},"geometry":{"type":"Polygon","coordinates":[[[120.329746,-4.053317],[120.330105,-4.053469],[120.330949,-4.053406],[120.330482,-4.054437],[120.329314,-4.054706],[120.328865,-4.055727],[120.328632,-4.055593],[120.328757,-4.05519],[120.328659,-4.054813],[120.328407,-4.054661],[120.328066,-4.054688],[120.327302,-4.053828],[120.326979,-4.053711],[120.325443,-4.053935],[120.324931,-4.054428],[120.323906,-4.054365],[120.323628,-4.054948],[120.323314,-4.054966],[120.323448,-4.05441],[120.323799,-4.053863],[120.324374,-4.053756],[120.324742,-4.053326],[120.325829,-4.053317],[120.326062,-4.053182],[120.326943,-4.052331],[120.327158,-4.051722],[120.328308,-4.051274],[120.329476,-4.051883],[120.329512,-4.053012],[120.329746,-4.053317]]]}},{"type":"Feature","properties":{"FID":73,"REMARK":"Tambak"},"geometry":{"type":"Polygon","coordinates":[[[120.337938,-4.048138],[120.338037,-4.048765],[120.337687,-4.049876],[120.336546,-4.04932],[120.336609,-4.048227],[120.337211,-4.048272],[120.337291,-4.048003],[120.337938,-4.048138]]]}},{"type":"Feature","properties":{"FID":74,"REMARK":"Tambak"},"geometry":{"type":"Polygon","coordinates":[[[120.339879,-4.045145],[120.339573,-4.04518],[120.339645,-4.04579],[120.338792,-4.045575],[120.339106,-4.044912],[120.339322,-4.04389],[120.339843,-4.043971],[120.339879,-4.045145]]]}},{"type":"Feature","properties":{"FID":75,"REMARK":"Tambak"},"geometry":{"type":"Polygon","coordinates":[[[120.328371,-4.043899],[120.326628,-4.047698],[120.325514,-4.048066],[120.325236,-4.049105],[120.324338,-4.049141],[120.324095,-4.049276],[120.323853,-4.049813],[120.323924,-4.050458],[120.323179,-4.05062],[120.322694,-4.049517],[120.322739,-4.049123],[120.324095,-4.048621],[120.324239,-4.048379],[120.32423,-4.047483],[120.324338,-4.047322],[120.325595,-4.047053],[120.325775,-4.046838],[120.325712,-4.046381],[120.325038,-4.04639],[120.324077,-4.046811],[120.323385,-4.04665],[120.321589,-4.04674],[120.320807,-4.046605],[120.320439,-4.046749],[120.320098,-4.04717],[120.319837,-4.047188],[120.319065,-4.046784],[120.319047,-4.045557],[120.318606,-4.044992],[120.318723,-4.044688],[120.31937,-4.045118],[120.320134,-4.045082],[120.321185,-4.045584],[120.32158,-4.045476],[120.321867,-4.045207],[120.323502,-4.045718],[120.3252,-4.045387],[120.325793,-4.044661],[120.326269,-4.044544],[120.326709,-4.044105],[120.327617,-4.044105],[120.327994,-4.043702],[120.328371,-4.043899]]]}},{"type":"Feature","properties":{"FID":76,"REMARK":"Tambak"},"geometry":{"type":"Polygon","coordinates":[[[120.329611,-4.042887],[120.330249,-4.042922],[120.331327,-4.043505],[120.331821,-4.042922],[120.336716,-4.045324],[120.33669,-4.045512],[120.337121,-4.045978],[120.336806,-4.046838],[120.335908,-4.046749],[120.33554,-4.047],[120.335387,-4.047412],[120.335387,-4.048021],[120.334965,-4.048388],[120.333447,-4.048155],[120.33227,-4.048657],[120.332512,-4.049105],[120.333833,-4.049419],[120.333968,-4.049858],[120.33439,-4.049858],[120.334444,-4.050656],[120.334552,-4.050718],[120.334839,-4.050682],[120.335549,-4.05019],[120.336456,-4.050423],[120.337309,-4.050423],[120.337507,-4.050611],[120.337309,-4.052923],[120.336824,-4.054419],[120.336276,-4.054831],[120.336177,-4.055342],[120.335297,-4.055485],[120.334237,-4.056014],[120.333815,-4.056005],[120.33333,-4.055593],[120.333141,-4.0551],[120.333393,-4.054643],[120.334273,-4.054034],[120.334291,-4.053648],[120.334075,-4.05338],[120.332027,-4.052958],[120.330509,-4.053227],[120.32997,-4.053191],[120.329808,-4.052985],[120.32979,-4.051838],[120.329557,-4.051543],[120.328452,-4.050996],[120.32803,-4.050951],[120.32706,-4.050028],[120.326089,-4.049661],[120.325649,-4.049329],[120.325856,-4.048236],[120.326655,-4.048245],[120.326988,-4.047949],[120.328164,-4.045413],[120.328425,-4.044553],[120.328874,-4.044105],[120.329287,-4.042967],[120.329611,-4.042887]],[[120.333087,-4.052797],[120.333384,-4.052797],[120.333923,-4.052385],[120.334138,-4.051552],[120.333599,-4.050647],[120.332629,-4.05044],[120.331919,-4.050987],[120.331937,-4.051614],[120.332288,-4.051919],[120.332306,-4.052331],[120.333087,-4.052797]]]}},{"type":"Feature","properties":{"FID":77,"REMARK":"Tambak"},"geometry":{"type":"Polygon","coordinates":[[[120.356282,-4.044616],[120.35647,-4.04587],[120.357081,-4.047698],[120.356947,-4.048478],[120.357099,-4.049777],[120.356803,-4.051381],[120.355671,-4.052752],[120.35435,-4.053281],[120.354018,-4.053129],[120.35382,-4.052869],[120.353587,-4.051408],[120.353111,-4.050718],[120.352733,-4.050521],[120.352284,-4.050844],[120.352078,-4.051767],[120.351664,-4.052295],[120.350676,-4.052009],[120.349607,-4.052681],[120.347568,-4.052206],[120.34702,-4.052233],[120.3464,-4.052555],[120.345736,-4.052573],[120.343508,-4.05148],[120.343984,-4.051892],[120.345646,-4.052743],[120.347595,-4.052555],[120.349742,-4.052949],[120.350649,-4.052251],[120.35153,-4.052618],[120.351889,-4.052573],[120.352293,-4.051955],[120.352671,-4.050853],[120.353398,-4.051829],[120.353533,-4.052967],[120.35427,-4.053783],[120.354305,-4.054464],[120.354665,-4.054625],[120.354548,-4.055145],[120.354252,-4.055441],[120.35418,-4.055942],[120.352554,-4.056068],[120.35179,-4.056587],[120.351063,-4.056372],[120.350847,-4.056677],[120.34923,-4.056059],[120.347676,-4.055951],[120.347685,-4.05613],[120.349742,-4.056363],[120.349949,-4.056587],[120.350757,-4.05691],[120.350793,-4.057233],[120.351458,-4.057412],[120.351593,-4.057036],[120.352006,-4.056991],[120.352599,-4.056399],[120.354296,-4.056328],[120.354997,-4.054966],[120.355428,-4.055073],[120.355698,-4.055441],[120.355958,-4.055889],[120.356084,-4.056534],[120.356174,-4.059034],[120.355913,-4.060414],[120.355348,-4.060709],[120.355213,-4.062367],[120.35488,-4.063469],[120.35515,-4.063855],[120.355015,-4.064509],[120.354629,-4.065521],[120.35374,-4.066274],[120.35321,-4.066068],[120.352715,-4.067125],[120.35091,-4.067779],[120.350524,-4.068156],[120.349652,-4.068469],[120.349464,-4.068415],[120.349428,-4.067905],[120.349158,-4.067331],[120.349266,-4.066937],[120.349122,-4.066453],[120.348763,-4.066122],[120.347065,-4.06562],[120.346176,-4.064858],[120.346814,-4.063631],[120.347344,-4.063138],[120.347083,-4.062869],[120.347245,-4.062089],[120.347056,-4.062053],[120.34667,-4.06251],[120.343813,-4.06096],[120.343086,-4.06045],[120.341765,-4.059141],[120.34234,-4.058487],[120.342394,-4.057663],[120.342663,-4.057528],[120.342987,-4.056444],[120.343562,-4.056247],[120.343616,-4.055996],[120.343723,-4.054338],[120.343175,-4.054186],[120.342771,-4.053272],[120.341612,-4.05277],[120.34093,-4.052905],[120.340633,-4.053899],[120.340247,-4.054096],[120.339968,-4.05467],[120.339825,-4.055252],[120.339914,-4.055709],[120.339609,-4.055906],[120.339142,-4.05536],[120.338756,-4.055225],[120.338423,-4.05553],[120.338324,-4.056256],[120.338774,-4.056865],[120.338504,-4.057618],[120.338055,-4.057734],[120.337723,-4.058075],[120.3373,-4.058129],[120.337103,-4.058353],[120.336564,-4.057887],[120.336106,-4.057896],[120.335872,-4.058093],[120.335818,-4.058398],[120.336106,-4.058729],[120.337381,-4.059132],[120.337139,-4.05993],[120.336761,-4.060432],[120.335872,-4.060584],[120.335333,-4.061426],[120.335477,-4.062286],[120.336609,-4.062887],[120.336761,-4.063174],[120.33775,-4.063308],[120.338378,-4.063147],[120.338639,-4.063299],[120.338899,-4.063245],[120.339214,-4.062582],[120.339501,-4.062403],[120.339672,-4.06174],[120.340139,-4.06122],[120.340238,-4.06036],[120.340516,-4.060396],[120.341118,-4.059643],[120.341415,-4.059679],[120.341621,-4.059177],[120.343391,-4.060835],[120.346634,-4.062896],[120.346805,-4.063138],[120.346769,-4.063505],[120.346032,-4.064813],[120.34605,-4.065001],[120.347245,-4.065898],[120.348817,-4.066337],[120.349068,-4.06674],[120.349032,-4.067439],[120.349293,-4.068003],[120.349239,-4.068971],[120.348332,-4.069786],[120.34799,-4.070494],[120.346149,-4.071668],[120.345295,-4.072035],[120.344676,-4.072143],[120.342717,-4.072062],[120.341981,-4.072188],[120.341361,-4.072519],[120.340112,-4.073729],[120.339501,-4.073747],[120.339241,-4.073604],[120.33889,-4.072681],[120.338953,-4.072367],[120.339663,-4.071363],[120.339744,-4.070584],[120.339079,-4.070449],[120.338082,-4.071014],[120.337687,-4.070996],[120.337498,-4.070629],[120.33766,-4.069625],[120.337579,-4.068926],[120.336258,-4.067725],[120.335854,-4.066668],[120.335558,-4.065217],[120.335073,-4.064993],[120.334273,-4.065225],[120.333743,-4.065172],[120.33315,-4.06467],[120.332962,-4.064195],[120.333087,-4.063917],[120.334102,-4.06407],[120.334507,-4.06398],[120.334821,-4.063648],[120.334578,-4.061005],[120.334129,-4.060127],[120.334372,-4.059894],[120.334318,-4.059679],[120.335055,-4.059589],[120.335459,-4.059204],[120.335459,-4.058881],[120.334956,-4.057914],[120.335621,-4.056444],[120.335441,-4.055754],[120.336213,-4.055682],[120.33642,-4.055521],[120.337255,-4.054258],[120.337803,-4.051928],[120.337875,-4.049733],[120.338675,-4.047627],[120.33881,-4.047474],[120.339977,-4.047322],[120.340076,-4.046767],[120.341208,-4.046166],[120.342825,-4.044921],[120.34402,-4.044293],[120.34419,-4.044616],[120.345017,-4.044625],[120.345313,-4.044768],[120.345754,-4.04518],[120.34596,-4.045951],[120.3464,-4.045808],[120.346849,-4.045906],[120.34649,-4.047241],[120.346742,-4.047268],[120.347155,-4.045566],[120.347146,-4.044598],[120.346436,-4.044589],[120.346167,-4.044293],[120.345421,-4.043998],[120.345511,-4.043809],[120.347173,-4.043433],[120.347505,-4.044096],[120.34782,-4.044374],[120.348808,-4.044616],[120.349643,-4.044643],[120.350542,-4.043953],[120.351584,-4.043684],[120.351763,-4.043424],[120.353129,-4.042869],[120.354386,-4.042053],[120.354988,-4.042089],[120.355428,-4.042367],[120.356048,-4.043702],[120.356282,-4.044616]],[[120.341972,-4.051041],[120.342484,-4.050996],[120.342618,-4.051345],[120.342861,-4.051408],[120.343301,-4.050924],[120.343247,-4.050091],[120.342906,-4.049733],[120.342636,-4.048595],[120.342295,-4.048388],[120.342448,-4.04794],[120.341927,-4.047743],[120.341118,-4.048308],[120.340858,-4.049007],[120.341082,-4.049311],[120.34146,-4.049455],[120.341235,-4.050521],[120.341972,-4.051041]],[[120.345825,-4.04975],[120.34543,-4.050611],[120.345448,-4.051301],[120.345691,-4.051489],[120.346185,-4.051426],[120.346436,-4.05113],[120.34649,-4.049903],[120.346346,-4.048962],[120.345754,-4.04932],[120.345825,-4.04975]]]}},{"type":"Feature","properties":{"FID":78,"REMARK":"Tambak"},"geometry":{"type":"Polygon","coordinates":[[[120.33695,-4.045207],[120.331201,-4.042447],[120.331371,-4.042008],[120.331075,-4.04182],[120.331093,-4.041695],[120.331318,-4.041426],[120.332396,-4.041838],[120.333492,-4.042698],[120.335064,-4.043532],[120.335261,-4.043792],[120.336842,-4.044419],[120.33695,-4.045207]]]}},{"type":"Feature","properties":{"FID":79,"REMARK":"Tambak"},"geometry":{"type":"Polygon","coordinates":[[[120.326691,-4.041605],[120.328021,-4.042197],[120.328129,-4.042671],[120.327778,-4.042904],[120.327437,-4.043774],[120.326565,-4.043765],[120.326134,-4.044123],[120.325604,-4.044186],[120.324886,-4.045136],[120.323341,-4.045369],[120.321679,-4.044849],[120.321247,-4.045198],[120.320169,-4.04475],[120.320879,-4.043774],[120.321176,-4.043693],[120.322128,-4.044284],[120.322855,-4.044473],[120.323906,-4.043872],[120.32405,-4.044392],[120.324751,-4.044051],[120.325011,-4.043639],[120.324949,-4.043146],[120.323466,-4.041775],[120.323736,-4.041569],[120.32441,-4.041775],[120.324904,-4.041596],[120.325227,-4.041076],[120.325263,-4.040055],[120.32538,-4.039921],[120.326386,-4.040118],[120.326592,-4.040279],[120.326548,-4.041318],[120.326691,-4.041605]]]}},{"type":"Feature","properties":{"FID":80,"REMARK":"Tambak"},"geometry":{"type":"Polygon","coordinates":[[[120.331246,-4.04027],[120.33103,-4.040288],[120.331012,-4.039679],[120.330446,-4.039213],[120.330482,-4.038971],[120.330958,-4.038424],[120.332117,-4.038944],[120.331246,-4.04027]]]}},{"type":"Feature","properties":{"FID":81,"REMARK":"Tambak"},"geometry":{"type":"Polygon","coordinates":[[[120.329862,-4.039015],[120.329566,-4.038953],[120.329278,-4.038639],[120.329449,-4.037922],[120.329126,-4.037618],[120.329207,-4.037465],[120.330311,-4.037967],[120.329862,-4.039015]]]}},{"type":"Feature","properties":{"FID":82,"REMARK":"Tambak"},"geometry":{"type":"Polygon","coordinates":[[[120.322325,-4.027241],[120.322559,-4.02785],[120.323125,-4.027787],[120.323466,-4.028003],[120.323493,-4.028666],[120.323817,-4.029741],[120.323736,-4.029965],[120.323224,-4.030279],[120.323242,-4.031435],[120.322649,-4.031166],[120.322487,-4.031193],[120.322397,-4.031426],[120.322218,-4.031417],[120.322002,-4.030816],[120.3222,-4.030001],[120.321993,-4.029732],[120.321373,-4.029436],[120.321544,-4.028657],[120.322307,-4.028621],[120.322451,-4.028361],[120.322424,-4.028011],[120.322137,-4.027787],[120.321544,-4.027743],[120.321104,-4.028083],[120.320834,-4.027832],[120.320888,-4.027563],[120.321391,-4.027321],[120.322325,-4.027241]]]}},{"type":"Feature","properties":{"FID":83,"REMARK":"Tambak"},"geometry":{"type":"Polygon","coordinates":[[[120.327185,-4.028038],[120.327841,-4.028047],[120.327913,-4.027465],[120.327742,-4.026999],[120.327841,-4.026847],[120.328757,-4.026954],[120.328721,-4.028594],[120.328937,-4.028899],[120.329737,-4.02923],[120.330015,-4.03061],[120.330258,-4.031085],[120.33103,-4.031865],[120.331264,-4.032913],[120.331533,-4.033209],[120.332692,-4.03311],[120.333096,-4.03337],[120.333006,-4.034105],[120.333123,-4.036184],[120.33342,-4.036704],[120.333015,-4.037564],[120.333078,-4.038415],[120.332944,-4.038603],[120.332207,-4.038684],[120.331596,-4.038496],[120.331758,-4.037582],[120.331398,-4.036919],[120.33103,-4.036766],[120.330509,-4.03691],[120.33024,-4.037743],[120.329332,-4.037268],[120.328793,-4.037152],[120.328389,-4.037367],[120.32785,-4.03734],[120.327509,-4.037779],[120.326979,-4.037591],[120.326952,-4.037071],[120.327383,-4.036408],[120.327033,-4.035879],[120.327131,-4.035494],[120.327913,-4.035799],[120.32909,-4.035673],[120.329871,-4.034257],[120.330258,-4.034257],[120.330877,-4.034571],[120.331093,-4.034445],[120.331237,-4.03406],[120.331066,-4.033666],[120.330437,-4.033316],[120.32988,-4.032653],[120.329575,-4.031999],[120.328946,-4.031211],[120.327715,-4.030673],[120.326925,-4.03104],[120.326512,-4.030341],[120.32608,-4.030064],[120.325721,-4.030297],[120.325928,-4.031112],[120.325856,-4.031569],[120.325434,-4.031685],[120.324877,-4.031614],[120.324481,-4.031927],[120.324383,-4.031838],[120.324383,-4.031372],[120.324005,-4.030843],[120.324104,-4.030153],[120.323655,-4.028388],[120.323799,-4.027823],[120.324257,-4.027313],[120.325389,-4.026587],[120.325856,-4.027017],[120.326287,-4.027787],[120.327185,-4.028038]]]}},{"type":"Feature","properties":{"FID":84,"REMARK":"Tambak"},"geometry":{"type":"Polygon","coordinates":[[[120.319613,-4.025583],[120.319711,-4.026909],[120.31937,-4.026963],[120.318256,-4.026416],[120.318202,-4.026228],[120.318427,-4.026085],[120.318499,-4.025583],[120.31884,-4.025726],[120.319424,-4.025502],[120.319613,-4.025583]]]}},{"type":"Feature","properties":{"FID":85,"REMARK":"Tambak"},"geometry":{"type":"Polygon","coordinates":[[[120.325838,-4.024293],[120.326916,-4.024893],[120.327643,-4.024714],[120.329027,-4.024794],[120.329135,-4.025422],[120.328775,-4.026318],[120.327742,-4.026425],[120.327446,-4.026649],[120.327509,-4.027761],[120.326467,-4.02742],[120.326143,-4.026712],[120.325317,-4.026183],[120.324895,-4.026381],[120.323484,-4.02759],[120.32273,-4.027554],[120.322631,-4.027124],[120.322334,-4.026856],[120.321607,-4.026838],[120.321023,-4.027178],[120.320628,-4.02699],[120.320098,-4.026999],[120.319873,-4.025798],[120.320187,-4.025449],[120.320259,-4.025072],[120.319442,-4.0244],[120.319271,-4.02406],[120.320295,-4.023889],[120.320789,-4.024311],[120.321436,-4.023961],[120.322712,-4.024346],[120.323817,-4.023809],[120.325838,-4.024293]]]}},{"type":"Feature","properties":{"FID":86,"REMARK":"Tambak"},"geometry":{"type":"Polygon","coordinates":[[[120.338513,-4.023845],[120.33916,-4.023692],[120.339151,-4.02449],[120.339932,-4.025332],[120.339905,-4.02595],[120.336797,-4.029857],[120.336474,-4.031354],[120.336645,-4.031399],[120.336887,-4.030099],[120.33792,-4.028719],[120.339986,-4.026398],[120.34084,-4.026345],[120.341019,-4.026407],[120.340876,-4.027026],[120.34119,-4.02777],[120.344954,-4.031632],[120.346454,-4.032313],[120.346499,-4.032761],[120.345762,-4.033245],[120.3464,-4.033818],[120.346526,-4.033854],[120.346616,-4.033594],[120.346328,-4.033316],[120.346769,-4.032949],[120.346975,-4.032295],[120.349383,-4.031408],[120.349805,-4.031605],[120.350667,-4.032743],[120.351449,-4.033272],[120.352886,-4.03389],[120.354835,-4.033791],[120.354871,-4.034804],[120.354449,-4.035655],[120.352491,-4.036336],[120.348987,-4.036614],[120.3525,-4.036551],[120.35471,-4.035987],[120.354719,-4.036363],[120.354153,-4.037671],[120.354341,-4.037877],[120.354126,-4.038496],[120.353955,-4.038594],[120.353775,-4.03915],[120.353344,-4.03958],[120.353227,-4.041265],[120.352697,-4.041919],[120.351125,-4.042707],[120.349994,-4.042904],[120.349877,-4.043173],[120.348996,-4.043209],[120.348673,-4.042985],[120.34861,-4.042725],[120.348718,-4.042385],[120.348916,-4.042331],[120.348907,-4.041928],[120.345556,-4.042241],[120.345421,-4.042304],[120.345502,-4.042689],[120.345385,-4.043021],[120.342825,-4.043863],[120.340912,-4.045234],[120.340642,-4.043962],[120.34013,-4.043424],[120.339483,-4.043299],[120.338828,-4.043478],[120.338136,-4.043899],[120.337588,-4.043881],[120.335935,-4.043003],[120.334309,-4.042573],[120.332692,-4.041381],[120.331255,-4.040709],[120.331255,-4.040485],[120.33236,-4.039042],[120.333069,-4.038809],[120.333276,-4.038594],[120.333303,-4.037761],[120.333806,-4.036632],[120.333339,-4.034974],[120.333635,-4.033603],[120.333249,-4.03303],[120.332791,-4.032752],[120.33156,-4.03285],[120.331371,-4.031587],[120.33059,-4.030969],[120.330347,-4.030386],[120.330222,-4.029741],[120.330338,-4.029069],[120.331075,-4.028827],[120.331264,-4.028603],[120.331443,-4.026802],[120.333069,-4.026909],[120.333339,-4.026587],[120.333518,-4.025807],[120.333788,-4.025467],[120.334713,-4.02509],[120.336582,-4.023728],[120.337354,-4.023504],[120.338513,-4.023845]]]}},{"type":"Feature","properties":{"FID":87,"REMARK":"Tambak"},"geometry":{"type":"Polygon","coordinates":[[[120.34075,-4.021533],[120.341747,-4.021461],[120.342223,-4.02164],[120.343139,-4.02164],[120.345358,-4.021076],[120.346266,-4.020995],[120.347227,-4.02173],[120.348835,-4.021775],[120.349419,-4.021936],[120.349868,-4.022214],[120.350119,-4.022949],[120.350056,-4.02397],[120.349625,-4.025287],[120.349949,-4.026121],[120.350784,-4.02647],[120.351736,-4.026398],[120.352176,-4.026076],[120.353066,-4.02466],[120.353551,-4.02449],[120.354225,-4.024687],[120.355958,-4.025717],[120.356219,-4.027859],[120.356551,-4.028388],[120.356479,-4.028988],[120.355842,-4.029777],[120.354728,-4.03018],[120.354252,-4.030969],[120.353704,-4.031551],[120.352976,-4.033128],[120.35206,-4.032895],[120.351467,-4.032582],[120.350479,-4.031085],[120.349742,-4.03078],[120.348673,-4.030771],[120.346885,-4.031641],[120.345637,-4.031282],[120.341936,-4.027626],[120.341612,-4.027053],[120.341648,-4.026327],[120.341397,-4.025924],[120.341253,-4.025798],[120.340516,-4.025825],[120.340355,-4.02492],[120.339582,-4.024346],[120.339582,-4.023406],[120.339259,-4.023244],[120.33836,-4.023432],[120.337776,-4.023092],[120.337893,-4.02268],[120.339115,-4.022124],[120.340624,-4.020619],[120.340741,-4.020699],[120.340651,-4.021273],[120.34075,-4.021533]]]}},{"type":"Feature","properties":{"FID":88,"REMARK":"Tambak"},"geometry":{"type":"Polygon","coordinates":[[[120.32449,-4.0188],[120.32432,-4.019355],[120.323053,-4.018809],[120.322837,-4.018576],[120.322837,-4.018351],[120.32317,-4.018271],[120.32449,-4.0188]]]}},{"type":"Feature","properties":{"FID":89,"REMARK":"Tambak"},"geometry":{"type":"Polygon","coordinates":[[[120.328129,-4.015672],[120.328865,-4.015556],[120.329269,-4.014946],[120.330132,-4.01517],[120.331102,-4.015753],[120.331946,-4.015968],[120.331425,-4.017366],[120.331893,-4.01888],[120.331389,-4.020117],[120.33032,-4.021748],[120.330132,-4.022868],[120.329296,-4.024015],[120.328793,-4.024355],[120.326979,-4.024526],[120.326035,-4.023674],[120.325371,-4.023746],[120.32441,-4.023459],[120.324463,-4.023011],[120.32432,-4.02268],[120.324984,-4.02147],[120.324436,-4.020861],[120.324445,-4.019391],[120.324607,-4.018584],[120.324248,-4.01759],[120.324895,-4.01793],[120.324859,-4.018432],[120.325119,-4.018665],[120.325389,-4.019758],[120.326071,-4.020305],[120.32644,-4.020278],[120.326628,-4.019176],[120.326673,-4.016308],[120.32653,-4.015798],[120.325847,-4.015439],[120.325937,-4.014516],[120.326107,-4.014328],[120.326637,-4.014435],[120.32785,-4.015565],[120.328129,-4.015672]]]}},{"type":"Feature","properties":{"FID":90,"REMARK":"Tambak"},"geometry":{"type":"Polygon","coordinates":[[[120.319792,-4.009435],[120.321373,-4.00957],[120.321238,-4.01077],[120.32087,-4.011442],[120.320852,-4.012509],[120.321032,-4.013351],[120.320403,-4.012769],[120.320223,-4.012124],[120.319954,-4.011899],[120.319936,-4.011057],[120.319747,-4.010618],[120.319514,-4.010663],[120.31893,-4.011362],[120.319199,-4.011523],[120.319127,-4.012374],[120.317798,-4.012106],[120.317627,-4.011953],[120.317618,-4.011613],[120.31778,-4.011442],[120.318391,-4.01164],[120.318535,-4.011407],[120.318714,-4.011756],[120.318912,-4.011693],[120.318687,-4.010968],[120.318768,-4.01],[120.319397,-4.009426],[120.319792,-4.009435]]]}},{"type":"Feature","properties":{"FID":91,"REMARK":"Tambak"},"geometry":{"type":"Polygon","coordinates":[[[120.322649,-4.008503],[120.322442,-4.008924],[120.321921,-4.009301],[120.320583,-4.009355],[120.319451,-4.00922],[120.318364,-4.010062],[120.317789,-4.010027],[120.318067,-4.009301],[120.317663,-4.008557],[120.317708,-4.008037],[120.31928,-4.008691],[120.320044,-4.008593],[120.320412,-4.008136],[120.32043,-4.007715],[120.319855,-4.007078],[120.319388,-4.006836],[120.319424,-4.005878],[120.319702,-4.005591],[120.321472,-4.006801],[120.322433,-4.007267],[120.322649,-4.008503]]]}},{"type":"Feature","properties":{"FID":92,"REMARK":"Tambak"},"geometry":{"type":"Polygon","coordinates":[[[120.326278,-4.004829],[120.328075,-4.004677],[120.328227,-4.005385],[120.328596,-4.005636],[120.329566,-4.004901],[120.329799,-4.005152],[120.329916,-4.005663],[120.330258,-4.005976],[120.330707,-4.006075],[120.33147,-4.005663],[120.331982,-4.00568],[120.33403,-4.006935],[120.334013,-4.00715],[120.33324,-4.00758],[120.332746,-4.00827],[120.332539,-4.009776],[120.331884,-4.010627],[120.331821,-4.010985],[120.332198,-4.011908],[120.332746,-4.012357],[120.333411,-4.0125],[120.334623,-4.012294],[120.334929,-4.012473],[120.333716,-4.013405],[120.333033,-4.01483],[120.332342,-4.015654],[120.331542,-4.015609],[120.330473,-4.015018],[120.329225,-4.014704],[120.328928,-4.014803],[120.328641,-4.015224],[120.327967,-4.01526],[120.326952,-4.014292],[120.325937,-4.014059],[120.325164,-4.013082],[120.324742,-4.012921],[120.324419,-4.013038],[120.323898,-4.014077],[120.32361,-4.014077],[120.323125,-4.013369],[120.322397,-4.012858],[120.322074,-4.01164],[120.321445,-4.011201],[120.321553,-4.009632],[120.322182,-4.009498],[120.322685,-4.009095],[120.322972,-4.008064],[120.324203,-4.007661],[120.324266,-4.007302],[120.324023,-4.006863],[120.324221,-4.006344],[120.324904,-4.006191],[120.325191,-4.005985],[120.324877,-4.005134],[120.324904,-4.004686],[120.325272,-4.004435],[120.326278,-4.004829]]]}},{"type":"Feature","properties":{"FID":93,"REMARK":"Tambak"},"geometry":{"type":"Polygon","coordinates":[[[120.32467,-4.005241],[120.324913,-4.005958],[120.324068,-4.006137],[120.323844,-4.006783],[120.323915,-4.0075],[120.322811,-4.007867],[120.322613,-4.007204],[120.322954,-4.007222],[120.323017,-4.007025],[120.322514,-4.006819],[120.322577,-4.005878],[120.3222,-4.005385],[120.321849,-4.005412],[120.32184,-4.005008],[120.322622,-4.005071],[120.32299,-4.005313],[120.323583,-4.005367],[120.323853,-4.004964],[120.32379,-4.004336],[120.323987,-4.00396],[120.323969,-4.003413],[120.324122,-4.003306],[120.324634,-4.004318],[120.32467,-4.005241]]]}},{"type":"Feature","properties":{"FID":94,"REMARK":"Tambak"},"geometry":{"type":"Polygon","coordinates":[[[120.346966,-4.00499],[120.348233,-4.010233],[120.347496,-4.010609],[120.347766,-4.011389],[120.347074,-4.012724],[120.34614,-4.013118],[120.345583,-4.013952],[120.345107,-4.014283],[120.343642,-4.014866],[120.343714,-4.014982],[120.344163,-4.014946],[120.345816,-4.014149],[120.34623,-4.013477],[120.347254,-4.012984],[120.347568,-4.012258],[120.348305,-4.011711],[120.348395,-4.011371],[120.348044,-4.010878],[120.348565,-4.010582],[120.34914,-4.010475],[120.350937,-4.012616],[120.351898,-4.01448],[120.352176,-4.015439],[120.352599,-4.01543],[120.35321,-4.015063],[120.353713,-4.015143],[120.358617,-4.018692],[120.359408,-4.019615],[120.360234,-4.020923],[120.360441,-4.022348],[120.360225,-4.02397],[120.359668,-4.025171],[120.358833,-4.02578],[120.358267,-4.025825],[120.357387,-4.025377],[120.356345,-4.025162],[120.354692,-4.024149],[120.353713,-4.023836],[120.352572,-4.024266],[120.3517,-4.025771],[120.350802,-4.025915],[120.350137,-4.025511],[120.350209,-4.024705],[120.350595,-4.023504],[120.350568,-4.022653],[120.350236,-4.021963],[120.34976,-4.021604],[120.349203,-4.021398],[120.347649,-4.021219],[120.346328,-4.020592],[120.344271,-4.020798],[120.343454,-4.021174],[120.342538,-4.021255],[120.341181,-4.021022],[120.341046,-4.020278],[120.34057,-4.020126],[120.338926,-4.021846],[120.337705,-4.022429],[120.337175,-4.023056],[120.336151,-4.023316],[120.33465,-4.024561],[120.333608,-4.024974],[120.333285,-4.02535],[120.332881,-4.026398],[120.331237,-4.0263],[120.331003,-4.026614],[120.33112,-4.027528],[120.330761,-4.028495],[120.329198,-4.028666],[120.328982,-4.028227],[120.329108,-4.026587],[120.329575,-4.025404],[120.329611,-4.024221],[120.330608,-4.023065],[120.330895,-4.021954],[120.332423,-4.019481],[120.332494,-4.018593],[120.332099,-4.017814],[120.332009,-4.017267],[120.332584,-4.016317],[120.333581,-4.015269],[120.334228,-4.013925],[120.335396,-4.013226],[120.335728,-4.012715],[120.335683,-4.012195],[120.335351,-4.011792],[120.33315,-4.011684],[120.332872,-4.011487],[120.333303,-4.009955],[120.333536,-4.008342],[120.334147,-4.007795],[120.335216,-4.007571],[120.335683,-4.007168],[120.336052,-4.006523],[120.336294,-4.004856],[120.336645,-4.004748],[120.337255,-4.004955],[120.337812,-4.006541],[120.339025,-4.007607],[120.338971,-4.007912],[120.338522,-4.008458],[120.338603,-4.00931],[120.339043,-4.009632],[120.340175,-4.009516],[120.340534,-4.009731],[120.340525,-4.010788],[120.34075,-4.011577],[120.340678,-4.011935],[120.339798,-4.013118],[120.339932,-4.013172],[120.340606,-4.012733],[120.340992,-4.01224],[120.34084,-4.010699],[120.341064,-4.009695],[120.340974,-4.009426],[120.340507,-4.009086],[120.339807,-4.009077],[120.339115,-4.009301],[120.338881,-4.009202],[120.338801,-4.008808],[120.339483,-4.007975],[120.339519,-4.007482],[120.339259,-4.007007],[120.337839,-4.005761],[120.337767,-4.005205],[120.339771,-4.005044],[120.340435,-4.004686],[120.343211,-4.000564],[120.344316,-3.999264],[120.344523,-3.999246],[120.345277,-4.000071],[120.346059,-4.00241],[120.3464,-4.002687],[120.346966,-4.00499]]]}},{"type":"Feature","properties":{"FID":95,"REMARK":"Tambak"},"geometry":{"type":"Polygon","coordinates":[[[120.329701,-3.99749],[120.330761,-3.997839],[120.330752,-3.998019],[120.329512,-3.997821],[120.32926,-3.9987],[120.326862,-3.99844],[120.327015,-3.997866],[120.327419,-3.997804],[120.327617,-3.997436],[120.328093,-3.997409],[120.328398,-3.997033],[120.329701,-3.99749]]]}},{"type":"Feature","properties":{"FID":96,"REMARK":"Tambak"},"geometry":{"type":"Polygon","coordinates":[[[120.341621,-3.997221],[120.34119,-3.997266],[120.340606,-3.997042],[120.340552,-3.996182],[120.340121,-3.996002],[120.340292,-3.994999],[120.340974,-3.995267],[120.341424,-3.99619],[120.341621,-3.997221]]]}},{"type":"Feature","properties":{"FID":97,"REMARK":"Tambak"},"geometry":{"type":"Polygon","coordinates":[[[120.318049,-3.995438],[120.319505,-3.995483],[120.319936,-3.994676],[120.320448,-3.994828],[120.319828,-3.997105],[120.319792,-3.99852],[120.319523,-3.99887],[120.318508,-3.998449],[120.31884,-3.997795],[120.318526,-3.997669],[120.318427,-3.997463],[120.317501,-3.997553],[120.317475,-3.997042],[120.317187,-3.99654],[120.316504,-3.996298],[120.316495,-3.995733],[120.31619,-3.995626],[120.316181,-3.995178],[120.316909,-3.995008],[120.317034,-3.994434],[120.317771,-3.994371],[120.318049,-3.995438]]]}},{"type":"Feature","properties":{"FID":98,"REMARK":"Tambak"},"geometry":{"type":"Polygon","coordinates":[[[120.322101,-3.99507],[120.321733,-3.99507],[120.321742,-3.994667],[120.321436,-3.99464],[120.321499,-3.99343],[120.323197,-3.992597],[120.323969,-3.992597],[120.323745,-3.993233],[120.324203,-3.99378],[120.324203,-3.994255],[120.323655,-3.99447],[120.32229,-3.994622],[120.322101,-3.99507]]]}},{"type":"Feature","properties":{"FID":99,"REMARK":"Tambak"},"geometry":{"type":"Polygon","coordinates":[[[120.325344,-3.992525],[120.324607,-3.992391],[120.324365,-3.991916],[120.325586,-3.99128],[120.325811,-3.99214],[120.325344,-3.992525]]]}},{"type":"Feature","properties":{"FID":100,"REMARK":"Tambak"},"geometry":{"type":"Polygon","coordinates":[[[120.31601,-3.984272],[120.318148,-3.984102],[120.318229,-3.984415],[120.317546,-3.984612],[120.317564,-3.985016],[120.318427,-3.984836],[120.319109,-3.985096],[120.320412,-3.985069],[120.322236,-3.985768],[120.322676,-3.986208],[120.322909,-3.986709],[120.323071,-3.987821],[120.322855,-3.988564],[120.322002,-3.989371],[120.320915,-3.989469],[120.320385,-3.987937],[120.320071,-3.987534],[120.319442,-3.987068],[120.318786,-3.986853],[120.318364,-3.986978],[120.318032,-3.98731],[120.317546,-3.987184],[120.317034,-3.988269],[120.316702,-3.988672],[120.316513,-3.98877],[120.316379,-3.988627],[120.315804,-3.988869],[120.315741,-3.988511],[120.315193,-3.988358],[120.31513,-3.987274],[120.315175,-3.987157],[120.315624,-3.987122],[120.31566,-3.985903],[120.315067,-3.985957],[120.315175,-3.984774],[120.314636,-3.984478],[120.314555,-3.984155],[120.31416,-3.984084],[120.314088,-3.983492],[120.314232,-3.983385],[120.31522,-3.98351],[120.31601,-3.984272]]]}},{"type":"Feature","properties":{"FID":101,"REMARK":"Tambak"},"geometry":{"type":"Polygon","coordinates":[[[120.319945,-3.984568],[120.319801,-3.984541],[120.319541,-3.983179],[120.319702,-3.983053],[120.320214,-3.983044],[120.321041,-3.983322],[120.321023,-3.984379],[120.319945,-3.984568]]]}},{"type":"Feature","properties":{"FID":102,"REMARK":"Tambak"},"geometry":{"type":"Polygon","coordinates":[[[120.32573,-3.985616],[120.325955,-3.98696],[120.326251,-3.987372],[120.326655,-3.987507],[120.327194,-3.987364],[120.327383,-3.987113],[120.32759,-3.98541],[120.327832,-3.98498],[120.328479,-3.984872],[120.329117,-3.985329],[120.329395,-3.985822],[120.329368,-3.986781],[120.32776,-3.988045],[120.327347,-3.988842],[120.327329,-3.989514],[120.327194,-3.989658],[120.322595,-3.991656],[120.322056,-3.991477],[120.321993,-3.990482],[120.320951,-3.990446],[120.320161,-3.990115],[120.320277,-3.989532],[120.32096,-3.99007],[120.321679,-3.990097],[120.323511,-3.989003],[120.323547,-3.988788],[120.323745,-3.988708],[120.3237,-3.986844],[120.323367,-3.985813],[120.323574,-3.98558],[120.324553,-3.985616],[120.324895,-3.985356],[120.325272,-3.984711],[120.325362,-3.984057],[120.324661,-3.982363],[120.324661,-3.982031],[120.325083,-3.981521],[120.325649,-3.981386],[120.326053,-3.981565],[120.326188,-3.981888],[120.326107,-3.982578],[120.325712,-3.983438],[120.325568,-3.984182],[120.32573,-3.985616]]]}},{"type":"Feature","properties":{"FID":103,"REMARK":"Tambak"},"geometry":{"type":"Polygon","coordinates":[[[120.348907,-3.9817],[120.349922,-3.98196],[120.350299,-3.98334],[120.350317,-3.983904],[120.349706,-3.984352],[120.349607,-3.98575],[120.349248,-3.986432],[120.348925,-3.986969],[120.348637,-3.987005],[120.348062,-3.987803],[120.346508,-3.987139],[120.346508,-3.987283],[120.347874,-3.988045],[120.347281,-3.988878],[120.346742,-3.989254],[120.346203,-3.98929],[120.343786,-3.988466],[120.341963,-3.988179],[120.342034,-3.98834],[120.34446,-3.988878],[120.34649,-3.989631],[120.343813,-3.993242],[120.3434,-3.993574],[120.342232,-3.994156],[120.342187,-3.994013],[120.343094,-3.992955],[120.342951,-3.992803],[120.342744,-3.992955],[120.341864,-3.992301],[120.341585,-3.992669],[120.341738,-3.992803],[120.341684,-3.993],[120.342008,-3.993233],[120.341594,-3.99378],[120.341765,-3.994533],[120.341594,-3.994828],[120.339932,-3.994658],[120.338926,-3.995115],[120.338774,-3.994102],[120.337785,-3.993932],[120.337211,-3.993592],[120.33695,-3.993619],[120.336357,-3.9943],[120.335441,-3.993645],[120.335064,-3.992722],[120.335037,-3.991575],[120.335288,-3.991145],[120.335171,-3.990446],[120.334866,-3.990518],[120.334893,-3.992221],[120.334974,-3.993],[120.33536,-3.994174],[120.335279,-3.994425],[120.335037,-3.994568],[120.334453,-3.994479],[120.334111,-3.993475],[120.333779,-3.993672],[120.332782,-3.993636],[120.332944,-3.994049],[120.332899,-3.994712],[120.33448,-3.994882],[120.33518,-3.994837],[120.33571,-3.994201],[120.336151,-3.99447],[120.336357,-3.994846],[120.336582,-3.994828],[120.336959,-3.994049],[120.337453,-3.994031],[120.337633,-3.99464],[120.338558,-3.994595],[120.338477,-3.995724],[120.338872,-3.996226],[120.339573,-3.996388],[120.339591,-3.996907],[120.339277,-3.997642],[120.338666,-3.998287],[120.337624,-3.998825],[120.336151,-3.999031],[120.334192,-3.998888],[120.33315,-3.998207],[120.33271,-3.99766],[120.331416,-3.997669],[120.33112,-3.998252],[120.331434,-3.999049],[120.331875,-3.99887],[120.332063,-3.998404],[120.332926,-3.998359],[120.33342,-3.999201],[120.33501,-3.999291],[120.335594,-3.999658],[120.33633,-3.9993],[120.336707,-3.999345],[120.33828,-3.998888],[120.339438,-3.997839],[120.33987,-3.997024],[120.339888,-3.99628],[120.339645,-3.996056],[120.339025,-3.99585],[120.338971,-3.995527],[120.340076,-3.995008],[120.340004,-3.996029],[120.340471,-3.99628],[120.340489,-3.997131],[120.34128,-3.997436],[120.341711,-3.997355],[120.342259,-3.999533],[120.342214,-3.999909],[120.340391,-4.002024],[120.339304,-4.003754],[120.33704,-4.003655],[120.336151,-4.00396],[120.335369,-4.00482],[120.334731,-4.006218],[120.334516,-4.006532],[120.334345,-4.006541],[120.332081,-4.005205],[120.331354,-4.005134],[120.330455,-4.005501],[120.329979,-4.004677],[120.329611,-4.004435],[120.329018,-4.004596],[120.328578,-4.00517],[120.328434,-4.004578],[120.328156,-4.004282],[120.326557,-4.004426],[120.325523,-4.004148],[120.324742,-4.00422],[120.324347,-4.00318],[120.324041,-4.002858],[120.325002,-4.002472],[120.324886,-4.000859],[120.324607,-4.000519],[120.323233,-3.99982],[120.323062,-3.999228],[120.323592,-3.999363],[120.324472,-3.999291],[120.325236,-4.000098],[120.325982,-4.00034],[120.326206,-4.000259],[120.326341,-3.999954],[120.326359,-3.999157],[120.32688,-3.998646],[120.327518,-3.998529],[120.329377,-3.99878],[120.32953,-3.997893],[120.330815,-3.998099],[120.330788,-3.997768],[120.328874,-3.99706],[120.328712,-3.996845],[120.328892,-3.995527],[120.329871,-3.99369],[120.330006,-3.993045],[120.329961,-3.992095],[120.329278,-3.991979],[120.328964,-3.991629],[120.32865,-3.991638],[120.328452,-3.991898],[120.32759,-3.991799],[120.327509,-3.991611],[120.326988,-3.991405],[120.326934,-3.990617],[120.330231,-3.989362],[120.331192,-3.989254],[120.3313,-3.98843],[120.33121,-3.987086],[120.331479,-3.9861],[120.333536,-3.981691],[120.334022,-3.981897],[120.334013,-3.983268],[120.334129,-3.983564],[120.334596,-3.983904],[120.335153,-3.984012],[120.336195,-3.983618],[120.336932,-3.982874],[120.337687,-3.981422],[120.338172,-3.981279],[120.339501,-3.981646],[120.34101,-3.981816],[120.344649,-3.980956],[120.348907,-3.9817]],[[120.331937,-3.989344],[120.332261,-3.98929],[120.332342,-3.988744],[120.332,-3.986234],[120.331767,-3.986754],[120.331641,-3.987865],[120.331937,-3.989344]]]}},{"type":"Feature","properties":{"FID":104,"REMARK":"Tambak"},"geometry":{"type":"Polygon","coordinates":[[[120.325901,-3.974862],[120.328668,-3.975203],[120.329602,-3.974916],[120.329988,-3.976063],[120.329898,-3.977112],[120.329593,-3.977766],[120.329647,-3.978375],[120.329916,-3.979047],[120.33094,-3.978716],[120.331345,-3.978922],[120.331659,-3.978886],[120.332108,-3.97833],[120.332306,-3.978277],[120.333177,-3.978644],[120.334192,-3.97868],[120.334516,-3.978922],[120.333914,-3.979424],[120.3335,-3.980284],[120.332746,-3.981252],[120.332602,-3.982014],[120.331282,-3.984729],[120.330356,-3.987489],[120.329979,-3.988233],[120.329602,-3.988591],[120.328497,-3.989066],[120.327922,-3.989129],[120.328066,-3.98843],[120.329251,-3.987552],[120.329611,-3.987113],[120.329871,-3.986467],[120.329871,-3.985975],[120.329503,-3.985186],[120.328668,-3.984532],[120.328021,-3.984451],[120.327527,-3.984675],[120.327104,-3.985464],[120.326009,-3.984693],[120.325964,-3.983958],[120.326637,-3.982354],[120.326727,-3.981763],[120.326601,-3.981324],[120.325937,-3.980866],[120.32547,-3.980777],[120.324922,-3.980983],[120.324598,-3.981252],[120.324275,-3.981888],[120.324257,-3.982704],[120.324589,-3.983241],[120.324859,-3.984693],[120.32476,-3.984908],[120.324311,-3.985141],[120.323215,-3.985069],[120.322227,-3.983653],[120.321077,-3.982972],[120.319307,-3.982748],[120.319235,-3.981834],[120.318849,-3.981861],[120.318876,-3.983026],[120.31822,-3.983716],[120.316028,-3.983788],[120.315534,-3.98317],[120.314196,-3.983071],[120.314061,-3.982739],[120.313567,-3.982551],[120.313827,-3.981458],[120.314564,-3.981574],[120.31486,-3.979621],[120.315301,-3.979621],[120.315453,-3.978277],[120.315867,-3.978178],[120.315822,-3.97773],[120.315274,-3.977685],[120.315328,-3.97678],[120.315831,-3.97678],[120.315894,-3.975848],[120.316774,-3.975884],[120.316828,-3.975588],[120.317061,-3.975543],[120.316971,-3.974934],[120.316334,-3.974925],[120.316145,-3.975086],[120.314411,-3.974997],[120.314295,-3.974495],[120.31354,-3.974387],[120.313567,-3.973778],[120.319496,-3.974118],[120.325901,-3.974862]]]}},{"type":"Feature","properties":{"FID":105,"REMARK":"Tambak"},"geometry":{"type":"Polygon","coordinates":[[[120.339331,-3.973805],[120.340229,-3.973778],[120.34031,-3.97393],[120.340094,-3.975149],[120.34004,-3.976879],[120.339528,-3.978035],[120.339286,-3.978106],[120.338199,-3.977837],[120.336519,-3.97782],[120.336195,-3.980777],[120.33501,-3.981171],[120.334884,-3.980356],[120.334668,-3.980024],[120.334309,-3.979854],[120.3343,-3.979621],[120.335369,-3.97902],[120.335396,-3.978483],[120.335998,-3.977596],[120.336842,-3.97669],[120.33748,-3.976439],[120.33775,-3.976126],[120.337705,-3.975516],[120.337363,-3.975024],[120.33766,-3.97436],[120.33748,-3.973482],[120.337741,-3.973384],[120.338405,-3.973697],[120.339331,-3.973805]]]}},{"type":"Feature","properties":{"FID":106,"REMARK":"Tambak"},"geometry":{"type":"Polygon","coordinates":[[[120.336097,-3.972998],[120.337193,-3.973339],[120.337372,-3.974289],[120.337121,-3.975158],[120.337525,-3.976027],[120.337211,-3.976269],[120.336573,-3.976413],[120.335198,-3.978259],[120.335135,-3.978823],[120.334543,-3.978357],[120.332988,-3.978196],[120.332351,-3.977927],[120.331776,-3.978008],[120.331075,-3.977855],[120.330509,-3.978106],[120.330267,-3.977461],[120.330347,-3.976413],[120.330177,-3.975248],[120.330788,-3.975015],[120.331174,-3.974118],[120.33324,-3.973222],[120.334749,-3.976592],[120.334785,-3.976413],[120.333492,-3.973231],[120.334489,-3.973025],[120.336097,-3.972998]]]}},{"type":"Feature","properties":{"FID":107,"REMARK":"Tambak"},"geometry":{"type":"Polygon","coordinates":[[[120.344101,-3.973679],[120.345754,-3.973455],[120.345915,-3.974584],[120.34711,-3.974665],[120.34773,-3.974342],[120.348035,-3.973868],[120.349005,-3.973599],[120.351341,-3.973778],[120.351548,-3.973482],[120.352365,-3.973016],[120.35294,-3.973348],[120.35312,-3.973859],[120.352895,-3.976036],[120.352311,-3.976135],[120.352105,-3.976825],[120.352392,-3.97747],[120.351844,-3.979495],[120.352158,-3.979675],[120.352132,-3.979934],[120.351709,-3.98084],[120.350838,-3.980929],[120.349347,-3.980472],[120.349275,-3.980212],[120.348386,-3.979218],[120.349086,-3.978411],[120.349203,-3.977945],[120.348565,-3.978814],[120.348017,-3.978967],[120.347802,-3.979926],[120.347137,-3.979486],[120.347074,-3.980311],[120.344083,-3.980024],[120.342915,-3.980311],[120.342852,-3.980033],[120.343193,-3.979137],[120.343121,-3.978985],[120.342726,-3.978913],[120.342618,-3.978259],[120.342331,-3.978348],[120.342115,-3.979074],[120.342331,-3.979271],[120.342358,-3.979943],[120.342663,-3.980015],[120.342484,-3.980445],[120.341352,-3.980813],[120.340516,-3.98058],[120.340121,-3.980786],[120.338351,-3.98049],[120.337345,-3.980633],[120.335773,-3.982722],[120.334776,-3.982462],[120.334992,-3.981315],[120.336375,-3.980804],[120.336654,-3.978026],[120.338289,-3.978026],[120.339582,-3.978321],[120.340166,-3.976986],[120.34048,-3.973366],[120.342259,-3.972989],[120.342115,-3.971618],[120.343598,-3.971206],[120.344101,-3.973679]]]}},{"type":"Feature","properties":{"FID":108,"REMARK":"Tambak"},"geometry":{"type":"Polygon","coordinates":[[[120.327563,-3.971439],[120.327482,-3.974118],[120.327329,-3.974674],[120.320026,-3.97385],[120.314295,-3.97359],[120.313001,-3.973402],[120.313172,-3.972631],[120.313486,-3.97264],[120.313684,-3.971914],[120.314393,-3.972102],[120.314366,-3.972936],[120.316028,-3.973007],[120.316127,-3.971672],[120.31548,-3.971582],[120.315462,-3.971251],[120.313953,-3.970883],[120.313971,-3.970229],[120.316522,-3.970507],[120.326098,-3.970821],[120.327392,-3.971152],[120.327563,-3.971439]]]}},{"type":"Feature","properties":{"FID":109,"REMARK":"Tambak"},"geometry":{"type":"Polygon","coordinates":[[[120.329719,-3.974432],[120.327949,-3.974271],[120.327823,-3.971385],[120.329162,-3.97039],[120.329467,-3.969279],[120.330734,-3.968204],[120.330105,-3.973366],[120.329719,-3.974432]]]}},{"type":"Feature","properties":{"FID":110,"REMARK":"Tambak"},"geometry":{"type":"Polygon","coordinates":[[[120.349553,-3.96789],[120.350012,-3.967899],[120.35109,-3.96858],[120.351727,-3.969907],[120.352374,-3.971851],[120.3525,-3.972711],[120.350703,-3.973563],[120.349482,-3.97333],[120.347927,-3.973679],[120.347514,-3.974226],[120.346032,-3.974387],[120.345942,-3.973446],[120.347685,-3.972962],[120.347748,-3.972308],[120.349464,-3.971475],[120.349571,-3.971152],[120.350524,-3.970659],[120.350029,-3.968526],[120.349895,-3.968562],[120.350362,-3.970597],[120.34941,-3.971072],[120.349293,-3.971421],[120.34755,-3.97221],[120.34755,-3.972855],[120.344217,-3.973554],[120.34375,-3.971],[120.344801,-3.970713],[120.345125,-3.970355],[120.346032,-3.969889],[120.346553,-3.969252],[120.347397,-3.968697],[120.347712,-3.96815],[120.349553,-3.96789]]]}},{"type":"Feature","properties":{"FID":111,"REMARK":"Tambak"},"geometry":{"type":"Polygon","coordinates":[[[120.335234,-3.972792],[120.334354,-3.972801],[120.333384,-3.973025],[120.33324,-3.972918],[120.333438,-3.970749],[120.333932,-3.969243],[120.334228,-3.967361],[120.335854,-3.967666],[120.335953,-3.967783],[120.33589,-3.969665],[120.335567,-3.969808],[120.335234,-3.972792]]]}},{"type":"Feature","properties":{"FID":112,"REMARK":"Tambak"},"geometry":{"type":"Polygon","coordinates":[[[120.330536,-3.974907],[120.330123,-3.974889],[120.329907,-3.974468],[120.330267,-3.973419],[120.330877,-3.968114],[120.332503,-3.966869],[120.333752,-3.967039],[120.333968,-3.967218],[120.333914,-3.968186],[120.333698,-3.969467],[120.333312,-3.97057],[120.333015,-3.972971],[120.331075,-3.973894],[120.330536,-3.974907]]]}},{"type":"Feature","properties":{"FID":113,"REMARK":"Tambak"},"geometry":{"type":"Polygon","coordinates":[[[120.321894,-3.964072],[120.324724,-3.964108],[120.327868,-3.964413],[120.327958,-3.964234],[120.329404,-3.964556],[120.330285,-3.964583],[120.330276,-3.965605],[120.329503,-3.967021],[120.32953,-3.967146],[120.329889,-3.967227],[120.330258,-3.968267],[120.329233,-3.969172],[120.328937,-3.970274],[120.328362,-3.970713],[120.327778,-3.970767],[120.32379,-3.970328],[120.316828,-3.970274],[120.316828,-3.969503],[120.318049,-3.96962],[120.318121,-3.969136],[120.317789,-3.968975],[120.317807,-3.968589],[120.318049,-3.968562],[120.318202,-3.967603],[120.318705,-3.967603],[120.318993,-3.966429],[120.318032,-3.96617],[120.318121,-3.965148],[120.317466,-3.965022],[120.31751,-3.964547],[120.319972,-3.964834],[120.320143,-3.964279],[120.320816,-3.964306],[120.321068,-3.963983],[120.321894,-3.964072]]]}},{"type":"Feature","properties":{"FID":114,"REMARK":"Tambak"},"geometry":{"type":"Polygon","coordinates":[[[120.33704,-3.962728],[120.337013,-3.964736],[120.337426,-3.967317],[120.33616,-3.96746],[120.334363,-3.96711],[120.333492,-3.966716],[120.332548,-3.966582],[120.330716,-3.967854],[120.330302,-3.967935],[120.32997,-3.967048],[120.329719,-3.966976],[120.330428,-3.965721],[120.330635,-3.964485],[120.332135,-3.964252],[120.333195,-3.963266],[120.334408,-3.962961],[120.335306,-3.962979],[120.336914,-3.962477],[120.33704,-3.962728]]]}},{"type":"Feature","properties":{"FID":115,"REMARK":"Tambak"},"geometry":{"type":"Polygon","coordinates":[[[120.348736,-3.967317],[120.348835,-3.967693],[120.347667,-3.968016],[120.347254,-3.968509],[120.346328,-3.969109],[120.345574,-3.969898],[120.344819,-3.970265],[120.344729,-3.97048],[120.343472,-3.970803],[120.343301,-3.971072],[120.34199,-3.971484],[120.342079,-3.972864],[120.340552,-3.973115],[120.340202,-3.97359],[120.339322,-3.973626],[120.338387,-3.973473],[120.336716,-3.972891],[120.335423,-3.972711],[120.335701,-3.970005],[120.335998,-3.969826],[120.336097,-3.969199],[120.336124,-3.967774],[120.338585,-3.967335],[120.340489,-3.967317],[120.341531,-3.967066],[120.342618,-3.965793],[120.344667,-3.963911],[120.34428,-3.961787],[120.345071,-3.960837],[120.345277,-3.960891],[120.346194,-3.962208],[120.346194,-3.962468],[120.346634,-3.963239],[120.34799,-3.965058],[120.347892,-3.965515],[120.348853,-3.967102],[120.348736,-3.967317]]]}},{"type":"Feature","properties":{"FID":116,"REMARK":"Tambak"},"geometry":{"type":"Polygon","coordinates":[[[120.344092,-3.961608],[120.344029,-3.961984],[120.344298,-3.963786],[120.342403,-3.965686],[120.341567,-3.966734],[120.340418,-3.967057],[120.338935,-3.967093],[120.338765,-3.966913],[120.337588,-3.967066],[120.337193,-3.964583],[120.337273,-3.962459],[120.338675,-3.961841],[120.339807,-3.961904],[120.340786,-3.961617],[120.342223,-3.961617],[120.34358,-3.960775],[120.344424,-3.960999],[120.344092,-3.961608]]]}},{"type":"Feature","properties":{"FID":117,"REMARK":"Tambak"},"geometry":{"type":"Polygon","coordinates":[[[120.343975,-3.957755],[120.344325,-3.958471],[120.344199,-3.958758],[120.344379,-3.959269],[120.344433,-3.960568],[120.343337,-3.960595],[120.342286,-3.96133],[120.340867,-3.961312],[120.339905,-3.961572],[120.338459,-3.961554],[120.335836,-3.962433],[120.334282,-3.962468],[120.334201,-3.962692],[120.33306,-3.962979],[120.332144,-3.963866],[120.32997,-3.964323],[120.326844,-3.963813],[120.322559,-3.963902],[120.321023,-3.963786],[120.321005,-3.963114],[120.319442,-3.962827],[120.319568,-3.96245],[120.320888,-3.962567],[120.32078,-3.96142],[120.319397,-3.961241],[120.319379,-3.960425],[120.319756,-3.959619],[120.324032,-3.960479],[120.327634,-3.961017],[120.3282,-3.960282],[120.329611,-3.960156],[120.330913,-3.959798],[120.336411,-3.957647],[120.337615,-3.957584],[120.338046,-3.957737],[120.338998,-3.957737],[120.341451,-3.956876],[120.342906,-3.956527],[120.343382,-3.956778],[120.343975,-3.957755]]]}},{"type":"Feature","properties":{"FID":118,"REMARK":"Tambak"},"geometry":{"type":"Polygon","coordinates":[[[120.32785,-3.956455],[120.328012,-3.95814],[120.328524,-3.958436],[120.327976,-3.960013],[120.327706,-3.959932],[120.327895,-3.959135],[120.327051,-3.958928],[120.327356,-3.956742],[120.326817,-3.956661],[120.326673,-3.955496],[120.327733,-3.955182],[120.32785,-3.956455]]]}},{"type":"Feature","properties":{"FID":119,"REMARK":"Tambak"},"geometry":{"type":"Polygon","coordinates":[[[120.323547,-3.958704],[120.323359,-3.960111],[120.3199,-3.959394],[120.319451,-3.959439],[120.319244,-3.960389],[120.319271,-3.961339],[120.320646,-3.961509],[120.320691,-3.962433],[120.319361,-3.962334],[120.319289,-3.962899],[120.320798,-3.963212],[120.320753,-3.964046],[120.31999,-3.964117],[120.319774,-3.964637],[120.31672,-3.964198],[120.316846,-3.963275],[120.318103,-3.963347],[120.318355,-3.962585],[120.318535,-3.962504],[120.318651,-3.961545],[120.316666,-3.961241],[120.316747,-3.959959],[120.315651,-3.959798],[120.315741,-3.958445],[120.317933,-3.95866],[120.318508,-3.955272],[120.318094,-3.955066],[120.318535,-3.953157],[120.319604,-3.953444],[120.319118,-3.955362],[120.318975,-3.957477],[120.32246,-3.957916],[120.322496,-3.95857],[120.323547,-3.958704]]]}},{"type":"Feature","properties":{"FID":120,"REMARK":"Tambak"},"geometry":{"type":"Polygon","coordinates":[[[120.335629,-3.952834],[120.336168,-3.952861],[120.336339,-3.95356],[120.334057,-3.953865],[120.333671,-3.954071],[120.333743,-3.954528],[120.333572,-3.954788],[120.33403,-3.956339],[120.334749,-3.95797],[120.333959,-3.958418],[120.333123,-3.956858],[120.331677,-3.95581],[120.331686,-3.954654],[120.333267,-3.954179],[120.33324,-3.954],[120.333509,-3.953847],[120.33342,-3.953274],[120.333536,-3.95279],[120.334668,-3.952682],[120.334794,-3.951858],[120.335719,-3.9521],[120.335629,-3.952834]]]}},{"type":"Feature","properties":{"FID":121,"REMARK":"Tambak"},"geometry":{"type":"Polygon","coordinates":[[[120.339295,-3.948282],[120.33987,-3.948551],[120.339762,-3.949868],[120.340319,-3.949922],[120.3404,-3.95054],[120.340795,-3.950711],[120.340822,-3.951159],[120.337597,-3.95097],[120.338163,-3.948327],[120.339295,-3.948282]]]}},{"type":"Feature","properties":{"FID":122,"REMARK":"Tambak"},"geometry":{"type":"Polygon","coordinates":[[[120.337974,-3.947897],[120.337426,-3.951105],[120.340777,-3.951257],[120.340822,-3.952333],[120.34119,-3.952655],[120.341585,-3.95365],[120.341891,-3.953749],[120.342753,-3.955935],[120.342744,-3.956204],[120.339178,-3.95745],[120.336627,-3.95736],[120.334911,-3.957979],[120.334201,-3.956383],[120.33377,-3.954752],[120.333869,-3.954618],[120.333752,-3.954179],[120.336447,-3.953686],[120.336366,-3.953032],[120.336591,-3.952799],[120.335692,-3.952682],[120.335818,-3.952019],[120.334668,-3.951732],[120.334552,-3.952557],[120.333411,-3.95253],[120.332818,-3.953847],[120.331605,-3.954439],[120.33156,-3.955819],[120.333042,-3.956975],[120.33377,-3.958436],[120.330734,-3.959628],[120.328191,-3.960013],[120.328659,-3.958391],[120.328129,-3.958131],[120.327814,-3.955003],[120.326548,-3.955371],[120.326494,-3.955505],[120.326727,-3.956831],[120.327158,-3.956814],[120.326925,-3.958991],[120.327769,-3.959269],[120.327572,-3.960094],[120.327841,-3.9603],[120.327679,-3.960703],[120.323628,-3.960201],[120.323763,-3.958624],[120.322649,-3.95848],[120.322613,-3.957799],[120.319136,-3.957351],[120.319379,-3.955299],[120.320699,-3.955622],[120.325128,-3.953023],[120.328721,-3.951867],[120.329242,-3.951508],[120.331345,-3.951419],[120.332054,-3.950944],[120.333968,-3.951105],[120.334327,-3.950773],[120.335216,-3.9489],[120.336007,-3.948327],[120.336097,-3.947807],[120.336878,-3.947986],[120.337714,-3.947717],[120.337974,-3.947897]]]}},{"type":"Feature","properties":{"FID":123,"REMARK":"Tambak"},"geometry":{"type":"Polygon","coordinates":[[[120.315723,-3.948363],[120.316882,-3.948264],[120.316882,-3.947664],[120.317367,-3.947556],[120.317528,-3.947655],[120.317879,-3.949537],[120.317061,-3.949626],[120.317618,-3.951517],[120.31698,-3.951598],[120.317124,-3.952557],[120.318553,-3.952718],[120.318759,-3.952028],[120.319648,-3.952243],[120.319433,-3.951123],[120.32131,-3.950872],[120.32202,-3.952575],[120.321212,-3.952879],[120.321571,-3.954949],[120.320664,-3.955451],[120.319451,-3.955111],[120.319756,-3.953354],[120.318526,-3.953041],[120.317924,-3.955129],[120.318328,-3.955371],[120.318211,-3.95615],[120.316765,-3.95589],[120.316774,-3.955568],[120.316558,-3.955469],[120.316837,-3.954448],[120.31663,-3.954259],[120.316657,-3.953399],[120.315013,-3.953292],[120.314959,-3.952727],[120.313118,-3.952297],[120.313082,-3.952028],[120.31363,-3.950997],[120.313845,-3.950012],[120.314582,-3.949313],[120.315085,-3.948219],[120.315166,-3.947601],[120.315606,-3.947556],[120.315723,-3.948363]]]}},{"type":"Feature","properties":{"FID":124,"REMARK":"Tambak"},"geometry":{"type":"Polygon","coordinates":[[[120.319586,-3.947242],[120.319631,-3.94804],[120.318606,-3.948085],[120.319163,-3.950531],[120.32008,-3.950504],[120.320232,-3.9508],[120.322873,-3.950737],[120.322595,-3.952521],[120.322613,-3.954259],[120.321903,-3.954654],[120.321391,-3.952924],[120.322164,-3.952673],[120.321445,-3.95089],[120.319325,-3.951078],[120.319532,-3.952135],[120.318741,-3.951929],[120.318499,-3.952557],[120.317205,-3.952413],[120.317187,-3.951741],[120.317807,-3.951625],[120.317232,-3.949761],[120.317906,-3.949716],[120.318076,-3.950406],[120.318211,-3.950495],[120.318247,-3.950397],[120.317708,-3.947502],[120.316792,-3.947619],[120.316801,-3.948174],[120.315813,-3.948183],[120.315804,-3.947538],[120.31672,-3.947439],[120.318481,-3.946973],[120.31743,-3.945799],[120.317457,-3.945674],[120.31955,-3.946167],[120.319586,-3.947242]]]}},{"type":"Feature","properties":{"FID":125,"REMARK":"Tambak"},"geometry":{"type":"Polygon","coordinates":[[[120.313037,-3.945701],[120.314932,-3.945826],[120.314825,-3.946355],[120.314546,-3.946409],[120.314366,-3.946767],[120.314896,-3.947547],[120.314896,-3.948147],[120.314555,-3.948631],[120.314366,-3.949214],[120.31372,-3.949922],[120.31345,-3.950944],[120.313154,-3.951203],[120.312866,-3.951114],[120.312839,-3.95097],[120.312893,-3.950531],[120.313109,-3.950397],[120.313109,-3.948963],[120.312516,-3.948578],[120.312642,-3.947144],[120.312372,-3.946418],[120.312669,-3.945746],[120.313037,-3.945701]]]}},{"type":"Feature","properties":{"FID":126,"REMARK":"Tambak"},"geometry":{"type":"Polygon","coordinates":[[[120.317807,-3.947],[120.317196,-3.947215],[120.315094,-3.947296],[120.314744,-3.946705],[120.315148,-3.946472],[120.315193,-3.945871],[120.315678,-3.945298],[120.315876,-3.944545],[120.316244,-3.944554],[120.316846,-3.944876],[120.316891,-3.945441],[120.318247,-3.946875],[120.317807,-3.947]]]}},{"type":"Feature","properties":{"FID":127,"REMARK":"Tambak"},"geometry":{"type":"Polygon","coordinates":[[[120.326188,-3.944482],[120.325712,-3.946678],[120.324975,-3.952834],[120.322793,-3.954116],[120.322676,-3.953005],[120.323026,-3.950621],[120.320295,-3.950773],[120.320178,-3.950388],[120.31928,-3.950451],[120.318732,-3.948156],[120.31972,-3.948147],[120.319711,-3.946185],[120.317537,-3.94562],[120.317412,-3.944948],[120.317816,-3.944706],[120.319514,-3.944581],[120.320538,-3.944867],[120.320897,-3.945217],[120.32105,-3.946041],[120.321822,-3.946328],[120.321885,-3.946194],[120.321292,-3.945755],[120.321203,-3.945513],[120.321768,-3.945378],[120.322298,-3.944634],[120.32264,-3.944464],[120.323053,-3.944428],[120.323853,-3.944876],[120.324293,-3.944858],[120.324931,-3.944375],[120.326098,-3.944348],[120.326188,-3.944482]]]}},{"type":"Feature","properties":{"FID":128,"REMARK":"Tambak"},"geometry":{"type":"Polygon","coordinates":[[[120.315525,-3.944563],[120.315346,-3.945163],[120.314501,-3.944921],[120.314025,-3.944572],[120.313405,-3.94485],[120.313288,-3.944751],[120.313486,-3.943971],[120.313747,-3.943846],[120.314321,-3.943926],[120.315525,-3.944563]]]}},{"type":"Feature","properties":{"FID":129,"REMARK":"Tambak"},"geometry":{"type":"Polygon","coordinates":[[[120.338639,-3.944142],[120.338531,-3.944509],[120.33881,-3.945602],[120.338765,-3.945997],[120.339187,-3.946687],[120.338908,-3.947914],[120.338351,-3.948004],[120.337893,-3.947431],[120.336932,-3.947699],[120.335908,-3.947583],[120.335737,-3.947744],[120.335746,-3.948147],[120.335046,-3.948721],[120.333977,-3.950809],[120.331964,-3.950675],[120.331434,-3.951105],[120.32962,-3.951194],[120.325191,-3.952709],[120.325658,-3.949689],[120.325874,-3.947099],[120.326485,-3.944428],[120.326907,-3.943792],[120.327006,-3.943326],[120.327006,-3.94269],[120.326512,-3.941426],[120.327158,-3.940736],[120.327554,-3.940781],[120.328326,-3.941569],[120.329027,-3.94191],[120.329898,-3.942941],[120.33041,-3.943308],[120.331731,-3.943532],[120.331937,-3.943218],[120.333042,-3.943263],[120.333581,-3.943962],[120.334075,-3.944186],[120.335405,-3.9439],[120.336124,-3.94303],[120.335989,-3.942313],[120.334713,-3.941292],[120.334561,-3.940682],[120.334641,-3.94027],[120.334875,-3.940118],[120.335423,-3.940145],[120.33677,-3.94053],[120.337507,-3.940835],[120.337794,-3.942134],[120.338315,-3.942322],[120.338576,-3.943138],[120.338639,-3.944142]]]}},{"type":"Feature","properties":{"FID":130,"REMARK":"Tambak"},"geometry":{"type":"Polygon","coordinates":[[[120.321517,-3.939526],[120.321786,-3.939481],[120.321786,-3.938944],[120.322002,-3.938944],[120.322191,-3.93932],[120.322155,-3.940037],[120.32229,-3.940306],[120.322595,-3.940467],[120.323448,-3.94027],[120.324122,-3.940673],[120.32458,-3.941148],[120.324877,-3.94122],[120.325434,-3.940853],[120.325856,-3.939777],[120.326341,-3.939849],[120.326817,-3.940503],[120.326125,-3.941363],[120.326323,-3.942161],[120.325757,-3.94217],[120.325694,-3.942286],[120.32573,-3.94251],[120.326485,-3.942591],[120.326565,-3.943093],[120.326413,-3.943496],[120.326027,-3.94372],[120.32538,-3.943129],[120.325038,-3.943129],[120.324508,-3.944285],[120.324221,-3.9445],[120.323817,-3.944482],[120.323376,-3.94407],[120.322855,-3.94398],[120.322083,-3.944258],[120.321463,-3.944912],[120.321265,-3.944948],[120.320996,-3.944572],[120.320143,-3.944446],[120.319801,-3.944222],[120.317564,-3.94424],[120.317385,-3.944509],[120.31707,-3.944572],[120.316558,-3.944142],[120.315723,-3.944168],[120.314977,-3.94398],[120.314519,-3.943487],[120.3138,-3.943245],[120.313944,-3.942681],[120.314438,-3.942735],[120.314842,-3.94251],[120.315076,-3.941507],[120.315768,-3.941596],[120.316585,-3.940969],[120.316998,-3.939705],[120.317501,-3.939454],[120.317564,-3.939239],[120.317493,-3.938836],[120.31707,-3.938352],[120.317025,-3.938012],[120.318858,-3.938003],[120.320053,-3.938254],[120.320682,-3.938567],[120.320744,-3.939123],[120.321283,-3.939275],[120.321517,-3.939526]]]}},{"type":"Feature","properties":{"FID":131,"REMARK":"Tambak"},"geometry":{"type":"Polygon","coordinates":[[[120.326431,-3.933826],[120.326018,-3.935117],[120.324499,-3.935565],[120.324275,-3.934714],[120.32388,-3.934507],[120.32335,-3.934588],[120.323125,-3.932007],[120.325254,-3.931541],[120.324742,-3.933038],[120.326431,-3.933826]]]}},{"type":"Feature","properties":{"FID":132,"REMARK":"Tambak"},"geometry":{"type":"Polygon","coordinates":[[[120.322685,-3.930322],[120.323152,-3.933351],[120.323188,-3.934812],[120.323763,-3.934767],[120.324149,-3.934947],[120.324257,-3.935269],[120.324113,-3.935601],[120.323556,-3.935655],[120.323574,-3.936407],[120.323269,-3.936667],[120.323152,-3.937322],[120.322388,-3.937635],[120.322155,-3.938585],[120.321652,-3.93863],[120.321454,-3.938971],[120.320969,-3.938962],[120.321077,-3.938334],[120.320717,-3.938083],[120.318624,-3.937761],[120.316837,-3.937796],[120.316585,-3.936121],[120.315408,-3.935735],[120.315525,-3.933898],[120.315426,-3.933172],[120.315795,-3.93103],[120.316801,-3.931272],[120.317726,-3.93198],[120.31849,-3.932115],[120.318579,-3.932599],[120.320241,-3.933253],[120.320439,-3.93319],[120.320601,-3.932608],[120.320448,-3.931774],[120.320843,-3.930654],[120.321364,-3.930752],[120.321652,-3.930421],[120.322685,-3.930322]]]}},{"type":"Feature","properties":{"FID":133,"REMARK":"Tambak"},"geometry":{"type":"Polygon","coordinates":[[[120.336501,-3.932769],[120.333806,-3.931711],[120.331479,-3.931478],[120.33174,-3.930242],[120.334569,-3.930806],[120.335845,-3.931819],[120.336681,-3.932276],[120.336501,-3.932769]]]}},{"type":"Feature","properties":{"FID":134,"REMARK":"Tambak"},"geometry":{"type":"Polygon","coordinates":[[[120.326503,-3.931917],[120.326359,-3.931631],[120.327814,-3.929695],[120.328209,-3.931317],[120.326503,-3.931917]]]}},{"type":"Feature","properties":{"FID":135,"REMARK":"Tambak"},"geometry":{"type":"Polygon","coordinates":[[[120.32573,-3.930143],[120.32626,-3.93198],[120.326763,-3.932858],[120.326485,-3.933647],[120.324886,-3.932975],[120.325434,-3.93138],[120.323107,-3.93181],[120.32299,-3.929767],[120.323727,-3.927876],[120.325982,-3.928843],[120.32573,-3.930143]]]}},{"type":"Feature","properties":{"FID":136,"REMARK":"Tambak"},"geometry":{"type":"Polygon","coordinates":[[[120.328497,-3.926594],[120.329763,-3.926746],[120.333312,-3.926657],[120.334426,-3.927168],[120.338226,-3.928315],[120.337435,-3.930851],[120.336698,-3.932195],[120.334578,-3.930708],[120.331641,-3.930161],[120.33138,-3.931559],[120.333608,-3.931783],[120.335971,-3.932643],[120.336519,-3.933002],[120.336654,-3.933369],[120.336007,-3.935583],[120.336115,-3.935968],[120.335585,-3.936891],[120.334704,-3.936882],[120.333671,-3.936461],[120.330132,-3.935789],[120.330042,-3.936309],[120.329072,-3.936372],[120.329207,-3.937187],[120.330222,-3.93716],[120.330276,-3.936013],[120.333905,-3.936721],[120.335243,-3.937223],[120.335665,-3.93889],[120.334534,-3.939562],[120.334066,-3.940557],[120.334363,-3.941534],[120.335719,-3.942609],[120.335612,-3.943102],[120.33518,-3.943434],[120.334345,-3.943532],[120.333015,-3.942708],[120.332279,-3.94269],[120.331174,-3.942994],[120.330653,-3.942887],[120.329296,-3.941417],[120.327545,-3.940324],[120.327113,-3.94027],[120.326664,-3.939732],[120.325919,-3.939392],[120.325568,-3.93949],[120.325155,-3.940539],[120.324823,-3.940736],[120.323844,-3.939912],[120.323466,-3.939813],[120.322703,-3.939938],[120.322451,-3.939159],[120.322478,-3.938711],[120.323448,-3.93742],[120.32405,-3.935995],[120.324275,-3.935825],[120.325056,-3.935762],[120.326179,-3.935242],[120.327042,-3.932733],[120.326628,-3.932294],[120.326574,-3.932025],[120.328371,-3.931425],[120.328111,-3.930062],[120.327751,-3.929408],[120.326305,-3.931442],[120.325928,-3.930152],[120.326125,-3.929758],[120.325973,-3.929596],[120.326161,-3.92879],[120.324212,-3.92801],[120.323933,-3.927598],[120.324616,-3.926881],[120.325559,-3.925124],[120.32741,-3.92585],[120.32741,-3.926209],[120.327572,-3.926388],[120.328497,-3.926594]]]}},{"type":"Feature","properties":{"FID":137,"REMARK":"Tambak"},"geometry":{"type":"Polygon","coordinates":[[[120.332288,-3.919944],[120.332611,-3.919953],[120.334048,-3.919227],[120.334767,-3.91963],[120.335153,-3.920061],[120.336734,-3.919828],[120.337498,-3.920401],[120.338001,-3.921539],[120.338342,-3.92188],[120.339223,-3.921441],[120.339331,-3.921127],[120.339196,-3.920356],[120.339735,-3.920213],[120.340175,-3.920401],[120.340112,-3.921369],[120.340373,-3.92145],[120.340328,-3.922059],[120.339223,-3.924784],[120.338935,-3.926182],[120.338648,-3.926388],[120.338378,-3.927553],[120.338199,-3.92775],[120.334677,-3.926988],[120.333294,-3.926388],[120.330276,-3.926477],[120.327769,-3.926164],[120.328326,-3.924156],[120.327832,-3.923762],[120.328093,-3.920993],[120.328452,-3.920993],[120.328892,-3.91868],[120.332288,-3.919944]]]}},{"type":"Feature","properties":{"FID":138,"REMARK":"Tambak"},"geometry":{"type":"Polygon","coordinates":[[[120.32838,-3.920796],[120.327994,-3.920849],[120.327715,-3.923708],[120.327751,-3.923977],[120.328147,-3.924103],[120.328182,-3.924255],[120.327769,-3.925501],[120.327581,-3.925626],[120.325622,-3.924775],[120.326521,-3.922077],[120.327257,-3.91808],[120.328757,-3.918573],[120.32838,-3.920796]]]}},{"type":"Feature","properties":{"FID":139,"REMARK":"Tambak"},"geometry":{"type":"Polygon","coordinates":[[[120.338594,-3.921504],[120.338324,-3.921441],[120.337714,-3.920195],[120.336707,-3.919523],[120.336312,-3.919039],[120.335944,-3.918421],[120.336079,-3.918026],[120.338064,-3.918474],[120.338082,-3.918887],[120.338621,-3.919415],[120.338405,-3.919953],[120.338845,-3.920365],[120.339025,-3.921082],[120.338962,-3.921306],[120.338594,-3.921504]]]}},{"type":"Feature","properties":{"FID":140,"REMARK":"Tambak"},"geometry":{"type":"Polygon","coordinates":[[[120.332656,-3.916449],[120.333087,-3.916126],[120.335755,-3.916261],[120.336151,-3.916718],[120.336177,-3.917094],[120.335692,-3.918564],[120.336303,-3.919586],[120.335378,-3.919783],[120.33403,-3.918976],[120.332342,-3.919774],[120.330374,-3.919138],[120.328578,-3.918322],[120.328937,-3.917112],[120.330078,-3.917506],[120.33041,-3.917076],[120.32997,-3.91678],[120.329099,-3.916547],[120.32926,-3.915481],[120.330832,-3.915786],[120.332656,-3.916449]]]}},{"type":"Feature","properties":{"FID":141,"REMARK":"Tambak"},"geometry":{"type":"Polygon","coordinates":[[[120.330797,-3.914997],[120.33068,-3.91558],[120.328856,-3.915248],[120.328695,-3.915418],[120.327724,-3.915194],[120.32794,-3.914137],[120.328964,-3.914289],[120.330797,-3.914997]]]}},{"type":"Feature","properties":{"FID":142,"REMARK":"Tambak"},"geometry":{"type":"Polygon","coordinates":[[[120.337345,-3.894106],[120.33925,-3.893936],[120.339717,-3.894061],[120.338387,-3.896813],[120.337678,-3.897655],[120.337426,-3.897754],[120.336402,-3.897341],[120.336833,-3.895764],[120.336492,-3.895432],[120.336222,-3.89424],[120.336519,-3.8939],[120.337345,-3.894106]]]}},{"type":"Feature","properties":{"FID":143,"REMARK":"Tambak"},"geometry":{"type":"Polygon","coordinates":[[[120.344774,-3.897538],[120.343894,-3.903212],[120.343625,-3.906572],[120.342807,-3.910274],[120.34243,-3.910982],[120.341909,-3.91143],[120.340409,-3.915069],[120.3411,-3.91549],[120.340849,-3.916601],[120.339888,-3.916279],[120.339708,-3.916547],[120.340651,-3.917112],[120.340525,-3.918438],[120.340337,-3.918994],[120.339977,-3.919442],[120.339196,-3.919783],[120.338792,-3.920213],[120.338432,-3.919899],[120.33872,-3.919442],[120.338172,-3.918922],[120.338154,-3.91843],[120.336222,-3.917946],[120.336402,-3.916861],[120.336186,-3.91618],[120.335612,-3.915911],[120.332854,-3.915848],[120.332458,-3.91618],[120.331003,-3.915624],[120.331012,-3.91506],[120.33174,-3.912963],[120.33227,-3.912138],[120.332674,-3.911842],[120.333123,-3.910166],[120.333563,-3.909378],[120.334399,-3.909709],[120.334632,-3.90832],[120.335297,-3.90694],[120.335558,-3.906653],[120.336348,-3.90651],[120.336923,-3.905506],[120.336815,-3.904251],[120.337202,-3.903669],[120.337246,-3.901885],[120.337031,-3.901572],[120.336968,-3.900397],[120.336627,-3.899447],[120.336555,-3.897789],[120.336761,-3.897709],[120.337588,-3.897987],[120.3381,-3.897682],[120.340642,-3.893111],[120.341082,-3.8926],[120.34305,-3.89139],[120.343454,-3.891005],[120.343849,-3.891354],[120.343696,-3.891569],[120.343993,-3.892672],[120.34402,-3.893586],[120.343759,-3.893667],[120.343714,-3.894016],[120.343984,-3.894563],[120.343885,-3.895011],[120.344029,-3.896382],[120.344774,-3.896839],[120.344774,-3.897538]]]}},{"type":"Feature","properties":{"FID":144,"REMARK":"Tambak"},"geometry":{"type":"Polygon","coordinates":[[[120.34093,-3.88837],[120.34075,-3.88949],[120.340139,-3.889669],[120.339977,-3.889938],[120.34101,-3.890763],[120.342538,-3.890306],[120.343121,-3.890655],[120.34313,-3.890844],[120.342017,-3.891686],[120.341747,-3.891489],[120.340166,-3.892995],[120.339618,-3.893747],[120.337723,-3.893962],[120.33669,-3.893756],[120.336546,-3.893658],[120.336115,-3.89234],[120.335926,-3.892376],[120.335899,-3.893075],[120.334893,-3.892421],[120.335279,-3.891292],[120.335234,-3.890826],[120.335513,-3.889732],[120.335432,-3.889392],[120.335728,-3.889383],[120.335791,-3.888666],[120.337453,-3.888191],[120.338576,-3.888549],[120.33881,-3.888227],[120.339744,-3.887931],[120.339717,-3.887734],[120.340391,-3.886712],[120.340364,-3.885932],[120.340678,-3.885878],[120.341037,-3.886219],[120.340705,-3.88716],[120.34093,-3.88837]]]}},{"type":"Feature","properties":{"FID":145,"REMARK":"Tambak"},"geometry":{"type":"Polygon","coordinates":[[[120.338693,-3.884803],[120.337543,-3.884946],[120.336725,-3.886604],[120.336716,-3.886918],[120.336968,-3.887169],[120.336995,-3.887483],[120.338289,-3.887375],[120.338217,-3.887967],[120.33757,-3.887993],[120.335818,-3.888504],[120.335764,-3.887142],[120.335468,-3.886864],[120.335423,-3.88647],[120.335594,-3.88604],[120.335953,-3.885869],[120.336007,-3.885179],[120.335782,-3.884991],[120.335926,-3.884516],[120.3366,-3.884059],[120.337498,-3.883871],[120.337947,-3.883315],[120.33845,-3.883691],[120.338657,-3.88414],[120.338944,-3.884229],[120.338926,-3.884579],[120.338693,-3.884803]]]}},{"type":"Feature","properties":{"FID":146,"REMARK":"Tambak"},"geometry":{"type":"Polygon","coordinates":[[[120.339223,-3.883575],[120.33713,-3.88206],[120.337444,-3.881998],[120.338333,-3.882455],[120.339636,-3.882517],[120.339438,-3.883279],[120.339223,-3.883575]]]}},{"type":"Feature","properties":{"FID":147,"REMARK":"Tambak"},"geometry":{"type":"Polygon","coordinates":[[[120.341352,-3.878018],[120.340894,-3.880438],[120.340651,-3.880922],[120.339968,-3.880761],[120.340067,-3.880357],[120.340337,-3.880357],[120.340552,-3.879219],[120.339322,-3.878932],[120.339402,-3.878448],[120.340004,-3.878466],[120.34013,-3.877839],[120.339286,-3.877704],[120.339304,-3.877247],[120.341343,-3.877409],[120.341352,-3.878018]]]}},{"type":"Feature","properties":{"FID":148,"REMARK":"Tambak"},"geometry":{"type":"Polygon","coordinates":[[[120.344163,-3.88396],[120.344388,-3.883199],[120.344631,-3.880492],[120.345206,-3.878511],[120.345277,-3.877454],[120.347892,-3.878583],[120.345718,-3.884588],[120.346176,-3.883709],[120.348026,-3.878637],[120.350317,-3.879479],[120.349365,-3.882266],[120.34543,-3.890539],[120.344801,-3.890924],[120.344406,-3.890978],[120.344074,-3.890826],[120.343517,-3.890189],[120.344029,-3.887581],[120.346526,-3.88768],[120.346535,-3.887581],[120.34393,-3.887438],[120.3434,-3.889911],[120.343211,-3.890136],[120.342511,-3.889876],[120.341415,-3.890207],[120.341064,-3.889741],[120.341307,-3.888406],[120.341073,-3.887151],[120.341451,-3.88638],[120.341307,-3.88578],[120.340651,-3.88535],[120.340121,-3.885565],[120.340076,-3.886685],[120.3396,-3.887321],[120.339411,-3.887052],[120.338953,-3.887259],[120.338594,-3.886721],[120.337624,-3.886604],[120.337282,-3.886183],[120.337732,-3.885359],[120.338765,-3.885108],[120.339169,-3.884704],[120.339959,-3.882338],[120.341028,-3.880528],[120.341289,-3.879596],[120.341729,-3.876477],[120.344711,-3.877041],[120.345143,-3.877229],[120.345098,-3.878493],[120.344496,-3.880573],[120.344163,-3.88396]]]}},{"type":"Feature","properties":{"FID":149,"REMARK":"Tambak"},"geometry":{"type":"Polygon","coordinates":[[[120.336923,-3.871171],[120.338468,-3.871924],[120.339789,-3.871986],[120.341235,-3.873223],[120.340983,-3.874998],[120.341055,-3.876244],[120.34154,-3.876432],[120.341424,-3.877301],[120.339384,-3.87705],[120.33951,-3.875589],[120.340013,-3.875105],[120.340238,-3.874021],[120.337426,-3.873187],[120.337417,-3.872694],[120.337058,-3.872551],[120.33713,-3.872031],[120.336222,-3.871753],[120.336204,-3.871323],[120.335701,-3.871233],[120.335531,-3.871574],[120.334821,-3.871404],[120.334785,-3.870597],[120.336923,-3.871171]]]}},{"type":"Feature","properties":{"FID":150,"REMARK":"Tambak"},"geometry":{"type":"Polygon","coordinates":[[[120.35382,-3.864798],[120.354027,-3.8647],[120.356021,-3.86556],[120.355833,-3.866878],[120.354764,-3.869459],[120.354593,-3.869782],[120.354386,-3.869737],[120.354108,-3.870248],[120.354332,-3.870552],[120.354081,-3.871],[120.354243,-3.871377],[120.353443,-3.872874],[120.353165,-3.873779],[120.35223,-3.875374],[120.351916,-3.876324],[120.350003,-3.875428],[120.349976,-3.875536],[120.35188,-3.876432],[120.351539,-3.877382],[120.350577,-3.879183],[120.344451,-3.876737],[120.345125,-3.874254],[120.345655,-3.871144],[120.345017,-3.874209],[120.344199,-3.876781],[120.341262,-3.876127],[120.341145,-3.87489],[120.341397,-3.87316],[120.340139,-3.872058],[120.3396,-3.871771],[120.338531,-3.871816],[120.33713,-3.871063],[120.334291,-3.870391],[120.334408,-3.869423],[120.335126,-3.869459],[120.335198,-3.869315],[120.335162,-3.868742],[120.334336,-3.868572],[120.334435,-3.868159],[120.336007,-3.868339],[120.338378,-3.868957],[120.338783,-3.86867],[120.339591,-3.866591],[120.339941,-3.864547],[120.341621,-3.865013],[120.343211,-3.864798],[120.345879,-3.864798],[120.348511,-3.865399],[120.349293,-3.865721],[120.350191,-3.865605],[120.35162,-3.864601],[120.352455,-3.864377],[120.353281,-3.864395],[120.35365,-3.864529],[120.35382,-3.864798]]]}},{"type":"Feature","properties":{"FID":151,"REMARK":"Tambak"},"geometry":{"type":"Polygon","coordinates":[[[120.339564,-3.866071],[120.338971,-3.86798],[120.338756,-3.868455],[120.338369,-3.868751],[120.336142,-3.868168],[120.334462,-3.868052],[120.334534,-3.867577],[120.334848,-3.867487],[120.335001,-3.867138],[120.336034,-3.867478],[120.336231,-3.867388],[120.336483,-3.866743],[120.336267,-3.866376],[120.336474,-3.865784],[120.337866,-3.86617],[120.338145,-3.865282],[120.33801,-3.865094],[120.338289,-3.864072],[120.339807,-3.864511],[120.339564,-3.866071]]]}},{"type":"Feature","properties":{"FID":152,"REMARK":"Tambak"},"geometry":{"type":"Polygon","coordinates":[[[120.333662,-3.862504],[120.333051,-3.862307],[120.333321,-3.861563],[120.333132,-3.860953],[120.333267,-3.860487],[120.334471,-3.860971],[120.333662,-3.862504]]]}},{"type":"Feature","properties":{"FID":153,"REMARK":"Tambak"},"geometry":{"type":"Polygon","coordinates":[[[120.332728,-3.862746],[120.332279,-3.862611],[120.332189,-3.862378],[120.331587,-3.86202],[120.330967,-3.861939],[120.330859,-3.860765],[120.331066,-3.860156],[120.332431,-3.860613],[120.3328,-3.860935],[120.333051,-3.861643],[120.332728,-3.862746]]]}},{"type":"Feature","properties":{"FID":154,"REMARK":"Tambak"},"geometry":{"type":"Polygon","coordinates":[[[120.335297,-3.859994],[120.334318,-3.859385],[120.335198,-3.859026],[120.335836,-3.85822],[120.33598,-3.857153],[120.335737,-3.856884],[120.335818,-3.856499],[120.336034,-3.856409],[120.337273,-3.856732],[120.337291,-3.857234],[120.337067,-3.857762],[120.335297,-3.859994]]]}},{"type":"Feature","properties":{"FID":155,"REMARK":"Tambak"},"geometry":{"type":"Polygon","coordinates":[[[120.332503,-3.855827],[120.33244,-3.85735],[120.33165,-3.857341],[120.331425,-3.857933],[120.330725,-3.857816],[120.330653,-3.858022],[120.330231,-3.857996],[120.328982,-3.857709],[120.32794,-3.857789],[120.327994,-3.857063],[120.327042,-3.856597],[120.327149,-3.855692],[120.328506,-3.856015],[120.32971,-3.855907],[120.331461,-3.856051],[120.331659,-3.855378],[120.332467,-3.855629],[120.332503,-3.855827]]]}},{"type":"Feature","properties":{"FID":156,"REMARK":"Tambak"},"geometry":{"type":"Polygon","coordinates":[[[120.327599,-3.855728],[120.327176,-3.855558],[120.32723,-3.85511],[120.327661,-3.855199],[120.327599,-3.855728]]]}},{"type":"Feature","properties":{"FID":157,"REMARK":"Tambak"},"geometry":{"type":"Polygon","coordinates":[[[120.33094,-3.855065],[120.331488,-3.855226],[120.331354,-3.855862],[120.329781,-3.855728],[120.328299,-3.855827],[120.328389,-3.855145],[120.328111,-3.855145],[120.328596,-3.854186],[120.328766,-3.854088],[120.33094,-3.855065]]]}},{"type":"Feature","properties":{"FID":158,"REMARK":"Tambak"},"geometry":{"type":"Polygon","coordinates":[[[120.360486,-3.855038],[120.360369,-3.855235],[120.360091,-3.855244],[120.359956,-3.855952],[120.359102,-3.85588],[120.35824,-3.858408],[120.359067,-3.858713],[120.35904,-3.858946],[120.358923,-3.859214],[120.358581,-3.859143],[120.358483,-3.859376],[120.358159,-3.859125],[120.357719,-3.859403],[120.356991,-3.861052],[120.355887,-3.865202],[120.353515,-3.864225],[120.352123,-3.863974],[120.352239,-3.863364],[120.352069,-3.862782],[120.353856,-3.861796],[120.355285,-3.861258],[120.355725,-3.860846],[120.356282,-3.859806],[120.356363,-3.85943],[120.356084,-3.859152],[120.356129,-3.858901],[120.356668,-3.857565],[120.357737,-3.855576],[120.356839,-3.854805],[120.356785,-3.854572],[120.356902,-3.85441],[120.35798,-3.854043],[120.358456,-3.853308],[120.358465,-3.852107],[120.358007,-3.851471],[120.359408,-3.850924],[120.359893,-3.850574],[120.360594,-3.850467],[120.360612,-3.851489],[120.360908,-3.851659],[120.361016,-3.852734],[120.360908,-3.854034],[120.360486,-3.855038]]]}},{"type":"Feature","properties":{"FID":159,"REMARK":"Tambak"},"geometry":{"type":"Polygon","coordinates":[[[120.332755,-3.850314],[120.333932,-3.850368],[120.334309,-3.851435],[120.333869,-3.851883],[120.333761,-3.852528],[120.332962,-3.853093],[120.33253,-3.854832],[120.332153,-3.855325],[120.331327,-3.855029],[120.331461,-3.854294],[120.329817,-3.853666],[120.330455,-3.852098],[120.331354,-3.851309],[120.331407,-3.85096],[120.331803,-3.850646],[120.33191,-3.850314],[120.332755,-3.850314]]]}},{"type":"Feature","properties":{"FID":160,"REMARK":"Tambak"},"geometry":{"type":"Polygon","coordinates":[[[120.356039,-3.850001],[120.356461,-3.8513],[120.357953,-3.851892],[120.358213,-3.852833],[120.357854,-3.853675],[120.356902,-3.854088],[120.356569,-3.854401],[120.356587,-3.854796],[120.357198,-3.855656],[120.35683,-3.856194],[120.355635,-3.859035],[120.355419,-3.860389],[120.353838,-3.861348],[120.353542,-3.861383],[120.353434,-3.861616],[120.352563,-3.861948],[120.351628,-3.861823],[120.351808,-3.861141],[120.352617,-3.86012],[120.352787,-3.859609],[120.352832,-3.858811],[120.352024,-3.858426],[120.352635,-3.855343],[120.354494,-3.855289],[120.354988,-3.853891],[120.355168,-3.852331],[120.355428,-3.852089],[120.354862,-3.850144],[120.355276,-3.852017],[120.35506,-3.852223],[120.354907,-3.853586],[120.354512,-3.854975],[120.354332,-3.855154],[120.35268,-3.855145],[120.352482,-3.855343],[120.351871,-3.858462],[120.352069,-3.858686],[120.352706,-3.858928],[120.352644,-3.859483],[120.352527,-3.859967],[120.351736,-3.860899],[120.351449,-3.861769],[120.351467,-3.861993],[120.351799,-3.86236],[120.352087,-3.863364],[120.351961,-3.864225],[120.350021,-3.865273],[120.349104,-3.865336],[120.345071,-3.86452],[120.341846,-3.86478],[120.342547,-3.862576],[120.342484,-3.862432],[120.338971,-3.861509],[120.33854,-3.862629],[120.334462,-3.861536],[120.334695,-3.860944],[120.335252,-3.860442],[120.33881,-3.861652],[120.338863,-3.86141],[120.336124,-3.860541],[120.335629,-3.86012],[120.337561,-3.857861],[120.337714,-3.857323],[120.337759,-3.855898],[120.338306,-3.854921],[120.339358,-3.854643],[120.34013,-3.853756],[120.340813,-3.854339],[120.341415,-3.854168],[120.341873,-3.853747],[120.342133,-3.852582],[120.341684,-3.852295],[120.341711,-3.851874],[120.340894,-3.85139],[120.340786,-3.85113],[120.341352,-3.850996],[120.342295,-3.851686],[120.342538,-3.851623],[120.342645,-3.849508],[120.34305,-3.849454],[120.343759,-3.84966],[120.344864,-3.849597],[120.345592,-3.849992],[120.346122,-3.850789],[120.346418,-3.850888],[120.348745,-3.850045],[120.349311,-3.85087],[120.350146,-3.850951],[120.350497,-3.851731],[120.34985,-3.852546],[120.348987,-3.852555],[120.348368,-3.852815],[120.34826,-3.853093],[120.348628,-3.853891],[120.348341,-3.854545],[120.347874,-3.85485],[120.347299,-3.854643],[120.34693,-3.854706],[120.346293,-3.855952],[120.344756,-3.856795],[120.344658,-3.856974],[120.345053,-3.857754],[120.344954,-3.858273],[120.344729,-3.858587],[120.343705,-3.858838],[120.343822,-3.858964],[120.344676,-3.858793],[120.344307,-3.859689],[120.342915,-3.860066],[120.340498,-3.859815],[120.340543,-3.859931],[120.34252,-3.860263],[120.343274,-3.860263],[120.343553,-3.859949],[120.34411,-3.859914],[120.343858,-3.862405],[120.344128,-3.860326],[120.344451,-3.859976],[120.345304,-3.858148],[120.34525,-3.857261],[120.345394,-3.856803],[120.346266,-3.85649],[120.346643,-3.856517],[120.346966,-3.856642],[120.347074,-3.857001],[120.347442,-3.856759],[120.349077,-3.857798],[120.350649,-3.858166],[120.350649,-3.858058],[120.349329,-3.857745],[120.346849,-3.856248],[120.347119,-3.855611],[120.347128,-3.855101],[120.347361,-3.85502],[120.347954,-3.855334],[120.348269,-3.855136],[120.348943,-3.854348],[120.348916,-3.853756],[120.348646,-3.852976],[120.349949,-3.852833],[120.350604,-3.852035],[120.351116,-3.85312],[120.351476,-3.853416],[120.351925,-3.853514],[120.352401,-3.853335],[120.353227,-3.852223],[120.353892,-3.848585],[120.354261,-3.847437],[120.354665,-3.8469],[120.355123,-3.846658],[120.355572,-3.846792],[120.355922,-3.847258],[120.355815,-3.848979],[120.356039,-3.850001]]]}},{"type":"Feature","properties":{"FID":161,"REMARK":"Tambak"},"geometry":{"type":"Polygon","coordinates":[[[120.331434,-3.84672],[120.332656,-3.846684],[120.333797,-3.846864],[120.334013,-3.847079],[120.334039,-3.847733],[120.332953,-3.849884],[120.331776,-3.849839],[120.331237,-3.849606],[120.329853,-3.849642],[120.328811,-3.849266],[120.328712,-3.849517],[120.328982,-3.849669],[120.330195,-3.849911],[120.331237,-3.849839],[120.331659,-3.850099],[120.33121,-3.850628],[120.331264,-3.851238],[120.330383,-3.851946],[120.329611,-3.853738],[120.329233,-3.853658],[120.329126,-3.853568],[120.329242,-3.852259],[120.327374,-3.851175],[120.327679,-3.850144],[120.326251,-3.849266],[120.326826,-3.8488],[120.327527,-3.849185],[120.327913,-3.848728],[120.327724,-3.848629],[120.32803,-3.847966],[120.328461,-3.848172],[120.328865,-3.847437],[120.329817,-3.847832],[120.330374,-3.846595],[120.331434,-3.84672]]]}},{"type":"Feature","properties":{"FID":162,"REMARK":"Tambak"},"geometry":{"type":"Polygon","coordinates":[[[120.346535,-3.844435],[120.347433,-3.844462],[120.347272,-3.846792],[120.347011,-3.847348],[120.345709,-3.84664],[120.34543,-3.847124],[120.345224,-3.84811],[120.34375,-3.847751],[120.343373,-3.84828],[120.342385,-3.847715],[120.3411,-3.849678],[120.340633,-3.850037],[120.339708,-3.849768],[120.338486,-3.84914],[120.338037,-3.849033],[120.337857,-3.84914],[120.337166,-3.850261],[120.337004,-3.85096],[120.336519,-3.851883],[120.336115,-3.853407],[120.336025,-3.854339],[120.33554,-3.854518],[120.335414,-3.855988],[120.332809,-3.854617],[120.333096,-3.853407],[120.33359,-3.85312],[120.334075,-3.852582],[120.334201,-3.851865],[120.334489,-3.851632],[120.334713,-3.851686],[120.334713,-3.852232],[120.335486,-3.852923],[120.334911,-3.852044],[120.334372,-3.850171],[120.333644,-3.849866],[120.3335,-3.849481],[120.334372,-3.848047],[120.335261,-3.848047],[120.335486,-3.8469],[120.335944,-3.847034],[120.336779,-3.846666],[120.337291,-3.845188],[120.337938,-3.845232],[120.338747,-3.845582],[120.339492,-3.846129],[120.339726,-3.846595],[120.339771,-3.847832],[120.340049,-3.848092],[120.34057,-3.848163],[120.341424,-3.847894],[120.342529,-3.847142],[120.34313,-3.845779],[120.343651,-3.845304],[120.343687,-3.845161],[120.343364,-3.845107],[120.343508,-3.84422],[120.343202,-3.843135],[120.343319,-3.84292],[120.34614,-3.843431],[120.346535,-3.844435]]]}},{"type":"Feature","properties":{"FID":163,"REMARK":"Tambak"},"geometry":{"type":"Polygon","coordinates":[[[120.349724,-3.847285],[120.349437,-3.847742],[120.34941,-3.848145],[120.350074,-3.850395],[120.34994,-3.85061],[120.349643,-3.850637],[120.349131,-3.84983],[120.348853,-3.849651],[120.34799,-3.849848],[120.346463,-3.850583],[120.345789,-3.849741],[120.345017,-3.849266],[120.343831,-3.849328],[120.342951,-3.849086],[120.342591,-3.849122],[120.342277,-3.849579],[120.342313,-3.85122],[120.342079,-3.851229],[120.341406,-3.850673],[120.340687,-3.850673],[120.340543,-3.850861],[120.340462,-3.851686],[120.341325,-3.85217],[120.341451,-3.852967],[120.341325,-3.853523],[120.340822,-3.853774],[120.340337,-3.853308],[120.3396,-3.853182],[120.339492,-3.853442],[120.339825,-3.85364],[120.3396,-3.853926],[120.33907,-3.854312],[120.338351,-3.854321],[120.33792,-3.854742],[120.337462,-3.8558],[120.337363,-3.856508],[120.335558,-3.856212],[120.335621,-3.854688],[120.336124,-3.854599],[120.336258,-3.853416],[120.336663,-3.851937],[120.33722,-3.850485],[120.337956,-3.849248],[120.338315,-3.849221],[120.339546,-3.849848],[120.340813,-3.850144],[120.341244,-3.849705],[120.342448,-3.847841],[120.3434,-3.84845],[120.343858,-3.847885],[120.345349,-3.848199],[120.345556,-3.84715],[120.34578,-3.846792],[120.347002,-3.8475],[120.347182,-3.84741],[120.347388,-3.846792],[120.347604,-3.843915],[120.346346,-3.842131],[120.346301,-3.8418],[120.346787,-3.841477],[120.347685,-3.841298],[120.348269,-3.841701],[120.350946,-3.84646],[120.350937,-3.846801],[120.350191,-3.846971],[120.349724,-3.847285]]]}},{"type":"Feature","properties":{"FID":164,"REMARK":"Tambak"},"geometry":{"type":"Polygon","coordinates":[[[120.336474,-3.843628],[120.336923,-3.843996],[120.337246,-3.844435],[120.337237,-3.844623],[120.33642,-3.844775],[120.336142,-3.845044],[120.336267,-3.8456],[120.336654,-3.845932],[120.33651,-3.846245],[120.3358,-3.845716],[120.335495,-3.84577],[120.335046,-3.847249],[120.333869,-3.84664],[120.331255,-3.846129],[120.331327,-3.845663],[120.331596,-3.84551],[120.332054,-3.843879],[120.332306,-3.843924],[120.332647,-3.843512],[120.333285,-3.843655],[120.333411,-3.843547],[120.33359,-3.842911],[120.332746,-3.84231],[120.333114,-3.841593],[120.333977,-3.84076],[120.335522,-3.84188],[120.335459,-3.842068],[120.334839,-3.842472],[120.334947,-3.843019],[120.336474,-3.843628]]]}},{"type":"Feature","properties":{"FID":165,"REMARK":"Tambak"},"geometry":{"type":"Polygon","coordinates":[[[120.367385,-3.84093],[120.368741,-3.840948],[120.371355,-3.841576],[120.370852,-3.842212],[120.370295,-3.84214],[120.368193,-3.844937],[120.367915,-3.845062],[120.367071,-3.844829],[120.36504,-3.848836],[120.364169,-3.84836],[120.363729,-3.847868],[120.362714,-3.847805],[120.362696,-3.847563],[120.363459,-3.845869],[120.363396,-3.845555],[120.362759,-3.845197],[120.363441,-3.843278],[120.363244,-3.843036],[120.36381,-3.841208],[120.364286,-3.84076],[120.365454,-3.840957],[120.366505,-3.840715],[120.367385,-3.84093]]]}},{"type":"Feature","properties":{"FID":166,"REMARK":"Tambak"},"geometry":{"type":"Polygon","coordinates":[[[120.342591,-3.841764],[120.341963,-3.841665],[120.341289,-3.841271],[120.341379,-3.840903],[120.342061,-3.839864],[120.343139,-3.838851],[120.344334,-3.839281],[120.344298,-3.839783],[120.343723,-3.840052],[120.343274,-3.840518],[120.342591,-3.841764]]]}},{"type":"Feature","properties":{"FID":167,"REMARK":"Tambak"},"geometry":{"type":"Polygon","coordinates":[[[120.344873,-3.838824],[120.343993,-3.838761],[120.343463,-3.83851],[120.343607,-3.83773],[120.34446,-3.838322],[120.345116,-3.838465],[120.345134,-3.838663],[120.344873,-3.838824]]]}},{"type":"Feature","properties":{"FID":168,"REMARK":"Tambak"},"geometry":{"type":"Polygon","coordinates":[[[120.342636,-3.83722],[120.341945,-3.838017],[120.3426,-3.838474],[120.342591,-3.838824],[120.341513,-3.839747],[120.341397,-3.84024],[120.340992,-3.840858],[120.34066,-3.840796],[120.340552,-3.841979],[120.341136,-3.841809],[120.341747,-3.842104],[120.342762,-3.84214],[120.343867,-3.840401],[120.344307,-3.840204],[120.345107,-3.840518],[120.345879,-3.841163],[120.345502,-3.841916],[120.345017,-3.842445],[120.344882,-3.842373],[120.344882,-3.841396],[120.344523,-3.841244],[120.34375,-3.84162],[120.342717,-3.842517],[120.342538,-3.842974],[120.342798,-3.843745],[120.342708,-3.844999],[120.34172,-3.846846],[120.341055,-3.847258],[120.340489,-3.847392],[120.340355,-3.847357],[120.340283,-3.846048],[120.339717,-3.845501],[120.338531,-3.84482],[120.337588,-3.843834],[120.33775,-3.843574],[120.337884,-3.84266],[120.33722,-3.842472],[120.336905,-3.842875],[120.336366,-3.842373],[120.336366,-3.8418],[120.336483,-3.841764],[120.337318,-3.84231],[120.337444,-3.840841],[120.337336,-3.840572],[120.336285,-3.840401],[120.335495,-3.840778],[120.335028,-3.840231],[120.335836,-3.839371],[120.336186,-3.839953],[120.337525,-3.840186],[120.33775,-3.840643],[120.337902,-3.841674],[120.339411,-3.841638],[120.339699,-3.839864],[120.340337,-3.837972],[120.340903,-3.837372],[120.341549,-3.837453],[120.341801,-3.837327],[120.342205,-3.836502],[120.342511,-3.836574],[120.342699,-3.836888],[120.342636,-3.83722]]]}},{"type":"Feature","properties":{"FID":169,"REMARK":"Tambak"},"geometry":{"type":"Polygon","coordinates":[[[120.356749,-3.832684],[120.360369,-3.832702],[120.36036,-3.833948],[120.360585,-3.833957],[120.360612,-3.83454],[120.360495,-3.836843],[120.360306,-3.83687],[120.360378,-3.83747],[120.359516,-3.837587],[120.358815,-3.837488],[120.358599,-3.83808],[120.360962,-3.838412],[120.36054,-3.837524],[120.360737,-3.837175],[120.361609,-3.837211],[120.361797,-3.837901],[120.362157,-3.837981],[120.362139,-3.838752],[120.362911,-3.839568],[120.363486,-3.840446],[120.363226,-3.841782],[120.362202,-3.841728],[120.361663,-3.841432],[120.361582,-3.841549],[120.362238,-3.841871],[120.363127,-3.841988],[120.36222,-3.845367],[120.362426,-3.845663],[120.363037,-3.845878],[120.361645,-3.847437],[120.361079,-3.847133],[120.361025,-3.847231],[120.36142,-3.847572],[120.361196,-3.848038],[120.360675,-3.848145],[120.359992,-3.848531],[120.359938,-3.848307],[120.359453,-3.848387],[120.359507,-3.848782],[120.358914,-3.848836],[120.358878,-3.849436],[120.358581,-3.84975],[120.357611,-3.850198],[120.356614,-3.846595],[120.35745,-3.845976],[120.357099,-3.84525],[120.357,-3.845197],[120.356057,-3.846003],[120.354647,-3.84525],[120.35718,-3.841325],[120.358249,-3.841459],[120.358725,-3.842185],[120.359156,-3.842535],[120.359713,-3.844659],[120.358608,-3.846729],[120.358887,-3.84871],[120.358707,-3.846765],[120.3593,-3.845914],[120.359857,-3.844695],[120.359264,-3.842454],[120.358321,-3.841307],[120.357324,-3.841038],[120.357674,-3.840159],[120.357647,-3.83946],[120.357512,-3.839469],[120.357539,-3.840097],[120.357252,-3.840921],[120.354386,-3.845528],[120.353425,-3.846801],[120.352096,-3.852215],[120.351934,-3.852421],[120.351736,-3.852403],[120.351125,-3.851264],[120.350128,-3.848029],[120.350577,-3.847733],[120.351413,-3.847518],[120.352176,-3.84681],[120.352257,-3.847581],[120.352311,-3.846756],[120.353713,-3.845465],[120.353991,-3.844901],[120.354323,-3.844784],[120.354108,-3.843691],[120.354853,-3.842615],[120.35559,-3.838734],[120.356039,-3.837309],[120.355563,-3.832604],[120.356749,-3.832684]]]}},{"type":"Feature","properties":{"FID":170,"REMARK":"Tambak"},"geometry":{"type":"Polygon","coordinates":[[[120.355851,-3.836655],[120.355042,-3.83661],[120.354575,-3.832505],[120.355419,-3.832621],[120.355851,-3.836655]]]}},{"type":"Feature","properties":{"FID":171,"REMARK":"Tambak"},"geometry":{"type":"Polygon","coordinates":[[[120.354665,-3.834692],[120.354934,-3.836673],[120.355833,-3.836762],[120.35586,-3.83722],[120.355357,-3.839209],[120.354898,-3.84206],[120.354755,-3.842561],[120.354,-3.843592],[120.354153,-3.844695],[120.353524,-3.844829],[120.35312,-3.845439],[120.352419,-3.845923],[120.351943,-3.845537],[120.351467,-3.845896],[120.350739,-3.844587],[120.351054,-3.8443],[120.351521,-3.84344],[120.352778,-3.840545],[120.353371,-3.836924],[120.354279,-3.836727],[120.353955,-3.835077],[120.353614,-3.834889],[120.353434,-3.832433],[120.354377,-3.832577],[120.354665,-3.834692]]]}},{"type":"Feature","properties":{"FID":172,"REMARK":"Tambak"},"geometry":{"type":"Polygon","coordinates":[[[120.353479,-3.834719],[120.353524,-3.835077],[120.353811,-3.83505],[120.354162,-3.836628],[120.35329,-3.836825],[120.353227,-3.837031],[120.352778,-3.836978],[120.352554,-3.837175],[120.351036,-3.837211],[120.351054,-3.837318],[120.351844,-3.837354],[120.352527,-3.8373],[120.352823,-3.837094],[120.353201,-3.837157],[120.352724,-3.840312],[120.351359,-3.843404],[120.350191,-3.843234],[120.349473,-3.841871],[120.34817,-3.840599],[120.348709,-3.83843],[120.348682,-3.837426],[120.348457,-3.837462],[120.348404,-3.838824],[120.348269,-3.839129],[120.348035,-3.839182],[120.3479,-3.839666],[120.347703,-3.839684],[120.34746,-3.840572],[120.346275,-3.840796],[120.34499,-3.839864],[120.345116,-3.839362],[120.34552,-3.839075],[120.345798,-3.839102],[120.345529,-3.838232],[120.345861,-3.837757],[120.345421,-3.838125],[120.344316,-3.837748],[120.344038,-3.837533],[120.344065,-3.837345],[120.34331,-3.836762],[120.343148,-3.836789],[120.342861,-3.836431],[120.343508,-3.834109],[120.343831,-3.833742],[120.345448,-3.834073],[120.346185,-3.833993],[120.347002,-3.834127],[120.347335,-3.833339],[120.347945,-3.832971],[120.347963,-3.832684],[120.348206,-3.832478],[120.349787,-3.832899],[120.349733,-3.834808],[120.349859,-3.834799],[120.349985,-3.833052],[120.350254,-3.833016],[120.350488,-3.832191],[120.353299,-3.832442],[120.353479,-3.834719]]]}},{"type":"Feature","properties":{"FID":173,"REMARK":"Tambak"},"geometry":{"type":"Polygon","coordinates":[[[120.34366,-3.828149],[120.34428,-3.828714],[120.344658,-3.829305],[120.345727,-3.829135],[120.345727,-3.830192],[120.345107,-3.830354],[120.345017,-3.830515],[120.344945,-3.831107],[120.345376,-3.831698],[120.345098,-3.83194],[120.345062,-3.832236],[120.345691,-3.832863],[120.346876,-3.833222],[120.346814,-3.833634],[120.34631,-3.833419],[120.345026,-3.833446],[120.344586,-3.832899],[120.344137,-3.832953],[120.343436,-3.83333],[120.343175,-3.832657],[120.342232,-3.831842],[120.34225,-3.831618],[120.342609,-3.831653],[120.342681,-3.831134],[120.341118,-3.830784],[120.341954,-3.828731],[120.341963,-3.828068],[120.342816,-3.828283],[120.343355,-3.827037],[120.343777,-3.827441],[120.34366,-3.828149]]]}},{"type":"Feature","properties":{"FID":174,"REMARK":"Tambak"},"geometry":{"type":"Polygon","coordinates":[[[120.359579,-3.826464],[120.359363,-3.828158],[120.358375,-3.832541],[120.350362,-3.831976],[120.350003,-3.832702],[120.348188,-3.832102],[120.347191,-3.83289],[120.345673,-3.832424],[120.346382,-3.830892],[120.346131,-3.82995],[120.346185,-3.827504],[120.347604,-3.827396],[120.349473,-3.827638],[120.349455,-3.826509],[120.351287,-3.826831],[120.351655,-3.828382],[120.352338,-3.828516],[120.352545,-3.82797],[120.352904,-3.827907],[120.352832,-3.826787],[120.353614,-3.826751],[120.353641,-3.826544],[120.354629,-3.826267],[120.354818,-3.826643],[120.356605,-3.826204],[120.357207,-3.825765],[120.358851,-3.825084],[120.359579,-3.826464]]]}},{"type":"Feature","properties":{"FID":175,"REMARK":"Tambak"},"geometry":{"type":"Polygon","coordinates":[[[120.375389,-3.834109],[120.37476,-3.835382],[120.37485,-3.835534],[120.374293,-3.837237],[120.372083,-3.841217],[120.372011,-3.841495],[120.372308,-3.84171],[120.371589,-3.842669],[120.370897,-3.842463],[120.371589,-3.841369],[120.368795,-3.840724],[120.367484,-3.840715],[120.36646,-3.8405],[120.366801,-3.836995],[120.366657,-3.836879],[120.365472,-3.836736],[120.364986,-3.839657],[120.364295,-3.839675],[120.363513,-3.840079],[120.363459,-3.839523],[120.362678,-3.838591],[120.362983,-3.837426],[120.363046,-3.836422],[120.362777,-3.834307],[120.362597,-3.834351],[120.362839,-3.836323],[120.362669,-3.836933],[120.361007,-3.836906],[120.360872,-3.836619],[120.360782,-3.832397],[120.36522,-3.824635],[120.372128,-3.829493],[120.375515,-3.831232],[120.375039,-3.833536],[120.375335,-3.833661],[120.375389,-3.834109]]]}},{"type":"Feature","properties":{"FID":176,"REMARK":"Tambak"},"geometry":{"type":"Polygon","coordinates":[[[120.345161,-3.828669],[120.344945,-3.828669],[120.344047,-3.827979],[120.34419,-3.827217],[120.344711,-3.826338],[120.344918,-3.824555],[120.346248,-3.824546],[120.346248,-3.825433],[120.347802,-3.82555],[120.347613,-3.826993],[120.347317,-3.82719],[120.346005,-3.827387],[120.34587,-3.828337],[120.345161,-3.828669]]]}},{"type":"Feature","properties":{"FID":177,"REMARK":"Tambak"},"geometry":{"type":"Polygon","coordinates":[[[120.344604,-3.825693],[120.344307,-3.826536],[120.343984,-3.826383],[120.343993,-3.826069],[120.34384,-3.825989],[120.343059,-3.825935],[120.343418,-3.825137],[120.343499,-3.824501],[120.344711,-3.824492],[120.344604,-3.825693]]]}},{"type":"Feature","properties":{"FID":178,"REMARK":"Tambak"},"geometry":{"type":"Polygon","coordinates":[[[120.360432,-3.832505],[120.358599,-3.832523],[120.35965,-3.827611],[120.359722,-3.826518],[120.362004,-3.824895],[120.363513,-3.823434],[120.365094,-3.824537],[120.360684,-3.832272],[120.360432,-3.832505]]]}},{"type":"Feature","properties":{"FID":179,"REMARK":"Tambak"},"geometry":{"type":"Polygon","coordinates":[[[120.358339,-3.824546],[120.35886,-3.824447],[120.358815,-3.824107],[120.359147,-3.824017],[120.359273,-3.824707],[120.357045,-3.825666],[120.356569,-3.826007],[120.356309,-3.825326],[120.356866,-3.825137],[120.356722,-3.824626],[120.357441,-3.824402],[120.357225,-3.823416],[120.357926,-3.823291],[120.358339,-3.824546]]]}},{"type":"Feature","properties":{"FID":180,"REMARK":"Tambak"},"geometry":{"type":"Polygon","coordinates":[[[120.360594,-3.823694],[120.359956,-3.824017],[120.359471,-3.823327],[120.359309,-3.822153],[120.359974,-3.822045],[120.360594,-3.823694]]]}},{"type":"Feature","properties":{"FID":181,"REMARK":"Tambak"},"geometry":{"type":"Polygon","coordinates":[[[120.378282,-3.823721],[120.379063,-3.82217],[120.38024,-3.822565],[120.380087,-3.823076],[120.378785,-3.82494],[120.378201,-3.824707],[120.377635,-3.826338],[120.377401,-3.82779],[120.377015,-3.827638],[120.37635,-3.829224],[120.376431,-3.829619],[120.376144,-3.830246],[120.375874,-3.830201],[120.375587,-3.830793],[120.372155,-3.829224],[120.375137,-3.820745],[120.378901,-3.822108],[120.378282,-3.823721]]]}},{"type":"Feature","properties":{"FID":182,"REMARK":"Tambak"},"geometry":{"type":"Polygon","coordinates":[[[120.364977,-3.821113],[120.364169,-3.823542],[120.363432,-3.823192],[120.361851,-3.824833],[120.359615,-3.826249],[120.358986,-3.824985],[120.359543,-3.824743],[120.359758,-3.824393],[120.360809,-3.823784],[120.360648,-3.8233],[120.361016,-3.822995],[120.3608,-3.822457],[120.36186,-3.821767],[120.361887,-3.821301],[120.362615,-3.821624],[120.362768,-3.821202],[120.363055,-3.821283],[120.363495,-3.820423],[120.362866,-3.820019],[120.363136,-3.81941],[120.365238,-3.820306],[120.364977,-3.821113]]]}},{"type":"Feature","properties":{"FID":183,"REMARK":"Tambak"},"geometry":{"type":"Polygon","coordinates":[[[120.36575,-3.818406],[120.365696,-3.819042],[120.365247,-3.820172],[120.363217,-3.819302],[120.362678,-3.818836],[120.363028,-3.818236],[120.364313,-3.818397],[120.364331,-3.816882],[120.365148,-3.81638],[120.366289,-3.816613],[120.36575,-3.818406]]]}},{"type":"Feature","properties":{"FID":184,"REMARK":"Tambak"},"geometry":{"type":"Polygon","coordinates":[[[120.372011,-3.828974],[120.371454,-3.82874],[120.364313,-3.823685],[120.365831,-3.819123],[120.36593,-3.818218],[120.366505,-3.816371],[120.374949,-3.820674],[120.372011,-3.828974]]]}},{"type":"Feature","properties":{"FID":185,"REMARK":"Tambak"},"geometry":{"type":"Polygon","coordinates":[[[120.382189,-3.818818],[120.381462,-3.820396],[120.38183,-3.820763],[120.381569,-3.821436],[120.380725,-3.821122],[120.380285,-3.822439],[120.378174,-3.821606],[120.378731,-3.819813],[120.378066,-3.821579],[120.375218,-3.820566],[120.376808,-3.815896],[120.379279,-3.817035],[120.381156,-3.817563],[120.382189,-3.818818]]]}},{"type":"Feature","properties":{"FID":186,"REMARK":"Tambak"},"geometry":{"type":"Polygon","coordinates":[[[120.367223,-3.814014],[120.366603,-3.815412],[120.366298,-3.816497],[120.364465,-3.816093],[120.364546,-3.81517],[120.365472,-3.815314],[120.365498,-3.814892],[120.364924,-3.814695],[120.36513,-3.814059],[120.365481,-3.814077],[120.365588,-3.81362],[120.367223,-3.814014]]]}},{"type":"Feature","properties":{"FID":187,"REMARK":"Tambak"},"geometry":{"type":"Polygon","coordinates":[[[120.368696,-3.809882],[120.368023,-3.809774],[120.368041,-3.80938],[120.368993,-3.809479],[120.368696,-3.809882]]]}},{"type":"Feature","properties":{"FID":188,"REMARK":"Tambak"},"geometry":{"type":"Polygon","coordinates":[[[120.369083,-3.809389],[120.368849,-3.809353],[120.368912,-3.808824],[120.36937,-3.808995],[120.369083,-3.809389]]]}},{"type":"Feature","properties":{"FID":189,"REMARK":"Tambak"},"geometry":{"type":"Polygon","coordinates":[[[120.369667,-3.807946],[120.368876,-3.807525],[120.368903,-3.807202],[120.36973,-3.807426],[120.369667,-3.807946]]]}},{"type":"Feature","properties":{"FID":190,"REMARK":"Tambak"},"geometry":{"type":"Polygon","coordinates":[[[120.369972,-3.807049],[120.369523,-3.80687],[120.369936,-3.805857],[120.370313,-3.806001],[120.369972,-3.807049]]]}},{"type":"Feature","properties":{"FID":191,"REMARK":"Tambak"},"geometry":{"type":"Polygon","coordinates":[[[120.3737,-3.797477],[120.373772,-3.797575],[120.375003,-3.797575],[120.386277,-3.796589],[120.395817,-3.79451],[120.396984,-3.794411],[120.3972,-3.794572],[120.396886,-3.79529],[120.396158,-3.795621],[120.394388,-3.796939],[120.39437,-3.797145],[120.393517,-3.798077],[120.392933,-3.799296],[120.392664,-3.799511],[120.392457,-3.799959],[120.392475,-3.800999],[120.392035,-3.801824],[120.390858,-3.802595],[120.389798,-3.804163],[120.388765,-3.803375],[120.383043,-3.80428],[120.38095,-3.804423],[120.377455,-3.803733],[120.371616,-3.803079],[120.371418,-3.802442],[120.37043,-3.802353],[120.370134,-3.801376],[120.369927,-3.801277],[120.369945,-3.800811],[120.368571,-3.800461],[120.368696,-3.800004],[120.371014,-3.800264],[120.371122,-3.799852],[120.369828,-3.799726],[120.369882,-3.799117],[120.371481,-3.799332],[120.371508,-3.798893],[120.369846,-3.798678],[120.369828,-3.796822],[120.369262,-3.796733],[120.369343,-3.796177],[120.369119,-3.796114],[120.369433,-3.794411],[120.373754,-3.795012],[120.3737,-3.797477]]]}},{"type":"Feature","properties":{"FID":192,"REMARK":"Tambak"},"geometry":{"type":"Polygon","coordinates":[[[120.373026,-3.789248],[120.372847,-3.790324],[120.3722,-3.790234],[120.372308,-3.7888],[120.373017,-3.788952],[120.373026,-3.789248]]]}},{"type":"Feature","properties":{"FID":193,"REMARK":"Tambak"},"geometry":{"type":"Polygon","coordinates":[[[120.39959,-3.786837],[120.399805,-3.790378],[120.398673,-3.790476],[120.398646,-3.792896],[120.397721,-3.793309],[120.39764,-3.793882],[120.395206,-3.794205],[120.390256,-3.795325],[120.390157,-3.795164],[120.386618,-3.795944],[120.385998,-3.796204],[120.383276,-3.796428],[120.382899,-3.796177],[120.374527,-3.797244],[120.374724,-3.795003],[120.373583,-3.794734],[120.374311,-3.790539],[120.373035,-3.790333],[120.373341,-3.788773],[120.374562,-3.788854],[120.374634,-3.788495],[120.375003,-3.788316],[120.388415,-3.787303],[120.397748,-3.786711],[120.399482,-3.786729],[120.39959,-3.786837]]]}},{"type":"Feature","properties":{"FID":194,"REMARK":"Tambak"},"geometry":{"type":"Polygon","coordinates":[[[120.37856,-3.774521],[120.379934,-3.774799],[120.380159,-3.774629],[120.384678,-3.77539],[120.38466,-3.777775],[120.384767,-3.777927],[120.385037,-3.777712],[120.384974,-3.775426],[120.385172,-3.775337],[120.3904,-3.776108],[120.391675,-3.776358],[120.391828,-3.776547],[120.397928,-3.777488],[120.402913,-3.778761],[120.403084,-3.779173],[120.402967,-3.783287],[120.402797,-3.783987],[120.401305,-3.784067],[120.400964,-3.784246],[120.400928,-3.786111],[120.400533,-3.786254],[120.398323,-3.786084],[120.396598,-3.786201],[120.375003,-3.787975],[120.374059,-3.787975],[120.374041,-3.787231],[120.373547,-3.787142],[120.373161,-3.788307],[120.371373,-3.788011],[120.371598,-3.786944],[120.372487,-3.787079],[120.372577,-3.786407],[120.373035,-3.786452],[120.373161,-3.785537],[120.37405,-3.785591],[120.374059,-3.785941],[120.375757,-3.785851],[120.37573,-3.784372],[120.376916,-3.784255],[120.376862,-3.782974],[120.377725,-3.782857],[120.37768,-3.781288],[120.378704,-3.78128],[120.378785,-3.779245],[120.380842,-3.779308],[120.380833,-3.777353],[120.379997,-3.777129],[120.379467,-3.777165],[120.379422,-3.776475],[120.378344,-3.77652],[120.378317,-3.775865],[120.377752,-3.775892],[120.377725,-3.7747],[120.37856,-3.774521]]]}},{"type":"Feature","properties":{"FID":195,"REMARK":"Tambak"},"geometry":{"type":"Polygon","coordinates":[[[120.383222,-3.769456],[120.385998,-3.769447],[120.386923,-3.769582],[120.386798,-3.77116],[120.387013,-3.771375],[120.386663,-3.774799],[120.383384,-3.774378],[120.383186,-3.774602],[120.380572,-3.77418],[120.379,-3.774261],[120.37847,-3.773992],[120.377042,-3.772809],[120.376979,-3.771904],[120.377284,-3.771635],[120.378874,-3.771509],[120.379018,-3.77202],[120.381372,-3.772343],[120.381803,-3.770362],[120.379979,-3.769869],[120.380231,-3.769188],[120.379818,-3.768981],[120.380141,-3.767646],[120.382647,-3.768551],[120.382692,-3.768919],[120.383186,-3.769062],[120.383222,-3.769456]]]}},{"type":"Feature","properties":{"FID":196,"REMARK":"Tambak"},"geometry":{"type":"Polygon","coordinates":[[[120.409615,-3.775041],[120.408546,-3.776063],[120.408142,-3.776036],[120.406767,-3.778044],[120.406192,-3.778017],[120.405923,-3.779514],[120.404917,-3.781235],[120.404108,-3.781468],[120.403614,-3.781952],[120.403318,-3.781799],[120.40347,-3.778797],[120.403075,-3.778411],[120.39897,-3.777327],[120.395718,-3.776654],[120.395772,-3.776179],[120.394487,-3.775937],[120.394424,-3.776323],[120.394272,-3.776376],[120.387175,-3.775229],[120.387651,-3.768668],[120.38845,-3.76597],[120.390588,-3.7664],[120.393265,-3.766678],[120.393041,-3.76891],[120.39322,-3.769125],[120.41151,-3.771554],[120.412435,-3.771841],[120.412489,-3.772074],[120.4116,-3.772692],[120.411106,-3.77375],[120.409615,-3.775041]]]}},{"type":"Feature","properties":{"FID":197,"REMARK":"Tambak"},"geometry":{"type":"Polygon","coordinates":[[[120.387426,-3.768623],[120.387292,-3.769295],[120.385558,-3.769232],[120.383357,-3.769367],[120.383339,-3.768999],[120.382782,-3.768802],[120.382773,-3.768488],[120.381875,-3.768112],[120.38324,-3.765163],[120.385755,-3.765602],[120.38731,-3.765665],[120.388343,-3.765943],[120.387426,-3.768623]]]}},{"type":"Feature","properties":{"FID":198,"REMARK":"Tambak"},"geometry":{"type":"Polygon","coordinates":[[[120.390014,-3.761407],[120.408564,-3.762303],[120.417268,-3.762501],[120.419361,-3.762689],[120.420116,-3.763056],[120.419909,-3.76467],[120.418616,-3.766364],[120.415121,-3.769806],[120.41284,-3.771437],[120.393373,-3.768856],[120.393364,-3.76657],[120.389771,-3.766113],[120.38757,-3.765521],[120.385657,-3.765423],[120.38324,-3.76501],[120.383501,-3.764374],[120.385306,-3.764553],[120.385657,-3.763146],[120.390076,-3.763603],[120.39031,-3.762285],[120.389349,-3.762097],[120.389169,-3.762671],[120.389025,-3.76268],[120.388298,-3.762384],[120.388747,-3.760833],[120.390014,-3.761407]]]}},{"type":"Feature","properties":{"FID":199,"REMARK":"Tambak"},"geometry":{"type":"Polygon","coordinates":[[[120.397505,-3.760663],[120.397443,-3.761488],[120.393418,-3.761237],[120.393472,-3.760672],[120.395826,-3.760762],[120.395871,-3.760358],[120.397505,-3.760663]]]}},{"type":"Feature","properties":{"FID":200,"REMARK":"Tambak"},"geometry":{"type":"Polygon","coordinates":[[[120.427042,-3.75896],[120.426,-3.759283],[120.425506,-3.760278],[120.423269,-3.762115],[120.422667,-3.76242],[120.4222,-3.763065],[120.421347,-3.763693],[120.420556,-3.762707],[120.419281,-3.762294],[120.409597,-3.761936],[120.408106,-3.76173],[120.406507,-3.761712],[120.406318,-3.761846],[120.398952,-3.761524],[120.398979,-3.760107],[120.400102,-3.76026],[120.40012,-3.759767],[120.400605,-3.759856],[120.400641,-3.759632],[120.403264,-3.75965],[120.405078,-3.759722],[120.405051,-3.760735],[120.405518,-3.760815],[120.405509,-3.761676],[120.406354,-3.761721],[120.40648,-3.759856],[120.40807,-3.759964],[120.408186,-3.759444],[120.409381,-3.759435],[120.409426,-3.758924],[120.410378,-3.759014],[120.410495,-3.757113],[120.411887,-3.75688],[120.412004,-3.755294],[120.412597,-3.753205],[120.412759,-3.75308],[120.412965,-3.751314],[120.412076,-3.75109],[120.411968,-3.749539],[120.412094,-3.74953],[120.415463,-3.753241],[120.419092,-3.753375],[120.420233,-3.753895],[120.426862,-3.755921],[120.428336,-3.757113],[120.427312,-3.758834],[120.427042,-3.75896]]]}},{"type":"Feature","properties":{"FID":201,"REMARK":"Tambak"},"geometry":{"type":"Polygon","coordinates":[[[120.429198,-3.743058],[120.429306,-3.743748],[120.429755,-3.743901],[120.429926,-3.743407],[120.431084,-3.743784],[120.431462,-3.743569],[120.432342,-3.743856],[120.433564,-3.743793],[120.433815,-3.744071],[120.434435,-3.744268],[120.43501,-3.745299],[120.43501,-3.74676],[120.436304,-3.747486],[120.436214,-3.747898],[120.43642,-3.747925],[120.43651,-3.748149],[120.435244,-3.750435],[120.434399,-3.751341],[120.433384,-3.752067],[120.433196,-3.752416],[120.432486,-3.752371],[120.432055,-3.753662],[120.431075,-3.754854],[120.431381,-3.754989],[120.429998,-3.756477],[120.429854,-3.756549],[120.42892,-3.756136],[120.428443,-3.756701],[120.427024,-3.755733],[120.420547,-3.75368],[120.419397,-3.753106],[120.415786,-3.752918],[120.415346,-3.752622],[120.413972,-3.751045],[120.41407,-3.750444],[120.414439,-3.750399],[120.41425,-3.747934],[120.415759,-3.747145],[120.417736,-3.746518],[120.417771,-3.745613],[120.418661,-3.745433],[120.419388,-3.744869],[120.420619,-3.744331],[120.42158,-3.744205],[120.423997,-3.744985],[120.423224,-3.745577],[120.422865,-3.748284],[120.422883,-3.749279],[120.423036,-3.749261],[120.422991,-3.748123],[120.423287,-3.745873],[120.42441,-3.74546],[120.424374,-3.745039],[120.426395,-3.744653],[120.426916,-3.744044],[120.427689,-3.743658],[120.427698,-3.743076],[120.428318,-3.743112],[120.42856,-3.742655],[120.429198,-3.743058]]]}},{"type":"Feature","properties":{"FID":202,"REMARK":"Tambak"},"geometry":{"type":"Polygon","coordinates":[[[120.424742,-3.741902],[120.424662,-3.742323],[120.426099,-3.742735],[120.426575,-3.742628],[120.427365,-3.742986],[120.427339,-3.743488],[120.426782,-3.743793],[120.426189,-3.744385],[120.425731,-3.744241],[120.425111,-3.744358],[120.424212,-3.744806],[120.421841,-3.744008],[120.420395,-3.744187],[120.418912,-3.744967],[120.418616,-3.745308],[120.417637,-3.745487],[120.417628,-3.746321],[120.417466,-3.746473],[120.416729,-3.746823],[120.415705,-3.747029],[120.41522,-3.747361],[120.41496,-3.747343],[120.414969,-3.747083],[120.416972,-3.744824],[120.418724,-3.74339],[120.419317,-3.743425],[120.419361,-3.742681],[120.421508,-3.742395],[120.423431,-3.742556],[120.423521,-3.742179],[120.424096,-3.742242],[120.424194,-3.741794],[120.424742,-3.741902]]]}},{"type":"Feature","properties":{"FID":203,"REMARK":"Tambak"},"geometry":{"type":"Polygon","coordinates":[[[120.42927,-3.738226],[120.428911,-3.738298],[120.428686,-3.738101],[120.42892,-3.736882],[120.429423,-3.736711],[120.429809,-3.736819],[120.429917,-3.737222],[120.429791,-3.737626],[120.42927,-3.738226]]]}},{"type":"Feature","properties":{"FID":204,"REMARK":"Tambak"},"geometry":{"type":"Polygon","coordinates":[[[120.435064,-3.727944],[120.435837,-3.727747],[120.438199,-3.727891],[120.438864,-3.727308],[120.439475,-3.727236],[120.440193,-3.727729],[120.440535,-3.728348],[120.440553,-3.73335],[120.440831,-3.734757],[120.438505,-3.734488],[120.435603,-3.73482],[120.43059,-3.734443],[120.430653,-3.734587],[120.43201,-3.734739],[120.435864,-3.73499],[120.43837,-3.734694],[120.440867,-3.734972],[120.440822,-3.741364],[120.44005,-3.744492],[120.439511,-3.74564],[120.437202,-3.747468],[120.435657,-3.74685],[120.435414,-3.745398],[120.434947,-3.744779],[120.434633,-3.744026],[120.433851,-3.743694],[120.433438,-3.743318],[120.432342,-3.742914],[120.432189,-3.743363],[120.430959,-3.742888],[120.430438,-3.742341],[120.430788,-3.74183],[120.430707,-3.741391],[120.4313,-3.741292],[120.431552,-3.740799],[120.431785,-3.738352],[120.432495,-3.738164],[120.432432,-3.737231],[120.432198,-3.735967],[120.43051,-3.735358],[120.430231,-3.73551],[120.429818,-3.735232],[120.429773,-3.734363],[120.430393,-3.732776],[120.429746,-3.732812],[120.429108,-3.73266],[120.429216,-3.732176],[120.429485,-3.732059],[120.429306,-3.730965],[120.428291,-3.730894],[120.427904,-3.732256],[120.42697,-3.731772],[120.426332,-3.732292],[120.42547,-3.731942],[120.425515,-3.731593],[120.426153,-3.730947],[120.425811,-3.730625],[120.426189,-3.73015],[120.425847,-3.729845],[120.424617,-3.729513],[120.424491,-3.729854],[120.424078,-3.729692],[120.423808,-3.730078],[120.422892,-3.729746],[120.422919,-3.729173],[120.42794,-3.728796],[120.428461,-3.728518],[120.428731,-3.728133],[120.430285,-3.727398],[120.43086,-3.726456],[120.431156,-3.726286],[120.433178,-3.726985],[120.434354,-3.72712],[120.435064,-3.727944]]]}},{"type":"Feature","properties":{"FID":205,"REMARK":"Tambak"},"geometry":{"type":"Polygon","coordinates":[[[120.431686,-3.716318],[120.433402,-3.718478],[120.434624,-3.719151],[120.435396,-3.719859],[120.435756,-3.720791],[120.436043,-3.721078],[120.436735,-3.721096],[120.437534,-3.720307],[120.438055,-3.720226],[120.43793,-3.720397],[120.438154,-3.72132],[120.437885,-3.722476],[120.437876,-3.723391],[120.438289,-3.725632],[120.438729,-3.726797],[120.437903,-3.727407],[120.435881,-3.727371],[120.435091,-3.727622],[120.434238,-3.7266],[120.431192,-3.725999],[120.430815,-3.726161],[120.429917,-3.727227],[120.429557,-3.727425],[120.428893,-3.727496],[120.428776,-3.727891],[120.427851,-3.72859],[120.425659,-3.728868],[120.422919,-3.728957],[120.422973,-3.728482],[120.425452,-3.728267],[120.425497,-3.725578],[120.426557,-3.725461],[120.426692,-3.724816],[120.427186,-3.724906],[120.427177,-3.724215],[120.428066,-3.724126],[120.428866,-3.723498],[120.429459,-3.723606],[120.429971,-3.722987],[120.430204,-3.722127],[120.430689,-3.721401],[120.430788,-3.721132],[120.429935,-3.721042],[120.429836,-3.719715],[120.430725,-3.718998],[120.430887,-3.718667],[120.430977,-3.717985],[120.430725,-3.716417],[120.428946,-3.71656],[120.429081,-3.714534],[120.430402,-3.714973],[120.430959,-3.715798],[120.431686,-3.716318]]]}},{"type":"Feature","properties":{"FID":206,"REMARK":"Tambak"},"geometry":{"type":"Polygon","coordinates":[[[120.435531,-3.699599],[120.436313,-3.700729],[120.436295,-3.701616],[120.436636,-3.702773],[120.436447,-3.70323],[120.436349,-3.704333],[120.436016,-3.704548],[120.435899,-3.70687],[120.43563,-3.707479],[120.436304,-3.707614],[120.436573,-3.709039],[120.437157,-3.710366],[120.437274,-3.711603],[120.437678,-3.712903],[120.4381,-3.716112],[120.438082,-3.719572],[120.437561,-3.719644],[120.436376,-3.720531],[120.436169,-3.720361],[120.435953,-3.719724],[120.435145,-3.718738],[120.433941,-3.718272],[120.433034,-3.717304],[120.433169,-3.716452],[120.433609,-3.715932],[120.434345,-3.714158],[120.434606,-3.712894],[120.43448,-3.712472],[120.433824,-3.711836],[120.432971,-3.710661],[120.43351,-3.709164],[120.433474,-3.708788],[120.432872,-3.708501],[120.431417,-3.708761],[120.431282,-3.708573],[120.431102,-3.706018],[120.43139,-3.705498],[120.432486,-3.704575],[120.432558,-3.704001],[120.432118,-3.703463],[120.431111,-3.703051],[120.430024,-3.702737],[120.428524,-3.702629],[120.428228,-3.701984],[120.427949,-3.700191],[120.427994,-3.699985],[120.428327,-3.69977],[120.429378,-3.699815],[120.430195,-3.699653],[120.432845,-3.697878],[120.433097,-3.697914],[120.433986,-3.698909],[120.435531,-3.699599]]]}},{"type":"Feature","properties":{"FID":207,"REMARK":"Tambak"},"geometry":{"type":"Polygon","coordinates":[[[120.428219,-3.697851],[120.428686,-3.698371],[120.42989,-3.6983],[120.430123,-3.69864],[120.42953,-3.699044],[120.428911,-3.699223],[120.428111,-3.69916],[120.427321,-3.699868],[120.427222,-3.700828],[120.427437,-3.701849],[120.427716,-3.702737],[120.428515,-3.703463],[120.428354,-3.704431],[120.428569,-3.705597],[120.428803,-3.706027],[120.428497,-3.706305],[120.427967,-3.706],[120.42733,-3.706287],[120.426737,-3.706054],[120.42574,-3.706341],[120.42529,-3.707129],[120.423943,-3.708286],[120.423754,-3.708958],[120.424033,-3.709003],[120.424185,-3.708402],[120.425452,-3.707389],[120.425892,-3.70652],[120.427033,-3.706905],[120.427851,-3.706385],[120.428075,-3.706959],[120.428434,-3.706914],[120.429117,-3.70609],[120.428641,-3.704512],[120.428955,-3.703463],[120.429791,-3.703418],[120.431839,-3.703893],[120.43183,-3.704377],[120.431004,-3.70505],[120.430545,-3.70574],[120.430348,-3.706816],[120.430545,-3.707865],[120.430411,-3.707909],[120.431004,-3.709496],[120.431902,-3.709478],[120.432585,-3.709227],[120.432153,-3.710303],[120.432162,-3.710877],[120.432378,-3.711432],[120.43386,-3.712526],[120.434013,-3.712983],[120.433088,-3.71569],[120.432908,-3.715995],[120.432405,-3.715923],[120.431659,-3.71535],[120.432576,-3.714561],[120.432782,-3.71414],[120.432764,-3.713584],[120.432144,-3.712849],[120.430635,-3.713118],[120.430285,-3.711872],[120.428902,-3.711423],[120.427886,-3.71128],[120.427141,-3.711925],[120.427051,-3.712365],[120.427608,-3.712759],[120.427509,-3.713638],[120.426243,-3.713817],[120.426153,-3.714624],[120.426584,-3.714893],[120.426629,-3.716237],[120.425677,-3.717152],[120.425533,-3.716954],[120.425129,-3.717277],[120.42379,-3.716452],[120.423152,-3.715619],[120.422649,-3.715502],[120.422254,-3.712427],[120.422407,-3.711854],[120.421967,-3.711746],[120.422236,-3.710572],[120.422236,-3.709801],[120.421446,-3.709478],[120.421706,-3.708035],[120.421949,-3.708026],[120.422092,-3.707219],[120.42238,-3.707237],[120.422622,-3.705722],[120.422937,-3.705722],[120.423134,-3.70496],[120.422802,-3.704817],[120.423197,-3.70323],[120.424167,-3.703167],[120.424688,-3.701607],[120.424733,-3.70115],[120.424518,-3.700317],[120.424581,-3.699958],[120.424886,-3.699555],[120.424688,-3.699313],[120.424985,-3.698882],[120.424841,-3.698604],[120.425021,-3.698219],[120.425398,-3.697735],[120.426072,-3.697851],[120.426198,-3.697233],[120.426997,-3.696623],[120.427877,-3.696785],[120.428165,-3.69708],[120.428219,-3.697851]]]}},{"type":"Feature","properties":{"FID":208,"REMARK":"Tambak"},"geometry":{"type":"Polygon","coordinates":[[[120.43475,-3.685588],[120.436385,-3.686735],[120.437229,-3.687838],[120.437588,-3.688699],[120.43695,-3.689093],[120.437759,-3.690868],[120.437615,-3.690922],[120.437687,-3.691809],[120.436825,-3.693701],[120.436519,-3.695422],[120.435792,-3.695592],[120.435585,-3.695772],[120.435549,-3.696336],[120.435369,-3.696399],[120.433384,-3.696354],[120.432216,-3.696605],[120.43192,-3.696785],[120.431606,-3.697322],[120.429414,-3.697188],[120.429189,-3.697054],[120.428668,-3.695825],[120.427797,-3.695494],[120.427581,-3.694436],[120.427464,-3.694248],[120.427006,-3.694122],[120.426853,-3.693638],[120.427222,-3.693253],[120.427347,-3.692401],[120.427671,-3.692006],[120.427644,-3.691227],[120.428165,-3.690402],[120.427833,-3.688824],[120.428129,-3.688483],[120.42821,-3.688098],[120.428093,-3.687946],[120.427473,-3.687829],[120.427186,-3.687435],[120.427168,-3.687094],[120.427428,-3.686637],[120.427078,-3.686063],[120.426656,-3.686108],[120.42627,-3.686592],[120.426,-3.686529],[120.426404,-3.685283],[120.426135,-3.684763],[120.425695,-3.684503],[120.425731,-3.684243],[120.425964,-3.683956],[120.427626,-3.683123],[120.427985,-3.683078],[120.43475,-3.685588]]]}},{"type":"Feature","properties":{"FID":209,"REMARK":"Tambak"},"geometry":{"type":"Polygon","coordinates":[[[120.422919,-3.681043],[120.42344,-3.681751],[120.425569,-3.682773],[120.425775,-3.68366],[120.425201,-3.684154],[120.42494,-3.685095],[120.425659,-3.684871],[120.426009,-3.685086],[120.426063,-3.685355],[120.425748,-3.686664],[120.426045,-3.686906],[120.426773,-3.686933],[120.42733,-3.687928],[120.427958,-3.688206],[120.427545,-3.688717],[120.427752,-3.690491],[120.427258,-3.691361],[120.427321,-3.691944],[120.427114,-3.692491],[120.426512,-3.693468],[120.426701,-3.693979],[120.427428,-3.694812],[120.427455,-3.69518],[120.42733,-3.695422],[120.426853,-3.695682],[120.424715,-3.696256],[120.421796,-3.69587],[120.421742,-3.696892],[120.419397,-3.696327],[120.419326,-3.69518],[120.418283,-3.69561],[120.417709,-3.696085],[120.417412,-3.696722],[120.416918,-3.696695],[120.416262,-3.696112],[120.415687,-3.697511],[120.415508,-3.697511],[120.4154,-3.69786],[120.415256,-3.697869],[120.415148,-3.697699],[120.415454,-3.696041],[120.415993,-3.694785],[120.416909,-3.694884],[120.418158,-3.693477],[120.41699,-3.693037],[120.416343,-3.691361],[120.416056,-3.689514],[120.415355,-3.689425],[120.415436,-3.68782],[120.410109,-3.686933],[120.41001,-3.687641],[120.407576,-3.687838],[120.407477,-3.688152],[120.406605,-3.687793],[120.405995,-3.686843],[120.406471,-3.685211],[120.40709,-3.68514],[120.407567,-3.684781],[120.407782,-3.681581],[120.408294,-3.680702],[120.408654,-3.680541],[120.408833,-3.680666],[120.40939,-3.682181],[120.409687,-3.682558],[120.410306,-3.682845],[120.410953,-3.682836],[120.411115,-3.682692],[120.411016,-3.681894],[120.411151,-3.681572],[120.411384,-3.681527],[120.412085,-3.682038],[120.41231,-3.68202],[120.4131,-3.681231],[120.413594,-3.679456],[120.413828,-3.679402],[120.41496,-3.680326],[120.415454,-3.680989],[120.415732,-3.681052],[120.415957,-3.680908],[120.415993,-3.680066],[120.416307,-3.679429],[120.417619,-3.678748],[120.418086,-3.678685],[120.419496,-3.67882],[120.420017,-3.679071],[120.422919,-3.681043]]]}},{"type":"Feature","properties":{"FID":210,"REMARK":"Tambak"},"geometry":{"type":"Polygon","coordinates":[[[120.412157,-3.667291],[120.412292,-3.667766],[120.412651,-3.668214],[120.414043,-3.669138],[120.413918,-3.669936],[120.414016,-3.670563],[120.414232,-3.670904],[120.414879,-3.671128],[120.415535,-3.67241],[120.416092,-3.674786],[120.416056,-3.675942],[120.416631,-3.676121],[120.41734,-3.677896],[120.417179,-3.678067],[120.417143,-3.678703],[120.416577,-3.678811],[120.415858,-3.679196],[120.415427,-3.680111],[120.415148,-3.680021],[120.413873,-3.678909],[120.413343,-3.679035],[120.412965,-3.679752],[120.413019,-3.680774],[120.412435,-3.681554],[120.412004,-3.681697],[120.411375,-3.681249],[120.41107,-3.681285],[120.410801,-3.681769],[120.41098,-3.682423],[120.410315,-3.682603],[120.409561,-3.682056],[120.408627,-3.679931],[120.408573,-3.679438],[120.408896,-3.678802],[120.408456,-3.678551],[120.408043,-3.676892],[120.407998,-3.675691],[120.408375,-3.675216],[120.408348,-3.674794],[120.407369,-3.672903],[120.407252,-3.672132],[120.406444,-3.671791],[120.406309,-3.671433],[120.406381,-3.667811],[120.406093,-3.667685],[120.405114,-3.668116],[120.405024,-3.667461],[120.404773,-3.667183],[120.401871,-3.666923],[120.402096,-3.66669],[120.403048,-3.66643],[120.405294,-3.666538],[120.406057,-3.665919],[120.406641,-3.665785],[120.407818,-3.666663],[120.407674,-3.667004],[120.407755,-3.667363],[120.408043,-3.667524],[120.408375,-3.667479],[120.408707,-3.667148],[120.409004,-3.666063],[120.410235,-3.665122],[120.410181,-3.664673],[120.409696,-3.664297],[120.409597,-3.664019],[120.409893,-3.663741],[120.410612,-3.663535],[120.411528,-3.663705],[120.411501,-3.663929],[120.412121,-3.664342],[120.412741,-3.665686],[120.412723,-3.66643],[120.412157,-3.667291]]]}},{"type":"Feature","properties":{"FID":211,"REMARK":"Tambak"},"geometry":{"type":"Polygon","coordinates":[[[120.403156,-3.6628],[120.403246,-3.663544],[120.403434,-3.66366],[120.403749,-3.663212],[120.404045,-3.663678],[120.404297,-3.66375],[120.405438,-3.664817],[120.406587,-3.664781],[120.406785,-3.664906],[120.406641,-3.665489],[120.405977,-3.665695],[120.405491,-3.665525],[120.40444,-3.665588],[120.403883,-3.665346],[120.403443,-3.664942],[120.40179,-3.665274],[120.401611,-3.665032],[120.402338,-3.66418],[120.402662,-3.663526],[120.402617,-3.662916],[120.40126,-3.66332],[120.4002,-3.663293],[120.400147,-3.662145],[120.399212,-3.661796],[120.397784,-3.661509],[120.397667,-3.661329],[120.398467,-3.66106],[120.399257,-3.661096],[120.401189,-3.661724],[120.403156,-3.6628]]]}},{"type":"Feature","properties":{"FID":212,"REMARK":"Tambak"},"geometry":{"type":"MultiPolygon","coordinates":[[[[120.408375,-3.667148],[120.408061,-3.667219],[120.407998,-3.667022],[120.408959,-3.665417],[120.409049,-3.6641],[120.409426,-3.663714],[120.409273,-3.66427],[120.409947,-3.664951],[120.408815,-3.665704],[120.408618,-3.666807],[120.408375,-3.667148]]],[[[120.403569,-3.663069],[120.403362,-3.663104],[120.403336,-3.662889],[120.403569,-3.663069]]]]}},{"type":"Feature","properties":{"FID":213,"REMARK":"Tambak"},"geometry":{"type":"Polygon","coordinates":[[[120.381776,-3.813216],[120.383662,-3.81318],[120.383213,-3.814659],[120.384067,-3.815179],[120.384004,-3.815681],[120.383285,-3.817088],[120.382881,-3.81699],[120.382279,-3.818675],[120.381264,-3.817447],[120.379404,-3.816945],[120.376799,-3.815771],[120.377635,-3.813028],[120.378452,-3.811845],[120.379404,-3.812338],[120.380734,-3.812678],[120.381776,-3.813216]]]}},{"type":"Feature","properties":{"FID":214,"REMARK":"Tambak"},"geometry":{"type":"Polygon","coordinates":[[[120.368292,-3.810868],[120.367601,-3.812374],[120.367169,-3.813871],[120.365993,-3.81362],[120.366271,-3.812777],[120.36699,-3.812804],[120.367547,-3.811208],[120.367879,-3.811173],[120.368202,-3.810142],[120.368526,-3.810231],[120.368292,-3.810868]]]}},{"type":"Feature","properties":{"FID":215,"REMARK":"Tambak"},"geometry":{"type":"Polygon","coordinates":[[[120.370134,-3.807856],[120.370709,-3.807856],[120.371607,-3.808089],[120.37193,-3.808376],[120.372344,-3.809156],[120.376251,-3.811191],[120.377796,-3.811666],[120.376269,-3.816084],[120.375039,-3.82045],[120.372685,-3.819374],[120.366567,-3.81612],[120.366702,-3.81543],[120.367304,-3.814139],[120.367663,-3.812553],[120.368732,-3.810097],[120.369532,-3.809138],[120.369855,-3.807847],[120.370134,-3.807856]]]}},{"type":"Feature","properties":{"FID":216,"REMARK":"Tambak"},"geometry":{"type":"Polygon","coordinates":[[[120.380644,-3.804961],[120.388774,-3.803867],[120.387597,-3.806745],[120.385217,-3.809658],[120.384453,-3.812571],[120.382935,-3.812508],[120.380096,-3.811594],[120.372757,-3.808627],[120.372398,-3.808367],[120.372344,-3.807919],[120.372146,-3.807758],[120.370089,-3.807139],[120.37034,-3.806234],[120.370888,-3.805696],[120.371122,-3.804979],[120.371185,-3.80333],[120.380428,-3.804656],[120.380644,-3.804961]]]}}]}