{
"type": "FeatureCollection",
"name": "AGRI_LADANG",
"crs": { "type": "name", "properties": { "name": "urn:ogc:def:crs:OGC:1.3:CRS84" } },
"features": [
{ "type": "Feature", "properties": { "FID": 0, "REMARK": "Tegalan/Ladang" }, "geometry": { "type": "Polygon", "coordinates": [ [ [ 120.054259184659657, -4.282354686265372 ], [ 120.051681019794245, -4.281754495107392 ], [ 120.051860682851057, -4.280679524692717 ], [ 120.051411525208991, -4.280437656141355 ], [ 120.051528306195948, -4.279550804132576 ], [ 120.051411525208991, -4.278789364719573 ], [ 120.051645087182877, -4.278637076746117 ], [ 120.052264924728902, -4.278735616026518 ], [ 120.052282891034579, -4.279255186568034 ], [ 120.053360869375524, -4.279703091924313 ], [ 120.052696116065292, -4.281270758607629 ], [ 120.052956627497679, -4.281485752645271 ], [ 120.054393931952276, -4.281727620865427 ], [ 120.054259184659657, -4.282354686265372 ] ] ] } },
{ "type": "Feature", "properties": { "FID": 1, "REMARK": "Tegalan/Ladang" }, "geometry": { "type": "MultiPolygon", "coordinates": [ [ [ [ 120.059810773115515, -4.286314144492177 ], [ 120.059289750250713, -4.286394766731783 ], [ 120.059460430154715, -4.28602748757139 ], [ 120.060295863368935, -4.286206648159479 ], [ 120.059810773115515, -4.286314144492177 ] ] ], [ [ [ 120.067976459048154, -4.282614470351946 ], [ 120.067886627519755, -4.282748841396599 ], [ 120.06756323401747, -4.282704051051004 ], [ 120.06748238564191, -4.282910086619029 ], [ 120.068093240035097, -4.283268409213871 ], [ 120.067311705737893, -4.285543753773834 ], [ 120.065991182270253, -4.285391467144597 ], [ 120.065793552907749, -4.285543753773834 ], [ 120.062541651579224, -4.285812494810261 ], [ 120.063484882627563, -4.285158558123566 ], [ 120.063619629920169, -4.284558369165504 ], [ 120.064239467466223, -4.283492360750417 ], [ 120.065290496348652, -4.282175524774966 ], [ 120.067491368794748, -4.281629081970147 ], [ 120.068317818856116, -4.281584291559008 ], [ 120.067976459048154, -4.282614470351946 ] ] ], [ [ [ 120.066664918733352, -4.279084982463949 ], [ 120.06632355892539, -4.280634734226008 ], [ 120.065407277335581, -4.281387213718848 ], [ 120.064014888645204, -4.281611165806005 ], [ 120.062451820050825, -4.284253795484228 ], [ 120.060978582984873, -4.284020886116707 ], [ 120.060978582984873, -4.284397124290525 ], [ 120.06215537600707, -4.284719614006483 ], [ 120.062739280941727, -4.284630033543469 ], [ 120.062954876609936, -4.284737530097826 ], [ 120.062784196705934, -4.285086893795129 ], [ 120.062038595020141, -4.285418341257841 ], [ 120.061885881421844, -4.285678124303856 ], [ 120.061966729797405, -4.28589311710277 ], [ 120.061158246041686, -4.286018529540883 ], [ 120.061248077570099, -4.285660208234551 ], [ 120.061086380818963, -4.285463131444486 ], [ 120.059496362766083, -4.284862942725479 ], [ 120.059837722574045, -4.283053415677105 ], [ 120.059361615473435, -4.282757799465403 ], [ 120.059487379613245, -4.281709704703592 ], [ 120.059711958434264, -4.281539501145245 ], [ 120.060376711744496, -4.281655956215573 ], [ 120.060502475884277, -4.281306590951431 ], [ 120.059873655185399, -4.280948267437928 ], [ 120.060152132923477, -4.280357033273918 ], [ 120.059900604643929, -4.280133080819823 ], [ 120.060250947604729, -4.279685175715091 ], [ 120.061939780338889, -4.279416432526479 ], [ 120.063350135334943, -4.280043499819841 ], [ 120.06398793918666, -4.280106206520929 ], [ 120.065829485519103, -4.278619160511954 ], [ 120.066664918733352, -4.279084982463949 ] ] ] ] } },
{ "type": "Feature", "properties": { "FID": 2, "REMARK": "Tegalan/Ladang" }, "geometry": { "type": "Polygon", "coordinates": [ [ [ 120.052902728580634, -4.270171609445923 ], [ 120.054411898257953, -4.270449314088623 ], [ 120.054492746633528, -4.270924099212682 ], [ 120.054888005358521, -4.271076388718543 ], [ 120.054654443384663, -4.271560131654278 ], [ 120.054465797174998, -4.271685546439674 ], [ 120.054043588991476, -4.271640755447244 ], [ 120.053845959628973, -4.272043874284959 ], [ 120.054870039052844, -4.272420118342344 ], [ 120.054896988511359, -4.272670947611393 ], [ 120.055238348319349, -4.272894902246577 ], [ 120.054798173830122, -4.273781761959553 ], [ 120.054142403672728, -4.273916134553852 ], [ 120.053360869375524, -4.273620514815309 ], [ 120.052651200301085, -4.273539891230469 ], [ 120.051429491514668, -4.273943009069885 ], [ 120.051492373584551, -4.273423434926291 ], [ 120.050432361549312, -4.272832194955317 ], [ 120.050315580562355, -4.272518658422111 ], [ 120.049812524003258, -4.272357411012264 ], [ 120.049596928335077, -4.272975525899232 ], [ 120.049318450597013, -4.272957609532708 ], [ 120.048662680439591, -4.272679905798056 ], [ 120.048743528815152, -4.272106581640673 ], [ 120.048231489103216, -4.271846793990767 ], [ 120.048599798369708, -4.270852433552405 ], [ 120.049560995723709, -4.270986806659932 ], [ 120.049812524003258, -4.27045827230123 ], [ 120.050827620274319, -4.270709102211771 ], [ 120.050998300178293, -4.270180567661773 ], [ 120.052902728580634, -4.270171609445923 ] ] ] } },
{ "type": "Feature", "properties": { "FID": 3, "REMARK": "Tegalan/Ladang" }, "geometry": { "type": "Polygon", "coordinates": [ [ [ 120.061571471072384, -4.266122485178684 ], [ 120.061382824862719, -4.266364358245636 ], [ 120.060960616679196, -4.26568353015893 ], [ 120.058876525220029, -4.264008332166273 ], [ 120.059370598626288, -4.262637712910536 ], [ 120.060215014993361, -4.262915420277437 ], [ 120.06010721715927, -4.263246877325948 ], [ 120.061840965657638, -4.263757500066907 ], [ 120.06172418467068, -4.264115831612366 ], [ 120.062353005369573, -4.26440249672843 ], [ 120.062137409701378, -4.264850410758172 ], [ 120.062442836897972, -4.265002701468802 ], [ 120.061571471072384, -4.266122485178684 ] ] ] } },
{ "type": "Feature", "properties": { "FID": 4, "REMARK": "Tegalan/Ladang" }, "geometry": { "type": "Polygon", "coordinates": [ [ [ 120.055238348319349, -4.263273752215509 ], [ 120.054636477078972, -4.26330062710413 ], [ 120.05445681402216, -4.263730625194261 ], [ 120.05397172376874, -4.263739583485248 ], [ 120.053333919917009, -4.26652560691462 ], [ 120.053693246030647, -4.266722688575181 ], [ 120.053639347113602, -4.266973519706384 ], [ 120.055301230389233, -4.267063102233386 ], [ 120.057052945193249, -4.266901853677258 ], [ 120.058238721368298, -4.266597272978857 ], [ 120.059505345918922, -4.266686855549751 ], [ 120.060089250853594, -4.266910811931264 ], [ 120.059981453019489, -4.267197476004297 ], [ 120.058885508372867, -4.267233309005901 ], [ 120.058849575761499, -4.267842469777332 ], [ 120.059981453019489, -4.267905177476366 ], [ 120.061508589002486, -4.267743929097072 ], [ 120.062308089605366, -4.268138091742225 ], [ 120.062568601037754, -4.268559128889644 ], [ 120.063314202723575, -4.268594961827698 ], [ 120.064410147370211, -4.268962249346305 ], [ 120.064410147370211, -4.269320578463381 ], [ 120.063889124505408, -4.269508701182876 ], [ 120.062254190688321, -4.269481826511486 ], [ 120.061930797186037, -4.270252233384803 ], [ 120.060538408495631, -4.270691185792309 ], [ 120.059379581779126, -4.270789726094173 ], [ 120.059208901875138, -4.271013681278615 ], [ 120.058427367577977, -4.2711480543579 ], [ 120.05828363713249, -4.272554491175251 ], [ 120.055741404878447, -4.272205121760725 ], [ 120.055930051088112, -4.271694504637846 ], [ 120.055534792363105, -4.271363051235801 ], [ 120.055642590197195, -4.270977848453496 ], [ 120.055462927140368, -4.270449314088623 ], [ 120.055013769498331, -4.270126818365108 ], [ 120.055148516790936, -4.269338494914844 ], [ 120.050791687662951, -4.267752887341254 ], [ 120.049884389225994, -4.267116851744572 ], [ 120.050585075147609, -4.264895202146785 ], [ 120.050567108841932, -4.264707078297064 ], [ 120.050207782728265, -4.264536870964768 ], [ 120.050297614256678, -4.26414270647154 ], [ 120.051079148553868, -4.264438329860417 ], [ 120.051824750239689, -4.263954582437586 ], [ 120.05308239163746, -4.263838124679203 ], [ 120.053154256860182, -4.263551459352611 ], [ 120.053450700903937, -4.263381251764355 ], [ 120.053854942781811, -4.262763129153172 ], [ 120.054007656380108, -4.261786673580723 ], [ 120.053801043864766, -4.261043133184698 ], [ 120.054115454214198, -4.260532508640911 ], [ 120.054986820039801, -4.260631050245935 ], [ 120.054780207524431, -4.261840423461003 ], [ 120.055274280930718, -4.2622345891349 ], [ 120.055238348319349, -4.263273752215509 ] ] ] } },
{ "type": "Feature", "properties": { "FID": 5, "REMARK": "Tegalan/Ladang" }, "geometry": { "type": "Polygon", "coordinates": [ [ [ 120.067491368794748, -4.255488953275322 ], [ 120.067428486724864, -4.256080206591345 ], [ 120.066098980104343, -4.255847288672567 ], [ 120.065892367589001, -4.255578537140268 ], [ 120.065838468671956, -4.254942491473472 ], [ 120.066027114881607, -4.253948109167156 ], [ 120.065604906698084, -4.252774557226299 ], [ 120.066081013798652, -4.252398303553858 ], [ 120.067626116087354, -4.252810390899805 ], [ 120.067401537266306, -4.253813733081355 ], [ 120.067491368794748, -4.255488953275322 ] ] ] } },
{ "type": "Feature", "properties": { "FID": 6, "REMARK": "Tegalan/Ladang" }, "geometry": { "type": "Polygon", "coordinates": [ [ [ 120.065604906698084, -4.253948109167156 ], [ 120.065137782750355, -4.255417286175863 ], [ 120.064374214758843, -4.256295207684598 ], [ 120.063215388042323, -4.255811455140347 ], [ 120.062838095622979, -4.256187707145478 ], [ 120.061697235212151, -4.255488953275322 ], [ 120.062272156993998, -4.2541989444646 ], [ 120.062451820050825, -4.254082485229516 ], [ 120.062918943998582, -4.254243736473405 ], [ 120.063484882627563, -4.253285186916444 ], [ 120.064571844121346, -4.251932465419157 ], [ 120.064724557719643, -4.252013091270314 ], [ 120.065604906698084, -4.253948109167156 ] ] ] } },
{ "type": "Feature", "properties": { "FID": 7, "REMARK": "Tegalan/Ladang" }, "geometry": { "type": "Polygon", "coordinates": [ [ [ 120.267968390751676, -4.249495769049678 ], [ 120.268210935878386, -4.249361392187589 ], [ 120.268210935878386, -4.249128472237828 ], [ 120.268669076673305, -4.249182223001711 ], [ 120.26896552071706, -4.249997442461233 ], [ 120.268740941896027, -4.250418489536841 ], [ 120.268417548393757, -4.250293071283046 ], [ 120.267564148873831, -4.250803702617348 ], [ 120.267393468969857, -4.251170998631114 ], [ 120.267636014096567, -4.251520377603736 ], [ 120.267429401581225, -4.251896631704824 ], [ 120.267510249956786, -4.252039966552159 ], [ 120.268525346227847, -4.252308719319053 ], [ 120.269360779442067, -4.252165384521708 ], [ 120.269791970778456, -4.252684973035239 ], [ 120.270645370298368, -4.252559555150258 ], [ 120.270807067049518, -4.252237051923713 ], [ 120.270357909407437, -4.251878714847033 ], [ 120.270277061031862, -4.251529336036849 ], [ 120.271013679564859, -4.250947037667933 ], [ 120.271283174150085, -4.25093807922805 ], [ 120.272181489434203, -4.251484543870242 ], [ 120.271804197014887, -4.252550596729122 ], [ 120.272199455739894, -4.253123935471907 ], [ 120.273385231914929, -4.252353511437757 ], [ 120.273771507487098, -4.252362469861186 ], [ 120.274651856465539, -4.252846224571647 ], [ 120.274562024937126, -4.253562897658473 ], [ 120.274041002072352, -4.253921233951871 ], [ 120.274274564046209, -4.254494571674575 ], [ 120.274553041784287, -4.254772281980579 ], [ 120.274984233120648, -4.254897699505305 ], [ 120.275217795094548, -4.254646864435427 ], [ 120.275056098343384, -4.254449779680357 ], [ 120.275092030954738, -4.254252694874852 ], [ 120.275747801112161, -4.254010817999174 ], [ 120.27631373974117, -4.253885400330032 ], [ 120.276753914230383, -4.254127277245094 ], [ 120.276241874518448, -4.254852907534533 ], [ 120.275550171749657, -4.257397087345052 ], [ 120.275208811941695, -4.257558337894761 ], [ 120.274867452133719, -4.257513546078785 ], [ 120.274544058631449, -4.257056669406947 ], [ 120.274005069460983, -4.256832710155035 ], [ 120.273367265609252, -4.256232499038602 ], [ 120.272882175355832, -4.256098123351409 ], [ 120.272936074272877, -4.254987283439033 ], [ 120.272630647076255, -4.25501415861712 ], [ 120.272442000866604, -4.255730829686755 ], [ 120.272208438892733, -4.256017497927837 ], [ 120.271301140455762, -4.255238118398031 ], [ 120.271381988831337, -4.254718531606587 ], [ 120.271238258385878, -4.254360195684106 ], [ 120.270995713259168, -4.254404987683533 ], [ 120.270807067049518, -4.254888741111359 ], [ 120.270007566446637, -4.254602072450067 ], [ 120.269774004472779, -4.254969366653121 ], [ 120.269800953931295, -4.255247076787913 ], [ 120.270582488228484, -4.255524786822551 ], [ 120.270834016508033, -4.255865205438051 ], [ 120.270905881730769, -4.256223540660185 ], [ 120.270528589311411, -4.256555000592169 ], [ 120.270591471381323, -4.256787918296832 ], [ 120.27098673010633, -4.256940210604085 ], [ 120.271759281250681, -4.256680417826514 ], [ 120.272549798700695, -4.257674796604096 ], [ 120.273043872106967, -4.258937924550038 ], [ 120.275388474998522, -4.260523550312555 ], [ 120.275666952736586, -4.260908758337624 ], [ 120.275622036972393, -4.261437299267318 ], [ 120.275909497863296, -4.261517924122963 ], [ 120.276232891365595, -4.260774383467073 ], [ 120.276717981619015, -4.260783341792506 ], [ 120.277535448527573, -4.261383549358859 ], [ 120.277733077890076, -4.261965839833707 ], [ 120.277715111584385, -4.263452918121899 ], [ 120.277427650693483, -4.263909790994143 ], [ 120.276870695217312, -4.264151664757723 ], [ 120.276178992448521, -4.264948951809674 ], [ 120.27577475057069, -4.264805619366949 ], [ 120.27518186248318, -4.265369990705533 ], [ 120.274822536369513, -4.26518186697207 ], [ 120.275145929871812, -4.264769786252089 ], [ 120.274894401592235, -4.264483121273052 ], [ 120.274930334203603, -4.26399937387842 ], [ 120.274463210255874, -4.263596250816938 ], [ 120.273178619399587, -4.263148336056187 ], [ 120.273097771024013, -4.261697090438575 ], [ 120.27236115249103, -4.261455215902637 ], [ 120.272217422045571, -4.260783341792506 ], [ 120.270959780647814, -4.259233549940071 ], [ 120.27020519580914, -4.259224591596588 ], [ 120.270124347433566, -4.259009591321689 ], [ 120.270304010490392, -4.258373548490011 ], [ 120.270196212656302, -4.258060006055575 ], [ 120.269603324568791, -4.257567296257643 ], [ 120.269324846830699, -4.256841668526362 ], [ 120.268660093520467, -4.256599792463923 ], [ 120.267429401581225, -4.256680417826514 ], [ 120.266836513493686, -4.256223540660185 ], [ 120.266342440087442, -4.255462078113807 ], [ 120.266989227091983, -4.255005200224527 ], [ 120.267384485817018, -4.254521446869854 ], [ 120.267689913013612, -4.25393019235707 ], [ 120.267582115179522, -4.253742065826009 ], [ 120.267231772218722, -4.25365248174745 ], [ 120.266917361869261, -4.254315403682075 ], [ 120.266234642253352, -4.25478124037588 ], [ 120.265713619388535, -4.254843949140067 ], [ 120.265075815536832, -4.254637906038564 ], [ 120.264950051397051, -4.254145194050595 ], [ 120.265749551999903, -4.253661440155774 ], [ 120.265875316139685, -4.253276228503744 ], [ 120.265704636235697, -4.253168727543219 ], [ 120.265282428052174, -4.25332997897838 ], [ 120.2651117481482, -4.253150810715007 ], [ 120.265363276427749, -4.252532679886535 ], [ 120.265129714453877, -4.252398303553858 ], [ 120.265075815536832, -4.252120592392068 ], [ 120.263629527929382, -4.25146662700287 ], [ 120.26304562299471, -4.25081266105879 ], [ 120.264294281239643, -4.248985136849164 ], [ 120.26463564104759, -4.248214708678683 ], [ 120.265381242733426, -4.248169916319518 ], [ 120.266333456934589, -4.249047846084983 ], [ 120.267968390751676, -4.249495769049678 ] ] ] } },
{ "type": "Feature", "properties": { "FID": 8, "REMARK": "Tegalan/Ladang" }, "geometry": { "type": "Polygon", "coordinates": [ [ [ 120.262210189780475, -4.248859718362229 ], [ 120.262964774619149, -4.249343475270874 ], [ 120.263018673536195, -4.249737647342425 ], [ 120.262147307710592, -4.250328905071926 ], [ 120.262246122391844, -4.250830577941362 ], [ 120.261689166915701, -4.251636837226081 ], [ 120.260862716854305, -4.251986215987532 ], [ 120.260287795072458, -4.251968299131824 ], [ 120.260135081474161, -4.251601003498003 ], [ 120.258859473770713, -4.251278499870327 ], [ 120.257979124792271, -4.250445364874285 ], [ 120.257691663901355, -4.250669325983218 ], [ 120.257709630207032, -4.251520377603736 ], [ 120.257233523106464, -4.251914548562199 ], [ 120.256676567630294, -4.252810390899805 ], [ 120.256586736101895, -4.252425178822267 ], [ 120.256344190975184, -4.252246010348496 ], [ 120.256146561612681, -4.251144123318968 ], [ 120.257071826355329, -4.251036622061013 ], [ 120.257350304093393, -4.250633492210162 ], [ 120.257143691578051, -4.250436406428573 ], [ 120.256209443682565, -4.250113902313661 ], [ 120.256128595307004, -4.249836190328829 ], [ 120.257071826355329, -4.249648062798403 ], [ 120.257997091097948, -4.249970567108173 ], [ 120.258751675936622, -4.249298682977265 ], [ 120.259263715648586, -4.249137430698737 ], [ 120.260251862461089, -4.248411795028106 ], [ 120.26156340277592, -4.248116165485087 ], [ 120.261177127203737, -4.248573047458359 ], [ 120.261473571247492, -4.248770133716216 ], [ 120.262210189780475, -4.248859718362229 ] ], [ [ 120.261015430452602, -4.249692855071715 ], [ 120.261752048985585, -4.250149736110868 ], [ 120.262273071850359, -4.249997442461233 ], [ 120.262362903378772, -4.249719730434454 ], [ 120.262192223474798, -4.24937035064579 ], [ 120.261635267998656, -4.248931386071546 ], [ 120.261248992426459, -4.249155347620238 ], [ 120.261015430452602, -4.249692855071715 ] ] ] } },
{ "type": "Feature", "properties": { "FID": 9, "REMARK": "Tegalan/Ladang" }, "geometry": { "type": "Polygon", "coordinates": [ [ [ 120.305931194658584, -4.247032189524698 ], [ 120.306784594178481, -4.247076981949924 ], [ 120.307036122458058, -4.247363653409784 ], [ 120.306712728955759, -4.247489072139977 ], [ 120.305248475042646, -4.247426362777429 ], [ 120.303757271671017, -4.247713034107464 ], [ 120.304457957592618, -4.247453238219145 ], [ 120.304655586955136, -4.247211359209997 ], [ 120.305571868544916, -4.24727406859002 ], [ 120.305931194658584, -4.247032189524698 ] ] ] } },
{ "type": "Feature", "properties": { "FID": 10, "REMARK": "Tegalan/Ladang" }, "geometry": { "type": "Polygon", "coordinates": [ [ [ 120.301897759032883, -4.244622353214944 ], [ 120.301745045434586, -4.245132988302895 ], [ 120.300352656744209, -4.244084842231156 ], [ 120.300864696456145, -4.243672750223495 ], [ 120.301754028587425, -4.24416546890258 ], [ 120.301897759032883, -4.244622353214944 ] ] ] } },
{ "type": "Feature", "properties": { "FID": 11, "REMARK": "Tegalan/Ladang" }, "geometry": { "type": "Polygon", "coordinates": [ [ [ 120.276484419645143, -4.243457745610451 ], [ 120.276691032160485, -4.243663791699147 ], [ 120.276178992448521, -4.243511496769324 ], [ 120.275900514710457, -4.243708584319848 ], [ 120.27553220544398, -4.243493579716783 ], [ 120.275990346238871, -4.243188989759965 ], [ 120.276295773435493, -4.243224823878767 ], [ 120.276484419645143, -4.243457745610451 ] ] ] } },
{ "type": "Feature", "properties": { "FID": 12, "REMARK": "Tegalan/Ladang" }, "geometry": { "type": "Polygon", "coordinates": [ [ [ 120.288360147701198, -4.244864233035552 ], [ 120.287363017735814, -4.244129634827432 ], [ 120.287767259613688, -4.243045653268126 ], [ 120.287722343849481, -4.243690667271879 ], [ 120.288297265631314, -4.244353597769828 ], [ 120.288360147701198, -4.244864233035552 ] ] ] } },
{ "type": "Feature", "properties": { "FID": 13, "REMARK": "Tegalan/Ladang" }, "geometry": { "type": "Polygon", "coordinates": [ [ [ 120.082071025855981, -4.239990787961792 ], [ 120.082259672065675, -4.240295379179613 ], [ 120.081576952449723, -4.241003105369217 ], [ 120.082088992161658, -4.24160332833845 ], [ 120.082044076397466, -4.241755623644532 ], [ 120.081792548117917, -4.2418004163759 ], [ 120.081262542100291, -4.241531659948728 ], [ 120.081136777960523, -4.241218110665528 ], [ 120.082035093244613, -4.240169959280931 ], [ 120.081747632353711, -4.240107249323957 ], [ 120.081370339934381, -4.240465591866691 ], [ 120.081109828501994, -4.240349130558529 ], [ 120.080894232833785, -4.23992807799028 ], [ 120.081127794807685, -4.239560776626385 ], [ 120.081118811654832, -4.239121806474723 ], [ 120.081594918755414, -4.239274102269867 ], [ 120.081639834519621, -4.239623486627699 ], [ 120.082071025855981, -4.239990787961792 ] ] ] } },
{ "type": "Feature", "properties": { "FID": 14, "REMARK": "Tegalan/Ladang" }, "geometry": { "type": "Polygon", "coordinates": [ [ [ 120.294064449755354, -4.239121806474723 ], [ 120.294064449755354, -4.239354729443384 ], [ 120.293794955170128, -4.239005344964073 ], [ 120.294064449755354, -4.23891575917471 ], [ 120.294064449755354, -4.239121806474723 ] ] ] } },
{ "type": "Feature", "properties": { "FID": 15, "REMARK": "Tegalan/Ladang" }, "geometry": { "type": "Polygon", "coordinates": [ [ [ 120.06239792113378, -4.239148682205458 ], [ 120.062200291771276, -4.241594369790098 ], [ 120.062838095622979, -4.241549577046784 ], [ 120.066494238829364, -4.243950464426737 ], [ 120.066359491536758, -4.244882150056286 ], [ 120.066880514401532, -4.245670498556848 ], [ 120.066530171440732, -4.245401743476662 ], [ 120.066161862174226, -4.245670498556848 ], [ 120.065667788767968, -4.246646974560419 ], [ 120.065568974086716, -4.247614490849781 ], [ 120.065083883833282, -4.24788324515927 ], [ 120.064688625108275, -4.247542823018104 ], [ 120.064383197911681, -4.247533864538676 ], [ 120.063484882627563, -4.247874286683794 ], [ 120.063484882627563, -4.24819679173533 ], [ 120.063089623902556, -4.248017622278902 ], [ 120.062865045081537, -4.247506989099768 ], [ 120.062227241229792, -4.247229276176237 ], [ 120.06315250597244, -4.247059064980147 ], [ 120.063673528837214, -4.246620099090619 ], [ 120.063754377212788, -4.246440929268025 ], [ 120.063520815238917, -4.246270717898028 ], [ 120.06285606192867, -4.246208008436461 ], [ 120.062317072758205, -4.24636926132734 ], [ 120.061544521613854, -4.246906770720233 ], [ 120.062119443395702, -4.246082589498037 ], [ 120.062379954828089, -4.245410701980841 ], [ 120.062972842915627, -4.244747772390646 ], [ 120.062083510784333, -4.244425265897674 ], [ 120.06191283088036, -4.244496934018867 ], [ 120.061328925945674, -4.24577800056272 ], [ 120.060736037858163, -4.245769042062802 ], [ 120.060592307412705, -4.246225925425999 ], [ 120.05999941932518, -4.246243842415124 ], [ 120.059711958434264, -4.246449887760145 ], [ 120.059747891045632, -4.246673850029285 ], [ 120.060340779133142, -4.247005314068315 ], [ 120.06043959381438, -4.247381570372489 ], [ 120.060727054705325, -4.247103857403811 ], [ 120.061472656391132, -4.246996355582646 ], [ 120.061014515596241, -4.247480113659925 ], [ 120.060897734609298, -4.248187833263497 ], [ 120.060475526425748, -4.248734299854897 ], [ 120.060062301395064, -4.248949302997835 ], [ 120.059747891045632, -4.248886593754003 ], [ 120.059765857351309, -4.248447628904409 ], [ 120.059155002958093, -4.248286376447936 ], [ 120.058732794774571, -4.247721992584812 ], [ 120.057358372389871, -4.246996355582646 ], [ 120.057017012581895, -4.246924687693548 ], [ 120.057025995734733, -4.247094898919285 ], [ 120.056891248442113, -4.247059064980147 ], [ 120.055777337489815, -4.246521555693342 ], [ 120.05558869128015, -4.246629057580657 ], [ 120.055418011376176, -4.247184483759853 ], [ 120.055004786345478, -4.24713969134087 ], [ 120.054771224371592, -4.247417404296649 ], [ 120.054402915105115, -4.247345736446663 ], [ 120.054223252048288, -4.24789220363464 ], [ 120.053899858546018, -4.247829494304863 ], [ 120.053558498738028, -4.247533864538676 ], [ 120.053585448196557, -4.246772393407114 ], [ 120.053738161794854, -4.246494680219172 ], [ 120.054169353131243, -4.246360302834286 ], [ 120.054636477078972, -4.246449887760145 ], [ 120.054762241218754, -4.246037797015088 ], [ 120.054932921122756, -4.245948212041391 ], [ 120.054420881410792, -4.245509245519966 ], [ 120.055022752651169, -4.245410701980841 ], [ 120.055301230389233, -4.245831751560041 ], [ 120.055732421725608, -4.245975087534593 ], [ 120.055849202712537, -4.245706332560469 ], [ 120.056666669621094, -4.245473411507195 ], [ 120.057241591402942, -4.245607789046509 ], [ 120.057448203918284, -4.245822793060746 ], [ 120.058014142547265, -4.245733208062092 ], [ 120.058041092005794, -4.245347992449394 ], [ 120.058229738215445, -4.24515090531739 ], [ 120.058454317036507, -4.243377118865127 ], [ 120.058957373595604, -4.242060214166622 ], [ 120.059370598626288, -4.24156749414442 ], [ 120.059478396460406, -4.241047898144216 ], [ 120.060080267700741, -4.240411840495876 ], [ 120.060619256871234, -4.240429757619896 ], [ 120.061292993334305, -4.239372646591912 ], [ 120.062200291771276, -4.238530540162149 ], [ 120.062604533649122, -4.237921356215626 ], [ 120.062730297788889, -4.239148682205458 ], [ 120.06239792113378, -4.239148682205458 ] ] ] } },
{ "type": "Feature", "properties": { "FID": 16, "REMARK": "Tegalan/Ladang" }, "geometry": { "type": "Polygon", "coordinates": [ [ [ 120.095608637187667, -4.237231544402627 ], [ 120.095393041519486, -4.237132999807681 ], [ 120.095437957283693, -4.236864241757644 ], [ 120.095725418174595, -4.236568607794735 ], [ 120.096039828524056, -4.236604442220499 ], [ 120.095608637187667, -4.237231544402627 ] ] ] } },
{ "type": "Feature", "properties": { "FID": 17, "REMARK": "Tegalan/Ladang" }, "geometry": { "type": "Polygon", "coordinates": [ [ [ 120.233158673492071, -4.234561877302609 ], [ 120.232790364225565, -4.234526042782234 ], [ 120.233050875657952, -4.233746641553561 ], [ 120.234272584444369, -4.233361419966796 ], [ 120.234146820304574, -4.232850777102795 ], [ 120.236383625362038, -4.232402844488624 ], [ 120.236608204183085, -4.232859735752434 ], [ 120.234416314889828, -4.233361419966796 ], [ 120.233158673492071, -4.234561877302609 ] ] ] } },
{ "type": "Feature", "properties": { "FID": 18, "REMARK": "Tegalan/Ladang" }, "geometry": { "type": "Polygon", "coordinates": [ [ [ 120.084981567376545, -4.232044498210698 ], [ 120.085215129350402, -4.231963870275307 ], [ 120.085691236450998, -4.232375968523534 ], [ 120.085547506005526, -4.232492431032192 ], [ 120.084649190721422, -4.232331175246308 ], [ 120.084397662441845, -4.233173288424513 ], [ 120.085107331516312, -4.233307668102238 ], [ 120.084730039096996, -4.234535001412485 ], [ 120.085520556546996, -4.235126270779611 ], [ 120.086014629953283, -4.235305443225902 ], [ 120.086230225621463, -4.235054601789478 ], [ 120.087236338739686, -4.234642504967384 ], [ 120.086975827307299, -4.235009808667273 ], [ 120.086688366416354, -4.235090436285375 ], [ 120.086212259315786, -4.235878794775189 ], [ 120.085942764730547, -4.235851918930809 ], [ 120.08605954571749, -4.236219222056522 ], [ 120.083957487952645, -4.235654829376822 ], [ 120.083517313463432, -4.235332319089266 ], [ 120.083301717795251, -4.234911263789295 ], [ 120.082996290598629, -4.233701848355649 ], [ 120.083481380852064, -4.233549551463355 ], [ 120.084020370022529, -4.232931404945821 ], [ 120.084667157027113, -4.231399474492507 ], [ 120.084936651612338, -4.231623441122214 ], [ 120.084864786389602, -4.231945952955192 ], [ 120.084981567376545, -4.232044498210698 ] ] ] } },
{ "type": "Feature", "properties": { "FID": 19, "REMARK": "Tegalan/Ladang" }, "geometry": { "type": "Polygon", "coordinates": [ [ [ 120.099058167878681, -4.231014251737896 ], [ 120.098950370044591, -4.231112797111966 ], [ 120.099076134184372, -4.231363639825743 ], [ 120.099363595075303, -4.231435309157614 ], [ 120.099282746699728, -4.231139673120901 ], [ 120.099435460298025, -4.231121755781715 ], [ 120.099767836953149, -4.23161448245827 ], [ 120.099633089660529, -4.231739903744064 ], [ 120.09897731950312, -4.23161448245827 ], [ 120.098959353197429, -4.231766779731233 ], [ 120.100046314691213, -4.232250547340771 ], [ 120.100261910359407, -4.232492431032192 ], [ 120.100172078830994, -4.233003074132572 ], [ 120.099291729852581, -4.232492431032192 ], [ 120.098204768358784, -4.232125126137692 ], [ 120.097917307467853, -4.232277423310216 ], [ 120.097297469921827, -4.231480102486664 ], [ 120.097908324315014, -4.231650317113427 ], [ 120.098671892306527, -4.231551771807756 ], [ 120.098761723834926, -4.230969458381901 ], [ 120.099058167878681, -4.231014251737896 ] ] ] } },
{ "type": "Feature", "properties": { "FID": 20, "REMARK": "Tegalan/Ladang" }, "geometry": { "type": "Polygon", "coordinates": [ [ [ 120.267106008078926, -4.226543862041638 ], [ 120.26703414285619, -4.226696160311271 ], [ 120.266620917825506, -4.226821582393214 ], [ 120.266710749353919, -4.227968297630041 ], [ 120.266513119991416, -4.227914545391212 ], [ 120.266279558017544, -4.226955963172776 ], [ 120.265821417222639, -4.227627866721165 ], [ 120.265533956331723, -4.227457651210655 ], [ 120.265408192191941, -4.226731995193897 ], [ 120.264941068244212, -4.226687201590357 ], [ 120.264464961143617, -4.226947004454863 ], [ 120.264168517099861, -4.226857417270041 ], [ 120.265138697606716, -4.226203430507216 ], [ 120.265444124803309, -4.226445316086518 ], [ 120.266001080279452, -4.22657073820904 ], [ 120.266549052602784, -4.226499068427227 ], [ 120.267132957537441, -4.226167595600161 ], [ 120.267106008078926, -4.226543862041638 ] ] ] } },
{ "type": "Feature", "properties": { "FID": 21, "REMARK": "Tegalan/Ladang" }, "geometry": { "type": "Polygon", "coordinates": [ [ [ 120.224265352179273, -4.228093719506146 ], [ 120.225648757716812, -4.22890896120605 ], [ 120.225981134371935, -4.22967044993121 ], [ 120.226861483350376, -4.22997504521171 ], [ 120.226951314878789, -4.230969458381901 ], [ 120.22592723545489, -4.233379337254154 ], [ 120.225361296825909, -4.232743273299031 ], [ 120.224301284790641, -4.232295340622661 ], [ 120.223196356991181, -4.231157590459671 ], [ 120.222594485750804, -4.230906747679156 ], [ 120.222675334126379, -4.230637987467021 ], [ 120.223079576004238, -4.230521524679467 ], [ 120.223654497786072, -4.228926878596416 ], [ 120.221669221008156, -4.227018674195267 ], [ 120.221902782982042, -4.225800287707361 ], [ 120.221750069383731, -4.225432979640575 ], [ 120.221821934606481, -4.225002960219377 ], [ 120.221516507409859, -4.224653569264096 ], [ 120.221561423174066, -4.224483353100663 ], [ 120.222612452056481, -4.224796909162225 ], [ 120.223456868423568, -4.2253613097536 ], [ 120.223061609698561, -4.225773411513252 ], [ 120.223367036895155, -4.22615863687314 ], [ 120.22317839068549, -4.226803664954178 ], [ 120.224364166860525, -4.227583073169392 ], [ 120.224265352179273, -4.228093719506146 ] ] ] } },
{ "type": "Feature", "properties": { "FID": 22, "REMARK": "Tegalan/Ladang" }, "geometry": { "type": "Polygon", "coordinates": [ [ [ 120.227175893699808, -4.223076828636585 ], [ 120.228011326914057, -4.224653569264096 ], [ 120.227732849175979, -4.2256659067275 ], [ 120.227517253507799, -4.225809246438524 ], [ 120.226753685516286, -4.225316516070878 ], [ 120.227050129560041, -4.224357930640547 ], [ 120.225918252302051, -4.223336632710485 ], [ 120.226133847970232, -4.223005158531923 ], [ 120.226654870835034, -4.223130581210735 ], [ 120.226960298031628, -4.222861818302744 ], [ 120.227175893699808, -4.223076828636585 ] ] ] } },
{ "type": "Feature", "properties": { "FID": 23, "REMARK": "Tegalan/Ladang" }, "geometry": { "type": "Polygon", "coordinates": [ [ [ 120.255517740913788, -4.224778991676409 ], [ 120.255661471359247, -4.224752115446907 ], [ 120.255688420817762, -4.225370268489835 ], [ 120.255463841996743, -4.226293017767609 ], [ 120.25513146534162, -4.225764452781674 ], [ 120.254511627795566, -4.22524484617314 ], [ 120.254394846808637, -4.224931290292664 ], [ 120.254502644642727, -4.223121622448635 ], [ 120.25478112238082, -4.222673684211762 ], [ 120.255005701201853, -4.22320225130381 ], [ 120.254897903367763, -4.22390999311745 ], [ 120.255517740913788, -4.224778991676409 ] ] ] } },
{ "type": "Feature", "properties": { "FID": 24, "REMARK": "Tegalan/Ladang" }, "geometry": { "type": "Polygon", "coordinates": [ [ [ 120.231299160853936, -4.222557220227822 ], [ 120.230706272766398, -4.225316516070878 ], [ 120.230185249901623, -4.225020877700022 ], [ 120.230185249901623, -4.224572940559758 ], [ 120.23001456999765, -4.224393765631222 ], [ 120.229673210189659, -4.224438559367235 ], [ 120.229170153630562, -4.225406103433736 ], [ 120.228738962294202, -4.22571070039004 ], [ 120.229017440032266, -4.226400522466416 ], [ 120.228397602486211, -4.226884293426574 ], [ 120.229259985158976, -4.2278518344412 ], [ 120.229403715604434, -4.227842875733641 ], [ 120.229816940635146, -4.227000756760787 ], [ 120.230041519456165, -4.225746535318211 ], [ 120.23023016566583, -4.225558401926844 ], [ 120.230652373849352, -4.225647989261758 ], [ 120.23009541837321, -4.229437524047672 ], [ 120.229691176495336, -4.229330019770111 ], [ 120.229637277578291, -4.22997504521171 ], [ 120.230005586844797, -4.230046714672069 ], [ 120.229789991176617, -4.231883242331523 ], [ 120.229529479744201, -4.231793655717469 ], [ 120.229511513438524, -4.231480102486664 ], [ 120.228981507420897, -4.231085921102101 ], [ 120.228882692739646, -4.230754450237063 ], [ 120.228451501403256, -4.230530483356054 ], [ 120.227580135577682, -4.230467772617768 ], [ 120.227562169272005, -4.230046714672069 ], [ 120.228092175289618, -4.229338978460479 ], [ 120.228271838346444, -4.22929418500761 ], [ 120.22854133293167, -4.229571904373643 ], [ 120.228810827516924, -4.229607739123299 ], [ 120.228927608503852, -4.229123969863096 ], [ 120.229161170477724, -4.229186680710162 ], [ 120.229259985158976, -4.228783539461888 ], [ 120.228694046529995, -4.228667076395562 ], [ 120.22885574328113, -4.228299769687109 ], [ 120.228083192136779, -4.228138513028406 ], [ 120.227669967106095, -4.228416232808638 ], [ 120.226421308861163, -4.22780704090237 ], [ 120.224714509821325, -4.226714077752792 ], [ 120.224939088642358, -4.226248224138707 ], [ 120.224409082624732, -4.225818205169584 ], [ 120.226340460485602, -4.226257182864694 ], [ 120.227535219813475, -4.226104884508829 ], [ 120.228550316084508, -4.225280681122836 ], [ 120.228801844364085, -4.22388311685784 ], [ 120.228253872040753, -4.223488931609912 ], [ 120.22872099598851, -4.223238086347866 ], [ 120.228738962294202, -4.222619931605962 ], [ 120.229601344966937, -4.222476591305624 ], [ 120.230544576015262, -4.223014117295368 ], [ 120.230930851587445, -4.222485550075171 ], [ 120.231299160853936, -4.222557220227822 ] ] ] } },
{ "type": "Feature", "properties": { "FID": 25, "REMARK": "Tegalan/Ladang" }, "geometry": { "type": "Polygon", "coordinates": [ [ [ 120.134918914020744, -4.222566178996438 ], [ 120.133805003068431, -4.222467632535974 ], [ 120.134308059627529, -4.221392579427186 ], [ 120.134963829784951, -4.220693794108042 ], [ 120.136185538571354, -4.220093554934312 ], [ 120.137164702231047, -4.220568371035464 ], [ 120.136167572265663, -4.222001776371657 ], [ 120.134918914020744, -4.222566178996438 ] ] ] } },
{ "type": "Feature", "properties": { "FID": 26, "REMARK": "Tegalan/Ladang" }, "geometry": { "type": "Polygon", "coordinates": [ [ [ 120.120662650461753, -4.218973704489294 ], [ 120.120554852627663, -4.219251427550234 ], [ 120.119872133011754, -4.21894682805877 ], [ 120.119836200400385, -4.218436175702148 ], [ 120.119988913998682, -4.218373463986085 ], [ 120.120653667308915, -4.218606393191656 ], [ 120.120662650461753, -4.218973704489294 ] ] ] } },
{ "type": "Feature", "properties": { "FID": 27, "REMARK": "Tegalan/Ladang" }, "geometry": { "type": "Polygon", "coordinates": [ [ [ 120.244279816709451, -4.218928910437905 ], [ 120.243489299259437, -4.219690408960135 ], [ 120.242725731267925, -4.220066678542545 ], [ 120.242384371459977, -4.21894682805877 ], [ 120.242806579643499, -4.21894682805877 ], [ 120.243677945469102, -4.218633269633959 ], [ 120.244459479766292, -4.217943440653841 ], [ 120.244630159670265, -4.218454093334378 ], [ 120.244279816709451, -4.218928910437905 ] ] ] } },
{ "type": "Feature", "properties": { "FID": 28, "REMARK": "Tegalan/Ladang" }, "geometry": { "type": "Polygon", "coordinates": [ [ [ 120.235808703580219, -4.212801059870278 ], [ 120.236087181318283, -4.214171767480723 ], [ 120.236464473737598, -4.214682422639441 ], [ 120.236383625362038, -4.215166200901478 ], [ 120.236760917781382, -4.215712690798321 ], [ 120.23725499118764, -4.215981456180416 ], [ 120.237093294436505, -4.216707122247842 ], [ 120.23668905255866, -4.21705651677938 ], [ 120.236787867239912, -4.218095740611234 ], [ 120.236653119947292, -4.218669104888916 ], [ 120.233886308872187, -4.217746346547012 ], [ 120.232934094671023, -4.21705651677938 ], [ 120.234488180112564, -4.211313884175305 ], [ 120.235054118741544, -4.211815582317864 ], [ 120.235754804663159, -4.212156020158928 ], [ 120.235808703580219, -4.212801059870278 ] ], [ [ 120.23539547854952, -4.216510027827416 ], [ 120.235611074217715, -4.216572739693884 ], [ 120.236087181318283, -4.215587266921539 ], [ 120.235700905746114, -4.214628669480633 ], [ 120.235458360619418, -4.212971278593796 ], [ 120.234919371448925, -4.213078785136823 ], [ 120.234613944252331, -4.213911960341431 ], [ 120.235341579632461, -4.215730608493351 ], [ 120.23539547854952, -4.216510027827416 ] ] ] } },
{ "type": "Feature", "properties": { "FID": 29, "REMARK": "Tegalan/Ladang" }, "geometry": { "type": "Polygon", "coordinates": [ [ [ 120.108885737086965, -4.211295966378517 ], [ 120.108993534921055, -4.211322843073545 ], [ 120.108849804475597, -4.211618486657581 ], [ 120.108095219636922, -4.21065988432523 ], [ 120.1086970908773, -4.210731555568492 ], [ 120.108885737086965, -4.211295966378517 ] ] ] } },
{ "type": "Feature", "properties": { "FID": 30, "REMARK": "Tegalan/Ladang" }, "geometry": { "type": "Polygon", "coordinates": [ [ [ 120.28447044252097, -4.211546815496011 ], [ 120.28433569522835, -4.211618486657581 ], [ 120.284326712075512, -4.211287007479968 ], [ 120.284641122424944, -4.211278048581316 ], [ 120.284721970800518, -4.209441472179972 ], [ 120.284955532774376, -4.209871500213727 ], [ 120.284973499080067, -4.210588213075366 ], [ 120.284784852870402, -4.211313884175305 ], [ 120.28447044252097, -4.211546815496011 ] ] ] } },
{ "type": "Feature", "properties": { "FID": 31, "REMARK": "Tegalan/Ladang" }, "geometry": { "type": "Polygon", "coordinates": [ [ [ 120.235009202977338, -4.203170203040971 ], [ 120.234578011640977, -4.203528562637146 ], [ 120.233931224636393, -4.203223956990898 ], [ 120.234586994793816, -4.202659540331816 ], [ 120.234667843169376, -4.201727804000711 ], [ 120.234892421990409, -4.201835312095729 ], [ 120.235197849187003, -4.202426606353411 ], [ 120.23521581549268, -4.202749130304984 ], [ 120.235009202977338, -4.203170203040971 ] ] ] } },
{ "type": "Feature", "properties": { "FID": 32, "REMARK": "Tegalan/Ladang" }, "geometry": { "type": "Polygon", "coordinates": [ [ [ 120.045716206307674, -4.200688558318206 ], [ 120.045967734587236, -4.200813984594737 ], [ 120.045815020988911, -4.20084086165137 ], [ 120.045788071530396, -4.2011723452737 ], [ 120.045644341084937, -4.201261935417716 ], [ 120.045311964429828, -4.200760230478694 ], [ 120.045716206307674, -4.200688558318206 ] ] ] } },
{ "type": "Feature", "properties": { "FID": 33, "REMARK": "Tegalan/Ladang" }, "geometry": { "type": "Polygon", "coordinates": [ [ [ 120.046955881399754, -4.200339156441532 ], [ 120.047117578150917, -4.199900164118259 ], [ 120.04740503904182, -4.199855368969343 ], [ 120.048123691269126, -4.200276443267616 ], [ 120.048662680439591, -4.200348115465967 ], [ 120.048384202701513, -4.201163386258732 ], [ 120.047872162989563, -4.201261935417716 ], [ 120.047836230378195, -4.201467992709899 ], [ 120.04802487658786, -4.201665090938439 ], [ 120.048959124483346, -4.201978656199368 ], [ 120.048959124483346, -4.202238467320054 ], [ 120.049489130500987, -4.202372852348512 ], [ 120.049480147348149, -4.202525155352767 ], [ 120.048554882605501, -4.202928310220433 ], [ 120.048132674421964, -4.20251619635334 ], [ 120.047979960823653, -4.202937269215124 ], [ 120.046991814011136, -4.202641622335948 ], [ 120.046533673216217, -4.203071654123144 ], [ 120.045779088377557, -4.202874556250122 ], [ 120.045563492709377, -4.203143326064618 ], [ 120.045123318220163, -4.20300894116895 ], [ 120.045267048665622, -4.202157836291863 ], [ 120.046147397644063, -4.202274303329908 ], [ 120.046210279713947, -4.201978656199368 ], [ 120.045725189460512, -4.201763640034031 ], [ 120.045832987294602, -4.201351525551441 ], [ 120.046345027006566, -4.201476951721368 ], [ 120.046506723757702, -4.201037960038382 ], [ 120.046731302578721, -4.200957328886079 ], [ 120.047719449391266, -4.201100673151078 ], [ 120.047710466238414, -4.200912533797864 ], [ 120.046668420508837, -4.200679599297683 ], [ 120.046488757452011, -4.199828491878759 ], [ 120.046857066718502, -4.199873287029218 ], [ 120.046955881399754, -4.200339156441532 ] ] ] } },
{ "type": "Feature", "properties": { "FID": 34, "REMARK": "Tegalan/Ladang" }, "geometry": { "type": "Polygon", "coordinates": [ [ [ 120.30813206710468, -4.196173198936799 ], [ 120.30834766277286, -4.19614632171943 ], [ 120.307655960004084, -4.196755538419271 ], [ 120.30732358334896, -4.196549479882813 ], [ 120.307629010545554, -4.196513643610052 ], [ 120.307781724143851, -4.196020894692819 ], [ 120.30813206710468, -4.196173198936799 ] ] ] } },
{ "type": "Feature", "properties": { "FID": 35, "REMARK": "Tegalan/Ladang" }, "geometry": { "type": "Polygon", "coordinates": [ [ [ 120.04743198850035, -4.196450930128762 ], [ 120.047000797163975, -4.196415093851479 ], [ 120.047162493915124, -4.195985058395801 ], [ 120.04743198850035, -4.19585067226734 ], [ 120.047872162989563, -4.19597609932129 ], [ 120.04743198850035, -4.196450930128762 ] ] ] } },
{ "type": "Feature", "properties": { "FID": 36, "REMARK": "Tegalan/Ladang" }, "geometry": { "type": "Polygon", "coordinates": [ [ [ 120.308563258441055, -4.195823795038871 ], [ 120.308473426912641, -4.195967140246675 ], [ 120.308689022580822, -4.195375841094915 ], [ 120.308563258441055, -4.195823795038871 ] ] ] } },
{ "type": "Feature", "properties": { "FID": 37, "REMARK": "Tegalan/Ladang" }, "geometry": { "type": "Polygon", "coordinates": [ [ [ 120.228208956276546, -4.196549479882813 ], [ 120.228164040512354, -4.196639070557519 ], [ 120.227777764940186, -4.195644613492118 ], [ 120.227939461691321, -4.195411677419885 ], [ 120.228900659045337, -4.19507123226628 ], [ 120.229861856399353, -4.19406781410835 ], [ 120.230391862416965, -4.194327627862175 ], [ 120.23023016566583, -4.195438554662534 ], [ 120.229376766145904, -4.196002976544515 ], [ 120.228631164460111, -4.196164239864445 ], [ 120.228208956276546, -4.196549479882813 ] ] ] } },
{ "type": "Feature", "properties": { "FID": 38, "REMARK": "Tegalan/Ladang" }, "geometry": { "type": "Polygon", "coordinates": [ [ [ 120.051959497532309, -4.194076773204747 ], [ 120.050782704510112, -4.195322086604375 ], [ 120.049848456614626, -4.194909968720676 ], [ 120.050665923523184, -4.195393759257605 ], [ 120.050647957217492, -4.19561773625656 ], [ 120.050297614256678, -4.196612193356187 ], [ 120.049677776710652, -4.197328918408446 ], [ 120.049569978876548, -4.198036683751862 ], [ 120.049318450597013, -4.198224823798477 ], [ 120.048842343496403, -4.198099397105772 ], [ 120.04867166359243, -4.197714157852166 ], [ 120.048635730981061, -4.196540520814775 ], [ 120.048986073941862, -4.195259373027404 ], [ 120.049228619068572, -4.194892050546888 ], [ 120.049632860946446, -4.19437242332824 ], [ 120.050234732186794, -4.194363464235233 ], [ 120.051159996929442, -4.193745286569615 ], [ 120.05184271654538, -4.192679152924835 ], [ 120.052354756257316, -4.192903130701982 ], [ 120.052543402466981, -4.193440677105237 ], [ 120.052399672021522, -4.193745286569615 ], [ 120.051959497532309, -4.194076773204747 ] ] ] } },
{ "type": "Feature", "properties": { "FID": 39, "REMARK": "Tegalan/Ladang" }, "geometry": { "type": "Polygon", "coordinates": [ [ [ 120.244136086263993, -4.192607480022593 ], [ 120.245124233076524, -4.192562684455353 ], [ 120.245923733679405, -4.192732907597205 ], [ 120.246390857627134, -4.19301959912073 ], [ 120.247019678326026, -4.193727368369115 ], [ 120.248492915391978, -4.194614318800609 ], [ 120.248636645837436, -4.196433011990326 ], [ 120.248924106728339, -4.196943678774633 ], [ 120.248340201793681, -4.197472263339944 ], [ 120.247882060998791, -4.197328918408446 ], [ 120.246453739697017, -4.198018765649818 ], [ 120.245591357024281, -4.197687280687842 ], [ 120.244207951486715, -4.196665947757928 ], [ 120.243776760150354, -4.19659427522145 ], [ 120.243327602508302, -4.19669282495741 ], [ 120.243058107923048, -4.196961596901351 ], [ 120.242887428019074, -4.197490181454531 ], [ 120.243839642220237, -4.197158696268108 ], [ 120.24446846291913, -4.197364754643788 ], [ 120.245285929827659, -4.198332332376183 ], [ 120.245771020081108, -4.198601103755663 ], [ 120.245690171705533, -4.19903113777031 ], [ 120.246579503836799, -4.199425335408904 ], [ 120.246624419600991, -4.199909123147734 ], [ 120.247370021286827, -4.200052467605336 ], [ 120.246947813103304, -4.201064837087299 ], [ 120.247055610937394, -4.201459033698328 ], [ 120.246498655461224, -4.201503828755158 ], [ 120.246121363041908, -4.201933861169811 ], [ 120.245447626578795, -4.202005533215867 ], [ 120.244163035722508, -4.202641622335948 ], [ 120.243165905757138, -4.203743578315779 ], [ 120.241405207800284, -4.204738025057946 ], [ 120.239554678314988, -4.204755943005628 ], [ 120.238988739685993, -4.204899286572249 ], [ 120.237452620550144, -4.204361748061476 ], [ 120.238359918987101, -4.202784966291368 ], [ 120.238584497808134, -4.202041369236424 ], [ 120.23892585761611, -4.202068246250762 ], [ 120.239069588061568, -4.20240868835219 ], [ 120.239680442454755, -4.202274303329908 ], [ 120.240246381083765, -4.201405279626737 ], [ 120.240830286018422, -4.201378402589551 ], [ 120.241279443660503, -4.201584459850967 ], [ 120.2421328431804, -4.201297771472442 ], [ 120.242662849198041, -4.201674049947645 ], [ 120.2431569226043, -4.201521746777169 ], [ 120.243516248717967, -4.201799476065704 ], [ 120.243507265565128, -4.20198761520497 ], [ 120.243165905757138, -4.202381811349585 ], [ 120.242707764962248, -4.202471401354662 ], [ 120.243246754132713, -4.202928310220433 ], [ 120.244082187346947, -4.202068246250762 ], [ 120.243929473748651, -4.201620295890872 ], [ 120.24336353511967, -4.201351525551441 ], [ 120.240488926210475, -4.201029001021872 ], [ 120.240084684332629, -4.200133098851165 ], [ 120.239716375066124, -4.20037499253865 ], [ 120.240201465319558, -4.199568679955383 ], [ 120.240560791433197, -4.199273031799415 ], [ 120.240722488184332, -4.199308867945499 ], [ 120.241090797450838, -4.198636939932601 ], [ 120.2417825002196, -4.198851956959671 ], [ 120.241980129582103, -4.198780284623896 ], [ 120.242016062193471, -4.19824274189579 ], [ 120.241602837162773, -4.197991888495984 ], [ 120.244270833556612, -4.194963723239576 ], [ 120.243974389512857, -4.194739746053092 ], [ 120.244145069416831, -4.193808000268128 ], [ 120.24277963018497, -4.193530268136498 ], [ 120.240857235476952, -4.193584022750325 ], [ 120.240560791433197, -4.193261495011902 ], [ 120.239797223441684, -4.192956885358946 ], [ 120.239096537520098, -4.192284951881168 ], [ 120.240192482166719, -4.191657813447442 ], [ 120.241530971940051, -4.191532385700325 ], [ 120.241710634996878, -4.191792200297024 ], [ 120.242680815503718, -4.192275992764229 ], [ 120.244136086263993, -4.192607480022593 ] ], [ [ 120.241593854009935, -4.199810573817856 ], [ 120.241611820315626, -4.200106221770148 ], [ 120.24191724751222, -4.200321238392355 ], [ 120.241989112734942, -4.200661681256325 ], [ 120.242474202988376, -4.200787107537178 ], [ 120.242743697573616, -4.200661681256325 ], [ 120.242752680726454, -4.200428746681239 ], [ 120.242375388307124, -4.199774737694814 ], [ 120.241638769774141, -4.199631393186188 ], [ 120.241593854009935, -4.199810573817856 ] ], [ [ 120.244189985181038, -4.200733353419283 ], [ 120.244297783015128, -4.201414238638927 ], [ 120.244899654255505, -4.201360484564248 ], [ 120.244989485783904, -4.201100673151078 ], [ 120.244836772185607, -4.200885656743701 ], [ 120.244351681932173, -4.200625845172377 ], [ 120.244189985181038, -4.200733353419283 ] ], [ [ 120.241405207800284, -4.20026748424236 ], [ 120.24109978060369, -4.200321238392355 ], [ 120.240821302865584, -4.199971836351175 ], [ 120.240659606114448, -4.200007672465164 ], [ 120.240857235476952, -4.200491459842913 ], [ 120.241450123564476, -4.200697517338628 ], [ 120.241566904551419, -4.200545213977477 ], [ 120.241405207800284, -4.20026748424236 ] ] ] } },
{ "type": "Feature", "properties": { "FID": 40, "REMARK": "Tegalan/Ladang" }, "geometry": { "type": "Polygon", "coordinates": [ [ [ 120.247558667496492, -4.19058271781922 ], [ 120.247504768579446, -4.190788777929141 ], [ 120.247334088675458, -4.190528962999005 ], [ 120.246965779408981, -4.190376657654999 ], [ 120.246938829950452, -4.190179556577547 ], [ 120.247864094693099, -4.189722640252403 ], [ 120.248232403959591, -4.189229887053589 ], [ 120.248340201793681, -4.188808806801368 ], [ 120.248376134405035, -4.189507620712912 ], [ 120.247558667496492, -4.19058271781922 ] ] ] } },
{ "type": "Feature", "properties": { "FID": 41, "REMARK": "Tegalan/Ladang" }, "geometry": { "type": "Polygon", "coordinates": [ [ [ 120.061068414513286, -4.187814339774109 ], [ 120.061463673238279, -4.187894972282864 ], [ 120.061212144958731, -4.188333971351438 ], [ 120.060906717762137, -4.188235420561566 ], [ 120.060394678050187, -4.18955241645518 ], [ 120.059981453019489, -4.190081006020193 ], [ 120.059271783945036, -4.189812231709744 ], [ 120.059433480696171, -4.189220927901646 ], [ 120.059074154582532, -4.189104458917054 ], [ 120.059208901875138, -4.188647541963897 ], [ 120.058831609455822, -4.188548991213524 ], [ 120.058669912704687, -4.189023826532948 ], [ 120.058894491525706, -4.189095499763675 ], [ 120.05865194639901, -4.189588253047147 ], [ 120.058822626302984, -4.189731599398598 ], [ 120.05862499694048, -4.190161638295316 ], [ 120.05964907636438, -4.190573758682775 ], [ 120.059038221971164, -4.191836995908417 ], [ 120.058795676844454, -4.191935546244448 ], [ 120.057124810415985, -4.191344244041917 ], [ 120.057160743027353, -4.191227775373547 ], [ 120.056549888634166, -4.191003797116382 ], [ 120.056469040258591, -4.190878369264343 ], [ 120.056630737009726, -4.190143720012673 ], [ 120.057142776721662, -4.189247805357165 ], [ 120.057187692485897, -4.188916316674546 ], [ 120.05696311366485, -4.188835684271047 ], [ 120.057457187071122, -4.187787462269342 ], [ 120.057942277324543, -4.187894972282864 ], [ 120.058103974075678, -4.187572442197987 ], [ 120.058032108852956, -4.187205116106077 ], [ 120.061068414513286, -4.187814339774109 ] ], [ [ 120.057834479490452, -4.189973496307097 ], [ 120.057573968058065, -4.190555840409574 ], [ 120.058319569743858, -4.190869410131286 ], [ 120.058580081176274, -4.190251229702368 ], [ 120.057834479490452, -4.189973496307097 ] ] ] } },
{ "type": "Feature", "properties": { "FID": 42, "REMARK": "Tegalan/Ladang" }, "geometry": { "type": "Polygon", "coordinates": [ [ [ 120.103172451879956, -4.187169279404953 ], [ 120.104034834552721, -4.187231993630844 ], [ 120.103253300255531, -4.187912890617016 ], [ 120.102678378473712, -4.187859135613333 ], [ 120.101663282202651, -4.187402217932928 ], [ 120.101600400132767, -4.187545564684913 ], [ 120.101878877870831, -4.18767995224105 ], [ 120.101744130578211, -4.187912890617016 ], [ 120.100917680516815, -4.187626197221364 ], [ 120.100486489180454, -4.187948727284088 ], [ 120.099561224437807, -4.187536605513683 ], [ 120.09917494886561, -4.187608278880649 ], [ 120.099022235267313, -4.1877964214377 ], [ 120.098815622751971, -4.188172706416093 ], [ 120.098860538516178, -4.18857586869213 ], [ 120.100225977748039, -4.189373233470715 ], [ 120.100396657652041, -4.190000373736756 ], [ 120.100953613128183, -4.190376657654999 ], [ 120.100738017460003, -4.19142487618678 ], [ 120.100243944053716, -4.191890750638701 ], [ 120.10010919676111, -4.191828036786344 ], [ 120.099130033101417, -4.190143720012673 ], [ 120.098743757529249, -4.189865986579223 ], [ 120.098609010236629, -4.188495236253542 ], [ 120.097989172690575, -4.187787462269342 ], [ 120.098034088454781, -4.187151361053775 ], [ 120.098348498804242, -4.186918422451133 ], [ 120.098411380874126, -4.186524218504116 ], [ 120.097926290620691, -4.185789565164027 ], [ 120.101941759940715, -4.1870707284684 ], [ 120.103172451879956, -4.187169279404953 ] ] ] } },
{ "type": "Feature", "properties": { "FID": 43, "REMARK": "Tegalan/Ladang" }, "geometry": { "type": "Polygon", "coordinates": [ [ [ 120.249678691567013, -4.186165851107277 ], [ 120.249112752938032, -4.186309198085701 ], [ 120.248708511060158, -4.185986667347334 ], [ 120.248798342588572, -4.185691014053764 ], [ 120.24867257844879, -4.185538707768047 ], [ 120.248933089881177, -4.185126584728734 ], [ 120.249543944274393, -4.185467034211575 ], [ 120.249795472553942, -4.185959789779805 ], [ 120.249678691567013, -4.186165851107277 ] ] ] } },
{ "type": "Feature", "properties": { "FID": 44, "REMARK": "Tegalan/Ladang" }, "geometry": { "type": "Polygon", "coordinates": [ [ [ 120.27187606223761, -4.184311297207626 ], [ 120.272010809530229, -4.184472562938485 ], [ 120.271408938289852, -4.184454644525585 ], [ 120.271651483416562, -4.184033561704416 ], [ 120.27187606223761, -4.184311297207626 ] ] ] } },
{ "type": "Feature", "properties": { "FID": 45, "REMARK": "Tegalan/Ladang" }, "geometry": { "type": "Polygon", "coordinates": [ [ [ 120.070518691302212, -4.182116288124984 ], [ 120.07063547228914, -4.182376105847503 ], [ 120.070339028245385, -4.182949496378524 ], [ 120.069737157005051, -4.182653841938372 ], [ 120.070033601048792, -4.182161084290185 ], [ 120.070518691302212, -4.182116288124984 ] ] ] } },
{ "type": "Feature", "properties": { "FID": 46, "REMARK": "Tegalan/Ladang" }, "geometry": { "type": "Polygon", "coordinates": [ [ [ 120.247064594090233, -4.181363712166702 ], [ 120.247756296858981, -4.181336834440539 ], [ 120.247944943068674, -4.181865429552529 ], [ 120.248313252335151, -4.181748959473732 ], [ 120.249229533924961, -4.181166608820105 ], [ 120.2499392029994, -4.180055661757741 ], [ 120.250577006851131, -4.179634576572631 ], [ 120.250864467742048, -4.1796166580491 ], [ 120.250684804685221, -4.179975028441929 ], [ 120.250451242711364, -4.179885435859079 ], [ 120.250002085069283, -4.180664890986916 ], [ 120.24880732574141, -4.183110762389761 ], [ 120.249058854020987, -4.183298906027581 ], [ 120.248744443671526, -4.183935010373151 ], [ 120.248510881697655, -4.183818540602034 ], [ 120.247917993610145, -4.185135543927547 ], [ 120.247181375077162, -4.183621437872993 ], [ 120.246336958710089, -4.184024602492996 ], [ 120.245806952692462, -4.184983237533778 ], [ 120.246471706002694, -4.185879157071682 ], [ 120.246480689155547, -4.18647046340505 ], [ 120.245887801068037, -4.18748285048415 ], [ 120.245744070622578, -4.186927381629441 ], [ 120.245052367853802, -4.187169279404953 ], [ 120.244998468936757, -4.188011441447512 ], [ 120.244827789032769, -4.187617238051058 ], [ 120.244666092281633, -4.185637258897482 ], [ 120.245285929827659, -4.184096276181492 ], [ 120.246247127181675, -4.1832451507071 ], [ 120.246884931033406, -4.18230443200162 ], [ 120.246354925015766, -4.181059097882886 ], [ 120.245932716832243, -4.180512583724011 ], [ 120.245968649443611, -4.180082539527834 ], [ 120.246381874474295, -4.179473309846101 ], [ 120.246687301670889, -4.179598739525158 ], [ 120.246570520683946, -4.180037743243832 ], [ 120.246911880491936, -4.180414031949891 ], [ 120.246768150046478, -4.181005342408747 ], [ 120.247064594090233, -4.181363712166702 ] ] ] } },
{ "type": "Feature", "properties": { "FID": 47, "REMARK": "Tegalan/Ladang" }, "geometry": { "type": "Polygon", "coordinates": [ [ [ 120.285216044206777, -4.178335482555262 ], [ 120.285189094748247, -4.178595301530905 ], [ 120.284641122424944, -4.17853258661363 ], [ 120.28468603818915, -4.177968152132487 ], [ 120.285260959970984, -4.178057744934392 ], [ 120.285216044206777, -4.178335482555262 ] ] ] } },
{ "type": "Feature", "properties": { "FID": 48, "REMARK": "Tegalan/Ladang" }, "geometry": { "type": "Polygon", "coordinates": [ [ [ 120.188081212534939, -4.179822721044992 ], [ 120.187937482089481, -4.179992946957271 ], [ 120.186473228176354, -4.178604260804391 ], [ 120.184775412289383, -4.177681455097618 ], [ 120.18595220531158, -4.177591862252733 ], [ 120.188135111451984, -4.176875119125278 ], [ 120.188889696290659, -4.177950233570877 ], [ 120.189446651766801, -4.178147337726063 ], [ 120.188081212534939, -4.179822721044992 ] ] ] } },
{ "type": "Feature", "properties": { "FID": 49, "REMARK": "Tegalan/Ladang" }, "geometry": { "type": "Polygon", "coordinates": [ [ [ 120.017275544412442, -4.176095660230932 ], [ 120.017509106386342, -4.176086700928795 ], [ 120.017724702054522, -4.175737288065656 ], [ 120.01857810157442, -4.175773125289547 ], [ 120.018470303740315, -4.176561543801109 ], [ 120.018955393993764, -4.177000549219853 ], [ 120.018901495076719, -4.17783376291044 ], [ 120.019449467400023, -4.177959192851733 ], [ 120.019952523959134, -4.177564984397271 ], [ 120.020159136474476, -4.177582902967681 ], [ 120.020275917461419, -4.17770833294909 ], [ 120.020320833225611, -4.178398197488298 ], [ 120.021524575706337, -4.178774486981196 ], [ 120.021704238763149, -4.179177654094649 ], [ 120.02137186210804, -4.180046702500838 ], [ 120.021416777872247, -4.180458828212391 ], [ 120.019790827207999, -4.17924932822645 ], [ 120.018946410840925, -4.178873038961402 ], [ 120.018524202657375, -4.178254849062562 ], [ 120.017967247181232, -4.177824803628152 ], [ 120.01728452756528, -4.177538106540889 ], [ 120.015748408429445, -4.177314124368556 ], [ 120.015910105180581, -4.17618525324668 ], [ 120.016323330211279, -4.175925433472834 ], [ 120.016440111198236, -4.175665613612961 ], [ 120.017275544412442, -4.176095660230932 ] ] ] } },
{ "type": "Feature", "properties": { "FID": 50, "REMARK": "Tegalan/Ladang" }, "geometry": { "type": "Polygon", "coordinates": [ [ [ 120.104106699775443, -4.174008140068644 ], [ 120.10425941337374, -4.173139084973988 ], [ 120.104636705793069, -4.173551214314052 ], [ 120.104618739487393, -4.173837912857817 ], [ 120.104106699775443, -4.174008140068644 ] ] ] } },
{ "type": "Feature", "properties": { "FID": 51, "REMARK": "Tegalan/Ladang" }, "geometry": { "type": "Polygon", "coordinates": [ [ [ 120.063439966863356, -4.17416940791854 ], [ 120.06226317384116, -4.17433963505749 ], [ 120.062110460242863, -4.173963343437794 ], [ 120.062299106452528, -4.173228678327185 ], [ 120.063520815238917, -4.17292406088461 ], [ 120.064302349536121, -4.172941979560974 ], [ 120.064248450619075, -4.173452661665454 ], [ 120.063664545684375, -4.173819994201899 ], [ 120.063439966863356, -4.17416940791854 ] ] ] } },
{ "type": "Feature", "properties": { "FID": 52, "REMARK": "Tegalan/Ladang" }, "geometry": { "type": "Polygon", "coordinates": [ [ [ 120.237713131982559, -4.173927506131275 ], [ 120.237551435231396, -4.174017099394508 ], [ 120.236473456890451, -4.173640807620224 ], [ 120.236626170488762, -4.173165962981021 ], [ 120.237380755327408, -4.172915101546276 ], [ 120.237461603702982, -4.173748319574137 ], [ 120.237713131982559, -4.173927506131275 ] ] ] } },
{ "type": "Feature", "properties": { "FID": 53, "REMARK": "Tegalan/Ladang" }, "geometry": { "type": "Polygon", "coordinates": [ [ [ 120.101744130578211, -4.173300353002382 ], [ 120.101456669687309, -4.173157003645446 ], [ 120.101483619145824, -4.172834467496659 ], [ 120.101789046342418, -4.172995735587612 ], [ 120.101744130578211, -4.173300353002382 ] ] ] } },
{ "type": "Feature", "properties": { "FID": 54, "REMARK": "Tegalan/Ladang" }, "geometry": { "type": "Polygon", "coordinates": [ [ [ 120.102965839364614, -4.172404419092219 ], [ 120.102920923600408, -4.172753833438765 ], [ 120.102732277390757, -4.172915101546276 ], [ 120.102247187137309, -4.172933020222843 ], [ 120.10199565885776, -4.172717996077043 ], [ 120.102040574621967, -4.172529849901172 ], [ 120.102965839364614, -4.172404419092219 ] ] ] } },
{ "type": "Feature", "properties": { "FID": 55, "REMARK": "Tegalan/Ladang" }, "geometry": { "type": "Polygon", "coordinates": [ [ [ 120.232943077823862, -4.171311378337812 ], [ 120.233392235465928, -4.171311378337812 ], [ 120.233320370243206, -4.171884776956017 ], [ 120.232898162059655, -4.171822061502537 ], [ 120.232440021264765, -4.173775197560315 ], [ 120.232224425596584, -4.173730400916173 ], [ 120.232502903334648, -4.172888223530657 ], [ 120.232197476138055, -4.17232378499017 ], [ 120.232574768557384, -4.171409931255103 ], [ 120.232943077823862, -4.171311378337812 ] ] ] } },
{ "type": "Feature", "properties": { "FID": 56, "REMARK": "Tegalan/Ladang" }, "geometry": { "type": "Polygon", "coordinates": [ [ [ 120.071668534865879, -4.172081882634356 ], [ 120.072090743049429, -4.174447146915703 ], [ 120.07095886579144, -4.176498828721235 ], [ 120.07052767445505, -4.17686615983204 ], [ 120.070545640760727, -4.177170775744702 ], [ 120.070994798402808, -4.177986070693686 ], [ 120.070626489136302, -4.179168694827712 ], [ 120.07077021958176, -4.179410594999047 ], [ 120.070249196716986, -4.179509146899307 ], [ 120.07039292716243, -4.17980480252576 ], [ 120.070114449424366, -4.180288602401275 ], [ 120.069898853756186, -4.180324439417213 ], [ 120.06848849876009, -4.17966145435716 ], [ 120.068434599843044, -4.178640097897315 ], [ 120.068201037869187, -4.178219011952033 ], [ 120.067069160611197, -4.178093582052289 ], [ 120.067060177458345, -4.178227971229819 ], [ 120.067850694908387, -4.178559464435933 ], [ 120.067895610672593, -4.179052224348231 ], [ 120.067545267711793, -4.179258287492464 ], [ 120.066817632331649, -4.178738649894412 ], [ 120.066862548095855, -4.179518106162353 ], [ 120.066700851344706, -4.180001906214788 ], [ 120.066485255676525, -4.17994815066815 ], [ 120.066557120899262, -4.179285165289894 ], [ 120.066027114881607, -4.179043265079861 ], [ 120.065694738226497, -4.178666975715934 ], [ 120.067329672043584, -4.175101177069248 ], [ 120.067554250864632, -4.171920614355757 ], [ 120.069332915127177, -4.17206396393837 ], [ 120.072036844132384, -4.171006760151662 ], [ 120.071668534865879, -4.172081882634356 ] ] ] } },
{ "type": "Feature", "properties": { "FID": 57, "REMARK": "Tegalan/Ladang" }, "geometry": { "type": "Polygon", "coordinates": [ [ [ 120.226529106695267, -4.17220731349482 ], [ 120.226367409944118, -4.172449215812001 ], [ 120.225621808258296, -4.172225232187536 ], [ 120.225972151219096, -4.171481606096275 ], [ 120.226017066983303, -4.170836532290312 ], [ 120.226699786599241, -4.17210876067757 ], [ 120.226529106695267, -4.17220731349482 ] ] ] } },
{ "type": "Feature", "properties": { "FID": 58, "REMARK": "Tegalan/Ladang" }, "geometry": { "type": "Polygon", "coordinates": [ [ [ 120.304646603802297, -4.170092904884604 ], [ 120.304386092369882, -4.170522954554439 ], [ 120.304053715714772, -4.17034376722061 ], [ 120.303918968422153, -4.170567751381511 ], [ 120.303478793932939, -4.170388564057898 ], [ 120.304907115234684, -4.169528464335794 ], [ 120.304646603802297, -4.170092904884604 ] ] ] } },
{ "type": "Feature", "properties": { "FID": 59, "REMARK": "Tegalan/Ladang" }, "geometry": { "type": "Polygon", "coordinates": [ [ [ 120.100216994595201, -4.169331358016901 ], [ 120.100324792429319, -4.169447829938586 ], [ 120.100378691346364, -4.169241764219248 ], [ 120.100558354403177, -4.169232804838921 ], [ 120.101537518062869, -4.169931636197738 ], [ 120.102435833346973, -4.170146661106203 ], [ 120.101833962106625, -4.17042440152589 ], [ 120.101259040324777, -4.170155620476113 ], [ 120.100989545739552, -4.171006760151662 ], [ 120.100989545739552, -4.171221784765911 ], [ 120.101250057171939, -4.171517443514409 ], [ 120.101169208796364, -4.171732467988879 ], [ 120.099857668481562, -4.171660793170595 ], [ 120.100028348385536, -4.171499524805546 ], [ 120.100639202778751, -4.171562240284778 ], [ 120.100944629975345, -4.169958514314515 ], [ 120.100621236473074, -4.169752448729075 ], [ 120.100396657652041, -4.170048108030461 ], [ 120.099857668481562, -4.169895798707275 ], [ 120.100028348385536, -4.169098414121758 ], [ 120.100216994595201, -4.169331358016901 ] ] ] } },
{ "type": "Feature", "properties": { "FID": 60, "REMARK": "Tegalan/Ladang" }, "geometry": { "type": "Polygon", "coordinates": [ [ [ 120.097773577022394, -4.169268642359617 ], [ 120.097081874253647, -4.170926125906146 ], [ 120.096165592663837, -4.17129345962425 ], [ 120.096246441039398, -4.170352726588272 ], [ 120.096812379668378, -4.17008394551398 ], [ 120.096965093266704, -4.169196967316591 ], [ 120.097522048742846, -4.169394073669184 ], [ 120.097486116131478, -4.16894610461453 ], [ 120.098644942847997, -4.167557398922817 ], [ 120.098869521669016, -4.167799302671347 ], [ 120.098887487974707, -4.168157678458292 ], [ 120.098052054760487, -4.16865940428557 ], [ 120.097773577022394, -4.169268642359617 ] ] ] } },
{ "type": "Feature", "properties": { "FID": 61, "REMARK": "Tegalan/Ladang" }, "geometry": { "type": "Polygon", "coordinates": [ [ [ 120.128846302700111, -4.166813768415039 ], [ 120.132403631225216, -4.167862018445855 ], [ 120.132080237722917, -4.169035698445886 ], [ 120.128981049992717, -4.167915774820021 ], [ 120.129295460342149, -4.167199022862275 ], [ 120.128585791267696, -4.16692128130302 ], [ 120.128451043975076, -4.167199022862275 ], [ 120.128046802097231, -4.167028794176304 ], [ 120.127813240123373, -4.167423007919254 ], [ 120.125881862262503, -4.166365797890252 ], [ 120.127229335188673, -4.165640085098651 ], [ 120.128307313529618, -4.166580823773993 ], [ 120.128846302700111, -4.166813768415039 ] ] ] } },
{ "type": "Feature", "properties": { "FID": 62, "REMARK": "Tegalan/Ladang" }, "geometry": { "type": "Polygon", "coordinates": [ [ [ 120.219037157225699, -4.162638673234532 ], [ 120.220690057348492, -4.163364388794188 ], [ 120.220896669863833, -4.163006010823656 ], [ 120.222504654222391, -4.163713807158351 ], [ 120.222342957471255, -4.164582872673383 ], [ 120.219540213784811, -4.163982590409841 ], [ 120.219171904518305, -4.16401842816977 ], [ 120.218552066972279, -4.164358886807705 ], [ 120.217312391880199, -4.164367846243556 ], [ 120.216791369015397, -4.164045306488647 ], [ 120.215497795006272, -4.164385765114951 ], [ 120.215920003189794, -4.163337510452058 ], [ 120.215955935801162, -4.162620754323362 ], [ 120.215695424368775, -4.161608335179731 ], [ 120.215812205355704, -4.161115564329106 ], [ 120.217024930989254, -4.160757185334984 ], [ 120.217204594046081, -4.16083782062288 ], [ 120.218111892483051, -4.161796483968623 ], [ 120.217905279967709, -4.162074227336726 ], [ 120.219037157225699, -4.162638673234532 ] ] ] } },
{ "type": "Feature", "properties": { "FID": 63, "REMARK": "Tegalan/Ladang" }, "geometry": { "type": "Polygon", "coordinates": [ [ [ 120.239069588061568, -4.159610371458029 ], [ 120.239931970734332, -4.159574533497473 ], [ 120.240039768568423, -4.160264413951806 ], [ 120.239878071817259, -4.160613833691674 ], [ 120.239105520672936, -4.16124099693852 ], [ 120.237704148829707, -4.161742727176385 ], [ 120.236680069405807, -4.162558038131051 ], [ 120.236509389501833, -4.164242414132355 ], [ 120.236599221030247, -4.164663507569418 ], [ 120.237057361825137, -4.165308586440227 ], [ 120.236751934628543, -4.166616661415569 ], [ 120.236958547143885, -4.167646992912431 ], [ 120.236401591667715, -4.168211434812245 ], [ 120.236051248706914, -4.169098414121758 ], [ 120.235629040523392, -4.168802754463121 ], [ 120.235799720427366, -4.168372703852048 ], [ 120.235718872051805, -4.16805016573936 ], [ 120.235332596479608, -4.167548439523294 ], [ 120.234946320907454, -4.167405089117043 ], [ 120.234685809475067, -4.167369251511398 ], [ 120.234470213806873, -4.167646992912431 ], [ 120.233958174094923, -4.168695241832409 ], [ 120.232754431614197, -4.167691789903411 ], [ 120.232934094671023, -4.167369251511398 ], [ 120.23273646530852, -4.16719006345867 ], [ 120.232970027282377, -4.16692128130302 ], [ 120.233365286007412, -4.166930240709688 ], [ 120.234443264348357, -4.16599846186954 ], [ 120.234488180112564, -4.165765516987035 ], [ 120.234299533902899, -4.165434018381463 ], [ 120.23405698877616, -4.165407140110024 ], [ 120.233751561579567, -4.165819273504504 ], [ 120.23349105014718, -4.165846151761862 ], [ 120.233464100688664, -4.165559450302702 ], [ 120.233967157247761, -4.164788939613497 ], [ 120.233805460496626, -4.164779980182441 ], [ 120.233589864828431, -4.165138357345133 ], [ 120.233293420784676, -4.165111479063592 ], [ 120.233203589256277, -4.165398180686007 ], [ 120.23308680826932, -4.165317545865263 ], [ 120.233140707186379, -4.164896452778219 ], [ 120.23349105014718, -4.164582872673383 ], [ 120.233823426802303, -4.163901955444033 ], [ 120.234416314889828, -4.16401842816977 ], [ 120.235476326925095, -4.163140402581726 ], [ 120.236617187335924, -4.162602835411784 ], [ 120.236751934628543, -4.161706889312854 ], [ 120.237668216218353, -4.160757185334984 ], [ 120.238306020070056, -4.159735804307139 ], [ 120.238620430419488, -4.159458060114405 ], [ 120.239069588061568, -4.159610371458029 ] ], [ [ 120.235125983964267, -4.163624212720791 ], [ 120.234892421990409, -4.164251373569533 ], [ 120.235009202977338, -4.164403683985941 ], [ 120.236302776986463, -4.164690385866262 ], [ 120.236473456890451, -4.163176240380004 ], [ 120.235413444855212, -4.1633912671354 ], [ 120.235125983964267, -4.163624212720791 ] ] ] } },
{ "type": "Feature", "properties": { "FID": 64, "REMARK": "Tegalan/Ladang" }, "geometry": { "type": "Polygon", "coordinates": [ [ [ 120.164410604798391, -4.175782084595266 ], [ 120.164347722728508, -4.175898555560284 ], [ 120.163871615627926, -4.174939909410774 ], [ 120.162137867129573, -4.172807589478282 ], [ 120.161086838247144, -4.17066630439208 ], [ 120.160826326814757, -4.169824123721443 ], [ 120.160754461592035, -4.169098414121758 ], [ 120.161122770858512, -4.167288616892723 ], [ 120.161329383373854, -4.165236911036255 ], [ 120.160035809364729, -4.161778565038286 ], [ 120.159694449556767, -4.160174819121743 ], [ 120.159667500098237, -4.158571069940058 ], [ 120.159766314779489, -4.157675119255433 ], [ 120.160026826211876, -4.157218184014108 ], [ 120.161293450762486, -4.156349110373202 ], [ 120.160071741976083, -4.157961823585331 ], [ 120.159999876753361, -4.158472515414609 ], [ 120.160691579522137, -4.162047348950547 ], [ 120.161176669775557, -4.163453983261325 ], [ 120.161329383373854, -4.163767563815993 ], [ 120.161482096972151, -4.163767563815993 ], [ 120.161634810570476, -4.164842696197694 ], [ 120.161401248596576, -4.167521561324111 ], [ 120.161491080124989, -4.168202475420174 ], [ 120.161823456780127, -4.17002122991675 ], [ 120.162470243784682, -4.171822061502537 ], [ 120.162892451968233, -4.172717996077043 ], [ 120.164725015147823, -4.175378915736724 ], [ 120.164410604798391, -4.175782084595266 ] ] ] } },
{ "type": "Feature", "properties": { "FID": 65, "REMARK": "Tegalan/Ladang" }, "geometry": { "type": "Polygon", "coordinates": [ [ [ 120.197612337699439, -4.155175411461451 ], [ 120.199561681865987, -4.155139573299257 ], [ 120.201385261892753, -4.156035526865514 ], [ 120.203038162015531, -4.156152000754357 ], [ 120.202544088609272, -4.157666159743441 ], [ 120.202786633735982, -4.158257487316301 ], [ 120.203298673447918, -4.158642745950825 ], [ 120.203837662618398, -4.157925985549796 ], [ 120.204205971884889, -4.15770199779079 ], [ 120.204816826278091, -4.157827430943676 ], [ 120.20452936538716, -4.158230608799887 ], [ 120.205472596435484, -4.158741300454984 ], [ 120.205688192103679, -4.158275406326735 ], [ 120.206119383440068, -4.158320203851035 ], [ 120.206811086208816, -4.158006621127456 ], [ 120.207529738436122, -4.158069337682154 ], [ 120.209703661423703, -4.159099680366197 ], [ 120.211015201738505, -4.160264413951806 ], [ 120.212766916542549, -4.161034929069647 ], [ 120.212560304027178, -4.161545618906777 ], [ 120.213746080202228, -4.161868159685901 ], [ 120.21426710306703, -4.161823362363367 ], [ 120.213674214979491, -4.163409186029032 ], [ 120.213647265520976, -4.163955712088823 ], [ 120.213359804630059, -4.164340967935695 ], [ 120.213485568769826, -4.16525482988786 ], [ 120.213162175267556, -4.165344424139763 ], [ 120.212973529057891, -4.166527067308569 ], [ 120.212461489345941, -4.166786890190747 ], [ 120.211509275144763, -4.167808262068011 ], [ 120.211194864795331, -4.167817221464573 ], [ 120.210575027249305, -4.167360292109731 ], [ 120.209559930978244, -4.167611155317811 ], [ 120.207017698724187, -4.166939200116255 ], [ 120.204313769718979, -4.167154225843224 ], [ 120.202148829884251, -4.166285163168694 ], [ 120.201043902084777, -4.165523612612959 ], [ 120.20029830039897, -4.165442977805071 ], [ 120.199678462852916, -4.165622166255821 ], [ 120.198914894861417, -4.166204528438869 ], [ 120.198878962250049, -4.16655394554174 ], [ 120.198546585594926, -4.166822727822932 ], [ 120.19806149534152, -4.167736586891836 ], [ 120.197459624101143, -4.167808262068011 ], [ 120.197360809419891, -4.168130800279937 ], [ 120.196785887638072, -4.168283109945131 ], [ 120.196166050092017, -4.168820673233477 ], [ 120.195465364170389, -4.168605647962249 ], [ 120.194764678248788, -4.169098414121758 ], [ 120.193219575960086, -4.169689733105391 ], [ 120.19338127271125, -4.169188007935753 ], [ 120.193713649366373, -4.169322398637595 ], [ 120.194028059715805, -4.168032246951443 ], [ 120.19410890809138, -4.166607702005328 ], [ 120.194099924938541, -4.165658003941072 ], [ 120.19373161567205, -4.165675922783088 ], [ 120.193282458029984, -4.164143860316672 ], [ 120.193569918920915, -4.164072184806606 ], [ 120.193551952615238, -4.163866117678801 ], [ 120.193893312423199, -4.163875077120261 ], [ 120.194890442388569, -4.164358886807705 ], [ 120.195025189681189, -4.16413490087827 ], [ 120.194099924938541, -4.163579415498186 ], [ 120.193830430353302, -4.163122483681976 ], [ 120.193282458029984, -4.163122483681976 ], [ 120.193605851532283, -4.162378848982633 ], [ 120.193884329270347, -4.1625490786746 ], [ 120.194153823855586, -4.163041848628051 ], [ 120.194549082580608, -4.163104564781818 ], [ 120.194647897261859, -4.162844740683686 ], [ 120.194261621689677, -4.162441565189218 ], [ 120.194522133122092, -4.16195775432332 ], [ 120.19532163372493, -4.161778565038286 ], [ 120.195402482100505, -4.161581456777648 ], [ 120.196300797384623, -4.161742727176385 ], [ 120.196022319646559, -4.161482902628827 ], [ 120.195195869585163, -4.161366429527956 ], [ 120.194764678248788, -4.161025969595864 ], [ 120.194926374999937, -4.160622793170146 ], [ 120.19524078534937, -4.160380887215652 ], [ 120.195025189681189, -4.160076264796905 ], [ 120.193587885226606, -4.160103143250357 ], [ 120.193677716755005, -4.158992166409949 ], [ 120.193947211340245, -4.159028004396995 ], [ 120.194737728790273, -4.156967317494478 ], [ 120.194261621689677, -4.156761248507915 ], [ 120.194234672231147, -4.155990729211378 ], [ 120.194611964650491, -4.156071364986991 ], [ 120.194441284746489, -4.156277434153869 ], [ 120.195034172834028, -4.15674332946306 ], [ 120.195249768502208, -4.156474543741357 ], [ 120.196291814231785, -4.156985236534241 ], [ 120.196166050092017, -4.157379455305998 ], [ 120.19727996104433, -4.157836390453833 ], [ 120.19747759040682, -4.157397374336394 ], [ 120.198860995944358, -4.157818471433418 ], [ 120.199337103044968, -4.156985236534241 ], [ 120.199184389446671, -4.156823965161702 ], [ 120.199265237822232, -4.156277434153869 ], [ 120.199148456835303, -4.156008648273339 ], [ 120.198834046485842, -4.155963850617676 ], [ 120.198672349734707, -4.156689572326051 ], [ 120.197899798590356, -4.156967317494478 ], [ 120.197639287157969, -4.156752288985539 ], [ 120.197792000756266, -4.15631327226435 ], [ 120.197800983909104, -4.155560671602181 ], [ 120.197558438782394, -4.15536356178625 ], [ 120.197369792572729, -4.155408359476016 ], [ 120.197235045280124, -4.156107203106838 ], [ 120.196866736013632, -4.15642078658602 ], [ 120.196426561524405, -4.155981769680245 ], [ 120.195932488118146, -4.15584737670104 ], [ 120.196121134327811, -4.155166451921056 ], [ 120.195761808214172, -4.154646798403952 ], [ 120.195824690284056, -4.154476567004936 ], [ 120.195923504965307, -4.154315295119349 ], [ 120.19714521375171, -4.155076856511497 ], [ 120.197612337699439, -4.155175411461451 ] ], [ [ 120.200909154792157, -4.157433212395963 ], [ 120.200513896067164, -4.15813205423186 ], [ 120.200343216163176, -4.158042459159322 ], [ 120.199570665018825, -4.159099680366197 ], [ 120.199714395464284, -4.159520776553581 ], [ 120.200585761289886, -4.159610371458029 ], [ 120.201232548294442, -4.159484938588949 ], [ 120.201618823866625, -4.159323667727929 ], [ 120.201771537464921, -4.159001125906863 ], [ 120.202139846731399, -4.158965287918594 ], [ 120.201843402687658, -4.158768178953979 ], [ 120.201978149980263, -4.157495928996288 ], [ 120.201726621700715, -4.156823965161702 ], [ 120.201232548294442, -4.156582058041035 ], [ 120.200963053709202, -4.15674332946306 ], [ 120.200909154792157, -4.157433212395963 ] ], [ [ 120.197854882826149, -4.159601411968044 ], [ 120.197046399070459, -4.159699966352289 ], [ 120.196875719166485, -4.159897075083792 ], [ 120.197190129515917, -4.160121062218816 ], [ 120.1982770910097, -4.159968750973928 ], [ 120.198950827472771, -4.160147940670738 ], [ 120.198726248651752, -4.159816439699592 ], [ 120.197854882826149, -4.159601411968044 ] ], [ [ 120.20188831845185, -4.161697929846715 ], [ 120.202085947814354, -4.161868159685901 ], [ 120.20237340870527, -4.161724808244823 ], [ 120.202562054914949, -4.161357470057943 ], [ 120.202490189692227, -4.160927415377525 ], [ 120.202103914120045, -4.16098117222542 ], [ 120.20188831845185, -4.161697929846715 ] ], [ [ 120.197890815437518, -4.163131443131903 ], [ 120.196354696301682, -4.163937793207634 ], [ 120.195204852738001, -4.164072184806606 ], [ 120.195546212545963, -4.164358886807705 ], [ 120.196264864773269, -4.164170738631264 ], [ 120.19679487079091, -4.164332008499538 ], [ 120.198268107856862, -4.163364388794188 ], [ 120.198187259481287, -4.162728267784272 ], [ 120.197890815437518, -4.163131443131903 ] ] ] } },
{ "type": "Feature", "properties": { "FID": 66, "REMARK": "Tegalan/Ladang" }, "geometry": { "type": "Polygon", "coordinates": [ [ [ 120.248340201793681, -4.154073387229148 ], [ 120.248151555584016, -4.154718474771494 ], [ 120.248582746920391, -4.155157492380558 ], [ 120.248582746920391, -4.155435238088653 ], [ 120.247774263164672, -4.155408359476016 ], [ 120.247262223452736, -4.155650266956772 ], [ 120.247208324535691, -4.155184371001744 ], [ 120.247495785426594, -4.15458408157701 ], [ 120.247262223452736, -4.154378011967662 ], [ 120.246786116352155, -4.154539283840426 ], [ 120.246408823932811, -4.153956913033335 ], [ 120.247127476160117, -4.153231188810523 ], [ 120.247594600107846, -4.153499975637548 ], [ 120.248412067016403, -4.153598530784513 ], [ 120.248340201793681, -4.154073387229148 ] ] ] } },
{ "type": "Feature", "properties": { "FID": 67, "REMARK": "Tegalan/Ladang" }, "geometry": { "type": "Polygon", "coordinates": [ [ [ 120.195258751655047, -4.153034078412514 ], [ 120.195501296781757, -4.153697085919167 ], [ 120.194881459235731, -4.153213269685467 ], [ 120.194198739619793, -4.153132633617673 ], [ 120.194180773314102, -4.152514423490837 ], [ 120.194513149969225, -4.152836967965265 ], [ 120.195258751655047, -4.153034078412514 ] ] ] } },
{ "type": "Feature", "properties": { "FID": 68, "REMARK": "Tegalan/Ladang" }, "geometry": { "type": "MultiPolygon", "coordinates": [ [ [ [ 119.922655995536147, -4.178425075315206 ], [ 119.92161394980657, -4.17980480252576 ], [ 119.920419190478682, -4.180530502227065 ], [ 119.919781386626951, -4.180288602401275 ], [ 119.919017818635467, -4.180342357924568 ], [ 119.918451880006458, -4.180082539527834 ], [ 119.919332228984899, -4.179822721044992 ], [ 119.921497168819627, -4.178541545887834 ], [ 119.922233787352624, -4.177502269397613 ], [ 119.922691928147515, -4.177502269397613 ], [ 119.922817692287282, -4.17781584434576 ], [ 119.922655995536147, -4.178425075315206 ] ] ], [ [ [ 119.92667146485617, -4.176212131149409 ], [ 119.92942030962557, -4.177412676532262 ], [ 119.930713883634695, -4.177618740107273 ], [ 119.932267969076207, -4.177349961520427 ], [ 119.935519870404733, -4.176382357845315 ], [ 119.937397349348544, -4.176462991530485 ], [ 119.938187866798586, -4.176749689010649 ], [ 119.938969401095747, -4.177439554392941 ], [ 119.939202963069633, -4.177860640756691 ], [ 119.939391609279298, -4.178756568438009 ], [ 119.939517373419065, -4.181139731087183 ], [ 119.93992161529691, -4.181999818083474 ], [ 119.940289924563416, -4.182089410424633 ], [ 119.941439768127097, -4.18189230726056 ], [ 119.941718245865161, -4.181444345339658 ], [ 119.941915875227664, -4.178478830966261 ], [ 119.942374016022555, -4.17717973503446 ], [ 119.942796224206106, -4.177717292232708 ], [ 119.942517746468013, -4.178210052674145 ], [ 119.942706392677707, -4.178451953141194 ], [ 119.943496910127706, -4.178425075315206 ], [ 119.943829286782844, -4.178640097897315 ], [ 119.943649623726003, -4.179285165289894 ], [ 119.942823173664635, -4.179957109926178 ], [ 119.942724358983384, -4.180261724638244 ], [ 119.942850123123151, -4.180539461478438 ], [ 119.943613691114635, -4.180512583724011 ], [ 119.944287427577734, -4.179840639563814 ], [ 119.944772517831154, -4.179715209923457 ], [ 119.945077945027776, -4.180091498784329 ], [ 119.945320490154486, -4.180853035211996 ], [ 119.94562591735108, -4.181014301654693 ], [ 119.945616934198227, -4.183003251719292 ], [ 119.94616490652156, -4.183316824466921 ], [ 119.946012192923263, -4.183558723357897 ], [ 119.94524862493175, -4.18395292879794 ], [ 119.944332343341941, -4.184132113023281 ], [ 119.94411674767376, -4.184320256415766 ], [ 119.94414369713229, -4.184562154996835 ], [ 119.944727602066948, -4.18487572712034 ], [ 119.944754551525477, -4.185243054305312 ], [ 119.944386242258986, -4.185610381317957 ], [ 119.943595724808958, -4.185574544543823 ], [ 119.943254365000996, -4.185906034641979 ], [ 119.942796224206106, -4.186792993944073 ], [ 119.942895038887357, -4.187205116106077 ], [ 119.941709262712322, -4.187160320229415 ], [ 119.940819930581043, -4.186855708200118 ], [ 119.940173143576459, -4.186067300044384 ], [ 119.93959822179464, -4.18604938166798 ], [ 119.939229912528162, -4.185825401928319 ], [ 119.938421428772443, -4.185699973246118 ], [ 119.938259732021308, -4.185422238235448 ], [ 119.938151934187218, -4.183818540602034 ], [ 119.938385496161075, -4.183451212748908 ], [ 119.937864473296273, -4.182196921220503 ], [ 119.938583125523579, -4.181614570899766 ], [ 119.938690923357669, -4.181202445795901 ], [ 119.938583125523579, -4.18088887220213 ], [ 119.937972271130363, -4.180817198220224 ], [ 119.937505147182634, -4.180951586930921 ], [ 119.935537836710409, -4.18297637404937 ], [ 119.934774268718925, -4.183370579782482 ], [ 119.934235279548446, -4.183012210942395 ], [ 119.933687307225142, -4.181480182302754 ], [ 119.933327981111475, -4.181318915955918 ], [ 119.932654244648404, -4.181596652421496 ], [ 119.93234881745181, -4.181130771842671 ], [ 119.931396603250633, -4.180978464670295 ], [ 119.931064226595495, -4.181220364283184 ], [ 119.930911512997199, -4.181713122522929 ], [ 119.930129978700023, -4.182205880452826 ], [ 119.930004214560228, -4.18244777968683 ], [ 119.930094046088669, -4.183128680833406 ], [ 119.930462355355147, -4.183343702125161 ], [ 119.93055218688356, -4.183621437872993 ], [ 119.930399473285263, -4.183773744531607 ], [ 119.930094046088669, -4.183737907673421 ], [ 119.929788618892047, -4.183334742905851 ], [ 119.92942030962557, -4.183460171966887 ], [ 119.928809455232354, -4.184132113023281 ], [ 119.929447259084085, -4.184347134039576 ], [ 119.929114882428976, -4.184750298286006 ], [ 119.928557926952806, -4.184902604725083 ], [ 119.928171651380637, -4.185225135910044 ], [ 119.927075706734016, -4.185028033535022 ], [ 119.927030790969809, -4.18480405350318 ], [ 119.926608582786258, -4.184615910226924 ], [ 119.926240273519781, -4.184732379879461 ], [ 119.92522517724872, -4.186022504102604 ], [ 119.925207210943043, -4.186551096052265 ], [ 119.924686188078255, -4.186595891963796 ], [ 119.92374295702993, -4.186210647040853 ], [ 119.922521248243527, -4.186112095983601 ], [ 119.922422433562275, -4.184687583861304 ], [ 119.92258413031341, -4.183218273045477 ], [ 119.9237160075714, -4.182886781809633 ], [ 119.923931603239595, -4.182295472770424 ], [ 119.924389744034485, -4.181955021909054 ], [ 119.924847884829404, -4.182268595076221 ], [ 119.925027547886216, -4.181990858848796 ], [ 119.924362794575956, -4.181471223062133 ], [ 119.923194984706598, -4.182134206591371 ], [ 119.922431416715114, -4.182044614255334 ], [ 119.921757680252014, -4.181704163284972 ], [ 119.921640899265086, -4.181032220146277 ], [ 119.922161922129888, -4.18069176873612 ], [ 119.922251753658301, -4.18019900985426 ], [ 119.92296142273274, -4.178917835311949 ], [ 119.923482445597543, -4.178425075315206 ], [ 119.923823805405505, -4.178335482555262 ], [ 119.924129232602098, -4.178738649894412 ], [ 119.924398727187324, -4.178828242608299 ], [ 119.925288059318603, -4.178407156764036 ], [ 119.925377890847017, -4.178003989254477 ], [ 119.925288059318603, -4.177788966497974 ], [ 119.924892800593597, -4.177977111413139 ], [ 119.924713137536784, -4.177878559320347 ], [ 119.924587373397003, -4.177206612903121 ], [ 119.924901783746449, -4.17643611363635 ], [ 119.924623306008371, -4.176256927651912 ], [ 119.924443642951559, -4.176283805552186 ], [ 119.924075333685053, -4.176776566894043 ], [ 119.923060237413992, -4.176982630636142 ], [ 119.922754810217398, -4.176731770421208 ], [ 119.923419563527659, -4.176149416041608 ], [ 119.924479575562913, -4.175692491533489 ], [ 119.924964665816333, -4.175701450840127 ], [ 119.92667146485617, -4.176212131149409 ] ] ], [ [ [ 119.945895411936306, -4.176901997004374 ], [ 119.945778630949377, -4.177869600038571 ], [ 119.945859479324938, -4.178917835311949 ], [ 119.947215935403975, -4.180396113444175 ], [ 119.949012565972211, -4.181874388788643 ], [ 119.949865965492123, -4.182761352656791 ], [ 119.950144443230201, -4.183728948458618 ], [ 119.95012647692451, -4.184813012705685 ], [ 119.949623420365413, -4.184759257489124 ], [ 119.949488673072807, -4.183755826102717 ], [ 119.948177132757962, -4.181641448616404 ], [ 119.94514082709766, -4.179258287492464 ], [ 119.944386242258986, -4.177538106540889 ], [ 119.944170646590806, -4.177296205792007 ], [ 119.943532842739074, -4.177197653613669 ], [ 119.943443011210661, -4.176955752759807 ], [ 119.943964034075464, -4.177018467803155 ], [ 119.944907265123788, -4.176803444776517 ], [ 119.945095911333453, -4.176471950828326 ], [ 119.944970147193686, -4.176373398546451 ], [ 119.943227415542481, -4.17618525324668 ], [ 119.944188612896497, -4.174877194201309 ], [ 119.944988113499363, -4.173398905670096 ], [ 119.945518119516976, -4.172834467496659 ], [ 119.946524232635198, -4.172287947608825 ], [ 119.94648830002383, -4.174196285890302 ], [ 119.946093041298838, -4.1754685088343 ], [ 119.945895411936306, -4.176901997004374 ] ] ], [ [ [ 119.92906996666477, -4.151941010766363 ], [ 119.928926236219283, -4.152648817037871 ], [ 119.928306398673257, -4.153535813874233 ], [ 119.927857241031205, -4.153956913033335 ], [ 119.926770279537422, -4.154431769262247 ], [ 119.926500784952168, -4.154790151132521 ], [ 119.926446886035123, -4.155184371001744 ], [ 119.926770279537422, -4.156501422317652 ], [ 119.926384003965239, -4.157693038279107 ], [ 119.925952812628864, -4.158042459159322 ], [ 119.924856867982243, -4.158409798891997 ], [ 119.924398727187324, -4.158768178953979 ], [ 119.923554310820265, -4.161393307937377 ], [ 119.922898540662857, -4.165317545865263 ], [ 119.923177018400921, -4.166123893700778 ], [ 119.924605339702694, -4.168578769799211 ], [ 119.924614322855533, -4.169429911182527 ], [ 119.92409329999073, -4.170003311173764 ], [ 119.92172174764066, -4.171212825408158 ], [ 119.921443269902582, -4.171553280930908 ], [ 119.92112885955315, -4.17249401252923 ], [ 119.920760550286644, -4.173031572936659 ], [ 119.920410207325844, -4.173148044309767 ], [ 119.920464106242889, -4.171929573705438 ], [ 119.91899985232979, -4.171392012543788 ], [ 119.919718504557068, -4.170361685955831 ], [ 119.920320375797431, -4.169143211030032 ], [ 119.92102106171906, -4.168542932247063 ], [ 119.921209707928725, -4.167969531190514 ], [ 119.921056994330428, -4.167512601924181 ], [ 119.922161922129888, -4.165460896651984 ], [ 119.922494298785011, -4.164502237769083 ], [ 119.922359551492391, -4.163713807158351 ], [ 119.921595983500879, -4.163238956523062 ], [ 119.921164792164518, -4.163292713213135 ], [ 119.920338342103122, -4.163901955444033 ], [ 119.919826302391158, -4.163821320469963 ], [ 119.919314262679222, -4.16349878049107 ], [ 119.919125616469557, -4.163149362031448 ], [ 119.918963919718422, -4.16202047056345 ], [ 119.919116633316719, -4.161052848016906 ], [ 119.919763420321274, -4.160264413951806 ], [ 119.920778516592321, -4.159637249927377 ], [ 119.920913263884941, -4.159260951273064 ], [ 119.920670718758231, -4.158508353425288 ], [ 119.919763420321274, -4.157845349963889 ], [ 119.919511892041726, -4.157262981598499 ], [ 119.919565790958771, -4.156904600852096 ], [ 119.920032914906528, -4.156474543741357 ], [ 119.920419190478682, -4.155748821835065 ], [ 119.920796482898012, -4.15582049810245 ], [ 119.921173775317357, -4.156564138992106 ], [ 119.921506151972466, -4.156806046118271 ], [ 119.922700911300353, -4.157388414821248 ], [ 119.923105153178199, -4.157469050453903 ], [ 119.923653125501517, -4.157307779180342 ], [ 119.924219064130497, -4.157092750764272 ], [ 119.924470592410074, -4.156823965161702 ], [ 119.924883817440758, -4.15589217436332 ], [ 119.924937716357803, -4.154852867943078 ], [ 119.924668221772578, -4.153464137399236 ], [ 119.925054497344746, -4.153186390997118 ], [ 119.924919750052126, -4.151788697941397 ], [ 119.925404840305546, -4.151806617098801 ], [ 119.925476705528268, -4.152236676754445 ], [ 119.926069593615793, -4.15234419163174 ], [ 119.926500784952168, -4.152621938330294 ], [ 119.926626549091935, -4.152595059621803 ], [ 119.926824178454467, -4.151941010766363 ], [ 119.927084689886854, -4.151851414990531 ], [ 119.927866224184044, -4.152012687379705 ], [ 119.928072836699386, -4.151636385087039 ], [ 119.928063853546547, -4.151340718874096 ], [ 119.926590616480581, -4.150946497084575 ], [ 119.926617565939097, -4.150740426525342 ], [ 119.927147571956738, -4.150211810497016 ], [ 119.92715655510959, -4.149943022550279 ], [ 119.926761296384583, -4.149297931104841 ], [ 119.927048757275486, -4.148357171802439 ], [ 119.928009954629502, -4.148545323752555 ], [ 119.928216567144844, -4.149495042435742 ], [ 119.929087932970447, -4.151349678457933 ], [ 119.92906996666477, -4.151941010766363 ] ] ] ] } },
{ "type": "Feature", "properties": { "FID": 69, "REMARK": "Tegalan/Ladang" }, "geometry": { "type": "Polygon", "coordinates": [ [ [ 120.056154629909159, -4.147237218791225 ], [ 120.056675652773933, -4.147523926913279 ], [ 120.056495989717121, -4.14780167530731 ], [ 120.05669361907961, -4.147918150411232 ], [ 120.056361242424501, -4.148437808357976 ], [ 120.056711585385301, -4.148688677589229 ], [ 120.055633607044356, -4.15051643672604 ], [ 120.05407952160283, -4.14987134574903 ], [ 120.05469935914887, -4.147344734349186 ], [ 120.055992933157995, -4.147434330636313 ], [ 120.05604683207504, -4.147174501375657 ], [ 120.056154629909159, -4.147237218791225 ] ] ] } },
{ "type": "Feature", "properties": { "FID": 70, "REMARK": "Tegalan/Ladang" }, "geometry": { "type": "Polygon", "coordinates": [ [ [ 119.928378263895979, -4.147111783955113 ], [ 119.928279449214727, -4.147290976572034 ], [ 119.927767409502778, -4.14695947019878 ], [ 119.92804588724087, -4.146851954588401 ], [ 119.928530977494276, -4.146341255239339 ], [ 119.928773522620986, -4.146511488392361 ], [ 119.928378263895979, -4.147111783955113 ] ] ] } },
{ "type": "Feature", "properties": { "FID": 71, "REMARK": "Tegalan/Ladang" }, "geometry": { "type": "Polygon", "coordinates": [ [ [ 120.199768294381329, -4.143886309903642 ], [ 120.200082704730761, -4.143850471229153 ], [ 120.200271350940454, -4.143554802102646 ], [ 120.200370165621706, -4.143671277832345 ], [ 120.200136603647806, -4.144128220913962 ], [ 120.200585761289886, -4.14426261588772 ], [ 120.20075644119386, -4.144074462918065 ], [ 120.20054084552568, -4.144459728474578 ], [ 120.19951676610178, -4.145391532765418 ], [ 120.1993011704336, -4.144943550070354 ], [ 120.198474720372204, -4.144665800671936 ], [ 120.198474720372204, -4.144226777230284 ], [ 120.199049642154023, -4.144146140245116 ], [ 120.198995743236978, -4.14350104406777 ], [ 120.199238288363716, -4.143474165048961 ], [ 120.199373035656322, -4.143769834205614 ], [ 120.199768294381329, -4.143886309903642 ] ] ] } },
{ "type": "Feature", "properties": { "FID": 72, "REMARK": "Tegalan/Ladang" }, "geometry": { "type": "Polygon", "coordinates": [ [ [ 119.981810056995414, -4.155480035774347 ], [ 119.984127710428439, -4.155721943233116 ], [ 119.9847924637387, -4.156384948480426 ], [ 119.984918227878467, -4.157047953170209 ], [ 119.984693649057448, -4.15798870211091 ], [ 119.983409058201133, -4.159341586714119 ], [ 119.982438877694307, -4.160999091173903 ], [ 119.982349046165893, -4.161841281292687 ], [ 119.982483793458513, -4.162647632689966 ], [ 119.982950917406242, -4.163131443131903 ], [ 119.984828396350068, -4.163212078176648 ], [ 119.985367385520519, -4.16347190215353 ], [ 119.987164016088769, -4.165496734344582 ], [ 119.987208931852976, -4.16593574594642 ], [ 119.987155032935931, -4.166428513779082 ], [ 119.986651976376805, -4.167387170314425 ], [ 119.986454347014302, -4.167629074115324 ], [ 119.984603817529035, -4.168489175915777 ], [ 119.98422652510969, -4.169322398637595 ], [ 119.984037878900025, -4.170209376693424 ], [ 119.983166513074423, -4.170773816753149 ], [ 119.983085664698862, -4.171553280930908 ], [ 119.983732451703432, -4.172628402665582 ], [ 119.983678552786387, -4.173058450947372 ], [ 119.983373125589765, -4.173488498993648 ], [ 119.982663456515326, -4.173981262090441 ], [ 119.980794960724353, -4.174411309631268 ], [ 119.980830893335721, -4.175334119184102 ], [ 119.98250175976419, -4.179482269109555 ], [ 119.982645490209649, -4.181453304580586 ], [ 119.982384978777262, -4.182259635844614 ], [ 119.981881922218136, -4.182797189559651 ], [ 119.978477307291328, -4.183719989243713 ], [ 119.977192716435042, -4.183719989243713 ], [ 119.974291158067317, -4.183119721611635 ], [ 119.973303011254814, -4.182752393430819 ], [ 119.972665207403082, -4.181999818083474 ], [ 119.97289876937694, -4.179598739525158 ], [ 119.972225032913869, -4.177950233570877 ], [ 119.972171133996824, -4.176686973945816 ], [ 119.972018420398499, -4.176239009051217 ], [ 119.97163214482633, -4.175871677646813 ], [ 119.970626031708122, -4.175746247371783 ], [ 119.969449238685925, -4.176086700928795 ], [ 119.967050736877326, -4.1761135788349 ], [ 119.965182241086353, -4.176588421690947 ], [ 119.963484425199383, -4.176552584504289 ], [ 119.962819671889122, -4.176167334644349 ], [ 119.962208817495934, -4.175119095695923 ], [ 119.961508131574305, -4.174572577398341 ], [ 119.959882180910057, -4.173837912857817 ], [ 119.958741320499229, -4.173927506131275 ], [ 119.9586245395123, -4.173103247629847 ], [ 119.958462842761165, -4.172986776250095 ], [ 119.957268083433263, -4.173398905670096 ], [ 119.956558414358824, -4.173112206966036 ], [ 119.956306886079275, -4.173183881651864 ], [ 119.956145189328112, -4.173434743000743 ], [ 119.95615417248095, -4.174196285890302 ], [ 119.95583077897868, -4.175316200562337 ], [ 119.956702144804268, -4.17670489253628 ], [ 119.956702144804268, -4.177367880095748 ], [ 119.956306886079275, -4.178290686171452 ], [ 119.95636078499632, -4.180897831449407 ], [ 119.956010442035492, -4.182492575833079 ], [ 119.957429780184427, -4.183451212748908 ], [ 119.957546561171355, -4.183988765646289 ], [ 119.957079437223598, -4.184517358968941 ], [ 119.957025538306553, -4.184902604725083 ], [ 119.95841792699693, -4.18576268758973 ], [ 119.958373011232723, -4.186416708302291 ], [ 119.959199461294119, -4.187151361053775 ], [ 119.959289292822533, -4.187491809655996 ], [ 119.959037764542984, -4.187706829749509 ], [ 119.958256230245794, -4.187563483027064 ], [ 119.957726224228168, -4.187715788918789 ], [ 119.957160285599159, -4.188414603806645 ], [ 119.955785863214473, -4.188970071605594 ], [ 119.953944316882044, -4.188853602583653 ], [ 119.952399214593342, -4.188136869759281 ], [ 119.951725478130257, -4.187267830329096 ], [ 119.951393101475119, -4.185673095668746 ], [ 119.950961910138759, -4.185126584728734 ], [ 119.950351055745543, -4.184866767918552 ], [ 119.950252241064291, -4.18448152214478 ], [ 119.95036902205122, -4.183926051160604 ], [ 119.950081561160303, -4.182752393430819 ], [ 119.949120363806301, -4.181722081760784 ], [ 119.946739828303379, -4.179768965486067 ], [ 119.946012192923263, -4.178837201879124 ], [ 119.945958294006189, -4.177314124368556 ], [ 119.94627270435565, -4.175549142613372 ], [ 119.946685929386334, -4.174554658759192 ], [ 119.946820676678954, -4.172243150879844 ], [ 119.94926409425176, -4.172449215812001 ], [ 119.950225291605761, -4.172072923286414 ], [ 119.951114623737055, -4.171383053187977 ], [ 119.952560911344477, -4.169662854979422 ], [ 119.953980249493398, -4.168784835692357 ], [ 119.955758913755943, -4.168094962707369 ], [ 119.956890791013933, -4.167951612400759 ], [ 119.958471825914003, -4.168086003313972 ], [ 119.961508131574305, -4.168847551388245 ], [ 119.964535454081798, -4.17008394551398 ], [ 119.967823288021677, -4.170899247822469 ], [ 119.96869465384728, -4.171024678871763 ], [ 119.972269948678075, -4.170953003988903 ], [ 119.972341813900798, -4.171239703481109 ], [ 119.972781988390011, -4.171598077699232 ], [ 119.973833017272426, -4.171768305395568 ], [ 119.973976747717884, -4.17235962236988 ], [ 119.974210309691756, -4.172476093842644 ], [ 119.974982860836107, -4.172511931215405 ], [ 119.975189473351449, -4.172153557414217 ], [ 119.975800327744665, -4.172198354148308 ], [ 119.976348300067954, -4.172001248499196 ], [ 119.977057969142422, -4.17254776858653 ], [ 119.977785604522566, -4.17276279277894 ], [ 119.978108998024851, -4.171992289150334 ], [ 119.979043245920337, -4.171615996405848 ], [ 119.979429521492492, -4.171024678871763 ], [ 119.979663083466363, -4.168354785071482 ], [ 119.97933070681124, -4.167333413904119 ], [ 119.978935448086247, -4.167091510012265 ], [ 119.977668823535609, -4.166903362489379 ], [ 119.977578992007196, -4.16675105255693 ], [ 119.976815424015712, -4.164797899044451 ], [ 119.976563895736149, -4.163301672661124 ], [ 119.976599828347503, -4.162522200304631 ], [ 119.976833390321403, -4.161921916469576 ], [ 119.977183733282203, -4.161599375712473 ], [ 119.979797830758983, -4.160040426857544 ], [ 119.980633263973218, -4.159063842382412 ], [ 119.980920724864134, -4.158472515414609 ], [ 119.98083987648856, -4.157675119255433 ], [ 119.980076308497075, -4.156411827059774 ], [ 119.977875436050979, -4.153965872587469 ], [ 119.977767638216889, -4.153750843260155 ], [ 119.977848486592464, -4.153275986621386 ], [ 119.979492403562389, -4.150713547752781 ], [ 119.982277180943143, -4.148787233336851 ], [ 119.984082794664232, -4.148106302465908 ], [ 119.986095020900663, -4.1469415509314 ], [ 119.986840622586499, -4.146099344906181 ], [ 119.988017415608695, -4.143411447334856 ], [ 119.988655219460398, -4.143017221589453 ], [ 119.989921844011008, -4.142622995647571 ], [ 119.991475929452548, -4.142354205120011 ], [ 119.993488155688965, -4.142264608257195 ], [ 119.99284136868441, -4.142981382875583 ], [ 119.992652722474745, -4.144594123391991 ], [ 119.992491025723581, -4.144818114870248 ], [ 119.991044738116159, -4.14510482386982 ], [ 119.99044286687581, -4.146601084773961 ], [ 119.989355905382027, -4.147747917561246 ], [ 119.989391837993395, -4.14799878701158 ], [ 119.990074557609304, -4.148375091037715 ], [ 119.990074557609304, -4.14877827372394 ], [ 119.989257090700775, -4.149118738943153 ], [ 119.987738937870589, -4.149118738943153 ], [ 119.98538535182621, -4.149450244410312 ], [ 119.984747547974493, -4.149934062950479 ], [ 119.983570754952297, -4.152263555475143 ], [ 119.982061585274963, -4.153974832141501 ], [ 119.981621410785749, -4.154682636588537 ], [ 119.981666326549956, -4.155372521324407 ], [ 119.981810056995414, -4.155480035774347 ] ] ] } },
{ "type": "Feature", "properties": { "FID": 73, "REMARK": "Tegalan/Ladang" }, "geometry": { "type": "Polygon", "coordinates": [ [ [ 120.299598071905535, -4.138161061069054 ], [ 120.299535189835652, -4.138322336250935 ], [ 120.299032133276555, -4.138304416787904 ], [ 120.298906369136745, -4.138743443515439 ], [ 120.299337560473148, -4.138877839403777 ], [ 120.300307740980003, -4.138671765698999 ], [ 120.300172993687383, -4.139218308885468 ], [ 120.299041116429393, -4.140714580924468 ], [ 120.298385346271971, -4.14228252763057 ], [ 120.298259582132204, -4.142255648570356 ], [ 120.29781940764299, -4.140795218259418 ], [ 120.297909239171403, -4.140185958191882 ], [ 120.297289401625349, -4.13963941567344 ], [ 120.296957024970226, -4.138600087876068 ], [ 120.297334317389556, -4.138008745589342 ], [ 120.29781940764299, -4.137757872970661 ], [ 120.298439245189016, -4.137757872970661 ], [ 120.299148914263483, -4.138107302667794 ], [ 120.299598071905535, -4.138161061069054 ] ] ] } },
{ "type": "Feature", "properties": { "FID": 74, "REMARK": "Tegalan/Ladang" }, "geometry": { "type": "Polygon", "coordinates": [ [ [ 120.02769600170825, -4.13458611943989 ], [ 120.027776850083825, -4.135921124592049 ], [ 120.02713904623208, -4.138411933560009 ], [ 120.026438360310465, -4.138268577860623 ], [ 120.026258697253638, -4.138591128147747 ], [ 120.026420394004774, -4.139003275545643 ], [ 120.025935303751368, -4.139657335106258 ], [ 120.02263848665865, -4.142228769509227 ], [ 120.021946783889859, -4.142399003547612 ], [ 120.020850839243238, -4.142264608257195 ], [ 120.019665063068203, -4.142631955330251 ], [ 120.019647096762512, -4.1424706810265 ], [ 120.018137927085206, -4.142542358498893 ], [ 120.018137927085206, -4.142712592469796 ], [ 120.017230628648235, -4.142900745763439 ], [ 120.015442981232852, -4.14303514094578 ], [ 120.014841109992489, -4.142685713424195 ], [ 120.013978727319724, -4.141879341631468 ], [ 120.014652463782824, -4.14183454317444 ], [ 120.016997066674378, -4.142139172632207 ], [ 120.019197939120474, -4.142228769509227 ], [ 120.021057451758608, -4.141959978847725 ], [ 120.022764250798417, -4.14142239725078 ], [ 120.023455953567208, -4.140920654097455 ], [ 120.023824262833685, -4.140096361083572 ], [ 120.023779347069478, -4.139487100478116 ], [ 120.023446970414355, -4.139065993609125 ], [ 120.02228814369785, -4.138456732210745 ], [ 120.020356765836979, -4.138582168419322 ], [ 120.017706735748831, -4.138268577860623 ], [ 120.017024016132893, -4.137972906648681 ], [ 120.016538925879487, -4.137551798974441 ], [ 120.01647604380959, -4.137130691076308 ], [ 120.016646723713578, -4.136709582954304 ], [ 120.017787584124406, -4.136010722172729 ], [ 120.019790827207999, -4.135320820540153 ], [ 120.022737301339902, -4.134523401021731 ], [ 120.02285408232683, -4.134899711456241 ], [ 120.024282403628604, -4.134460682598609 ], [ 120.024480032991093, -4.134559240118429 ], [ 120.024839359104746, -4.13559857321771 ], [ 120.024650712895081, -4.136171997792425 ], [ 120.024857325410423, -4.136216796569847 ], [ 120.025001055855881, -4.1368887779272 ], [ 120.025441230345109, -4.136942536411163 ], [ 120.025809539611586, -4.136449750171609 ], [ 120.025692758624658, -4.135840486760774 ], [ 120.025971236362736, -4.135446257245299 ], [ 120.02556699448489, -4.134971389613986 ], [ 120.025746657541703, -4.134899711456241 ], [ 120.025665809166142, -4.13472051603352 ], [ 120.025207668371223, -4.134881791915792 ], [ 120.024821392799055, -4.133860377440524 ], [ 120.026420394004774, -4.133394468646302 ], [ 120.027130063079241, -4.133394468646302 ], [ 120.027543288109925, -4.133788699182311 ], [ 120.02769600170825, -4.13458611943989 ] ] ] } },
{ "type": "Feature", "properties": { "FID": 75, "REMARK": "Tegalan/Ladang" }, "geometry": { "type": "Polygon", "coordinates": [ [ [ 120.025081904231442, -4.131629388615825 ], [ 120.025198685218385, -4.131772745516145 ], [ 120.026276663559329, -4.131423313026224 ], [ 120.027076164162196, -4.132668725556068 ], [ 120.025540045026361, -4.132946479162894 ], [ 120.02409375741891, -4.13340342843339 ], [ 120.023078661147849, -4.133152554356699 ], [ 120.022306110003527, -4.133385508859115 ], [ 120.021524575706337, -4.13334070992166 ], [ 120.021722205068841, -4.131503951306792 ], [ 120.021946783889859, -4.130796126119757 ], [ 120.022593570894443, -4.13063484940652 ], [ 120.02398595958482, -4.130787166303216 ], [ 120.02490224117463, -4.13123515700635 ], [ 120.025081904231442, -4.131629388615825 ] ] ] } },
{ "type": "Feature", "properties": { "FID": 76, "REMARK": "Tegalan/Ladang" }, "geometry": { "type": "Polygon", "coordinates": [ [ [ 119.93192660926826, -4.131638348422856 ], [ 119.932672210954081, -4.132390971851954 ], [ 119.933462728404095, -4.133824538312227 ], [ 119.934253245854123, -4.137130691076308 ], [ 119.933974768116045, -4.137677235326351 ], [ 119.933822054517748, -4.138537369775683 ], [ 119.933938835504691, -4.14025763587123 ], [ 119.933579509391052, -4.140598104759479 ], [ 119.932537463661461, -4.141099848117304 ], [ 119.932950688692159, -4.139693173970675 ], [ 119.932771025635333, -4.139298946372844 ], [ 119.93211525547791, -4.138922638028154 ], [ 119.932016440796659, -4.138411933560009 ], [ 119.93214220493644, -4.138008745589342 ], [ 119.932133221783602, -4.136548307444043 ], [ 119.932465598438739, -4.135858406279544 ], [ 119.932735093023965, -4.134729475805617 ], [ 119.932474581591578, -4.134281487076629 ], [ 119.932070339713704, -4.134433803272895 ], [ 119.931773895669963, -4.134944510305592 ], [ 119.931154058123909, -4.13458611943989 ], [ 119.931504401084723, -4.134353165290282 ], [ 119.93225000277053, -4.134209808856494 ], [ 119.932357800604649, -4.133860377440524 ], [ 119.931989491338143, -4.133466146940158 ], [ 119.930938462455714, -4.13291959978584 ], [ 119.930983378219921, -4.132426811045048 ], [ 119.930642018411973, -4.131835464151889 ], [ 119.93028269229832, -4.131763785710636 ], [ 119.929896416726137, -4.132158017057363 ], [ 119.930390490132424, -4.131423313026224 ], [ 119.929932349337506, -4.130984282243763 ], [ 119.929869467267622, -4.130473572660499 ], [ 119.930642018411973, -4.130168938717458 ], [ 119.931028293984127, -4.129756786726005 ], [ 119.931270839110866, -4.130984282243763 ], [ 119.93192660926826, -4.131638348422856 ] ] ] } },
{ "type": "Feature", "properties": { "FID": 77, "REMARK": "Tegalan/Ladang" }, "geometry": { "type": "Polygon", "coordinates": [ [ [ 119.927228420332312, -4.129505911495966 ], [ 119.927767409502778, -4.129541750819397 ], [ 119.927821308419837, -4.13017789854098 ], [ 119.928063853546547, -4.130437733379153 ], [ 119.928530977494276, -4.129962862748491 ], [ 119.928755556315309, -4.13002558152732 ], [ 119.928719623703941, -4.130240617302813 ], [ 119.928468095424392, -4.130159978893833 ], [ 119.928432162813024, -4.130357094990205 ], [ 119.92804588724087, -4.130545251218333 ], [ 119.927776392655616, -4.130357094990205 ], [ 119.926635532244788, -4.130267496770653 ], [ 119.926401970270916, -4.130455653020027 ], [ 119.926366037659548, -4.130195818187725 ], [ 119.92667146485617, -4.129855344830393 ], [ 119.926743330078892, -4.129290875521379 ], [ 119.927030790969809, -4.129272955854201 ], [ 119.927228420332312, -4.129505911495966 ] ] ] } },
{ "type": "Feature", "properties": { "FID": 78, "REMARK": "Tegalan/Ladang" }, "geometry": { "type": "Polygon", "coordinates": [ [ [ 120.234335466514267, -4.124569029231664 ], [ 120.234595977946654, -4.124371911698357 ], [ 120.234811573614834, -4.124533189683791 ], [ 120.234515129571079, -4.125079742613191 ], [ 120.234694792627906, -4.125447097649526 ], [ 120.234461230654034, -4.12589509136636 ], [ 120.23408393823469, -4.125742773530986 ], [ 120.234030039317645, -4.126065328912508 ], [ 120.233751561579567, -4.126262446025619 ], [ 120.233562915369916, -4.125850292006047 ], [ 120.233257488173322, -4.125913011109778 ], [ 120.23308680826932, -4.125599415541599 ], [ 120.233850376260818, -4.125258940213112 ], [ 120.233877325719348, -4.125115582136409 ], [ 120.233437151230135, -4.124810946137521 ], [ 120.233904275177863, -4.124309192472958 ], [ 120.234335466514267, -4.124569029231664 ] ] ] } },
{ "type": "Feature", "properties": { "FID": 79, "REMARK": "Tegalan/Ladang" }, "geometry": { "type": "Polygon", "coordinates": [ [ [ 120.049093871775952, -4.12340424309836 ], [ 120.049030989706068, -4.123816398386861 ], [ 120.048905225566301, -4.123583441076145 ], [ 120.048339286937306, -4.123413202998208 ], [ 120.048312337478791, -4.123646160358825 ], [ 120.048060809199214, -4.123753679117618 ], [ 120.048087758657744, -4.124165834224886 ], [ 120.047243342290685, -4.123905997334337 ], [ 120.047117578150917, -4.123583441076145 ], [ 120.047944028212285, -4.122060256977199 ], [ 120.049192686457204, -4.122786009764856 ], [ 120.049093871775952, -4.12340424309836 ] ] ] } },
{ "type": "Feature", "properties": { "FID": 80, "REMARK": "Tegalan/Ladang" }, "geometry": { "type": "Polygon", "coordinates": [ [ [ 120.118632457919674, -4.121047785932068 ], [ 120.118875003046369, -4.121119465340498 ], [ 120.118605508461144, -4.122248415170953 ], [ 120.118389912792935, -4.122006497485089 ], [ 120.117806007858277, -4.121845218986952 ], [ 120.117752108941218, -4.122006497485089 ], [ 120.117653294259981, -4.121952737989345 ], [ 120.117662277412819, -4.121666020617318 ], [ 120.117859906775323, -4.121612261098551 ], [ 120.118102451902018, -4.120922346951765 ], [ 120.118632457919674, -4.121047785932068 ] ] ] } },
{ "type": "Feature", "properties": { "FID": 81, "REMARK": "Tegalan/Ladang" }, "geometry": { "type": "Polygon", "coordinates": [ [ [ 120.043919575739437, -4.123484882193363 ], [ 120.043497367555887, -4.123610320769329 ], [ 120.042895496315538, -4.123502801991143 ], [ 120.042572102813267, -4.122750170136572 ], [ 120.041844467433123, -4.122158816036625 ], [ 120.042060063101303, -4.121119465340498 ], [ 120.042895496315538, -4.120035313597861 ], [ 120.044135171407632, -4.120554989824206 ], [ 120.045132301373002, -4.121728740051284 ], [ 120.044889756246292, -4.122642651242031 ], [ 120.044314834464444, -4.123045847021578 ], [ 120.04414415456047, -4.123422162897956 ], [ 120.043919575739437, -4.123484882193363 ] ] ] } },
{ "type": "Feature", "properties": { "FID": 82, "REMARK": "Tegalan/Ladang" }, "geometry": { "type": "Polygon", "coordinates": [ [ [ 120.124148113764136, -4.117293567887215 ], [ 120.123645057205039, -4.117427967406939 ], [ 120.123815737109027, -4.11691724911126 ], [ 120.124228962139739, -4.117069568637245 ], [ 120.124148113764136, -4.117293567887215 ] ] ] } },
{ "type": "Feature", "properties": { "FID": 83, "REMARK": "Tegalan/Ladang" }, "geometry": { "type": "Polygon", "coordinates": [ [ [ 120.037056446968776, -4.11478477268756 ], [ 120.038314088366533, -4.115644931932245 ], [ 120.038071543239823, -4.115546372065921 ], [ 120.037864930724453, -4.11608397118856 ], [ 120.037263059484118, -4.116182530988337 ], [ 120.036939665981834, -4.11807308478569 ], [ 120.037047463815924, -4.118521082657697 ], [ 120.037846964418776, -4.119623156349335 ], [ 120.037667301361964, -4.120393711031678 ], [ 120.037927812794379, -4.120572909688025 ], [ 120.038682397633011, -4.120617709345802 ], [ 120.038996807982457, -4.11954251686269 ], [ 120.03935613409611, -4.119497717144353 ], [ 120.039158504733621, -4.120814827810045 ], [ 120.038529684034714, -4.120958186662443 ], [ 120.03811645900403, -4.121603301178404 ], [ 120.037972728558572, -4.121361383296251 ], [ 120.037631368750596, -4.121459942442309 ], [ 120.037532554069344, -4.121289703909627 ], [ 120.037200177414221, -4.121719780132448 ], [ 120.037272042636957, -4.121952737989345 ], [ 120.03485557452268, -4.122418653498357 ], [ 120.034765742994267, -4.120850667525567 ], [ 120.035044220732331, -4.120913387023844 ], [ 120.035385580540293, -4.120698348723443 ], [ 120.035466428915868, -4.1203399514269 ], [ 120.034630995701647, -4.120106993097544 ], [ 120.034568113631764, -4.119784435298104 ], [ 120.035035237579493, -4.119381237864873 ], [ 120.036131182226129, -4.119112439462526 ], [ 120.036059317003392, -4.118843640969362 ], [ 120.034604046243132, -4.119076599668684 ], [ 120.034397433727761, -4.119255798621746 ], [ 120.03461302939597, -4.117911805490028 ], [ 120.034559130478925, -4.116657409852603 ], [ 120.034909473439726, -4.116612609971848 ], [ 120.034801675605635, -4.115806211687184 ], [ 120.034945406051079, -4.115788291716027 ], [ 120.03474777668859, -4.11503565256323 ], [ 120.034289635893671, -4.115080452532712 ], [ 120.034280652740833, -4.114820612674637 ], [ 120.03609524961476, -4.114569732731228 ], [ 120.037056446968776, -4.11478477268756 ] ] ] } },
{ "type": "Feature", "properties": { "FID": 84, "REMARK": "Tegalan/Ladang" }, "geometry": { "type": "Polygon", "coordinates": [ [ [ 120.122585045169785, -4.114560772731788 ], [ 120.122324533737398, -4.11446221273129 ], [ 120.122432331571488, -4.114121732635734 ], [ 120.122234702208985, -4.113897732493498 ], [ 120.122827590296481, -4.114041092591786 ], [ 120.122585045169785, -4.114560772731788 ] ] ] } },
{ "type": "Feature", "properties": { "FID": 85, "REMARK": "Tegalan/Ladang" }, "geometry": { "type": "MultiPolygon", "coordinates": [ [ [ [ 119.924129232602098, -4.124882625206592 ], [ 119.92511737941463, -4.125814452515977 ], [ 119.925575520209549, -4.127006114693696 ], [ 119.926006711545909, -4.127516826508156 ], [ 119.926824178454467, -4.128027537994109 ], [ 119.927542830681745, -4.127964819057389 ], [ 119.927282319249358, -4.128529289309476 ], [ 119.926419936576593, -4.129228156684483 ], [ 119.925000598427701, -4.129004160797964 ], [ 119.924793985912345, -4.128878723073901 ], [ 119.924641272314048, -4.128430731040416 ], [ 119.92385075486402, -4.128197775083083 ], [ 119.922925490121372, -4.128538249151512 ], [ 119.92182954547475, -4.128538249151512 ], [ 119.921640899265086, -4.128368012135551 ], [ 119.921667848723615, -4.128135056159814 ], [ 119.922431416715114, -4.126719399145119 ], [ 119.92239548410376, -4.126486442685676 ], [ 119.921533101430995, -4.126217646686024 ], [ 119.921030044871898, -4.126217646686024 ], [ 119.920392241020167, -4.126459563089805 ], [ 119.920383257867329, -4.126226606554146 ], [ 119.920940213343471, -4.125402298263945 ], [ 119.92112885955315, -4.12547397727966 ], [ 119.921434286749744, -4.125330619241763 ], [ 119.921739713946337, -4.124882625206592 ], [ 119.922754810217398, -4.12493638450415 ], [ 119.923374647763453, -4.124461510583195 ], [ 119.924129232602098, -4.124882625206592 ] ] ], [ [ [ 119.921793612863382, -4.123780558805042 ], [ 119.921604966653717, -4.123905997334337 ], [ 119.921551067736672, -4.123708879636554 ], [ 119.921667848723615, -4.123610320769329 ], [ 119.921793612863382, -4.123780558805042 ] ] ], [ [ [ 119.921254623692917, -4.122597851698345 ], [ 119.921200724775872, -4.122651611150464 ], [ 119.921012078566221, -4.122391773764874 ], [ 119.921254623692917, -4.122597851698345 ] ] ], [ [ [ 119.91208282464207, -4.117535487006378 ], [ 119.912522999131269, -4.117983485181025 ], [ 119.913376398651195, -4.11814476446216 ], [ 119.914813703105779, -4.118960120327549 ], [ 119.915262860747831, -4.119802355179282 ], [ 119.915550321638761, -4.119963634091719 ], [ 119.918640526216123, -4.120886507239474 ], [ 119.918613576757593, -4.121459942442309 ], [ 119.918191368574071, -4.121701860294475 ], [ 119.918110520198496, -4.122311134558974 ], [ 119.919143582775234, -4.124004556164892 ], [ 119.919071717552512, -4.124506310021825 ], [ 119.918514762076342, -4.12464070832256 ], [ 119.918326115866677, -4.125276859970882 ], [ 119.918047638128613, -4.125276859970882 ], [ 119.917966789753038, -4.125052862969716 ], [ 119.91820035172691, -4.124586949004994 ], [ 119.91806560443429, -4.123959756697973 ], [ 119.917571531028017, -4.123565521280185 ], [ 119.917472716346765, -4.123234004982039 ], [ 119.916987626093345, -4.123108566346681 ], [ 119.916367788547291, -4.122481372872947 ], [ 119.915918630905253, -4.122338014295185 ], [ 119.915685068931381, -4.121343463450201 ], [ 119.914984383009752, -4.120868587382723 ], [ 119.914930484092707, -4.119829235000292 ], [ 119.914678955813159, -4.119426037589768 ], [ 119.914544208520553, -4.120169712654467 ], [ 119.914714888424527, -4.121683940456098 ], [ 119.914283697088166, -4.121916898323496 ], [ 119.914041151961428, -4.121666020617318 ], [ 119.914122000337002, -4.120223472270752 ], [ 119.913897421515969, -4.119820275060057 ], [ 119.913870472057454, -4.119390197810055 ], [ 119.912909274703438, -4.119506677088223 ], [ 119.912765544257979, -4.119452917423495 ], [ 119.912765544257979, -4.119246838675052 ], [ 119.912199605628999, -4.119175159097863 ], [ 119.912010959419334, -4.119882994639588 ], [ 119.911813330056816, -4.119882994639588 ], [ 119.911525869165899, -4.119452917423495 ], [ 119.911148576746584, -4.119363317974209 ], [ 119.911139593593731, -4.118825721066589 ], [ 119.910654503340297, -4.118763001403705 ], [ 119.910492806589161, -4.119219958834364 ], [ 119.910142463628361, -4.118556922476562 ], [ 119.909486693470939, -4.118261243922654 ], [ 119.909558558693675, -4.118001405102764 ], [ 119.909387878789687, -4.117607166731268 ], [ 119.910088564711316, -4.117616126696425 ], [ 119.911337222956234, -4.117132288433591 ], [ 119.911759431139771, -4.117230848103577 ], [ 119.91208282464207, -4.117535487006378 ] ] ], [ [ [ 119.908615327645364, -4.117186048255096 ], [ 119.907609214527156, -4.116433410423621 ], [ 119.907618197679994, -4.116092931170861 ], [ 119.908408715129994, -4.116639489900604 ], [ 119.908615327645364, -4.117186048255096 ] ] ], [ [ [ 119.905695802971962, -4.11142476673781 ], [ 119.906971410675411, -4.112715010698305 ], [ 119.907896675418058, -4.114766852693417 ], [ 119.907357686247579, -4.114363652718596 ], [ 119.906935478064042, -4.114372612720254 ], [ 119.906486320422005, -4.114076932612326 ], [ 119.905920381792995, -4.114103812626674 ], [ 119.905920381792995, -4.113395971946331 ], [ 119.905641904054917, -4.113171971600031 ], [ 119.905435291539575, -4.113198851644912 ], [ 119.904941218133303, -4.113835012442387 ], [ 119.904896302369096, -4.114103812626674 ], [ 119.90540834208106, -4.114704132710739 ], [ 119.904608841478179, -4.11582413165794 ], [ 119.904770538229315, -4.11624525085457 ], [ 119.903485947373028, -4.11684556932424 ], [ 119.903387132691776, -4.117123328462987 ], [ 119.903081705495183, -4.117266687980546 ], [ 119.902650514158793, -4.117150208374496 ], [ 119.901707283110483, -4.117535487006378 ], [ 119.901653384193423, -4.117813245904366 ], [ 119.901859996708779, -4.118010365063483 ], [ 119.902677463617323, -4.118126844543649 ], [ 119.902964924508254, -4.118108924624732 ], [ 119.903396115844615, -4.117669886485252 ], [ 119.903656627277016, -4.117616126696425 ], [ 119.903836290333828, -4.117929725413383 ], [ 119.903405098997467, -4.118252283964759 ], [ 119.903378149538938, -4.118583802339651 ], [ 119.90245288479629, -4.118825721066589 ], [ 119.901150327634326, -4.118556922476562 ], [ 119.901249142315578, -4.119175159097863 ], [ 119.901141344481488, -4.11926475856834 ], [ 119.900889816201939, -4.118691321782926 ], [ 119.90110541187012, -4.11807308478569 ], [ 119.900853883590571, -4.1168634892716 ], [ 119.900701169992274, -4.116738049631606 ], [ 119.900494557476904, -4.116881409218555 ], [ 119.898626061685945, -4.116057091241049 ], [ 119.898518263851855, -4.115868931583061 ], [ 119.898473348087649, -4.115223812418119 ], [ 119.899165050856411, -4.115259652385438 ], [ 119.8995962421928, -4.114345732714979 ], [ 119.900305911267239, -4.113691652307013 ], [ 119.900252012350194, -4.113001731294724 ], [ 119.898913522576862, -4.111765247985816 ], [ 119.896515020768263, -4.11142476673781 ], [ 119.896901296340431, -4.11110220542133 ], [ 119.897584015956369, -4.110958844794331 ], [ 119.898024190445582, -4.109686518100078 ], [ 119.898446398629133, -4.110035960140877 ], [ 119.89973098948542, -4.110492922578538 ], [ 119.901042529800236, -4.110725883720472 ], [ 119.903548829442911, -4.110860284348314 ], [ 119.905192746412865, -4.111138045574052 ], [ 119.905695802971962, -4.11142476673781 ] ] ] ] } },
{ "type": "Feature", "properties": { "FID": 86, "REMARK": "Tegalan/Ladang" }, "geometry": { "type": "Polygon", "coordinates": [ [ [ 120.102013625163451, -4.106326490663855 ], [ 120.102175321914586, -4.106371291122747 ], [ 120.10210345669185, -4.106801375400154 ], [ 120.101807012648109, -4.106801375400154 ], [ 120.101833962106625, -4.106236889738526 ], [ 120.102013625163451, -4.106326490663855 ] ] ] } },
{ "type": "Feature", "properties": { "FID": 87, "REMARK": "Tegalan/Ladang" }, "geometry": { "type": "Polygon", "coordinates": [ [ [ 120.059181952416623, -4.096129840849616 ], [ 120.058355502355255, -4.095717671250604 ], [ 120.058265670826813, -4.095350302516011 ], [ 120.058418384425138, -4.094794768987259 ], [ 120.058786693691616, -4.094803729208524 ], [ 120.059128053499578, -4.095484705731159 ], [ 120.05944246384901, -4.09569975082844 ], [ 120.059181952416623, -4.096129840849616 ] ] ] } },
{ "type": "Feature", "properties": { "FID": 88, "REMARK": "Tegalan/Ladang" }, "geometry": { "type": "Polygon", "coordinates": [ [ [ 119.894098552653986, -4.100224644676824 ], [ 119.89364939501192, -4.103011249728852 ], [ 119.892885827020436, -4.103934142506873 ], [ 119.892760062880654, -4.104346307869033 ], [ 119.892643281893726, -4.106658014000105 ], [ 119.892840911256229, -4.10758090256212 ], [ 119.893263119439752, -4.108306668545503 ], [ 119.894574659754568, -4.109068274114321 ], [ 119.893999737972734, -4.109417716426033 ], [ 119.893370917273842, -4.110591483069973 ], [ 119.892769046033493, -4.109525237106523 ], [ 119.892589382976652, -4.108351468893209 ], [ 119.891655135081194, -4.106998497283165 ], [ 119.891646151928342, -4.106649053911746 ], [ 119.891457505718662, -4.106344410847715 ], [ 119.890927499701036, -4.106344410847715 ], [ 119.891026314382287, -4.105726164272069 ], [ 119.89068495457434, -4.105260239000082 ], [ 119.890738853491385, -4.105045196475136 ], [ 119.890963432312404, -4.10495559540598 ], [ 119.890936482853888, -4.104193985912149 ], [ 119.890541224128881, -4.104095424630445 ], [ 119.890020201264079, -4.104391108439057 ], [ 119.889876470818621, -4.104704712358841 ], [ 119.890056133875433, -4.104883914543413 ], [ 119.889993251805549, -4.105179598060016 ], [ 119.889481212093614, -4.104928715083271 ], [ 119.889328498495317, -4.104516550021752 ], [ 119.889535111010659, -4.104023743690656 ], [ 119.890325628460673, -4.103369654817852 ], [ 119.890487325211836, -4.103360694692586 ], [ 119.890693937727178, -4.103692219260435 ], [ 119.891107162757862, -4.103656378773248 ], [ 119.891268859508997, -4.102733485674261 ], [ 119.891753949762432, -4.102715565409358 ], [ 119.891753949762432, -4.102491562064146 ], [ 119.891017331229449, -4.102052515325322 ], [ 119.890774786102739, -4.101550747328366 ], [ 119.890756819797062, -4.101174421123861 ], [ 119.891098179605024, -4.100887696277661 ], [ 119.89100834807661, -4.100538250232267 ], [ 119.890774786102739, -4.100394887707904 ], [ 119.890190881168053, -4.10043968849953 ], [ 119.890074100181124, -4.100072321934067 ], [ 119.890145965403846, -4.099140464522903 ], [ 119.891116145910701, -4.096658492850563 ], [ 119.890954449159565, -4.095645989559538 ], [ 119.891179027980584, -4.095135257324822 ], [ 119.891026314382287, -4.094758928101195 ], [ 119.891565303552781, -4.094436360054387 ], [ 119.891619202469826, -4.094095871419504 ], [ 119.891583269858458, -4.09369266100668 ], [ 119.891259876356159, -4.093495535842052 ], [ 119.891259876356159, -4.093172967286151 ], [ 119.890990381770933, -4.093083364886448 ], [ 119.890945466006727, -4.092429267064849 ], [ 119.891188011133437, -4.091963334044172 ], [ 119.891080213299333, -4.091488440494163 ], [ 119.890298679002143, -4.090269844436195 ], [ 119.890271729543628, -4.089830790990515 ], [ 119.89090055024252, -4.087725123163112 ], [ 119.890478342058998, -4.086542362638478 ], [ 119.891179027980584, -4.085538806885962 ], [ 119.891673101386871, -4.084275400090892 ], [ 119.89189768020789, -4.084750297913898 ], [ 119.891888697055052, -4.086192910331437 ], [ 119.892265989474382, -4.088038733615633 ], [ 119.892158191640277, -4.089642625154437 ], [ 119.893847024374438, -4.090932904285876 ], [ 119.894089569501148, -4.092868319086248 ], [ 119.894098552653986, -4.094292996436301 ], [ 119.893595496094875, -4.09576247230426 ], [ 119.893577529789184, -4.096479288821585 ], [ 119.893703293928965, -4.097007940591608 ], [ 119.894341097780696, -4.097769556934155 ], [ 119.894547710296038, -4.098549092910136 ], [ 119.894098552653986, -4.100224644676824 ] ] ] } },
{ "type": "Feature", "properties": { "FID": 89, "REMARK": "Tegalan/Ladang" }, "geometry": { "type": "Polygon", "coordinates": [ [ [ 120.110790165489306, -4.075458378172421 ], [ 120.111113558991576, -4.075655507768573 ], [ 120.110897963323396, -4.075987043798571 ], [ 120.110484738292683, -4.075727191246101 ], [ 120.110035580650631, -4.075763032982469 ], [ 120.110727283419408, -4.076273777552111 ], [ 120.110529654056919, -4.076685957143666 ], [ 120.110035580650631, -4.076345460974518 ], [ 120.109649305078463, -4.075413575984737 ], [ 120.110071513262, -4.075574863848715 ], [ 120.110367957305755, -4.075297090285079 ], [ 120.110790165489306, -4.075458378172421 ] ] ] } },
{ "type": "Feature", "properties": { "FID": 90, "REMARK": "Tegalan/Ladang" }, "geometry": { "type": "Polygon", "coordinates": [ [ [ 119.894700423894335, -4.078155465271845 ], [ 119.895347210898919, -4.078316752585692 ], [ 119.896371290322804, -4.079526406407603 ], [ 119.896164677807462, -4.080646454618641 ], [ 119.89588620006937, -4.080574771579917 ], [ 119.895472975038686, -4.07939200051733 ], [ 119.894942969021074, -4.078773733132457 ], [ 119.894457878767625, -4.079248634209587 ], [ 119.893577529789184, -4.079374079730261 ], [ 119.893128372147132, -4.080019227812876 ], [ 119.893038540618733, -4.079938584330884 ], [ 119.89292175963179, -4.079553287582959 ], [ 119.893245153134075, -4.078254029745263 ], [ 119.89464652497729, -4.076426104817086 ], [ 119.89440397985058, -4.077456553204456 ], [ 119.894448895614786, -4.077832890547037 ], [ 119.894700423894335, -4.078155465271845 ] ] ] } },
{ "type": "Feature", "properties": { "FID": 91, "REMARK": "Tegalan/Ladang" }, "geometry": { "type": "Polygon", "coordinates": [ [ [ 120.113251549367789, -4.071766669538712 ], [ 120.113071886310962, -4.071703946187436 ], [ 120.113026970546755, -4.07137240839236 ], [ 120.11335036404904, -4.070933344615746 ], [ 120.113556976564382, -4.070870621199537 ], [ 120.113619858634266, -4.071049830947166 ], [ 120.113251549367789, -4.071766669538712 ] ] ] } },
{ "type": "Feature", "properties": { "FID": 92, "REMARK": "Tegalan/Ladang" }, "geometry": { "type": "Polygon", "coordinates": [ [ [ 120.10969422084267, -4.071067751919735 ], [ 120.109334894729017, -4.071462013215307 ], [ 120.109505574633019, -4.071058791433501 ], [ 120.109316928423326, -4.070852700222581 ], [ 120.109846934440966, -4.070476359614337 ], [ 120.110332024694387, -4.069804322376374 ], [ 120.110475755139845, -4.069822243376665 ], [ 120.110700333960892, -4.070019374353547 ], [ 120.10969422084267, -4.071067751919735 ] ] ] } },
{ "type": "Feature", "properties": { "FID": 93, "REMARK": "Tegalan/Ladang" }, "geometry": { "type": "Polygon", "coordinates": [ [ [ 120.11448224130703, -4.069893927373842 ], [ 120.114428342389985, -4.070037295349052 ], [ 120.114679870669534, -4.070162742306421 ], [ 120.114419359237147, -4.070512201584605 ], [ 120.114113932040539, -4.070458438628603 ], [ 120.113889353219491, -4.070933344615746 ], [ 120.112631711821734, -4.069168126607656 ], [ 120.112919172712665, -4.069033718986582 ], [ 120.113296465131995, -4.069902887873041 ], [ 120.113781555385401, -4.07031507072838 ], [ 120.114203763568952, -4.069831203876662 ], [ 120.114311561403042, -4.069177087114931 ], [ 120.114608005446797, -4.06895307440317 ], [ 120.11448224130703, -4.069893927373842 ] ] ] } },
{ "type": "Feature", "properties": { "FID": 94, "REMARK": "Tegalan/Ladang" }, "geometry": { "type": "Polygon", "coordinates": [ [ [ 120.111948992205811, -4.068738022141265 ], [ 120.111715430231953, -4.069015797968744 ], [ 120.111427969341008, -4.068773864188904 ], [ 120.111715430231953, -4.0684244041564 ], [ 120.111948992205811, -4.068738022141265 ] ] ] } },
{ "type": "Feature", "properties": { "FID": 95, "REMARK": "Tegalan/Ladang" }, "geometry": { "type": "Polygon", "coordinates": [ [ [ 120.113655791245634, -4.069078521529431 ], [ 120.113314431437672, -4.06895307440317 ], [ 120.11321561675642, -4.068137667606247 ], [ 120.11300002108824, -4.067662759970558 ], [ 120.113314431437672, -4.067474588943135 ], [ 120.113539010258691, -4.067662759970558 ], [ 120.113772572232563, -4.068576732907157 ], [ 120.113655791245634, -4.069078521529431 ] ] ] } },
{ "type": "Feature", "properties": { "FID": 96, "REMARK": "Tegalan/Ladang" }, "geometry": { "type": "Polygon", "coordinates": [ [ [ 120.059325682862081, -4.067564194199769 ], [ 120.059163986110946, -4.067555233674555 ], [ 120.058885508372867, -4.067152009936742 ], [ 120.058876525220029, -4.066596456900803 ], [ 120.059208901875138, -4.066659180649846 ], [ 120.05975687419847, -4.067107207286752 ], [ 120.059325682862081, -4.067564194199769 ] ] ] } },
{ "type": "Feature", "properties": { "FID": 97, "REMARK": "Tegalan/Ladang" }, "geometry": { "type": "Polygon", "coordinates": [ [ [ 120.038161374768237, -4.067223694171545 ], [ 120.039005791135295, -4.067241615229249 ], [ 120.039266302567711, -4.067501470521172 ], [ 120.039041723746678, -4.068164549162159 ], [ 120.038305105213695, -4.068522969821943 ], [ 120.037712217126156, -4.069195008129181 ], [ 120.037882897030144, -4.069580309839082 ], [ 120.038628498715966, -4.069786401375684 ], [ 120.037954762252895, -4.069831203876662 ], [ 120.037281025789795, -4.070091058333174 ], [ 120.036966615440363, -4.07129176404318 ], [ 120.03622999690738, -4.071363447909516 ], [ 120.035843721335212, -4.071229040654899 ], [ 120.035628125667031, -4.07109463337784 ], [ 120.036023384392024, -4.070100018830179 ], [ 120.036930682828995, -4.069651993857795 ], [ 120.037730183431847, -4.069580309839082 ], [ 120.03711932903866, -4.069347336734197 ], [ 120.036822884994905, -4.068836587768432 ], [ 120.037110345885822, -4.067600036299633 ], [ 120.037164244802867, -4.066623338508133 ], [ 120.037496621457976, -4.066712943859426 ], [ 120.038161374768237, -4.067223694171545 ] ] ] } },
{ "type": "Feature", "properties": { "FID": 98, "REMARK": "Tegalan/Ladang" }, "geometry": { "type": "Polygon", "coordinates": [ [ [ 120.11558716910649, -4.067904694084096 ], [ 120.115578185953652, -4.068030141373626 ], [ 120.115164960922968, -4.067779246775035 ], [ 120.11526377560422, -4.066560614756301 ], [ 120.115551236495136, -4.066022982397485 ], [ 120.115730899551949, -4.067402904730653 ], [ 120.11558716910649, -4.067904694084096 ] ] ] } },
{ "type": "Feature", "properties": { "FID": 99, "REMARK": "Tegalan/Ladang" }, "geometry": { "type": "Polygon", "coordinates": [ [ [ 120.114122915193391, -4.06610362727417 ], [ 120.112748492808663, -4.067725483636599 ], [ 120.112425099306392, -4.067411865257562 ], [ 120.112568829751851, -4.06694591772616 ], [ 120.113979184747933, -4.065601836799265 ], [ 120.114293595097365, -4.065951298055881 ], [ 120.114122915193391, -4.06610362727417 ] ] ] } },
{ "type": "Feature", "properties": { "FID": 100, "REMARK": "Tegalan/Ladang" }, "geometry": { "type": "Polygon", "coordinates": [ [ [ 119.973401825936065, -4.063997897293664 ], [ 119.973859966730956, -4.064589294354224 ], [ 119.974605568416777, -4.064822268834746 ], [ 119.976465081054897, -4.064508649326052 ], [ 119.975441001630998, -4.066058824565897 ], [ 119.974839130390649, -4.067528352098312 ], [ 119.973752168896866, -4.067635878397902 ], [ 119.972225032913869, -4.067107207286752 ], [ 119.970940442057582, -4.06692799666188 ], [ 119.970473318109825, -4.06692799666188 ], [ 119.968326344580774, -4.067680681018497 ], [ 119.966493781401184, -4.067277457343462 ], [ 119.965855977549452, -4.06754627314924 ], [ 119.965766146021039, -4.067815088865331 ], [ 119.964418673094869, -4.067904694084096 ], [ 119.963996464911318, -4.067752365206266 ], [ 119.963861717618698, -4.067528352098312 ], [ 119.963646121950518, -4.065736244992816 ], [ 119.96416714481532, -4.065539112967937 ], [ 119.966080556370471, -4.065503270776416 ], [ 119.966448865636977, -4.065377823093544 ], [ 119.966933955890397, -4.064992519374093 ], [ 119.967284298851197, -4.06386348881032 ], [ 119.967544810283613, -4.063567790068111 ], [ 119.967940069008606, -4.063415460370725 ], [ 119.968838384292738, -4.063567790068111 ], [ 119.969323474546144, -4.064051660680728 ], [ 119.969655851201267, -4.064114384627772 ], [ 119.970239756135953, -4.063881409942726 ], [ 119.970967391516098, -4.063083919165195 ], [ 119.972072319315572, -4.062859904759989 ], [ 119.972323847595121, -4.062949510529537 ], [ 119.972584359027508, -4.063415460370725 ], [ 119.9732131797264, -4.063738040872321 ], [ 119.973401825936065, -4.063997897293664 ] ] ] } },
{ "type": "Feature", "properties": { "FID": 101, "REMARK": "Tegalan/Ladang" }, "geometry": { "type": "Polygon", "coordinates": [ [ [ 119.988906747739946, -4.057196799940311 ], [ 119.988583354237676, -4.058012217797543 ], [ 119.987415544368318, -4.059508641833186 ], [ 119.98683163943366, -4.060539111861877 ], [ 119.985861458926806, -4.06000147548929 ], [ 119.985259587686429, -4.059884987561365 ], [ 119.984307373485265, -4.059884987561365 ], [ 119.982977866864772, -4.060359899777472 ], [ 119.981594461327234, -4.060521190655226 ], [ 119.981091404768108, -4.060082120968008 ], [ 119.980076308497075, -4.059750578392871 ], [ 119.97571947936909, -4.05881867420921 ], [ 119.975458967936675, -4.058657382991309 ], [ 119.975360153255423, -4.058370642968825 ], [ 119.975432018478159, -4.058065981583377 ], [ 119.975979990801477, -4.05755522547346 ], [ 119.975818294050342, -4.056013994552612 ], [ 119.976249485386703, -4.055565961756621 ], [ 119.976599828347503, -4.055467394508167 ], [ 119.977650857229932, -4.055503237145359 ], [ 119.979160026907266, -4.055996073245541 ], [ 119.980453600916391, -4.056802531670158 ], [ 119.982456843999984, -4.056838374248124 ], [ 119.983840249537522, -4.057250563780423 ], [ 119.984558901764828, -4.056954862615529 ], [ 119.984864328961422, -4.056300735411673 ], [ 119.986050105136457, -4.055494276486209 ], [ 119.986535195389877, -4.054956636755445 ], [ 119.986966386726266, -4.054902872762698 ], [ 119.987199948700137, -4.054938715424927 ], [ 119.987550291660938, -4.055359866587049 ], [ 119.988727084683134, -4.055834781464025 ], [ 119.988942680351315, -4.056560594227297 ], [ 119.988906747739946, -4.057196799940311 ] ] ] } },
{ "type": "Feature", "properties": { "FID": 102, "REMARK": "Tegalan/Ladang" }, "geometry": { "type": "Polygon", "coordinates": [ [ [ 119.923212951012289, -4.05895308353285 ], [ 119.923536344514588, -4.058979965394894 ], [ 119.924075333685053, -4.058773871096358 ], [ 119.924865851135081, -4.057994296534804 ], [ 119.925126362567468, -4.057976375271666 ], [ 119.926204340908413, -4.058254154805606 ], [ 119.927812325266999, -4.05895308353285 ], [ 119.928800472079516, -4.05904268973618 ], [ 119.929752686280679, -4.058630501118525 ], [ 119.930785748857417, -4.058926201669911 ], [ 119.93130677172222, -4.059786420839991 ], [ 119.93234881745181, -4.060404702802303 ], [ 119.932645261495566, -4.061220117419693 ], [ 119.933678324072304, -4.062169940001083 ], [ 119.934037650185942, -4.063227288351878 ], [ 119.934172397478548, -4.06438320148842 ], [ 119.934639521426305, -4.065350941444675 ], [ 119.935636651391661, -4.065969219141879 ], [ 119.936409202536012, -4.066184272142785 ], [ 119.93857414237074, -4.066282838082358 ], [ 119.939445508196343, -4.066587496364828 ], [ 119.940424671856036, -4.067877812519513 ], [ 119.94059535176001, -4.070171702802629 ], [ 119.941314003987301, -4.070772055821338 ], [ 119.941718245865161, -4.070915423640185 ], [ 119.943047752485654, -4.071013989000831 ], [ 119.943604707961796, -4.070691411412017 ], [ 119.94376640471296, -4.069535507324146 ], [ 119.943541825891913, -4.069114363561917 ], [ 119.942778257900429, -4.0684244041564 ], [ 119.942670460066338, -4.067994299292897 ], [ 119.942724358983384, -4.067797167820382 ], [ 119.943182499778274, -4.067528352098312 ], [ 119.943847253088535, -4.067528352098312 ], [ 119.945077945027776, -4.067967417731302 ], [ 119.945563035281182, -4.067976378251934 ], [ 119.946093041298838, -4.067779246775035 ], [ 119.946748811456217, -4.067071365164966 ], [ 119.94810526753524, -4.067187852054941 ], [ 119.9494437573086, -4.067098246756455 ], [ 119.950324106287013, -4.066578535828751 ], [ 119.951321236252397, -4.065494310228288 ], [ 119.952147686313793, -4.065180690981016 ], [ 119.95294718691666, -4.065180690981016 ], [ 119.955282806655376, -4.06416814800707 ], [ 119.955839762131518, -4.064186069132707 ], [ 119.956028408341169, -4.064284635316588 ], [ 119.95601942518833, -4.064965637712376 ], [ 119.95512110990424, -4.065951298055881 ], [ 119.953755670672351, -4.066856312400772 ], [ 119.95329752987746, -4.067555233674555 ], [ 119.95343227717008, -4.068101825530301 ], [ 119.954474322899657, -4.068729061629107 ], [ 119.954896531083179, -4.069168126607656 ], [ 119.955004328917269, -4.07008209783607 ], [ 119.954465339746818, -4.071300724526822 ], [ 119.954465339746818, -4.071587459950673 ], [ 119.954761783790573, -4.072053404796575 ], [ 119.955219924585478, -4.072304298063409 ], [ 119.955740947450266, -4.072340139952284 ], [ 119.956037391494021, -4.072035483845952 ], [ 119.956396717607674, -4.070530122569141 ], [ 119.956863841555418, -4.070108979327085 ], [ 119.957348931808852, -4.06997457186304 ], [ 119.957789106298065, -4.07008209783607 ], [ 119.958247247092956, -4.070646608958905 ], [ 119.958471825914003, -4.071560578509026 ], [ 119.959226410752649, -4.072680637816998 ], [ 119.959504888490713, -4.072850886695325 ], [ 119.960097776578252, -4.072859847161608 ], [ 119.960672698360071, -4.072304298063409 ], [ 119.961121856002151, -4.071229040654899 ], [ 119.962738823513547, -4.070691411412017 ], [ 119.962837638194799, -4.070341952211616 ], [ 119.96272085720787, -4.069849124876354 ], [ 119.962298649024348, -4.069087482037703 ], [ 119.962280682718657, -4.068773864188904 ], [ 119.962514244692528, -4.068549851364999 ], [ 119.962783739277754, -4.068549851364999 ], [ 119.963601206186311, -4.068863469301021 ], [ 119.963924599688582, -4.069150205592808 ], [ 119.964921729653966, -4.071363447909516 ], [ 119.965361904143194, -4.071793550973476 ], [ 119.966215303663091, -4.072044444321314 ], [ 119.966871073820514, -4.071748748581704 ], [ 119.967598709200658, -4.070368833693956 ], [ 119.96804786684271, -4.07008209783607 ], [ 119.969628901742738, -4.06997457186304 ], [ 119.970383486581412, -4.07008209783607 ], [ 119.97155129645077, -4.070736213862638 ], [ 119.97190163941157, -4.07078997680009 ], [ 119.973527590075832, -4.070583885520358 ], [ 119.974398955901435, -4.070216505282167 ], [ 119.974434888512803, -4.070798937289317 ], [ 119.975234389115656, -4.07276128202701 ], [ 119.975360153255423, -4.073415395876248 ], [ 119.975117608128713, -4.074947633084866 ], [ 119.974946928224739, -4.075297090285079 ], [ 119.974560652652571, -4.075279169406711 ], [ 119.973824034119588, -4.075162683687583 ], [ 119.973222162879239, -4.074884909981576 ], [ 119.972602325333185, -4.07490283086873 ], [ 119.972260965525237, -4.07464297796592 ], [ 119.971398582852473, -4.074660898858464 ], [ 119.970868576834832, -4.074517531706928 ], [ 119.970140941454702, -4.073496040012619 ], [ 119.970024160467773, -4.072716479689112 ], [ 119.969844497410961, -4.07251038890265 ], [ 119.969215676712054, -4.072573112191074 ], [ 119.968523973943277, -4.072958412284131 ], [ 119.967517860825055, -4.072680637816998 ], [ 119.967104635794371, -4.072707519221233 ], [ 119.965694280798317, -4.073352672653482 ], [ 119.965334954684678, -4.073782774654251 ], [ 119.964158161662482, -4.074114311456236 ], [ 119.963394593670969, -4.074669859304586 ], [ 119.962298649024348, -4.074884909981576 ], [ 119.961930339757856, -4.075207485889245 ], [ 119.961795592465222, -4.076139371117871 ], [ 119.961247620141918, -4.07744759278939 ], [ 119.961247620141918, -4.077904573830406 ], [ 119.961615929408396, -4.078370515016447 ], [ 119.962891537111844, -4.078755812331599 ], [ 119.963196964308466, -4.078926059923624 ], [ 119.963457475740853, -4.079320317366657 ], [ 119.963547307269266, -4.079714574616206 ], [ 119.963412559976646, -4.080296999744427 ], [ 119.963035267557331, -4.080673335756513 ], [ 119.962595093068089, -4.080897345203792 ], [ 119.9610230413209, -4.081076552716625 ], [ 119.95728604973894, -4.080431405483274 ], [ 119.952713624942774, -4.078227148526439 ], [ 119.951743444435948, -4.078083782010854 ], [ 119.951087674278526, -4.07819130689994 ], [ 119.950692415553519, -4.078415317039329 ], [ 119.950539701955222, -4.078737891530339 ], [ 119.950602584025106, -4.079123188669324 ], [ 119.951878191728554, -4.080055069357829 ], [ 119.951761410741625, -4.08094214708575 ], [ 119.951438017239326, -4.081201997951814 ], [ 119.950701398706357, -4.081246799816774 ], [ 119.949865965492123, -4.08109447346571 ], [ 119.948895784985268, -4.082160757316319 ], [ 119.948464593648907, -4.082196598765689 ], [ 119.94797052024262, -4.082169717678812 ], [ 119.947144070181253, -4.081856104932068 ], [ 119.945922361394821, -4.080529969677465 ], [ 119.945392355377209, -4.080431405483274 ], [ 119.944610821080019, -4.080521009296675 ], [ 119.944134713979437, -4.080279078977549 ], [ 119.942553679079381, -4.077994177925625 ], [ 119.941619431183909, -4.077573038591229 ], [ 119.940649250677069, -4.077420711543592 ], [ 119.940200093034989, -4.077752246845604 ], [ 119.939966531061117, -4.078755812331599 ], [ 119.940334840327623, -4.080449326246753 ], [ 119.941035526249223, -4.081354324282481 ], [ 119.941772144782206, -4.082779022093679 ], [ 119.942553679079381, -4.083451048485469 ], [ 119.942463847550968, -4.083925946796341 ], [ 119.941888925769149, -4.084293320768561 ], [ 119.940918745262294, -4.084347082799168 ], [ 119.940712132746953, -4.084042431244767 ], [ 119.939499407113388, -4.083612334735769 ], [ 119.939014316859954, -4.083083674127678 ], [ 119.938142951034379, -4.082626696033319 ], [ 119.935178510596771, -4.08226828165963 ], [ 119.934343077382536, -4.082313083465092 ], [ 119.933696290377981, -4.082555013171383 ], [ 119.933184250666017, -4.082501251020731 ], [ 119.932663227801243, -4.082313083465092 ], [ 119.931980508185305, -4.081775461634534 ], [ 119.931737963058595, -4.08126472056206 ], [ 119.931513384237562, -4.07966081227539 ], [ 119.930722866787534, -4.07957120836603 ], [ 119.93028269229832, -4.078926059923624 ], [ 119.929950315643183, -4.078935020322206 ], [ 119.929599972682382, -4.079159030254255 ], [ 119.92931251179148, -4.079105267876259 ], [ 119.929195730804537, -4.07888125792922 ], [ 119.929240646568744, -4.078406356634953 ], [ 119.928971151983518, -4.078433237847783 ], [ 119.928575893258483, -4.078890218328301 ], [ 119.928351314437464, -4.078917099524944 ], [ 119.928279449214727, -4.078388435825899 ], [ 119.927956055712457, -4.078182346493066 ], [ 119.927839274725528, -4.077797048902956 ], [ 119.92659959963342, -4.077187740709014 ], [ 119.926150441991368, -4.076291698408311 ], [ 119.924722120689623, -4.075646547333433 ], [ 119.924605339702694, -4.074768424205344 ], [ 119.9247400869953, -4.073737972373233 ], [ 119.924263979894704, -4.072967372749216 ], [ 119.923078203719669, -4.072608954067978 ], [ 119.922413450409437, -4.072815044829197 ], [ 119.92172174764066, -4.072716479689112 ], [ 119.921048011177575, -4.072349100424256 ], [ 119.920895297579264, -4.072089246696626 ], [ 119.920904280732103, -4.071040870460733 ], [ 119.920374274714476, -4.069696796366252 ], [ 119.918640526216123, -4.067286417871768 ], [ 119.91739186797119, -4.066300759160986 ], [ 119.913870472057454, -4.064687860488814 ], [ 119.913861488904601, -4.064535531003006 ], [ 119.914517259062023, -4.063953094468371 ], [ 119.91456217482623, -4.063065998015069 ], [ 119.91318775244153, -4.061936964754421 ], [ 119.911759431139771, -4.061148432651195 ], [ 119.91149891970737, -4.060897535911307 ], [ 119.911427054484648, -4.060440545220378 ], [ 119.911696549069873, -4.060028357316425 ], [ 119.912531982284122, -4.059732657168714 ], [ 119.914032168808589, -4.058352721714039 ], [ 119.914634040048952, -4.057080311607795 ], [ 119.914678955813159, -4.05503728273786 ], [ 119.915289810206346, -4.054383153981762 ], [ 119.917023558704713, -4.053531889739393 ], [ 119.917382884818352, -4.053021130763745 ], [ 119.917823059307594, -4.051327559220542 ], [ 119.918038654975774, -4.051004973762657 ], [ 119.91841594739509, -4.050897445248112 ], [ 119.918820189272964, -4.050915366668196 ], [ 119.919556807805918, -4.05133651992587 ], [ 119.919853251849673, -4.051927926257999 ], [ 119.920113763282089, -4.053478125651886 ], [ 119.919691555098538, -4.055745174904827 ], [ 119.920167662199134, -4.056784610380579 ], [ 119.921164792164518, -4.057877808317303 ], [ 119.922179888435565, -4.058549855494809 ], [ 119.923212951012289, -4.05895308353285 ] ] ] } },
{ "type": "Feature", "properties": { "FID": 103, "REMARK": "Tegalan/Ladang" }, "geometry": { "type": "Polygon", "coordinates": [ [ [ 120.084873769542455, -4.048478049893235 ], [ 120.085673270145321, -4.048487010630114 ], [ 120.08603259625896, -4.048764793424195 ], [ 120.085736152215205, -4.048881282954635 ], [ 120.085601404922599, -4.049141144154433 ], [ 120.085673270145321, -4.050521095334659 ], [ 120.085134280974842, -4.053800710123292 ], [ 120.084451561358918, -4.052447646617134 ], [ 120.084640207568583, -4.050978091635361 ], [ 120.083607144991845, -4.050395645324607 ], [ 120.083364599865135, -4.050010334457836 ], [ 120.083705959673097, -4.048711029019878 ], [ 120.084712072791305, -4.048881282954635 ], [ 120.084846820083925, -4.048639343141899 ], [ 120.084559359193008, -4.048343638828132 ], [ 120.084873769542455, -4.048478049893235 ] ] ] } },
{ "type": "Feature", "properties": { "FID": 104, "REMARK": "Tegalan/Ladang" }, "geometry": { "type": "Polygon", "coordinates": [ [ [ 120.114293595097365, -4.048881282954635 ], [ 120.114006134206448, -4.048800636358424 ], [ 120.113826471149608, -4.048361560304769 ], [ 120.11434749401441, -4.048065855889538 ], [ 120.114895466337714, -4.048003130696665 ], [ 120.114886483184875, -4.0483257173511 ], [ 120.114293595097365, -4.048881282954635 ] ] ] } },
{ "type": "Feature", "properties": { "FID": 105, "REMARK": "Tegalan/Ladang" }, "geometry": { "type": "Polygon", "coordinates": [ [ [ 120.114464275001339, -4.044490512141963 ], [ 120.11472478643374, -4.044535316045957 ], [ 120.114248679333159, -4.045592687461042 ], [ 120.113988167900771, -4.045825667417813 ], [ 120.113556976564382, -4.045780863585176 ], [ 120.113574942870059, -4.04530594280688 ], [ 120.114113932040539, -4.044813100195424 ], [ 120.114113932040539, -4.044400904326544 ], [ 120.114464275001339, -4.044490512141963 ] ] ] } },
{ "type": "Feature", "properties": { "FID": 106, "REMARK": "Tegalan/Ladang" }, "geometry": { "type": "Polygon", "coordinates": [ [ [ 119.906899545452688, -4.043988708247992 ], [ 119.907438534623168, -4.043908061164623 ], [ 119.908211085767491, -4.043415217702997 ], [ 119.90915431681583, -4.043415217702997 ], [ 119.909881952195974, -4.043952865100819 ], [ 119.910142463628361, -4.044633884626023 ], [ 119.910124497322684, -4.045090884249658 ], [ 119.910007716335741, -4.046040725779974 ], [ 119.909396861942525, -4.047850798065167 ], [ 119.908606344492526, -4.048872322222119 ], [ 119.907213955802121, -4.050135784527626 ], [ 119.906665983478817, -4.050467331047019 ], [ 119.90540834208106, -4.050413566755807 ], [ 119.903530863137235, -4.049705669921665 ], [ 119.903243402246318, -4.049409965997461 ], [ 119.90280322775709, -4.048478049893235 ], [ 119.90142880537239, -4.047599897197872 ], [ 119.900916765660455, -4.046694861280573 ], [ 119.900494557476904, -4.046614214466585 ], [ 119.898940472035392, -4.047331074753782 ], [ 119.898302668183675, -4.047151859741473 ], [ 119.898140971432511, -4.046883037148646 ], [ 119.898167920891041, -4.045753981284403 ], [ 119.89838351655925, -4.045099845024014 ], [ 119.89873385952005, -4.044714531637159 ], [ 119.899344713913237, -4.044490512141963 ], [ 119.900332860725769, -4.043666119866365 ], [ 119.900826934132041, -4.043451060873947 ], [ 119.90156355266501, -4.043379374530461 ], [ 119.901788131486057, -4.043495864835406 ], [ 119.901824064097426, -4.044598041507387 ], [ 119.902138474446858, -4.044813100195424 ], [ 119.902363053267877, -4.044732453194099 ], [ 119.902569665783219, -4.04418584552911 ], [ 119.902991873966769, -4.043737806184489 ], [ 119.903566795748603, -4.043433139288669 ], [ 119.904222565906025, -4.043316648974709 ], [ 119.90548919045662, -4.043442100081359 ], [ 119.906216825836751, -4.043827414073228 ], [ 119.906899545452688, -4.043988708247992 ] ] ] } },
{ "type": "Feature", "properties": { "FID": 107, "REMARK": "Tegalan/Ladang" }, "geometry": { "type": "Polygon", "coordinates": [ [ [ 120.100720051154312, -4.03958895009109 ], [ 120.100288859817923, -4.039508302570131 ], [ 120.100064280996904, -4.03908714316379 ], [ 120.100333775582158, -4.038101450081705 ], [ 120.1008907310583, -4.038325471341851 ], [ 120.100917680516815, -4.039284281636527 ], [ 120.100720051154312, -4.03958895009109 ] ] ] } },
{ "type": "Feature", "properties": { "FID": 108, "REMARK": "Tegalan/Ladang" }, "geometry": { "type": "Polygon", "coordinates": [ [ [ 120.2302032162073, -4.040950995900539 ], [ 120.230616441237984, -4.042474333898689 ], [ 120.23111949779711, -4.043522747211093 ], [ 120.231056615727226, -4.044777257084715 ], [ 120.230221182512992, -4.044553237606861 ], [ 120.229673210189659, -4.044006629820985 ], [ 120.229215069394769, -4.043773649341174 ], [ 120.228460484556095, -4.043567551168589 ], [ 120.227086062171409, -4.043513786419297 ], [ 120.226780634974816, -4.042967177932381 ], [ 120.22603503328898, -4.042420569076889 ], [ 120.225487060965676, -4.041336311076327 ], [ 120.22637639309697, -4.041614096322049 ], [ 120.226547073000944, -4.041461762489404 ], [ 120.226618938223666, -4.040879309336009 ], [ 120.226223679498645, -4.040010109236942 ], [ 120.22603503328898, -4.039006495592954 ], [ 120.225747572398063, -4.038934808856595 ], [ 120.225496044118515, -4.038630140156416 ], [ 120.226187746887277, -4.038253784545333 ], [ 120.226421308861163, -4.037402503352634 ], [ 120.226852500197538, -4.037321855614397 ], [ 120.22705911271288, -4.037527955373965 ], [ 120.227265725228222, -4.038907926328828 ], [ 120.227571152424844, -4.03951726340619 ], [ 120.228568282390214, -4.040332699073122 ], [ 120.230194233054462, -4.040798661943338 ], [ 120.2302032162073, -4.040950995900539 ] ], [ [ 120.22727470838106, -4.0415065665608 ], [ 120.227175893699808, -4.043137433074389 ], [ 120.228819810669762, -4.043397296116926 ], [ 120.228092175289618, -4.042304078617421 ], [ 120.227849630162908, -4.041157094738267 ], [ 120.227373523062312, -4.041094369010589 ], [ 120.22727470838106, -4.0415065665608 ] ] ] } },
{ "type": "Feature", "properties": { "FID": 109, "REMARK": "Tegalan/Ladang" }, "geometry": { "type": "Polygon", "coordinates": [ [ [ 119.923177018400921, -4.030233784230316 ], [ 119.923114136331037, -4.030448846724044 ], [ 119.922494298785011, -4.03031443267213 ], [ 119.922808709134443, -4.029346650842521 ], [ 119.923257866776495, -4.029481065054387 ], [ 119.923221934165127, -4.029678205858277 ], [ 119.923347698304923, -4.029705088691468 ], [ 119.923177018400921, -4.030233784230316 ] ] ] } },
{ "type": "Feature", "properties": { "FID": 110, "REMARK": "Tegalan/Ladang" }, "geometry": { "type": "Polygon", "coordinates": [ [ [ 120.236895665074002, -4.025690575763308 ], [ 120.237183125964904, -4.025887717485527 ], [ 120.23703939551946, -4.026084859160007 ], [ 120.236194979152373, -4.025780185642962 ], [ 120.235961417178515, -4.026694205851993 ], [ 120.235808703580219, -4.026685244874534 ], [ 120.235700905746114, -4.025887717485527 ], [ 120.235889551955779, -4.025403824082134 ], [ 120.236221928610902, -4.025126033294689 ], [ 120.236563288418878, -4.025063306329568 ], [ 120.236895665074002, -4.025690575763308 ] ] ] } },
{ "type": "Feature", "properties": { "FID": 111, "REMARK": "Tegalan/Ladang" }, "geometry": { "type": "Polygon", "coordinates": [ [ [ 119.891412589954456, -4.024677983437816 ], [ 119.891879713902213, -4.024274738355856 ], [ 119.892203107404484, -4.02434642638502 ], [ 119.893415833038048, -4.025000579359616 ], [ 119.894610592365922, -4.026049015222743 ], [ 119.894727373352865, -4.026246156858161 ], [ 119.894377030392064, -4.027563420196628 ], [ 119.894412963003418, -4.028351984984397 ], [ 119.894089569501148, -4.028871720449369 ], [ 119.893757192846024, -4.028925486168172 ], [ 119.893281085745429, -4.028486399360618 ], [ 119.892984641701673, -4.028450555529131 ], [ 119.892418703072678, -4.029077822352153 ], [ 119.89192462966642, -4.029319767997481 ], [ 119.891484455177178, -4.029194314708887 ], [ 119.890954449159565, -4.028620813714632 ], [ 119.890837668172637, -4.028056273278544 ], [ 119.891170044827746, -4.027500693419333 ], [ 119.891152078522069, -4.027222903347481 ], [ 119.890433426294791, -4.026273039804745 ], [ 119.890451392600468, -4.025484473002673 ], [ 119.890810718714107, -4.024122401272932 ], [ 119.891223943744791, -4.023916298115384 ], [ 119.891412589954456, -4.024677983437816 ] ] ] } },
{ "type": "Feature", "properties": { "FID": 112, "REMARK": "Tegalan/Ladang" }, "geometry": { "type": "Polygon", "coordinates": [ [ [ 120.181083336471659, -4.026774854644691 ], [ 120.181280965834162, -4.027670951803597 ], [ 120.180508414689811, -4.027626146969086 ], [ 120.180274852715939, -4.02691823025642 ], [ 120.179834678226726, -4.026882386355856 ], [ 120.179619082558517, -4.027097449735565 ], [ 120.179475352113073, -4.027025761948643 ], [ 120.179663998322724, -4.026317844713747 ], [ 120.179439419501705, -4.026102781128047 ], [ 120.179951459213669, -4.025206682242743 ], [ 120.180508414689811, -4.024803437422592 ], [ 120.181397746821091, -4.023799805003264 ], [ 120.181793005546098, -4.025296292175656 ], [ 120.181083336471659, -4.026774854644691 ] ] ] } },
{ "type": "Feature", "properties": { "FID": 113, "REMARK": "Tegalan/Ladang" }, "geometry": { "type": "Polygon", "coordinates": [ [ [ 120.239949937040009, -4.023530974680942 ], [ 120.23906060490873, -4.024704866436181 ], [ 120.239240267965542, -4.025376941106845 ], [ 120.239213318507026, -4.025923561429893 ], [ 120.238315003222894, -4.025099150310228 ], [ 120.238225171694495, -4.024919930391147 ], [ 120.238413817904146, -4.024427075410286 ], [ 120.238081441249037, -4.023817727021599 ], [ 120.238368902139939, -4.023629545809429 ], [ 120.238800093476343, -4.023665389853194 ], [ 120.239105520672936, -4.023253183254669 ], [ 120.239383998411, -4.023199417161221 ], [ 120.239949937040009, -4.023530974680942 ] ] ] } },
{ "type": "Feature", "properties": { "FID": 114, "REMARK": "Tegalan/Ladang" }, "geometry": { "type": "Polygon", "coordinates": [ [ [ 120.230454744486849, -4.021693965104153 ], [ 120.230221182512992, -4.021783575423499 ], [ 120.230535592862424, -4.022070328379187 ], [ 120.230544576015262, -4.022222665845852 ], [ 120.230328980347082, -4.022294354055604 ], [ 120.230158300443094, -4.022007601178753 ], [ 120.229897789010707, -4.02194487397349 ], [ 120.23001456999765, -4.021711887168811 ], [ 120.229888805857868, -4.021434095122331 ], [ 120.230373896111288, -4.021344484764557 ], [ 120.230454744486849, -4.021693965104153 ] ] ] } },
{ "type": "Feature", "properties": { "FID": 115, "REMARK": "Tegalan/Ladang" }, "geometry": { "type": "Polygon", "coordinates": [ [ [ 120.128172566237012, -4.020959160113863 ], [ 120.128486976586444, -4.021201108171627 ], [ 120.128271380918264, -4.022007601178753 ], [ 120.127741374900637, -4.021998640149724 ], [ 120.12738204878697, -4.022563184786002 ], [ 120.126600514489809, -4.022473574552391 ], [ 120.126950857450609, -4.020950199073307 ], [ 120.128172566237012, -4.020959160113863 ] ] ] } },
{ "type": "Feature", "properties": { "FID": 116, "REMARK": "Tegalan/Ladang" }, "geometry": { "type": "Polygon", "coordinates": [ [ [ 119.909163299968668, -4.021909029854029 ], [ 119.90958550815219, -4.02221370481919 ], [ 119.910564671811883, -4.022294354055604 ], [ 119.910923997925551, -4.022581106831541 ], [ 119.91074433486871, -4.023109806997591 ], [ 119.910142463628361, -4.023934220131153 ], [ 119.910007716335741, -4.02449876342604 ], [ 119.910070598405639, -4.025583043894703 ], [ 119.909926867960181, -4.026703166829353 ], [ 119.909666356527794, -4.027025761948643 ], [ 119.909432794553894, -4.027043683895965 ], [ 119.9087770243965, -4.026604596072957 ], [ 119.908085321627723, -4.026443298445831 ], [ 119.907734978666923, -4.026855503429396 ], [ 119.907034292745294, -4.026066937191571 ], [ 119.906468354116313, -4.02583395156602 ], [ 119.90548919045662, -4.025099150310228 ], [ 119.905704786124801, -4.025134994289311 ], [ 119.905776651347537, -4.024713827435439 ], [ 119.906100044849808, -4.024543568432682 ], [ 119.906055129085601, -4.024167206300278 ], [ 119.905507156762312, -4.024615256438182 ], [ 119.905228679024233, -4.024615256438182 ], [ 119.905102914884438, -4.023979025168853 ], [ 119.905183763260027, -4.023781882984537 ], [ 119.905677836666285, -4.023548896705192 ], [ 119.906603101408933, -4.023495130631262 ], [ 119.90686361284132, -4.023109806997591 ], [ 119.907222938954959, -4.022948508678217 ], [ 119.907474467234536, -4.022545262740067 ], [ 119.906827680229952, -4.022625911943664 ], [ 119.906809713924275, -4.022159938657145 ], [ 119.906962427522572, -4.021953835003108 ], [ 119.907734978666923, -4.021765653360418 ], [ 119.908417698282832, -4.0209950042751 ], [ 119.908992620064694, -4.020923315951049 ], [ 119.909163299968668, -4.021909029854029 ] ] ] } },
{ "type": "Feature", "properties": { "FID": 117, "REMARK": "Tegalan/Ladang" }, "geometry": { "type": "Polygon", "coordinates": [ [ [ 120.26477038834021, -4.021469939262681 ], [ 120.26463564104759, -4.021586432707933 ], [ 120.2641775002527, -4.021523705470251 ], [ 120.264411062226571, -4.021891107793707 ], [ 120.264384112768056, -4.022186821738611 ], [ 120.264132584488507, -4.02224954892525 ], [ 120.263916988820313, -4.022133055574792 ], [ 120.263746308916339, -4.021380328908848 ], [ 120.264141567641346, -4.020797861368787 ], [ 120.26442004537941, -4.020726173027397 ], [ 120.264725472576004, -4.020887471786659 ], [ 120.26477038834021, -4.021469939262681 ] ] ] } },
{ "type": "Feature", "properties": { "FID": 118, "REMARK": "Tegalan/Ladang" }, "geometry": { "type": "Polygon", "coordinates": [ [ [ 120.09645305355474, -4.020089938721294 ], [ 120.097108823712162, -4.020493185874336 ], [ 120.097719678105349, -4.021147341942775 ], [ 120.096902211196792, -4.021201108171627 ], [ 120.096713564987127, -4.021738770265058 ], [ 120.096740514445656, -4.022375003284036 ], [ 120.095366092060956, -4.022760327265252 ], [ 120.094710321903563, -4.022545262740067 ], [ 120.094656422986517, -4.02230331508138 ], [ 120.094889984960389, -4.022007601178753 ], [ 120.094827102890505, -4.021774614392007 ], [ 120.095258294226866, -4.021962796032629 ], [ 120.095294226838234, -4.021783575423499 ], [ 120.09432404633138, -4.0209322769919 ], [ 120.094072518051831, -4.020493185874336 ], [ 120.094818119737653, -4.020098899771306 ], [ 120.095357108908118, -4.020520069010781 ], [ 120.095482873047885, -4.020251237606447 ], [ 120.095860165467244, -4.020475263782881 ], [ 120.095536771964944, -4.02014370501989 ], [ 120.09645305355474, -4.020089938721294 ] ] ] } },
{ "type": "Feature", "properties": { "FID": 119, "REMARK": "Tegalan/Ladang" }, "geometry": { "type": "Polygon", "coordinates": [ [ [ 120.112065773192754, -4.019319288051774 ], [ 120.113458161883131, -4.019292404875736 ], [ 120.11483258426783, -4.019740457693985 ], [ 120.115730899551949, -4.019695652423239 ], [ 120.117590412190083, -4.019991367164656 ], [ 120.117240069229268, -4.020457341691032 ], [ 120.117320917604829, -4.021138380904287 ], [ 120.117940755150883, -4.021138380904287 ], [ 120.118237199194638, -4.021416173051564 ], [ 120.117752108941218, -4.0215326665045 ], [ 120.117374816521902, -4.021380328908848 ], [ 120.117383799674741, -4.022106172491553 ], [ 120.1172041366179, -4.02257214580882 ], [ 120.116674130600273, -4.023127729031104 ], [ 120.116404636015048, -4.023808766012481 ], [ 120.115703950093433, -4.023889415090988 ], [ 120.115299708215588, -4.025502394983929 ], [ 120.114733769586579, -4.025547199935345 ], [ 120.115209876687175, -4.026290961768642 ], [ 120.11585666369173, -4.026640439985756 ], [ 120.115039196783172, -4.026694205851993 ], [ 120.114509190765546, -4.026219273910687 ], [ 120.114185797263275, -4.025385902098708 ], [ 120.112452048764908, -4.025385902098708 ], [ 120.111562716633628, -4.024973696371014 ], [ 120.110969828546118, -4.024884086402597 ], [ 120.110763216030776, -4.024624217438425 ], [ 120.110763216030776, -4.025161877272589 ], [ 120.111517800869422, -4.025851873539583 ], [ 120.112029840581386, -4.025986288328735 ], [ 120.112398149847863, -4.025592004884297 ], [ 120.112101705804108, -4.027545498260751 ], [ 120.111850177524559, -4.028047312316083 ], [ 120.11197594166434, -4.028746267091674 ], [ 120.111481868258053, -4.028844837588633 ], [ 120.110071513262, -4.028038351353523 ], [ 120.110251176318812, -4.0278591320816 ], [ 120.110673384502363, -4.02793978075885 ], [ 120.110879997017705, -4.027384200820102 ], [ 120.111589666092144, -4.02769783470312 ], [ 120.111697463926262, -4.027626146969086 ], [ 120.111670514467747, -4.027133293626657 ], [ 120.110844064406351, -4.027169137516171 ], [ 120.110565586668272, -4.026479142365733 ], [ 120.110206260554605, -4.026523947263389 ], [ 120.110341007847225, -4.026326805695251 ], [ 120.110134395331883, -4.02560096587379 ], [ 120.110161344790413, -4.024436036412601 ], [ 120.109550490397226, -4.024937852384831 ], [ 120.108445562597751, -4.024704866436181 ], [ 120.108894720239803, -4.024382270397235 ], [ 120.109882867052335, -4.024283699359846 ], [ 120.110520670904052, -4.023934220131153 ], [ 120.111365087271125, -4.024194089315504 ], [ 120.111859160677412, -4.024660061438414 ], [ 120.112290352013773, -4.024803437422592 ], [ 120.112649678127411, -4.024444997414816 ], [ 120.113017987393917, -4.024444997414816 ], [ 120.113143751533698, -4.024301621367532 ], [ 120.113952235289403, -4.024319543374822 ], [ 120.113925285830859, -4.02477655442748 ], [ 120.11310781892233, -4.024713827435439 ], [ 120.113143751533698, -4.024982657367313 ], [ 120.114625971752488, -4.025036423343036 ], [ 120.114823601114978, -4.024937852384831 ], [ 120.114904449490552, -4.024642139438616 ], [ 120.114823601114978, -4.02403279121084 ], [ 120.114383426625778, -4.024059674230503 ], [ 120.11426664563885, -4.023943181138891 ], [ 120.113961218442242, -4.02403279121084 ], [ 120.11389833637233, -4.02337863745891 ], [ 120.114069016276346, -4.023342793402526 ], [ 120.11399715105361, -4.022975391733664 ], [ 120.11423969618032, -4.023423442527171 ], [ 120.114868516879184, -4.02306500191208 ], [ 120.114536140224075, -4.022921625621884 ], [ 120.11434749401441, -4.023163573096951 ], [ 120.114203763568952, -4.022769288285902 ], [ 120.11389833637233, -4.02280513236752 ], [ 120.113628841787104, -4.023127729031104 ], [ 120.113736639621195, -4.023495130631262 ], [ 120.113521043953014, -4.023486169618596 ], [ 120.113413246118924, -4.023235261223913 ], [ 120.113260532520627, -4.023271105285028 ], [ 120.113161717839375, -4.02403279121084 ], [ 120.112991037935402, -4.024167206300278 ], [ 120.11279340857287, -4.024140323284165 ], [ 120.112757475961502, -4.023898376099218 ], [ 120.112290352013773, -4.023952142146529 ], [ 120.112056790039901, -4.023781882984537 ], [ 120.111472885105215, -4.024077596243117 ], [ 120.110790165489306, -4.023925259123318 ], [ 120.110682367655215, -4.02324422223934 ], [ 120.110799148642144, -4.022796171347264 ], [ 120.110547620362595, -4.022590067854162 ], [ 120.110637451891009, -4.022455652504487 ], [ 120.110862030712028, -4.022392925333715 ], [ 120.111706447079115, -4.023118768014399 ], [ 120.112002891122856, -4.023190456145302 ], [ 120.112038823734224, -4.02280513236752 ], [ 120.11166153131488, -4.022482535576196 ], [ 120.11163458185635, -4.022070328379187 ], [ 120.112173571026844, -4.022679678074962 ], [ 120.112137638415476, -4.023145651064226 ], [ 120.112577812904689, -4.022948508678217 ], [ 120.112532897140483, -4.021917990884043 ], [ 120.112380183542186, -4.021622276841582 ], [ 120.111904076441604, -4.021478900297523 ], [ 120.111841194371721, -4.021245913359627 ], [ 120.111966958511502, -4.021030848434762 ], [ 120.111607632397835, -4.020735134070415 ], [ 120.112074756345592, -4.020385653319695 ], [ 120.111769329148999, -4.020116821871036 ], [ 120.111113558991576, -4.020367731225876 ], [ 120.110862030712028, -4.019830068228089 ], [ 120.110412873069961, -4.019919678752344 ], [ 120.109793035523921, -4.019552275540308 ], [ 120.109487608327328, -4.020179549216985 ], [ 120.109703203995522, -4.020878510745316 ], [ 120.109712187148361, -4.022285393029732 ], [ 120.109406759951767, -4.021792536454892 ], [ 120.108436579444913, -4.021407212016034 ], [ 120.108715057182977, -4.022482535576196 ], [ 120.108706074030138, -4.022733444202709 ], [ 120.108463528903428, -4.022823054407737 ], [ 120.107879623968742, -4.022168899684399 ], [ 120.107664028300562, -4.020923315951049 ], [ 120.106936392920417, -4.020735134070415 ], [ 120.106963342378933, -4.020546952146337 ], [ 120.107340634798277, -4.020224354461138 ], [ 120.106738763557914, -4.0198569513864 ], [ 120.107933522885787, -4.019883834543824 ], [ 120.109775069218244, -4.018754741168865 ], [ 120.112065773192754, -4.019319288051774 ] ], [ [ 120.113691723856988, -4.021084614671298 ], [ 120.113637824939943, -4.021900068823917 ], [ 120.113916302678021, -4.02242876943189 ], [ 120.11421274672179, -4.022518379670428 ], [ 120.114850550573507, -4.022285393029732 ], [ 120.115182927228645, -4.022321237132636 ], [ 120.115290725062735, -4.021801497486186 ], [ 120.114877500032037, -4.021756692328731 ], [ 120.114733769586579, -4.021496822366908 ], [ 120.114293595097365, -4.021380328908848 ], [ 120.113925285830859, -4.020896432827904 ], [ 120.113691723856988, -4.021084614671298 ] ], [ [ 120.11596446152582, -4.022285393029732 ], [ 120.115398522896839, -4.022527340693739 ], [ 120.115497337578091, -4.02280513236752 ], [ 120.115820731080362, -4.023056040894682 ], [ 120.115389539743987, -4.023011235806213 ], [ 120.115443438661032, -4.023459286580005 ], [ 120.114922415796229, -4.023647467831508 ], [ 120.11561411856502, -4.023548896705192 ], [ 120.116135141429794, -4.023002274788224 ], [ 120.116566332766183, -4.023002274788224 ], [ 120.116386669709371, -4.022616950921437 ], [ 120.116162090888324, -4.022491496599901 ], [ 120.11661124853039, -4.022357081233965 ], [ 120.116099208818426, -4.022204743792428 ], [ 120.11596446152582, -4.022285393029732 ] ], [ [ 120.113467145035969, -4.02284097644756 ], [ 120.113547993411544, -4.02224954892525 ], [ 120.113332397743349, -4.021962796032629 ], [ 120.113161717839375, -4.021102536749355 ], [ 120.11324256621495, -4.021595393741492 ], [ 120.112964088476872, -4.022079289407426 ], [ 120.112901206406988, -4.022930586640761 ], [ 120.112559846598998, -4.023199417161221 ], [ 120.113467145035969, -4.02284097644756 ] ] ] } },
{ "type": "Feature", "properties": { "FID": 120, "REMARK": "Tegalan/Ladang" }, "geometry": { "type": "Polygon", "coordinates": [ [ [ 119.931737963058595, -4.018844351811294 ], [ 119.932797975093862, -4.018871235002103 ], [ 119.933229166430223, -4.019704613477586 ], [ 119.934028667033104, -4.019713574531833 ], [ 119.934136464867194, -4.02017058816786 ], [ 119.934010700727413, -4.020439419598789 ], [ 119.933741206142187, -4.020645523635796 ], [ 119.932744076176803, -4.020708250941063 ], [ 119.932429665827371, -4.020968121154318 ], [ 119.932079322866556, -4.020977082194679 ], [ 119.93130677172222, -4.020152666069312 ], [ 119.930381506979572, -4.019731496640031 ], [ 119.930291675451173, -4.019113183679501 ], [ 119.930615068953443, -4.018306687809027 ], [ 119.931055243442657, -4.018387337431964 ], [ 119.931737963058595, -4.018844351811294 ] ] ] } },
{ "type": "Feature", "properties": { "FID": 121, "REMARK": "Tegalan/Ladang" }, "geometry": { "type": "Polygon", "coordinates": [ [ [ 120.165407734763761, -4.018942923506594 ], [ 120.165030442344445, -4.018960845631732 ], [ 120.16466213307794, -4.019238638521 ], [ 120.164248908047256, -4.018978767756476 ], [ 120.164716031994985, -4.018136427467751 ], [ 120.165452650527968, -4.018467987046925 ], [ 120.165407734763761, -4.018942923506594 ] ] ] } },
{ "type": "Feature", "properties": { "FID": 122, "REMARK": "Tegalan/Ladang" }, "geometry": { "type": "Polygon", "coordinates": [ [ [ 120.088682626347108, -4.01489251312548 ], [ 120.089167716600542, -4.014856668696081 ], [ 120.089482126949974, -4.014283157611651 ], [ 120.089796537299421, -4.014516146538289 ], [ 120.089769587840891, -4.014758096507117 ], [ 120.089473143797136, -4.014668485415912 ], [ 120.089320430198839, -4.01523303512627 ], [ 120.089634840548271, -4.015618362482155 ], [ 120.089589924784079, -4.016075378412599 ], [ 120.089239581823279, -4.016415899919872 ], [ 120.088547879054488, -4.016586160620222 ], [ 120.088368215997676, -4.017132786839108 ], [ 120.088799407334037, -4.017195514414573 ], [ 120.089212632364749, -4.016837071061246 ], [ 120.089958234050556, -4.017114864673804 ], [ 120.089967217203395, -4.017258241985215 ], [ 120.088925171473818, -4.018091622108876 ], [ 120.088952120932333, -4.018261882459506 ], [ 120.089688739465331, -4.01833357101756 ], [ 120.090066031884646, -4.018530714519714 ], [ 120.089985183509071, -4.018817468619599 ], [ 120.089356362810207, -4.01924759958037 ], [ 120.091000279780133, -4.019301365934514 ], [ 120.091422487963683, -4.019659808204869 ], [ 120.091413504810845, -4.02005409452026 ], [ 120.09082061672332, -4.020511107965397 ], [ 120.090155863413088, -4.020537991101251 ], [ 120.090101964496029, -4.021030848434762 ], [ 120.089913318286349, -4.021147341942775 ], [ 120.089580941631226, -4.0209950042751 ], [ 120.089536025867034, -4.020529030056064 ], [ 120.089248564976117, -4.020358770178818 ], [ 120.088467030678927, -4.02086058866233 ], [ 120.087326170268085, -4.022464613528489 ], [ 120.086778197944795, -4.022482535576196 ], [ 120.086652433804986, -4.023109806997591 ], [ 120.085331910337345, -4.024185128310527 ], [ 120.085053432599267, -4.024131362278598 ], [ 120.084810887472557, -4.023925259123318 ], [ 120.084173083620826, -4.022168899684399 ], [ 120.083822740660025, -4.022088250435567 ], [ 120.083140021044088, -4.022993313770136 ], [ 120.082915442223069, -4.022867859506555 ], [ 120.083202903113971, -4.021909029854029 ], [ 120.083328667253767, -4.021774614392007 ], [ 120.083759858590142, -4.021900068823917 ], [ 120.084523426581654, -4.021487861332265 ], [ 120.084613258110053, -4.022025523236512 ], [ 120.085179196739048, -4.022491496599901 ], [ 120.085664286992483, -4.022168899684399 ], [ 120.085825983743618, -4.021622276841582 ], [ 120.086391922372599, -4.021559549606661 ], [ 120.086661416957838, -4.021658120973657 ], [ 120.087137524058434, -4.022321237132636 ], [ 120.08727227135104, -4.022294354055604 ], [ 120.08796397411983, -4.020322925989604 ], [ 120.088017873036875, -4.019686691368794 ], [ 120.087496850172073, -4.018575519854468 ], [ 120.087380069185144, -4.017061098175529 ], [ 120.087128540905596, -4.016783304544664 ], [ 120.08649073705385, -4.016532394087108 ], [ 120.086697349569221, -4.015403296073395 ], [ 120.086311073997038, -4.014516146538289 ], [ 120.086697349569221, -4.014068090851122 ], [ 120.087658546923208, -4.01388886850741 ], [ 120.088682626347108, -4.01489251312548 ] ] ] } },
{ "type": "Feature", "properties": { "FID": 123, "REMARK": "Tegalan/Ladang" }, "geometry": { "type": "Polygon", "coordinates": [ [ [ 120.122818607143643, -4.010438830725704 ], [ 120.122917421824894, -4.010546364590822 ], [ 120.122450297877165, -4.01055532574561 ], [ 120.122207752750455, -4.010770393431038 ], [ 120.12274674192092, -4.011460401872983 ], [ 120.122315550584545, -4.011361829274096 ], [ 120.122090971763527, -4.011603780177408 ], [ 120.121758595108389, -4.011343906982111 ], [ 120.12159689835724, -4.011523129884266 ], [ 120.121336386924852, -4.011496246451448 ], [ 120.12035722326516, -4.010895849554733 ], [ 120.12046502109925, -4.01073454882073 ], [ 120.120761465143033, -4.010716626514988 ], [ 120.120734515684489, -4.010107267885848 ], [ 120.120995027116905, -4.009945966996201 ], [ 120.121516049981679, -4.009972850480021 ], [ 120.122818607143643, -4.010438830725704 ] ] ] } },
{ "type": "Feature", "properties": { "FID": 124, "REMARK": "Tegalan/Ladang" }, "geometry": { "type": "Polygon", "coordinates": [ [ [ 120.116862776809938, -4.009784666074722 ], [ 120.117455664897477, -4.009910122349735 ], [ 120.117249052382107, -4.010286491059231 ], [ 120.117662277412819, -4.0106628595954 ], [ 120.119485857439557, -4.01055532574561 ], [ 120.119449924828203, -4.010940655308526 ], [ 120.119279244924215, -4.011039227958225 ], [ 120.118776188365118, -4.010931694157964 ], [ 120.118794154670809, -4.011343906982111 ], [ 120.117419732286109, -4.012141448594893 ], [ 120.116889726268468, -4.01273288344538 ], [ 120.116440568626416, -4.012938989429014 ], [ 120.115111062005923, -4.012921067171633 ], [ 120.113026970546755, -4.013369123488187 ], [ 120.111895093288766, -4.013396006859364 ], [ 120.112380183542186, -4.013171978739188 ], [ 120.112326284625141, -4.012974833942598 ], [ 120.111670514467747, -4.01315405648692 ], [ 120.111787295454675, -4.012706000052375 ], [ 120.112020857428547, -4.012544699675766 ], [ 120.111886110135927, -4.012311710186656 ], [ 120.112029840581386, -4.012069759493007 ], [ 120.112245436249566, -4.011917420130613 ], [ 120.112559846598998, -4.012087681769068 ], [ 120.112631711821734, -4.012293787915509 ], [ 120.112919172712665, -4.012329632457408 ], [ 120.11300002108824, -4.01189053671077 ], [ 120.113485111341646, -4.011711313889214 ], [ 120.113592909175736, -4.011496246451448 ], [ 120.113449178730292, -4.011406635002336 ], [ 120.114086982582023, -4.010940655308526 ], [ 120.114733769586579, -4.011621702463692 ], [ 120.114994281018966, -4.011612741320599 ], [ 120.115164960922968, -4.011039227958225 ], [ 120.114410376084294, -4.010716626514988 ], [ 120.115982427831497, -4.009094656217964 ], [ 120.116862776809938, -4.009784666074722 ] ] ] } },
{ "type": "Feature", "properties": { "FID": 125, "REMARK": "Tegalan/Ladang" }, "geometry": { "type": "Polygon", "coordinates": [ [ [ 120.096947126961027, -4.008386723421974 ], [ 120.097198655240575, -4.008960238645617 ], [ 120.097153739476369, -4.009345568960538 ], [ 120.097414250908756, -4.009551675798611 ], [ 120.097674762341143, -4.010134151364362 ], [ 120.098105953677532, -4.01046571419331 ], [ 120.098429347179817, -4.011236373221947 ], [ 120.09793527377353, -4.011783003022555 ], [ 120.097809509633763, -4.012168332006477 ], [ 120.097432217214433, -4.012383399267307 ], [ 120.097692728646834, -4.012688077789881 ], [ 120.097297469921827, -4.013216784368139 ], [ 120.097647812882627, -4.013216784368139 ], [ 120.09835748195708, -4.012634311000037 ], [ 120.098671892306527, -4.012571583074081 ], [ 120.098986302655959, -4.011818847586866 ], [ 120.099210881477006, -4.01189053671077 ], [ 120.098770706987779, -4.012741844576184 ], [ 120.09938156138098, -4.01251781627657 ], [ 120.099417493992348, -4.012652233263712 ], [ 120.098429347179817, -4.013655879401772 ], [ 120.09973190434178, -4.01308236747391 ], [ 120.100100213608258, -4.013225745493635 ], [ 120.100585303861706, -4.015009007510157 ], [ 120.100926663669668, -4.015421218276289 ], [ 120.100621236473074, -4.01523303512627 ], [ 120.100800899529887, -4.015932000893343 ], [ 120.100639202778751, -4.016218755906664 ], [ 120.100459539721925, -4.016012650751025 ], [ 120.100414623957718, -4.016102261694654 ], [ 120.100845815294093, -4.01698940950565 ], [ 120.100711068001473, -4.017132786839108 ], [ 120.100199028289509, -4.01708798142511 ], [ 120.100037331538374, -4.016837071061246 ], [ 120.100252927206554, -4.016639927149794 ], [ 120.100046314691213, -4.016559277354109 ], [ 120.099749870647472, -4.01661304388545 ], [ 120.099929533704284, -4.016872915403665 ], [ 120.099848685328723, -4.017016292757594 ], [ 120.099561224437807, -4.01700733167371 ], [ 120.099480376062232, -4.016684732588398 ], [ 120.099192915171329, -4.01672953802454 ], [ 120.099147999407094, -4.016890837574283 ], [ 120.099354611922465, -4.01708798142511 ], [ 120.098671892306527, -4.017052137092138 ], [ 120.098698841765042, -4.017867595277588 ], [ 120.09816883574743, -4.018082661036806 ], [ 120.097207638393414, -4.019561236596231 ], [ 120.096911194349659, -4.019462664975674 ], [ 120.096165592663837, -4.019883834543824 ], [ 120.095482873047885, -4.020027211368451 ], [ 120.09542897413084, -4.019865912438974 ], [ 120.095967963301334, -4.019426820747062 ], [ 120.095985929607011, -4.018817468619599 ], [ 120.097135773170692, -4.018360454225204 ], [ 120.097279503616136, -4.018172271753079 ], [ 120.096821362821231, -4.018163310681894 ], [ 120.095824232855875, -4.018718896909135 ], [ 120.095994912759849, -4.018315648878636 ], [ 120.096605767153036, -4.018226038178116 ], [ 120.09645305355474, -4.018046816747541 ], [ 120.097261537310459, -4.017858634203056 ], [ 120.097279503616136, -4.017562918688296 ], [ 120.097638829729775, -4.017536035454365 ], [ 120.097800526480924, -4.017222397659723 ], [ 120.097593913965582, -4.016935642999108 ], [ 120.097333402533181, -4.016890837574283 ], [ 120.097432217214433, -4.016496549729729 ], [ 120.096776447057024, -4.016254600276245 ], [ 120.096794413362701, -4.015770701154072 ], [ 120.096138643205308, -4.015905117605678 ], [ 120.095896098078597, -4.015681090174034 ], [ 120.096102710593939, -4.015295762847765 ], [ 120.096093727441101, -4.014641602086634 ], [ 120.096839329126908, -4.01468640763494 ], [ 120.097270520463297, -4.014184585353441 ], [ 120.096920177502497, -4.013584190432815 ], [ 120.096174575816676, -4.013602112675644 ], [ 120.095509822506415, -4.013396006859364 ], [ 120.094683372445047, -4.011514168740091 ], [ 120.094593540916605, -4.010770393431038 ], [ 120.094386928401264, -4.010367141474431 ], [ 120.093740141396708, -4.009614403956403 ], [ 120.092796910348383, -4.009453102969495 ], [ 120.092383685317699, -4.009005044505521 ], [ 120.093488613117145, -4.008073082113888 ], [ 120.094737271362092, -4.008467374024607 ], [ 120.096488986166108, -4.008046198567597 ], [ 120.096947126961027, -4.008386723421974 ] ], [ [ 120.098438330332655, -4.014695368744307 ], [ 120.098725791223572, -4.01489251312548 ], [ 120.09862697654232, -4.015062774143631 ], [ 120.098914437433223, -4.015734856763238 ], [ 120.09930071300542, -4.015779662251534 ], [ 120.09965105596622, -4.01523303512627 ], [ 120.099210881477006, -4.014955240873141 ], [ 120.099237830935536, -4.014758096507117 ], [ 120.099597157049175, -4.014659524306251 ], [ 120.099660039119058, -4.014354846519236 ], [ 120.099561224437807, -4.01414874089296 ], [ 120.099336645616773, -4.014175624238468 ], [ 120.100010382079859, -4.013835101796624 ], [ 120.099399527686671, -4.013440812476023 ], [ 120.098537145013907, -4.013844062915334 ], [ 120.098159852594591, -4.014453418756889 ], [ 120.098438330332655, -4.014695368744307 ] ], [ [ 120.096354238873488, -4.015268879539143 ], [ 120.096120676899631, -4.015358490564437 ], [ 120.096147626358146, -4.015636284680327 ], [ 120.096650682917243, -4.015636284680327 ], [ 120.096686615528611, -4.015412257174891 ], [ 120.096354238873488, -4.015268879539143 ] ] ] } },
{ "type": "Feature", "properties": { "FID": 126, "REMARK": "Tegalan/Ladang" }, "geometry": { "type": "Polygon", "coordinates": [ [ [ 120.109945749122218, -4.010411947257214 ], [ 120.108212000623865, -4.009569598129899 ], [ 120.108355731069338, -4.0085301022656 ], [ 120.109424726257444, -4.007562294583232 ], [ 120.111032710616016, -4.008368801064752 ], [ 120.110125412179045, -4.010313374531848 ], [ 120.109945749122218, -4.010411947257214 ] ] ] } },
{ "type": "Feature", "properties": { "FID": 127, "REMARK": "Tegalan/Ladang" }, "geometry": { "type": "Polygon", "coordinates": [ [ [ 120.123698956122084, -4.007248652958949 ], [ 120.125001513284062, -4.007284497722097 ], [ 120.12441760834939, -4.008126849203816 ], [ 120.122953354436262, -4.007526449832258 ], [ 120.122791657685127, -4.00715007985219 ], [ 120.123698956122084, -4.007248652958949 ] ] ] } },
{ "type": "Feature", "properties": { "FID": 128, "REMARK": "Tegalan/Ladang" }, "geometry": { "type": "Polygon", "coordinates": [ [ [ 120.117015490408235, -4.006961894797207 ], [ 120.116602265377551, -4.007051506733551 ], [ 120.116530400154829, -4.007302420103082 ], [ 120.116692096905965, -4.007490605079713 ], [ 120.116521417001977, -4.007795285426263 ], [ 120.116233956111074, -4.007696712385389 ], [ 120.116036326748542, -4.007840091350004 ], [ 120.116036326748542, -4.008664519908666 ], [ 120.1154793712724, -4.008673481084084 ], [ 120.1154793712724, -4.009408297134149 ], [ 120.115227842992851, -4.009623365121412 ], [ 120.115039196783172, -4.009560636964305 ], [ 120.115012247324643, -4.008655558733147 ], [ 120.115317674521265, -4.008180616290212 ], [ 120.115344623979794, -4.00707839031254 ], [ 120.114787668503624, -4.005393684322138 ], [ 120.115677000634903, -4.005304072204202 ], [ 120.116593282224713, -4.005599792156147 ], [ 120.117195153465062, -4.006603446953656 ], [ 120.117015490408235, -4.006961894797207 ] ] ] } },
{ "type": "Feature", "properties": { "FID": 129, "REMARK": "Tegalan/Ladang" }, "geometry": { "type": "Polygon", "coordinates": [ [ [ 120.125693216052838, -4.005420567955605 ], [ 120.125783047581251, -4.005644598200149 ], [ 120.125495586690334, -4.005770055110301 ], [ 120.125576435065909, -4.006218115346657 ], [ 120.125136260576667, -4.006585524557354 ], [ 120.124076248541414, -4.006728903716766 ], [ 120.123375562619813, -4.006639291745079 ], [ 120.123052169117543, -4.006424222972978 ], [ 120.123133017493103, -4.006101619708811 ], [ 120.122935388130585, -4.005832783558162 ], [ 120.122989287047631, -4.005626675782843 ], [ 120.123366579466975, -4.005438490377426 ], [ 120.124426591502242, -4.005357839476141 ], [ 120.124166080069841, -4.004990429714143 ], [ 120.124184046375532, -4.004775360508626 ], [ 120.124741001851675, -4.004847050250078 ], [ 120.12514524372952, -4.005214460076451 ], [ 120.125693216052838, -4.005420567955605 ] ] ] } },
{ "type": "Feature", "properties": { "FID": 130, "REMARK": "Tegalan/Ladang" }, "geometry": { "type": "Polygon", "coordinates": [ [ [ 120.113422229271762, -4.004139113778061 ], [ 120.113009004241079, -4.004569252466969 ], [ 120.112964088476872, -4.005626675782843 ], [ 120.110197277401767, -4.005160692795092 ], [ 120.111383053576802, -4.004667825884672 ], [ 120.112577812904689, -4.003565595174567 ], [ 120.112847307489943, -4.003619362560713 ], [ 120.113422229271762, -4.004139113778061 ] ] ] } },
{ "type": "Feature", "properties": { "FID": 131, "REMARK": "Tegalan/Ladang" }, "geometry": { "type": "Polygon", "coordinates": [ [ [ 120.107942506038626, -4.000922027668124 ], [ 120.108328781610822, -4.000922027668124 ], [ 120.108436579444913, -4.001656850678795 ], [ 120.107232836964187, -4.001728540693321 ], [ 120.106846561392004, -4.001576199404951 ], [ 120.107071140213023, -4.001172942916616 ], [ 120.107044190754507, -4.000787608753389 ], [ 120.107942506038626, -4.000922027668124 ] ] ] } },
{ "type": "Feature", "properties": { "FID": 132, "REMARK": "Tegalan/Ladang" }, "geometry": { "type": "Polygon", "coordinates": [ [ [ 120.179565183641472, -3.997400244822866 ], [ 120.178442289536321, -3.999846675732709 ], [ 120.178208727562463, -3.999855637004671 ], [ 120.177930249824385, -3.99930003795782 ], [ 120.178056013964166, -3.998475599968343 ], [ 120.177840418295986, -3.998072341954094 ], [ 120.17790330036587, -3.997767657989543 ], [ 120.178199744409625, -3.997301670530622 ], [ 120.178999245012491, -3.997418167420182 ], [ 120.179520267877265, -3.997140367117752 ], [ 120.179565183641472, -3.997400244822866 ] ] ] } },
{ "type": "Feature", "properties": { "FID": 133, "REMARK": "Tegalan/Ladang" }, "geometry": { "type": "Polygon", "coordinates": [ [ [ 120.168569804563873, -3.99589474524981 ], [ 120.168201495297367, -3.997005947582787 ], [ 120.168255394214412, -3.997337515729173 ], [ 120.167069618039378, -3.997265825330504 ], [ 120.165991639698433, -3.997946883864758 ], [ 120.165632313584794, -3.99799169032744 ], [ 120.165210105401258, -3.997229980128819 ], [ 120.164994509733049, -3.997122444514363 ], [ 120.164707048842146, -3.997283747930759 ], [ 120.164401621645553, -3.997839348344332 ], [ 120.16342245798586, -3.997767657989543 ], [ 120.164069244990429, -3.99725686403023 ], [ 120.164329756422816, -3.996217352533843 ], [ 120.166090454379685, -3.996271120402178 ], [ 120.166647409855841, -3.996530998382771 ], [ 120.166683342467209, -3.995840977356801 ], [ 120.167042668580848, -3.995805132092836 ], [ 120.167491826222928, -3.996073971534383 ], [ 120.167689455585432, -3.995993319711171 ], [ 120.167752337655315, -3.995231607656379 ], [ 120.168228444755883, -3.994720812117577 ], [ 120.168533871952505, -3.994783541411403 ], [ 120.168641669786595, -3.994989651914485 ], [ 120.168569804563873, -3.99589474524981 ] ] ] } },
{ "type": "Feature", "properties": { "FID": 134, "REMARK": "Tegalan/Ladang" }, "geometry": { "type": "Polygon", "coordinates": [ [ [ 120.24570813801121, -3.995491485966332 ], [ 120.246148312500424, -3.995357066161117 ], [ 120.246274076640205, -3.994729773445561 ], [ 120.246552554378269, -3.995715518926074 ], [ 120.247208324535691, -3.996253197779791 ], [ 120.246947813103304, -3.99642346267665 ], [ 120.246705267976566, -3.997095560608546 ], [ 120.246498655461224, -3.997274786630681 ], [ 120.245986615749288, -3.997283747930759 ], [ 120.244773890115724, -3.996584766230542 ], [ 120.244719991198679, -3.995545253882251 ], [ 120.244504395530498, -3.995357066161117 ], [ 120.244504395530498, -3.994478856225043 ], [ 120.24570813801121, -3.995491485966332 ] ] ] } },
{ "type": "Feature", "properties": { "FID": 135, "REMARK": "Tegalan/Ladang" }, "geometry": { "type": "Polygon", "coordinates": [ [ [ 120.163656019959717, -3.995303298232866 ], [ 120.162856519356879, -3.996172545974205 ], [ 120.162640923688656, -3.996979063673149 ], [ 120.161284467609647, -3.997418167420182 ], [ 120.159622584334045, -3.997678045037244 ], [ 120.158041549433975, -3.998341180652302 ], [ 120.157538492874878, -3.998224683893905 ], [ 120.157700189626013, -3.997543625590427 ], [ 120.160871242578963, -3.995643828385614 ], [ 120.161886338850024, -3.995267452945405 ], [ 120.16304516556653, -3.995348104839987 ], [ 120.16350330636142, -3.995070303836378 ], [ 120.163368559068815, -3.994487817555668 ], [ 120.164159076518843, -3.99429962959198 ], [ 120.164024329226223, -3.994900038658638 ], [ 120.163656019959717, -3.995303298232866 ] ] ] } },
{ "type": "Feature", "properties": { "FID": 136, "REMARK": "Tegalan/Ladang" }, "geometry": { "type": "Polygon", "coordinates": [ [ [ 120.183302175223432, -3.992139945586041 ], [ 120.184496934551305, -3.99280308567789 ], [ 120.184640664996763, -3.993555838646444 ], [ 120.183957945380826, -3.99353791596474 ], [ 120.184452018787098, -3.994317552257046 ], [ 120.185916272700211, -3.994971729264099 ], [ 120.186068986298508, -3.995240568978783 ], [ 120.186024070534302, -3.995796170776601 ], [ 120.187488324447415, -3.99698802497646 ], [ 120.187120015180938, -3.997731812809799 ], [ 120.187182897250821, -3.998592096691081 ], [ 120.18751527390593, -3.9990939285382 ], [ 120.187416459224679, -3.999335883068984 ], [ 120.187039166805363, -3.999282115401649 ], [ 120.186095935757038, -3.998403909669198 ], [ 120.185116772097345, -3.997005947582787 ], [ 120.184865243817796, -3.997095560608546 ], [ 120.185044906874609, -3.998009612911826 ], [ 120.184937109040519, -3.998529367688588 ], [ 120.184541850315512, -3.998377025805402 ], [ 120.184380153564376, -3.997471935209781 ], [ 120.184074726367754, -3.997382322225158 ], [ 120.183697433948439, -3.997624277261163 ], [ 120.183212343695018, -3.99698802497646 ], [ 120.183176411083664, -3.996701263221954 ], [ 120.1836884507956, -3.996047087594194 ], [ 120.183454888821728, -3.995832016040957 ], [ 120.183032680638178, -3.996127739412117 ], [ 120.182853017581351, -3.99602916496691 ], [ 120.182790135511468, -3.995751364193953 ], [ 120.183032680638178, -3.99528537558933 ], [ 120.182844034428513, -3.995061342512115 ], [ 120.182844034428513, -3.994496778886195 ], [ 120.182080466437029, -3.99411144158513 ], [ 120.182152331659765, -3.993457263892228 ], [ 120.182502674620565, -3.992892699162728 ], [ 120.182349961022268, -3.99248047705147 ], [ 120.181649275100639, -3.992265404563422 ], [ 120.181262999528471, -3.993224268971559 ], [ 120.180831808192082, -3.993080887449043 ], [ 120.181065370165967, -3.992139945586041 ], [ 120.180957572331877, -3.99186214349647 ], [ 120.182296062105209, -3.991575379950581 ], [ 120.183436922516051, -3.991028736663814 ], [ 120.1836884507956, -3.991405114047821 ], [ 120.183302175223432, -3.991871104855666 ], [ 120.183302175223432, -3.992139945586041 ] ] ] } },
{ "type": "Feature", "properties": { "FID": 137, "REMARK": "Tegalan/Ladang" }, "geometry": { "type": "Polygon", "coordinates": [ [ [ 120.18867410062245, -3.992122022873422 ], [ 120.189734112657717, -3.992139945586041 ], [ 120.189347837085549, -3.993304921066968 ], [ 120.188952578360542, -3.993430379866295 ], [ 120.188692066928127, -3.993080887449043 ], [ 120.188332740814488, -3.99300919667839 ], [ 120.187991381006526, -3.993752988119357 ], [ 120.187775785338346, -3.993717142764169 ], [ 120.187847650561082, -3.99299127398475 ], [ 120.187560189670137, -3.992632820029745 ], [ 120.187506290753092, -3.992292288627509 ], [ 120.186051019992831, -3.992507361108514 ], [ 120.185871356936005, -3.992229559143269 ], [ 120.185808474866121, -3.99139615268354 ], [ 120.185988137922934, -3.99101081392694 ], [ 120.187254762473543, -3.991709800375186 ], [ 120.18867410062245, -3.992122022873422 ] ] ] } },
{ "type": "Feature", "properties": { "FID": 138, "REMARK": "Tegalan/Ladang" }, "geometry": { "type": "Polygon", "coordinates": [ [ [ 120.177292445972654, -3.992919583206272 ], [ 120.17650192852264, -3.993054003410781 ], [ 120.176627692662422, -3.993699220085987 ], [ 120.177211597597079, -3.993511031941449 ], [ 120.177355328042538, -3.99428170692652 ], [ 120.177112782915842, -3.995079265160545 ], [ 120.177328378584022, -3.996127739412117 ], [ 120.177355328042538, -3.997194134925567 ], [ 120.176924136706177, -3.998179877443957 ], [ 120.176618709509583, -3.998341180652302 ], [ 120.176358198077196, -3.998260529052098 ], [ 120.175909040435116, -3.997660122445609 ], [ 120.17598988881069, -3.996817760196818 ], [ 120.175684461614097, -3.996056048907688 ], [ 120.175944973046484, -3.99547356332691 ], [ 120.176465995911286, -3.995106149132452 ], [ 120.176582776898215, -3.994855232027043 ], [ 120.17650192852264, -3.994487817555668 ], [ 120.175675478461244, -3.993260114348275 ], [ 120.175729377378303, -3.99260593597681 ], [ 120.176376164382873, -3.991351345860668 ], [ 120.176034804574897, -3.990374556514483 ], [ 120.177058883998782, -3.990580668124605 ], [ 120.176978035623222, -3.991037698032104 ], [ 120.17747210902948, -3.991172118544729 ], [ 120.177220580749932, -3.99170083901423 ], [ 120.177669738391998, -3.992193713721552 ], [ 120.177292445972654, -3.992919583206272 ] ] ] } },
{ "type": "Feature", "properties": { "FID": 139, "REMARK": "Tegalan/Ladang" }, "geometry": { "type": "Polygon", "coordinates": [ [ [ 120.174974792539629, -3.991503689048459 ], [ 120.174705297954404, -3.991584341312905 ], [ 120.174471735980532, -3.991889027573762 ], [ 120.175028691456674, -3.993493109258767 ], [ 120.174983775692468, -3.994335474921724 ], [ 120.174669365343036, -3.994873154679976 ], [ 120.173501555473678, -3.995599021794644 ], [ 120.173214094582761, -3.995590060476157 ], [ 120.172917650538992, -3.994891077332514 ], [ 120.173160195665716, -3.994443010901562 ], [ 120.173205111429922, -3.993493109258767 ], [ 120.173429690250956, -3.992973351290718 ], [ 120.173411723945264, -3.991745645818031 ], [ 120.172639172800913, -3.991503689048459 ], [ 120.172504425508308, -3.991602264037261 ], [ 120.172666122259443, -3.992785162979749 ], [ 120.172378661368526, -3.99419209359335 ], [ 120.171956453185004, -3.994550546867306 ], [ 120.17147136293157, -3.994443010901562 ], [ 120.17133661563895, -3.994254822927596 ], [ 120.171327632486111, -3.99356479998715 ], [ 120.171695941752589, -3.992543206516538 ], [ 120.171516278695762, -3.992543206516538 ], [ 120.171085087359401, -3.993134655522922 ], [ 120.170878474844059, -3.993080887449043 ], [ 120.170869491691221, -3.992901660510674 ], [ 120.171902554267959, -3.9911004276074 ], [ 120.172567307578191, -3.990482093013175 ], [ 120.172881717927623, -3.989621800629446 ], [ 120.173546471237884, -3.989576993709775 ], [ 120.173600370154929, -3.990222213117237 ], [ 120.173789016364594, -3.990571706751328 ], [ 120.175630562697052, -3.991172118544729 ], [ 120.17561259639136, -3.991423036776089 ], [ 120.174974792539629, -3.991503689048459 ] ] ] } },
{ "type": "Feature", "properties": { "FID": 140, "REMARK": "Tegalan/Ladang" }, "geometry": { "type": "Polygon", "coordinates": [ [ [ 120.103163468727118, -3.989236461040414 ], [ 120.102795159460641, -3.990383517889912 ], [ 120.102570580639593, -3.992731394882975 ], [ 120.101142259337848, -3.993331805097009 ], [ 120.100118179913949, -3.994487817555668 ], [ 120.099561224437807, -3.994774580084007 ], [ 120.098105953677532, -3.996127739412117 ], [ 120.097135773170692, -3.996208391222111 ], [ 120.096129660052469, -3.995231607656379 ], [ 120.095509822506415, -3.994900038658638 ], [ 120.094836086043344, -3.994810425393002 ], [ 120.094485743082515, -3.994326513589435 ], [ 120.094467776776838, -3.991969679800358 ], [ 120.096327289414972, -3.990625474989527 ], [ 120.09658780084736, -3.989783105520025 ], [ 120.097162722629207, -3.989505302633219 ], [ 120.097647812882627, -3.989684530312879 ], [ 120.098105953677532, -3.989568032325548 ], [ 120.098896471127546, -3.988940735186723 ], [ 120.100261910359407, -3.98825070778087 ], [ 120.101277006630454, -3.986861689817345 ], [ 120.101726164272534, -3.986960265363102 ], [ 120.102588546945299, -3.98889592822991 ], [ 120.103163468727118, -3.989236461040414 ] ] ] } },
{ "type": "Feature", "properties": { "FID": 141, "REMARK": "Tegalan/Ladang" }, "geometry": { "type": "Polygon", "coordinates": [ [ [ 120.200855255875112, -3.980920251016234 ], [ 120.200181519412013, -3.980938173973053 ], [ 120.199929991132464, -3.980570753280279 ], [ 120.199992873202362, -3.980086833093279 ], [ 120.199669479700077, -3.979782142459271 ], [ 120.199669479700077, -3.979343029288436 ], [ 120.200118637342129, -3.978384148693483 ], [ 120.200990003167732, -3.978912877383891 ], [ 120.201322379822841, -3.980203332423548 ], [ 120.201511026032534, -3.980382562130239 ], [ 120.200855255875112, -3.980920251016234 ] ] ] } },
{ "type": "Feature", "properties": { "FID": 142, "REMARK": "Tegalan/Ladang" }, "geometry": { "type": "Polygon", "coordinates": [ [ [ 120.126106441083522, -3.979190683847934 ], [ 120.126133390542051, -3.979961372257634 ], [ 120.125513552996026, -3.980561791797919 ], [ 120.125001513284062, -3.981601323101053 ], [ 120.124390658890874, -3.981941858932152 ], [ 120.123546242523787, -3.981789513972497 ], [ 120.123456410995388, -3.98149378544091 ], [ 120.123725905580613, -3.980875443622479 ], [ 120.124633204017584, -3.979217568339481 ], [ 120.124974563825532, -3.979127953364244 ], [ 120.125288974174993, -3.978303495134607 ], [ 120.125495586690334, -3.978213880059928 ], [ 120.126106441083522, -3.979190683847934 ] ] ] } },
{ "type": "Feature", "properties": { "FID": 143, "REMARK": "Tegalan/Ladang" }, "geometry": { "type": "Polygon", "coordinates": [ [ [ 120.087586681700486, -3.969888597135224 ], [ 120.087487867019234, -3.970031982697455 ], [ 120.086697349569221, -3.970005097906433 ], [ 120.086661416957838, -3.970256022588582 ], [ 120.086993793612976, -3.970614486287915 ], [ 120.086526669665218, -3.970766833312994 ], [ 120.086041579411798, -3.97120595105148 ], [ 120.084837836931086, -3.97047110082686 ], [ 120.084235965690709, -3.970381484901054 ], [ 120.083966471105484, -3.97006782908412 ], [ 120.083831723812864, -3.969512209915896 ], [ 120.084101218398104, -3.969162707344316 ], [ 120.084604274957215, -3.969082052883713 ], [ 120.084837836931086, -3.969270246612866 ], [ 120.085125297822003, -3.970014059503538 ], [ 120.085538522852687, -3.970166406639426 ], [ 120.086068528870328, -3.9696914419465 ], [ 120.085673270145321, -3.969073091276493 ], [ 120.085736152215205, -3.968920743938873 ], [ 120.08592479842487, -3.968929705547747 ], [ 120.086688366416354, -3.969144784131529 ], [ 120.087586681700486, -3.969888597135224 ] ] ] } },
{ "type": "Feature", "properties": { "FID": 144, "REMARK": "Tegalan/Ladang" }, "geometry": { "type": "Polygon", "coordinates": [ [ [ 120.186581026010472, -3.96785431178864 ], [ 120.187910532630966, -3.968409932072346 ], [ 120.188045279923585, -3.96863397240358 ], [ 120.187973414700849, -3.969359862659293 ], [ 120.188126128299146, -3.969843789141921 ], [ 120.189653264282143, -3.970435254457705 ], [ 120.189590382212259, -3.971062565693173 ], [ 120.187982397853688, -3.970148483448428 ], [ 120.187452391836047, -3.969565979529162 ], [ 120.186598992316149, -3.96937778586741 ], [ 120.186293565119527, -3.969386747471323 ], [ 120.185745592796238, -3.969772096347577 ], [ 120.185521013975205, -3.970023021100544 ], [ 120.185529997128043, -3.970390446494073 ], [ 120.183463871974567, -3.971250758970843 ], [ 120.182628438760332, -3.971188027883054 ], [ 120.180975538637568, -3.970480062418905 ], [ 120.180265869563101, -3.97064137105909 ], [ 120.179762813004004, -3.970390446494073 ], [ 120.179520267877265, -3.970838526020949 ], [ 120.179583149947163, -3.971107373620319 ], [ 120.179834678226726, -3.971295566887772 ], [ 120.180014341283552, -3.971250758970843 ], [ 120.180643161982417, -3.971537529597156 ], [ 120.180813841886405, -3.971277643721292 ], [ 120.180957572331877, -3.971358297967387 ], [ 120.181065370165967, -3.971887031163242 ], [ 120.181541477266549, -3.972415764020314 ], [ 120.18199961806144, -3.973276074385585 ], [ 120.182610472454655, -3.973562844307963 ], [ 120.182933865956926, -3.973930268125307 ], [ 120.18320336054218, -3.9739840374507 ], [ 120.183868113852412, -3.973742075458823 ], [ 120.185224569931435, -3.974871230813562 ], [ 120.185700677032031, -3.97494292316484 ], [ 120.18595220531158, -3.974808500001083 ], [ 120.186787638525814, -3.975140077098706 ], [ 120.186356447189425, -3.975731538617441 ], [ 120.185476098210998, -3.975892846230724 ], [ 120.184559816621203, -3.976555999420365 ], [ 120.184290322035935, -3.977183306000567 ], [ 120.18341895621036, -3.977604497293619 ], [ 120.182951832262603, -3.977667227893313 ], [ 120.182358944175107, -3.977138498403531 ], [ 120.181146218541542, -3.977201229038699 ], [ 120.179484335265911, -3.975453730987243 ], [ 120.178208727562463, -3.97531034636729 ], [ 120.177714654156205, -3.975650884798963 ], [ 120.177633805780644, -3.976089999937428 ], [ 120.177274479666977, -3.976520153315648 ], [ 120.176906170400486, -3.976663537725167 ], [ 120.17687922094197, -3.977013037118867 ], [ 120.177400243806744, -3.976950306469374 ], [ 120.177732620461896, -3.976358845825122 ], [ 120.178109912881212, -3.976251307480566 ], [ 120.17846923899485, -3.976385730409068 ], [ 120.178711784121589, -3.976744191444561 ], [ 120.179313655361923, -3.976905498859669 ], [ 120.179672981475562, -3.977479036079903 ], [ 120.179322638514776, -3.978195957043823 ], [ 120.178406356924967, -3.978661955335837 ], [ 120.177310412278331, -3.978303495134607 ], [ 120.177597873169276, -3.978948723384516 ], [ 120.177328378584022, -3.979378875270341 ], [ 120.177552957405069, -3.979773180968329 ], [ 120.177391260653906, -3.980015141189537 ], [ 120.176097686644781, -3.980346716192022 ], [ 120.176007855116367, -3.980749982906994 ], [ 120.175711411072612, -3.980902328059026 ], [ 120.175316152347605, -3.981520669857263 ], [ 120.175019708303836, -3.981735745156475 ], [ 120.174579533814622, -3.981440016605571 ], [ 120.173726134294711, -3.980113717555573 ], [ 120.172845785316255, -3.97976421947729 ], [ 120.172737987482165, -3.979414721250686 ], [ 120.174444786522002, -3.978419994717115 ], [ 120.175199371360648, -3.97762242032259 ], [ 120.176681591579467, -3.974674076815414 ], [ 120.178064997117005, -3.974109499196321 ], [ 120.178532121064734, -3.971600260658379 ], [ 120.179125009152273, -3.96982586594392 ], [ 120.179169924916479, -3.968840089454638 ], [ 120.179798745615372, -3.968669818850938 ], [ 120.180185021187526, -3.96837408561371 ], [ 120.181370797362561, -3.968087313888602 ], [ 120.183634551878555, -3.967890158269836 ], [ 120.184631681843925, -3.968015620941769 ], [ 120.185224569931435, -3.967639232868803 ], [ 120.186581026010472, -3.96785431178864 ] ], [ [ 120.180328751632985, -3.973455305598756 ], [ 120.179987391825023, -3.97386753724125 ], [ 120.18075994296936, -3.973957152788442 ], [ 120.181307915292678, -3.973697267674759 ], [ 120.180508414689811, -3.972478495014771 ], [ 120.180364684244353, -3.972532264434794 ], [ 120.18051739784265, -3.972917611842417 ], [ 120.180328751632985, -3.973455305598756 ] ] ] } },
{ "type": "Feature", "properties": { "FID": 145, "REMARK": "Tegalan/Ladang" }, "geometry": { "type": "Polygon", "coordinates": [ [ [ 120.227113011629925, -3.957091335520424 ], [ 120.227310640992428, -3.957593192646164 ], [ 120.228038276372573, -3.958453518439877 ], [ 120.228155057359501, -3.959152532489064 ], [ 120.225190616921921, -3.958462480162193 ], [ 120.22524451583898, -3.958014393927682 ], [ 120.224409082624732, -3.957879968010047 ], [ 120.224651627751442, -3.957100297257479 ], [ 120.224894172878152, -3.957118220731298 ], [ 120.224975021253712, -3.956033849867239 ], [ 120.224759425585532, -3.955953194126422 ], [ 120.22476840873837, -3.955702265104782 ], [ 120.225334347367379, -3.955182483318215 ], [ 120.225999100677612, -3.953228817825837 ], [ 120.226969281184466, -3.951445421912119 ], [ 120.227535219813475, -3.951768046582657 ], [ 120.227041146407203, -3.953623136002526 ], [ 120.227211826311176, -3.954904668781352 ], [ 120.22692436542026, -3.956051773364133 ], [ 120.227113011629925, -3.957091335520424 ] ] ] } },
{ "type": "Feature", "properties": { "FID": 146, "REMARK": "Tegalan/Ladang" }, "geometry": { "type": "Polygon", "coordinates": [ [ [ 120.08603259625896, -3.952216136194654 ], [ 120.08640988867829, -3.952153403663548 ], [ 120.086778197944795, -3.952538760565378 ], [ 120.087613631159002, -3.9526821491343 ], [ 120.088089738259598, -3.953013735104961 ], [ 120.088278384469263, -3.952951002634195 ], [ 120.088332283386308, -3.95256564592394 ], [ 120.088520929595973, -3.95258356949583 ], [ 120.08864669373574, -3.953049582228981 ], [ 120.088449064373236, -3.953623136002526 ], [ 120.088511946443134, -3.953793409702661 ], [ 120.08878144102836, -3.953730677290891 ], [ 120.089006019849407, -3.953103352912106 ], [ 120.089464160644297, -3.953121276472374 ], [ 120.089527042714181, -3.95330051205373 ], [ 120.089221615517587, -3.953927836283326 ], [ 120.089527042714181, -3.95417876584224 ], [ 120.089643823701124, -3.954528274744138 ], [ 120.089455177491459, -3.955379641965294 ], [ 120.089616874242594, -3.955505106534465 ], [ 120.089769587840891, -3.955406527231716 ], [ 120.090048065578969, -3.954653739442203 ], [ 120.090416374845475, -3.954689586495304 ], [ 120.090533155832404, -3.955191445075919 ], [ 120.090416374845475, -3.956992756406422 ], [ 120.090533155832404, -3.957682809958045 ], [ 120.090748751500584, -3.957960623563247 ], [ 120.09101824608581, -3.958014393927682 ], [ 120.091260791212548, -3.957799312448993 ], [ 120.091188925989798, -3.955334833185986 ], [ 120.091314690129593, -3.95491363054206 ], [ 120.091566218409142, -3.954689586495304 ], [ 120.091889611911412, -3.954662701205622 ], [ 120.092922674488165, -3.954994286384065 ], [ 120.093021489169402, -3.955388603720865 ], [ 120.092069274968239, -3.957512537057179 ], [ 120.092213005413697, -3.957638001303315 ], [ 120.092716061972808, -3.95762903957208 ], [ 120.093353865824525, -3.957216799830367 ], [ 120.093605394104102, -3.957467728393238 ], [ 120.093380815283055, -3.958462480162193 ], [ 120.092320803247787, -3.95926007305963 ], [ 120.092410634776215, -3.959573732977321 ], [ 120.0930843712393, -3.959842584240745 ], [ 120.092967590252357, -3.960953835203048 ], [ 120.093156236462022, -3.962029237939205 ], [ 120.093623360409779, -3.962773057347192 ], [ 120.093982686523418, -3.962692402262995 ], [ 120.09397370337058, -3.961715578952222 ], [ 120.094359978942748, -3.961608038700737 ], [ 120.094467776776838, -3.961383996465247 ], [ 120.09421624849729, -3.959636464946598 ], [ 120.094701338750724, -3.959080838767591 ], [ 120.094827102890505, -3.958193628450584 ], [ 120.094988799641641, -3.958139858097787 ], [ 120.095204395309821, -3.958363901211404 ], [ 120.095204395309821, -3.960846294852558 ], [ 120.095500839353576, -3.961195800940553 ], [ 120.095258294226866, -3.961733502326109 ], [ 120.095635586646182, -3.96207404635621 ], [ 120.095734401327434, -3.962441475284089 ], [ 120.09559067088199, -3.963256987687193 ], [ 120.095015749100156, -3.963230102675732 ], [ 120.094611507222297, -3.963436221074591 ], [ 120.094494726235354, -3.964045614301157 ], [ 120.094728288209254, -3.964314464111273 ], [ 120.095006765947318, -3.964269655815658 ], [ 120.096093727441101, -3.96317633265019 ], [ 120.096462036707592, -3.962136778135938 ], [ 120.096003895912702, -3.960667060904015 ], [ 120.095599654034828, -3.958310130869665 ], [ 120.09429709687285, -3.956697018994022 ], [ 120.09443184416547, -3.955917347127984 ], [ 120.09497083333595, -3.955881500127994 ], [ 120.095716435021757, -3.955540953550739 ], [ 120.09683034597407, -3.955433412497265 ], [ 120.098222734664475, -3.954779204121275 ], [ 120.099156982559933, -3.956446090197673 ], [ 120.099498342367923, -3.957879968010047 ], [ 120.100297842970761, -3.958928489588848 ], [ 120.100854798446932, -3.959403460465321 ], [ 120.101672265355489, -3.9595916563976 ], [ 120.102750243696434, -3.960380286505601 ], [ 120.102462782805503, -3.961025528762277 ], [ 120.102067524080496, -3.96087317994149 ], [ 120.101537518062869, -3.961760387386214 ], [ 120.100666152237267, -3.961912736043636 ], [ 120.100558354403177, -3.962181586547117 ], [ 120.100657169084428, -3.962620708848219 ], [ 120.100764966918518, -3.962737210644075 ], [ 120.101115309879319, -3.962495245357406 ], [ 120.101546501215722, -3.963122562621151 ], [ 120.102633462709505, -3.962593823816075 ], [ 120.102795159460641, -3.962450436963218 ], [ 120.102741260543596, -3.962011314571725 ], [ 120.10213040615038, -3.961706617265132 ], [ 120.103100586657234, -3.961034490456744 ], [ 120.103567710604963, -3.961930659413254 ], [ 120.103540761146448, -3.962199509910908 ], [ 120.103316182325415, -3.962405628566602 ], [ 120.101977692552083, -3.962997099206468 ], [ 120.101878877870831, -3.963472067747408 ], [ 120.101393787617397, -3.964260694156243 ], [ 120.101519551757193, -3.964932818342753 ], [ 120.102705327932227, -3.96447577395538 ], [ 120.103459912770873, -3.964448888983547 ], [ 120.103891104107262, -3.964189000877432 ], [ 120.104295345985108, -3.965201667864343 ], [ 120.103280249714047, -3.966142640501249 ], [ 120.102597530098137, -3.966429412901387 ], [ 120.101869894717993, -3.967226998115924 ], [ 120.101798029495257, -3.968024582560464 ], [ 120.102247187137309, -3.969727288347951 ], [ 120.10178006318958, -3.970211214615221 ], [ 120.101528534910031, -3.970901257135302 ], [ 120.100881747905461, -3.970928141897136 ], [ 120.098591043930952, -3.970372523307938 ], [ 120.097378318297388, -3.969503248313344 ], [ 120.096345255720649, -3.969512209915896 ], [ 120.09521337846266, -3.968642934015566 ], [ 120.094180315885922, -3.968607087567041 ], [ 120.093282000601803, -3.969261285007688 ], [ 120.092275887483581, -3.96911789931162 ], [ 120.091584184714819, -3.969512209915896 ], [ 120.090847566181836, -3.969413632282479 ], [ 120.087478883866382, -3.968302392691767 ], [ 120.087002776765814, -3.967361422514465 ], [ 120.086598534887941, -3.967567539883079 ], [ 120.08651768651238, -3.968212776530588 ], [ 120.086364972914083, -3.96831135430735 ], [ 120.085691236450998, -3.968176930063394 ], [ 120.08514326412768, -3.968544356278381 ], [ 120.083849690118555, -3.968616049179319 ], [ 120.083131037891249, -3.967531693387884 ], [ 120.082888492764539, -3.96662656886875 ], [ 120.082439335122487, -3.966527990890949 ], [ 120.081738649200872, -3.966079909025453 ], [ 120.081424238851426, -3.965398824124602 ], [ 120.080903215986623, -3.965112051366864 ], [ 120.08073253608265, -3.964404080695218 ], [ 120.079977951244004, -3.964054575962903 ], [ 120.079555743060453, -3.963606492756636 ], [ 120.078630478317805, -3.963086715933184 ], [ 120.078019623924618, -3.963185294321357 ], [ 120.077786061950746, -3.963050869243663 ], [ 120.077624365199611, -3.962728248968053 ], [ 120.077848944020644, -3.962369781847562 ], [ 120.077624365199611, -3.961832080875554 ], [ 120.077525550518345, -3.959959086427774 ], [ 120.077148258099015, -3.959322805052677 ], [ 120.077660297810979, -3.958614829426688 ], [ 120.077166224404692, -3.958471441884409 ], [ 120.077220123321752, -3.957817235907684 ], [ 120.07709435918197, -3.957557345718695 ], [ 120.075881633548406, -3.957431881460341 ], [ 120.07529772861372, -3.9576917716887 ], [ 120.074857554124506, -3.9576917716887 ], [ 120.074219750272803, -3.957306417182977 ], [ 120.073501098045497, -3.95642816670931 ], [ 120.073222620307419, -3.956284778788454 ], [ 120.070240213564134, -3.955639532837496 ], [ 120.068766976498196, -3.955558877058295 ], [ 120.068883757485125, -3.954322154127514 ], [ 120.071255309835195, -3.95417876584224 ], [ 120.072315321870462, -3.954313192360411 ], [ 120.073051940403417, -3.954599968859643 ], [ 120.073528047504013, -3.954214612915884 ], [ 120.074300598648364, -3.954474504153438 ], [ 120.074327548106893, -3.9549405158236 ], [ 120.074534160622235, -3.955057018700196 ], [ 120.075028234028494, -3.954528274744138 ], [ 120.075351627530793, -3.953811333248009 ], [ 120.075540273740458, -3.953766524383911 ], [ 120.077247072780267, -3.954313192360411 ], [ 120.07757944943539, -3.955415488986995 ], [ 120.07787589347916, -3.955890461878136 ], [ 120.07935811369795, -3.956544669376733 ], [ 120.080454058344586, -3.957252646772575 ], [ 120.081720682895181, -3.957799312448993 ], [ 120.082304587829867, -3.957888929738568 ], [ 120.082681880249197, -3.9576917716887 ], [ 120.082861543306009, -3.957189914622694 ], [ 120.082574082415107, -3.954591007095545 ], [ 120.082753745471919, -3.95287930837608 ], [ 120.083229852572501, -3.951409574718756 ], [ 120.083355616712296, -3.951239300529134 ], [ 120.084244948843548, -3.951561925279845 ], [ 120.085358859795861, -3.951687390426787 ], [ 120.085691236450998, -3.951821817348878 ], [ 120.08603259625896, -3.952216136194654 ] ], [ [ 120.098079004219016, -3.960864218245276 ], [ 120.099902584245768, -3.959708158619947 ], [ 120.09954325813213, -3.959340728478389 ], [ 120.09938156138098, -3.959340728478389 ], [ 120.099103083642888, -3.959690235202193 ], [ 120.09862697654232, -3.959448269024507 ], [ 120.098609010236629, -3.959242149632173 ], [ 120.099246814088374, -3.958641714588101 ], [ 120.099318679311097, -3.958363901211404 ], [ 120.098662909153674, -3.958955374740075 ], [ 120.0981418862889, -3.958632752867727 ], [ 120.098411380874126, -3.958193628450584 ], [ 120.099156982559933, -3.958050240835366 ], [ 120.098204768358784, -3.957906853195321 ], [ 120.098025105301943, -3.9576917716887 ], [ 120.098159852594591, -3.957557345718695 ], [ 120.098887487974707, -3.957467728393238 ], [ 120.099130033101417, -3.956741827699657 ], [ 120.097962223232059, -3.956464013685647 ], [ 120.098079004219016, -3.956159314337346 ], [ 120.098582060778114, -3.955899423628181 ], [ 120.097944256926368, -3.95507494221822 ], [ 120.097773577022394, -3.955218330348446 ], [ 120.097737644411026, -3.9555857623189 ], [ 120.097378318297388, -3.955567838811927 ], [ 120.097629846576936, -3.956392319731423 ], [ 120.097468149825801, -3.956947947714361 ], [ 120.097171705782046, -3.956517784147243 ], [ 120.096749497598495, -3.956410243220561 ], [ 120.096731531292818, -3.956060735112433 ], [ 120.096596784000198, -3.955980079374234 ], [ 120.096075761135424, -3.955980079374234 ], [ 120.095949996995643, -3.956248931804362 ], [ 120.095752367633125, -3.956302702279919 ], [ 120.095015749100156, -3.956177237831525 ], [ 120.09477320397346, -3.956553631119701 ], [ 120.094952867030273, -3.956804559883476 ], [ 120.095581687729137, -3.956526745890502 ], [ 120.09587813177292, -3.957458766660159 ], [ 120.096228474733721, -3.957521498789677 ], [ 120.09658780084736, -3.957951661835501 ], [ 120.097072891100794, -3.957969585290895 ], [ 120.097090857406485, -3.95843559499496 ], [ 120.09738730145024, -3.958829910693545 ], [ 120.097306453074665, -3.959161494203811 ], [ 120.097099840559324, -3.959367613616227 ], [ 120.096381188332018, -3.959242149632173 ], [ 120.096111693746792, -3.959448269024507 ], [ 120.096291356803604, -3.959645426656105 ], [ 120.097432217214433, -3.959977009839708 ], [ 120.097692728646834, -3.960469903515781 ], [ 120.097504082437169, -3.96071186939479 ], [ 120.096659666070082, -3.960577443915186 ], [ 120.096471019860431, -3.960792524672071 ], [ 120.097755610716717, -3.961321264628439 ], [ 120.098079004219016, -3.960864218245276 ] ] ] } },
{ "type": "Feature", "properties": { "FID": 147, "REMARK": "Tegalan/Ladang" }, "geometry": { "type": "Polygon", "coordinates": [ [ [ 120.103055670893028, -3.951803893760526 ], [ 120.102920923600408, -3.952350563031043 ], [ 120.10248074911118, -3.952072747545155 ], [ 120.102049557774805, -3.952243021563675 ], [ 120.102076507233335, -3.952431219122416 ], [ 120.102543631181064, -3.952673187349468 ], [ 120.102552614333902, -3.953022696886111 ], [ 120.101708197966857, -3.952951002634195 ], [ 120.101366838158867, -3.953219856046915 ], [ 120.10097157943386, -3.953103352912106 ], [ 120.100450556569086, -3.953856142109685 ], [ 120.100423607110571, -3.953094391131828 ], [ 120.100279876665084, -3.953130238252361 ], [ 120.100055297844065, -3.953641059551555 ], [ 120.099803769564517, -3.953506632924388 ], [ 120.10000139892702, -3.95266422556454 ], [ 120.100504455486131, -3.95258356949583 ], [ 120.100208011442362, -3.952180289034604 ], [ 120.10051343863897, -3.951606734263074 ], [ 120.101043444656597, -3.951642581447915 ], [ 120.101277006630454, -3.951866626318068 ], [ 120.101636332744121, -3.951669466835529 ], [ 120.101807012648109, -3.951122797116095 ], [ 120.10248074911118, -3.950827057609512 ], [ 120.102849058377686, -3.950441699912445 ], [ 120.102911940447569, -3.949554480348112 ], [ 120.103280249714047, -3.949420053058642 ], [ 120.103468895923712, -3.950128036538511 ], [ 120.103145502421441, -3.950961484671029 ], [ 120.103441946465196, -3.951445421912119 ], [ 120.103145502421441, -3.951544001685874 ], [ 120.103055670893028, -3.951803893760526 ] ] ] } },
{ "type": "Feature", "properties": { "FID": 148, "REMARK": "Tegalan/Ladang" }, "geometry": { "type": "Polygon", "coordinates": [ [ [ 120.090057048731808, -3.949868143938855 ], [ 120.089994166661924, -3.950576127036402 ], [ 120.089509076408504, -3.95076432497335 ], [ 120.089275514434632, -3.951409574718756 ], [ 120.088970087238039, -3.951508154496773 ], [ 120.088853306251082, -3.951302033129378 ], [ 120.088907205168127, -3.950128036538511 ], [ 120.08944619433862, -3.949948800271598 ], [ 120.089041952460775, -3.949895029383975 ], [ 120.089212632364749, -3.949464862157551 ], [ 120.088907205168127, -3.948774801766101 ], [ 120.089473143797136, -3.94880168724664 ], [ 120.090057048731808, -3.949868143938855 ] ] ] } },
{ "type": "Feature", "properties": { "FID": 149, "REMARK": "Tegalan/Ladang" }, "geometry": { "type": "Polygon", "coordinates": [ [ [ 120.142168318363574, -3.948945076461466 ], [ 120.142069503682336, -3.9503431200077 ], [ 120.143569690206832, -3.951257224129688 ], [ 120.144225460364225, -3.951884549905065 ], [ 120.144351224503993, -3.952968926197755 ], [ 120.144243426669902, -3.953569365353112 ], [ 120.144405123421038, -3.953847180337542 ], [ 120.143785285875012, -3.953802371475382 ], [ 120.143300195621578, -3.953354282720581 ], [ 120.142743240145435, -3.952484989845641 ], [ 120.141521531359032, -3.951911435284837 ], [ 120.140695081297636, -3.952001053211109 ], [ 120.139832698624872, -3.952753843409461 ], [ 120.139042181174858, -3.952986849760928 ], [ 120.138862518118017, -3.953381168052699 ], [ 120.138503192004379, -3.953560403577871 ], [ 120.137658775637306, -3.953551441802533 ], [ 120.136868258187292, -3.953085429351452 ], [ 120.136886224492969, -3.95287930837608 ], [ 120.138045051209488, -3.952977887979391 ], [ 120.138557090921424, -3.952691110919034 ], [ 120.138610989838469, -3.952144441873003 ], [ 120.138170815349255, -3.951938320663734 ], [ 120.137955219681075, -3.952054823962225 ], [ 120.137739624012866, -3.952646301994394 ], [ 120.13725453375946, -3.952637340209175 ], [ 120.13701198863275, -3.952467066271619 ], [ 120.136607746754876, -3.951445421912119 ], [ 120.136032824973057, -3.951095911710763 ], [ 120.135871128221922, -3.950647821493606 ], [ 120.136392151086696, -3.950925637456755 ], [ 120.136994022327059, -3.950943561064085 ], [ 120.138072000668004, -3.949966723900032 ], [ 120.13927574314873, -3.949482785796437 ], [ 120.141593396581754, -3.949133274768334 ], [ 120.142374930878944, -3.948237091972474 ], [ 120.142168318363574, -3.948945076461466 ] ] ] } },
{ "type": "Feature", "properties": { "FID": 150, "REMARK": "Tegalan/Ladang" }, "geometry": { "type": "Polygon", "coordinates": [ [ [ 120.100944629975345, -3.947717305507565 ], [ 120.100926663669668, -3.948263977470428 ], [ 120.101205141407732, -3.948622450693271 ], [ 120.102112439844703, -3.948792725419889 ], [ 120.102579563792432, -3.949079503827869 ], [ 120.102570580639593, -3.949518633073049 ], [ 120.102408883888444, -3.949760602149671 ], [ 120.101690231661166, -3.949330434853567 ], [ 120.101744130578211, -3.949670983981371 ], [ 120.102166338761748, -3.950145960163073 ], [ 120.102121422997541, -3.950414814485039 ], [ 120.101807012648109, -3.950468585338979 ], [ 120.101708197966857, -3.950083227475412 ], [ 120.101402770770235, -3.950020494783009 ], [ 120.101456669687309, -3.949697869432877 ], [ 120.10121412456057, -3.949249778460722 ], [ 120.101160225643525, -3.948774801766101 ], [ 120.10099852889239, -3.948595565206927 ], [ 120.10075598376568, -3.94864037435035 ], [ 120.100720051154312, -3.949437976698497 ], [ 120.100414623957718, -3.949912953013569 ], [ 120.100360725040673, -3.950629897879886 ], [ 120.100145129372464, -3.950701592332444 ], [ 120.100091230455419, -3.950020494783009 ], [ 120.099776820105987, -3.949877105753992 ], [ 120.099471392909393, -3.949948800271598 ], [ 120.09930071300542, -3.950504432573001 ], [ 120.099642072813367, -3.950970446474356 ], [ 120.099112066795726, -3.951194491526055 ], [ 120.09930071300542, -3.951624657855688 ], [ 120.099237830935536, -3.952045862170614 ], [ 120.098725791223572, -3.952234059774098 ], [ 120.098303583040035, -3.951741161198239 ], [ 120.097755610716717, -3.951821817348878 ], [ 120.097656796035466, -3.951974167834243 ], [ 120.098824605904824, -3.953103352912106 ], [ 120.098824605904824, -3.954133956998004 ], [ 120.098447313485494, -3.954169804073587 ], [ 120.098438330332655, -3.953623136002526 ], [ 120.09793527377353, -3.953273626718997 ], [ 120.097809509633763, -3.954187727610796 ], [ 120.097513065590007, -3.95440281002708 ], [ 120.097126790017839, -3.954313192360411 ], [ 120.097099840559324, -3.953363244498051 ], [ 120.09725255415762, -3.95330051205373 ], [ 120.097602897118421, -3.953569365353112 ], [ 120.097575947659891, -3.953228817825837 ], [ 120.097279503616136, -3.953022696886111 ], [ 120.097746627563879, -3.953022696886111 ], [ 120.097872391703646, -3.952843461244697 ], [ 120.097800526480924, -3.952655263779515 ], [ 120.097432217214433, -3.952717996272654 ], [ 120.09714475632353, -3.952493951632507 ], [ 120.096812379668378, -3.953318435609734 ], [ 120.096327289414972, -3.953273626718997 ], [ 120.096659666070082, -3.953748600837596 ], [ 120.096533901930314, -3.953999530450767 ], [ 120.096309323109296, -3.954026415761958 ], [ 120.095949996995643, -3.953721715517393 ], [ 120.095689485563241, -3.953703791970107 ], [ 120.095419990978002, -3.953927836283326 ], [ 120.095087614322892, -3.954779204121275 ], [ 120.094881001807551, -3.954797127645305 ], [ 120.094764220820608, -3.953856142109685 ], [ 120.095446940436531, -3.953470785820129 ], [ 120.095500839353576, -3.953058544009745 ], [ 120.094728288209254, -3.953148161812047 ], [ 120.094413877859793, -3.953479747596339 ], [ 120.094153366427406, -3.953443900490917 ], [ 120.093138270156345, -3.952735919841252 ], [ 120.092922674488165, -3.952117556500787 ], [ 120.093380815283055, -3.952153403663548 ], [ 120.094090484357508, -3.952906193723599 ], [ 120.094368962095587, -3.952968926197755 ], [ 120.094701338750724, -3.952691110919034 ], [ 120.094934900724596, -3.952198212614823 ], [ 120.09545592358937, -3.952117556500787 ], [ 120.095509822506415, -3.951310994929026 ], [ 120.095914064384289, -3.951149682520556 ], [ 120.095851182314405, -3.950683668719885 ], [ 120.095976946454172, -3.950549241613352 ], [ 120.096650682917243, -3.951687390426787 ], [ 120.096902211196792, -3.951705314017658 ], [ 120.097207638393414, -3.951346842126647 ], [ 120.097063907947955, -3.951006293686694 ], [ 120.097198655240575, -3.950889790240931 ], [ 120.09749509928433, -3.951140720719165 ], [ 120.097315436227504, -3.951588810670073 ], [ 120.09804307160762, -3.951552963482908 ], [ 120.098070021066178, -3.951373727523846 ], [ 120.097701711799672, -3.950889790240931 ], [ 120.097342385686034, -3.950629897879886 ], [ 120.097989172690575, -3.950396890866286 ], [ 120.097944256926368, -3.950163883787247 ], [ 120.096722548139979, -3.950056342036391 ], [ 120.096902211196792, -3.949832296677342 ], [ 120.096857295432585, -3.94963513671134 ], [ 120.097486116131478, -3.949912953013569 ], [ 120.097836459092278, -3.949536556710774 ], [ 120.097782560175233, -3.949375243957314 ], [ 120.097450183520124, -3.949429014878617 ], [ 120.097198655240575, -3.949258740282538 ], [ 120.09703695848944, -3.948936114636265 ], [ 120.097611880271259, -3.949178083882726 ], [ 120.098635959695159, -3.949187045705315 ], [ 120.098501212402539, -3.948846496378934 ], [ 120.098824605904824, -3.948622450693271 ], [ 120.098887487974707, -3.948407366778142 ], [ 120.098411380874126, -3.948084740800957 ], [ 120.098438330332655, -3.947797962049313 ], [ 120.098878504821869, -3.947932389601481 ], [ 120.099309696158258, -3.947744191022351 ], [ 120.100199028289509, -3.947878618583226 ], [ 120.100944629975345, -3.947717305507565 ] ] ] } },
{ "type": "Feature", "properties": { "FID": 151, "REMARK": "Tegalan/Ladang" }, "geometry": { "type": "Polygon", "coordinates": [ [ [ 120.103414997006666, -3.945028749633281 ], [ 120.103073637198705, -3.945745698717357 ], [ 120.101789046342418, -3.945915974033896 ], [ 120.101384804464558, -3.946238600853717 ], [ 120.101250057171939, -3.946247562708034 ], [ 120.10113327618501, -3.945808431732774 ], [ 120.100414623957718, -3.945566461504347 ], [ 120.1005403880975, -3.945181101365418 ], [ 120.101285989783307, -3.944831588526693 ], [ 120.101591416979915, -3.944957054690844 ], [ 120.101393787617397, -3.945530614057103 ], [ 120.101771080036741, -3.945566461504347 ], [ 120.102804142613479, -3.944625465501599 ], [ 120.103073637198705, -3.943747201604224 ], [ 120.103414997006666, -3.945028749633281 ] ] ] } },
{ "type": "Feature", "properties": { "FID": 152, "REMARK": "Tegalan/Ladang" }, "geometry": { "type": "Polygon", "coordinates": [ [ [ 120.131307686578594, -3.945584385227389 ], [ 120.131873625207575, -3.945584385227389 ], [ 120.132906687784313, -3.945915974033896 ], [ 120.13439789115597, -3.945602308950042 ], [ 120.135556717872475, -3.945772584295974 ], [ 120.136068757584411, -3.946543303846255 ], [ 120.136446050003741, -3.946471609034537 ], [ 120.136733510894672, -3.946830083031226 ], [ 120.137371314746389, -3.947089976582065 ], [ 120.137559960956054, -3.947654572636344 ], [ 120.138233697419153, -3.947968236945049 ], [ 120.138575057227101, -3.948532832402073 ], [ 120.137766573471396, -3.948622450693271 ], [ 120.137245550606607, -3.949187045705315 ], [ 120.136203504877031, -3.94899884741064 ], [ 120.134945863479274, -3.949321473032526 ], [ 120.133751104151386, -3.949097427475078 ], [ 120.133239064439451, -3.948649336178743 ], [ 120.132107187181461, -3.948864420031173 ], [ 120.130741747949585, -3.948344633959064 ], [ 120.130723781643894, -3.948210206473651 ], [ 120.13111904036893, -3.948156435473389 ], [ 120.130831579477984, -3.94691970150622 ], [ 120.130418354447301, -3.946973472586575 ], [ 120.12874748801886, -3.945781546155319 ], [ 120.12893613422851, -3.944517923033426 ], [ 120.129430207634769, -3.943998134241046 ], [ 120.129663769608641, -3.943075060239486 ], [ 120.130005129416617, -3.943496268891638 ], [ 120.130220725084797, -3.944768855437513 ], [ 120.131038191993355, -3.945512690332902 ], [ 120.131307686578594, -3.945584385227389 ] ] ] } },
{ "type": "Feature", "properties": { "FID": 153, "REMARK": "Tegalan/Ladang" }, "geometry": { "type": "Polygon", "coordinates": [ [ [ 120.161769557863082, -3.940135555619649 ], [ 120.162146850282411, -3.940870432748715 ], [ 120.161464130666474, -3.940655346826925 ], [ 120.160718528980667, -3.940189327138913 ], [ 120.160440051242574, -3.94035960359365 ], [ 120.159972927294831, -3.940323755921865 ], [ 120.15964953379256, -3.939248325050014 ], [ 120.160251405032909, -3.938594103922951 ], [ 120.160736495286343, -3.939409639769414 ], [ 120.161338366526692, -3.939606802161763 ], [ 120.161769557863082, -3.940135555619649 ] ] ] } },
{ "type": "Feature", "properties": { "FID": 154, "REMARK": "Tegalan/Ladang" }, "geometry": { "type": "Polygon", "coordinates": [ [ [ 120.072216507189211, -3.938110159196644 ], [ 120.07281837842956, -3.937966768112584 ], [ 120.073096856167652, -3.938101197254614 ], [ 120.073069906709108, -3.93886296198263 ], [ 120.072773462665353, -3.93943652555294 ], [ 120.073384317058569, -3.939947355274854 ], [ 120.07289922680512, -3.941067594794824 ], [ 120.073042957250578, -3.941479842558374 ], [ 120.073303468682994, -3.941650118748897 ], [ 120.074183817661407, -3.941605309228456 ], [ 120.075324678072249, -3.941040709064016 ], [ 120.076896729819467, -3.940574689591915 ], [ 120.079052686501356, -3.940744965967764 ], [ 120.079268282169537, -3.940942128043617 ], [ 120.079205400099653, -3.941497766369545 ], [ 120.079429978920686, -3.941766623490745 ], [ 120.080867283375269, -3.942008594825498 ], [ 120.081118811654832, -3.942815165432741 ], [ 120.081864413340639, -3.943039212684765 ], [ 120.081963228021891, -3.943559002076887 ], [ 120.081819497576433, -3.944428304299315 ], [ 120.082583065567945, -3.94506459710218 ], [ 120.083364599865135, -3.944338685555539 ], [ 120.083670027061729, -3.944240104926222 ], [ 120.085861916354986, -3.944974978427035 ], [ 120.086670400110677, -3.945405147979571 ], [ 120.087020743071491, -3.945423071706093 ], [ 120.088682626347108, -3.944428304299315 ], [ 120.089805520452259, -3.944383494928636 ], [ 120.08977857099373, -3.94397124860501 ], [ 120.090173829718765, -3.943514192659334 ], [ 120.09047027376252, -3.943505230775534 ], [ 120.091503336339258, -3.94444622804691 ], [ 120.091853679300058, -3.944499999287377 ], [ 120.092266904330742, -3.94432972368063 ], [ 120.092473516846113, -3.944482075540942 ], [ 120.092374702164861, -3.945199025096775 ], [ 120.092509449457467, -3.945611270811225 ], [ 120.092671146208616, -3.945629194533299 ], [ 120.092832842959751, -3.945414109842881 ], [ 120.093371832130202, -3.945656080115687 ], [ 120.093515562575689, -3.945951821464509 ], [ 120.093605394104102, -3.947116862117164 ], [ 120.094728288209254, -3.947555992400562 ], [ 120.094889984960389, -3.947905504092788 ], [ 120.094809136584814, -3.948461137762149 ], [ 120.092275887483581, -3.948613488864586 ], [ 120.08603259625896, -3.948577641548881 ], [ 120.080714569776973, -3.948129549971953 ], [ 120.079618625130337, -3.947771076536267 ], [ 120.078585562553599, -3.947081014736838 ], [ 120.07801064077178, -3.946991396279253 ], [ 120.078082505994502, -3.946166906015697 ], [ 120.077965725007573, -3.945996630750599 ], [ 120.077723179880863, -3.945969745179236 ], [ 120.077525550518345, -3.94620275343548 ], [ 120.07698656134788, -3.946381990511189 ], [ 120.077130291793338, -3.945745698717357 ], [ 120.076528420552989, -3.945548537780919 ], [ 120.07561213896318, -3.945951821464509 ], [ 120.074255682884171, -3.945575423365915 ], [ 120.074192800814259, -3.945978707036454 ], [ 120.07496535195861, -3.946740464546561 ], [ 120.074911453041551, -3.94691970150622 ], [ 120.073797542089252, -3.946373028658322 ], [ 120.073626862185264, -3.947045167354964 ], [ 120.07279142897103, -3.947018281817543 ], [ 120.072656681678424, -3.946892815964738 ], [ 120.072755496359662, -3.946408876069209 ], [ 120.072638715372733, -3.946122096738793 ], [ 120.071192427765311, -3.944939130954269 ], [ 120.070904966874394, -3.944849512265588 ], [ 120.070716320664715, -3.944078791143932 ], [ 120.069818005380611, -3.943514192659334 ], [ 120.069593426559564, -3.943101945904511 ], [ 120.069629359170932, -3.942868936778735 ], [ 120.068847824873757, -3.942528384862038 ], [ 120.068991555319215, -3.943281183649122 ], [ 120.068614262899899, -3.943783049128408 ], [ 120.068371717773161, -3.943505230775534 ], [ 120.068470532454413, -3.942985441349786 ], [ 120.068317818856116, -3.942169909009546 ], [ 120.06804832427089, -3.942017556725432 ], [ 120.067931543283947, -3.942671775159757 ], [ 120.067644082393045, -3.942949593791202 ], [ 120.067329672043584, -3.942331223162296 ], [ 120.066637969274822, -3.94191001391984 ], [ 120.066467289370848, -3.94195482342386 ], [ 120.066161862174226, -3.942420842122521 ], [ 120.065766603449219, -3.94226848988439 ], [ 120.064958119693515, -3.942635927587647 ], [ 120.06509286698612, -3.941237871069759 ], [ 120.064679641955436, -3.939391715913248 ], [ 120.066476272523687, -3.939346906271141 ], [ 120.068219004174864, -3.938414865168243 ], [ 120.070671404900509, -3.938002615885915 ], [ 120.071452939197698, -3.937545556660299 ], [ 120.071929046298266, -3.937671023923695 ], [ 120.072216507189211, -3.938110159196644 ] ], [ [ 120.071039714167014, -3.94372031596007 ], [ 120.07168650117157, -3.944876397873208 ], [ 120.072153625119327, -3.945324491205436 ], [ 120.072450069163068, -3.945405147979571 ], [ 120.072530917538643, -3.945279681883089 ], [ 120.072297355564771, -3.944517923033426 ], [ 120.071857181075544, -3.943980210483785 ], [ 120.071129545695428, -3.94361277337476 ], [ 120.071039714167014, -3.94372031596007 ] ] ] } },
{ "type": "Feature", "properties": { "FID": 155, "REMARK": "Tegalan/Ladang" }, "geometry": { "type": "Polygon", "coordinates": [ [ [ 120.159191392997641, -3.938423827106894 ], [ 120.158939864718093, -3.938665799414026 ], [ 120.158688336438544, -3.938567218112206 ], [ 120.158634437521499, -3.938387979351707 ], [ 120.159236308761848, -3.937240850370462 ], [ 120.160547849076693, -3.936272959062981 ], [ 120.160772427897712, -3.936246073177268 ], [ 120.160601747993738, -3.936810676594941 ], [ 120.160862259426125, -3.937294622076773 ], [ 120.16078141105055, -3.937626214188939 ], [ 120.159191392997641, -3.938423827106894 ] ] ] } },
{ "type": "Feature", "properties": { "FID": 156, "REMARK": "Tegalan/Ladang" }, "geometry": { "type": "Polygon", "coordinates": [ [ [ 120.04290447946839, -4.183890214309387 ], [ 120.046497740604863, -4.184777175895054 ], [ 120.045940785128721, -4.185010115134832 ], [ 120.046183330255417, -4.186309198085701 ], [ 120.046398925923612, -4.186533177686936 ], [ 120.046973847705459, -4.186721320502443 ], [ 120.046830117259972, -4.187357422067548 ], [ 120.046973847705459, -4.187662033901565 ], [ 120.04764758416853, -4.188047278110068 ], [ 120.047737415696943, -4.188441481289868 ], [ 120.048500983688456, -4.188781929330765 ], [ 120.048267421714584, -4.189525539010127 ], [ 120.047387072736143, -4.18951657986157 ], [ 120.047225375985008, -4.19058271781922 ], [ 120.047854196683872, -4.190905246662903 ], [ 120.048851326649256, -4.190923164928097 ], [ 120.048680646745268, -4.19110234755744 ], [ 120.048707596203798, -4.191397998806082 ], [ 120.04775538200262, -4.191353203169535 ], [ 120.047988943976492, -4.191953464486027 ], [ 120.047935045059447, -4.192491011542431 ], [ 120.046803167801457, -4.192598520909351 ], [ 120.046551639521908, -4.193709450168204 ], [ 120.046084515574179, -4.193539227239059 ], [ 120.045788071530396, -4.194184282353508 ], [ 120.045114335067325, -4.194408259699243 ], [ 120.044907722551983, -4.195375841094915 ], [ 120.044207036630354, -4.195250413944568 ], [ 120.04403635672638, -4.195546063623881 ], [ 120.043739912682625, -4.196540520814775 ], [ 120.043847710516715, -4.196845129070335 ], [ 120.044485514368432, -4.197069105653023 ], [ 120.044799924717879, -4.196827210940945 ], [ 120.045895869364514, -4.196800333746089 ], [ 120.045689256849144, -4.197732075961198 ], [ 120.046039599809973, -4.197848543659898 ], [ 120.04603061665712, -4.197973970392914 ], [ 120.045419762263919, -4.199111769121676 ], [ 120.046084515574179, -4.198762366538924 ], [ 120.046129431338372, -4.198601103755663 ], [ 120.047099611845226, -4.198547349487171 ], [ 120.047396055888981, -4.197490181454531 ], [ 120.047629617862853, -4.19775895312398 ], [ 120.048312337478791, -4.197812707446766 ], [ 120.048015893435007, -4.198592144711171 ], [ 120.048339286937306, -4.199013219691098 ], [ 120.048276404867423, -4.199514925753539 ], [ 120.048087758657744, -4.19971202447553 ], [ 120.047764365155459, -4.199613475120758 ], [ 120.047611651557162, -4.199210318539811 ], [ 120.046255195478153, -4.199075932966542 ], [ 120.045940785128721, -4.199604516087888 ], [ 120.045410779111066, -4.199443253478654 ], [ 120.04538382965255, -4.199631393186188 ], [ 120.045599425320731, -4.199703065443792 ], [ 120.045608408473569, -4.19993600023554 ], [ 120.045258065512769, -4.199882246059001 ], [ 120.045015520386073, -4.201073796103398 ], [ 120.045293998124137, -4.201226099361345 ], [ 120.045302981276976, -4.201539664798768 ], [ 120.045150267678679, -4.202095123264173 ], [ 120.044737042647995, -4.202274303329908 ], [ 120.044656194272406, -4.203017900162716 ], [ 120.044808907870731, -4.203188121024692 ], [ 120.044781958412202, -4.203573357575086 ], [ 120.044467548062741, -4.203618152510451 ], [ 120.044503480674109, -4.203716701359194 ], [ 120.045365863346873, -4.203824209179976 ], [ 120.046354010159405, -4.203591275549541 ], [ 120.047207409679316, -4.203931716985932 ], [ 120.04705469608102, -4.204585722486021 ], [ 120.047324190666259, -4.203958593935105 ], [ 120.04802487658786, -4.203958593935105 ], [ 120.047836230378195, -4.203743578315779 ], [ 120.047899112448079, -4.203636070483876 ], [ 120.048438101618558, -4.203707742373458 ], [ 120.048114708116287, -4.204048183758986 ], [ 120.048330303784468, -4.204191527455777 ], [ 120.048213522797539, -4.204415501929238 ], [ 120.048869292954933, -4.205015753200714 ], [ 120.049138787540159, -4.205060548053181 ], [ 120.049776591391904, -4.204854491710512 ], [ 120.050270664798148, -4.204290076232029 ], [ 120.050989317025454, -4.204343830104732 ], [ 120.051348643139093, -4.203886922068586 ], [ 120.052049329060722, -4.203600234536614 ], [ 120.052273907881741, -4.20334938285965 ], [ 120.052291874187432, -4.202946228209713 ], [ 120.051797800781173, -4.202623704339668 ], [ 120.051743901864128, -4.202435565353866 ], [ 120.052246958423225, -4.202104082268438 ], [ 120.05310934109599, -4.202211590311584 ], [ 120.053423751445422, -4.20133360752552 ], [ 120.05273204867666, -4.201037960038382 ], [ 120.05305544217893, -4.200294361317821 ], [ 120.053028492720415, -4.199783696725728 ], [ 120.052705099218144, -4.199425335408904 ], [ 120.05286679596928, -4.198430881892739 ], [ 120.053495616668144, -4.197651444467304 ], [ 120.054052572144315, -4.197669362577779 ], [ 120.054438847716469, -4.196388216642437 ], [ 120.053648330266441, -4.195761081502184 ], [ 120.05386392593465, -4.196038812840711 ], [ 120.053576465043719, -4.196217994297021 ], [ 120.053423751445422, -4.197033269404111 ], [ 120.051609154571508, -4.196827210940945 ], [ 120.051519323043095, -4.197275164052349 ], [ 120.050989317025454, -4.198036683751862 ], [ 120.050135917505543, -4.197749994069823 ], [ 120.050656940370345, -4.196271748725898 ], [ 120.050647957217492, -4.195922344872064 ], [ 120.051061182248191, -4.195026436840284 ], [ 120.05150135673739, -4.194569523348413 ], [ 120.05150135673739, -4.195232495778589 ], [ 120.051276777916371, -4.195814835962511 ], [ 120.051537289348786, -4.196047771914503 ], [ 120.052552385619819, -4.196235912440391 ], [ 120.053127307401667, -4.196092567281922 ], [ 120.053531549279512, -4.195698367960461 ], [ 120.053899858546018, -4.193969264041195 ], [ 120.054393931952276, -4.192956885358946 ], [ 120.055705472267078, -4.193351086063705 ], [ 120.056298360354617, -4.192275992764229 ], [ 120.056343276118824, -4.191953464486027 ], [ 120.057843462643291, -4.192508929771278 ], [ 120.057726681656362, -4.192858335151688 ], [ 120.058481266495022, -4.193127108414939 ], [ 120.057744647962039, -4.19366465466413 ], [ 120.05707091149894, -4.194524727893648 ], [ 120.055795303795492, -4.196746579353599 ], [ 120.054690375996017, -4.199058014888359 ], [ 120.053594431349396, -4.202023451226351 ], [ 120.05321713893008, -4.204451337839019 ], [ 120.052399672021522, -4.20756905568098 ], [ 120.049650827252123, -4.206932970582666 ], [ 120.047809280919665, -4.206153541655402 ], [ 120.047081645539549, -4.206350638699182 ], [ 120.046120448185533, -4.206063952073563 ], [ 120.044422632298534, -4.206252090183525 ], [ 120.042715833258725, -4.206682119978537 ], [ 120.042051079948465, -4.206995683221075 ], [ 120.040613775493881, -4.207165903214164 ], [ 120.039931055877943, -4.206959847428317 ], [ 120.039041723746678, -4.207022560064563 ], [ 120.038529684034714, -4.206529817786619 ], [ 120.037074413274453, -4.20558016815362 ], [ 120.03722712687275, -4.205795183266236 ], [ 120.037263059484118, -4.206440228248052 ], [ 120.036517457798283, -4.206995683221075 ], [ 120.036068300156231, -4.207085272695759 ], [ 120.035448462610177, -4.206959847428317 ], [ 120.034792692452783, -4.20728236950379 ], [ 120.03416387175389, -4.207273410559053 ], [ 120.032277409657254, -4.207757193427411 ], [ 120.032088763447575, -4.208178263457104 ], [ 120.031522824818595, -4.208662045763332 ], [ 120.031603673194155, -4.209011443908667 ], [ 120.031424010137343, -4.209584814884287 ], [ 120.031648588958362, -4.2098177467225 ], [ 120.031415026984504, -4.210140267614184 ], [ 120.03154977427711, -4.210310486919803 ], [ 120.031486892207226, -4.21065988432523 ], [ 120.031253330233355, -4.211134706188854 ], [ 120.030570610617417, -4.211484103224218 ], [ 120.030435863324811, -4.212281444589135 ], [ 120.029977722529921, -4.212532293388884 ], [ 120.029950773071391, -4.213213168294712 ], [ 120.029366868136705, -4.213374428053529 ], [ 120.029277036608292, -4.213894042604486 ], [ 120.028675165367915, -4.214091137688163 ], [ 120.028612283298031, -4.214556998596441 ], [ 120.027929563682122, -4.215121406630603 ], [ 120.026600057061628, -4.215587266921539 ], [ 120.025710724930335, -4.215614143468268 ], [ 120.025665809166142, -4.215775402729122 ], [ 120.025944286904206, -4.216017291557674 ], [ 120.025845472222954, -4.216178550734887 ], [ 120.025243600982577, -4.215981456180416 ], [ 120.024758510729171, -4.215999373869251 ], [ 120.023689515541065, -4.216590657369087 ], [ 120.023366122038794, -4.216975887286044 ], [ 120.022943913855244, -4.217029640282531 ], [ 120.021389828413717, -4.216796710604237 ], [ 120.020832872937561, -4.216554822018266 ], [ 120.019557265234113, -4.217208816910628 ], [ 120.018362505906225, -4.217477581775303 ], [ 120.017643853678948, -4.217396952325663 ], [ 120.017185712884029, -4.217997193583388 ], [ 120.016502993268119, -4.218400340436445 ], [ 120.01580230734649, -4.218122617071204 ], [ 120.01523636871751, -4.218543681489336 ], [ 120.013906862097002, -4.21827491699347 ], [ 120.01345770445495, -4.217844893606677 ], [ 120.012882782673103, -4.217620922998451 ], [ 120.011858703249217, -4.217611964172781 ], [ 120.011490393982712, -4.217235693401279 ], [ 120.010978354270776, -4.217002763784753 ], [ 120.01070885968555, -4.215112447776119 ], [ 120.010511230323019, -4.215112447776119 ], [ 120.010466314558812, -4.214772011229198 ], [ 120.010807674366802, -4.214709299217453 ], [ 120.010439365100297, -4.212756265463161 ], [ 120.011553276052609, -4.212595005576182 ], [ 120.011616158122493, -4.21246958119653 ], [ 120.011463444524196, -4.211627445552314 ], [ 120.010277668349161, -4.211824541210327 ], [ 120.009981224305406, -4.209665445143864 ], [ 120.010663943921344, -4.208464949304488 ], [ 120.011175983633279, -4.208653086834468 ], [ 120.011454461371358, -4.20794533112839 ], [ 120.011310730925899, -4.207649686149302 ], [ 120.011849720096379, -4.206287926008843 ], [ 120.012253961974224, -4.206476064064716 ], [ 120.012685153310599, -4.20645814615659 ], [ 120.013610418053247, -4.2059833214411 ], [ 120.013727199040176, -4.205777265342451 ], [ 120.012370742961153, -4.205383070914932 ], [ 120.012559389170818, -4.204917204516222 ], [ 120.012218029362856, -4.204764901979313 ], [ 120.014221272446449, -4.201235058375592 ], [ 120.014463817573159, -4.20133360752552 ], [ 120.015748408429445, -4.198896752166187 ], [ 120.015999936708994, -4.19886091600118 ], [ 120.016386212281191, -4.197561853908765 ], [ 120.017239611801074, -4.190493126450144 ], [ 120.016907235145965, -4.190430412485682 ], [ 120.017365375940855, -4.186255442971869 ], [ 120.017679786290316, -4.186282320529245 ], [ 120.018164876543722, -4.184813012705685 ], [ 120.018685899408524, -4.184006684069846 ], [ 120.019197939120474, -4.184266501165383 ], [ 120.019790827207999, -4.183388498220182 ], [ 120.019260821190358, -4.18297637404937 ], [ 120.020554395199483, -4.182152125057351 ], [ 120.022279160545011, -4.181757918711178 ], [ 120.023608667165504, -4.181919184967672 ], [ 120.024947156938836, -4.18230443200162 ], [ 120.0248752917161, -4.182698638072838 ], [ 120.026061067891135, -4.182904700258401 ], [ 120.026267680406477, -4.183469131184763 ], [ 120.02600716897409, -4.184391930077206 ], [ 120.026824635882647, -4.184768216692141 ], [ 120.026905484258222, -4.184983237533778 ], [ 120.026555141297422, -4.186945299985747 ], [ 120.026725821201396, -4.18709760599778 ], [ 120.027740917472457, -4.187294707851708 ], [ 120.027731934319618, -4.187751625594887 ], [ 120.027983462599167, -4.188056237275452 ], [ 120.027893631070754, -4.188916316674546 ], [ 120.028450586546896, -4.189400110921001 ], [ 120.02872906428496, -4.18947178411725 ], [ 120.028702114826444, -4.187957686450599 ], [ 120.028486519158264, -4.187590360539522 ], [ 120.028657199062238, -4.187196156930949 ], [ 120.028540418075309, -4.18670340214101 ], [ 120.028764996896328, -4.184741339082784 ], [ 120.028531434922471, -4.184508399763054 ], [ 120.028558384380986, -4.183209313824731 ], [ 120.028351771865644, -4.183048047833782 ], [ 120.02769600170825, -4.18298533327278 ], [ 120.027660069096868, -4.182465698145637 ], [ 120.030480779089004, -4.183030129388293 ], [ 120.03044484647765, -4.182385065077778 ], [ 120.030049587752643, -4.181722081760784 ], [ 120.030624509534462, -4.181722081760784 ], [ 120.035053203885184, -4.182635923483867 ], [ 120.035556260444267, -4.182886781809633 ], [ 120.034945406051079, -4.182815108010469 ], [ 120.034532181020396, -4.182949496378524 ], [ 120.037182211108544, -4.1850459519348 ], [ 120.037290008942634, -4.185449115821433 ], [ 120.037676284514802, -4.185843320309849 ], [ 120.037649335056273, -4.186300238900318 ], [ 120.037864930724453, -4.18670340214101 ], [ 120.037828998113099, -4.187402217932928 ], [ 120.038089509545514, -4.187948727284088 ], [ 120.037658318209111, -4.188405644645364 ], [ 120.037837981265938, -4.189113418070331 ], [ 120.037532554069344, -4.189426988370363 ], [ 120.03698458174604, -4.18957033475137 ], [ 120.036840851300582, -4.190206434000124 ], [ 120.03690373337048, -4.190421453347492 ], [ 120.037748149737524, -4.190636472635739 ], [ 120.037775099196054, -4.19081565533078 ], [ 120.037595436139227, -4.19091420579555 ], [ 120.036634238785211, -4.190824614464453 ], [ 120.036454575728399, -4.191308407530422 ], [ 120.036221013754528, -4.191514467449093 ], [ 120.036319828435779, -4.191747404683063 ], [ 120.036697120855109, -4.191908668881308 ], [ 120.036310845282941, -4.19269707114937 ], [ 120.036921699676157, -4.19301959912073 ], [ 120.03698458174604, -4.193682572866068 ], [ 120.037487638305137, -4.194085732301042 ], [ 120.036948649134672, -4.19482933693539 ], [ 120.036966615440363, -4.195124986774081 ], [ 120.036724070313625, -4.195124986774081 ], [ 120.036553390409651, -4.195313127522259 ], [ 120.036571356715328, -4.195859631343289 ], [ 120.036786952383537, -4.196029853766816 ], [ 120.037568486680712, -4.196020894692819 ], [ 120.038700363938702, -4.195438554662534 ], [ 120.039293252026226, -4.194462014252665 ], [ 120.039499864541568, -4.19459640062004 ], [ 120.039068673205207, -4.195868590419136 ], [ 120.038565616646082, -4.196235912440391 ], [ 120.038592566104612, -4.196477807335645 ], [ 120.038376970436417, -4.196791374680932 ], [ 120.037820014960261, -4.197257245932827 ], [ 120.037209160567073, -4.198180028553397 ], [ 120.037406789929562, -4.198744448453541 ], [ 120.03585270448805, -4.19839504570634 ], [ 120.035843721335212, -4.199255113725757 ], [ 120.036346777894309, -4.200321238392355 ], [ 120.036580339868166, -4.200634804193519 ], [ 120.037352891012517, -4.201055878071097 ], [ 120.037631368750596, -4.201432156662996 ], [ 120.036679154549418, -4.201279853445285 ], [ 120.036706104007948, -4.201441115674876 ], [ 120.037631368750596, -4.201942820175928 ], [ 120.037721200279009, -4.20222054931451 ], [ 120.037568486680712, -4.202776007294927 ], [ 120.038071543239823, -4.202973105192861 ], [ 120.038350020977902, -4.202650581333934 ], [ 120.039311218331918, -4.202256385325186 ], [ 120.03962562868135, -4.202265344327598 ], [ 120.039634611834188, -4.201906984150843 ], [ 120.039239353109181, -4.20161133688105 ], [ 120.039122572122253, -4.201306730485864 ], [ 120.039086639510884, -4.199568679955383 ], [ 120.038754262855747, -4.198260659992692 ], [ 120.038853077536999, -4.197687280687842 ], [ 120.039095622663723, -4.197319959349354 ], [ 120.039643594987027, -4.197391631819215 ], [ 120.040389196672862, -4.197131819084662 ], [ 120.040892253231945, -4.194748705141782 ], [ 120.040452078742746, -4.194488891527989 ], [ 120.040748522786501, -4.193055435553776 ], [ 120.04131446141551, -4.191604058701142 ], [ 120.041224629887068, -4.191397998806082 ], [ 120.040649708105249, -4.191236734502501 ], [ 120.040299365144449, -4.191344244041917 ], [ 120.04008376947624, -4.191156102338235 ], [ 120.040505977659791, -4.190430412485682 ], [ 120.040218516768874, -4.190179556577547 ], [ 120.039984954794988, -4.189659926226156 ], [ 120.040065803170549, -4.188746092701857 ], [ 120.041116832052978, -4.188916316674546 ], [ 120.041242596192745, -4.188817765958031 ], [ 120.041413276096748, -4.188280216376683 ], [ 120.041440225555277, -4.187357422067548 ], [ 120.042203793546761, -4.186927381629441 ], [ 120.042787698481447, -4.186112095983601 ], [ 120.04290447946839, -4.183890214309387 ] ], [ [ 120.039517830847259, -4.202641622335948 ], [ 120.038960875371089, -4.202802884283941 ], [ 120.037981711711424, -4.203519603649251 ], [ 120.037945779100056, -4.203940675969093 ], [ 120.038305105213695, -4.204872409655515 ], [ 120.038862060689837, -4.205338276081005 ], [ 120.038700363938702, -4.205831019112569 ], [ 120.039167487886459, -4.206063952073563 ], [ 120.039266302567711, -4.204926163488055 ], [ 120.039616645528511, -4.204433419884334 ], [ 120.03994902218362, -4.203223956990898 ], [ 120.039760375973955, -4.202560991349445 ], [ 120.039679527598395, -4.202480360354603 ], [ 120.039517830847259, -4.202641622335948 ] ] ] } },
{ "type": "Feature", "properties": { "FID": 157, "REMARK": "Tegalan/Ladang" }, "geometry": { "type": "Polygon", "coordinates": [ [ [ 120.115551236495136, -3.939803964507386 ], [ 120.116144124582632, -3.93911389609329 ], [ 120.11706938932528, -3.939239363120241 ], [ 120.118479744321377, -3.938854000048708 ], [ 120.119494840592409, -3.938092235312488 ], [ 120.120959094505537, -3.938146006963799 ], [ 120.121354353230544, -3.938540332300593 ], [ 120.122369449501591, -3.938674761349975 ], [ 120.12274674192092, -3.938495522612639 ], [ 120.122935388130585, -3.937850262838597 ], [ 120.123276747938561, -3.937993653942728 ], [ 120.122926404977733, -3.939158705747944 ], [ 120.122342500043075, -3.939391715913248 ], [ 120.122001140235113, -3.939705383340415 ], [ 120.12204605599932, -3.940727042140369 ], [ 120.121704696191344, -3.941013823332339 ], [ 120.12139926899475, -3.941739737782536 ], [ 120.121165707020879, -3.941677004460003 ], [ 120.120824347212917, -3.940736004054115 ], [ 120.120563835780501, -3.940592613422594 ], [ 120.120168577055509, -3.940744965967764 ], [ 120.119872133011754, -3.941193061527103 ], [ 120.118875003046369, -3.941094480524764 ], [ 120.118578559002628, -3.941300604425419 ], [ 120.118722289448073, -3.941712852073458 ], [ 120.119503823745248, -3.942008594825498 ], [ 120.119396025911158, -3.942438765913407 ], [ 120.119997897151521, -3.94247461349402 ], [ 120.119872133011754, -3.942716584622722 ], [ 120.118210249736109, -3.94274347029934 ], [ 120.118048552984973, -3.943012327017711 ], [ 120.117680243718496, -3.942859974887978 ], [ 120.117644311107128, -3.942662813266874 ], [ 120.1182282160418, -3.94195482342386 ], [ 120.118219232888961, -3.941757661588105 ], [ 120.118012620373619, -3.941596347324078 ], [ 120.116979557796867, -3.941677004460003 ], [ 120.115991410984336, -3.941336452055101 ], [ 120.115883613150245, -3.940861470836417 ], [ 120.115299708215588, -3.940314794003678 ], [ 120.115551236495136, -3.939803964507386 ] ] ] } },
{ "type": "Feature", "properties": { "FID": 158, "REMARK": "Tegalan/Ladang" }, "geometry": { "type": "Polygon", "coordinates": [ [ [ 120.243498282412276, -4.130688608314576 ], [ 120.244028288429902, -4.130482532480581 ], [ 120.24436964823785, -4.130823005568775 ], [ 120.244630159670265, -4.130858844832717 ], [ 120.245249997216305, -4.130527331579481 ], [ 120.246274076640205, -4.130724447584589 ], [ 120.246336958710089, -4.130966362614828 ], [ 120.246759166893639, -4.131190357947422 ], [ 120.246956796256143, -4.131521870923582 ], [ 120.248061724055603, -4.13143227283558 ], [ 120.248412067016403, -4.131969861211779 ], [ 120.248654612143113, -4.132883760615019 ], [ 120.248960039339707, -4.132973358539036 ], [ 120.249382247523258, -4.132838961649212 ], [ 120.249525977968716, -4.132435770843068 ], [ 120.250343444877274, -4.131996740621023 ], [ 120.250361411182951, -4.131575629771527 ], [ 120.249103769785194, -4.131844423956591 ], [ 120.248133589278339, -4.13063484940652 ], [ 120.247864094693099, -4.130536291398959 ], [ 120.247343071828297, -4.130984282243763 ], [ 120.24697476256182, -4.130724447584589 ], [ 120.246857981574891, -4.129998702051286 ], [ 120.24605848097201, -4.129747826897727 ], [ 120.245618306482811, -4.129828465348593 ], [ 120.245501525495854, -4.129434232844243 ], [ 120.245645255941326, -4.127445147676821 ], [ 120.245932716832243, -4.126576041332012 ], [ 120.246813065810684, -4.12499910368004 ], [ 120.247145442465794, -4.125276859970882 ], [ 120.247495785426594, -4.125294779728247 ], [ 120.247998841985719, -4.125034943206895 ], [ 120.248447999627771, -4.124497350134302 ], [ 120.2489151235755, -4.124353991920177 ], [ 120.250541074239777, -4.124336072141592 ], [ 120.251313625384128, -4.124049355629285 ], [ 120.252355671113676, -4.124300232583212 ], [ 120.253406699996106, -4.124864705439931 ], [ 120.253209070633602, -4.125294779728247 ], [ 120.253218053786441, -4.12589509136636 ], [ 120.253927722860908, -4.127418268113401 ], [ 120.253810941873965, -4.128036497841808 ], [ 120.253406699996106, -4.12889664274998 ], [ 120.25335280107906, -4.129470072170914 ], [ 120.253218053786441, -4.129514871326975 ], [ 120.253011441271099, -4.129066879652561 ], [ 120.253173138022234, -4.128305293225732 ], [ 120.252885677131317, -4.128108176619753 ], [ 120.252607199393253, -4.128439690883564 ], [ 120.252768896144389, -4.128833923881929 ], [ 120.252571266781885, -4.129022080471211 ], [ 120.252813811908595, -4.12940735334818 ], [ 120.252831778214272, -4.130052461002444 ], [ 120.252355671113676, -4.130339175347105 ], [ 120.252059227069921, -4.130097260125626 ], [ 120.25120582755001, -4.130195818187725 ], [ 120.250612939462499, -4.129846385003228 ], [ 120.250729720449428, -4.130661728861003 ], [ 120.250585990003984, -4.131647308229784 ], [ 120.250792602519326, -4.131629388615825 ], [ 120.25120582755001, -4.132319293460907 ], [ 120.250990231881815, -4.132812082268514 ], [ 120.251053113951713, -4.133779739399579 ], [ 120.251574136816515, -4.134012693717705 ], [ 120.252373637419353, -4.134765314892998 ], [ 120.25275991299155, -4.135804647722017 ], [ 120.252526351017679, -4.13677230119943 ], [ 120.252804828755757, -4.137050053368148 ], [ 120.253245003244956, -4.137085892350566 ], [ 120.253289919009163, -4.137946027442122 ], [ 120.254565526712611, -4.137498040531826 ], [ 120.255005701201853, -4.137471161309151 ], [ 120.255104515883104, -4.13764139637069 ], [ 120.253792975568288, -4.137954987177742 ], [ 120.25335280107906, -4.138429853020608 ], [ 120.252580249934724, -4.139755891979504 ], [ 120.251825665096064, -4.13974693226426 ], [ 120.251466338982425, -4.139424382447994 ], [ 120.25117887809148, -4.139442301885679 ], [ 120.250819551977841, -4.139191429721182 ], [ 120.250594973156822, -4.13950501991438 ], [ 120.250127849209093, -4.139379583852008 ], [ 120.249795472553942, -4.139513979632361 ], [ 120.249660725261336, -4.139935086263057 ], [ 120.249427163287464, -4.139988844540213 ], [ 120.249058854020987, -4.13967525453867 ], [ 120.248735460518688, -4.138886799128856 ], [ 120.248205454501061, -4.139558778220743 ], [ 120.24778324631751, -4.139711093402276 ], [ 120.247477819120917, -4.139012235269302 ], [ 120.246669335365198, -4.138519450317517 ], [ 120.246498655461224, -4.138098342933895 ], [ 120.248367151252197, -4.137094852095918 ], [ 120.249409196981787, -4.135939044108995 ], [ 120.247379004439665, -4.135043067765247 ], [ 120.246893914186259, -4.135060987302049 ], [ 120.246283059793043, -4.135320820540153 ], [ 120.245663222247018, -4.13524018264779 ], [ 120.244881687949814, -4.135688170834864 ], [ 120.243848625373076, -4.135338740070676 ], [ 120.242914377477589, -4.135589613455436 ], [ 120.24202504534631, -4.135419377953011 ], [ 120.242761663879293, -4.136073440473178 ], [ 120.242573017669628, -4.136619985452657 ], [ 120.24233945569577, -4.136727502453419 ], [ 120.241126730062206, -4.135661291550781 ], [ 120.240938083852527, -4.135401458424312 ], [ 120.24100096592241, -4.135195383815154 ], [ 120.239797223441684, -4.134702596489019 ], [ 120.239931970734332, -4.134245647967371 ], [ 120.240255364236603, -4.13415605018714 ], [ 120.240012819109893, -4.134030613277801 ], [ 120.239976886498539, -4.133824538312227 ], [ 120.239500779397943, -4.133976854596294 ], [ 120.23914145328429, -4.13472051603352 ], [ 120.238970773380316, -4.134621958533753 ], [ 120.239087554367245, -4.134397964170525 ], [ 120.238368902139939, -4.133734940484399 ], [ 120.237326856410363, -4.133708061134076 ], [ 120.23690464822684, -4.133331750133864 ], [ 120.23701244606093, -4.132552248208124 ], [ 120.237237024881949, -4.132390971851954 ], [ 120.237425671091614, -4.132534328614613 ], [ 120.237317873257524, -4.132847921442576 ], [ 120.237425671091614, -4.133036077079824 ], [ 120.238018559179153, -4.133269031616463 ], [ 120.238234154847333, -4.133161514146519 ], [ 120.238332969528585, -4.132731444120952 ], [ 120.238584497808134, -4.132480569831651 ], [ 120.239357048952485, -4.132982318330882 ], [ 120.239464846786575, -4.132399931650379 ], [ 120.238961790227478, -4.131969861211779 ], [ 120.239752307677477, -4.13154875034801 ], [ 120.239446880480884, -4.131244116817832 ], [ 120.23881805978202, -4.131530830731827 ], [ 120.2380095760263, -4.132552248208124 ], [ 120.237946693956417, -4.132068419041223 ], [ 120.237461603702982, -4.132041539634408 ], [ 120.237317873257524, -4.131907142586663 ], [ 120.238234154847333, -4.131871303370085 ], [ 120.238907891310433, -4.131324755116618 ], [ 120.239806206594537, -4.130903643910369 ], [ 120.242644882892364, -4.13063484940652 ], [ 120.24202504534631, -4.129138558337461 ], [ 120.242366405154286, -4.129317755021388 ], [ 120.242528101905421, -4.130061420827283 ], [ 120.24344438349523, -4.129989742225739 ], [ 120.243498282412276, -4.130688608314576 ] ], [ [ 120.243498282412276, -4.130688608314576 ], [ 120.243058107923048, -4.131181398135333 ], [ 120.243040141617371, -4.131414353216766 ], [ 120.243300653049758, -4.131324755116618 ], [ 120.243498282412276, -4.130688608314576 ] ], [ [ 120.244216934639553, -4.132364092456071 ], [ 120.244450496613425, -4.132901680200631 ], [ 120.243704894927617, -4.133779739399579 ], [ 120.244028288429902, -4.134326285960922 ], [ 120.243642012857734, -4.134998268921469 ], [ 120.244549311294705, -4.135365619365698 ], [ 120.244782873268562, -4.135105786142284 ], [ 120.244225917792406, -4.13474739534951 ], [ 120.244252867250921, -4.134568199892351 ], [ 120.245249997216305, -4.134801153978758 ], [ 120.24473795750437, -4.134191889300449 ], [ 120.244881687949814, -4.133071916243762 ], [ 120.245106266770847, -4.132803122474745 ], [ 120.245815935845314, -4.133197353304788 ], [ 120.247405953898195, -4.133537825227532 ], [ 120.247855111540233, -4.133842457876578 ], [ 120.248241387112429, -4.134693636716616 ], [ 120.248573763767538, -4.134693636716616 ], [ 120.248789359435733, -4.134048532837494 ], [ 120.248717494212997, -4.13376181983381 ], [ 120.248133589278339, -4.133582624153852 ], [ 120.246372891321442, -4.132390971851954 ], [ 120.246067464124849, -4.132364092456071 ], [ 120.24584288530383, -4.132812082268514 ], [ 120.245672205399856, -4.132838961649212 ], [ 120.24449541237766, -4.132086338645261 ], [ 120.244225917792406, -4.132193856260985 ], [ 120.244216934639553, -4.132364092456071 ] ], [ [ 120.242653866045202, -4.13474739534951 ], [ 120.242384371459977, -4.134881791915792 ], [ 120.242456236682699, -4.135195383815154 ], [ 120.243120989992931, -4.13524018264779 ], [ 120.24312997314577, -4.134989309152409 ], [ 120.242653866045202, -4.13474739534951 ] ], [ [ 120.241216561590619, -4.131011161686406 ], [ 120.240875201782629, -4.131288915873726 ], [ 120.240695538725817, -4.13172794648758 ], [ 120.24086621862979, -4.132399931650379 ], [ 120.240965033311042, -4.132462650236523 ], [ 120.241198595284942, -4.131942981801622 ], [ 120.241881314900851, -4.132382012053427 ], [ 120.242420304071331, -4.131826504347086 ], [ 120.242330472542932, -4.131647308229784 ], [ 120.241737584455393, -4.13092156354072 ], [ 120.241216561590619, -4.131011161686406 ] ], [ [ 120.241665719232671, -4.134810113749944 ], [ 120.242043011651987, -4.133985814376799 ], [ 120.241980129582103, -4.133546785013 ], [ 120.241728601302555, -4.133591583938812 ], [ 120.241441140411638, -4.134362125066533 ], [ 120.241171645826412, -4.134460682598609 ], [ 120.24129740996618, -4.134738435577614 ], [ 120.241665719232671, -4.134810113749944 ] ] ] } },
{ "type": "Feature", "properties": { "FID": 159, "REMARK": "Tegalan/Ladang" }, "geometry": { "type": "Polygon", "coordinates": [ [ [ 120.04290447946839, -4.183890214309387 ], [ 120.040640724952397, -4.181972940379129 ], [ 120.040712590175133, -4.181650407855077 ], [ 120.039005791135295, -4.17978688400612 ], [ 120.038790195467101, -4.175817921817113 ], [ 120.038152391615398, -4.175692491533489 ], [ 120.038125442156868, -4.175369956426405 ], [ 120.039077656358046, -4.175387875046941 ], [ 120.039059690052369, -4.174733845132285 ], [ 120.038071543239823, -4.174581536717763 ], [ 120.037873913877306, -4.171795183449513 ], [ 120.038583582951759, -4.171992289150334 ], [ 120.039203420497813, -4.171857898905139 ], [ 120.039904106419414, -4.172001248499196 ], [ 120.040191567310359, -4.17252089055834 ], [ 120.041242596192745, -4.173040532273666 ], [ 120.041341410874026, -4.173130125638107 ], [ 120.041089882594449, -4.174662170587956 ], [ 120.043075159372364, -4.175307241251301 ], [ 120.044054323032057, -4.174689048542846 ], [ 120.044207036630354, -4.174402350309903 ], [ 120.044835857329247, -4.174760723084721 ], [ 120.043748895835463, -4.177224531481716 ], [ 120.043299738193383, -4.177242450059904 ], [ 120.043281771887706, -4.178317564002044 ], [ 120.043677030612741, -4.178326523278705 ], [ 120.043721946376934, -4.17775312936616 ], [ 120.044746025800833, -4.178129419168548 ], [ 120.044431615451373, -4.178998468736482 ], [ 120.043614148542844, -4.17903430581139 ], [ 120.043236856123499, -4.18019900985426 ], [ 120.043138041442248, -4.181014301654693 ], [ 120.043290755040545, -4.182313391232714 ], [ 120.04290447946839, -4.183890214309387 ] ] ] } },
{ "type": "Feature", "properties": { "FID": 160, "REMARK": "Tegalan/Ladang" }, "geometry": { "type": "Polygon", "coordinates": [ [ [ 120.204691062138295, -4.182143165824411 ], [ 120.204798859972414, -4.182618005028953 ], [ 120.204340719177495, -4.18348704962021 ], [ 120.203469353351892, -4.183684152383067 ], [ 120.202678835901892, -4.184741339082784 ], [ 120.201520009185373, -4.184356093247307 ], [ 120.200945087403525, -4.18367519316765 ], [ 120.201160683071706, -4.183406416657473 ], [ 120.201744588006406, -4.18349600883778 ], [ 120.201960183674586, -4.183343702125161 ], [ 120.201717638547876, -4.18272551575229 ], [ 120.20188831845185, -4.182223798917165 ], [ 120.202544088609272, -4.182286513539125 ], [ 120.202723751666099, -4.181999818083474 ], [ 120.203163926155298, -4.182134206591371 ], [ 120.20315494300246, -4.182492575833079 ], [ 120.203684949020101, -4.182600086573629 ], [ 120.204152072967844, -4.181972940379129 ], [ 120.204691062138295, -4.182143165824411 ] ] ] } },
{ "type": "Feature", "properties": { "FID": 161, "REMARK": "Tegalan/Ladang" }, "geometry": { "type": "Polygon", "coordinates": [ [ [ 120.204691062138295, -4.182143165824411 ], [ 120.204807843125252, -4.181990858848796 ], [ 120.205185135544582, -4.181955021909054 ], [ 120.205562427963898, -4.181283078985449 ], [ 120.206469726400869, -4.180978464670295 ], [ 120.206811086208816, -4.181094934863598 ], [ 120.207026681877025, -4.180709687235078 ], [ 120.207628553117374, -4.180861994459684 ], [ 120.208212458052074, -4.181381630650298 ], [ 120.209245520628784, -4.180826157468322 ], [ 120.209676711965173, -4.181094934863598 ], [ 120.210467229415215, -4.182152125057351 ], [ 120.211554190908998, -4.182779271108426 ], [ 120.211841651799901, -4.18326306914767 ], [ 120.211114016419756, -4.184167949863429 ], [ 120.210799606070324, -4.184221705120578 ], [ 120.210601976707821, -4.184096276181492 ], [ 120.210566044096453, -4.183782703745897 ], [ 120.210790622917486, -4.183343702125161 ], [ 120.210745707153279, -4.183101803167787 ], [ 120.210296549511199, -4.182931577930782 ], [ 120.209955189703251, -4.183397457438879 ], [ 120.20947908260267, -4.182358187386648 ], [ 120.209200604864577, -4.182214839685047 ], [ 120.209011958654912, -4.182582168117895 ], [ 120.209011958654912, -4.183280987587831 ], [ 120.209353318462902, -4.183478090402538 ], [ 120.209344335310064, -4.183612478656858 ], [ 120.208769413528216, -4.184167949863429 ], [ 120.208158559135015, -4.184320256415766 ], [ 120.207412957449193, -4.18367519316765 ], [ 120.207071597641232, -4.183048047833782 ], [ 120.206532608470752, -4.182653841938372 ], [ 120.206343962261087, -4.183003251719292 ], [ 120.204691062138295, -4.182143165824411 ] ] ] } },
{ "type": "Feature", "properties": { "FID": 162, "REMARK": "Tegalan/Ladang" }, "geometry": { "type": "Polygon", "coordinates": [ [ [ 120.300667067093642, -4.245679457057911 ], [ 120.30089164591466, -4.246467804744066 ], [ 120.300442488272608, -4.245769042062802 ], [ 120.300235875757267, -4.245840710059229 ], [ 120.300101128464661, -4.246288634886112 ], [ 120.299939431713497, -4.2463334273545 ], [ 120.299813667573716, -4.24601092152407 ], [ 120.30064910078795, -4.24494485962558 ], [ 120.300846730150454, -4.244917984096507 ], [ 120.300667067093642, -4.24525840739563 ], [ 120.300667067093642, -4.245679457057911 ] ] ] } },
{ "type": "Feature", "properties": { "FID": 163, "REMARK": "Tegalan/Ladang" }, "geometry": { "type": "Polygon", "coordinates": [ [ [ 120.352374094847562, -4.219323098001452 ], [ 120.353173595450414, -4.219242468743366 ], [ 120.353443090035668, -4.219018498538097 ], [ 120.353586820481127, -4.218283875811497 ], [ 120.353874281372043, -4.218086781791037 ], [ 120.35467378197491, -4.218158452349717 ], [ 120.354583950446496, -4.218525763859171 ], [ 120.354224624332844, -4.218373463986085 ], [ 120.354053944428856, -4.218839322327381 ], [ 120.354494118918069, -4.218991622109125 ], [ 120.353973096053295, -4.22049670069918 ], [ 120.3537575003851, -4.220568371035464 ], [ 120.35333529220155, -4.220245854470086 ], [ 120.352401044306092, -4.220030843352076 ], [ 120.352023751886748, -4.219018498538097 ], [ 120.352086633956631, -4.217943440653841 ], [ 120.352562741057227, -4.218212205264388 ], [ 120.352266297013458, -4.219117045436373 ], [ 120.352374094847562, -4.219323098001452 ] ] ] } },
{ "type": "Feature", "properties": { "FID": 164, "REMARK": "Tegalan/Ladang" }, "geometry": { "type": "Polygon", "coordinates": [ [ [ 120.311797193463889, -4.193422758897754 ], [ 120.312102620660482, -4.193431718001547 ], [ 120.312282283717295, -4.193825918466779 ], [ 120.311949907062186, -4.194390341513947 ], [ 120.311788210311036, -4.19507123226628 ], [ 120.311572614642856, -4.195366882013414 ], [ 120.310934810791125, -4.195286250275294 ], [ 120.311267187446234, -4.194238036922339 ], [ 120.31131210321044, -4.19360194095411 ], [ 120.311797193463889, -4.193422758897754 ] ] ] } },
{ "type": "Feature", "properties": { "FID": 165, "REMARK": "Tegalan/Ladang" }, "geometry": { "type": "Polygon", "coordinates": [ [ [ 120.331991321050893, -4.187034891761121 ], [ 120.331937422133848, -4.187214075281101 ], [ 120.331398432963368, -4.187088646821422 ], [ 120.331452331880413, -4.186882585736882 ], [ 120.331991321050893, -4.187034891761121 ] ] ] } },
{ "type": "Feature", "properties": { "FID": 166, "REMARK": "Tegalan/Ladang" }, "geometry": { "type": "Polygon", "coordinates": [ [ [ 120.345007909517776, -4.181560815463727 ], [ 120.344459937194472, -4.181524978504319 ], [ 120.344666549709814, -4.180817198220224 ], [ 120.345169606268911, -4.181229323526672 ], [ 120.345007909517776, -4.181560815463727 ] ] ] } },
{ "type": "Feature", "properties": { "FID": 167, "REMARK": "Tegalan/Ladang" }, "geometry": { "type": "Polygon", "coordinates": [ [ [ 120.355661928787427, -4.17881032406634 ], [ 120.355742777163016, -4.17909702068854 ], [ 120.354485135765231, -4.17817421556157 ], [ 120.354997175477195, -4.177278287215048 ], [ 120.355661928787427, -4.17881032406634 ] ] ] } },
{ "type": "Feature", "properties": { "FID": 168, "REMARK": "Tegalan/Ladang" }, "geometry": { "type": "MultiPolygon", "coordinates": [ [ [ [ 120.324400556900073, -4.175584979845856 ], [ 120.324508354734164, -4.175728328759427 ], [ 120.3242298769961, -4.176830322658069 ], [ 120.323717837284136, -4.177161816454841 ], [ 120.323565123685839, -4.177484350825362 ], [ 120.323349528017658, -4.179303083821001 ], [ 120.322936302986975, -4.179724169184148 ], [ 120.322280532829552, -4.181471223062133 ], [ 120.321507981685201, -4.182492575833079 ], [ 120.32127441971133, -4.182295472770424 ], [ 120.321409167003949, -4.181990858848796 ], [ 120.320537801178375, -4.181524978504319 ], [ 120.320816278916439, -4.181005342408747 ], [ 120.320394070732888, -4.180629053986542 ], [ 120.320582716942582, -4.180163172832588 ], [ 120.320483902261302, -4.180620094736192 ], [ 120.320897127292014, -4.180987423916548 ], [ 120.320645599012465, -4.181498100783686 ], [ 120.321472049073833, -4.181919184967672 ], [ 120.32175052681194, -4.181802714896866 ], [ 120.322163751842623, -4.181283078985449 ], [ 120.322792572541516, -4.179491228372908 ], [ 120.323124949196625, -4.179132857758945 ], [ 120.323268679642084, -4.178308604725284 ], [ 120.32299020190402, -4.178165256283171 ], [ 120.32317884811367, -4.176991589928049 ], [ 120.32398733186939, -4.176857200538701 ], [ 120.324319708524513, -4.176194212547692 ], [ 120.321930189868752, -4.176642177467864 ], [ 120.319989828855043, -4.176364439247485 ], [ 120.319774233186862, -4.175782084595266 ], [ 120.319855081562437, -4.175728328759427 ], [ 120.320043727772088, -4.176256927651912 ], [ 120.322100869772726, -4.176561543801109 ], [ 120.323044100821065, -4.176247968351616 ], [ 120.324346657983028, -4.17612253813673 ], [ 120.324400556900073, -4.175584979845856 ] ] ], [ [ [ 120.324400556900073, -4.175584979845856 ], [ 120.32433767483019, -4.175513305379251 ], [ 120.324400556900073, -4.175558101921646 ], [ 120.324400556900073, -4.175584979845856 ] ] ], [ [ [ 120.326718210333098, -4.161751686642014 ], [ 120.327921952813824, -4.161796483968623 ], [ 120.327580593005862, -4.163821320469963 ], [ 120.327832121285411, -4.164215535820211 ], [ 120.328514840901349, -4.164099063123645 ], [ 120.328793318639427, -4.164278251880452 ], [ 120.328910099626356, -4.165407140110024 ], [ 120.328793318639427, -4.166724174330495 ], [ 120.328712470263852, -4.166867524860868 ], [ 120.328496874595672, -4.166840646638413 ], [ 120.328218396857579, -4.16599846186954 ], [ 120.327903986508147, -4.165765516987035 ], [ 120.327562626700185, -4.165783435826599 ], [ 120.327077536446751, -4.166276203754677 ], [ 120.326960755459808, -4.16666145846524 ], [ 120.32740092994905, -4.167620114716618 ], [ 120.32737398049052, -4.167862018445855 ], [ 120.325020394446099, -4.167888896633397 ], [ 120.324436489511442, -4.16853397285877 ], [ 120.323493258463117, -4.16879379507779 ], [ 120.323277662794922, -4.169008820297551 ], [ 120.323475292157426, -4.170128742366079 ], [ 120.323214780725039, -4.171427849966008 ], [ 120.322837488305723, -4.171866858255535 ], [ 120.32275663993012, -4.172287947608825 ], [ 120.32409512970348, -4.173327231003895 ], [ 120.324131062314848, -4.173613929629445 ], [ 120.323681904672767, -4.17406189602229 ], [ 120.323672921519929, -4.174698007860939 ], [ 120.32433767483019, -4.175513305379251 ], [ 120.323511224768794, -4.174948868726003 ], [ 120.323502241615955, -4.174232123184552 ], [ 120.323780719354019, -4.173165962981021 ], [ 120.323115966043787, -4.172753833438765 ], [ 120.322945286139813, -4.173201800322299 ], [ 120.322792572541516, -4.173174922316494 ], [ 120.322891387222768, -4.172744874098488 ], [ 120.322648842096029, -4.172485053185988 ], [ 120.322603926331823, -4.171947492404491 ], [ 120.322954269292651, -4.171392012543788 ], [ 120.323106982890948, -4.170648385663805 ], [ 120.323106982890948, -4.168990901531484 ], [ 120.32334054486482, -4.168605647962249 ], [ 120.324211910690423, -4.168453338359544 ], [ 120.324346657983028, -4.167691789903411 ], [ 120.324670051485313, -4.167888896633397 ], [ 120.325909726577393, -4.167772424480741 ], [ 120.325918709730232, -4.167664911709129 ], [ 120.327248216350725, -4.16779034327458 ], [ 120.327158384822312, -4.167279657490138 ], [ 120.326888890237086, -4.166858565453484 ], [ 120.326942789154131, -4.16613285311653 ], [ 120.327661441381437, -4.165604247412583 ], [ 120.328703487111014, -4.165747598147061 ], [ 120.328757386028059, -4.165174195052423 ], [ 120.328577722971247, -4.164349927371751 ], [ 120.327957885425192, -4.164475359465813 ], [ 120.32727516580924, -4.163785482701058 ], [ 120.327544660394508, -4.162683470510676 ], [ 120.327553643547347, -4.161975673249581 ], [ 120.32592769288307, -4.161903997542091 ], [ 120.324409540052912, -4.162584916499797 ], [ 120.322370364357965, -4.164600791539883 ], [ 120.321912223563075, -4.165604247412583 ], [ 120.321157638724401, -4.16624036609759 ], [ 120.321022891431781, -4.16691232189625 ], [ 120.321256453405653, -4.166983997147556 ], [ 120.321247470252814, -4.167297576295206 ], [ 120.321013908278942, -4.167933693610594 ], [ 120.319738300575494, -4.168077043920472 ], [ 120.319271176627737, -4.169555342466358 ], [ 120.317869804784522, -4.169205926697328 ], [ 120.319199311405015, -4.169456789316461 ], [ 120.319684401658449, -4.167951612400759 ], [ 120.320915093597691, -4.167835140257393 ], [ 120.320995941973266, -4.167216941669181 ], [ 120.320762379999394, -4.166957118929082 ], [ 120.319828132103908, -4.167207982265779 ], [ 120.317447596600999, -4.166276203754677 ], [ 120.317303866155541, -4.16718110405496 ], [ 120.316971489500403, -4.167655952310831 ], [ 120.316827759054945, -4.167503642524148 ], [ 120.317223017779966, -4.167163185247238 ], [ 120.317330815614056, -4.166276203754677 ], [ 120.315085027403768, -4.165640085098651 ], [ 120.317411663989631, -4.166213487853702 ], [ 120.319828132103908, -4.167154225843224 ], [ 120.320798312610762, -4.166858565453484 ], [ 120.321112722960194, -4.166222447268433 ], [ 120.321840358340339, -4.165487774921586 ], [ 120.322127819231255, -4.164582872673383 ], [ 120.322873420917077, -4.163892996002878 ], [ 120.323879534035271, -4.162629713778998 ], [ 120.325631248839315, -4.161787524503506 ], [ 120.326718210333098, -4.161751686642014 ] ] ] ] } },
{ "type": "Feature", "properties": { "FID": 169, "REMARK": "Tegalan/Ladang" }, "geometry": { "type": "Polygon", "coordinates": [ [ [ 120.358338908334119, -4.160667590560974 ], [ 120.358563487155138, -4.163122483681976 ], [ 120.358734167059126, -4.163427104922255 ], [ 120.359138408936985, -4.166079096620489 ], [ 120.358913830115938, -4.166141812532179 ], [ 120.359120442631308, -4.166804809007044 ], [ 120.358725183906273, -4.166885443675326 ], [ 120.358518571390931, -4.166813768415039 ], [ 120.358491621932416, -4.165559450302702 ], [ 120.358204161041499, -4.165451937228579 ], [ 120.358141278971615, -4.164340967935695 ], [ 120.358554504002299, -4.164170738631264 ], [ 120.358563487155138, -4.163964671529265 ], [ 120.358276026264235, -4.163821320469963 ], [ 120.358285009417074, -4.163409186029032 ], [ 120.357970599067627, -4.163364388794188 ], [ 120.357889750692038, -4.162656592145297 ], [ 120.357925683303407, -4.160766144811824 ], [ 120.358338908334119, -4.160667590560974 ] ] ] } },
{ "type": "Feature", "properties": { "FID": 170, "REMARK": "Tegalan/Ladang" }, "geometry": { "type": "Polygon", "coordinates": [ [ [ 120.357099233242039, -4.219941255368665 ], [ 120.357216014228968, -4.219627697345341 ], [ 120.358033481137525, -4.219762079370841 ], [ 120.359129425784147, -4.220335442418351 ], [ 120.359479768744947, -4.220003966958139 ], [ 120.359928926386999, -4.220263772060566 ], [ 120.360342151417711, -4.220881928678918 ], [ 120.36021638727793, -4.22167926040179 ], [ 120.360396050334757, -4.221876353510412 ], [ 120.36035113457055, -4.222046570245763 ], [ 120.359533667661992, -4.221983858821291 ], [ 120.358716200753435, -4.221491126024149 ], [ 120.357763986552271, -4.221616548947643 ], [ 120.356677025058474, -4.221544878708127 ], [ 120.356299732639158, -4.220872969890863 ], [ 120.355823625538591, -4.220738588057625 ], [ 120.35629074948632, -4.219645614950085 ], [ 120.357099233242039, -4.219941255368665 ] ], [ [ 120.357099233242039, -4.219941255368665 ], [ 120.356964485949419, -4.220344401212609 ], [ 120.357548390884077, -4.220487741906679 ], [ 120.357683138176697, -4.220111472528306 ], [ 120.357099233242039, -4.219941255368665 ] ] ] } },
{ "type": "Feature", "properties": { "FID": 171, "REMARK": "Tegalan/Ladang" }, "geometry": { "type": "Polygon", "coordinates": [ [ [ 120.276628150090602, -3.929703815194936 ], [ 120.276134076684329, -3.930393891404524 ], [ 120.275828649487735, -3.930510397721232 ], [ 120.275307626622947, -3.930483511649591 ], [ 120.274939317356441, -3.930133992639371 ], [ 120.275118980413296, -3.929775511451084 ], [ 120.275541188596819, -3.929703815194936 ], [ 120.275945430474664, -3.928655256744676 ], [ 120.275577121208187, -3.928574598347759 ], [ 120.275846615793412, -3.927875558581183 ], [ 120.276592217479234, -3.927992065249616 ], [ 120.276960526745725, -3.928216116489339 ], [ 120.276987476204241, -3.928968928214115 ], [ 120.276628150090602, -3.929703815194936 ] ] ] } },
{ "type": "Feature", "properties": { "FID": 172, "REMARK": "Tegalan/Ladang" }, "geometry": { "type": "Polygon", "coordinates": [ [ [ 120.209146705947532, -3.925679852942313 ], [ 120.208446020025931, -3.925859094435445 ], [ 120.208338222191841, -3.925428914787284 ], [ 120.209676711965173, -3.923860549609927 ], [ 120.209667728812335, -3.923152543793651 ], [ 120.209137722794694, -3.922507272147357 ], [ 120.209506032061199, -3.922310105711595 ], [ 120.211087066961241, -3.922157749797554 ], [ 120.211158932183963, -3.922274257263731 ], [ 120.210988252279989, -3.92241765104596 ], [ 120.21028756635836, -3.92255208269445 ], [ 120.209991122314605, -3.922820945926549 ], [ 120.210251633746992, -3.923188392203834 ], [ 120.210844521834531, -3.923403482632624 ], [ 120.211105033266918, -3.924192147064374 ], [ 120.210610959860659, -3.924416199323935 ], [ 120.210296549511199, -3.925079393659962 ], [ 120.209694678270864, -3.92562608048687 ], [ 120.209146705947532, -3.925679852942313 ] ] ] } },
{ "type": "Feature", "properties": { "FID": 173, "REMARK": "Tegalan/Ladang" }, "geometry": { "type": "Polygon", "coordinates": [ [ [ 120.207251260698058, -3.921100219746376 ], [ 120.208086693912264, -3.920822393833038 ], [ 120.208401104261725, -3.921100219746376 ], [ 120.208392121108886, -3.921548325863632 ], [ 120.208059744453749, -3.921808227301564 ], [ 120.206406844330971, -3.922220484589052 ], [ 120.206334979108249, -3.922390764713666 ], [ 120.206532608470752, -3.922811983820206 ], [ 120.206954816654275, -3.923089809072132 ], [ 120.2071075302526, -3.923528952023844 ], [ 120.206712271527564, -3.923761966557543 ], [ 120.206775153597462, -3.923349710030619 ], [ 120.206514642165075, -3.92326905112112 ], [ 120.206074467675862, -3.923484141529143 ], [ 120.206056501370185, -3.923717156075342 ], [ 120.206856001973023, -3.924048753586714 ], [ 120.206891934584391, -3.924192147064374 ], [ 120.206649389457681, -3.924353464697317 ], [ 120.205849888854814, -3.924299692156465 ], [ 120.205625310033781, -3.924505820210931 ], [ 120.205580394269575, -3.924810531154779 ], [ 120.205787006784917, -3.925204862799423 ], [ 120.206829052514507, -3.925410990630468 ], [ 120.206945833501436, -3.925769473693689 ], [ 120.205795989937769, -3.925778435768297 ], [ 120.205364798601394, -3.92507043157785 ], [ 120.205203101850259, -3.925169014475786 ], [ 120.205257000767304, -3.925482687255425 ], [ 120.205032421946285, -3.925509573488196 ], [ 120.204888691500827, -3.92496288658501 ], [ 120.205059371404801, -3.924694024042317 ], [ 120.205409714365601, -3.924550630650822 ], [ 120.205427680671278, -3.923744042364951 ], [ 120.20586785516052, -3.923484141529143 ], [ 120.205787006784917, -3.923080846968674 ], [ 120.205292933378672, -3.922847832245 ], [ 120.205481579588323, -3.92256104480358 ], [ 120.205095304016169, -3.922328029934949 ], [ 120.205562427963898, -3.922166711910913 ], [ 120.205643276339472, -3.921915772700515 ], [ 120.206119383440068, -3.921682757651964 ], [ 120.20576904047924, -3.920867204470466 ], [ 120.206263113885527, -3.920822393833038 ], [ 120.207251260698058, -3.921100219746376 ] ] ] } },
{ "type": "Feature", "properties": { "FID": 174, "REMARK": "Tegalan/Ladang" }, "geometry": { "type": "Polygon", "coordinates": [ [ [ 120.206793119903139, -3.918761101915189 ], [ 120.208059744453749, -3.919397414310255 ], [ 120.208221441204913, -3.920006839812181 ], [ 120.207960929772497, -3.920634189129607 ], [ 120.207628553117374, -3.920580416349415 ], [ 120.207098547099761, -3.919442225024053 ], [ 120.206101417134377, -3.918913458448229 ], [ 120.206101417134377, -3.918716291164896 ], [ 120.206281080191204, -3.918590821051303 ], [ 120.206793119903139, -3.918761101915189 ] ] ] } },
{ "type": "Feature", "properties": { "FID": 175, "REMARK": "Tegalan/Ladang" }, "geometry": { "type": "Polygon", "coordinates": [ [ [ 120.06350284893324, -3.908526264257239 ], [ 120.063242337500853, -3.908813056507152 ], [ 120.062568601037754, -3.908544188775733 ], [ 120.061885881421844, -3.90885786778734 ], [ 120.06202062871445, -3.907235697919008 ], [ 120.062487752662179, -3.907217773372551 ], [ 120.062649449413328, -3.906850320085797 ], [ 120.06336810164062, -3.906500791200262 ], [ 120.06371844460142, -3.906706923637553 ], [ 120.063430983710518, -3.908024377583895 ], [ 120.06382624243551, -3.908140887016976 ], [ 120.06350284893324, -3.908526264257239 ] ] ] } },
{ "type": "Feature", "properties": { "FID": 176, "REMARK": "Tegalan/Ladang" }, "geometry": { "type": "Polygon", "coordinates": [ [ [ 120.109775069218244, -3.904654559286838 ], [ 120.109846934440966, -3.905263995513138 ], [ 120.11031405838871, -3.905631449494569 ], [ 120.110691350808054, -3.90555078887828 ], [ 120.111194407367151, -3.905900318159537 ], [ 120.111948992205811, -3.905586638042031 ], [ 120.111984924817179, -3.905819657569092 ], [ 120.11265866128025, -3.905694185524098 ], [ 120.112640694974573, -3.906097488459099 ], [ 120.111499834563745, -3.906635225404239 ], [ 120.111194407367151, -3.907163999730886 ], [ 120.110978811698956, -3.907172962004736 ], [ 120.110367957305755, -3.906841357808501 ], [ 120.11039490676427, -3.906142299884356 ], [ 120.109775069218244, -3.905774846126605 ], [ 120.109505574633019, -3.905353618450273 ], [ 120.108966585462525, -3.90543427908551 ], [ 120.108436579444913, -3.90529984468914 ], [ 120.10791555658011, -3.905452203670067 ], [ 120.107493348396574, -3.90504890042497 ], [ 120.107574196772148, -3.904762106888338 ], [ 120.107888607121581, -3.904609747782147 ], [ 120.108409629986383, -3.904744182289045 ], [ 120.109200147436397, -3.904663521587489 ], [ 120.109631338772786, -3.904457388648302 ], [ 120.109784052371083, -3.904493237858753 ], [ 120.109775069218244, -3.904654559286838 ] ] ] } },
{ "type": "Feature", "properties": { "FID": 177, "REMARK": "Tegalan/Ladang" }, "geometry": { "type": "Polygon", "coordinates": [ [ [ 120.101618366438444, -3.900845572850853 ], [ 120.101456669687309, -3.901114443048216 ], [ 120.100630219625913, -3.900872459874461 ], [ 120.100091230455419, -3.901428124836394 ], [ 120.09973190434178, -3.901186141752983 ], [ 120.099130033101417, -3.90194794011323 ], [ 120.098860538516178, -3.90194794011323 ], [ 120.099740887494619, -3.900388493317891 ], [ 120.101330905547499, -3.900496041465662 ], [ 120.101600400132767, -3.900630476631018 ], [ 120.101618366438444, -3.900845572850853 ] ] ] } },
{ "type": "Feature", "properties": { "FID": 178, "REMARK": "Tegalan/Ladang" }, "geometry": { "type": "Polygon", "coordinates": [ [ [ 120.109065400143777, -3.901598409186644 ], [ 120.109900833358012, -3.90123991577754 ], [ 120.110745249725099, -3.90113236772498 ], [ 120.110457788834154, -3.901813505158678 ], [ 120.109640321925625, -3.901732844175619 ], [ 120.109361844187532, -3.901849354481996 ], [ 120.110161344790413, -3.902602189918241 ], [ 120.110817114947821, -3.902754549388715 ], [ 120.110862030712028, -3.903175778369121 ], [ 120.110619485585318, -3.90330125079053 ], [ 120.110197277401767, -3.903238514582169 ], [ 120.108328781610822, -3.901688032515019 ], [ 120.107942506038626, -3.901114443048216 ], [ 120.106711814099384, -3.900478116775322 ], [ 120.106559100501087, -3.900263020461431 ], [ 120.107143005435788, -3.900325756892003 ], [ 120.107789792440329, -3.900612551943548 ], [ 120.109065400143777, -3.901598409186644 ] ] ] } },
{ "type": "Feature", "properties": { "FID": 179, "REMARK": "Tegalan/Ladang" }, "geometry": { "type": "Polygon", "coordinates": [ [ [ 120.088736525264153, -3.898963479060689 ], [ 120.088458047526089, -3.899734241789093 ], [ 120.087595664853325, -3.900451229739098 ], [ 120.087586681700486, -3.900917271578562 ], [ 120.086436838136805, -3.901490861179976 ], [ 120.084954617918015, -3.901732844175619 ], [ 120.085080382057797, -3.90126680278853 ], [ 120.085646320686806, -3.900576702567458 ], [ 120.085556489158364, -3.899976225290603 ], [ 120.084271898302077, -3.899178575707151 ], [ 120.083705959673097, -3.8990710273908 ], [ 120.083193919961133, -3.899617731189446 ], [ 120.082403402511119, -3.899402634655357 ], [ 120.081657800825297, -3.899608768834956 ], [ 120.081981194327568, -3.898712532903592 ], [ 120.08239441935828, -3.898551210334475 ], [ 120.08376884174298, -3.898560172700237 ], [ 120.084559359193008, -3.898891780166305 ], [ 120.08538580925439, -3.898999328505588 ], [ 120.086068528870328, -3.89885593071682 ], [ 120.087784311062975, -3.897950731610728 ], [ 120.089140767142027, -3.897825258390408 ], [ 120.08933839650453, -3.898587059796954 ], [ 120.088736525264153, -3.898963479060689 ] ] ] } },
{ "type": "Feature", "properties": { "FID": 180, "REMARK": "Tegalan/Ladang" }, "geometry": { "type": "Polygon", "coordinates": [ [ [ 120.071749383241453, -3.898631871622902 ], [ 120.072072776743752, -3.89884696835421 ], [ 120.072863294193766, -3.898757344722853 ], [ 120.073249569765949, -3.899008290866574 ], [ 120.073303468682994, -3.899438484081526 ], [ 120.072144641966474, -3.900047924092485 ], [ 120.071668534865879, -3.899868677076311 ], [ 120.071282259293724, -3.899393672298574 ], [ 120.071084629931221, -3.899366785227657 ], [ 120.07106666362553, -3.898398850101886 ], [ 120.071219377223827, -3.897887995002908 ], [ 120.071704467477247, -3.897538462387947 ], [ 120.071749383241453, -3.898631871622902 ] ] ] } },
{ "type": "Feature", "properties": { "FID": 181, "REMARK": "Tegalan/Ladang" }, "geometry": { "type": "Polygon", "coordinates": [ [ [ 120.065856434977633, -3.897045531530206 ], [ 120.066655935580513, -3.897197892007992 ], [ 120.067114076375404, -3.897592236645858 ], [ 120.067742897074297, -3.897404026728124 ], [ 120.069162235223189, -3.898309226422761 ], [ 120.070150382035735, -3.898667721081942 ], [ 120.070482758690844, -3.899026215588259 ], [ 120.070383944009592, -3.899160650988715 ], [ 120.070195297799941, -3.899026215588259 ], [ 120.068227987327703, -3.89884696835421 ], [ 120.066763733414604, -3.898246489841688 ], [ 120.065946266506046, -3.897520537634545 ], [ 120.065299479501491, -3.897681860401404 ], [ 120.06476947348385, -3.897323365321915 ], [ 120.064625743038391, -3.89707241867535 ], [ 120.064841338706572, -3.896964870089616 ], [ 120.065209647973077, -3.897090343438303 ], [ 120.065452193099787, -3.89688420864129 ], [ 120.065856434977633, -3.897045531530206 ] ] ] } },
{ "type": "Feature", "properties": { "FID": 182, "REMARK": "Tegalan/Ladang" }, "geometry": { "type": "Polygon", "coordinates": [ [ [ 120.07585468408989, -3.89694694532399 ], [ 120.075944515618303, -3.89712619296306 ], [ 120.075764852561477, -3.897242703907972 ], [ 120.075513324281928, -3.89707241867535 ], [ 120.07536959383647, -3.897386101971858 ], [ 120.074731789984739, -3.89694694532399 ], [ 120.075495357976251, -3.895925233051921 ], [ 120.076061296605232, -3.896364390233205 ], [ 120.07585468408989, -3.89694694532399 ] ] ] } },
{ "type": "Feature", "properties": { "FID": 183, "REMARK": "Tegalan/Ladang" }, "geometry": { "type": "Polygon", "coordinates": [ [ [ 120.101474635992986, -3.894383699907302 ], [ 120.101294972936145, -3.894885594729534 ], [ 120.101052427809435, -3.894625684948245 ], [ 120.100468522874777, -3.894589835316939 ], [ 120.100675135390119, -3.893568120182868 ], [ 120.100962596281022, -3.893191698505083 ], [ 120.101465652840147, -3.893254435463068 ], [ 120.101923793635038, -3.893684631620454 ], [ 120.101483619145824, -3.893971428936574 ], [ 120.101474635992986, -3.894383699907302 ] ] ] } },
{ "type": "Feature", "properties": { "FID": 184, "REMARK": "Tegalan/Ladang" }, "geometry": { "type": "Polygon", "coordinates": [ [ [ 120.123761838191982, -3.885385391990539 ], [ 120.12342047838402, -3.886478817004108 ], [ 120.122692843003875, -3.885896254673292 ], [ 120.121776561414066, -3.88585144216964 ], [ 120.121785544566904, -3.885681154634052 ], [ 120.122135887527733, -3.885483979549898 ], [ 120.122854539755011, -3.885546717081673 ], [ 120.122962337589101, -3.88543020451895 ], [ 120.122755725073759, -3.884578766072138 ], [ 120.122917421824894, -3.884381590730349 ], [ 120.123779804497659, -3.884453290859967 ], [ 120.123995400165839, -3.885008966657921 ], [ 120.123761838191982, -3.885385391990539 ] ] ] } },
{ "type": "Feature", "properties": { "FID": 185, "REMARK": "Tegalan/Ladang" }, "geometry": { "type": "Polygon", "coordinates": [ [ [ 120.10598417871924, -3.885941067174563 ], [ 120.106747746710752, -3.885950029674531 ], [ 120.106936392920417, -3.886236829623241 ], [ 120.106873510850534, -3.886684954347859 ], [ 120.108203017471013, -3.886460892015314 ], [ 120.109164214825029, -3.886765616773002 ], [ 120.110116429026206, -3.886532591968205 ], [ 120.110673384502363, -3.886622216900748 ], [ 120.111490851410906, -3.886048617167901 ], [ 120.111706447079115, -3.886308529595181 ], [ 120.112838324337105, -3.886568441942365 ], [ 120.112991037935402, -3.886944866579033 ], [ 120.112757475961502, -3.889588796791259 ], [ 120.111922042747295, -3.889696346319266 ], [ 120.111769329148999, -3.889463322324568 ], [ 120.111814244913205, -3.889140673610151 ], [ 120.11163458185635, -3.889194448404466 ], [ 120.111454918799538, -3.889678421398886 ], [ 120.111697463926262, -3.889911445334103 ], [ 120.111850177524559, -3.890798728189871 ], [ 120.11176034599616, -3.890897315116163 ], [ 120.11155373348079, -3.890718066150687 ], [ 120.111257289437035, -3.891076564043499 ], [ 120.109963715427909, -3.88893453686683 ], [ 120.108463528903428, -3.887410915896389 ], [ 120.106487235278365, -3.887097228884201 ], [ 120.106684864640869, -3.88736610347322 ], [ 120.107439449479529, -3.88762601549444 ], [ 120.107708944064768, -3.888074139480794 ], [ 120.107708944064768, -3.88843263849837 ], [ 120.107502331549426, -3.888629812893048 ], [ 120.107601146230678, -3.889140673610151 ], [ 120.10745741578522, -3.889624646635453 ], [ 120.105265526491962, -3.888853874649197 ], [ 120.104735520474321, -3.88879113736348 ], [ 120.104421110124889, -3.888889724524653 ], [ 120.103774323120334, -3.889517097098294 ], [ 120.10358567691064, -3.889194448404466 ], [ 120.102175321914586, -3.888665662778035 ], [ 120.102768210002111, -3.887133078834357 ], [ 120.103046687740189, -3.885914179674085 ], [ 120.104933149836853, -3.883960352345816 ], [ 120.105238577033447, -3.884229227934685 ], [ 120.105373324326052, -3.88528680441966 ], [ 120.10598417871924, -3.885941067174563 ] ] ] } },
{ "type": "Feature", "properties": { "FID": 186, "REMARK": "Tegalan/Ladang" }, "geometry": { "type": "Polygon", "coordinates": [ [ [ 120.266854479799377, -3.884838678952277 ], [ 120.267716862472128, -3.884578766072138 ], [ 120.26772584562498, -3.884032052511223 ], [ 120.268103138044296, -3.884507065953182 ], [ 120.268911621800015, -3.884291965559762 ], [ 120.268983487022737, -3.885591529601514 ], [ 120.268866706035809, -3.886658066871097 ], [ 120.267285671135767, -3.885089629243335 ], [ 120.266773631423803, -3.884973116617483 ], [ 120.266441254768694, -3.885053779206325 ], [ 120.266387355851649, -3.884318853111937 ], [ 120.266602951519829, -3.883619776476941 ], [ 120.266800580882332, -3.884041015031471 ], [ 120.266701766201081, -3.884731128804689 ], [ 120.266854479799377, -3.884838678952277 ] ] ] } },
{ "type": "Feature", "properties": { "FID": 187, "REMARK": "Tegalan/Ladang" }, "geometry": { "type": "Polygon", "coordinates": [ [ [ 120.267788727694864, -3.882347097013865 ], [ 120.268669076673305, -3.883476376069983 ], [ 120.267653980402244, -3.883064099764268 ], [ 120.267366519511341, -3.882472572539144 ], [ 120.267159906995985, -3.882445684928153 ], [ 120.266980243939145, -3.882813148870898 ], [ 120.266746681965287, -3.88269663593076 ], [ 120.266638884131183, -3.881881044899564 ], [ 120.266890412410731, -3.881441880171841 ], [ 120.267582115179522, -3.881540468191823 ], [ 120.267788727694864, -3.882347097013865 ] ] ] } },
{ "type": "Feature", "properties": { "FID": 188, "REMARK": "Tegalan/Ladang" }, "geometry": { "type": "Polygon", "coordinates": [ [ [ 120.062622499954799, -3.883064099764268 ], [ 120.063098607055394, -3.884067902591643 ], [ 120.062972842915627, -3.884686316239147 ], [ 120.062424870592295, -3.88474009131751 ], [ 120.062029611867288, -3.885313691940132 ], [ 120.061535538461015, -3.884569803557601 ], [ 120.06078095362237, -3.885573604593863 ], [ 120.060655189482603, -3.884973116617483 ], [ 120.060664172635441, -3.882185771311105 ], [ 120.061176212347377, -3.883055137233647 ], [ 120.061364858557027, -3.883162687594824 ], [ 120.061463673238279, -3.882454647465246 ], [ 120.061840965657638, -3.881674906382341 ], [ 120.061769100434901, -3.881423955076061 ], [ 120.061221128111583, -3.881083378183973 ], [ 120.06223622438263, -3.880895164579423 ], [ 120.062532668426385, -3.881038565424789 ], [ 120.062550634732077, -3.881406029979902 ], [ 120.062182325465585, -3.881845194726271 ], [ 120.062164359159908, -3.882114070988871 ], [ 120.062622499954799, -3.883064099764268 ] ] ] } },
{ "type": "Feature", "properties": { "FID": 189, "REMARK": "Tegalan/Ladang" }, "geometry": { "type": "Polygon", "coordinates": [ [ [ 120.281092777052677, -3.88087723947204 ], [ 120.282053974406693, -3.880447036780729 ], [ 120.2820988901709, -3.88069798837729 ], [ 120.283500262014115, -3.880545624916842 ], [ 120.282943306537945, -3.881343292140347 ], [ 120.283572127236837, -3.881630093654546 ], [ 120.283437379944232, -3.881988595410313 ], [ 120.282907373926591, -3.882454647465246 ], [ 120.282763643481132, -3.882544272830932 ], [ 120.282610929882836, -3.882069258284384 ], [ 120.281838378738485, -3.881701794017876 ], [ 120.281820412432793, -3.881988595410313 ], [ 120.281604816764613, -3.882078220825472 ], [ 120.282036008101002, -3.882436722390967 ], [ 120.282044991253855, -3.882669748326907 ], [ 120.282332452144757, -3.883001362047921 ], [ 120.282287536380551, -3.88333297563866 ], [ 120.282610929882836, -3.883548076276508 ], [ 120.283194834817522, -3.88361081395222 ], [ 120.283140935900477, -3.883010324579112 ], [ 120.283482295708438, -3.883234387827995 ], [ 120.283536194625484, -3.882562197902927 ], [ 120.284802819176079, -3.882759373669755 ], [ 120.284344678381188, -3.882580122974542 ], [ 120.284290779464143, -3.882239546548783 ], [ 120.284048234337419, -3.882024445577517 ], [ 120.284452476215293, -3.882078220825472 ], [ 120.283724840835134, -3.881612168562763 ], [ 120.283895520739122, -3.881576318378054 ], [ 120.284003318573212, -3.880841389256134 ], [ 120.284165015324348, -3.880671100709795 ], [ 120.284353661534041, -3.880653175597657 ], [ 120.28457824035506, -3.880886202025779 ], [ 120.285701134460211, -3.882445684928153 ], [ 120.285557404014753, -3.883566001327187 ], [ 120.284910617010183, -3.884291965559762 ], [ 120.284937566468699, -3.885277841912643 ], [ 120.28422789739426, -3.885743892151163 ], [ 120.284263830005628, -3.886434004531408 ], [ 120.283832638669239, -3.886290604602768 ], [ 120.283536194625484, -3.886389192056328 ], [ 120.283832638669239, -3.886514666980553 ], [ 120.283733823987987, -3.886819391718813 ], [ 120.283967385961844, -3.886998641513412 ], [ 120.283832638669239, -3.887715640310766 ], [ 120.28393145335049, -3.888101026912401 ], [ 120.28320381797036, -3.888647737835733 ], [ 120.282952289690783, -3.887939702309899 ], [ 120.282700761411249, -3.887697715348263 ], [ 120.282512115201584, -3.887760452715357 ], [ 120.282601946729997, -3.888459525918541 ], [ 120.282898390773738, -3.888611887949984 ], [ 120.282952289690783, -3.888844912180095 ], [ 120.282754660328294, -3.888952461803033 ], [ 120.282269570074874, -3.888459525918541 ], [ 120.282494148895893, -3.889095861278935 ], [ 120.28231448583908, -3.889669458938552 ], [ 120.282503132048745, -3.890207206389848 ], [ 120.28207194071237, -3.890198243935138 ], [ 120.281452103166316, -3.889839745668592 ], [ 120.28073345093901, -3.889902482876248 ], [ 120.280993962371426, -3.88932888537524 ], [ 120.280886164537336, -3.889024161544034 ], [ 120.28003276501741, -3.889543984483872 ], [ 120.279978866100365, -3.889364735230492 ], [ 120.280212428074236, -3.888961424270991 ], [ 120.279960899794688, -3.888522263228942 ], [ 120.279466826388415, -3.888907649461809 ], [ 120.278945803523627, -3.888979349206624 ], [ 120.278415797505986, -3.888925574398585 ], [ 120.277921724099727, -3.88850433828359 ], [ 120.27801155562814, -3.88840575107734 ], [ 120.278523595340104, -3.888629812893048 ], [ 120.279412927471355, -3.888495375810769 ], [ 120.279709371515139, -3.888351976232708 ], [ 120.279790219890714, -3.888136876819874 ], [ 120.279691405209462, -3.888029327092877 ], [ 120.279107500274762, -3.888074139480794 ], [ 120.278469696423031, -3.887401953411945 ], [ 120.27793070725258, -3.887168928782989 ], [ 120.277885791488373, -3.886944866579033 ], [ 120.278092404003715, -3.886559479448969 ], [ 120.277948673558257, -3.885663229628306 ], [ 120.277032391968447, -3.884811791416665 ], [ 120.27663713324344, -3.883924502260827 ], [ 120.276691032160485, -3.883781101905646 ], [ 120.277265953942319, -3.884032052511223 ], [ 120.277454600151998, -3.884283003042178 ], [ 120.277481549610528, -3.884695278752445 ], [ 120.278505629034427, -3.884802828904603 ], [ 120.278855971995227, -3.885717004644401 ], [ 120.279314112790118, -3.886362304570136 ], [ 120.279619539986712, -3.886371267065627 ], [ 120.27962852313955, -3.886138242151872 ], [ 120.280679552021965, -3.886407117046645 ], [ 120.280697518327656, -3.886183054640286 ], [ 120.280499888965153, -3.885967954674183 ], [ 120.280688535174804, -3.885896254673292 ], [ 120.280751417244701, -3.885510867064087 ], [ 120.280338192214003, -3.885017929167792 ], [ 120.280553787882198, -3.884363665696994 ], [ 120.280212428074236, -3.883736289289654 ], [ 120.279826152502068, -3.883485338596131 ], [ 120.279502758999769, -3.882060295743201 ], [ 120.279098517121923, -3.881970670326139 ], [ 120.278694275244078, -3.882105108448164 ], [ 120.278137319767922, -3.88295654939053 ], [ 120.277742061042915, -3.882786261270756 ], [ 120.276717981619015, -3.882759373669755 ], [ 120.276107127225799, -3.883279200470634 ], [ 120.275002199426339, -3.883189575182977 ], [ 120.275244744553063, -3.882338134475631 ], [ 120.275936447321826, -3.882347097013865 ], [ 120.276583234326395, -3.880957902452267 ], [ 120.276870695217312, -3.88102064032045 ], [ 120.277086290885492, -3.881289516845592 ], [ 120.276852728911635, -3.881791419463477 ], [ 120.27741866754063, -3.881809344551455 ], [ 120.277508499069043, -3.881630093654546 ], [ 120.277912740946888, -3.881746606741867 ], [ 120.278379864894617, -3.881567355831639 ], [ 120.278460713270192, -3.880680063265722 ], [ 120.278658342632724, -3.88043807422233 ], [ 120.27879308992533, -3.880545624916842 ], [ 120.278703258396931, -3.881307441944225 ], [ 120.279880051419113, -3.88137914233495 ], [ 120.280311242755488, -3.881146116042836 ], [ 120.280320225908326, -3.8805545874741 ], [ 120.280643619410597, -3.880007871307351 ], [ 120.28096701291291, -3.88032156095449 ], [ 120.281092777052677, -3.88087723947204 ] ], [ [ 120.283302632651612, -3.886129279653903 ], [ 120.283661958765251, -3.885492942054723 ], [ 120.283697891376619, -3.884784903880195 ], [ 120.283518228319792, -3.884489140922491 ], [ 120.282673811952719, -3.883754214336335 ], [ 120.281497018930523, -3.883566001327187 ], [ 120.281434136860639, -3.883807989474098 ], [ 120.282143805935107, -3.884453290859967 ], [ 120.282673811952719, -3.885555679585833 ], [ 120.283302632651612, -3.886129279653903 ] ] ] } },
{ "type": "Feature", "properties": { "FID": 190, "REMARK": "Tegalan/Ladang" }, "geometry": { "type": "Polygon", "coordinates": [ [ [ 120.265165647065245, -3.880115422056635 ], [ 120.265408192191941, -3.880724876043927 ], [ 120.265390225886264, -3.881074415632327 ], [ 120.265201579676599, -3.88126262919693 ], [ 120.265435141650471, -3.881630093654546 ], [ 120.26466259050612, -3.881863119813109 ], [ 120.264375129615203, -3.881110265838343 ], [ 120.264132584488507, -3.881038565424789 ], [ 120.263773258374854, -3.881818307095303 ], [ 120.263189353440168, -3.88183623218271 ], [ 120.262955791466311, -3.882006520494106 ], [ 120.26269528003391, -3.88269663593076 ], [ 120.262758162103808, -3.883539113751024 ], [ 120.263351050191304, -3.884363665696994 ], [ 120.264734455728842, -3.884363665696994 ], [ 120.264905135632858, -3.884507065953182 ], [ 120.265030899772626, -3.885053779206325 ], [ 120.263216302898698, -3.885241991883631 ], [ 120.262686296881071, -3.884775941367848 ], [ 120.262282055003212, -3.884749053830237 ], [ 120.261868829972514, -3.884435365828134 ], [ 120.261257975579312, -3.883108912415948 ], [ 120.261967644653765, -3.88298343698525 ], [ 120.262120358252062, -3.882813148870898 ], [ 120.26218324032196, -3.88213199607 ], [ 120.26331511757995, -3.881630093654546 ], [ 120.263153420828814, -3.880931014793048 ], [ 120.263377999649833, -3.880303635834935 ], [ 120.264258348628275, -3.880205047670579 ], [ 120.264680556811797, -3.879909283108479 ], [ 120.265165647065245, -3.880115422056635 ] ] ] } },
{ "type": "Feature", "properties": { "FID": 191, "REMARK": "Tegalan/Ladang" }, "geometry": { "type": "Polygon", "coordinates": [ [ [ 120.274283547199047, -3.878197431639514 ], [ 120.274463210255874, -3.877928554130333 ], [ 120.274777620605306, -3.877910628960013 ], [ 120.275370508692845, -3.878484234221691 ], [ 120.274849485828042, -3.878681410940481 ], [ 120.274032018919499, -3.878421496165158 ], [ 120.272972006884245, -3.877265322575335 ], [ 120.272406068255236, -3.877014369959375 ], [ 120.272379118796707, -3.876709641682708 ], [ 120.272693529146153, -3.876700679084672 ], [ 120.274283547199047, -3.878197431639514 ] ] ] } },
{ "type": "Feature", "properties": { "FID": 192, "REMARK": "Tegalan/Ladang" }, "geometry": { "type": "Polygon", "coordinates": [ [ [ 120.152534876742337, -3.879837582592982 ], [ 120.152274365309921, -3.880061646683705 ], [ 120.151852157126399, -3.879738994374238 ], [ 120.151573679388335, -3.879129539675719 ], [ 120.150217223309284, -3.877561088062796 ], [ 120.150226206462136, -3.877265322575335 ], [ 120.151349100567273, -3.876799267657834 ], [ 120.151708426680941, -3.876404913296214 ], [ 120.153271495275305, -3.877561088062796 ], [ 120.153981164349773, -3.878358758103965 ], [ 120.153918282279875, -3.878708298671297 ], [ 120.153594888777576, -3.879129539675719 ], [ 120.15300200069008, -3.879380491663644 ], [ 120.152534876742337, -3.879837582592982 ] ] ] } },
{ "type": "Feature", "properties": { "FID": 193, "REMARK": "Tegalan/Ladang" }, "geometry": { "type": "Polygon", "coordinates": [ [ [ 120.201969166827425, -3.876324249881405 ], [ 120.202589004373479, -3.87658416530157 ], [ 120.202948330487118, -3.876252549061784 ], [ 120.203909527841134, -3.876288399472354 ], [ 120.204718011596825, -3.875885082265802 ], [ 120.205445646976969, -3.875894044872482 ], [ 120.20360410064454, -3.876736529476243 ], [ 120.203101044085415, -3.877256359983193 ], [ 120.203756814242837, -3.877713452061405 ], [ 120.203828679465559, -3.878054030311928 ], [ 120.203056128321208, -3.878278094875589 ], [ 120.202337476093902, -3.878887550188206 ], [ 120.202076964661515, -3.880007871307351 ], [ 120.201052885237615, -3.879586630740823 ], [ 120.200981020014893, -3.879864470287007 ], [ 120.2006755928183, -3.880115422056635 ], [ 120.20086423902795, -3.88069798837729 ], [ 120.200379148774545, -3.881047527976817 ], [ 120.200352199316015, -3.881898969985642 ], [ 120.199849142756904, -3.881961707783911 ], [ 120.20054084552568, -3.88032156095449 ], [ 120.19962456393587, -3.879864470287007 ], [ 120.198582518206294, -3.879891357980175 ], [ 120.198286074162539, -3.879577668173296 ], [ 120.198510652983572, -3.87877103670654 ], [ 120.199067608459728, -3.87851112195878 ], [ 120.199391001962013, -3.878080918062704 ], [ 120.199938974285303, -3.878009217392068 ], [ 120.198914894861417, -3.877130883683192 ], [ 120.199660496547239, -3.876700679084672 ], [ 120.19954371556031, -3.876324249881405 ], [ 120.200990003167732, -3.876162923028708 ], [ 120.201412211351283, -3.876378025492132 ], [ 120.201268480905796, -3.875419026587567 ], [ 120.201969166827425, -3.876324249881405 ] ] ] } },
{ "type": "Feature", "properties": { "FID": 194, "REMARK": "Tegalan/Ladang" }, "geometry": { "type": "Polygon", "coordinates": [ [ [ 120.24597763259645, -3.874961933269079 ], [ 120.246238144028837, -3.87494400803587 ], [ 120.245806952692462, -3.875472802255854 ], [ 120.246588486989637, -3.875938857904456 ], [ 120.246696284823727, -3.876342175085361 ], [ 120.247747313706142, -3.875911970085558 ], [ 120.247935959915836, -3.875069484660357 ], [ 120.248636645837436, -3.876136035216932 ], [ 120.249004955103942, -3.875544503141587 ], [ 120.250774636213634, -3.876055371776476 ], [ 120.251376507454012, -3.87544591442214 ], [ 120.251502271593779, -3.875705830112259 ], [ 120.25187058086027, -3.875894044872482 ], [ 120.252831778214272, -3.875813381408944 ], [ 120.252804828755757, -3.877964404469832 ], [ 120.25265211515746, -3.87836772068442 ], [ 120.251699900956282, -3.879219165394248 ], [ 120.251367524301173, -3.880052684121218 ], [ 120.250720737296589, -3.880429111663835 ], [ 120.250532091086924, -3.881056490528748 ], [ 120.249822422012471, -3.881531505645027 ], [ 120.24880732574141, -3.882992399516633 ], [ 120.248510881697655, -3.883279200470634 ], [ 120.248007825138558, -3.88304617470293 ], [ 120.247837145234556, -3.883153725065249 ], [ 120.247028661478865, -3.885403317002189 ], [ 120.245663222247018, -3.885008966657921 ], [ 120.245519491801531, -3.885618417112275 ], [ 120.245133216229362, -3.885699079639417 ], [ 120.243965406360019, -3.885259916898328 ], [ 120.243893541137282, -3.884605653615175 ], [ 120.244297783015128, -3.881092340735524 ], [ 120.244109136805463, -3.881065453080585 ], [ 120.244773890115724, -3.876252549061784 ], [ 120.244531344989014, -3.874863344481728 ], [ 120.24481880587993, -3.874684092111651 ], [ 120.24597763259645, -3.874961933269079 ] ] ] } },
{ "type": "Feature", "properties": { "FID": 195, "REMARK": "Tegalan/Ladang" }, "geometry": { "type": "Polygon", "coordinates": [ [ [ 120.276655099549131, -3.874997783734357 ], [ 120.276152042990006, -3.875849231838133 ], [ 120.275343559234315, -3.876404913296214 ], [ 120.273627777041639, -3.87626151166457 ], [ 120.272558781853533, -3.876476614102915 ], [ 120.272379118796707, -3.876252549061784 ], [ 120.272459967172281, -3.875741680546008 ], [ 120.271938944307507, -3.875616204021241 ], [ 120.272388101949559, -3.875015708966427 ], [ 120.274436260797344, -3.875472802255854 ], [ 120.274660839618377, -3.87543695181071 ], [ 120.274795586910983, -3.875168073423682 ], [ 120.275433390762728, -3.875383176140142 ], [ 120.275657969583747, -3.87467512949215 ], [ 120.275891531557619, -3.874495877082191 ], [ 120.276277807129802, -3.874594465912368 ], [ 120.276655099549131, -3.874997783734357 ] ] ] } },
{ "type": "Feature", "properties": { "FID": 196, "REMARK": "Tegalan/Ladang" }, "geometry": { "type": "Polygon", "coordinates": [ [ [ 120.250954299270461, -3.874379362995351 ], [ 120.250675821532383, -3.873814717577981 ], [ 120.250855484589209, -3.873492062884591 ], [ 120.25206821022276, -3.873814717577981 ], [ 120.250954299270461, -3.874379362995351 ] ] ] } },
{ "type": "Feature", "properties": { "FID": 197, "REMARK": "Tegalan/Ladang" }, "geometry": { "type": "Polygon", "coordinates": [ [ [ 120.282925340232268, -3.873133557525426 ], [ 120.28302415491352, -3.874316624634253 ], [ 120.282826525551016, -3.874997783734357 ], [ 120.281829395585646, -3.875876119659028 ], [ 120.280904130843012, -3.875911970085558 ], [ 120.280715484633333, -3.875553465751877 ], [ 120.281200574886768, -3.874997783734357 ], [ 120.281200574886768, -3.87463031639322 ], [ 120.280841248773129, -3.874442101351798 ], [ 120.281227524345297, -3.873868493348252 ], [ 120.280778366703245, -3.873375548659522 ], [ 120.281577867306098, -3.872927416875136 ], [ 120.282089907018062, -3.873169408068177 ], [ 120.282296519533404, -3.872882603683646 ], [ 120.282925340232268, -3.873133557525426 ] ] ] } },
{ "type": "Feature", "properties": { "FID": 198, "REMARK": "Tegalan/Ladang" }, "geometry": { "type": "Polygon", "coordinates": [ [ [ 120.281676681987349, -3.870686754394496 ], [ 120.281631766223143, -3.871099036736114 ], [ 120.281398204249271, -3.871099036736114 ], [ 120.281335322179388, -3.87090185824995 ], [ 120.281002945524264, -3.871045260789895 ], [ 120.281137692816884, -3.871717459872139 ], [ 120.280670568869127, -3.872739201454935 ], [ 120.279691405209462, -3.872407583707982 ], [ 120.280041748170262, -3.871609908054844 ], [ 120.279969882947526, -3.871484430917398 ], [ 120.27952072530546, -3.871439617649517 ], [ 120.279844118807759, -3.870659866408724 ], [ 120.280140562851514, -3.870767418346694 ], [ 120.281577867306098, -3.870579202446281 ], [ 120.281676681987349, -3.870686754394496 ] ] ] } },
{ "type": "Feature", "properties": { "FID": 199, "REMARK": "Tegalan/Ladang" }, "geometry": { "type": "Polygon", "coordinates": [ [ [ 120.175010725150997, -3.871081111421087 ], [ 120.175199371360648, -3.872165592297129 ], [ 120.176969052470383, -3.873635464985731 ], [ 120.177202614444241, -3.874316624634253 ], [ 120.178756699885781, -3.874576540671373 ], [ 120.179107042846582, -3.874997783734357 ], [ 120.179205857527833, -3.875885082265802 ], [ 120.178666868357382, -3.875992633539691 ], [ 120.178199744409625, -3.87580441880141 ], [ 120.17539700072318, -3.876369062890582 ], [ 120.1749478430811, -3.877068145526208 ], [ 120.175073607220881, -3.878950288210141 ], [ 120.173744100600388, -3.879290865962226 ], [ 120.173052397831626, -3.879290865962226 ], [ 120.172540358119662, -3.879093689385646 ], [ 120.17244154343841, -3.878869625038226 ], [ 120.172827819010578, -3.877623826183196 ], [ 120.172782903246372, -3.876951631793744 ], [ 120.173169178818569, -3.875974708328326 ], [ 120.173043414678787, -3.874764755682885 ], [ 120.174076477255497, -3.874307662010859 ], [ 120.174310039229397, -3.873976044878539 ], [ 120.174390887604957, -3.873527913412155 ], [ 120.1741573256311, -3.873008080613838 ], [ 120.174274106618029, -3.872273144043826 ], [ 120.173986645727098, -3.871959451411097 ], [ 120.173492572320839, -3.871905675519529 ], [ 120.17246849289694, -3.872300031978367 ], [ 120.171920520573636, -3.872335882556423 ], [ 120.171462379778717, -3.871923600817098 ], [ 120.17120186834633, -3.871072148763431 ], [ 120.171534245001453, -3.870686754394496 ], [ 120.171992385796372, -3.870552314457093 ], [ 120.172423577132733, -3.870624015759698 ], [ 120.173178161971407, -3.871063186105681 ], [ 120.173663252224813, -3.871072148763431 ], [ 120.174849028399848, -3.870184845185962 ], [ 120.175603613238522, -3.869871151779581 ], [ 120.175010725150997, -3.871081111421087 ] ], [ [ 120.177822451990295, -3.875203923880225 ], [ 120.177678721544837, -3.875338363078724 ], [ 120.177364311195376, -3.875239774335247 ], [ 120.176897187247647, -3.875678942285951 ], [ 120.175181405054971, -3.875678942285951 ], [ 120.174588516967461, -3.876324249881405 ], [ 120.173393757639587, -3.877023332554085 ], [ 120.173474606015162, -3.877301172942963 ], [ 120.174489702286209, -3.878260169712681 ], [ 120.174426820216325, -3.878439421324642 ], [ 120.173546471237884, -3.878788961858612 ], [ 120.173187145124245, -3.878753111554088 ], [ 120.172836802163417, -3.878403571005291 ], [ 120.172836802163417, -3.878726223824699 ], [ 120.173645285919136, -3.878977175932401 ], [ 120.174417837063487, -3.878618672898583 ], [ 120.174893944164054, -3.878717261248045 ], [ 120.174983775692468, -3.877785152757129 ], [ 120.174777163177126, -3.877274285167385 ], [ 120.175208354513487, -3.876073296986131 ], [ 120.175783276295348, -3.875768568370321 ], [ 120.177202614444241, -3.87580441880141 ], [ 120.177597873169276, -3.875669979676991 ], [ 120.17811889603405, -3.875239774335247 ], [ 120.177822451990295, -3.875203923880225 ] ] ] } },
{ "type": "Feature", "properties": { "FID": 200, "REMARK": "Tegalan/Ladang" }, "geometry": { "type": "Polygon", "coordinates": [ [ [ 120.139778799707827, -3.871645758662127 ], [ 120.140021344834537, -3.871851899624545 ], [ 120.14040762040672, -3.87279297729355 ], [ 120.141117289481159, -3.873438287090401 ], [ 120.141611362887431, -3.874226998396041 ], [ 120.142087469988013, -3.874666166872555 ], [ 120.142069503682336, -3.87544591442214 ], [ 120.142644425464184, -3.875911970085558 ], [ 120.143102566259074, -3.875831306623728 ], [ 120.142617476005654, -3.87646765150241 ], [ 120.142590526547139, -3.876888893623459 ], [ 120.142824088520996, -3.877381836264567 ], [ 120.142473745560196, -3.877247397390951 ], [ 120.142374930878944, -3.877435611808027 ], [ 120.142590526547139, -3.87768656429894 ], [ 120.143219347246003, -3.877829965688869 ], [ 120.143273246163048, -3.878054030311928 ], [ 120.142779172756789, -3.878260169712681 ], [ 120.141584413428916, -3.878188469057252 ], [ 120.141386784066412, -3.878045067728146 ], [ 120.141243053620954, -3.877579013240529 ], [ 120.140551350852178, -3.87692474400705 ], [ 120.14038067094819, -3.877112958495958 ], [ 120.140371687795351, -3.877534200295485 ], [ 120.140793895978888, -3.877821003102711 ], [ 120.141171188398204, -3.878627635476282 ], [ 120.141404750372089, -3.878779999282623 ], [ 120.141782042791419, -3.878914437912463 ], [ 120.142078486835175, -3.878699336094451 ], [ 120.14233899826759, -3.878708298671297 ], [ 120.143282229315886, -3.879219165394248 ], [ 120.143659521735231, -3.879756919505775 ], [ 120.144144611988651, -3.879586630740823 ], [ 120.14447698864376, -3.879819657463157 ], [ 120.144315291892624, -3.880796576484111 ], [ 120.144728516923337, -3.881002715215731 ], [ 120.144809365298912, -3.88133432959146 ], [ 120.144459022338083, -3.881943782699167 ], [ 120.143201380940326, -3.881450842719587 ], [ 120.142653408617022, -3.880904127132972 ], [ 120.141458649289135, -3.880151272303356 ], [ 120.141063390564113, -3.880133347180185 ], [ 120.140991525341391, -3.880285710714998 ], [ 120.141440682983458, -3.880931014793048 ], [ 120.142195267822103, -3.881056490528748 ], [ 120.143399010302815, -3.882078220825472 ], [ 120.144090713071606, -3.882096145907361 ], [ 120.144180544600019, -3.882553235366976 ], [ 120.143911050014779, -3.883781101905646 ], [ 120.144207494058534, -3.884551878528243 ], [ 120.143614605971024, -3.884847641463956 ], [ 120.14357867335967, -3.885609454608784 ], [ 120.143866134250572, -3.885994842172946 ], [ 120.144099696224444, -3.886980716535667 ], [ 120.144450039185244, -3.887204778730097 ], [ 120.144575803325012, -3.88785903999707 ], [ 120.144108679377283, -3.888880762055932 ], [ 120.143381043997138, -3.889499172174101 ], [ 120.143066633647706, -3.889499172174101 ], [ 120.142500695018725, -3.889033124011231 ], [ 120.142222217280633, -3.888441600971855 ], [ 120.14221323412778, -3.887509503218974 ], [ 120.142401880337474, -3.887348178503287 ], [ 120.143102566259074, -3.887213741216636 ], [ 120.14323731355168, -3.88696279155754 ], [ 120.142788155909628, -3.886720804315543 ], [ 120.142464762407357, -3.885313691940132 ], [ 120.142518661324402, -3.884480178407002 ], [ 120.142383914031782, -3.884166490304944 ], [ 120.141791025944258, -3.884049977551624 ], [ 120.141341868302206, -3.884202340379653 ], [ 120.141386784066412, -3.885179254329195 ], [ 120.141620346040284, -3.885681154634052 ], [ 120.141539497664709, -3.885976917173867 ], [ 120.141737127027213, -3.886111354657681 ], [ 120.141844924861303, -3.88707930390855 ], [ 120.141638312345961, -3.887473653284821 ], [ 120.141440682983458, -3.887168928782989 ], [ 120.141135255786836, -3.887222703703078 ], [ 120.141162205245365, -3.887563278117343 ], [ 120.141413733524942, -3.887805265117565 ], [ 120.141144238939688, -3.887778377676526 ], [ 120.141135255786836, -3.888029327092877 ], [ 120.141305935690838, -3.888611887949984 ], [ 120.142159335210735, -3.888880762055932 ], [ 120.142258149891987, -3.889060011412247 ], [ 120.142123402599381, -3.889158598541971 ], [ 120.141234070468116, -3.889051048945336 ], [ 120.141126272633997, -3.889176523473409 ], [ 120.14188984062551, -3.88959775925245 ], [ 120.142060520529483, -3.890001069907413 ], [ 120.141773059638581, -3.890081732015241 ], [ 120.141611362887431, -3.890359568105321 ], [ 120.140874744354448, -3.89063740410378 ], [ 120.14065016553343, -3.89055674204915 ], [ 120.140560334005016, -3.890252018661965 ], [ 120.139554220886794, -3.891219963157905 ], [ 120.138566074074262, -3.891408174458516 ], [ 120.138045051209488, -3.891202038269939 ], [ 120.137649792484453, -3.890780803292942 ], [ 120.137577927261731, -3.889884557960252 ], [ 120.137245550606607, -3.889427472473511 ], [ 120.137281483217976, -3.88910482374537 ], [ 120.137874371305514, -3.88893453686683 ], [ 120.137991152292443, -3.888737362543433 ], [ 120.137488095733318, -3.888638775364437 ], [ 120.13711978646684, -3.88826235148403 ], [ 120.136715544588995, -3.88857603806271 ], [ 120.136499948920786, -3.888567075590653 ], [ 120.136212488029869, -3.887975552224234 ], [ 120.135583667331005, -3.887966589745793 ], [ 120.135412987427003, -3.887778377676526 ], [ 120.135386037968473, -3.887267516133868 ], [ 120.135628583095212, -3.886810429228083 ], [ 120.136499948920786, -3.886353342074548 ], [ 120.136742494047525, -3.886057579666725 ], [ 120.137083853855472, -3.885134441787455 ], [ 120.13827861318336, -3.884632541157355 ], [ 120.138619972991307, -3.884274040524501 ], [ 120.138727770825398, -3.883315050583033 ], [ 120.139284726301568, -3.882965511922199 ], [ 120.139904563847594, -3.88183623218271 ], [ 120.139392524135658, -3.880599400258961 ], [ 120.139284726301568, -3.88043807422233 ], [ 120.138916417035091, -3.880375336310875 ], [ 120.138799636048134, -3.880671100709795 ], [ 120.139078113786226, -3.881083378183973 ], [ 120.138916417035091, -3.88133432959146 ], [ 120.139167945314639, -3.882615973116629 ], [ 120.138853534965179, -3.882759373669755 ], [ 120.138584040379953, -3.882517385222225 ], [ 120.138449293087334, -3.882929661794955 ], [ 120.137991152292443, -3.882902774198522 ], [ 120.138045051209488, -3.883816951996725 ], [ 120.137892337611191, -3.884444328344097 ], [ 120.137101820161163, -3.884883491509725 ], [ 120.136679611977627, -3.884865566487032 ], [ 120.136472999462256, -3.883521188699774 ], [ 120.135269256981545, -3.882338134475631 ], [ 120.135170442300293, -3.881728681652555 ], [ 120.135421970579841, -3.881181966245808 ], [ 120.135404004274164, -3.880429111663835 ], [ 120.135520785261122, -3.880142309741817 ], [ 120.136131639654309, -3.879864470287007 ], [ 120.136248420641238, -3.879138502247999 ], [ 120.137470129427641, -3.879156427392275 ], [ 120.137775556624263, -3.879030951374356 ], [ 120.137874371305514, -3.878340832942769 ], [ 120.137595893567408, -3.878009217392068 ], [ 120.135610616789521, -3.877516275116802 ], [ 120.135889094527599, -3.87692474400705 ], [ 120.135835195610554, -3.876521427104017 ], [ 120.136185538571354, -3.876763417268923 ], [ 120.136517915226463, -3.876566240102743 ], [ 120.137056904396957, -3.874666166872555 ], [ 120.136895207645821, -3.874522764946107 ], [ 120.136410117392373, -3.87462135377315 ], [ 120.136338252169651, -3.874065671143335 ], [ 120.13612265650147, -3.873814717577981 ], [ 120.135727397776463, -3.874074633769291 ], [ 120.135718414623625, -3.873877455976297 ], [ 120.135386037968473, -3.873760941804294 ], [ 120.134730267811079, -3.87293637951315 ], [ 120.134559587907106, -3.872353807844882 ], [ 120.135170442300293, -3.871600945402787 ], [ 120.135484852649725, -3.870668829070743 ], [ 120.136149605959986, -3.870910820909407 ], [ 120.135790279846347, -3.871018372815505 ], [ 120.135484852649725, -3.871609908054844 ], [ 120.135547734719637, -3.871851899624545 ], [ 120.136167572265663, -3.871977376707528 ], [ 120.136508932073625, -3.871699534570206 ], [ 120.136868258187292, -3.871090074078647 ], [ 120.136688595130465, -3.870113143846174 ], [ 120.136949106562867, -3.869530570235398 ], [ 120.137290466370814, -3.86918102587661 ], [ 120.138215731113462, -3.868723929189814 ], [ 120.138503192004379, -3.868956958904094 ], [ 120.138628956144146, -3.869960778478974 ], [ 120.139428456747027, -3.870866007611169 ], [ 120.139778799707827, -3.871645758662127 ] ], [ [ 120.138134882737901, -3.871941526114288 ], [ 120.137748607165705, -3.87270335089396 ], [ 120.13779352292994, -3.87345621235551 ], [ 120.137640809331614, -3.874065671143335 ], [ 120.138637939296999, -3.876136035216932 ], [ 120.138826585506649, -3.875974708328326 ], [ 120.138907433882252, -3.875454877033472 ], [ 120.138539124615747, -3.875087409890907 ], [ 120.138107933279372, -3.874101521646594 ], [ 120.13835946155892, -3.872488247496225 ], [ 120.138296579489037, -3.871735385173694 ], [ 120.138134882737901, -3.871941526114288 ] ] ] } },
{ "type": "Feature", "properties": { "FID": 201, "REMARK": "Tegalan/Ladang" }, "geometry": { "type": "Polygon", "coordinates": [ [ [ 120.167527758834296, -3.868688078458852 ], [ 120.167195382179145, -3.870803268989649 ], [ 120.167967933323496, -3.871054223447836 ], [ 120.167500809375767, -3.871995302003578 ], [ 120.167644539821225, -3.872040115242045 ], [ 120.167536741987135, -3.872273144043826 ], [ 120.167761320808154, -3.872362770488969 ], [ 120.168327259437135, -3.871179700649038 ], [ 120.168551838258196, -3.871242439242666 ], [ 120.169234557874105, -3.869476794189588 ], [ 120.169791513350276, -3.869620196970829 ], [ 120.169971176407088, -3.869360279411955 ], [ 120.170869491691221, -3.869727749040827 ], [ 120.170743727551439, -3.870193807853007 ], [ 120.171219834652021, -3.870319285181701 ], [ 120.171345598791788, -3.869924927800354 ], [ 120.171857638503752, -3.870193807853007 ], [ 120.170968306372473, -3.870552314457093 ], [ 120.170743727551439, -3.870955634205276 ], [ 120.170878474844059, -3.871466505610531 ], [ 120.16907286112297, -3.87226418139879 ], [ 120.168228444755883, -3.872972230064253 ], [ 120.167788270266684, -3.873008080613838 ], [ 120.166988769663803, -3.87220144288088 ], [ 120.166018589156948, -3.87193256346574 ], [ 120.165731128266046, -3.869656047662345 ], [ 120.164994509733049, -3.869172063198848 ], [ 120.165308920082509, -3.86889422014117 ], [ 120.165461633680806, -3.869064511058298 ], [ 120.165856892405813, -3.869109324451853 ], [ 120.166306050047893, -3.869001772303339 ], [ 120.166386898423454, -3.869198951231852 ], [ 120.166728258231416, -3.869091399094716 ], [ 120.166575544633119, -3.868732891872317 ], [ 120.166656393008694, -3.868472974041218 ], [ 120.167527758834296, -3.868688078458852 ] ] ] } },
{ "type": "Feature", "properties": { "FID": 202, "REMARK": "Tegalan/Ladang" }, "geometry": { "type": "Polygon", "coordinates": [ [ [ 120.246130346194747, -3.868329571065793 ], [ 120.24632797555725, -3.868329571065793 ], [ 120.246130346194747, -3.868786667965348 ], [ 120.24608543043054, -3.869656047662345 ], [ 120.245771020081108, -3.869270652649024 ], [ 120.246166278806101, -3.868383347184422 ], [ 120.245645255941326, -3.868257869568979 ], [ 120.246130346194747, -3.868329571065793 ] ] ] } },
{ "type": "Feature", "properties": { "FID": 203, "REMARK": "Tegalan/Ladang" }, "geometry": { "type": "Polygon", "coordinates": [ [ [ 120.218282572387025, -3.867764921614148 ], [ 120.218776645793312, -3.868222018818296 ], [ 120.218040027260315, -3.868464011355965 ], [ 120.217662734840999, -3.868042765042134 ], [ 120.217321375033038, -3.868069653110976 ], [ 120.217348324491567, -3.868741854554726 ], [ 120.218075959871683, -3.868795630647189 ], [ 120.21809392617736, -3.869082436416005 ], [ 120.217833414744973, -3.869136212486849 ], [ 120.216557807041525, -3.868598451624807 ], [ 120.216198480927886, -3.867755958921407 ], [ 120.217914263120548, -3.867585667741298 ], [ 120.218282572387025, -3.867764921614148 ] ] ] } },
{ "type": "Feature", "properties": { "FID": 204, "REMARK": "Tegalan/Ladang" }, "geometry": { "type": "Polygon", "coordinates": [ [ [ 120.249768523095426, -3.86781869776861 ], [ 120.249660725261336, -3.867935212758236 ], [ 120.249570893732923, -3.86784558584456 ], [ 120.249355298064742, -3.866178523522602 ], [ 120.249687674719851, -3.865775201500584 ], [ 120.250002085069283, -3.864807227865044 ], [ 120.250442259558525, -3.864466644286078 ], [ 120.25082853513068, -3.862898165512767 ], [ 120.251035147646022, -3.862727873357169 ], [ 120.25107108025739, -3.86319393601758 ], [ 120.250693787838074, -3.865318102977044 ], [ 120.250684804685221, -3.865891716771096 ], [ 120.25082853513068, -3.866187486232024 ], [ 120.250711754143751, -3.86688657727494 ], [ 120.250523107934086, -3.86728989876821 ], [ 120.249768523095426, -3.86781869776861 ] ] ] } },
{ "type": "Feature", "properties": { "FID": 205, "REMARK": "Tegalan/Ladang" }, "geometry": { "type": "Polygon", "coordinates": [ [ [ 120.265992097126613, -3.857547390403128 ], [ 120.26579446776411, -3.857905902351926 ], [ 120.264959034549904, -3.857887976758079 ], [ 120.265471074261839, -3.857807311581086 ], [ 120.265596838401606, -3.857484650796537 ], [ 120.265992097126613, -3.857547390403128 ] ] ] } },
{ "type": "Feature", "properties": { "FID": 206, "REMARK": "Tegalan/Ladang" }, "geometry": { "type": "Polygon", "coordinates": [ [ [ 120.11671904636448, -3.858156860626076 ], [ 120.116494467543461, -3.858802181562056 ], [ 120.118111435054871, -3.859797050377835 ], [ 120.119899082470269, -3.861168354132355 ], [ 120.121004010269743, -3.862234922187797 ], [ 120.119593655273647, -3.862512767427565 ], [ 120.118300081264522, -3.862539655671748 ], [ 120.117518546967361, -3.861975002365021 ], [ 120.116548366460506, -3.860290002962862 ], [ 120.116728029517333, -3.860119710284025 ], [ 120.116287855028119, -3.859581943705602 ], [ 120.115425472355355, -3.858873883858015 ], [ 120.115146994617291, -3.858802181562056 ], [ 120.115389539743987, -3.858228562976503 ], [ 120.115838697386039, -3.85835404207519 ], [ 120.116108191971279, -3.85816582342021 ], [ 120.116710063211642, -3.85724265512772 ], [ 120.11671904636448, -3.858156860626076 ] ] ] } },
{ "type": "Feature", "properties": { "FID": 207, "REMARK": "Tegalan/Ladang" }, "geometry": { "type": "Polygon", "coordinates": [ [ [ 120.109658288231316, -3.856902068514121 ], [ 120.10980201867676, -3.857332283161244 ], [ 120.109999648039263, -3.8574308739872 ], [ 120.109352861034694, -3.858040344293725 ], [ 120.109056416990938, -3.858721516471867 ], [ 120.108355731069338, -3.859366836978885 ], [ 120.107888607121581, -3.859160692981325 ], [ 120.107385550562483, -3.858183749008195 ], [ 120.106846561392004, -3.85817478621425 ], [ 120.107592163077825, -3.857027547808696 ], [ 120.108625225654578, -3.85682140324354 ], [ 120.109658288231316, -3.856902068514121 ] ] ] } },
{ "type": "Feature", "properties": { "FID": 208, "REMARK": "Tegalan/Ladang" }, "geometry": { "type": "Polygon", "coordinates": [ [ [ 120.259425412399722, -3.853245235223104 ], [ 120.25967694067927, -3.853245235223104 ], [ 120.259991351028702, -3.853549971931306 ], [ 120.260449491823621, -3.853666488879119 ], [ 120.260215929849721, -3.854016039626792 ], [ 120.26080881793726, -3.853791968651223 ], [ 120.261078312522486, -3.853863671369828 ], [ 120.261141194592369, -3.853541009088506 ], [ 120.262228156086167, -3.853854708530333 ], [ 120.261985610959456, -3.854455218567661 ], [ 120.261662217457172, -3.854589661055239 ], [ 120.261608318540127, -3.854822694650024 ], [ 120.260925598924189, -3.854912322938705 ], [ 120.261069329369647, -3.855441129649614 ], [ 120.261464588094654, -3.855763791209954 ], [ 120.262039509876502, -3.854634475213042 ], [ 120.262273071850359, -3.854840620308515 ], [ 120.262587482199805, -3.854679289368484 ], [ 120.262785111562323, -3.854347664562295 ], [ 120.262497650671392, -3.853935374082388 ], [ 120.263009690383356, -3.853406566435163 ], [ 120.263674443693589, -3.853424492123502 ], [ 120.264015803501565, -3.854060853814821 ], [ 120.265417175344794, -3.854437292901046 ], [ 120.265372259580587, -3.854786843331906 ], [ 120.265677686777181, -3.855351501416676 ], [ 120.265587855248768, -3.85573690275127 ], [ 120.264249365475436, -3.855064691007781 ], [ 120.263683426846427, -3.854598623886989 ], [ 120.263476814331085, -3.854195296364744 ], [ 120.26366546054075, -3.854885434453093 ], [ 120.264824287257255, -3.856427039588267 ], [ 120.264833270410094, -3.856928956935947 ], [ 120.264581742130545, -3.857027547808696 ], [ 120.263602578470852, -3.85657940738586 ], [ 120.264060719265771, -3.857708720798806 ], [ 120.26444699483794, -3.858067232679531 ], [ 120.264869203021462, -3.858129972243105 ], [ 120.26479733779874, -3.860191412468751 ], [ 120.267249738524399, -3.864690712445526 ], [ 120.26837263262955, -3.866259187903982 ], [ 120.269001453328428, -3.867773884306795 ], [ 120.269450610970495, -3.866958278887769 ], [ 120.27023214526767, -3.866644584286865 ], [ 120.27087893227224, -3.86564972349905 ], [ 120.271525719276795, -3.864995445047374 ], [ 120.272675562840462, -3.864950631436322 ], [ 120.2733582824564, -3.864771376968435 ], [ 120.274148799906442, -3.864941668713829 ], [ 120.274858468980881, -3.864663824269518 ], [ 120.275720851653631, -3.864923743268555 ], [ 120.276502385950835, -3.864708637895723 ], [ 120.276610183784925, -3.865362916568677 ], [ 120.276394588116744, -3.866420516643717 ], [ 120.276691032160485, -3.867083756695627 ], [ 120.276780863688899, -3.869521607561333 ], [ 120.277813926265637, -3.869665010334987 ], [ 120.278110370309392, -3.869933890470152 ], [ 120.279098517121923, -3.870184845185962 ], [ 120.278999702440672, -3.870758455685718 ], [ 120.278227151296321, -3.870821194310558 ], [ 120.277813926265637, -3.871224513930675 ], [ 120.278299016519057, -3.872317957267584 ], [ 120.278092404003715, -3.873276959687318 ], [ 120.277400701234953, -3.873375548659522 ], [ 120.274588974395641, -3.873133557525426 ], [ 120.274067951530867, -3.873465174987924 ], [ 120.27133707306713, -3.872819865211575 ], [ 120.269980616988121, -3.872676462972233 ], [ 120.268678059826144, -3.873115632253482 ], [ 120.268363649476711, -3.872954304788891 ], [ 120.268642127214775, -3.871672646616594 ], [ 120.269082301703989, -3.871430654995657 ], [ 120.26940569520626, -3.871583020098385 ], [ 120.269809937084133, -3.871484430917398 ], [ 120.269818920236972, -3.87127828986551 ], [ 120.268929588105692, -3.869700861024608 ], [ 120.267905508681793, -3.869315466031674 ], [ 120.267555165720992, -3.868759779919261 ], [ 120.267231772218722, -3.868697041141734 ], [ 120.267429401581225, -3.8688314813736 ], [ 120.267815677153379, -3.869673973007534 ], [ 120.267555165720992, -3.870310322515981 ], [ 120.267842626611909, -3.872022189946943 ], [ 120.267707879319289, -3.872282106688768 ], [ 120.26734855320565, -3.87243447163825 ], [ 120.267294654288605, -3.872667500331468 ], [ 120.267330586899973, -3.873133557525426 ], [ 120.267806694000541, -3.873993970132258 ], [ 120.267680929860774, -3.874719942588704 ], [ 120.269190099538079, -3.876682753888316 ], [ 120.26874992504888, -3.876754454671458 ], [ 120.269037385939782, -3.87699644476967 ], [ 120.269217048996609, -3.877525237706191 ], [ 120.269513493040378, -3.877650713947657 ], [ 120.269603324568791, -3.877847890860899 ], [ 120.270142313739257, -3.87801817997623 ], [ 120.27023214526767, -3.878260169712681 ], [ 120.269980616988121, -3.878260169712681 ], [ 120.269684172944366, -3.878609710320789 ], [ 120.268157036961341, -3.878493196800816 ], [ 120.268228902184077, -3.879138502247999 ], [ 120.266854479799377, -3.879192277679687 ], [ 120.266701766201081, -3.879407379372214 ], [ 120.266827530340848, -3.879801732332952 ], [ 120.264644624200443, -3.878313945200262 ], [ 120.264644624200443, -3.877659676535619 ], [ 120.265003950314096, -3.877426649217689 ], [ 120.265318360663542, -3.877489387348065 ], [ 120.265498023720355, -3.877928554130333 ], [ 120.265605821554445, -3.877892703789313 ], [ 120.265542939484561, -3.8773997614461 ], [ 120.264788354645887, -3.875705830112259 ], [ 120.265003950314096, -3.874648241633078 ], [ 120.264806320951578, -3.872927416875136 ], [ 120.264563775824868, -3.872891566322134 ], [ 120.263728342610634, -3.874997783734357 ], [ 120.262749178950969, -3.875293550014931 ], [ 120.262443751754347, -3.875562428362071 ], [ 120.261222042967944, -3.874101521646594 ], [ 120.261222042967944, -3.87321422124448 ], [ 120.261527470164566, -3.873716128656943 ], [ 120.261877813125366, -3.873913306487532 ], [ 120.262434768601508, -3.873734053916169 ], [ 120.262344937073095, -3.873438287090401 ], [ 120.26169815006854, -3.872945342151068 ], [ 120.261662217457172, -3.872255218753659 ], [ 120.261338823954873, -3.871986339355601 ], [ 120.261168144050899, -3.87149339357069 ], [ 120.261446621788963, -3.87165472131371 ], [ 120.261428655483286, -3.871107999393485 ], [ 120.261796964749792, -3.870857044951237 ], [ 120.26159035223445, -3.870785343668362 ], [ 120.261329840802034, -3.871009410157185 ], [ 120.260997464146925, -3.870659866408724 ], [ 120.259272698801425, -3.870184845185962 ], [ 120.25887744007639, -3.869763599727792 ], [ 120.258733709630931, -3.869154137843038 ], [ 120.258922355840596, -3.868858369417413 ], [ 120.258589979185487, -3.868786667965348 ], [ 120.258518113962751, -3.868302683005199 ], [ 120.25863489494968, -3.868024839662433 ], [ 120.258904389534919, -3.867890399302584 ], [ 120.258814558006506, -3.867612555824643 ], [ 120.258976254757641, -3.867540854267161 ], [ 120.259344564024147, -3.86625022519532 ], [ 120.259012187369009, -3.865380842004667 ], [ 120.258940322146273, -3.865927567620341 ], [ 120.258042006862155, -3.867908324685129 ], [ 120.258410316128661, -3.869342354060127 ], [ 120.258176754154789, -3.869924927800354 ], [ 120.257125725272374, -3.869763599727792 ], [ 120.256200460529726, -3.870382023839074 ], [ 120.255095532730252, -3.870821194310558 ], [ 120.254835021297865, -3.870534389130493 ], [ 120.253739076651243, -3.870238621186817 ], [ 120.253559413594417, -3.869584346277794 ], [ 120.252939576048362, -3.869136212486849 ], [ 120.252975508659731, -3.86849089941144 ], [ 120.253622295664314, -3.867540854267161 ], [ 120.254233150057502, -3.86716442099087 ], [ 120.254358914197269, -3.866823838358739 ], [ 120.254861970756394, -3.866850726466251 ], [ 120.254664341393863, -3.866572882647502 ], [ 120.254826038145026, -3.866044082869915 ], [ 120.254799088686511, -3.865398767440279 ], [ 120.254574509865449, -3.865147811307239 ], [ 120.253855857638172, -3.864914780545776 ], [ 120.253424666301783, -3.864359091548519 ], [ 120.253559413594417, -3.864206725146966 ], [ 120.253379750537576, -3.864009545057269 ], [ 120.253694160887036, -3.863570371056407 ], [ 120.25375704295692, -3.862709947865118 ], [ 120.253559413594417, -3.862225959436613 ], [ 120.252849744519963, -3.861625454891649 ], [ 120.252957542354054, -3.861105614793241 ], [ 120.253343817926208, -3.860791918028127 ], [ 120.253038390729614, -3.86044237006761 ], [ 120.253101272799512, -3.85976119926958 ], [ 120.254251116363179, -3.860505109455735 ], [ 120.255113499035943, -3.860334816820038 ], [ 120.255203330564356, -3.860021119770141 ], [ 120.254799088686511, -3.85976119926958 ], [ 120.253981621777953, -3.859877715365877 ], [ 120.253613312511462, -3.859635720378769 ], [ 120.253191104327911, -3.859044176786661 ], [ 120.253280935856324, -3.858730479260045 ], [ 120.253622295664314, -3.858891809431061 ], [ 120.252993474965407, -3.85817478621425 ], [ 120.252921609742685, -3.85700962219632 ], [ 120.253424666301783, -3.856507704896277 ], [ 120.253559413594417, -3.855880307854426 ], [ 120.25448467833705, -3.85552179505118 ], [ 120.256416056197907, -3.855423204003783 ], [ 120.256964028521239, -3.855046765354012 ], [ 120.256981994826916, -3.854508995565244 ], [ 120.258383366670131, -3.854464181400829 ], [ 120.258652861255371, -3.85398915111284 ], [ 120.259012187369009, -3.854195296364744 ], [ 120.25898523791048, -3.854473144233901 ], [ 120.25932659771847, -3.85432077605883 ], [ 120.259578125998019, -3.854392478732852 ], [ 120.260000334181541, -3.855145356445063 ], [ 120.260099148862793, -3.854679289368484 ], [ 120.259353547176985, -3.853872634209228 ], [ 120.259200833578674, -3.853236272377093 ], [ 120.259425412399722, -3.853245235223104 ] ], [ [ 120.276484419645143, -3.869898039790395 ], [ 120.277041375121286, -3.870274471852159 ], [ 120.277265953942319, -3.870650903746609 ], [ 120.277400701234953, -3.870624015759698 ], [ 120.277221038178112, -3.870202770519959 ], [ 120.276565268020718, -3.869817375755393 ], [ 120.276484419645143, -3.869898039790395 ] ], [ [ 120.276466453339467, -3.869978703817714 ], [ 120.27553220544398, -3.870624015759698 ], [ 120.275325592928638, -3.871305177831646 ], [ 120.274678805924054, -3.87210285377191 ], [ 120.273969136849615, -3.872425508994922 ], [ 120.273528962360388, -3.872156629650955 ], [ 120.272091657905804, -3.87201322729925 ], [ 120.271894028543301, -3.872093891125072 ], [ 120.271903011696139, -3.872237293463112 ], [ 120.272945057425716, -3.872533060708594 ], [ 120.273286417233678, -3.872855715767614 ], [ 120.274642873312686, -3.872748164094941 ], [ 120.275855598946251, -3.871520281529995 ], [ 120.276439503880937, -3.870382023839074 ], [ 120.276466453339467, -3.869978703817714 ] ], [ [ 120.270717235521104, -3.867971063521052 ], [ 120.271031645870536, -3.869611234297712 ], [ 120.271247241538717, -3.869566420930707 ], [ 120.271238258385878, -3.86875081723704 ], [ 120.271507752971104, -3.868885257460374 ], [ 120.271507752971104, -3.869458868840226 ], [ 120.271974876918861, -3.869575383604298 ], [ 120.271867079084771, -3.868051727731844 ], [ 120.271534702429634, -3.868688078458852 ], [ 120.27136402252566, -3.868347496439048 ], [ 120.270717235521104, -3.867971063521052 ] ], [ [ 120.270223162114817, -3.869566420930707 ], [ 120.270690286062575, -3.869485756864127 ], [ 120.26996265068243, -3.868266832256412 ], [ 120.269468577276186, -3.868159280000953 ], [ 120.269648240332998, -3.868652227726372 ], [ 120.269935701223915, -3.868777705283413 ], [ 120.270223162114817, -3.869566420930707 ] ], [ [ 120.267213805913045, -3.865192624907871 ], [ 120.266962277633468, -3.865488394612652 ], [ 120.266486170532886, -3.865300177539727 ], [ 120.266450237921532, -3.866070971002157 ], [ 120.267195839607353, -3.866286076029404 ], [ 120.267671946707935, -3.867003092392708 ], [ 120.268031272821574, -3.866985166991017 ], [ 120.267995340210206, -3.866393628522561 ], [ 120.267447367886902, -3.866053045580756 ], [ 120.267743811930657, -3.865479431895841 ], [ 120.267061092314719, -3.865972381179763 ], [ 120.267339570052812, -3.865344991132308 ], [ 120.267213805913045, -3.865192624907871 ] ], [ [ 120.265102764995348, -3.872828827850728 ], [ 120.265417175344794, -3.874648241633078 ], [ 120.265677686777181, -3.874737867826662 ], [ 120.266288541170397, -3.874558615429996 ], [ 120.266441254768694, -3.874164260023643 ], [ 120.266162777030615, -3.873572726569474 ], [ 120.266396339004487, -3.873052893798684 ], [ 120.265102764995348, -3.872828827850728 ] ], [ [ 120.264698523117488, -3.86973671171271 ], [ 120.264905135632858, -3.869691898352344 ], [ 120.264716489423165, -3.869064511058298 ], [ 120.263710376304942, -3.868947996223961 ], [ 120.264330213850997, -3.86932442870792 ], [ 120.264473944296455, -3.869709823696775 ], [ 120.264698523117488, -3.86973671171271 ] ], [ [ 120.260997464146925, -3.860209338013986 ], [ 120.261473571247492, -3.861078726503631 ], [ 120.261761032138423, -3.860953247807519 ], [ 120.262650364269717, -3.861114577556256 ], [ 120.263539696400969, -3.861015987157895 ], [ 120.264375129615203, -3.861302795557698 ], [ 120.264438011685101, -3.861150428607366 ], [ 120.264150550794184, -3.860827769092864 ], [ 120.264608691589075, -3.86051407222509 ], [ 120.264482927449293, -3.860406518986601 ], [ 120.263324100732788, -3.860720215894112 ], [ 120.262560532741276, -3.860155561377143 ], [ 120.261994594112295, -3.860164524150189 ], [ 120.261338823954873, -3.85990460369352 ], [ 120.261527470164566, -3.860433407297499 ], [ 120.261401706024756, -3.860531997763513 ], [ 120.260961531535557, -3.859850827037381 ], [ 120.260997464146925, -3.860209338013986 ] ], [ [ 120.26307257245324, -3.86659080805791 ], [ 120.263099521911755, -3.866563919942154 ], [ 120.263108505064608, -3.86652806911982 ], [ 120.26307257245324, -3.86659080805791 ] ], [ [ 120.263108505064608, -3.86652806911982 ], [ 120.263279184968582, -3.866241262486561 ], [ 120.263386982802672, -3.865712462502138 ], [ 120.263225286051537, -3.865837940494388 ], [ 120.263108505064608, -3.86652806911982 ] ], [ [ 120.26307257245324, -3.86659080805791 ], [ 120.261608318540127, -3.867702182762964 ], [ 120.261311874496357, -3.868132391934955 ], [ 120.261006447299764, -3.869378204763403 ], [ 120.261662217457172, -3.870292397184259 ], [ 120.261716116374217, -3.869951815809461 ], [ 120.261284925037828, -3.869512644887174 ], [ 120.261437638636124, -3.868697041141734 ], [ 120.261671200610024, -3.867971063521052 ], [ 120.262273071850359, -3.867800772384168 ], [ 120.262497650671392, -3.867505003486147 ], [ 120.262659347422556, -3.867693220069557 ], [ 120.262344937073095, -3.869127249808612 ], [ 120.263036639841872, -3.87003247983166 ], [ 120.26328816812142, -3.870104181178275 ], [ 120.262461718060024, -3.869055548379303 ], [ 120.262731212645278, -3.868553638204231 ], [ 120.262677313728233, -3.86725404797658 ], [ 120.26307257245324, -3.86659080805791 ] ], [ [ 120.261293908190666, -3.856911031321491 ], [ 120.261186110356576, -3.85700962219632 ], [ 120.261770015291262, -3.856991696583565 ], [ 120.261707133221378, -3.85652563051924 ], [ 120.261428655483286, -3.856552518952977 ], [ 120.261293908190666, -3.856911031321491 ] ], [ [ 120.258688793866725, -3.859348911415867 ], [ 120.257619798678633, -3.859537129808696 ], [ 120.257323354634877, -3.859384762541526 ], [ 120.257404203010438, -3.859590906484699 ], [ 120.257080809508167, -3.859626757600143 ], [ 120.257152674730889, -3.859770162046787 ], [ 120.257790478582606, -3.85976119926958 ], [ 120.258320484600247, -3.859510241469416 ], [ 120.258347434058777, -3.859653645935733 ], [ 120.258050990014993, -3.859985268671345 ], [ 120.257556916608735, -3.859886678141852 ], [ 120.257368270399084, -3.860030082544604 ], [ 120.25796115848658, -3.860137635830774 ], [ 120.258176754154789, -3.860343779591189 ], [ 120.258176754154789, -3.860612662681736 ], [ 120.257952175333742, -3.860809843560685 ], [ 120.25763776498431, -3.860558886070439 ], [ 120.256937079062709, -3.860451332837626 ], [ 120.256937079062709, -3.860657476521883 ], [ 120.257754545971238, -3.860791918028127 ], [ 120.257817428041136, -3.861051838213168 ], [ 120.256928095909842, -3.861320721079468 ], [ 120.256344190975184, -3.861257981751616 ], [ 120.256694533935985, -3.861437236961749 ], [ 120.256344190975184, -3.861580641102601 ], [ 120.257026910591122, -3.861571678344507 ], [ 120.256793348617236, -3.861858486556559 ], [ 120.257017927438284, -3.861930188594429 ], [ 120.257323354634877, -3.861482050758367 ], [ 120.257799461735445, -3.861204205181194 ], [ 120.258033023709316, -3.86123109346683 ], [ 120.25798810794511, -3.861706119705973 ], [ 120.257449118774645, -3.862136331919563 ], [ 120.258158787849112, -3.862100480910093 ], [ 120.258284551988893, -3.862333512444579 ], [ 120.257422169316129, -3.862584469410159 ], [ 120.257997091097948, -3.862629283146202 ], [ 120.257835394346813, -3.862969867462795 ], [ 120.257215556800787, -3.862871277279945 ], [ 120.256667584477455, -3.863068457634191 ], [ 120.257538950303058, -3.863211861499407 ], [ 120.25763776498431, -3.863310451642684 ], [ 120.257431152468968, -3.863552445582155 ], [ 120.257664714442839, -3.86361518474038 ], [ 120.258266585683202, -3.862978830206123 ], [ 120.258374383517292, -3.862476916433997 ], [ 120.258491164504235, -3.862441065438914 ], [ 120.258805574853668, -3.862683059626331 ], [ 120.259182867272983, -3.863301488902858 ], [ 120.259703890137786, -3.863677923893967 ], [ 120.259658974373579, -3.865192624907871 ], [ 120.259865586888921, -3.865174699467902 ], [ 120.259901519500289, -3.864896855099934 ], [ 120.260548306504873, -3.865201587627713 ], [ 120.259928468958819, -3.8645473088303 ], [ 120.259955418417334, -3.864403905190827 ], [ 120.260332710836664, -3.864377017005726 ], [ 120.259820671124729, -3.864045395986078 ], [ 120.260000334181541, -3.863382153557871 ], [ 120.259488294469605, -3.862898165512767 ], [ 120.259209816731541, -3.862270773191589 ], [ 120.258643878102532, -3.862252847689883 ], [ 120.258221669918996, -3.861491013517408 ], [ 120.258239636224687, -3.86106080097675 ], [ 120.258554046574119, -3.860263114647421 ], [ 120.258913372687758, -3.860227263558842 ], [ 120.258697777019577, -3.859958380346255 ], [ 120.258787608547976, -3.859375799760253 ], [ 120.258688793866725, -3.859348911415867 ] ], [ [ 120.255832151263249, -3.866904502678717 ], [ 120.255814184957558, -3.86725404797658 ], [ 120.256380123586538, -3.867630481213066 ], [ 120.256541820337688, -3.867594630435841 ], [ 120.256694533935985, -3.86718234638877 ], [ 120.256990977979754, -3.866994129691911 ], [ 120.256101645848474, -3.866787987547397 ], [ 120.255832151263249, -3.866904502678717 ] ], [ [ 120.254924852826278, -3.868383347184422 ], [ 120.254745189769466, -3.868437123299638 ], [ 120.254852987603556, -3.868607414308638 ], [ 120.255095532730252, -3.868759779919261 ], [ 120.255284178939917, -3.868706003824521 ], [ 120.25523926317571, -3.867971063521052 ], [ 120.254924852826278, -3.868383347184422 ] ], [ [ 120.254942819131955, -3.862369363444206 ], [ 120.254736206616613, -3.861957076857068 ], [ 120.254098402764882, -3.862315586944197 ], [ 120.254331964738753, -3.862503804679315 ], [ 120.25488892021491, -3.862503804679315 ], [ 120.254942819131955, -3.862369363444206 ] ] ] } },
{ "type": "Feature", "properties": { "FID": 209, "REMARK": "Tegalan/Ladang" }, "geometry": { "type": "Polygon", "coordinates": [ [ [ 120.114356477167249, -3.851452664141858 ], [ 120.114392409778617, -3.851730512906752 ], [ 120.115200893534336, -3.852375838720338 ], [ 120.115946495220129, -3.854266999049346 ], [ 120.114976314713275, -3.854231147707801 ], [ 120.114751735892256, -3.854544846895076 ], [ 120.114796651656462, -3.854984025562849 ], [ 120.114572072835443, -3.855145356445063 ], [ 120.114338510861572, -3.854150482183798 ], [ 120.1141049488877, -3.853774042970626 ], [ 120.113458161883131, -3.853863671369828 ], [ 120.113269515673466, -3.853549971931306 ], [ 120.112874256948459, -3.853379677901944 ], [ 120.112496964529115, -3.853478269186256 ], [ 120.112236453096727, -3.853774042970626 ], [ 120.111787295454675, -3.853594786143892 ], [ 120.112092722651269, -3.853074941132738 ], [ 120.112038823734224, -3.852868795609317 ], [ 120.111131525297253, -3.85233102444354 ], [ 120.110727283419408, -3.851488515600491 ], [ 120.110924912781911, -3.850923854951623 ], [ 120.111571699786467, -3.851407849816445 ], [ 120.112505947681953, -3.851479552735973 ], [ 120.112928155865504, -3.850807337628249 ], [ 120.114356477167249, -3.851452664141858 ] ] ] } },
{ "type": "Feature", "properties": { "FID": 210, "REMARK": "Tegalan/Ladang" }, "geometry": { "type": "Polygon", "coordinates": [ [ [ 120.283742807140825, -3.849140241870528 ], [ 120.285216044206777, -3.84905061297389 ], [ 120.285377740957941, -3.849409128503842 ], [ 120.285251976818131, -3.849731792351742 ], [ 120.284964515927228, -3.849695940819124 ], [ 120.28482078548177, -3.849937938634996 ], [ 120.283275683193096, -3.850099270474031 ], [ 120.282853475009546, -3.84903268719343 ], [ 120.2834733125556, -3.848808614905848 ], [ 120.283742807140825, -3.849140241870528 ] ] ] } },
{ "type": "Feature", "properties": { "FID": 211, "REMARK": "Tegalan/Ladang" }, "geometry": { "type": "Polygon", "coordinates": [ [ [ 120.2723342030325, -3.848584542559311 ], [ 120.272208438892733, -3.848790689120293 ], [ 120.271346056219969, -3.848593505454304 ], [ 120.27112147739895, -3.84828876697162 ], [ 120.271022662717698, -3.847589660628807 ], [ 120.271813180167726, -3.847517957381719 ], [ 120.272388101949559, -3.848396321742663 ], [ 120.2723342030325, -3.848584542559311 ] ] ] } },
{ "type": "Feature", "properties": { "FID": 212, "REMARK": "Tegalan/Ladang" }, "geometry": { "type": "Polygon", "coordinates": [ [ [ 120.26772584562498, -3.847392476684797 ], [ 120.268103138044296, -3.847598623534269 ], [ 120.268183986419871, -3.84811847188969 ], [ 120.268085171738619, -3.848234989581004 ], [ 120.267474317345432, -3.848208100884423 ], [ 120.267258721677237, -3.847903362263854 ], [ 120.26714194069028, -3.848351507256378 ], [ 120.266513119991416, -3.848306692767737 ], [ 120.26610887811357, -3.848441136226591 ], [ 120.265075815536832, -3.848181212186994 ], [ 120.264896152480006, -3.847759955816452 ], [ 120.265507006873193, -3.848136397689391 ], [ 120.265776501458433, -3.847948176773716 ], [ 120.265758535152742, -3.8475717348176 ], [ 120.266522103144254, -3.847670326774567 ], [ 120.267312620594296, -3.847562771911857 ], [ 120.267564148873831, -3.847114626504412 ], [ 120.26772584562498, -3.847392476684797 ] ] ] } },
{ "type": "Feature", "properties": { "FID": 213, "REMARK": "Tegalan/Ladang" }, "geometry": { "type": "Polygon", "coordinates": [ [ [ 120.2641775002527, -3.846738184179999 ], [ 120.264366146462365, -3.847168403965751 ], [ 120.264213432864068, -3.847356625053709 ], [ 120.263809190986223, -3.846980182836214 ], [ 120.262928842007781, -3.846827813319944 ], [ 120.262865959937898, -3.846621666283977 ], [ 120.263027656689033, -3.846442407951294 ], [ 120.263458848025408, -3.846415519198139 ], [ 120.263908005667474, -3.846505148372022 ], [ 120.2641775002527, -3.846738184179999 ] ] ] } },
{ "type": "Feature", "properties": { "FID": 214, "REMARK": "Tegalan/Ladang" }, "geometry": { "type": "MultiPolygon", "coordinates": [ [ [ [ 120.112541880293321, -3.849041650083706 ], [ 120.112155604721153, -3.849068538753972 ], [ 120.112173571026844, -3.848055731587765 ], [ 120.112398149847863, -3.847706178392452 ], [ 120.112541880293321, -3.849041650083706 ] ] ], [ [ [ 120.115084112547393, -3.847652400965058 ], [ 120.115066146241688, -3.847132552325235 ], [ 120.114643938058165, -3.846316927095979 ], [ 120.115075129394555, -3.84599426195462 ], [ 120.115308691368426, -3.846218334982415 ], [ 120.11537157343831, -3.847132552325235 ], [ 120.115084112547393, -3.847652400965058 ] ] ] ] } },
{ "type": "Feature", "properties": { "FID": 215, "REMARK": "Tegalan/Ladang" }, "geometry": { "type": "Polygon", "coordinates": [ [ [ 120.280463956353785, -3.84578811471702 ], [ 120.282467199437377, -3.846666480861255 ], [ 120.282799576092486, -3.846989145748087 ], [ 120.282808559245339, -3.847195292695149 ], [ 120.282197704852152, -3.847580697723251 ], [ 120.281721597751542, -3.847643438060162 ], [ 120.281559901000406, -3.847213218514275 ], [ 120.280823282467452, -3.846648555030626 ], [ 120.280463956353785, -3.846128705778367 ], [ 120.279880051419113, -3.845832929338131 ], [ 120.279125466580453, -3.845779151792515 ], [ 120.278999702440672, -3.845106932186038 ], [ 120.279053601357717, -3.845008339932512 ], [ 120.279323095942956, -3.845366857163405 ], [ 120.280463956353785, -3.84578811471702 ] ] ] } },
{ "type": "Feature", "properties": { "FID": 216, "REMARK": "Tegalan/Ladang" }, "geometry": { "type": "Polygon", "coordinates": [ [ [ 120.16603655546264, -3.844416786171923 ], [ 120.166503679410397, -3.84461397080439 ], [ 120.166916904441081, -3.844542267306951 ], [ 120.167222331637674, -3.843923824391247 ], [ 120.167923017559289, -3.843771454328654 ], [ 120.168219461603044, -3.844739451910399 ], [ 120.169000995900234, -3.845295153729288 ], [ 120.169360322013873, -3.845913595650194 ], [ 120.171004238983826, -3.846352778770812 ], [ 120.171130003123608, -3.846594777536478 ], [ 120.171076104206563, -3.847329736329404 ], [ 120.170429317201979, -3.848252915378253 ], [ 120.17042033404914, -3.848674171505 ], [ 120.170159822616753, -3.848602468349203 ], [ 120.170052024782663, -3.848037805786368 ], [ 120.168911164371835, -3.847410402499774 ], [ 120.167905051253612, -3.847535883194058 ], [ 120.167905051253612, -3.847992991281221 ], [ 120.16748284307009, -3.847410402499774 ], [ 120.16621621851948, -3.844811155391256 ], [ 120.165596380973426, -3.844443674988125 ], [ 120.164446537409759, -3.844506415555971 ], [ 120.163988396614869, -3.843852120835772 ], [ 120.16466213307794, -3.843502565916491 ], [ 120.16603655546264, -3.844416786171923 ] ] ] } },
{ "type": "Feature", "properties": { "FID": 217, "REMARK": "Tegalan/Ladang" }, "geometry": { "type": "Polygon", "coordinates": [ [ [ 120.257817428041136, -3.842911011111323 ], [ 120.25750301769169, -3.842911011111323 ], [ 120.25706284320249, -3.842561455806335 ], [ 120.256937079062709, -3.842337381817543 ], [ 120.256990977979754, -3.841790641037891 ], [ 120.25785336065249, -3.841907159594081 ], [ 120.258329467753086, -3.842400122540338 ], [ 120.258365400364454, -3.842812418603907 ], [ 120.257817428041136, -3.842911011111323 ] ] ] } },
{ "type": "Feature", "properties": { "FID": 218, "REMARK": "Tegalan/Ladang" }, "geometry": { "type": "Polygon", "coordinates": [ [ [ 120.24153995509289, -3.842902048156574 ], [ 120.241611820315626, -3.84300064065363 ], [ 120.241719618149716, -3.842758640867786 ], [ 120.24199809588778, -3.842803455648122 ], [ 120.241908264359367, -3.843520491813271 ], [ 120.242644882892364, -3.844515378493856 ], [ 120.242725731267925, -3.845438560591488 ], [ 120.242294539931564, -3.84599426195462 ], [ 120.241809449678129, -3.846137668699196 ], [ 120.241656736079833, -3.845573004502888 ], [ 120.241387241494593, -3.845339968376317 ], [ 120.241009949075249, -3.845680559616739 ], [ 120.240776387101377, -3.846316927095979 ], [ 120.240596724044565, -3.846442407951294 ], [ 120.240003835957054, -3.846155594540571 ], [ 120.239464846786575, -3.846612703368238 ], [ 120.238728228253592, -3.846254186661394 ], [ 120.238234154847333, -3.846872627886381 ], [ 120.237704148829707, -3.846334852933584 ], [ 120.237479570008659, -3.846397593362231 ], [ 120.237030412366607, -3.846971219924246 ], [ 120.235655989981922, -3.846290038338866 ], [ 120.235359545938138, -3.84663062919962 ], [ 120.235521242689302, -3.84730284760425 ], [ 120.235206832339841, -3.847795807430565 ], [ 120.23508106820006, -3.84873691176137 ], [ 120.234775641003466, -3.849131278981289 ], [ 120.233814443649464, -3.849695940819124 ], [ 120.232781381072726, -3.849615274865216 ], [ 120.232260358207938, -3.849310536748152 ], [ 120.231514756522117, -3.848450099123093 ], [ 120.231002716810181, -3.848450099123093 ], [ 120.230957801045975, -3.848826540691023 ], [ 120.231550689133485, -3.849373276957639 ], [ 120.232143577221009, -3.84974075523466 ], [ 120.233185622950586, -3.849946901515744 ], [ 120.233652746898329, -3.850242676527508 ], [ 120.233517999605709, -3.85039504543286 ], [ 120.232772397919874, -3.850448822687059 ], [ 120.232619684321577, -3.85108518660381 ], [ 120.232413071806235, -3.850995557911926 ], [ 120.231972897317036, -3.850332305298664 ], [ 120.230454744486849, -3.849606311980977 ], [ 120.230239148818669, -3.849140241870528 ], [ 120.230266098277184, -3.848190175086231 ], [ 120.229403715604434, -3.847688252583697 ], [ 120.228065225831102, -3.847742030008829 ], [ 120.227678950258934, -3.848154323488715 ], [ 120.226960298031628, -3.847840621946086 ], [ 120.227535219813475, -3.848333581461205 ], [ 120.227472337743592, -3.84974075523466 ], [ 120.227256742075383, -3.85004549319775 ], [ 120.226933348573112, -3.849328462522762 ], [ 120.227005213795834, -3.850332305298664 ], [ 120.226726736057756, -3.850932817821991 ], [ 120.226439275166854, -3.850834226242751 ], [ 120.226942331725951, -3.851336146890875 ], [ 120.226906399114583, -3.851551255649462 ], [ 120.226690803446402, -3.851658810008366 ], [ 120.226044016441818, -3.851524367057612 ], [ 120.22493010548952, -3.85039504543286 ], [ 120.224894172878152, -3.850520525687377 ], [ 120.225639774563973, -3.851587107103941 ], [ 120.225208583227612, -3.851703624320565 ], [ 120.224121621733829, -3.851389924085619 ], [ 120.223816194537207, -3.850520525687377 ], [ 120.222935845558794, -3.850135121989664 ], [ 120.222603468903642, -3.849534608903665 ], [ 120.22228905855421, -3.849453942934473 ], [ 120.222010580816146, -3.849597349096642 ], [ 120.221238029671795, -3.850583265807701 ], [ 120.221390743270092, -3.850861114856403 ], [ 120.222486687916714, -3.851443701276965 ], [ 120.222055496580339, -3.851461627006658 ], [ 120.222630418362172, -3.852071101591574 ], [ 120.222468721611037, -3.8528777584592 ], [ 120.222810081418984, -3.853603748986126 ], [ 120.223923992371297, -3.854249073378762 ], [ 120.223133474921283, -3.85449106989976 ], [ 120.222935845558794, -3.854526921230349 ], [ 120.222549569986597, -3.854284924719551 ], [ 120.222055496580339, -3.853774042970626 ], [ 120.221839900912158, -3.853003238347648 ], [ 120.221866850370688, -3.852097990166149 ], [ 120.220752939418375, -3.851793252937882 ], [ 120.220106152413791, -3.851407849816445 ], [ 120.219692927383107, -3.851309258292229 ], [ 120.219477331714899, -3.851407849816445 ], [ 120.219872590439934, -3.852743315701039 ], [ 120.219755809453005, -3.853487232029718 ], [ 120.219414449645015, -3.853711303085566 ], [ 120.218983258308654, -3.85352308340262 ], [ 120.218722746876253, -3.853675451720597 ], [ 120.218462235443866, -3.853603748986126 ], [ 120.218246639775657, -3.852859832759339 ], [ 120.218057993566006, -3.852680575739959 ], [ 120.217752566369413, -3.852859832759339 ], [ 120.217123745670506, -3.851730512906752 ], [ 120.217015947836416, -3.852151767312749 ], [ 120.217339341338715, -3.852698501443598 ], [ 120.217285442421669, -3.852994275499087 ], [ 120.21674645325119, -3.852895684158683 ], [ 120.216539840735848, -3.852465467266851 ], [ 120.216216447233577, -3.852295173020404 ], [ 120.216351194526183, -3.853281086606206 ], [ 120.216198480927886, -3.853397603590851 ], [ 120.215946952648309, -3.853316937987796 ], [ 120.215731356980129, -3.852985312650432 ], [ 120.215623559146039, -3.852313098732161 ], [ 120.215839154814219, -3.851255481092389 ], [ 120.215740340132967, -3.85045778556243 ], [ 120.215309148796607, -3.851721550044783 ], [ 120.215300165643768, -3.852815018508035 ], [ 120.214689311250552, -3.852653687183795 ], [ 120.214590496569301, -3.852447541558304 ], [ 120.214446766123842, -3.850646005923399 ], [ 120.214213204149985, -3.851631921419915 ], [ 120.213826928577816, -3.851640884282827 ], [ 120.213180141573233, -3.851363035488672 ], [ 120.212748950236872, -3.852976349801682 ], [ 120.212587253485708, -3.852922572707199 ], [ 120.212560304027178, -3.852519244390226 ], [ 120.212713017625504, -3.850977632172417 ], [ 120.212470472498779, -3.85109414947248 ], [ 120.212236910524908, -3.851739475768624 ], [ 120.211967415939682, -3.851676735733529 ], [ 120.211895550716946, -3.851300295425825 ], [ 120.212057247468096, -3.850663931669892 ], [ 120.213018444822097, -3.850063418956887 ], [ 120.212479455651618, -3.849875198467115 ], [ 120.21278488284824, -3.849830384058656 ], [ 120.213198107878924, -3.849400165617432 ], [ 120.213539467686886, -3.849444980048535 ], [ 120.213476585616988, -3.849095427423388 ], [ 120.213611332909608, -3.848763800441257 ], [ 120.21461744602783, -3.848790689120293 ], [ 120.215407963477858, -3.849095427423388 ], [ 120.217087813059152, -3.848638319927856 ], [ 120.218129858788728, -3.848082620289156 ], [ 120.219162921365466, -3.847105663593859 ], [ 120.220447512221753, -3.846603740452404 ], [ 120.220986501392247, -3.84614663161993 ], [ 120.221839900912158, -3.846083891172808 ], [ 120.22228905855421, -3.845438560591488 ], [ 120.222899912947426, -3.845492338158592 ], [ 120.22344788527073, -3.844864932997939 ], [ 120.223986874441181, -3.844757377781179 ], [ 120.224534846764513, -3.84438989735487 ], [ 120.225316381061702, -3.844336119718223 ], [ 120.22592723545489, -3.843905898502943 ], [ 120.226574022459459, -3.844049305598821 ], [ 120.227014196948673, -3.844524341431649 ], [ 120.227310640992428, -3.844300267958573 ], [ 120.227894545927114, -3.844237527375561 ], [ 120.227660983953257, -3.845635744987618 ], [ 120.22785861331576, -3.846065965329924 ], [ 120.228002343761204, -3.846057002408341 ], [ 120.22805624267825, -3.846469296703601 ], [ 120.22977202487094, -3.846281075419639 ], [ 120.229700159648203, -3.845850855185916 ], [ 120.231056615727226, -3.845617819135309 ], [ 120.232071711998287, -3.845008339932512 ], [ 120.234048005623322, -3.844165823846464 ], [ 120.23610514762396, -3.844811155391256 ], [ 120.236698035711498, -3.846030113643026 ], [ 120.236841766156957, -3.845859818109666 ], [ 120.236707018864337, -3.845465449375463 ], [ 120.237021429213769, -3.845411671806663 ], [ 120.237093294436505, -3.844954562334875 ], [ 120.235754804663159, -3.843296418076418 ], [ 120.23555717530067, -3.842695900171359 ], [ 120.237946693956417, -3.842758640867786 ], [ 120.23881805978202, -3.841898196628784 ], [ 120.239213318507026, -3.841772715104757 ], [ 120.24086621862979, -3.842911011111323 ], [ 120.240668589267287, -3.842041604062218 ], [ 120.241602837162773, -3.841727900270276 ], [ 120.242087927416193, -3.841826492903029 ], [ 120.242150809486077, -3.842265678128699 ], [ 120.241495039328683, -3.842489752136326 ], [ 120.24153995509289, -3.842902048156574 ] ], [ [ 120.239375015258162, -3.842740714954992 ], [ 120.239114503825775, -3.842651085385373 ], [ 120.238323986375747, -3.843296418076418 ], [ 120.238126357013243, -3.84438989735487 ], [ 120.238306020070056, -3.844560193181877 ], [ 120.239078571214407, -3.844407823232999 ], [ 120.239482813092252, -3.844927673534784 ], [ 120.240021802262746, -3.845196561497531 ], [ 120.240354178917855, -3.845635744987618 ], [ 120.240533841974681, -3.84565367083955 ], [ 120.240713505031493, -3.845546115722304 ], [ 120.240884184935481, -3.845071080458803 ], [ 120.24109978060369, -3.844999376999809 ], [ 120.241072831145161, -3.844838044195021 ], [ 120.240740454490023, -3.84455123024446 ], [ 120.240120616943997, -3.844676711359704 ], [ 120.240030785415584, -3.844282342078184 ], [ 120.2404080778349, -3.844237527375561 ], [ 120.240048751721261, -3.844094120311337 ], [ 120.240417060987738, -3.843995527940693 ], [ 120.239797223441684, -3.843654936027125 ], [ 120.239294166882587, -3.843565306553578 ], [ 120.239851122358729, -3.843529454761522 ], [ 120.239985869651377, -3.843377084628467 ], [ 120.239375015258162, -3.842740714954992 ] ], [ [ 120.22703216325435, -3.8462272979023 ], [ 120.226879449656053, -3.84578811471702 ], [ 120.226627921376519, -3.845797077641431 ], [ 120.223735346161632, -3.847078774861633 ], [ 120.223537716799129, -3.846881590799386 ], [ 120.222262109095681, -3.847930250970054 ], [ 120.22242380584683, -3.848199137985375 ], [ 120.221534473715536, -3.848907206719647 ], [ 120.221669221008156, -3.849158167648723 ], [ 120.224328234249171, -3.847159441055763 ], [ 120.22703216325435, -3.8462272979023 ] ], [ [ 120.22148955795133, -3.849391202730928 ], [ 120.221381760117239, -3.849041650083706 ], [ 120.221175147601897, -3.849158167648723 ], [ 120.221067349767807, -3.848701060186867 ], [ 120.217375273950083, -3.849624237749361 ], [ 120.217411206561451, -3.850036530318039 ], [ 120.217932229426225, -3.849982753037795 ], [ 120.217995111496109, -3.850233713649872 ], [ 120.22148955795133, -3.849391202730928 ] ] ] } },
{ "type": "Feature", "properties": { "FID": 219, "REMARK": "Tegalan/Ladang" }, "geometry": { "type": "Polygon", "coordinates": [ [ [ 120.291450352278574, -3.839980119889753 ], [ 120.291432385972897, -3.840293824324174 ], [ 120.291207807151864, -3.840374491160104 ], [ 120.290282542409216, -3.839935304961139 ], [ 120.290507121230249, -3.839576785447529 ], [ 120.290947295719448, -3.8394871555456 ], [ 120.291306621833115, -3.839648489362296 ], [ 120.291450352278574, -3.839980119889753 ] ] ] } },
{ "type": "Feature", "properties": { "FID": 220, "REMARK": "Tegalan/Ladang" }, "geometry": { "type": "Polygon", "coordinates": [ [ [ 120.222226176484327, -3.839209302789823 ], [ 120.222522620528082, -3.840007008845792 ], [ 120.222109395497384, -3.840078712724423 ], [ 120.221660237855318, -3.84087641796792 ], [ 120.220645141584285, -3.841476937153678 ], [ 120.220519377444489, -3.842328418856767 ], [ 120.220178017636528, -3.842758640867786 ], [ 120.219782758911521, -3.84313508494943 ], [ 120.217869347356341, -3.844174786787931 ], [ 120.217051880447784, -3.844165823846464 ], [ 120.215605592840362, -3.843314343977533 ], [ 120.213449636158472, -3.842561455806335 ], [ 120.211859618105592, -3.84167412246579 ], [ 120.212488438804456, -3.841503826062558 ], [ 120.213431669852781, -3.840849529039269 ], [ 120.213862861189185, -3.840733010338665 ], [ 120.214581513416462, -3.84085849201558 ], [ 120.214994738447174, -3.840768862248238 ], [ 120.215416946630697, -3.841073603418796 ], [ 120.215902036884117, -3.841127381261129 ], [ 120.216270346150623, -3.840957084748785 ], [ 120.216494924971641, -3.840553750768209 ], [ 120.217042897294945, -3.84068819544958 ], [ 120.217456122325657, -3.840320713270331 ], [ 120.217824431592135, -3.840679232471481 ], [ 120.218947325697286, -3.8410556774706 ], [ 120.219306651810925, -3.840849529039269 ], [ 120.219576146396179, -3.841154270181024 ], [ 120.219800725217198, -3.841163233154135 ], [ 120.220160051330851, -3.840867454991796 ], [ 120.219926489356979, -3.840410343084736 ], [ 120.220258866012088, -3.840293824324174 ], [ 120.220528360597328, -3.840508935869712 ], [ 120.220681074195653, -3.84015041659703 ], [ 120.220959551933717, -3.839953230932867 ], [ 120.221076332920646, -3.839263080749611 ], [ 120.221498541104182, -3.839218265783356 ], [ 120.222091429191707, -3.838895597956883 ], [ 120.222226176484327, -3.839209302789823 ] ] ] } },
{ "type": "Feature", "properties": { "FID": 221, "REMARK": "Tegalan/Ladang" }, "geometry": { "type": "Polygon", "coordinates": [ [ [ 120.206712271527564, -3.835319354717538 ], [ 120.20646074324803, -3.835283502579202 ], [ 120.206757187291771, -3.834781572484606 ], [ 120.207197361781013, -3.834476829069089 ], [ 120.207098547099761, -3.83485327680188 ], [ 120.206712271527564, -3.835319354717538 ] ] ] } },
{ "type": "Feature", "properties": { "FID": 222, "REMARK": "Tegalan/Ladang" }, "geometry": { "type": "Polygon", "coordinates": [ [ [ 120.29262714530077, -3.831895468722161 ], [ 120.292833757816112, -3.832262954524983 ], [ 120.292222903422925, -3.833132371527395 ], [ 120.292097139283129, -3.833015851774237 ], [ 120.291692897405284, -3.833186149869651 ], [ 120.291459335431412, -3.833105482354998 ], [ 120.291261706068909, -3.83263044016992 ], [ 120.291513234348457, -3.832737996914178 ], [ 120.291827644697889, -3.832639403232458 ], [ 120.291917476226303, -3.831940284072422 ], [ 120.29262714530077, -3.831895468722161 ] ] ] } },
{ "type": "Feature", "properties": { "FID": 223, "REMARK": "Tegalan/Ladang" }, "geometry": { "type": "Polygon", "coordinates": [ [ [ 120.292465448549635, -3.830990198144224 ], [ 120.292267819187131, -3.831384573563257 ], [ 120.291818661545051, -3.831312868955136 ], [ 120.291692897405284, -3.831115681251817 ], [ 120.291423402820044, -3.831061902779388 ], [ 120.291414419667205, -3.830559970207057 ], [ 120.292007307754716, -3.830577896375425 ], [ 120.292465448549635, -3.830990198144224 ] ] ] } },
{ "type": "Feature", "properties": { "FID": 224, "REMARK": "Tegalan/Ladang" }, "geometry": { "type": "Polygon", "coordinates": [ [ [ 120.206388878025294, -3.830147668230966 ], [ 120.20646074324803, -3.830335893070782 ], [ 120.205670225797988, -3.830210409848838 ], [ 120.205427680671278, -3.830300040723532 ], [ 120.205787006784917, -3.831026050462557 ], [ 120.20552649535253, -3.831250127418101 ], [ 120.205140219780375, -3.831232201263817 ], [ 120.204780893666737, -3.830990198144224 ], [ 120.20439461809454, -3.830353819243842 ], [ 120.205265983920143, -3.829726402963285 ], [ 120.205571411116736, -3.829950480259141 ], [ 120.206388878025294, -3.830147668230966 ] ] ] } },
{ "type": "Feature", "properties": { "FID": 225, "REMARK": "Tegalan/Ladang" }, "geometry": { "type": "Polygon", "coordinates": [ [ [ 120.215300165643768, -3.830317966897345 ], [ 120.215902036884117, -3.830317966897345 ], [ 120.216045767329561, -3.830470339359589 ], [ 120.215991868412516, -3.830819899611629 ], [ 120.215093553128426, -3.830766121120609 ], [ 120.215839154814219, -3.831519019687286 ], [ 120.21639611029039, -3.831761022657294 ], [ 120.216917133155164, -3.832218139191628 ], [ 120.218444269138189, -3.832773849159259 ], [ 120.218534100666602, -3.83303377789114 ], [ 120.218318504998393, -3.833374374040916 ], [ 120.21809392617736, -3.833374374040916 ], [ 120.217581886465425, -3.833024814832735 ], [ 120.216674588028468, -3.833293706544018 ], [ 120.216270346150623, -3.833150297641855 ], [ 120.216090683093796, -3.832773849159259 ], [ 120.21653085758301, -3.832648366294903 ], [ 120.216602722805732, -3.832236065325251 ], [ 120.215839154814219, -3.831590724278129 ], [ 120.214662361792023, -3.830999161223948 ], [ 120.214303035678384, -3.830577896375425 ], [ 120.214033541093158, -3.830595822543417 ], [ 120.214213204149985, -3.831106718173313 ], [ 120.21413235577441, -3.831393536638851 ], [ 120.213503535075517, -3.831456278165369 ], [ 120.213234040490292, -3.830909530422483 ], [ 120.21413235577441, -3.829609882746254 ], [ 120.214446766123842, -3.830067000429803 ], [ 120.215300165643768, -3.830317966897345 ] ] ] } },
{ "type": "Feature", "properties": { "FID": 226, "REMARK": "Tegalan/Ladang" }, "geometry": { "type": "Polygon", "coordinates": [ [ [ 120.217950195731902, -3.830067000429803 ], [ 120.218947325697286, -3.830488265529833 ], [ 120.219144955059789, -3.830855751937097 ], [ 120.219639028466062, -3.830882641180213 ], [ 120.219935472509817, -3.830586859459468 ], [ 120.220240899706411, -3.830613748711034 ], [ 120.220366663846193, -3.830927456583527 ], [ 120.220609208972888, -3.831035013541906 ], [ 120.220609208972888, -3.83133079510773 ], [ 120.221067349767807, -3.831617613498146 ], [ 120.221184130754736, -3.831949247142192 ], [ 120.220294798623456, -3.831958210211869 ], [ 120.219791742064359, -3.831617613498146 ], [ 120.218992241461493, -3.831393536638851 ], [ 120.218390370221144, -3.831411462789754 ], [ 120.218156808247258, -3.830981235064407 ], [ 120.217536970701218, -3.830739231873832 ], [ 120.217123745670506, -3.830120778964757 ], [ 120.216566790194364, -3.830174557496333 ], [ 120.216566790194364, -3.829367879167894 ], [ 120.216342211373345, -3.828337122419738 ], [ 120.216647638569938, -3.828516384552041 ], [ 120.216890183696648, -3.829009355222341 ], [ 120.217887313662018, -3.829484399417868 ], [ 120.217797482133605, -3.829905664804663 ], [ 120.217950195731902, -3.830067000429803 ] ] ] } },
{ "type": "Feature", "properties": { "FID": 227, "REMARK": "Tegalan/Ladang" }, "geometry": { "type": "Polygon", "coordinates": [ [ [ 120.140569317157855, -3.830542044038315 ], [ 120.140874744354448, -3.830775084202681 ], [ 120.139158962161801, -3.830067000429803 ], [ 120.139500321969749, -3.830058037340315 ], [ 120.140245923655584, -3.829645735122415 ], [ 120.140856778048772, -3.828364011741976 ], [ 120.141225087315277, -3.828184749577773 ], [ 120.14038067094819, -3.830031148071289 ], [ 120.140326772031145, -3.830246262199843 ], [ 120.140569317157855, -3.830542044038315 ] ] ] } },
{ "type": "Feature", "properties": { "FID": 228, "REMARK": "Tegalan/Ladang" }, "geometry": { "type": "Polygon", "coordinates": [ [ [ 120.143309178774416, -3.826840282150111 ], [ 120.143641555429554, -3.827378069374452 ], [ 120.143318161927255, -3.827826225136777 ], [ 120.143785285875012, -3.827960671819742 ], [ 120.143911050014779, -3.828525347657671 ], [ 120.144378173962522, -3.82854327386865 ], [ 120.144827331604588, -3.828148897140428 ], [ 120.145258522940964, -3.828104081591636 ], [ 120.146147855072243, -3.828785277680121 ], [ 120.146417349657469, -3.829215506509382 ], [ 120.146588029561457, -3.829968406440275 ], [ 120.146174804530759, -3.82987877553085 ], [ 120.145572933290396, -3.828767351474211 ], [ 120.145087843036976, -3.828570163184413 ], [ 120.144944112591517, -3.828677720439023 ], [ 120.144872247368795, -3.829287211293237 ], [ 120.144297325586948, -3.828821130090818 ], [ 120.144054780460237, -3.828821130090818 ], [ 120.142186284669265, -3.829726402963285 ], [ 120.14210543629369, -3.830111815875832 ], [ 120.141377800913574, -3.830102852786815 ], [ 120.141261019926645, -3.830649601045139 ], [ 120.141395767219251, -3.83095434582439 ], [ 120.141189154703909, -3.830882641180213 ], [ 120.141018474799907, -3.830004258801417 ], [ 120.141449666136296, -3.829905664804663 ], [ 120.141440682983458, -3.82901831832281 ], [ 120.141916790084039, -3.827942745596566 ], [ 120.142491711865887, -3.826885097765036 ], [ 120.142851037979526, -3.826840282150111 ], [ 120.143291212468725, -3.826526572779981 ], [ 120.143309178774416, -3.826840282150111 ] ] ] } },
{ "type": "Feature", "properties": { "FID": 229, "REMARK": "Tegalan/Ladang" }, "geometry": { "type": "Polygon", "coordinates": [ [ [ 120.271022662717698, -3.827557331707525 ], [ 120.271355039372807, -3.827539405475907 ], [ 120.272289287268308, -3.828041339819388 ], [ 120.272612680770578, -3.82861497870881 ], [ 120.272280304115455, -3.828641868022321 ], [ 120.272181489434203, -3.828892834907706 ], [ 120.272208438892733, -3.829367879167894 ], [ 120.272486916630797, -3.829851886256192 ], [ 120.270762151285311, -3.829072096923652 ], [ 120.270771134438149, -3.828059266040498 ], [ 120.269729088708573, -3.827691778432705 ], [ 120.269980616988121, -3.826840282150111 ], [ 120.269935701223915, -3.82650864652679 ], [ 120.270304010490392, -3.826499683400052 ], [ 120.271022662717698, -3.827557331707525 ] ] ] } },
{ "type": "Feature", "properties": { "FID": 230, "REMARK": "Tegalan/Ladang" }, "geometry": { "type": "Polygon", "coordinates": [ [ [ 120.264518860060662, -3.82650864652679 ], [ 120.264285298086804, -3.826696872166592 ], [ 120.263449864872555, -3.826804429656482 ], [ 120.263117488217446, -3.826526572779981 ], [ 120.262874943090736, -3.826867171519347 ], [ 120.263090538758917, -3.825881227428759 ], [ 120.262812061020853, -3.825746780419402 ], [ 120.263234269204375, -3.825567517707441 ], [ 120.264150550794184, -3.825809522359727 ], [ 120.264518860060662, -3.82650864652679 ] ] ] } },
{ "type": "Feature", "properties": { "FID": 231, "REMARK": "Tegalan/Ladang" }, "geometry": { "type": "Polygon", "coordinates": [ [ [ 120.281173625428252, -3.82565714906811 ], [ 120.281218541192459, -3.825899153695079 ], [ 120.280841248773129, -3.825943969359238 ], [ 120.280571754187875, -3.826194937035211 ], [ 120.280041748170262, -3.825800559225676 ], [ 120.280365141672533, -3.825549591434182 ], [ 120.28076040039754, -3.825666112203661 ], [ 120.281038878135632, -3.825495812612155 ], [ 120.281173625428252, -3.82565714906811 ] ] ] } },
{ "type": "Feature", "properties": { "FID": 232, "REMARK": "Tegalan/Ladang" }, "geometry": { "type": "Polygon", "coordinates": [ [ [ 120.284182981630053, -3.826194937035211 ], [ 120.284120099560141, -3.826436941510272 ], [ 120.284560274049383, -3.826141158253692 ], [ 120.284919600163022, -3.826257678942719 ], [ 120.284704004494841, -3.827270511956598 ], [ 120.284973499080067, -3.827871040700111 ], [ 120.285350791499411, -3.827297401312327 ], [ 120.285207061053924, -3.826759614037337 ], [ 120.285323842040896, -3.826544499032798 ], [ 120.285790965988625, -3.826714798415845 ], [ 120.285880797517024, -3.827494589895217 ], [ 120.286464702451724, -3.827440811195295 ], [ 120.285826898599979, -3.827826225136777 ], [ 120.285242993665292, -3.827835188249632 ], [ 120.284173998477215, -3.829905664804663 ], [ 120.283859588127754, -3.832262954524983 ], [ 120.284218914241421, -3.832513920348376 ], [ 120.28422789739426, -3.833123408470023 ], [ 120.284407560451086, -3.833535709011879 ], [ 120.28506333060848, -3.833517782905498 ], [ 120.286285039394869, -3.834198974683789 ], [ 120.286608432897182, -3.834091418123298 ], [ 120.286850978023878, -3.834207937729885 ], [ 120.287093523150588, -3.834620237748749 ], [ 120.287722343849481, -3.834817424643994 ], [ 120.287785225919379, -3.834978759342635 ], [ 120.287237253596047, -3.835534467515964 ], [ 120.286671314967066, -3.835158020083187 ], [ 120.285943679586921, -3.835166983119227 ], [ 120.285503505097708, -3.834691942079555 ], [ 120.285000448538582, -3.834539570369401 ], [ 120.284874684398815, -3.834781572484606 ], [ 120.285341808346573, -3.835149057047052 ], [ 120.284506375132338, -3.835480689321433 ], [ 120.284030268031728, -3.834763646404349 ], [ 120.283985352267536, -3.835382095956005 ], [ 120.283464329402747, -3.835453800222898 ], [ 120.28323076742889, -3.834862239841117 ], [ 120.283320598957303, -3.833544672064929 ], [ 120.282943306537945, -3.834198974683789 ], [ 120.282898390773738, -3.835292465613927 ], [ 120.282305502686242, -3.835543430548056 ], [ 120.281802446127116, -3.835364169888341 ], [ 120.28178447982144, -3.833768748360641 ], [ 120.282287536380551, -3.832800738342082 ], [ 120.281667698834497, -3.832370511315454 ], [ 120.281425153707801, -3.832433252770316 ], [ 120.280778366703245, -3.833069630123822 ], [ 120.28038310797821, -3.833069630123822 ], [ 120.280221411227075, -3.832755923036906 ], [ 120.280634636257759, -3.832218139191628 ], [ 120.280895147690174, -3.830972271984495 ], [ 120.281595833611775, -3.830067000429803 ], [ 120.281712614598703, -3.829565067273942 ], [ 120.281191591733929, -3.829950480259141 ], [ 120.281092777052677, -3.829412694650531 ], [ 120.28076040039754, -3.829466473226597 ], [ 120.280661585716288, -3.829807070796551 ], [ 120.280796333008922, -3.830255225287359 ], [ 120.28065260256345, -3.830533080953803 ], [ 120.280347175366856, -3.830210409848838 ], [ 120.280194461768559, -3.829726402963285 ], [ 120.279880051419113, -3.829672624403549 ], [ 120.279799203043552, -3.830004258801417 ], [ 120.280338192214003, -3.831070865858361 ], [ 120.280014798711733, -3.83104397662116 ], [ 120.280023781864571, -3.831761022657294 ], [ 120.279664455750932, -3.8322539914585 ], [ 120.279457843235562, -3.832155397720986 ], [ 120.279718354667978, -3.831501093538637 ], [ 120.27962852313955, -3.830004258801417 ], [ 120.27938597801284, -3.829923590986736 ], [ 120.279179365497498, -3.830317966897345 ], [ 120.278766140466814, -3.830389671588838 ], [ 120.278891904606581, -3.829851886256192 ], [ 120.279421910624208, -3.829529214894403 ], [ 120.279529708458298, -3.829009355222341 ], [ 120.280419040589578, -3.829098986222806 ], [ 120.28016751231003, -3.828632904917912 ], [ 120.280562771035036, -3.828328159312139 ], [ 120.280742434091849, -3.827880003812495 ], [ 120.280023781864571, -3.827808298910786 ], [ 120.279933950336172, -3.827485626778798 ], [ 120.279808186196391, -3.827467700545679 ], [ 120.279754287279346, -3.82828334377273 ], [ 120.279332079095795, -3.828489495234588 ], [ 120.27935902855431, -3.827422884961238 ], [ 120.279071567663408, -3.827261548837833 ], [ 120.278954786676465, -3.828068229150914 ], [ 120.278658342632724, -3.828408827277163 ], [ 120.278541561645781, -3.829116912421773 ], [ 120.278379864894617, -3.829063133823746 ], [ 120.278209184990644, -3.828068229150914 ], [ 120.277634263208824, -3.828399864170313 ], [ 120.278092404003715, -3.829332026780096 ], [ 120.27741866754063, -3.828883871805923 ], [ 120.277113240344022, -3.829072096923652 ], [ 120.277301886553673, -3.829394768457757 ], [ 120.278290033366218, -3.829663661309932 ], [ 120.278083420850876, -3.830031148071289 ], [ 120.277751044195753, -3.830174557496333 ], [ 120.277966639863934, -3.830577896375425 ], [ 120.27793070725258, -3.830918493503051 ], [ 120.276969509898564, -3.83032692998411 ], [ 120.276861712064473, -3.829591956557612 ], [ 120.277077307732654, -3.828794240782936 ], [ 120.278658342632724, -3.827136065165285 ], [ 120.278963769829318, -3.826562425285239 ], [ 120.279269197025911, -3.826849245273283 ], [ 120.279538691611137, -3.826607240914702 ], [ 120.280176495462868, -3.826643093416584 ], [ 120.280904130843012, -3.827216733242605 ], [ 120.280841248773129, -3.826383162743944 ], [ 120.281901260808368, -3.826365236487751 ], [ 120.282700761411249, -3.825863301162063 ], [ 120.283329582110142, -3.825791596091531 ], [ 120.283706874529457, -3.825486849474823 ], [ 120.284236880547098, -3.825684038474482 ], [ 120.284182981630053, -3.826194937035211 ] ], [ [ 120.283922470197638, -3.826795466532841 ], [ 120.282763643481132, -3.826813392780029 ], [ 120.282170755393622, -3.827404958726805 ], [ 120.281766513515748, -3.827279475075267 ], [ 120.281371254790756, -3.827404958726805 ], [ 120.281083793899839, -3.82776348334417 ], [ 120.281200574886768, -3.828041339819388 ], [ 120.281425153707801, -3.828095118481596 ], [ 120.281919227114074, -3.827915856261098 ], [ 120.282287536380551, -3.828077192261235 ], [ 120.281856345044162, -3.828489495234588 ], [ 120.281290406415181, -3.828623941813408 ], [ 120.281155659122561, -3.829009355222341 ], [ 120.282628896188513, -3.828731499061261 ], [ 120.282826525551016, -3.827933782484837 ], [ 120.283401447332864, -3.827700741546966 ], [ 120.28358111038969, -3.829215506509382 ], [ 120.283850604974916, -3.82937684226461 ], [ 120.284254846852789, -3.828856982500013 ], [ 120.283635009306735, -3.828355048634658 ], [ 120.283724840835134, -3.82765592597472 ], [ 120.284299762616996, -3.827960671819742 ], [ 120.283850604974916, -3.827306364430716 ], [ 120.284075183795935, -3.826687909041826 ], [ 120.283922470197638, -3.826795466532841 ] ], [ [ 120.283428396791393, -3.832307769855989 ], [ 120.283599076695367, -3.8322539914585 ], [ 120.283670941918089, -3.831662428862962 ], [ 120.28323076742889, -3.832074730109114 ], [ 120.283428396791393, -3.832307769855989 ] ] ] } },
{ "type": "Feature", "properties": { "FID": 233, "REMARK": "Tegalan/Ladang" }, "geometry": { "type": "Polygon", "coordinates": [ [ [ 120.273564894971742, -3.827637999745167 ], [ 120.273232518316632, -3.827539405475907 ], [ 120.273528962360388, -3.82662516716583 ], [ 120.273466080290504, -3.82646383089217 ], [ 120.273124720482542, -3.826338347102759 ], [ 120.273115737329704, -3.826159084514574 ], [ 120.273618793888801, -3.825854338028575 ], [ 120.273852355862658, -3.825450996924555 ], [ 120.274148799906442, -3.825370328680967 ], [ 120.27402303576666, -3.825719891014998 ], [ 120.274319479810416, -3.826302494588123 ], [ 120.274301513504739, -3.826589314663198 ], [ 120.273933204238233, -3.826885097765036 ], [ 120.274094900989397, -3.827189843884343 ], [ 120.273744558028568, -3.827261548837833 ], [ 120.273771507487098, -3.827539405475907 ], [ 120.273564894971742, -3.827637999745167 ] ] ] } },
{ "type": "Feature", "properties": { "FID": 234, "REMARK": "Tegalan/Ladang" }, "geometry": { "type": "MultiPolygon", "coordinates": [ [ [ [ 120.096201525275191, -3.847060849039678 ], [ 120.096120676899631, -3.847786844527179 ], [ 120.096983059572395, -3.847894399361599 ], [ 120.097351368838872, -3.847706178392452 ], [ 120.098034088454781, -3.846648555030626 ], [ 120.098941386891752, -3.846791961665097 ], [ 120.099534274979277, -3.846469296703601 ], [ 120.100136146219626, -3.848055731587765 ], [ 120.102462782805503, -3.848199137985375 ], [ 120.103010755128821, -3.848692097293006 ], [ 120.103379064395298, -3.849346388296996 ], [ 120.103810255731702, -3.850941780692265 ], [ 120.103513811687918, -3.851246518225419 ], [ 120.10268736162655, -3.853352789367876 ], [ 120.101330905547499, -3.852366875865167 ], [ 120.099776820105987, -3.851775327215175 ], [ 120.099552241284968, -3.851103112341056 ], [ 120.099354611922465, -3.850941780692265 ], [ 120.098034088454781, -3.850825263371344 ], [ 120.095743384480286, -3.84982142117668 ], [ 120.093803023466606, -3.852474430120981 ], [ 120.093102337544977, -3.853146643911784 ], [ 120.0927340282785, -3.854410404400412 ], [ 120.092087241273916, -3.854580698223396 ], [ 120.092671146208616, -3.855109505140549 ], [ 120.093138270156345, -3.855091579487725 ], [ 120.093219118531906, -3.856265708949282 ], [ 120.094368962095587, -3.856633184249077 ], [ 120.094440827318309, -3.856893105706657 ], [ 120.094755237667769, -3.856866217283696 ], [ 120.094997782794479, -3.857296431948968 ], [ 120.095267277379705, -3.857206803911664 ], [ 120.095554738270621, -3.857377097174461 ], [ 120.09590508123145, -3.857126138670008 ], [ 120.096048811676894, -3.857296431948968 ], [ 120.097027975336587, -3.857628055604797 ], [ 120.097189672087737, -3.85761909280499 ], [ 120.097207638393414, -3.85724265512772 ], [ 120.097423234061594, -3.857027547808696 ], [ 120.09806103791334, -3.857161989889467 ], [ 120.098573077625275, -3.856848291667919 ], [ 120.099201898324168, -3.856875180091445 ], [ 120.099480376062232, -3.857484650796537 ], [ 120.102337018665722, -3.858363004867244 ], [ 120.102759226849273, -3.858766330411807 ], [ 120.10406178401125, -3.859393725322705 ], [ 120.104753486779998, -3.860424444527294 ], [ 120.105076880282297, -3.860523034994348 ], [ 120.105894347190826, -3.861320721079468 ], [ 120.104825352002734, -3.862987792949355 ], [ 120.106208757540287, -3.863758588513187 ], [ 120.105660785216969, -3.864251538797323 ], [ 120.105597903147086, -3.864520420649745 ], [ 120.106226723845978, -3.865210550347461 ], [ 120.106334521680068, -3.865049221377511 ], [ 120.106586049959617, -3.865264326663957 ], [ 120.107439449479529, -3.864287389715903 ], [ 120.107223853811348, -3.86409917237645 ], [ 120.107601146230678, -3.863659998421986 ], [ 120.10791555658011, -3.863884066794509 ], [ 120.108310815305131, -3.863426967251787 ], [ 120.109119299060822, -3.86409917237645 ], [ 120.109280995811957, -3.863893029528178 ], [ 120.109846934440966, -3.864359091548519 ], [ 120.108643191960255, -3.864753451519562 ], [ 120.108256916388072, -3.865058184098869 ], [ 120.107448432632381, -3.864923743268555 ], [ 120.107358601103968, -3.865102997704237 ], [ 120.107574196772148, -3.865766238786806 ], [ 120.107232836964187, -3.86626815061255 ], [ 120.106702830946546, -3.866689397808387 ], [ 120.105310442256169, -3.867379525740652 ], [ 120.105103829740827, -3.867773884306795 ], [ 120.104978065601046, -3.869342354060127 ], [ 120.105247560186285, -3.870193807853007 ], [ 120.105238577033447, -3.871054223447836 ], [ 120.104933149836853, -3.871358953761356 ], [ 120.103747373661804, -3.871520281529995 ], [ 120.104025851399882, -3.872192480235085 ], [ 120.103567710604963, -3.87243447163825 ], [ 120.103630592674847, -3.87269438825348 ], [ 120.103513811687918, -3.872855715767614 ], [ 120.102265153443, -3.872416546351499 ], [ 120.102274136595838, -3.871529244182906 ], [ 120.101672265355489, -3.871170737992426 ], [ 120.10134887185319, -3.871233476586717 ], [ 120.100818865835564, -3.870866007611169 ], [ 120.100639202778751, -3.870991484840262 ], [ 120.100549371250338, -3.871394804379265 ], [ 120.099686988577574, -3.871421692341702 ], [ 120.099264780394051, -3.871233476586717 ], [ 120.09948935921507, -3.870973559522958 ], [ 120.098896471127546, -3.870749493024649 ], [ 120.098725791223572, -3.87083015697087 ], [ 120.098635959695159, -3.871448580303283 ], [ 120.098177818900268, -3.871547169488446 ], [ 120.098034088454781, -3.871923600817098 ], [ 120.09749509928433, -3.871825011675772 ], [ 120.097486116131478, -3.873124594889501 ], [ 120.09725255415762, -3.872882603683646 ], [ 120.097126790017839, -3.872174554943209 ], [ 120.096893228043953, -3.872058040536767 ], [ 120.096345255720649, -3.872273144043826 ], [ 120.095626603493344, -3.872147667004684 ], [ 120.095411007825163, -3.872981192701792 ], [ 120.094818119737653, -3.87340243655904 ], [ 120.094548625152399, -3.873357623392703 ], [ 120.094000652829109, -3.872712313534347 ], [ 120.092392668470538, -3.872972230064253 ], [ 120.09195249398131, -3.872730238814833 ], [ 120.091629100479025, -3.872308994623022 ], [ 120.091808763535852, -3.871977376707528 ], [ 120.090371459081268, -3.872022189946943 ], [ 120.090048065578969, -3.872183517589194 ], [ 120.08988636882782, -3.872084928478139 ], [ 120.090083998190323, -3.871600945402787 ], [ 120.09044332430399, -3.8713768790705 ], [ 120.090452307456829, -3.871036298131861 ], [ 120.090245694941487, -3.870785343668362 ], [ 120.090281627552855, -3.870193807853007 ], [ 120.090012132967601, -3.870874970271006 ], [ 120.090245694941487, -3.871215551274537 ], [ 120.089751621535214, -3.871511318876987 ], [ 120.088314317080631, -3.871063186105681 ], [ 120.088026856189714, -3.870301359850168 ], [ 120.087685496381738, -3.870892895590397 ], [ 120.087092608294228, -3.870839119631087 ], [ 120.08762261431184, -3.871242439242666 ], [ 120.087218372433995, -3.872282106688768 ], [ 120.08740701864366, -3.872810902572328 ], [ 120.08651768651238, -3.872685425612905 ], [ 120.086347006608392, -3.872461359567665 ], [ 120.086355989761245, -3.873052893798684 ], [ 120.085951747883399, -3.873411399192022 ], [ 120.084918685306661, -3.873312810223994 ], [ 120.084703089638467, -3.873151482796992 ], [ 120.084595291804376, -3.872954304788891 ], [ 120.08481987062541, -3.872335882556423 ], [ 120.083921555341277, -3.872559948634878 ], [ 120.083436465087871, -3.8723448452007 ], [ 120.082115941620188, -3.872156629650955 ], [ 120.080678637165605, -3.872542023350784 ], [ 120.079564726213292, -3.871986339355601 ], [ 120.079178450641137, -3.871627833358676 ], [ 120.079043703348518, -3.871143850022021 ], [ 120.079654557741705, -3.870812231650151 ], [ 120.081765598659388, -3.870489575812333 ], [ 120.082241705759984, -3.869933890470152 ], [ 120.08266391394352, -3.870005591825113 ], [ 120.082978324292952, -3.869539532909367 ], [ 120.083867656424232, -3.869978703817714 ], [ 120.084119184703781, -3.869476794189588 ], [ 120.084370712983329, -3.869449906165403 ], [ 120.084460544511757, -3.86891214550248 ], [ 120.084200033079355, -3.868526750150747 ], [ 120.084514443428816, -3.868024839662433 ], [ 120.083885622729909, -3.86854467551983 ], [ 120.084101218398104, -3.869225839264004 ], [ 120.08376884174298, -3.869449906165403 ], [ 120.083077138974204, -3.869046585700213 ], [ 120.08242136881681, -3.869198951231852 ], [ 120.082367469899765, -3.868714966507214 ], [ 120.08208000900882, -3.868437123299638 ], [ 120.082151874231556, -3.868983846943925 ], [ 120.081819497576433, -3.869154137843038 ], [ 120.080912199139476, -3.86889422014117 ], [ 120.080552873025823, -3.869100361773332 ], [ 120.079295231628066, -3.869136212486849 ], [ 120.07836098373258, -3.868947996223961 ], [ 120.07844183210814, -3.868329571065793 ], [ 120.079016753889988, -3.867917287376259 ], [ 120.077651314658141, -3.867872473919659 ], [ 120.077283005391635, -3.86760359313029 ], [ 120.077220123321752, -3.867173383689867 ], [ 120.078046573383148, -3.866823838358739 ], [ 120.078217253287121, -3.866124747264084 ], [ 120.078899972903059, -3.866035120158976 ], [ 120.079196416946814, -3.865318102977044 ], [ 120.077408769531402, -3.865479431895841 ], [ 120.077256055933105, -3.865246401225503 ], [ 120.07733690430868, -3.865058184098869 ], [ 120.078450815260993, -3.864950631436322 ], [ 120.078414882649625, -3.863677923893967 ], [ 120.079079635959886, -3.863095345860765 ], [ 120.079133534876931, -3.862871277279945 ], [ 120.078971838125796, -3.862817500811744 ], [ 120.078019623924618, -3.863202898758542 ], [ 120.077372836920048, -3.863247712461924 ], [ 120.076214010203529, -3.864412867919005 ], [ 120.075872650395567, -3.864377017005726 ], [ 120.075387560142161, -3.864000582324831 ], [ 120.0743724638711, -3.862261810440784 ], [ 120.074525177469397, -3.86156271558632 ], [ 120.074022120910271, -3.861957076857068 ], [ 120.07405805352164, -3.861114577556256 ], [ 120.073842457853459, -3.860074896415496 ], [ 120.072746513206823, -3.859232395247021 ], [ 120.072746513206823, -3.859115879062192 ], [ 120.073141771931859, -3.859080027925184 ], [ 120.073168721390374, -3.858873883858015 ], [ 120.072611765914218, -3.85789693955505 ], [ 120.072530917538643, -3.85717991549863 ], [ 120.073330418141524, -3.856319485832346 ], [ 120.074282632342687, -3.856337411459279 ], [ 120.074704840526209, -3.856722812346876 ], [ 120.074848570971668, -3.85724265512772 ], [ 120.074776705748945, -3.857753534792171 ], [ 120.075109082404055, -3.858237525769881 ], [ 120.075378576989308, -3.858219600183031 ], [ 120.075360610683632, -3.85789693955505 ], [ 120.075666037880225, -3.857439836788993 ], [ 120.075728919950109, -3.857018585002556 ], [ 120.075881633548406, -3.856964808163724 ], [ 120.076196043897852, -3.857063399032314 ], [ 120.076438589024548, -3.8576907952008 ], [ 120.077166224404692, -3.858138935037523 ], [ 120.077220123321752, -3.857986567519558 ], [ 120.0767709656797, -3.857439836788993 ], [ 120.076312824884781, -3.856364299898968 ], [ 120.076726049915493, -3.85652563051924 ], [ 120.077112325487647, -3.856471853649218 ], [ 120.077893859784851, -3.85602371293339 ], [ 120.077857927173483, -3.855808605305872 ], [ 120.077525550518345, -3.855692088651573 ], [ 120.07798369131325, -3.855548683516667 ], [ 120.078450815260993, -3.855745865570926 ], [ 120.078720309846219, -3.855701051471702 ], [ 120.079133534876931, -3.855342538592863 ], [ 120.079394046309318, -3.854849583137619 ], [ 120.080004900702534, -3.85485854596663 ], [ 120.080346260510481, -3.854589661055239 ], [ 120.081100845349155, -3.854338701727901 ], [ 120.081226609488922, -3.854150482183798 ], [ 120.080346260510481, -3.853980188274667 ], [ 120.079699473505912, -3.854033965302287 ], [ 120.078639461470644, -3.854598623886989 ], [ 120.077965725007573, -3.854759954842327 ], [ 120.077417752684241, -3.855154319270954 ], [ 120.076887746666628, -3.855243947524678 ], [ 120.076510454247313, -3.855136393619076 ], [ 120.075926549312612, -3.855701051471702 ], [ 120.074974335111449, -3.8559251219442 ], [ 120.074812638360314, -3.855763791209954 ], [ 120.074956368805758, -3.85552179505118 ], [ 120.074120935591523, -3.855485943762541 ], [ 120.074093986133008, -3.855252910349531 ], [ 120.076142144980807, -3.854795806161577 ], [ 120.076276892273412, -3.854634475213042 ], [ 120.076151128133645, -3.854204259200649 ], [ 120.073968221993226, -3.853594786143892 ], [ 120.073995171451756, -3.853272123760572 ], [ 120.073384317058569, -3.852976349801682 ], [ 120.073465165434129, -3.852348950154542 ], [ 120.073087873014813, -3.852223470169597 ], [ 120.072944142569327, -3.852259321595755 ], [ 120.072746513206823, -3.85277020425437 ], [ 120.072387187093184, -3.852752278552243 ], [ 120.072324305023301, -3.852994275499087 ], [ 120.072045827285237, -3.852985312650432 ], [ 120.07176734954713, -3.853442417811465 ], [ 120.07168650117157, -3.853065978284932 ], [ 120.071911079992589, -3.85256405865711 ], [ 120.072845327888075, -3.851605032830614 ], [ 120.075908583006935, -3.852644724331552 ], [ 120.076600285775712, -3.852662650035945 ], [ 120.077031477112087, -3.852474430120981 ], [ 120.077741146186554, -3.851712587182722 ], [ 120.077705213575186, -3.851569181376891 ], [ 120.077238089627429, -3.85150644132924 ], [ 120.077058426570602, -3.851040372259047 ], [ 120.07720215701606, -3.850511562812668 ], [ 120.077660297810979, -3.850296453791334 ], [ 120.077687247269495, -3.849848309822323 ], [ 120.07857657940076, -3.848745874654759 ], [ 120.079232349558183, -3.848494913604191 ], [ 120.079555743060453, -3.848629357033334 ], [ 120.079986934396842, -3.84965112640123 ], [ 120.080472024650263, -3.850090307594887 ], [ 120.08368799336742, -3.851963547284778 ], [ 120.084262915149239, -3.852160730170187 ], [ 120.085646320686806, -3.851981473003521 ], [ 120.085888865813502, -3.852339987299089 ], [ 120.086445821289644, -3.852429615849378 ], [ 120.086912945237401, -3.852071101591574 ], [ 120.086921928390254, -3.851891844406028 ], [ 120.086284124538508, -3.852277247308269 ], [ 120.085933781577708, -3.852178655884776 ], [ 120.085745135368057, -3.851963547284778 ], [ 120.086185309857257, -3.851793252937882 ], [ 120.086391922372599, -3.851542292785606 ], [ 120.087263288198201, -3.848907206719647 ], [ 120.087577698547634, -3.848710023080634 ], [ 120.088745508416991, -3.848620394138718 ], [ 120.089536025867034, -3.847706178392452 ], [ 120.089940267744865, -3.848593505454304 ], [ 120.090434341151152, -3.849095427423388 ], [ 120.091000279780133, -3.849310536748152 ], [ 120.091278757518225, -3.849247796534041 ], [ 120.093353865824525, -3.847589660628807 ], [ 120.093614377256941, -3.847715141296688 ], [ 120.094198282191599, -3.847016034483141 ], [ 120.094243197955805, -3.846594777536478 ], [ 120.093758107702399, -3.846048039486663 ], [ 120.093910821300696, -3.845815003489969 ], [ 120.094961850183111, -3.846316927095979 ], [ 120.095779317091669, -3.846496185455057 ], [ 120.096030845371217, -3.846657517945988 ], [ 120.096201525275191, -3.847060849039678 ] ] ], [ [ [ 120.095806266550198, -3.844587081993557 ], [ 120.095923047537127, -3.844793229521606 ], [ 120.095824232855875, -3.844730488974869 ], [ 120.095806266550198, -3.844587081993557 ] ] ], [ [ [ 120.102858041530524, -3.84552818986811 ], [ 120.102642445862344, -3.845608856209012 ], [ 120.102184305067425, -3.845357894234468 ], [ 120.102328035512883, -3.844174786787931 ], [ 120.103010755128821, -3.845124858049092 ], [ 120.102858041530524, -3.84552818986811 ] ] ] ] } },
{ "type": "Feature", "properties": { "FID": 235, "REMARK": "Tegalan/Ladang" }, "geometry": { "type": "Polygon", "coordinates": [ [ [ 120.277742061042915, -3.825397218096341 ], [ 120.278110370309392, -3.825450996924555 ], [ 120.278227151296321, -3.825630259660894 ], [ 120.277885791488373, -3.826060490075083 ], [ 120.277310869706525, -3.826436941510272 ], [ 120.276861712064473, -3.826401088999762 ], [ 120.275990346238871, -3.826813392780029 ], [ 120.276583234326395, -3.826911987132865 ], [ 120.276978493051402, -3.826759614037337 ], [ 120.276996459357079, -3.827118138924849 ], [ 120.276574251173557, -3.827162954525235 ], [ 120.27644848703379, -3.827440811195295 ], [ 120.275999329391709, -3.827360143139081 ], [ 120.27577475057069, -3.827207770123278 ], [ 120.275828649487735, -3.826849245273283 ], [ 120.275586104361025, -3.82665205654182 ], [ 120.275451357068405, -3.827288438193845 ], [ 120.275172879330341, -3.827440811195295 ], [ 120.275002199426339, -3.827378069374452 ], [ 120.274822536369513, -3.826903024010349 ], [ 120.275666952736586, -3.826481757146298 ], [ 120.275864582099089, -3.826123231992436 ], [ 120.276268823976963, -3.82646383089217 ], [ 120.276682049007647, -3.826365236487751 ], [ 120.276789846841737, -3.826266642071987 ], [ 120.276628150090602, -3.825827448627548 ], [ 120.276816796300267, -3.825558554570859 ], [ 120.277274937095157, -3.825531665160549 ], [ 120.277472566457689, -3.825325512986804 ], [ 120.277742061042915, -3.825397218096341 ] ] ] } },
{ "type": "Feature", "properties": { "FID": 236, "REMARK": "Tegalan/Ladang" }, "geometry": { "type": "Polygon", "coordinates": [ [ [ 120.293058336637131, -3.825370328680967 ], [ 120.293318848069546, -3.824617424707964 ], [ 120.293543426890579, -3.82510143448083 ], [ 120.293058336637131, -3.825370328680967 ] ] ] } },
{ "type": "Feature", "properties": { "FID": 237, "REMARK": "Tegalan/Ladang" }, "geometry": { "type": "Polygon", "coordinates": [ [ [ 120.286644365508536, -3.825056618772604 ], [ 120.286446736146033, -3.826060490075083 ], [ 120.286240123630677, -3.82613219512311 ], [ 120.285674185001682, -3.825755743554015 ], [ 120.285808932294302, -3.825137287045723 ], [ 120.285189094748247, -3.825146250186712 ], [ 120.285009431691435, -3.824949061063299 ], [ 120.285018414844274, -3.824545719533181 ], [ 120.285198077901086, -3.824330603972839 ], [ 120.285485538792031, -3.824312677673706 ], [ 120.286644365508536, -3.825056618772604 ] ] ] } },
{ "type": "Feature", "properties": { "FID": 238, "REMARK": "Tegalan/Ladang" }, "geometry": { "type": "Polygon", "coordinates": [ [ [ 120.249004955103942, -3.824841503340494 ], [ 120.249534961121554, -3.824796687618676 ], [ 120.24880732574141, -3.825603370252834 ], [ 120.24845698278061, -3.826750650913226 ], [ 120.247962909374351, -3.827682815318349 ], [ 120.247792229470349, -3.827521479243912 ], [ 120.248052740902764, -3.826401088999762 ], [ 120.247801212623187, -3.825791596091531 ], [ 120.24756765064933, -3.825621296524967 ], [ 120.246462722849856, -3.826490720273222 ], [ 120.246606453295314, -3.826831319026844 ], [ 120.247145442465794, -3.827324290667213 ], [ 120.247145442465794, -3.827494589895217 ], [ 120.246507638614062, -3.827252585718975 ], [ 120.246157295653262, -3.827404958726805 ], [ 120.246947813103304, -3.82854327386865 ], [ 120.247855111540233, -3.828489495234588 ], [ 120.248501898544816, -3.82925135890206 ], [ 120.250316495418744, -3.828767351474211 ], [ 120.25014581551477, -3.829161727917549 ], [ 120.250559040545454, -3.829394768457757 ], [ 120.250487175322732, -3.830488265529833 ], [ 120.250756669907958, -3.83090056734182 ], [ 120.250226663890331, -3.830855751937097 ], [ 120.250235647043183, -3.831115681251817 ], [ 120.250720737296589, -3.831384573563257 ], [ 120.251080063410228, -3.831097755094716 ], [ 120.251529221052309, -3.831608650424902 ], [ 120.25240957003075, -3.832083693177476 ], [ 120.251942446082992, -3.832397400510958 ], [ 120.251933462930154, -3.83258562485582 ], [ 120.252670081463137, -3.833419189313681 ], [ 120.253119239105189, -3.833248891264675 ], [ 120.253343817926208, -3.832334659053466 ], [ 120.254098402764882, -3.832531846475801 ], [ 120.254376880502946, -3.832209176124675 ], [ 120.254790105533658, -3.832227102258487 ], [ 120.25478112238082, -3.8324780680924 ], [ 120.254313998433062, -3.832872442825479 ], [ 120.254305015280224, -3.833132371527395 ], [ 120.254709257158098, -3.833517782905498 ], [ 120.255005701201853, -3.833401263204856 ], [ 120.255544690372304, -3.833535709011879 ], [ 120.255472825149582, -3.833714970055026 ], [ 120.254817054992188, -3.833840452762866 ], [ 120.254987734896162, -3.834019713742121 ], [ 120.254879937062071, -3.834279642095274 ], [ 120.255257229481401, -3.834790535524595 ], [ 120.254817054992188, -3.834557496454357 ], [ 120.254296032127385, -3.834548533411925 ], [ 120.254152301681927, -3.834647126873506 ], [ 120.254260099516017, -3.835166983119227 ], [ 120.253775009262611, -3.835480689321433 ], [ 120.253460598913151, -3.835462763255837 ], [ 120.253011441271099, -3.835023574531298 ], [ 120.252723980380182, -3.835426911123518 ], [ 120.253721110345566, -3.835677876018166 ], [ 120.253801958721127, -3.835892988726349 ], [ 120.253424666301783, -3.836152916509818 ], [ 120.253739076651243, -3.836072249275135 ], [ 120.254071453306352, -3.836197731636909 ], [ 120.253963655472262, -3.836744475998138 ], [ 120.254718240310936, -3.83652936350432 ], [ 120.254790105533658, -3.836753439017538 ], [ 120.254619425629656, -3.837165737808303 ], [ 120.255194347411503, -3.837389813154605 ], [ 120.25488892021491, -3.838483300001169 ], [ 120.255670454512085, -3.838770115991434 ], [ 120.255859100721764, -3.839397525634262 ], [ 120.25626334259961, -3.839827749122865 ], [ 120.256155544765519, -3.839514044517166 ], [ 120.256236393141094, -3.838689449003909 ], [ 120.256865213839959, -3.838716338000598 ], [ 120.257323354634877, -3.838474336999921 ], [ 120.257862343805328, -3.838644634007549 ], [ 120.257592849220103, -3.837837963670866 ], [ 120.257817428041136, -3.837846926678793 ], [ 120.258338450905939, -3.83832196596431 ], [ 120.259443378705399, -3.83834885497257 ], [ 120.259380496635515, -3.838160631896973 ], [ 120.258751675936622, -3.837882778709559 ], [ 120.258428282434338, -3.837515295322859 ], [ 120.258527097115589, -3.837353961103146 ], [ 120.259030153674686, -3.837380850141881 ], [ 120.259551176539489, -3.837685592521719 ], [ 120.25954219338665, -3.837273293981863 ], [ 120.259245749342895, -3.83683410618791 ], [ 120.259371513482677, -3.836663808819303 ], [ 120.25978473851336, -3.836852032224736 ], [ 120.259739822749154, -3.837219515896775 ], [ 120.260647121186125, -3.837685592521719 ], [ 120.26078186847873, -3.837999297799156 ], [ 120.261248992426459, -3.838178557905959 ], [ 120.261392722871918, -3.838805967983445 ], [ 120.261662217457172, -3.838797004985584 ], [ 120.261617301692965, -3.838393669984455 ], [ 120.261284925037828, -3.838062038840819 ], [ 120.261599335387288, -3.837909667731647 ], [ 120.261222042967944, -3.837775222612745 ], [ 120.261177127203737, -3.837542184356515 ], [ 120.261931712042411, -3.837219515896775 ], [ 120.26045847497646, -3.837264330967918 ], [ 120.260072199404277, -3.836995440505804 ], [ 120.260251862461089, -3.836780328075175 ], [ 120.259811687971876, -3.836690697879761 ], [ 120.259667957526432, -3.836421807237101 ], [ 120.260710003256008, -3.836009508087336 ], [ 120.261401706024756, -3.83652936350432 ], [ 120.262632397964026, -3.836753439017538 ], [ 120.262479684365701, -3.836314250956342 ], [ 120.262246122391844, -3.836170842560937 ], [ 120.261240009273621, -3.836161879535426 ], [ 120.260952548382718, -3.836009508087336 ], [ 120.261132211439531, -3.835740617230312 ], [ 120.261545436470243, -3.835830247525388 ], [ 120.262210189780475, -3.835543430548056 ], [ 120.262686296881071, -3.835713728139957 ], [ 120.262515616977069, -3.835283502579202 ], [ 120.26253358328276, -3.834754683364078 ], [ 120.262300021308889, -3.834638163832013 ], [ 120.261383739719079, -3.835005648456115 ], [ 120.260853733701467, -3.83569580207925 ], [ 120.260871700007144, -3.835166983119227 ], [ 120.260692036950317, -3.834987722380556 ], [ 120.260476441282137, -3.835892988726349 ], [ 120.260224913002574, -3.835839210554379 ], [ 120.260197963544044, -3.835400022023292 ], [ 120.260036266792909, -3.835310391683094 ], [ 120.259946435264496, -3.835498615386653 ], [ 120.260063216251424, -3.835866099640787 ], [ 120.259928468958819, -3.836099138354209 ], [ 120.259506260775282, -3.83593780386707 ], [ 120.259838637430406, -3.835426911123518 ], [ 120.259605075456534, -3.835274539544383 ], [ 120.25921879988438, -3.835543430548056 ], [ 120.259335580871308, -3.835884025697921 ], [ 120.259075069438893, -3.835973655977955 ], [ 120.258976254757641, -3.835749580260244 ], [ 120.258778625395138, -3.836099138354209 ], [ 120.258814558006506, -3.836753439017538 ], [ 120.258401332975822, -3.83683410618791 ], [ 120.258392349822984, -3.83654728954754 ], [ 120.258212686766157, -3.836502474438785 ], [ 120.257943192180903, -3.837111959716444 ], [ 120.257691663901355, -3.837309146036707 ], [ 120.257646748137148, -3.83692373636828 ], [ 120.258033023709316, -3.836654845798963 ], [ 120.257835394346813, -3.836305287932334 ], [ 120.257871326958181, -3.835982619005442 ], [ 120.258401332975822, -3.834996685418381 ], [ 120.258392349822984, -3.834709868161316 ], [ 120.258185737307642, -3.835023574531298 ], [ 120.257736579665561, -3.834960833266512 ], [ 120.257781495429768, -3.835283502579202 ], [ 120.257440135621806, -3.83548965235409 ], [ 120.257440135621806, -3.835919877811063 ], [ 120.257296405176348, -3.835973655977955 ], [ 120.257143691578051, -3.835785432379026 ], [ 120.256928095909842, -3.83593780386707 ], [ 120.257314371482039, -3.836376992121764 ], [ 120.256874196992797, -3.837129885747439 ], [ 120.257224539953626, -3.837622851452405 ], [ 120.256811314922913, -3.837721444559257 ], [ 120.256658601324617, -3.838160631896973 ], [ 120.255912999638809, -3.8386984120029 ], [ 120.255715370276292, -3.838330928967158 ], [ 120.256101645848474, -3.83801722381153 ], [ 120.256164527918358, -3.837766259604066 ], [ 120.255921982791648, -3.836708623919596 ], [ 120.2563711404337, -3.836350103051433 ], [ 120.255912999638809, -3.836224620712035 ], [ 120.256389106739391, -3.835928840839114 ], [ 120.2563711404337, -3.835435874156739 ], [ 120.256874196992797, -3.835319354717538 ], [ 120.257296405176348, -3.834647126873506 ], [ 120.257233523106464, -3.834432013851762 ], [ 120.257008944285445, -3.834387198632084 ], [ 120.256469955114952, -3.83485327680188 ], [ 120.256703517088823, -3.834306531230747 ], [ 120.256631651866087, -3.83343711542213 ], [ 120.256191477376888, -3.832513920348376 ], [ 120.255805201804719, -3.832307769855989 ], [ 120.255814184957558, -3.832128508517874 ], [ 120.256065713237106, -3.831940284072422 ], [ 120.255580622983672, -3.832065767040659 ], [ 120.255607572442202, -3.832271917591372 ], [ 120.255409943079698, -3.8324780680924 ], [ 120.254987734896162, -3.832433252770316 ], [ 120.255203330564356, -3.832083693177476 ], [ 120.25502366750753, -3.831904431792401 ], [ 120.253882807096701, -3.831985099420333 ], [ 120.253280935856324, -3.831734133441785 ], [ 120.25275991299155, -3.831913394862547 ], [ 120.252292789043793, -3.831375610487571 ], [ 120.251654985192076, -3.831402499714348 ], [ 120.250882434047725, -3.830810936530027 ], [ 120.250711754143751, -3.830470339359589 ], [ 120.250783619366473, -3.829556104179199 ], [ 120.251169894938641, -3.829027281423185 ], [ 120.251044130798874, -3.82843571659715 ], [ 120.251502271593779, -3.828444679703623 ], [ 120.252095159681289, -3.827996524264967 ], [ 120.252256856432425, -3.828319196204443 ], [ 120.25262516569893, -3.828122007811435 ], [ 120.253182121175072, -3.828184749577773 ], [ 120.25289466028417, -3.828516384552041 ], [ 120.253155171716557, -3.828704609750565 ], [ 120.253388733690414, -3.828552236973998 ], [ 120.253478565218828, -3.828776314577213 ], [ 120.253379750537576, -3.829305137488263 ], [ 120.253487548371666, -3.829824996980689 ], [ 120.252849744519963, -3.829816033888668 ], [ 120.252247873279586, -3.82944854703495 ], [ 120.252193974362541, -3.829672624403549 ], [ 120.252688047768814, -3.829824996980689 ], [ 120.254188234293295, -3.830891604261064 ], [ 120.254583493018302, -3.830846788855871 ], [ 120.254915869673439, -3.830542044038315 ], [ 120.255086549577413, -3.830613748711034 ], [ 120.255041633813207, -3.830210409848838 ], [ 120.254565526712611, -3.829887738622215 ], [ 120.25399958808363, -3.830075963519195 ], [ 120.25410738591772, -3.82944854703495 ], [ 120.253837891332495, -3.829063133823746 ], [ 120.253990604930792, -3.828677720439023 ], [ 120.253837891332495, -3.828480532128583 ], [ 120.254170267987604, -3.828301269988773 ], [ 120.25389179024954, -3.828229565122342 ], [ 120.253550430441578, -3.827826225136777 ], [ 120.253909756555217, -3.827404958726805 ], [ 120.25424213321034, -3.82765592597472 ], [ 120.254502644642727, -3.827216733242605 ], [ 120.254466712031359, -3.82665205654182 ], [ 120.254269082668856, -3.826284568330241 ], [ 120.254080436459205, -3.826956802744038 ], [ 120.253424666301783, -3.827324290667213 ], [ 120.253361784231899, -3.827924819373016 ], [ 120.253218053786441, -3.827700741546966 ], [ 120.253325851620531, -3.827413921844068 ], [ 120.252966525506892, -3.827216733242605 ], [ 120.252723980380182, -3.826840282150111 ], [ 120.252688047768814, -3.827234659480977 ], [ 120.252176008056864, -3.827216733242605 ], [ 120.251457355829572, -3.827557331707525 ], [ 120.250505141628409, -3.826849245273283 ], [ 120.250181748126138, -3.827162954525235 ], [ 120.250343444877274, -3.828122007811435 ], [ 120.249669708414174, -3.827772446457681 ], [ 120.249274449689167, -3.82776348334417 ], [ 120.248861224658455, -3.828014450487017 ], [ 120.248789359435733, -3.828588089394453 ], [ 120.248510881697655, -3.828677720439023 ], [ 120.248223420806738, -3.82861497870881 ], [ 120.248070707208441, -3.828256454447958 ], [ 120.248250370265268, -3.827530442359955 ], [ 120.249031904562457, -3.826920950255288 ], [ 120.249840388318148, -3.825836411761317 ], [ 120.250262596501699, -3.825567517707441 ], [ 120.250855484589209, -3.825630259660894 ], [ 120.251080063410228, -3.825504775749395 ], [ 120.251349557995482, -3.825791596091531 ], [ 120.251987361847199, -3.825872264295458 ], [ 120.252337704807999, -3.825746780419402 ], [ 120.253065340188144, -3.826069453206415 ], [ 120.252795845602918, -3.825701964744928 ], [ 120.253280935856324, -3.82510143448083 ], [ 120.252930592895524, -3.825235881591447 ], [ 120.252256856432425, -3.825020766204336 ], [ 120.252292789043793, -3.824832540196318 ], [ 120.252526351017679, -3.8247429087494 ], [ 120.253658228275668, -3.82472498245889 ], [ 120.253658228275668, -3.824608461561446 ], [ 120.253963655472262, -3.824572608974428 ], [ 120.254969768590485, -3.825038692488657 ], [ 120.254763156075143, -3.825791596091531 ], [ 120.254924852826278, -3.826114268861665 ], [ 120.255517740913788, -3.826302494588123 ], [ 120.256011814320061, -3.826203900165137 ], [ 120.256182494224049, -3.826087379468797 ], [ 120.256119612154151, -3.825818485493684 ], [ 120.25572435342913, -3.82542410751087 ], [ 120.255203330564356, -3.825477886337397 ], [ 120.255086549577413, -3.82518210274973 ], [ 120.255311128398446, -3.824438161759758 ], [ 120.256362157280861, -3.823963114765693 ], [ 120.256757416005868, -3.824160304115944 ], [ 120.25750301769169, -3.825200029030678 ], [ 120.257377253551923, -3.82540618123461 ], [ 120.256901146451327, -3.825415144372788 ], [ 120.257422169316129, -3.825764706688536 ], [ 120.256496904573481, -3.826078416337653 ], [ 120.256272325752448, -3.826544499032798 ], [ 120.256272325752448, -3.827082286442851 ], [ 120.257583866067264, -3.828086155371462 ], [ 120.257709630207032, -3.828525347657671 ], [ 120.258311501447409, -3.829000392121778 ], [ 120.258347434058777, -3.828328159312139 ], [ 120.257799461735445, -3.828095118481596 ], [ 120.257862343805328, -3.827906893149088 ], [ 120.258176754154789, -3.827754520230565 ], [ 120.258015057403625, -3.826849245273283 ], [ 120.25808692262639, -3.826499683400052 ], [ 120.258347434058777, -3.826392125871899 ], [ 120.258904389534919, -3.826571388411319 ], [ 120.259389479788354, -3.827153991405346 ], [ 120.259748805901992, -3.827360143139081 ], [ 120.260224913002574, -3.827162954525235 ], [ 120.260332710836664, -3.826885097765036 ], [ 120.259757789054831, -3.826661019666963 ], [ 120.260260845613928, -3.82666998279201 ], [ 120.260413559212253, -3.826266642071987 ], [ 120.260368643448047, -3.825827448627548 ], [ 120.260799834784422, -3.825549591434182 ], [ 120.26080881793726, -3.825244844731403 ], [ 120.260485424434975, -3.824796687618676 ], [ 120.26056627281055, -3.824545719533181 ], [ 120.260799834784422, -3.824420235462877 ], [ 120.261240009273621, -3.824689129876748 ], [ 120.261931712042411, -3.827127102045114 ], [ 120.262407819142979, -3.827503553011542 ], [ 120.262506633824231, -3.827503553011542 ], [ 120.26204849302934, -3.826831319026844 ], [ 120.261949678348088, -3.826123231992436 ], [ 120.262057476182179, -3.826069453206415 ], [ 120.262524600129908, -3.826168047644874 ], [ 120.262785111562323, -3.827216733242605 ], [ 120.263099521911755, -3.827306364430716 ], [ 120.263916988820313, -3.826983692109618 ], [ 120.26431224754532, -3.826974728987853 ], [ 120.2648781861743, -3.827458737428978 ], [ 120.26610887811357, -3.827225696361838 ], [ 120.266378372698796, -3.826849245273283 ], [ 120.266333456934589, -3.82646383089217 ], [ 120.266782614576641, -3.826374199615895 ], [ 120.267213805913045, -3.825845374894993 ], [ 120.267546182568154, -3.825746780419402 ], [ 120.267716862472128, -3.825809522359727 ], [ 120.267689913013612, -3.825970858756609 ], [ 120.266674816742551, -3.82765592597472 ], [ 120.266881429257893, -3.8277814095711 ], [ 120.267977373904529, -3.827700741546966 ], [ 120.268327716865343, -3.827189843884343 ], [ 120.268004323363044, -3.826867171519347 ], [ 120.268130087502826, -3.826544499032798 ], [ 120.268067205432928, -3.825908116828099 ], [ 120.268660093520467, -3.825818485493684 ], [ 120.268471447310802, -3.826257678942719 ], [ 120.268570261992053, -3.827297401312327 ], [ 120.269432644664818, -3.826920950255288 ], [ 120.269468577276186, -3.827145028285363 ], [ 120.269136200621034, -3.82765592597472 ], [ 120.269351796289214, -3.82805030292999 ], [ 120.268291784253989, -3.827915856261098 ], [ 120.269037385939782, -3.82947543632228 ], [ 120.270384858865967, -3.830407597760773 ], [ 120.270348926254599, -3.831545908909557 ], [ 120.270115364280727, -3.832191249990488 ], [ 120.270519606158572, -3.832702144667596 ], [ 120.269513493040378, -3.833195112926365 ], [ 120.268579245144892, -3.833141334584673 ], [ 120.268552295686376, -3.832818664463495 ], [ 120.269342813136376, -3.832307769855989 ], [ 120.269414678359112, -3.832092656245743 ], [ 120.269019419634105, -3.832047840903465 ], [ 120.268543312533538, -3.832442215834921 ], [ 120.268282801101122, -3.832487031156535 ], [ 120.267025159703351, -3.831832727227853 ], [ 120.266207692794822, -3.831940284072422 ], [ 120.265057849231155, -3.831653465790188 ], [ 120.2645278432135, -3.831940284072422 ], [ 120.264393095920894, -3.832173323855926 ], [ 120.26431224754532, -3.833096519297345 ], [ 120.264096651877139, -3.833634302590261 ], [ 120.263710376304942, -3.834037639837978 ], [ 120.264743438881695, -3.833912157159079 ], [ 120.266153793877777, -3.835579282675486 ], [ 120.266144810724938, -3.833714970055026 ], [ 120.266980243939145, -3.834315494275715 ], [ 120.266432271615841, -3.834216900775887 ], [ 120.266198709641984, -3.834754683364078 ], [ 120.266836513493686, -3.835166983119227 ], [ 120.266899395563584, -3.835964692950375 ], [ 120.267204822760192, -3.836081212301586 ], [ 120.267671946707935, -3.83590195175468 ], [ 120.268947554411369, -3.835821284496304 ], [ 120.269091284856827, -3.836099138354209 ], [ 120.268758908201718, -3.836224620712035 ], [ 120.268669076673305, -3.83654728954754 ], [ 120.26885772288297, -3.837138848762796 ], [ 120.269495526734701, -3.837362924116152 ], [ 120.269845869695502, -3.837300183023137 ], [ 120.270052482210843, -3.836780328075175 ], [ 120.269980616988121, -3.836305287932334 ], [ 120.270295027337554, -3.836161879535426 ], [ 120.270807067049518, -3.836197731636909 ], [ 120.271148426857465, -3.835910914782918 ], [ 120.271831146473417, -3.836099138354209 ], [ 120.271920978001816, -3.835713728139957 ], [ 120.27222640519841, -3.835516541451496 ], [ 120.27281929328592, -3.835597208738638 ], [ 120.273564894971742, -3.835982619005442 ], [ 120.273834389556981, -3.835910914782918 ], [ 120.273924221085394, -3.835633060863812 ], [ 120.273825406404143, -3.835426911123518 ], [ 120.273169636246749, -3.834942907190014 ], [ 120.272585731312049, -3.834736757283256 ], [ 120.272522849242165, -3.834279642095274 ], [ 120.272693529146153, -3.833983861549277 ], [ 120.272936074272877, -3.833956972403657 ], [ 120.273223535163794, -3.83401075069405 ], [ 120.273277434080839, -3.834423050808014 ], [ 120.274418294491667, -3.834521644284067 ], [ 120.274930334203603, -3.835247650439364 ], [ 120.276116110378638, -3.835364169888341 ], [ 120.277113240344022, -3.835946766894932 ], [ 120.277499515916205, -3.836520400482569 ], [ 120.277939690405418, -3.836583141632852 ], [ 120.279107500274762, -3.836305287932334 ], [ 120.279394961165679, -3.835857136612078 ], [ 120.279691405209462, -3.835731654200288 ], [ 120.279547674763975, -3.835238687404168 ], [ 120.278694275244078, -3.835525504483776 ], [ 120.276933577287195, -3.834261716004492 ], [ 120.277113240344022, -3.834181048591312 ], [ 120.277625280055986, -3.834378235587868 ], [ 120.277948673558257, -3.834163122498461 ], [ 120.278649359479871, -3.834055565933462 ], [ 120.278703258396931, -3.833401263204856 ], [ 120.278469696423031, -3.833248891264675 ], [ 120.278074437698024, -3.833302669599605 ], [ 120.278846988842375, -3.832809701402835 ], [ 120.278981736134995, -3.832944147302864 ], [ 120.279781236737875, -3.83296207342127 ], [ 120.279826152502068, -3.833204075982986 ], [ 120.27960157368102, -3.833661191746028 ], [ 120.279682422056624, -3.833858378862483 ], [ 120.28027531014412, -3.83343711542213 ], [ 120.280751417244701, -3.833544672064929 ], [ 120.280589720493552, -3.834996685418381 ], [ 120.281550917847568, -3.835471726288682 ], [ 120.281982109183957, -3.835955729922701 ], [ 120.281209558039606, -3.836448696305175 ], [ 120.280113613392984, -3.836251509786315 ], [ 120.279880051419113, -3.836905810332957 ], [ 120.279071567663408, -3.837389813154605 ], [ 120.279107500274762, -3.837766259604066 ], [ 120.279368011707163, -3.838097890862554 ], [ 120.27983513565492, -3.837891741717016 ], [ 120.280239377532766, -3.83801722381153 ], [ 120.280311242755488, -3.838393669984455 ], [ 120.280176495462868, -3.838752189994866 ], [ 120.280284293296958, -3.838877671962947 ], [ 120.281272440109504, -3.839056931885362 ], [ 120.281281423262342, -3.838752189994866 ], [ 120.28073345093901, -3.837694555531245 ], [ 120.281452103166316, -3.83778418562133 ], [ 120.281353288485064, -3.837425665204558 ], [ 120.281101760205516, -3.837174700823283 ], [ 120.281317355873711, -3.836744475998138 ], [ 120.281586850458936, -3.836574178611666 ], [ 120.2824492331317, -3.836448696305175 ], [ 120.28302415491352, -3.835991582032833 ], [ 120.283329582110142, -3.835973655977955 ], [ 120.282323468991919, -3.836735512978645 ], [ 120.281227524345297, -3.840240046429318 ], [ 120.28085921507882, -3.840526861829394 ], [ 120.27712222349686, -3.840813677133085 ], [ 120.276942560440034, -3.840715084383312 ], [ 120.27652933540935, -3.839630563384167 ], [ 120.27120232577451, -3.839514044517166 ], [ 120.271211308927363, -3.841727900270276 ], [ 120.272028775835906, -3.842642122427894 ], [ 120.273142686788219, -3.843556343605706 ], [ 120.272459967172281, -3.843645973080195 ], [ 120.271588601346679, -3.844174786787931 ], [ 120.270627403992691, -3.843995527940693 ], [ 120.27044774093585, -3.842911011111323 ], [ 120.269567391957423, -3.842427011420122 ], [ 120.269261964760815, -3.841996789241859 ], [ 120.269306880525022, -3.841647233562276 ], [ 120.268336700018182, -3.841252862880058 ], [ 120.267995340210206, -3.838779078989579 ], [ 120.268219919031225, -3.838357817975135 ], [ 120.268731958743189, -3.838133742882786 ], [ 120.268139070655664, -3.837694555531245 ], [ 120.267887542376116, -3.837703518540677 ], [ 120.267204822760192, -3.838841819973948 ], [ 120.267052109161881, -3.838841819973948 ], [ 120.266863462952216, -3.838572930008476 ], [ 120.266405322157325, -3.838492263002322 ], [ 120.266037012890848, -3.838053075835149 ], [ 120.265803450916948, -3.8370402555887 ], [ 120.266019046585157, -3.836278398859748 ], [ 120.265920231903891, -3.835866099640787 ], [ 120.265623787860136, -3.83557031964377 ], [ 120.264572758977707, -3.835740617230312 ], [ 120.264141567641346, -3.835220761333498 ], [ 120.263584612165175, -3.834960833266512 ], [ 120.263297151274259, -3.835005648456115 ], [ 120.262758162103808, -3.83562409783266 ], [ 120.26307257245324, -3.837111959716444 ], [ 120.26035067714237, -3.841916122559282 ], [ 120.26011711516847, -3.842095381843541 ], [ 120.259587109150857, -3.842104344806765 ], [ 120.258536080268428, -3.841683085433439 ], [ 120.258769642242299, -3.841476937153678 ], [ 120.259254732495734, -3.841512789031997 ], [ 120.259039136827525, -3.841324566654018 ], [ 120.259587109150857, -3.841118418287642 ], [ 120.259353547176985, -3.840975010699053 ], [ 120.259488294469605, -3.840813677133085 ], [ 120.259964401570173, -3.840957084748785 ], [ 120.260072199404277, -3.840724047361036 ], [ 120.260638138033272, -3.840715084383312 ], [ 120.260422542365092, -3.84011456466148 ], [ 120.260889666312821, -3.839630563384167 ], [ 120.259694906984947, -3.840338639233964 ], [ 120.258958288451964, -3.841154270181024 ], [ 120.258392349822984, -3.841476937153678 ], [ 120.25647893826779, -3.841593455752707 ], [ 120.256074696389945, -3.840643380558142 ], [ 120.255436892538214, -3.840526861829394 ], [ 120.255194347411503, -3.84087641796792 ], [ 120.254960785437646, -3.840957084748785 ], [ 120.254493661489889, -3.840697158427585 ], [ 120.254260099516017, -3.839621600394963 ], [ 120.253703144039875, -3.838832856976464 ], [ 120.254053487000675, -3.837802111638218 ], [ 120.253882807096701, -3.837049218604996 ], [ 120.253460598913151, -3.837022329555824 ], [ 120.25354144728874, -3.838008260805392 ], [ 120.253236020092118, -3.838160631896973 ], [ 120.25286771082564, -3.837649740482675 ], [ 120.252903643437008, -3.837013366539244 ], [ 120.252364654266515, -3.837049218604996 ], [ 120.252247873279586, -3.837344998090047 ], [ 120.251825665096064, -3.837237441925514 ], [ 120.251834648248902, -3.836287361884037 ], [ 120.252355671113676, -3.836108101380379 ], [ 120.252499401559163, -3.835803358437853 ], [ 120.252768896144389, -3.835731654200288 ], [ 120.252436519489279, -3.83520283526245 ], [ 120.252122109139819, -3.835184909191027 ], [ 120.252113125986966, -3.834539570369401 ], [ 120.251834648248902, -3.834476829069089 ], [ 120.251780749331857, -3.83484431376255 ], [ 120.251448372676734, -3.835032537568749 ], [ 120.251142945480112, -3.834987722380556 ], [ 120.250756669907958, -3.835606171770074 ], [ 120.250559040545454, -3.835337280786141 ], [ 120.2489151235755, -3.834808461604289 ], [ 120.248888174116985, -3.834611274706974 ], [ 120.249085803479502, -3.834476829069089 ], [ 120.249238517077799, -3.834037639837978 ], [ 120.249876320929516, -3.833383337095656 ], [ 120.249948186152238, -3.832908295064922 ], [ 120.24980445570678, -3.832711107729381 ], [ 120.249292415994844, -3.832531846475801 ], [ 120.248798342588572, -3.832029914765898 ], [ 120.248627662684584, -3.832083693177476 ], [ 120.248645628990275, -3.832504957284522 ], [ 120.247944943068674, -3.832424289705617 ], [ 120.247944943068674, -3.831985099420333 ], [ 120.248367151252197, -3.831581761204603 ], [ 120.248358168099358, -3.831312868955136 ], [ 120.247621549566375, -3.830784047284657 ], [ 120.24756765064933, -3.830515154784497 ], [ 120.247900027304468, -3.829932554077631 ], [ 120.247037644631703, -3.828803203885657 ], [ 120.246399840779972, -3.8284984583405 ], [ 120.246067464124849, -3.828032376708691 ], [ 120.245753053775417, -3.827880003812495 ], [ 120.24530389613335, -3.827924819373016 ], [ 120.244791856421415, -3.82828334377273 ], [ 120.244558294447543, -3.828489495234588 ], [ 120.244288799862289, -3.82914380171952 ], [ 120.243704894927617, -3.829090023123182 ], [ 120.243219804674183, -3.828453642810005 ], [ 120.242573017669628, -3.829045207623654 ], [ 120.241935213817897, -3.829036244523466 ], [ 120.241908264359367, -3.828865945602076 ], [ 120.242186742097473, -3.828525347657671 ], [ 120.243219804674183, -3.828077192261235 ], [ 120.244181002028199, -3.827969634931188 ], [ 120.24436964823785, -3.827297401312327 ], [ 120.244764906962885, -3.827485626778798 ], [ 120.245717121164063, -3.826822355903483 ], [ 120.24530389613335, -3.826607240914702 ], [ 120.245205081452099, -3.826401088999762 ], [ 120.245447626578795, -3.826230789554349 ], [ 120.246103396736217, -3.826203900165137 ], [ 120.246157295653262, -3.826015674417018 ], [ 120.245438643425956, -3.825881227428759 ], [ 120.24495355317255, -3.826024637548819 ], [ 120.244863721644137, -3.825845374894993 ], [ 120.244971519478227, -3.825675075339118 ], [ 120.246498655461224, -3.82565714906811 ], [ 120.247477819120917, -3.825352402403583 ], [ 120.247792229470349, -3.824751871894513 ], [ 120.247864094693099, -3.824007930531097 ], [ 120.248016808291396, -3.823828667455423 ], [ 120.24845698278061, -3.823846593764676 ], [ 120.248367151252197, -3.82425889877406 ], [ 120.249004955103942, -3.824841503340494 ] ], [ [ 120.258024040556478, -3.832495994220576 ], [ 120.258158787849112, -3.832370511315454 ], [ 120.258410316128661, -3.83246910502817 ], [ 120.258095905779228, -3.832119545449983 ], [ 120.257682680748516, -3.832083693177476 ], [ 120.257215556800787, -3.831814801085777 ], [ 120.256658601324617, -3.831832727227853 ], [ 120.257134708425212, -3.831940284072422 ], [ 120.257377253551923, -3.832271917591372 ], [ 120.258024040556478, -3.832495994220576 ] ], [ [ 120.254826038145026, -3.831814801085777 ], [ 120.254718240310936, -3.831303905878699 ], [ 120.253837891332495, -3.831088792016025 ], [ 120.253909756555217, -3.831277016648822 ], [ 120.25434993104443, -3.831411462789754 ], [ 120.254493661489889, -3.831653465790188 ], [ 120.254826038145026, -3.831814801085777 ] ], [ [ 120.253343817926208, -3.83090056734182 ], [ 120.253370767384737, -3.83070337954348 ], [ 120.252885677131317, -3.830371745416528 ], [ 120.252903643437008, -3.830775084202681 ], [ 120.253343817926208, -3.83090056734182 ] ], [ [ 120.256290292058139, -3.829054170723748 ], [ 120.256416056197907, -3.828704609750565 ], [ 120.255706387123439, -3.828480532128583 ], [ 120.255715370276292, -3.828130970921192 ], [ 120.255472825149582, -3.827602147284931 ], [ 120.255176381105827, -3.827404958726805 ], [ 120.254835021297865, -3.828211638904795 ], [ 120.255113499035943, -3.828444679703623 ], [ 120.255706387123439, -3.829565067273942 ], [ 120.255400959926845, -3.829896701713486 ], [ 120.255382993621168, -3.830219372936731 ], [ 120.256173511071196, -3.830219372936731 ], [ 120.256011814320061, -3.829493362513364 ], [ 120.256290292058139, -3.829054170723748 ] ] ] } },
{ "type": "Feature", "properties": { "FID": 239, "REMARK": "Tegalan/Ladang" }, "geometry": { "type": "Polygon", "coordinates": [ [ [ 120.201708655395038, -3.823568735929108 ], [ 120.201412211351283, -3.823694220124065 ], [ 120.19989405852111, -3.823730072747823 ], [ 120.199633547088709, -3.823936225305326 ], [ 120.199561681865987, -3.824348530271596 ], [ 120.199804226992697, -3.824590535268123 ], [ 120.2006755928183, -3.824671203585114 ], [ 120.20113373361319, -3.824662240439157 ], [ 120.202166796189928, -3.824285788224306 ], [ 120.202085947814354, -3.825056618772604 ], [ 120.20223866141265, -3.825468923199876 ], [ 120.203846645771236, -3.826060490075083 ], [ 120.203927494146811, -3.826383162743944 ], [ 120.203559184880305, -3.826436941510272 ], [ 120.202939347334279, -3.826141158253692 ], [ 120.201618823866625, -3.826123231992436 ], [ 120.201286447211487, -3.825146250186712 ], [ 120.200945087403525, -3.824931134777102 ], [ 120.200711525429654, -3.825074545056176 ], [ 120.200702542276815, -3.825513738886539 ], [ 120.200936104250687, -3.826069453206415 ], [ 120.20086423902795, -3.826374199615895 ], [ 120.200163553106336, -3.827243622600023 ], [ 120.200163553106336, -3.827512516127774 ], [ 120.200855255875112, -3.827933782484837 ], [ 120.201286447211487, -3.828552236973998 ], [ 120.20113373361319, -3.828632904917912 ], [ 120.201124750460352, -3.828874908704047 ], [ 120.20153797549105, -3.829134838620365 ], [ 120.20099898632057, -3.829152764818581 ], [ 120.200316266704661, -3.828731499061261 ], [ 120.199822193298374, -3.829098986222806 ], [ 120.199786260687006, -3.829654698216221 ], [ 120.199929991132464, -3.829950480259141 ], [ 120.200316266704661, -3.830246262199843 ], [ 120.201555941796741, -3.829833960072617 ], [ 120.20089118848648, -3.830398634674853 ], [ 120.20086423902795, -3.830604785627272 ], [ 120.201097801001822, -3.830775084202681 ], [ 120.201663739630831, -3.830730268791385 ], [ 120.201439160809812, -3.831151533564892 ], [ 120.201717638547876, -3.831501093538637 ], [ 120.201744588006406, -3.832011988627954 ], [ 120.202364425552432, -3.832451178899432 ], [ 120.202508155997904, -3.832639403232458 ], [ 120.202400358163786, -3.832908295064922 ], [ 120.202535105456434, -3.832988962598177 ], [ 120.202229678259812, -3.833275780432564 ], [ 120.202148829884251, -3.833661191746028 ], [ 120.201744588006406, -3.834028676790097 ], [ 120.201403228198444, -3.83522972436888 ], [ 120.201259497752957, -3.836762402036844 ], [ 120.200981020014893, -3.8370402555887 ], [ 120.200729491735345, -3.83683410618791 ], [ 120.200289317246131, -3.837497369299951 ], [ 120.200109654189291, -3.837551147367547 ], [ 120.199579648171664, -3.836896847315156 ], [ 120.199462867184735, -3.836323213980256 ], [ 120.199175406293818, -3.836439733282577 ], [ 120.199112524223935, -3.83687892127927 ], [ 120.198483703525042, -3.835892988726349 ], [ 120.198708282346061, -3.835023574531298 ], [ 120.199786260687006, -3.834369272543556 ], [ 120.199813210145535, -3.833625339538151 ], [ 120.200217452023409, -3.83282762752406 ], [ 120.200226435176248, -3.832307769855989 ], [ 120.199687446005768, -3.831958210211869 ], [ 120.199004726389816, -3.831931321002558 ], [ 120.198726248651752, -3.832074730109114 ], [ 120.198393871996629, -3.832612514044561 ], [ 120.198672349734707, -3.833096519297345 ], [ 120.198250141551171, -3.833114445412557 ], [ 120.198609467664809, -3.833939046306107 ], [ 120.198187259481287, -3.834109344217653 ], [ 120.197747084992059, -3.833849415812722 ], [ 120.197774034450575, -3.833159260698946 ], [ 120.197594371393762, -3.832979999539301 ], [ 120.197387758878421, -3.833024814832735 ], [ 120.197136230598872, -3.83343711542213 ], [ 120.196911651777839, -3.833374374040916 ], [ 120.196705039262469, -3.833078593181756 ], [ 120.196678089803953, -3.832522883412136 ], [ 120.196875719166485, -3.831949247142192 ], [ 120.197199112668756, -3.831644502717318 ], [ 120.197270977891478, -3.83090056734182 ], [ 120.197432674642627, -3.830828862693136 ], [ 120.197486573559672, -3.830990198144224 ], [ 120.197693186075014, -3.83070337954348 ], [ 120.19795369750743, -3.830748194956185 ], [ 120.197836916520473, -3.830291077636486 ], [ 120.197998613271622, -3.82987877553085 ], [ 120.198402855149467, -3.829950480259141 ], [ 120.198546585594926, -3.829636772028516 ], [ 120.198977776931301, -3.829394768457757 ], [ 120.199238288363716, -3.828991429021122 ], [ 120.198726248651752, -3.828856982500013 ], [ 120.198510652983572, -3.828346085527245 ], [ 120.199247271516555, -3.826974728987853 ], [ 120.19962456393587, -3.825594407116627 ], [ 120.199085574765419, -3.82540618123461 ], [ 120.198447770913674, -3.824339567122264 ], [ 120.198465737219365, -3.824061709446489 ], [ 120.199085574765419, -3.824088598902919 ], [ 120.199642530241562, -3.823093688453248 ], [ 120.201304413517164, -3.822672419716725 ], [ 120.201744588006406, -3.822672419716725 ], [ 120.202076964661515, -3.82285168303416 ], [ 120.202041032050147, -3.823290878003483 ], [ 120.201708655395038, -3.823568735929108 ] ] ] } },
{ "type": "Feature", "properties": { "FID": 240, "REMARK": "Tegalan/Ladang" }, "geometry": { "type": "Polygon", "coordinates": [ [ [ 120.282601946729997, -3.822860646199048 ], [ 120.28264686249419, -3.82263656704874 ], [ 120.283087036983432, -3.822681382883486 ], [ 120.283617043001044, -3.822376635161026 ], [ 120.284245863699951, -3.822546935372223 ], [ 120.284766886564725, -3.822959241006632 ], [ 120.284811802328932, -3.823488067508365 ], [ 120.284057217490258, -3.823344656963858 ], [ 120.283823655516386, -3.823443251715783 ], [ 120.284524341438015, -3.824303714524 ], [ 120.284506375132338, -3.824438161759758 ], [ 120.284200947935744, -3.824249935623791 ], [ 120.284057217490258, -3.824357493420833 ], [ 120.284641122424944, -3.824931134777102 ], [ 120.284730953953357, -3.825415144372788 ], [ 120.283769756599341, -3.825029729346543 ], [ 120.28358111038969, -3.825164176468409 ], [ 120.28344636309707, -3.825594407116627 ], [ 120.283149919053315, -3.82565714906811 ], [ 120.281865328197, -3.824689129876748 ], [ 120.282000075489648, -3.824949061063299 ], [ 120.281982109183957, -3.825567517707441 ], [ 120.281640749375981, -3.825675075339118 ], [ 120.28140718740211, -3.825495812612155 ], [ 120.281101760205516, -3.824850466484578 ], [ 120.280661585716288, -3.824877355916263 ], [ 120.280769383550407, -3.824007930531097 ], [ 120.281353288485064, -3.823604588558113 ], [ 120.281712614598703, -3.822484193193085 ], [ 120.282242620616358, -3.822188408572464 ], [ 120.282350418450449, -3.82262760388151 ], [ 120.282601946729997, -3.822860646199048 ] ], [ [ 120.282691778258396, -3.824689129876748 ], [ 120.283113986441947, -3.825083508197821 ], [ 120.283626026153897, -3.824491940648158 ], [ 120.283652975612412, -3.824160304115944 ], [ 120.283419413638541, -3.823694220124065 ], [ 120.283284666345935, -3.824438161759758 ], [ 120.282790592939648, -3.823488067508365 ], [ 120.282170755393622, -3.823326730644108 ], [ 120.281775496668601, -3.823694220124065 ], [ 120.281874311349839, -3.824456088056266 ], [ 120.282691778258396, -3.824689129876748 ] ] ] } },
{ "type": "Feature", "properties": { "FID": 241, "REMARK": "Tegalan/Ladang" }, "geometry": { "type": "Polygon", "coordinates": [ [ [ 120.219351567575131, -3.822762051380127 ], [ 120.219872590439934, -3.822555898540296 ], [ 120.219656994771753, -3.823855556919163 ], [ 120.218848511016034, -3.824608461561446 ], [ 120.21911800560126, -3.824841503340494 ], [ 120.219046140378538, -3.825047655630677 ], [ 120.218740713181944, -3.825200029030678 ], [ 120.218291555539864, -3.825827448627548 ], [ 120.217716633758045, -3.826105305730804 ], [ 120.216647638569938, -3.827073323322117 ], [ 120.217240526657477, -3.827620073515235 ], [ 120.215991868412516, -3.827180880764734 ], [ 120.215686441215922, -3.827467700545679 ], [ 120.215381014019329, -3.827512516127774 ], [ 120.213719130743698, -3.827279475075267 ], [ 120.213620316062446, -3.828032376708691 ], [ 120.212901663835169, -3.82854327386865 ], [ 120.212641152402753, -3.828471569022485 ], [ 120.213189124726085, -3.827449774312183 ], [ 120.212964545905052, -3.826427978382784 ], [ 120.213467602464149, -3.825827448627548 ], [ 120.213350821477221, -3.825504775749395 ], [ 120.212973529057891, -3.825370328680967 ], [ 120.212766916542549, -3.825110397622193 ], [ 120.213009461669259, -3.824796687618676 ], [ 120.213305905713014, -3.825289660429786 ], [ 120.213494551922679, -3.825325512986804 ], [ 120.213638282368123, -3.825137287045723 ], [ 120.213629299215285, -3.82341636223911 ], [ 120.213934726411907, -3.823505993824741 ], [ 120.213880827494862, -3.825119360763464 ], [ 120.213970659023275, -3.825325512986804 ], [ 120.214294052525545, -3.825442033786753 ], [ 120.214707277556229, -3.82542410751087 ], [ 120.215093553128426, -3.825137287045723 ], [ 120.215093553128426, -3.824644314146962 ], [ 120.214886940613056, -3.824097562054875 ], [ 120.215138468892633, -3.82329984116378 ], [ 120.215578643381832, -3.823290878003483 ], [ 120.215345081407975, -3.823998967378204 ], [ 120.215389997172181, -3.82482357705205 ], [ 120.215794239050012, -3.824581572121323 ], [ 120.216108649399473, -3.82361355171513 ], [ 120.216351194526183, -3.823344656963858 ], [ 120.216665604875615, -3.823335693804029 ], [ 120.216926116308017, -3.823747999059139 ], [ 120.216710520639822, -3.824913208490531 ], [ 120.215982885259677, -3.824895282203585 ], [ 120.216423059748919, -3.825119360763464 ], [ 120.216432042901758, -3.825388254957977 ], [ 120.214680328097714, -3.82565714906811 ], [ 120.214707277556229, -3.825881227428759 ], [ 120.215255249879561, -3.826123231992436 ], [ 120.214410833512474, -3.826661019666963 ], [ 120.215201350962516, -3.826920950255288 ], [ 120.216809335321074, -3.826517609653432 ], [ 120.218291555539864, -3.82540618123461 ], [ 120.218381387068305, -3.824958024206257 ], [ 120.218075959871683, -3.824671203585114 ], [ 120.217465105478496, -3.824572608974428 ], [ 120.217429172867128, -3.824447124908059 ], [ 120.217671717993838, -3.824276825074317 ], [ 120.217294425574522, -3.824007930531097 ], [ 120.217249509810316, -3.823801777990837 ], [ 120.217905279967709, -3.823568735929108 ], [ 120.217572903312586, -3.823075762128251 ], [ 120.218318504998393, -3.82292338835064 ], [ 120.21809392617736, -3.82238559833088 ], [ 120.218156808247258, -3.822089813676254 ], [ 120.218300538692702, -3.822116703194526 ], [ 120.218309521845555, -3.822690346050155 ], [ 120.218641898500692, -3.822914425186409 ], [ 120.218983258308654, -3.82190158702474 ], [ 120.219836657828566, -3.821139716822842 ], [ 120.219746826300153, -3.821946402897895 ], [ 120.219288685505248, -3.822511082698992 ], [ 120.219351567575131, -3.822762051380127 ] ] ] } },
{ "type": "Feature", "properties": { "FID": 242, "REMARK": "Tegalan/Ladang" }, "geometry": { "type": "Polygon", "coordinates": [ [ [ 120.205921754077565, -3.821041121806087 ], [ 120.206164299204275, -3.820996305885633 ], [ 120.206200231815629, -3.821973292420664 ], [ 120.206712271527564, -3.823263988522031 ], [ 120.208203474899221, -3.824348530271596 ], [ 120.208553817860022, -3.82496698734912 ], [ 120.208661615694112, -3.825567517707441 ], [ 120.209038908113442, -3.826042563812138 ], [ 120.209838408716308, -3.826284568330241 ], [ 120.210467229415215, -3.826777540285276 ], [ 120.210440279956686, -3.826974728987853 ], [ 120.209847391869161, -3.826607240914702 ], [ 120.209443149991316, -3.826634130291253 ], [ 120.209550947825406, -3.827109175804491 ], [ 120.209263486934461, -3.827969634931188 ], [ 120.208922127126513, -3.828480532128583 ], [ 120.2088322955981, -3.828346085527245 ], [ 120.209290436393019, -3.826607240914702 ], [ 120.208706531458319, -3.826687909041826 ], [ 120.208248390663428, -3.827853114475058 ], [ 120.207197361781013, -3.827171917645031 ], [ 120.208293306427635, -3.827001618352869 ], [ 120.20872449776401, -3.826526572779981 ], [ 120.208751447222525, -3.826221826424705 ], [ 120.208580767318551, -3.826114268861665 ], [ 120.208176525440706, -3.826221826424705 ], [ 120.207835165632716, -3.826553462159066 ], [ 120.207520755283284, -3.826427978382784 ], [ 120.207574654200329, -3.826239752683899 ], [ 120.208472969484461, -3.825773669822961 ], [ 120.208365171650371, -3.825325512986804 ], [ 120.208149575982176, -3.825110397622193 ], [ 120.207547704741813, -3.825253807871267 ], [ 120.207924997161129, -3.824348530271596 ], [ 120.207377024837825, -3.824088598902919 ], [ 120.206793119903139, -3.8235776990865 ], [ 120.206514642165075, -3.82361355171513 ], [ 120.206451760095177, -3.824070672598726 ], [ 120.206838035667346, -3.824429198611365 ], [ 120.206856001973023, -3.824626387854391 ], [ 120.206595490540636, -3.824868392772461 ], [ 120.206541591623591, -3.82531654984769 ], [ 120.206290063344042, -3.825719891014998 ], [ 120.206424810636662, -3.826365236487751 ], [ 120.206317012802572, -3.826454867764963 ], [ 120.206101417134377, -3.825881227428759 ], [ 120.206236164426997, -3.823640441185619 ], [ 120.205760057326401, -3.823649404342261 ], [ 120.205364798601394, -3.824438161759758 ], [ 120.205149202933214, -3.824581572121323 ], [ 120.204834792583782, -3.824536756385912 ], [ 120.204825809430943, -3.824267861924235 ], [ 120.205445646976969, -3.823559772771622 ], [ 120.205571411116736, -3.82316539374949 ], [ 120.206388878025294, -3.822986130497641 ], [ 120.205939720383242, -3.821802992095558 ], [ 120.205140219780375, -3.821336906822357 ], [ 120.205517512199691, -3.82087082129591 ], [ 120.205921754077565, -3.821041121806087 ] ] ] } },
{ "type": "Feature", "properties": { "FID": 243, "REMARK": "Tegalan/Ladang" }, "geometry": { "type": "Polygon", "coordinates": [ [ [ 120.291288655527438, -3.819822127935625 ], [ 120.293264949152501, -3.81985798072124 ], [ 120.293552410043418, -3.82035991956255 ], [ 120.293956651921263, -3.820467477847488 ], [ 120.293938685615586, -3.820978379516796 ], [ 120.294127331825237, -3.821085937724198 ], [ 120.293381730139444, -3.821372759544672 ], [ 120.292420532785428, -3.821014232254096 ], [ 120.291800695239374, -3.820960453147586 ], [ 120.290974245177978, -3.819768348754395 ], [ 120.291288655527438, -3.819822127935625 ] ] ] } },
{ "type": "Feature", "properties": { "FID": 244, "REMARK": "Tegalan/Ladang" }, "geometry": { "type": "Polygon", "coordinates": [ [ [ 120.234039022470483, -3.82316539374949 ], [ 120.23419173606878, -3.823147467425992 ], [ 120.234739708392112, -3.82236767199108 ], [ 120.235134967117105, -3.822107740021861 ], [ 120.235260731256886, -3.823039909477132 ], [ 120.235584124759185, -3.822968204170396 ], [ 120.235521242689302, -3.823461178033097 ], [ 120.235314630173932, -3.823756962214656 ], [ 120.235404461702373, -3.823963114765693 ], [ 120.236051248706914, -3.824196156720208 ], [ 120.23768618252403, -3.823756962214656 ], [ 120.239051621755891, -3.823129541102118 ], [ 120.23951874570362, -3.822645530215877 ], [ 120.241656736079833, -3.821336906822357 ], [ 120.242599967128157, -3.820377845944309 ], [ 120.242671832350879, -3.821381722725016 ], [ 120.243138956298608, -3.82158787584709 ], [ 120.243228787827022, -3.82182091844716 ], [ 120.243543198176482, -3.82190158702474 ], [ 120.243749810691824, -3.82216151905644 ], [ 120.242707764962248, -3.822340782480676 ], [ 120.241441140411638, -3.82229596662813 ], [ 120.241189612132089, -3.822573824876161 ], [ 120.241962163276426, -3.822986130497641 ], [ 120.244198968333876, -3.822681382883486 ], [ 120.244549311294705, -3.82285168303416 ], [ 120.244648125975957, -3.823048872640052 ], [ 120.244549311294705, -3.823290878003483 ], [ 120.242662849198041, -3.823183320072613 ], [ 120.24323777097986, -3.823604588558113 ], [ 120.243327602508302, -3.823819704300655 ], [ 120.243534215023644, -3.823846593764676 ], [ 120.243570147635012, -3.824563645827441 ], [ 120.243956423207166, -3.825513738886539 ], [ 120.243740827538986, -3.825872264295458 ], [ 120.243067091075886, -3.825881227428759 ], [ 120.243453366648069, -3.825630259660894 ], [ 120.243525231870805, -3.825370328680967 ], [ 120.243462349800922, -3.825011803062034 ], [ 120.243112006840093, -3.824572608974428 ], [ 120.243085057381563, -3.82395415161233 ], [ 120.242887428019074, -3.823819704300655 ], [ 120.242177758944607, -3.823864520073556 ], [ 120.242177758944607, -3.824151340964645 ], [ 120.242303523084402, -3.824393346016849 ], [ 120.242671832350879, -3.824491940648158 ], [ 120.242968276394635, -3.824796687618676 ], [ 120.243174888909977, -3.825226918451393 ], [ 120.243094040534416, -3.825415144372788 ], [ 120.242797596490661, -3.825388254957977 ], [ 120.242599967128157, -3.824895282203585 ], [ 120.242096910569032, -3.824581572121323 ], [ 120.241719618149716, -3.823783851680646 ], [ 120.241027915380926, -3.823801777990837 ], [ 120.241477073023006, -3.824886319059972 ], [ 120.242016062193471, -3.825433070648858 ], [ 120.241863348595174, -3.825639222796725 ], [ 120.241369275188916, -3.825155213327608 ], [ 120.240345195765016, -3.823380509602233 ], [ 120.239833156053052, -3.823237099039734 ], [ 120.239177385895658, -3.82361355171513 ], [ 120.239446880480884, -3.824007930531097 ], [ 120.240210448472396, -3.824330603972839 ], [ 120.240147566402513, -3.824599498414833 ], [ 120.240605707197403, -3.824778761329292 ], [ 120.24065062296161, -3.825486849474823 ], [ 120.241441140411638, -3.82595293249179 ], [ 120.241261477354826, -3.826401088999762 ], [ 120.241441140411638, -3.827037470838243 ], [ 120.241764533913923, -3.827413921844068 ], [ 120.242258607320196, -3.827602147284931 ], [ 120.242222674708827, -3.827736594003075 ], [ 120.241620803468464, -3.827557331707525 ], [ 120.240749437642862, -3.826221826424705 ], [ 120.240479943057636, -3.826284568330241 ], [ 120.240363162070693, -3.825495812612155 ], [ 120.240021802262746, -3.824850466484578 ], [ 120.238836026087696, -3.823730072747823 ], [ 120.238584497808134, -3.823927262151682 ], [ 120.238665346183694, -3.824474014352399 ], [ 120.239105520672936, -3.82499387677715 ], [ 120.239554678314988, -3.825173139609117 ], [ 120.239806206594537, -3.825684038474482 ], [ 120.239330099493955, -3.825746780419402 ], [ 120.238081441249037, -3.824223046172421 ], [ 120.237237024881949, -3.824232009322971 ], [ 120.237362789021731, -3.825038692488657 ], [ 120.237263974340479, -3.825146250186712 ], [ 120.236940580838208, -3.824958024206257 ], [ 120.236868715615472, -3.824438161759758 ], [ 120.236069215012606, -3.824366456569978 ], [ 120.235449377466566, -3.824635351000723 ], [ 120.236060231859753, -3.82482357705205 ], [ 120.236114130776812, -3.82496698734912 ], [ 120.235296663868255, -3.824877355916263 ], [ 120.235036152435868, -3.82510143448083 ], [ 120.235224798645518, -3.825289660429786 ], [ 120.236392608514876, -3.825442033786753 ], [ 120.235449377466566, -3.825486849474823 ], [ 120.235197849187003, -3.825666112203661 ], [ 120.235305647021093, -3.82595293249179 ], [ 120.236410574820553, -3.825908116828099 ], [ 120.235871585650102, -3.826221826424705 ], [ 120.235844636191572, -3.826535535906436 ], [ 120.237290923798994, -3.826329383974241 ], [ 120.236931597685356, -3.826687909041826 ], [ 120.236419557973406, -3.826813392780029 ], [ 120.236778884087059, -3.828211638904795 ], [ 120.238099407554714, -3.828041339819388 ], [ 120.237237024881949, -3.82861497870881 ], [ 120.237416687938776, -3.829009355222341 ], [ 120.237856862428004, -3.828982465920372 ], [ 120.238620430419488, -3.828623941813408 ], [ 120.238728228253592, -3.828713572854225 ], [ 120.23838686844563, -3.828982465920372 ], [ 120.238647379878017, -3.829072096923652 ], [ 120.239878071817259, -3.828364011741976 ], [ 120.240444010446268, -3.828381937956333 ], [ 120.240956050158204, -3.828686683542964 ], [ 120.241171645826412, -3.829771218427149 ], [ 120.242995225853164, -3.829654698216221 ], [ 120.243103023687254, -3.829789144612038 ], [ 120.242959293241796, -3.830156631319516 ], [ 120.242384371459977, -3.830586859459468 ], [ 120.241881314900851, -3.830613748711034 ], [ 120.240713505031493, -3.829565067273942 ], [ 120.240426044140591, -3.829582993463149 ], [ 120.240435027293429, -3.829923590986736 ], [ 120.240264347389441, -3.830138705142324 ], [ 120.24054282512752, -3.830398634674853 ], [ 120.24062367350308, -3.830730268791385 ], [ 120.240120616943997, -3.831241164341006 ], [ 120.239590610926342, -3.831348721259948 ], [ 120.238225171694495, -3.83086471501823 ], [ 120.237506519467189, -3.830156631319516 ], [ 120.236841766156957, -3.829941517168434 ], [ 120.236266844375109, -3.828041339819388 ], [ 120.235431411160889, -3.826911987132865 ], [ 120.235197849187003, -3.826185973905192 ], [ 120.234389365431312, -3.825325512986804 ], [ 120.234281567597222, -3.823846593764676 ], [ 120.233419184924458, -3.822914425186409 ], [ 120.233392235465928, -3.82165958126924 ], [ 120.233967157247761, -3.819714569569796 ], [ 120.235638023676231, -3.819194703944913 ], [ 120.23553022584214, -3.81984005432862 ], [ 120.234937337754616, -3.821068011357235 ], [ 120.234074955081851, -3.821650618091799 ], [ 120.234039022470483, -3.82316539374949 ] ] ] } },
{ "type": "Feature", "properties": { "FID": 245, "REMARK": "Tegalan/Ladang" }, "geometry": { "type": "Polygon", "coordinates": [ [ [ 120.239599594079181, -3.818782396501275 ], [ 120.240102650638306, -3.818755506878507 ], [ 120.240479943057636, -3.818979587042509 ], [ 120.241117746909367, -3.819033366273163 ], [ 120.241270460507664, -3.819759385557197 ], [ 120.240237397930926, -3.820610888873095 ], [ 120.238341952681424, -3.823057835802878 ], [ 120.237398721633099, -3.822511082698992 ], [ 120.237120243895021, -3.82207188733027 ], [ 120.236464473737598, -3.821910550199559 ], [ 120.236051248706914, -3.821578912668899 ], [ 120.235853619344411, -3.821265201373233 ], [ 120.235718872051805, -3.820458514657591 ], [ 120.23601531609556, -3.82072741031375 ], [ 120.236141080235328, -3.82068259437691 ], [ 120.236150063388166, -3.820297177223444 ], [ 120.236599221030247, -3.819454636796717 ], [ 120.237344822716054, -3.819167814335061 ], [ 120.237524485772866, -3.819804201542256 ], [ 120.238072458096198, -3.81985798072124 ], [ 120.238584497808134, -3.819562195195125 ], [ 120.239078571214407, -3.818647948379006 ], [ 120.239599594079181, -3.818782396501275 ] ] ] } },
{ "type": "Feature", "properties": { "FID": 246, "REMARK": "Tegalan/Ladang" }, "geometry": { "type": "Polygon", "coordinates": [ [ [ 120.253577379900108, -3.816720856312819 ], [ 120.25410738591772, -3.8167656724565 ], [ 120.254421796267152, -3.817348282111537 ], [ 120.254466712031359, -3.817204870540817 ], [ 120.254879937062071, -3.817312429221102 ], [ 120.255077566424575, -3.81828941995001 ], [ 120.25548180830242, -3.818181861392114 ], [ 120.256083679542797, -3.818271493524631 ], [ 120.256577752949042, -3.819212630351013 ], [ 120.256703517088823, -3.819329151981538 ], [ 120.256981994826916, -3.819257446364626 ], [ 120.257350304093393, -3.819589084792621 ], [ 120.256532837184835, -3.819660790381824 ], [ 120.256101645848474, -3.820001391848717 ], [ 120.254700274005259, -3.820350956371529 ], [ 120.253415683148944, -3.820225471687418 ], [ 120.253200087480764, -3.820915637222918 ], [ 120.253595346205785, -3.82158787584709 ], [ 120.253469582065989, -3.822322856139938 ], [ 120.25120582755001, -3.821856771149244 ], [ 120.251062097104551, -3.821569949490615 ], [ 120.251107012868758, -3.820664668001518 ], [ 120.25028056280739, -3.820494367416614 ], [ 120.250118866056226, -3.82026132445618 ], [ 120.250370394335789, -3.820010355043388 ], [ 120.250873450894886, -3.82026132445618 ], [ 120.251601086275031, -3.820350956371529 ], [ 120.251619052580722, -3.819723532767462 ], [ 120.251214810702848, -3.819741459162517 ], [ 120.251421423218218, -3.819517379197428 ], [ 120.251403456912527, -3.81932018877975 ], [ 120.250675821532383, -3.819365004787746 ], [ 120.250460225864202, -3.819203667148009 ], [ 120.250792602519326, -3.818737580462858 ], [ 120.25138549060685, -3.818728617254894 ], [ 120.251304642231275, -3.818432831339578 ], [ 120.251816681943225, -3.818235640672747 ], [ 120.25231075534947, -3.818630021961113 ], [ 120.252616182546092, -3.818531426656007 ], [ 120.252948559201215, -3.818755506878507 ], [ 120.253433649454621, -3.819284335971669 ], [ 120.252741946685873, -3.819992428653952 ], [ 120.253819925026818, -3.819589084792621 ], [ 120.254125352223411, -3.819705606372034 ], [ 120.254412813114314, -3.82008206059739 ], [ 120.254511627795566, -3.819678716778189 ], [ 120.255203330564356, -3.819651827183501 ], [ 120.25550875776095, -3.819436710395672 ], [ 120.254861970756394, -3.819418783994252 ], [ 120.255122482188781, -3.81915885113159 ], [ 120.254879937062071, -3.819302262375897 ], [ 120.253909756555217, -3.819275372769414 ], [ 120.253766026109759, -3.818692764422103 ], [ 120.253945689166585, -3.818531426656007 ], [ 120.254394846808637, -3.818486610604489 ], [ 120.254206200598972, -3.81837008885959 ], [ 120.25378399241545, -3.818361125647789 ], [ 120.253289919009163, -3.818719654046837 ], [ 120.25289466028417, -3.818307346375017 ], [ 120.252427536336427, -3.8182625303118 ], [ 120.252077193375612, -3.817805406333358 ], [ 120.251466338982425, -3.817966744235894 ], [ 120.25120582755001, -3.817760590243939 ], [ 120.25127769277276, -3.817509620099968 ], [ 120.251987361847199, -3.817285539552294 ], [ 120.252714997227343, -3.817697847714823 ], [ 120.253936706013747, -3.817670958058085 ], [ 120.25354144728874, -3.817312429221102 ], [ 120.252445502642118, -3.817142127971095 ], [ 120.252589233087576, -3.816720856312819 ], [ 120.252993474965407, -3.816918047327526 ], [ 120.253218053786441, -3.816631224018439 ], [ 120.253577379900108, -3.816720856312819 ] ], [ [ 120.252454485794956, -3.820010355043388 ], [ 120.251906513471624, -3.82018065572436 ], [ 120.251717867261974, -3.82068259437691 ], [ 120.251951429235831, -3.821175569553399 ], [ 120.25251736786484, -3.821614765381099 ], [ 120.252454485794956, -3.820010355043388 ] ] ] } },
{ "type": "Feature", "properties": { "FID": 247, "REMARK": "Tegalan/Ladang" }, "geometry": { "type": "Polygon", "coordinates": [ [ [ 120.243956423207166, -3.816550554945501 ], [ 120.243929473748651, -3.817115238296954 ], [ 120.243507265565128, -3.817419987887916 ], [ 120.243399467731024, -3.817670958058085 ], [ 120.243731844386147, -3.818432831339578 ], [ 120.243731844386147, -3.818800322915986 ], [ 120.242869461713383, -3.819194703944913 ], [ 120.242546068211112, -3.818647948379006 ], [ 120.242384371459977, -3.817661994838985 ], [ 120.241674702385509, -3.816720856312819 ], [ 120.241638769774141, -3.816371290311844 ], [ 120.242016062193471, -3.815967944749321 ], [ 120.24202504534631, -3.816290621214491 ], [ 120.242447253529861, -3.8166401872483 ], [ 120.242546068211112, -3.816478849096528 ], [ 120.242447253529861, -3.815869349138564 ], [ 120.242653866045202, -3.815779716755328 ], [ 120.243956423207166, -3.816550554945501 ] ] ] } },
{ "type": "Feature", "properties": { "FID": 248, "REMARK": "Tegalan/Ladang" }, "geometry": { "type": "Polygon", "coordinates": [ [ [ 120.249076820326664, -3.815331554698875 ], [ 120.249508011663039, -3.815394297400852 ], [ 120.249067837173826, -3.816174099171607 ], [ 120.249561910580084, -3.816649150478065 ], [ 120.249139702396548, -3.817133164746475 ], [ 120.249310382300536, -3.817464803995112 ], [ 120.249687674719851, -3.817679921277091 ], [ 120.249427163287464, -3.818325272799648 ], [ 120.249777506248265, -3.8189975134531 ], [ 120.249525977968716, -3.819302262375897 ], [ 120.249984118763606, -3.819660790381824 ], [ 120.249921236693723, -3.820046207821139 ], [ 120.249364281217581, -3.82026132445618 ], [ 120.249490045357348, -3.820575036118941 ], [ 120.248924106728339, -3.820852894924451 ], [ 120.248798342588572, -3.821292090917357 ], [ 120.249418180134626, -3.820987342701262 ], [ 120.250460225864202, -3.821085937724198 ], [ 120.250747686755119, -3.821327943641545 ], [ 120.250918366659093, -3.822044997810591 ], [ 120.25231075534947, -3.822107740021861 ], [ 120.253370767384737, -3.822394561500639 ], [ 120.253514497830196, -3.822663456549869 ], [ 120.253442632607459, -3.82354184645637 ], [ 120.253631278817153, -3.82395415161233 ], [ 120.253496531524505, -3.824142377813252 ], [ 120.252589233087576, -3.824142377813252 ], [ 120.251861597707418, -3.823756962214656 ], [ 120.251448372676734, -3.82388244638206 ], [ 120.251160911785803, -3.823783851680646 ], [ 120.250990231881815, -3.824142377813252 ], [ 120.25014581551477, -3.824187193569283 ], [ 120.250298529113067, -3.82361355171513 ], [ 120.25004700083349, -3.823066798965611 ], [ 120.25007395029202, -3.822699309216729 ], [ 120.250361411182951, -3.822699309216729 ], [ 120.250603956309661, -3.822403524670306 ], [ 120.251259726467055, -3.822448340517231 ], [ 120.251160911785803, -3.822224261259186 ], [ 120.250442259558525, -3.822331819310353 ], [ 120.249867337776678, -3.822197371744286 ], [ 120.24945411274598, -3.822618640714186 ], [ 120.248771393130042, -3.822941314678824 ], [ 120.248537831156185, -3.822744125048196 ], [ 120.248510881697655, -3.821829881622822 ], [ 120.247864094693099, -3.82207188733027 ], [ 120.247441886509549, -3.821847807973863 ], [ 120.247244257147045, -3.82229596662813 ], [ 120.247010695173188, -3.822304929798827 ], [ 120.246947813103304, -3.822009145116377 ], [ 120.24732510552262, -3.821444464984805 ], [ 120.247001712020349, -3.821211422282456 ], [ 120.246768150046478, -3.821444464984805 ], [ 120.246534588072592, -3.822403524670306 ], [ 120.245465592884486, -3.822717235549597 ], [ 120.245348811897557, -3.822529009035794 ], [ 120.245465592884486, -3.822278040286455 ], [ 120.24608543043054, -3.821928476548914 ], [ 120.246247127181675, -3.821543059955201 ], [ 120.246624419600991, -3.821283127736076 ], [ 120.246624419600991, -3.821050084989896 ], [ 120.24584288530383, -3.820619852061399 ], [ 120.245151182535054, -3.82170439715504 ], [ 120.245025418395272, -3.821560986312238 ], [ 120.244917620561182, -3.821740249861994 ], [ 120.244414564002057, -3.821301054098544 ], [ 120.244441513460586, -3.820987342701262 ], [ 120.245052367853802, -3.820826005366561 ], [ 120.245312879286189, -3.820512293795564 ], [ 120.246175261958953, -3.820413698706703 ], [ 120.246804082657846, -3.820171692531467 ], [ 120.246696284823727, -3.819965539069095 ], [ 120.246049497819172, -3.819723532767462 ], [ 120.246220177723146, -3.819553231995773 ], [ 120.246956796256143, -3.819499452797693 ], [ 120.247091543548748, -3.819302262375897 ], [ 120.24708256039591, -3.818334236011824 ], [ 120.246777133199316, -3.817635105181123 ], [ 120.246148312500424, -3.817904001721843 ], [ 120.245573390718576, -3.818809286123201 ], [ 120.245294912980498, -3.818934771014387 ], [ 120.24586983476236, -3.818074302820742 ], [ 120.246938829950452, -3.81700767959197 ], [ 120.248016808291396, -3.815627341682366 ], [ 120.248789359435733, -3.814901318904742 ], [ 120.249076820326664, -3.815331554698875 ] ] ] } },
{ "type": "Feature", "properties": { "FID": 249, "REMARK": "Tegalan/Ladang" }, "geometry": { "type": "Polygon", "coordinates": [ [ [ 120.265408192191941, -3.814587605169044 ], [ 120.265866332986832, -3.814426266631803 ], [ 120.26624362540619, -3.81456071541494 ], [ 120.265695653082858, -3.814937171895815 ], [ 120.265318360663542, -3.815869349138564 ], [ 120.264348180156688, -3.816496775559332 ], [ 120.263934955126004, -3.817169017644394 ], [ 120.263027656689033, -3.817868148854612 ], [ 120.26320731974586, -3.818558316285795 ], [ 120.262479684365701, -3.819069219091728 ], [ 120.262704263186762, -3.819965539069095 ], [ 120.263548679553807, -3.820144802952226 ], [ 120.264339197003849, -3.819795238345431 ], [ 120.264896152480006, -3.820234434879748 ], [ 120.265839383528316, -3.820324066797908 ], [ 120.266441254768694, -3.820028281432451 ], [ 120.266746681965287, -3.819678716778189 ], [ 120.267330586899973, -3.81958012159355 ], [ 120.268013306515883, -3.819714569569796 ], [ 120.268264834795431, -3.82035991956255 ], [ 120.267339570052812, -3.82026132445618 ], [ 120.267016176550513, -3.82062881524961 ], [ 120.268642127214775, -3.820548146552341 ], [ 120.270241128420508, -3.821121790457002 ], [ 120.270115364280727, -3.820028281432451 ], [ 120.269926718071076, -3.820225471687418 ], [ 120.269729088708573, -3.819884870309466 ], [ 120.269845869695502, -3.81898855024785 ], [ 120.269495526734701, -3.819221593553922 ], [ 120.269342813136376, -3.819624937587972 ], [ 120.269387728900583, -3.820073097403468 ], [ 120.269055352245474, -3.820350956371529 ], [ 120.268561278839215, -3.819140924724366 ], [ 120.267366519511341, -3.818621058752027 ], [ 120.266549052602784, -3.817921928154897 ], [ 120.265677686777181, -3.81787711207156 ], [ 120.265605821554445, -3.817993633883369 ], [ 120.265749551999903, -3.818244603885859 ], [ 120.266576002061299, -3.818379052071298 ], [ 120.267177873301677, -3.819230556756739 ], [ 120.266162777030615, -3.819239519959461 ], [ 120.265749551999903, -3.819436710395672 ], [ 120.265273444899336, -3.81932018877975 ], [ 120.265165647065245, -3.81896166063154 ], [ 120.264950051397051, -3.818863065364527 ], [ 120.26442004537941, -3.819105071908796 ], [ 120.264815304104417, -3.817904001721843 ], [ 120.264932085091374, -3.816971826687315 ], [ 120.265039882925464, -3.816837378281527 ], [ 120.265390225886264, -3.816962863460917 ], [ 120.265776501458433, -3.815958981512447 ], [ 120.265830400375478, -3.815394297400852 ], [ 120.266270574864706, -3.815089547091184 ], [ 120.266710749353919, -3.815555635756326 ], [ 120.266279558017544, -3.816039650640945 ], [ 120.266288541170397, -3.81656848140681 ], [ 120.266001080279452, -3.816658113707736 ], [ 120.265992097126613, -3.816900120873514 ], [ 120.267043126009028, -3.817446877552514 ], [ 120.266944311327777, -3.816505738790595 ], [ 120.267132957537441, -3.816245805046022 ], [ 120.267420418428387, -3.816299584447904 ], [ 120.267600081485199, -3.816998716365946 ], [ 120.267788727694864, -3.816927010554391 ], [ 120.267878559223277, -3.816245805046022 ], [ 120.268121104349973, -3.816245805046022 ], [ 120.268318733712505, -3.816442996169796 ], [ 120.268866706035809, -3.816442996169796 ], [ 120.26885772288297, -3.816658113707736 ], [ 120.268498396769331, -3.817016642817899 ], [ 120.268103138044296, -3.816505738790595 ], [ 120.268085171738619, -3.817411024666196 ], [ 120.26827381794827, -3.817895038505176 ], [ 120.268651110367628, -3.817957781019882 ], [ 120.268947554411369, -3.817581325862874 ], [ 120.269100268009666, -3.818119118893785 ], [ 120.269459594123333, -3.817518583320659 ], [ 120.26996265068243, -3.81805637639087 ], [ 120.269845869695502, -3.817464803995112 ], [ 120.270250111573347, -3.816613297558443 ], [ 120.270483673547204, -3.816649150478065 ], [ 120.270483673547204, -3.817330355666507 ], [ 120.270708252368266, -3.817617178742081 ], [ 120.270887915425078, -3.816953900234427 ], [ 120.271507752971104, -3.816810488597845 ], [ 120.271669449722253, -3.815797643232724 ], [ 120.272055725294436, -3.815770753516491 ], [ 120.27236115249103, -3.815941055038419 ], [ 120.272486916630797, -3.816236841812047 ], [ 120.271920978001816, -3.816873231191795 ], [ 120.271804197014887, -3.817303465998259 ], [ 120.271373005678498, -3.817599252302664 ], [ 120.271624533958047, -3.81747376721627 ], [ 120.271885045390462, -3.817814369550961 ], [ 120.271849112779094, -3.818298383162562 ], [ 120.271660466569401, -3.818432831339578 ], [ 120.271031645870536, -3.818414904917192 ], [ 120.270825033355194, -3.818728617254894 ], [ 120.270977746953491, -3.818880991777554 ], [ 120.272082674752966, -3.818845138951127 ], [ 120.272549798700695, -3.818020523530002 ], [ 120.272855225897317, -3.817814369550961 ], [ 120.273070821565497, -3.817850222420436 ], [ 120.273016922648452, -3.818379052071298 ], [ 120.273403198220606, -3.818298383162562 ], [ 120.273690659111523, -3.818432831339578 ], [ 120.273546928666065, -3.819140924724366 ], [ 120.273151669941058, -3.819293299173831 ], [ 120.272873192202994, -3.81898855024785 ], [ 120.272388101949559, -3.818854102157873 ], [ 120.272316236726823, -3.81896166063154 ], [ 120.272855225897317, -3.819248483162089 ], [ 120.272630647076255, -3.819517379197428 ], [ 120.272657596534785, -3.819714569569796 ], [ 120.273295400386516, -3.820440588277516 ], [ 120.273555911818903, -3.821148680005622 ], [ 120.273250484622309, -3.821130753639969 ], [ 120.272828276438787, -3.820834968552617 ], [ 120.271867079084771, -3.820700520751927 ], [ 120.27178623070921, -3.82081704218041 ], [ 120.272100641058643, -3.821211422282456 ], [ 120.271885045390462, -3.821130753639969 ], [ 120.271858095931933, -3.821444464984805 ], [ 120.271633517110885, -3.821489280881845 ], [ 120.271184359468833, -3.821238311828266 ], [ 120.27112147739895, -3.820521256984899 ], [ 120.270834016508033, -3.82025236126413 ], [ 120.270304010490392, -3.821130753639969 ], [ 120.270420791477321, -3.821202459100332 ], [ 120.269306880525022, -3.822278040286455 ], [ 120.270214178961979, -3.821713360331919 ], [ 120.270393842018805, -3.821310017279638 ], [ 120.271193342621672, -3.82158787584709 ], [ 120.271256224691555, -3.822134629539572 ], [ 120.271705382333636, -3.82200018194259 ], [ 120.271920978001816, -3.821695433978068 ], [ 120.27222640519841, -3.821722323508703 ], [ 120.27257674815921, -3.822134629539572 ], [ 120.272927091120039, -3.822242187601983 ], [ 120.273079804718336, -3.823210209556595 ], [ 120.271750298097842, -3.823398435920859 ], [ 120.270959780647814, -3.823210209556595 ], [ 120.27098673010633, -3.823497030666601 ], [ 120.27136402252566, -3.823622514872053 ], [ 120.271040629023375, -3.824366456569978 ], [ 120.271310123608615, -3.824474014352399 ], [ 120.271947927460346, -3.82354184645637 ], [ 120.273232518316632, -3.823371546442781 ], [ 120.273609810735948, -3.823703183280144 ], [ 120.273771507487098, -3.82425889877406 ], [ 120.272675562840462, -3.824097562054875 ], [ 120.272424034560913, -3.824205119871039 ], [ 120.272388101949559, -3.824420235462877 ], [ 120.273070821565497, -3.824429198611365 ], [ 120.273537945513226, -3.824698093022424 ], [ 120.274166766212119, -3.824796687618676 ], [ 120.274202698823487, -3.824949061063299 ], [ 120.273448113984813, -3.82496698734912 ], [ 120.272486916630797, -3.82537929181952 ], [ 120.272064708447274, -3.82518210274973 ], [ 120.271570635041002, -3.82519106589025 ], [ 120.271534702429634, -3.825988785021055 ], [ 120.271381988831337, -3.826141158253692 ], [ 120.271148426857465, -3.825899153695079 ], [ 120.270537572464264, -3.825908116828099 ], [ 120.270366892560276, -3.825746780419402 ], [ 120.270357909407437, -3.825442033786753 ], [ 120.27074418497962, -3.825343439264751 ], [ 120.270816050202356, -3.824572608974428 ], [ 120.270654353451221, -3.824115488358507 ], [ 120.270384858865967, -3.823873483227855 ], [ 120.269010436481267, -3.824393346016849 ], [ 120.268318733712505, -3.824276825074317 ], [ 120.267959407598838, -3.824474014352399 ], [ 120.267743811930657, -3.823407399080032 ], [ 120.267177873301677, -3.823407399080032 ], [ 120.266701766201081, -3.823093688453248 ], [ 120.266782614576641, -3.823909335844114 ], [ 120.266387355851649, -3.823739035903526 ], [ 120.265965147668084, -3.82425889877406 ], [ 120.265471074261839, -3.824240972473428 ], [ 120.265282428052174, -3.823963114765693 ], [ 120.265471074261839, -3.822430414178742 ], [ 120.264249365475436, -3.821632691736637 ], [ 120.264150550794184, -3.821928476548914 ], [ 120.26366546054075, -3.822421451009357 ], [ 120.262713246339601, -3.822744125048196 ], [ 120.262785111562323, -3.823362583283234 ], [ 120.263234269204375, -3.823604588558113 ], [ 120.263961904584519, -3.824662240439157 ], [ 120.263539696400969, -3.824716019313496 ], [ 120.262632397964026, -3.824375419719029 ], [ 120.262219172933314, -3.823783851680646 ], [ 120.262246122391844, -3.823237099039734 ], [ 120.261895779431043, -3.822681382883486 ], [ 120.260817801090099, -3.821874697499725 ], [ 120.260404576059415, -3.822009145116377 ], [ 120.260233896155412, -3.821560986312238 ], [ 120.260844750548614, -3.821372759544672 ], [ 120.260736952714524, -3.820861858110227 ], [ 120.260126098321322, -3.819884870309466 ], [ 120.260188980391206, -3.819266409567067 ], [ 120.260745935867376, -3.818907881396392 ], [ 120.261716116374217, -3.818916844602483 ], [ 120.26218324032196, -3.818746543670728 ], [ 120.262228156086167, -3.818540389866031 ], [ 120.262039509876502, -3.818119118893785 ], [ 120.262479684365701, -3.817850222420436 ], [ 120.262910875702104, -3.817016642817899 ], [ 120.262479684365701, -3.816147209467158 ], [ 120.262946808313458, -3.815860385900662 ], [ 120.26363851108222, -3.815887275614089 ], [ 120.263692409999265, -3.815564598997407 ], [ 120.26342291541404, -3.815026804366951 ], [ 120.263584612165175, -3.81495509839079 ], [ 120.263692409999265, -3.815286738480371 ], [ 120.263916988820313, -3.815313628211753 ], [ 120.264078685571448, -3.814327670844132 ], [ 120.26431224754532, -3.814354560605528 ], [ 120.264500893754985, -3.814757906925491 ], [ 120.26468953996465, -3.814273891318817 ], [ 120.265057849231155, -3.814327670844132 ], [ 120.265408192191941, -3.814587605169044 ] ], [ [ 120.266989227091983, -3.822663456549869 ], [ 120.267797710847702, -3.822869609363843 ], [ 120.268498396769331, -3.82270827238321 ], [ 120.267806694000541, -3.822080850503308 ], [ 120.267079058620396, -3.82200018194259 ], [ 120.266737698812435, -3.822233224430631 ], [ 120.266989227091983, -3.822663456549869 ] ] ] } },
{ "type": "Feature", "properties": { "FID": 250, "REMARK": "Tegalan/Ladang" }, "geometry": { "type": "Polygon", "coordinates": [ [ [ 120.22740945567368, -3.814856502663797 ], [ 120.227220809464015, -3.815206069281174 ], [ 120.226879449656053, -3.814981988132552 ], [ 120.226618938223666, -3.81501784112026 ], [ 120.226304527874234, -3.81576179027756 ], [ 120.226439275166854, -3.815896238851711 ], [ 120.226735719210609, -3.815851422662664 ], [ 120.226475207778222, -3.816272694747384 ], [ 120.226556056153782, -3.81643403293788 ], [ 120.227130977935602, -3.816299584447904 ], [ 120.227229792616853, -3.816577444637324 ], [ 120.227598101883359, -3.816577444637324 ], [ 120.228424551944741, -3.815976907986101 ], [ 120.228972524268059, -3.815869349138564 ], [ 120.230086435220372, -3.816183062406236 ], [ 120.230445761334011, -3.81653262848382 ], [ 120.229277951464653, -3.816702929854692 ], [ 120.228370653027696, -3.816631224018439 ], [ 120.228280821499283, -3.817034569269478 ], [ 120.227050129560041, -3.81762614196165 ], [ 120.227202843158338, -3.817832295985885 ], [ 120.22805624267825, -3.817948817803776 ], [ 120.22805624267825, -3.818128082108112 ], [ 120.226663853987873, -3.818181861392114 ], [ 120.226367409944118, -3.818343199223906 ], [ 120.226412325708324, -3.81868380121367 ], [ 120.226681820293564, -3.8189975134531 ], [ 120.227265725228222, -3.819293299173831 ], [ 120.227831663857231, -3.819365004787746 ], [ 120.226672837140711, -3.819615974389275 ], [ 120.22681656758617, -3.819849017524977 ], [ 120.22772386602314, -3.820028281432451 ], [ 120.227777764940186, -3.820153766145399 ], [ 120.227607085036212, -3.8204495514676 ], [ 120.226268595262852, -3.82087082129591 ], [ 120.226106898511716, -3.821229348646422 ], [ 120.226160797428761, -3.821489280881845 ], [ 120.226960298031628, -3.821229348646422 ], [ 120.226951314878789, -3.82158787584709 ], [ 120.227184876852661, -3.821650618091799 ], [ 120.227418438826518, -3.821596839025186 ], [ 120.227687933411772, -3.821256238191671 ], [ 120.228092175289618, -3.821256238191671 ], [ 120.228011326914057, -3.820064134209451 ], [ 120.228119124748147, -3.819866943917409 ], [ 120.229179136783401, -3.82026132445618 ], [ 120.229206086241931, -3.820037244626842 ], [ 120.22899049057375, -3.819759385557197 ], [ 120.228370653027696, -3.819275372769414 ], [ 120.22854133293167, -3.819140924724366 ], [ 120.228945574809543, -3.819239519959461 ], [ 120.228631164460111, -3.818522463445892 ], [ 120.22896354111522, -3.818388015282912 ], [ 120.229116254713517, -3.817886075288416 ], [ 120.22934083353455, -3.817859185637572 ], [ 120.229673210189659, -3.818128082108112 ], [ 120.229754058565248, -3.817724737370719 ], [ 120.230499660251056, -3.817249686659239 ], [ 120.231245261936891, -3.817061458946146 ], [ 120.231380009229497, -3.817160054420055 ], [ 120.231020683115858, -3.817733700589165 ], [ 120.230400845569804, -3.818038449960622 ], [ 120.230293047735714, -3.81849557381498 ], [ 120.229763041718101, -3.818845138951127 ], [ 120.229718125953895, -3.819544268796327 ], [ 120.230427795028334, -3.819293299173831 ], [ 120.231029666268697, -3.818531426656007 ], [ 120.23160458805053, -3.818119118893785 ], [ 120.231990863622713, -3.817222796988466 ], [ 120.232269341360777, -3.817357245333911 ], [ 120.232188492985216, -3.81782333276847 ], [ 120.232799347378403, -3.817563399422709 ], [ 120.233697662662522, -3.817518583320659 ], [ 120.233679696356845, -3.817868148854612 ], [ 120.233356302854574, -3.817984670667637 ], [ 120.234326483361428, -3.818504537025377 ], [ 120.234039022470483, -3.818621058752027 ], [ 120.23235917288919, -3.818621058752027 ], [ 120.231936964705639, -3.819176777538438 ], [ 120.231667470120414, -3.819311225577871 ], [ 120.23101169996302, -3.819293299173831 ], [ 120.230697289613559, -3.819589084792621 ], [ 120.23101169996302, -3.819893833505356 ], [ 120.23133509346529, -3.819902796701151 ], [ 120.231631537509045, -3.819651827183501 ], [ 120.232242391902261, -3.819571158394385 ], [ 120.232440021264765, -3.819293299173831 ], [ 120.233005959893745, -3.819266409567067 ], [ 120.232889178906817, -3.819669753580054 ], [ 120.23246697072328, -3.820046207821139 ], [ 120.231856116330079, -3.820153766145399 ], [ 120.230319997194243, -3.820028281432451 ], [ 120.229951687927752, -3.820198582109863 ], [ 120.229798974329455, -3.820548146552341 ], [ 120.229978637386282, -3.820763263061538 ], [ 120.23033796349992, -3.820915637222918 ], [ 120.231631537509045, -3.820906674037703 ], [ 120.231972897317036, -3.821121790457002 ], [ 120.231892048941432, -3.821453428164401 ], [ 120.231290177701084, -3.821767139391226 ], [ 120.231101531491433, -3.821758176214909 ], [ 120.2308769526704, -3.821318980460639 ], [ 120.230625424390837, -3.8211666063709 ], [ 120.229870839552191, -3.821202459100332 ], [ 120.230463727639687, -3.822018108290072 ], [ 120.229996603691959, -3.822188408572464 ], [ 120.229322867228859, -3.821534096776543 ], [ 120.229259985158976, -3.820897710852396 ], [ 120.229080322102149, -3.82078118943487 ], [ 120.228900659045337, -3.821363796364234 ], [ 120.228343703569166, -3.821363796364234 ], [ 120.22805624267825, -3.822027071463672 ], [ 120.227310640992428, -3.821856771149244 ], [ 120.226502157236737, -3.82217944540055 ], [ 120.225540959882721, -3.82183884479839 ], [ 120.225298414756026, -3.822251150773241 ], [ 120.224669594057119, -3.822511082698992 ], [ 120.224606711987235, -3.82270827238321 ], [ 120.225406212590116, -3.822968204170396 ], [ 120.225262482144657, -3.823326730644108 ], [ 120.22501095386508, -3.823461178033097 ], [ 120.22503790332361, -3.823631478028882 ], [ 120.225361296825909, -3.823568735929108 ], [ 120.225756555550916, -3.823263988522031 ], [ 120.226511140389576, -3.823129541102118 ], [ 120.226538089848106, -3.823308804323982 ], [ 120.225765538703754, -3.823676293811625 ], [ 120.227086062171409, -3.823380509602233 ], [ 120.227669967106095, -3.823649404342261 ], [ 120.227750815481656, -3.823837630610096 ], [ 120.227580135577682, -3.82425889877406 ], [ 120.227086062171409, -3.824698093022424 ], [ 120.227157927394131, -3.82478772447403 ], [ 120.227894545927114, -3.824518830091091 ], [ 120.22854133293167, -3.824751871894513 ], [ 120.228909642198175, -3.824429198611365 ], [ 120.229367782993066, -3.824303714524 ], [ 120.229439648215788, -3.823559772771622 ], [ 120.229718125953895, -3.823272951682608 ], [ 120.229951687927752, -3.823272951682608 ], [ 120.229718125953895, -3.823963114765693 ], [ 120.229933721622075, -3.824366456569978 ], [ 120.230814070600488, -3.823990004225216 ], [ 120.231568655439162, -3.823156430587787 ], [ 120.231972897317036, -3.822959241006632 ], [ 120.231874082635755, -3.822170482228542 ], [ 120.232080695151126, -3.821973292420664 ], [ 120.232260358207938, -3.822009145116377 ], [ 120.232296290819306, -3.823237099039734 ], [ 120.232080695151126, -3.823855556919163 ], [ 120.231595604897677, -3.824348530271596 ], [ 120.230706272766398, -3.824904245347105 ], [ 120.230616441237984, -3.825208992171011 ], [ 120.23101169996302, -3.825630259660894 ], [ 120.231999846775551, -3.825262771011038 ], [ 120.2329520609767, -3.825325512986804 ], [ 120.233131724033541, -3.825791596091531 ], [ 120.232502903334648, -3.826598277788997 ], [ 120.232206459290893, -3.826087379468797 ], [ 120.231892048941432, -3.82613219512311 ], [ 120.231847133177226, -3.827019544595743 ], [ 120.231532722827794, -3.826974728987853 ], [ 120.231424924993703, -3.827118138924849 ], [ 120.231595604897677, -3.827826225136777 ], [ 120.231388992382335, -3.827978598042542 ], [ 120.23171238588462, -3.828507421446318 ], [ 120.231415941840865, -3.828606015604119 ], [ 120.23133509346529, -3.829206543410978 ], [ 120.232386122347719, -3.830219372936731 ], [ 120.233580881675593, -3.830945382744196 ], [ 120.233931224636393, -3.832047840903465 ], [ 120.234613944252331, -3.83284555364491 ], [ 120.232916128365332, -3.832809701402835 ], [ 120.231972897317036, -3.831769985728942 ], [ 120.231236278784039, -3.831805838014598 ], [ 120.231065598880065, -3.831519019687286 ], [ 120.230688306460721, -3.831384573563257 ], [ 120.231002716810181, -3.830972271984495 ], [ 120.230966784198813, -3.830264188374782 ], [ 120.23125424508973, -3.829959443349755 ], [ 120.23101169996302, -3.829314100585634 ], [ 120.230481693945379, -3.829188617213887 ], [ 120.230409828722642, -3.829027281423185 ], [ 120.230885935823238, -3.827467700545679 ], [ 120.231002716810181, -3.826365236487751 ], [ 120.230517626556733, -3.826248715813354 ], [ 120.23009541837321, -3.825746780419402 ], [ 120.229233035700446, -3.825253807871267 ], [ 120.228505400320302, -3.825450996924555 ], [ 120.228370653027696, -3.825648185932464 ], [ 120.228631164460111, -3.826445904637664 ], [ 120.228658113918627, -3.827189843884343 ], [ 120.229080322102149, -3.828220602013615 ], [ 120.228981507420897, -3.828355048634658 ], [ 120.228685063377156, -3.828301269988773 ], [ 120.228442518250418, -3.827996524264967 ], [ 120.227571152424844, -3.825755743554015 ], [ 120.227193860005499, -3.825666112203661 ], [ 120.227184876852661, -3.826194937035211 ], [ 120.226987247490158, -3.826347310231183 ], [ 120.226565039306621, -3.826042563812138 ], [ 120.226187746887277, -3.825262771011038 ], [ 120.225990117524773, -3.825271734150714 ], [ 120.226115881664555, -3.825845374894993 ], [ 120.226708769752079, -3.826419015255204 ], [ 120.227903529079953, -3.828175786468576 ], [ 120.227741832328817, -3.828301269988773 ], [ 120.22748132089643, -3.828247491339513 ], [ 120.226843517044699, -3.827404958726805 ], [ 120.226897415961744, -3.8277814095711 ], [ 120.226735719210609, -3.827978598042542 ], [ 120.226313511027072, -3.827799335797651 ], [ 120.226430292014015, -3.828919724212491 ], [ 120.226717752904918, -3.82954714108436 ], [ 120.22738250621515, -3.829735366056246 ], [ 120.226618938223666, -3.829959443349755 ], [ 120.226556056153782, -3.830237299112233 ], [ 120.228289804652121, -3.830353819243842 ], [ 120.228244888887914, -3.830622711794701 ], [ 120.227993360608366, -3.830748194956185 ], [ 120.226574022459459, -3.830658564128431 ], [ 120.227023180101511, -3.831241164341006 ], [ 120.227238775769706, -3.831994062489634 ], [ 120.22716691054697, -3.832325695987735 ], [ 120.226394359402647, -3.832065767040659 ], [ 120.225810454467961, -3.830891604261064 ], [ 120.225540959882721, -3.831115681251817 ], [ 120.225909269149213, -3.832442215834921 ], [ 120.225271465297496, -3.832003025558841 ], [ 120.224984004406565, -3.831590724278129 ], [ 120.22501095386508, -3.831375610487571 ], [ 120.225388246284425, -3.830972271984495 ], [ 120.22568469032818, -3.829905664804663 ], [ 120.226187746887277, -3.829215506509382 ], [ 120.226286561568529, -3.828839056295602 ], [ 120.225945201760567, -3.828794240782936 ], [ 120.22501095386508, -3.829457510130821 ], [ 120.225172650616244, -3.828489495234588 ], [ 120.225064852782126, -3.827709704661134 ], [ 120.225352313673071, -3.826589314663198 ], [ 120.225190616921921, -3.82571092788001 ], [ 120.225271465297496, -3.824913208490531 ], [ 120.225154684310539, -3.824482977500324 ], [ 120.224894172878152, -3.82425889877406 ], [ 120.2247953581969, -3.824330603972839 ], [ 120.224921122336667, -3.824644314146962 ], [ 120.224867223419622, -3.825567517707441 ], [ 120.224211453262228, -3.824106525206739 ], [ 120.223932975524136, -3.823873483227855 ], [ 120.223816194537207, -3.823998967378204 ], [ 120.224247385873596, -3.824850466484578 ], [ 120.224400099471893, -3.825666112203661 ], [ 120.224876206572461, -3.82617701077508 ], [ 120.225100785393494, -3.826705835291266 ], [ 120.224346200554848, -3.828632904917912 ], [ 120.223941958676974, -3.828274380664566 ], [ 120.223744329314471, -3.827539405475907 ], [ 120.223888059759929, -3.825836411761317 ], [ 120.224103655428138, -3.825361365542322 ], [ 120.22401382389971, -3.824769798184459 ], [ 120.223456868423568, -3.823855556919163 ], [ 120.222989744475839, -3.824025856836603 ], [ 120.222262109095681, -3.823972077918961 ], [ 120.222333974318417, -3.824393346016849 ], [ 120.222819064571823, -3.82496698734912 ], [ 120.222908896100265, -3.825361365542322 ], [ 120.222872963488882, -3.826858208396362 ], [ 120.22352873364629, -3.828095118481596 ], [ 120.223492801034922, -3.828229565122342 ], [ 120.223331104283787, -3.828202675795881 ], [ 120.222917879253103, -3.827593184169636 ], [ 120.22277414880763, -3.82765592597472 ], [ 120.222881946641721, -3.828525347657671 ], [ 120.222756182501939, -3.829582993463149 ], [ 120.223591615716174, -3.830147668230966 ], [ 120.22228905855421, -3.830058037340315 ], [ 120.221902782982042, -3.830470339359589 ], [ 120.221794985147952, -3.830022184981426 ], [ 120.222055496580339, -3.829807070796551 ], [ 120.222163294414443, -3.829233432705909 ], [ 120.221992614510455, -3.829188617213887 ], [ 120.22148955795133, -3.829529214894403 ], [ 120.222360923776932, -3.828068229150914 ], [ 120.222163294414443, -3.827333253785321 ], [ 120.222459738458184, -3.826974728987853 ], [ 120.222513637375229, -3.826678945916965 ], [ 120.22228905855421, -3.825361365542322 ], [ 120.222019563968985, -3.825352402403583 ], [ 120.221534473715536, -3.825890190561966 ], [ 120.221848884064997, -3.827888966924788 ], [ 120.220995484545085, -3.828874908704047 ], [ 120.221282945435988, -3.827978598042542 ], [ 120.220977518239394, -3.827871040700111 ], [ 120.221579389479743, -3.826786503409105 ], [ 120.221175147601897, -3.825800559225676 ], [ 120.221408709575769, -3.825415144372788 ], [ 120.221130231837691, -3.825146250186712 ], [ 120.22024988285925, -3.825083508197821 ], [ 120.220240899706411, -3.824859429628567 ], [ 120.220591242667211, -3.8247429087494 ], [ 120.22129192858884, -3.825074545056176 ], [ 120.22180396830079, -3.824841503340494 ], [ 120.222001597663294, -3.824384382867986 ], [ 120.221839900912158, -3.824303714524 ], [ 120.221058366614969, -3.824554682680358 ], [ 120.220465478527444, -3.823945188458875 ], [ 120.221390743270092, -3.823837630610096 ], [ 120.221255995977472, -3.823676293811625 ], [ 120.22060022582005, -3.823622514872053 ], [ 120.220591242667211, -3.823344656963858 ], [ 120.221381760117239, -3.82361355171513 ], [ 120.221741086230878, -3.823595625401001 ], [ 120.221794985147952, -3.823398435920859 ], [ 120.221615322091111, -3.823030946314117 ], [ 120.220411579610385, -3.822349745650904 ], [ 120.220815821488259, -3.822269077115478 ], [ 120.221786001995113, -3.822609677546768 ], [ 120.221956681899087, -3.822430414178742 ], [ 120.221759052536598, -3.822107740021861 ], [ 120.221193113907589, -3.821811955271405 ], [ 120.220366663846193, -3.821650618091799 ], [ 120.220618192125755, -3.821578912668899 ], [ 120.220546326903005, -3.820906674037703 ], [ 120.220681074195653, -3.820834968552617 ], [ 120.220995484545085, -3.821041121806087 ], [ 120.221031417156439, -3.820619852061399 ], [ 120.221516507409859, -3.820395772325693 ], [ 120.221750069383731, -3.821489280881845 ], [ 120.222028547121823, -3.821489280881845 ], [ 120.222262109095681, -3.82183884479839 ], [ 120.222684317279217, -3.821955366072245 ], [ 120.222585502597966, -3.822959241006632 ], [ 120.222693300432056, -3.823219172717736 ], [ 120.223169407532652, -3.823317767484091 ], [ 120.223537716799129, -3.823075762128251 ], [ 120.223654497786072, -3.823559772771622 ], [ 120.223923992371297, -3.823586662243798 ], [ 120.224157554345183, -3.822278040286455 ], [ 120.224058739663931, -3.821847807973863 ], [ 120.223474834729245, -3.821184532735803 ], [ 120.222558553139436, -3.820897710852396 ], [ 120.222082446038868, -3.820575036118941 ], [ 120.222055496580339, -3.820404735516244 ], [ 120.222244142790004, -3.820350956371529 ], [ 120.22320534014402, -3.820566072930168 ], [ 120.222837030877514, -3.819938649483395 ], [ 120.222468721611037, -3.819633900786575 ], [ 120.222414822693977, -3.818979587042509 ], [ 120.221714136772363, -3.817617178742081 ], [ 120.222010580816146, -3.817733700589165 ], [ 120.222378890082624, -3.818441794550631 ], [ 120.222522620528082, -3.818423868128432 ], [ 120.222594485750804, -3.818011560314551 ], [ 120.222747199349101, -3.817975707451812 ], [ 120.223088559157091, -3.8182625303118 ], [ 120.223654497786072, -3.81837008885959 ], [ 120.223564666257658, -3.818594169124204 ], [ 120.223016693934355, -3.818863065364527 ], [ 120.222926862405942, -3.81938293119029 ], [ 120.223546699951982, -3.819409820793402 ], [ 120.223861110301414, -3.819275372769414 ], [ 120.223708396703117, -3.819929686287975 ], [ 120.223807211384369, -3.820144802952226 ], [ 120.224283318484964, -3.819714569569796 ], [ 120.224570779375867, -3.819741459162517 ], [ 120.224651627751442, -3.819983465459093 ], [ 120.224265352179273, -3.820368882753476 ], [ 120.22466061090428, -3.8205571097413 ], [ 120.224238402720758, -3.820897710852396 ], [ 120.224274335332126, -3.821032158622183 ], [ 120.224588745681558, -3.821041121806087 ], [ 120.224427048930423, -3.82165958126924 ], [ 120.224561796223028, -3.821758176214909 ], [ 120.224813324502577, -3.821569949490615 ], [ 120.225154684310539, -3.821552023133767 ], [ 120.225001970712242, -3.821014232254096 ], [ 120.225226549533289, -3.820808078994165 ], [ 120.225073835934964, -3.820431625087339 ], [ 120.225621808258296, -3.820799115807827 ], [ 120.225801471315108, -3.820709483939296 ], [ 120.225747572398063, -3.819983465459093 ], [ 120.225298414756026, -3.819571158394385 ], [ 120.225675707175341, -3.819373967989064 ], [ 120.225828420773638, -3.819033366273163 ], [ 120.22557689249409, -3.818836175744286 ], [ 120.224391116319055, -3.818880991777554 ], [ 120.224238402720758, -3.818011560314551 ], [ 120.224391116319055, -3.817895038505176 ], [ 120.224921122336667, -3.817993633883369 ], [ 120.225433162048631, -3.816720856312819 ], [ 120.226008083830465, -3.817115238296954 ], [ 120.226529106695267, -3.816962863460917 ], [ 120.225747572398063, -3.816398180009277 ], [ 120.225496044118515, -3.816039650640945 ], [ 120.225801471315108, -3.815663194643141 ], [ 120.225810454467961, -3.816066540348761 ], [ 120.226079949053187, -3.816281657980985 ], [ 120.22606198274751, -3.815833496186392 ], [ 120.22568469032818, -3.815322591455361 ], [ 120.225783505009431, -3.815062657352787 ], [ 120.226717752904918, -3.814847539415328 ], [ 120.227732849175979, -3.814184258769147 ], [ 120.227768781787347, -3.814623458173206 ], [ 120.22740945567368, -3.814856502663797 ] ] ] } },
{ "type": "Feature", "properties": { "FID": 251, "REMARK": "Tegalan/Ladang" }, "geometry": { "type": "Polygon", "coordinates": [ [ [ 120.281137692816884, -3.814784796673424 ], [ 120.281506002083361, -3.81510747358298 ], [ 120.281488035777684, -3.815770753516491 ], [ 120.281290406415181, -3.816129282997057 ], [ 120.28178447982144, -3.81622787857798 ], [ 120.282080923865209, -3.816138246232155 ], [ 120.282610929882836, -3.816559518176202 ], [ 120.282494148895893, -3.816810488597845 ], [ 120.281838378738485, -3.816828415053727 ], [ 120.281766513515748, -3.817231760212151 ], [ 120.281604816764613, -3.817213833764688 ], [ 120.281416170554948, -3.816864267964368 ], [ 120.281137692816884, -3.817025606043736 ], [ 120.282027024948164, -3.817975707451812 ], [ 120.282080923865209, -3.818343199223906 ], [ 120.28164973252882, -3.818181861392114 ], [ 120.281092777052677, -3.817670958058085 ], [ 120.280742434091849, -3.81762614196165 ], [ 120.280598703646405, -3.817097311847059 ], [ 120.28041005743674, -3.817895038505176 ], [ 120.280077680781616, -3.817303465998259 ], [ 120.279799203043552, -3.81765303161979 ], [ 120.279637506292417, -3.817536509761759 ], [ 120.27962852313955, -3.816541591714707 ], [ 120.280302259602649, -3.816066540348761 ], [ 120.280868198231659, -3.816084466820171 ], [ 120.280598703646405, -3.814919245400465 ], [ 120.280311242755488, -3.814973024885392 ], [ 120.28041005743674, -3.815457040098248 ], [ 120.280176495462868, -3.816075503584513 ], [ 120.279341062248633, -3.816281657980985 ], [ 120.279017668746363, -3.815941055038419 ], [ 120.279017668746363, -3.815466003340359 ], [ 120.279188348650337, -3.815215032525903 ], [ 120.279987849253217, -3.814811686420516 ], [ 120.280041748170262, -3.814004993641761 ], [ 120.280302259602649, -3.813413418456107 ], [ 120.280553787882198, -3.813565793921645 ], [ 120.280661585716288, -3.814533825659995 ], [ 120.281137692816884, -3.814784796673424 ] ] ] } },
{ "type": "Feature", "properties": { "FID": 252, "REMARK": "Tegalan/Ladang" }, "geometry": { "type": "Polygon", "coordinates": [ [ [ 120.105759599898221, -3.923018112241769 ], [ 120.104816368849882, -3.921915772700515 ], [ 120.104088733469766, -3.9214587046594 ], [ 120.103711441050422, -3.920571454219048 ], [ 120.10301973828166, -3.919684202837075 ], [ 120.101600400132767, -3.919182322850594 ], [ 120.100773950071371, -3.918519123835085 ], [ 120.101456669687309, -3.918035167464876 ], [ 120.102112439844703, -3.918348842921938 ], [ 120.102319052360045, -3.918304032149559 ], [ 120.103253300255531, -3.917219610726103 ], [ 120.103828222037379, -3.916986594369014 ], [ 120.104295345985108, -3.917255459390664 ], [ 120.105283492797639, -3.917380929704537 ], [ 120.106065027094843, -3.91790969724912 ], [ 120.107017241295978, -3.918097902565698 ], [ 120.107358601103968, -3.918008280991654 ], [ 120.108643191960255, -3.918985155630644 ], [ 120.109415743104606, -3.918832799110665 ], [ 120.108625225654578, -3.920177120387742 ], [ 120.106011128177798, -3.922973301719669 ], [ 120.105759599898221, -3.923018112241769 ] ] ] } },
{ "type": "Feature", "properties": { "FID": 253, "REMARK": "Tegalan/Ladang" }, "geometry": { "type": "Polygon", "coordinates": [ [ [ 120.203990376216694, -3.82285168303416 ], [ 120.204664112679779, -3.822977167334065 ], [ 120.204439533858746, -3.823730072747823 ], [ 120.204017325675224, -3.823667330655263 ], [ 120.203765797395675, -3.823443251715783 ], [ 120.203990376216694, -3.82285168303416 ] ] ] } },
{ "type": "Feature", "properties": { "FID": 254, "REMARK": "Tegalan/Ladang" }, "geometry": { "type": "Polygon", "coordinates": [ [ [ 120.203990376216694, -3.82285168303416 ], [ 120.203657999561585, -3.82263656704874 ], [ 120.204053258286592, -3.822511082698992 ], [ 120.203990376216694, -3.82285168303416 ] ] ] } },
{ "type": "Feature", "properties": { "FID": 255, "REMARK": "Tegalan/Ladang" }, "geometry": { "type": "Polygon", "coordinates": [ [ [ 120.24781019577604, -3.811100893369999 ], [ 120.247828162081717, -3.811235342673184 ], [ 120.247702397941936, -3.810563095947102 ], [ 120.247055610937394, -3.810141821064325 ], [ 120.247944943068674, -3.810607912411852 ], [ 120.24781019577604, -3.811100893369999 ] ] ] } },
{ "type": "Feature", "properties": { "FID": 256, "REMARK": "Tegalan/Ladang" }, "geometry": { "type": "Polygon", "coordinates": [ [ [ 120.307620027392716, -3.80851049935966 ], [ 120.307646976851245, -3.808662875693777 ], [ 120.30745833064158, -3.808537389302934 ], [ 120.30702713930522, -3.808842141934673 ], [ 120.306838493095526, -3.808662875693777 ], [ 120.306910358318277, -3.80818781997483 ], [ 120.30679357733132, -3.808053370195449 ], [ 120.307161886597825, -3.808143003384036 ], [ 120.307620027392716, -3.80851049935966 ] ] ] } },
{ "type": "Feature", "properties": { "FID": 257, "REMARK": "Tegalan/Ladang" }, "geometry": { "type": "Polygon", "coordinates": [ [ [ 120.262749178950969, -3.808143003384036 ], [ 120.262982740924826, -3.808098186790909 ], [ 120.26269528003391, -3.808340196366073 ], [ 120.261886796278205, -3.807981663637859 ], [ 120.262012560417972, -3.807694837347769 ], [ 120.262749178950969, -3.808143003384036 ] ] ] } },
{ "type": "Feature", "properties": { "FID": 258, "REMARK": "Tegalan/Ladang" }, "geometry": { "type": "Polygon", "coordinates": [ [ [ 120.232637650627268, -3.807542460842289 ], [ 120.233095791422159, -3.807470754242142 ], [ 120.233230538714793, -3.807820323861443 ], [ 120.23273646530852, -3.808340196366073 ], [ 120.231613571203368, -3.808125076747065 ], [ 120.230733222224927, -3.807273561060945 ], [ 120.230751188530604, -3.806879174563059 ], [ 120.23098475050449, -3.80674472457931 ], [ 120.231272211395407, -3.806807467907673 ], [ 120.231388992382335, -3.807040514515847 ], [ 120.232637650627268, -3.807542460842289 ] ] ] } },
{ "type": "Feature", "properties": { "FID": 259, "REMARK": "Tegalan/Ladang" }, "geometry": { "type": "Polygon", "coordinates": [ [ [ 120.280059714475939, -3.807264597733453 ], [ 120.280347175366856, -3.806834357904143 ], [ 120.280607686799243, -3.806789541242892 ], [ 120.280697518327656, -3.806995697865327 ], [ 120.280419040589578, -3.807694837347769 ], [ 120.281065827594162, -3.807443864265548 ], [ 120.281209558039606, -3.807614167436463 ], [ 120.280706501480495, -3.807999590277817 ], [ 120.280338192214003, -3.808089223472003 ], [ 120.280149546004353, -3.808582205873194 ], [ 120.279727337820816, -3.80832226973321 ], [ 120.279224281261705, -3.808483609415544 ], [ 120.278730207855446, -3.808178856656859 ], [ 120.278739191008285, -3.807309414369975 ], [ 120.279197331803175, -3.807363194330725 ], [ 120.279556657916814, -3.80770380067078 ], [ 120.279556657916814, -3.807201854438402 ], [ 120.27925123072022, -3.806959844543232 ], [ 120.279610556833859, -3.806655091245148 ], [ 120.279987849253217, -3.80664612791122 ], [ 120.280059714475939, -3.807264597733453 ] ] ] } },
{ "type": "Feature", "properties": { "FID": 260, "REMARK": "Tegalan/Ladang" }, "geometry": { "type": "Polygon", "coordinates": [ [ [ 120.255400959926845, -3.806395154523319 ], [ 120.254736206616613, -3.80646686121304 ], [ 120.254574509865449, -3.806807467907673 ], [ 120.254367897350107, -3.806762651245024 ], [ 120.254233150057502, -3.807049477845672 ], [ 120.254296032127385, -3.808223673245785 ], [ 120.254062470153514, -3.808770435442796 ], [ 120.253433649454621, -3.809630912950977 ], [ 120.252831778214272, -3.809586096435332 ], [ 120.252643132004621, -3.809245490840156 ], [ 120.252966525506892, -3.808931775041118 ], [ 120.25251736786484, -3.80881525200092 ], [ 120.252229906973909, -3.808555315931318 ], [ 120.252077193375612, -3.808098186790909 ], [ 120.252140075445496, -3.807676910701465 ], [ 120.252580249934724, -3.807605204112517 ], [ 120.252292789043793, -3.808358122998565 ], [ 120.25265211515746, -3.80797270031774 ], [ 120.252885677131317, -3.806879174563059 ], [ 120.253182121175072, -3.806870211231463 ], [ 120.252804828755757, -3.808223673245785 ], [ 120.253218053786441, -3.807757580606893 ], [ 120.253712127192713, -3.806529604561647 ], [ 120.25424213321034, -3.80641308119631 ], [ 120.254933835979116, -3.805866317502242 ], [ 120.25513146534162, -3.805911134211537 ], [ 120.255400959926845, -3.806395154523319 ] ] ] } },
{ "type": "Feature", "properties": { "FID": 261, "REMARK": "Tegalan/Ladang" }, "geometry": { "type": "Polygon", "coordinates": [ [ [ 120.303793204282385, -3.804790715779631 ], [ 120.304089648326126, -3.805256810024324 ], [ 120.303945917880682, -3.805624307231755 ], [ 120.303245231959053, -3.806619237908872 ], [ 120.302796074317001, -3.806708871246766 ], [ 120.302724209094279, -3.806180034418334 ], [ 120.30304760259655, -3.805525710435393 ], [ 120.303002686832343, -3.804889312660115 ], [ 120.303245231959053, -3.80488034930781 ], [ 120.303227265653376, -3.804665228824514 ], [ 120.30339794555735, -3.80453974185112 ], [ 120.303730322212488, -3.804575595273955 ], [ 120.303793204282385, -3.804790715779631 ] ] ] } },
{ "type": "Feature", "properties": { "FID": 262, "REMARK": "Tegalan/Ladang" }, "geometry": { "type": "Polygon", "coordinates": [ [ [ 120.254044503847837, -3.804476998357568 ], [ 120.254367897350107, -3.804450108287506 ], [ 120.254313998433062, -3.8052299199786 ], [ 120.254161284834765, -3.805570527162411 ], [ 120.253936706013747, -3.805687050641744 ], [ 120.25375704295692, -3.805543637126481 ], [ 120.253837891332495, -3.804656265469878 ], [ 120.253245003244956, -3.804342547998861 ], [ 120.254044503847837, -3.804476998357568 ] ] ] } },
{ "type": "Feature", "properties": { "FID": 263, "REMARK": "Tegalan/Ladang" }, "geometry": { "type": "Polygon", "coordinates": [ [ [ 120.27925123072022, -3.805642233920789 ], [ 120.27836189858894, -3.805176139884635 ], [ 120.278334949130411, -3.804826569192022 ], [ 120.278074437698024, -3.804494925070478 ], [ 120.278245117602012, -3.803607552333779 ], [ 120.278469696423031, -3.803750966171314 ], [ 120.278523595340104, -3.804333584640867 ], [ 120.279215298108866, -3.804647302115148 ], [ 120.279179365497498, -3.805050652985658 ], [ 120.279421910624208, -3.8052299199786 ], [ 120.27925123072022, -3.805642233920789 ] ] ] } },
{ "type": "Feature", "properties": { "FID": 264, "REMARK": "Tegalan/Ladang" }, "geometry": { "type": "Polygon", "coordinates": [ [ [ 120.281065827594162, -3.804727972304357 ], [ 120.281901260808368, -3.804611448695296 ], [ 120.281730580904394, -3.804342547998861 ], [ 120.281883294502691, -3.804181207540717 ], [ 120.282224654310667, -3.804530778495178 ], [ 120.283015171760681, -3.804450108287506 ], [ 120.282700761411249, -3.804978946178035 ], [ 120.282808559245339, -3.805104433087458 ], [ 120.283428396791393, -3.80458455862943 ], [ 120.283733823987987, -3.804512851783015 ], [ 120.284120099560141, -3.80486242260292 ], [ 120.283617043001044, -3.805543637126481 ], [ 120.283697891376619, -3.8058932075281 ], [ 120.284317728922673, -3.805902170869865 ], [ 120.284829768634609, -3.80640411785986 ], [ 120.285647235543166, -3.806269667801941 ], [ 120.286114359490895, -3.806350337839212 ], [ 120.286967759010821, -3.807282524388342 ], [ 120.287560647098317, -3.807524534192812 ], [ 120.287919973211984, -3.807506607542962 ], [ 120.288387097159713, -3.807013624525815 ], [ 120.288665574897792, -3.806950881212475 ], [ 120.289006934705768, -3.80738112098356 ], [ 120.288988968400091, -3.80811611342844 ], [ 120.288746423273381, -3.808241599880701 ], [ 120.287955905823353, -3.808134040065597 ], [ 120.288117602574488, -3.808376049630682 ], [ 120.288746423273381, -3.808537389302934 ], [ 120.288755406426219, -3.808680802319548 ], [ 120.288180484644371, -3.808635985754423 ], [ 120.288144552033017, -3.809173784381887 ], [ 120.287866074294939, -3.80851049935966 ], [ 120.287524714486963, -3.808134040065597 ], [ 120.286347921464767, -3.807273561060945 ], [ 120.285862831211347, -3.807264597733453 ], [ 120.285665201848843, -3.806762651245024 ], [ 120.284632139272105, -3.806861247899772 ], [ 120.284560274049383, -3.806673017912727 ], [ 120.284263830005628, -3.806789541242892 ], [ 120.283706874529457, -3.80674472457931 ], [ 120.283590093542529, -3.806045584325429 ], [ 120.28302415491352, -3.806045584325429 ], [ 120.282781609786809, -3.805722904016828 ], [ 120.282197704852152, -3.805498820398065 ], [ 120.281847361891323, -3.805597417197503 ], [ 120.281470069472007, -3.805274736721008 ], [ 120.281497018930523, -3.806171071079459 ], [ 120.281182608581091, -3.806341374502111 ], [ 120.281074810747, -3.806126254383691 ], [ 120.281182608581091, -3.805436076974364 ], [ 120.280715484633333, -3.805140286486793 ], [ 120.280742434091849, -3.805982840941559 ], [ 120.280589720493552, -3.806431007868925 ], [ 120.280472939506623, -3.806260704464 ], [ 120.280481922659462, -3.805534673780985 ], [ 120.28027531014412, -3.805301626765331 ], [ 120.280221411227075, -3.806377227849956 ], [ 120.279781236737875, -3.805911134211537 ], [ 120.279781236737875, -3.805274736721008 ], [ 120.280356158519695, -3.804593521984812 ], [ 120.280463956353785, -3.803966086882868 ], [ 120.280949046607219, -3.802872556041855 ], [ 120.281479052624846, -3.802747068807424 ], [ 120.281568884153245, -3.802890482788139 ], [ 120.281335322179388, -3.8034282850033 ], [ 120.281074810747, -3.803643405795401 ], [ 120.280886164537336, -3.804557668562723 ], [ 120.281065827594162, -3.804727972304357 ] ] ] } },
{ "type": "Feature", "properties": { "FID": 265, "REMARK": "Tegalan/Ladang" }, "geometry": { "type": "Polygon", "coordinates": [ [ [ 120.30067605024648, -3.801465305295304 ], [ 120.300981477443074, -3.801599756102815 ], [ 120.301277921486857, -3.802083778836264 ], [ 120.301745045434586, -3.802191339406797 ], [ 120.301107241582841, -3.802702251933558 ], [ 120.301763011740263, -3.804306694566327 ], [ 120.30178097804594, -3.805032726284312 ], [ 120.301466567696508, -3.804423218216603 ], [ 120.300837746997615, -3.803795782990649 ], [ 120.300002313783381, -3.80165353641995 ], [ 120.300137061076015, -3.801492195458485 ], [ 120.30067605024648, -3.801465305295304 ] ] ] } },
{ "type": "Feature", "properties": { "FID": 266, "REMARK": "Tegalan/Ladang" }, "geometry": { "type": "Polygon", "coordinates": [ [ [ 120.301655213906173, -3.800102869263437 ], [ 120.301960641102767, -3.80054207585089 ], [ 120.302149287312432, -3.800398661479577 ], [ 120.302391832439156, -3.800586892837035 ], [ 120.302212169382315, -3.801160550054 ], [ 120.302742175399956, -3.800810977732825 ], [ 120.302885905845415, -3.800936465249038 ], [ 120.302778108011324, -3.801348781245171 ], [ 120.302930821609621, -3.801393598189393 ], [ 120.303164383583479, -3.801026099178011 ], [ 120.303658456989766, -3.801581829329692 ], [ 120.304161513548863, -3.802612618178834 ], [ 120.304206429313069, -3.804208097619172 ], [ 120.30360455807272, -3.804001940329572 ], [ 120.303694389601134, -3.802917372906867 ], [ 120.303317097181775, -3.802047925309771 ], [ 120.302652343871543, -3.801985181634822 ], [ 120.301520466613553, -3.801456341907392 ], [ 120.301466567696508, -3.801142623271746 ], [ 120.301197073111254, -3.800855794704997 ], [ 120.301125207888532, -3.800300064085467 ], [ 120.301655213906173, -3.800102869263437 ] ] ] } },
{ "type": "Feature", "properties": { "FID": 267, "REMARK": "Tegalan/Ladang" }, "geometry": { "type": "Polygon", "coordinates": [ [ [ 120.27395117054391, -3.798381894357973 ], [ 120.274220665129164, -3.798417748036845 ], [ 120.274184732517796, -3.798785248159416 ], [ 120.273852355862658, -3.799242382239794 ], [ 120.274103884142235, -3.799780186730151 ], [ 120.272998956342761, -3.799511284526879 ], [ 120.272963023731407, -3.799116894477141 ], [ 120.273412181373445, -3.799278235882914 ], [ 120.273717608570038, -3.799098967652415 ], [ 120.273421164526297, -3.798444638295023 ], [ 120.27395117054391, -3.798381894357973 ] ] ] } },
{ "type": "Feature", "properties": { "FID": 268, "REMARK": "Tegalan/Ladang" }, "geometry": { "type": "Polygon", "coordinates": [ [ [ 120.270600454534176, -3.798982443282616 ], [ 120.271373005678498, -3.799152748125475 ], [ 120.270115364280727, -3.799224455417675 ], [ 120.26961230772163, -3.799063114001845 ], [ 120.269136200621034, -3.79829226015427 ], [ 120.269315863677861, -3.797808235293419 ], [ 120.269630274027321, -3.797736527883541 ], [ 120.269791970778456, -3.798597016408871 ], [ 120.270600454534176, -3.798982443282616 ] ] ] } },
{ "type": "Feature", "properties": { "FID": 269, "REMARK": "Tegalan/Ladang" }, "geometry": { "type": "Polygon", "coordinates": [ [ [ 120.29626532220145, -3.797566222761204 ], [ 120.29671447984353, -3.797279393005531 ], [ 120.296948041817387, -3.797422807895281 ], [ 120.297684660350356, -3.797369027314416 ], [ 120.297936188629919, -3.797575186189533 ], [ 120.297675677197503, -3.798588052991153 ], [ 120.297693643503194, -3.799547138158824 ], [ 120.297873306560035, -3.799977381625947 ], [ 120.297594828821943, -3.800810977732825 ], [ 120.297729576114563, -3.800999209000297 ], [ 120.297711609808871, -3.802056888691535 ], [ 120.29792720547708, -3.802935299652219 ], [ 120.298259582132204, -3.803329687955642 ], [ 120.298133817992422, -3.80509546973739 ], [ 120.297666694044665, -3.804611448695296 ], [ 120.297549913057736, -3.804217060978471 ], [ 120.297154654332729, -3.804226024337676 ], [ 120.296121591755991, -3.803858526533804 ], [ 120.296166507520198, -3.803087676972661 ], [ 120.295304124847434, -3.802603654802849 ], [ 120.29499869765084, -3.802164449265421 ], [ 120.295007680803678, -3.80113365988048 ], [ 120.295178360707666, -3.80054207585089 ], [ 120.295510737362775, -3.800810977732825 ], [ 120.29548378790426, -3.800004271835517 ], [ 120.295986844463371, -3.800147686272402 ], [ 120.296067692838946, -3.799968418222571 ], [ 120.295852097170766, -3.799735369702093 ], [ 120.296202440131566, -3.799627808825254 ], [ 120.297037873345801, -3.799950491415537 ], [ 120.296912109206019, -3.799520247935005 ], [ 120.296453968411114, -3.799215492006475 ], [ 120.296400069494069, -3.798839028652032 ], [ 120.296022777074739, -3.798552199319356 ], [ 120.295950911852017, -3.79796061351963 ], [ 120.295609552044056, -3.797431771325099 ], [ 120.295564636279849, -3.796616098830522 ], [ 120.295977861310533, -3.797342137022727 ], [ 120.29626532220145, -3.797566222761204 ] ] ] } },
{ "type": "Feature", "properties": { "FID": 270, "REMARK": "Tegalan/Ladang" }, "geometry": { "type": "Polygon", "coordinates": [ [ [ 120.259596092303696, -3.797377990744793 ], [ 120.259245749342895, -3.797440734754824 ], [ 120.2591199852031, -3.797646893612815 ], [ 120.258751675936622, -3.796804331013056 ], [ 120.259039136827525, -3.79634719564143 ], [ 120.259425412399722, -3.796463720366986 ], [ 120.259596092303696, -3.797377990744793 ] ] ] } },
{ "type": "Feature", "properties": { "FID": 271, "REMARK": "Tegalan/Ladang" }, "geometry": { "type": "Polygon", "coordinates": [ [ [ 120.25007395029202, -3.796750550393662 ], [ 120.250289545960229, -3.796804331013056 ], [ 120.251484305288102, -3.796472683806761 ], [ 120.252912626589847, -3.797162868390064 ], [ 120.253873823943863, -3.797198722119575 ], [ 120.254637391935347, -3.797037380325049 ], [ 120.25515841480015, -3.796562318199403 ], [ 120.255230280022872, -3.797360063883947 ], [ 120.255598589289349, -3.798130918564147 ], [ 120.255365027315491, -3.798749394495812 ], [ 120.255895033333132, -3.799152748125475 ], [ 120.256981994826916, -3.799376833393812 ], [ 120.257179624189419, -3.799816040350921 ], [ 120.257835394346813, -3.800425551676014 ], [ 120.258006074250787, -3.799825003755882 ], [ 120.258356417211616, -3.799627808825254 ], [ 120.258796591700829, -3.800129759469096 ], [ 120.259605075456534, -3.800362807883023 ], [ 120.259937452111657, -3.800676526802338 ], [ 120.260727969561685, -3.800730307177048 ], [ 120.260925598924189, -3.800936465249038 ], [ 120.261500520706036, -3.801115733097666 ], [ 120.26207544248787, -3.800981282214688 ], [ 120.262282055003212, -3.801223293788955 ], [ 120.262803077868014, -3.801429451743094 ], [ 120.263036639841872, -3.802173412645973 ], [ 120.26320731974586, -3.801752133659318 ], [ 120.263027656689033, -3.801106769706119 ], [ 120.263099521911755, -3.800551039248305 ], [ 120.262847993632207, -3.799896710992206 ], [ 120.263117488217446, -3.799654699045721 ], [ 120.262614431658349, -3.798758357911852 ], [ 120.26253358328276, -3.79771860103014 ], [ 120.262812061020853, -3.797727564456887 ], [ 120.263054606147563, -3.798184699097539 ], [ 120.263647494235059, -3.79839085777783 ], [ 120.264123601335655, -3.798901772555844 ], [ 120.264590725283398, -3.799009333523197 ], [ 120.265147680759554, -3.799591955196661 ], [ 120.265354293274896, -3.800201466680087 ], [ 120.265183613370922, -3.800488295464442 ], [ 120.264950051397051, -3.800560002645626 ], [ 120.264330213850997, -3.800398661479577 ], [ 120.264015803501565, -3.800147686272402 ], [ 120.263512746942453, -3.800443478473174 ], [ 120.263809190986223, -3.800882684887182 ], [ 120.263539696400969, -3.800900611674841 ], [ 120.263476814331085, -3.801070916139003 ], [ 120.263737325763472, -3.801447378519386 ], [ 120.263737325763472, -3.801958291487017 ], [ 120.264114618182816, -3.802119632361266 ], [ 120.264051736112933, -3.802334753479964 ], [ 120.2635037637896, -3.801949328104229 ], [ 120.263279184968582, -3.802397497129473 ], [ 120.262506633824231, -3.802460240774415 ], [ 120.262389852837302, -3.802352680237433 ], [ 120.262497650671392, -3.801850730887411 ], [ 120.262129341404915, -3.801671463191583 ], [ 120.261922728889559, -3.801743170274387 ], [ 120.261770015291262, -3.802254083066742 ], [ 120.261204076662267, -3.802218229547332 ], [ 120.260988480994072, -3.801734206889363 ], [ 120.260422542365092, -3.801456341907392 ], [ 120.260530340199182, -3.800999209000297 ], [ 120.259964401570173, -3.800784087548405 ], [ 120.259802704819037, -3.801008172392961 ], [ 120.260162030932676, -3.801501158846024 ], [ 120.260108132015631, -3.801743170274387 ], [ 120.259021170521848, -3.801599756102815 ], [ 120.258769642242299, -3.801689389962843 ], [ 120.259084052591732, -3.802496094283761 ], [ 120.258383366670131, -3.802702251933558 ], [ 120.259398462941192, -3.802809812426923 ], [ 120.259102018897423, -3.803132493826488 ], [ 120.259111002050261, -3.803446211738027 ], [ 120.259524227080973, -3.803356578060666 ], [ 120.259766772207669, -3.803643405795401 ], [ 120.259973384723025, -3.803643405795401 ], [ 120.260171014085515, -3.802854629295198 ], [ 120.260404576059415, -3.802657435057362 ], [ 120.260871700007144, -3.802872556041855 ], [ 120.26169815006854, -3.802684325183359 ], [ 120.261958661500927, -3.802800849052989 ], [ 120.261904762583882, -3.803168347307872 ], [ 120.260826784242937, -3.803975050244683 ], [ 120.261078312522486, -3.804387364787427 ], [ 120.26078186847873, -3.804351511356759 ], [ 120.260530340199182, -3.804037793774784 ], [ 120.26035067714237, -3.804109500660735 ], [ 120.260440508670783, -3.804333584640867 ], [ 120.260979497841234, -3.804683155533508 ], [ 120.261419672330447, -3.804226024337676 ], [ 120.262282055003212, -3.804521815139143 ], [ 120.26229103815605, -3.804046757135854 ], [ 120.261850863666837, -3.803930233434671 ], [ 120.261823914208321, -3.803670295890638 ], [ 120.262003577265133, -3.803535845406061 ], [ 120.262515616977069, -3.803526882039678 ], [ 120.262470701212862, -3.803132493826488 ], [ 120.262821044173691, -3.802935299652219 ], [ 120.262865959937898, -3.80267536180812 ], [ 120.263386982802672, -3.802756032181918 ], [ 120.263593595318014, -3.803625479064776 ], [ 120.263782241527707, -3.803517918673201 ], [ 120.263548679553807, -3.803042860116505 ], [ 120.263701393152104, -3.802711215308517 ], [ 120.264294281239643, -3.802648471681843 ], [ 120.264348180156688, -3.803311761218492 ], [ 120.264518860060662, -3.803383468164853 ], [ 120.265039882925464, -3.802711215308517 ], [ 120.265102764995348, -3.801814877351228 ], [ 120.265399209039103, -3.80151012223347 ], [ 120.265462091109001, -3.801070916139003 ], [ 120.265920231903891, -3.801528049008085 ], [ 120.265435141650471, -3.801940364721347 ], [ 120.265533956331723, -3.80237060699453 ], [ 120.265875316139685, -3.802209266167247 ], [ 120.266477187380048, -3.801429451743094 ], [ 120.267177873301677, -3.801286037519346 ], [ 120.267905508681793, -3.801796950582576 ], [ 120.267734828777819, -3.801949328104229 ], [ 120.267851609764747, -3.802272009825889 ], [ 120.268112121197134, -3.802200302787068 ], [ 120.268031272821574, -3.801931401338374 ], [ 120.26858822829773, -3.802047925309771 ], [ 120.268911621800015, -3.801805913966949 ], [ 120.268983487022737, -3.80232579010109 ], [ 120.269342813136376, -3.802764995556319 ], [ 120.269064335398312, -3.802881519415044 ], [ 120.268821790271602, -3.803607552333779 ], [ 120.268148053808503, -3.803724076078594 ], [ 120.268130087502826, -3.803544808772354 ], [ 120.267779744542025, -3.80358962560241 ], [ 120.26761804779089, -3.802800849052989 ], [ 120.267905508681793, -3.802693288558506 ], [ 120.267231772218722, -3.8017700604289 ], [ 120.267303637441444, -3.801976218252313 ], [ 120.267070075467558, -3.802263046446362 ], [ 120.267456351039741, -3.802388533751251 ], [ 120.267465334192593, -3.802549874544983 ], [ 120.266531086297093, -3.803033896744992 ], [ 120.266126844419247, -3.8034282850033 ], [ 120.265677686777181, -3.803571698870666 ], [ 120.265587855248768, -3.804342547998861 ], [ 120.265372259580587, -3.804665228824514 ], [ 120.264393095920894, -3.804835532544886 ], [ 120.265372259580587, -3.8049968728805 ], [ 120.265138697606716, -3.805946987577295 ], [ 120.264950051397051, -3.806180034418334 ], [ 120.26466259050612, -3.806287594477543 ], [ 120.264186483405553, -3.806000767623131 ], [ 120.263952921431681, -3.80602765764479 ], [ 120.263934955126004, -3.806314484490247 ], [ 120.264222416016906, -3.806610274574569 ], [ 120.264078685571448, -3.80679850457533 ], [ 120.263773258374854, -3.806592347905684 ], [ 120.263324100732788, -3.806637164577197 ], [ 120.263027656689033, -3.806188997757114 ], [ 120.262731212645278, -3.806520641226413 ], [ 120.26194069519525, -3.806045584325429 ], [ 120.261491537553198, -3.805946987577295 ], [ 120.261383739719079, -3.806090401025396 ], [ 120.261662217457172, -3.806664054578984 ], [ 120.261338823954873, -3.806897101225973 ], [ 120.261195093509414, -3.806834357904143 ], [ 120.261284925037828, -3.806529604561647 ], [ 120.261141194592369, -3.806135217723031 ], [ 120.260880683159982, -3.80605454766561 ], [ 120.260314744530973, -3.806484787884537 ], [ 120.259874570041774, -3.807309414369975 ], [ 120.259883553194612, -3.806690944579934 ], [ 120.260162030932676, -3.806162107740492 ], [ 120.259766772207669, -3.805982840941559 ], [ 120.259182867272983, -3.806009730963777 ], [ 120.259191850425822, -3.807641057407738 ], [ 120.258940322146273, -3.808062333514727 ], [ 120.258724726478093, -3.806915027888514 ], [ 120.258428282434338, -3.806260704464 ], [ 120.258787608547976, -3.804799679132869 ], [ 120.258491164504235, -3.803392431532729 ], [ 120.257934209028065, -3.802944263024757 ], [ 120.258383366670131, -3.8043784014299 ], [ 120.258176754154789, -3.805543637126481 ], [ 120.25796115848658, -3.805938024235994 ], [ 120.257341320940554, -3.804961019475197 ], [ 120.257368270399084, -3.805373333546093 ], [ 120.257754545971238, -3.805794610762519 ], [ 120.257700647054193, -3.806171071079459 ], [ 120.257368270399084, -3.806099364365109 ], [ 120.256981994826916, -3.805525710435393 ], [ 120.2563711404337, -3.805328516808817 ], [ 120.255886050180294, -3.805445040320886 ], [ 120.255445875691052, -3.805884244186241 ], [ 120.25502366750753, -3.805005836231594 ], [ 120.25537401046833, -3.804692118887863 ], [ 120.255275195787078, -3.804405291502202 ], [ 120.255517740913788, -3.803930233434671 ], [ 120.255814184957558, -3.803930233434671 ], [ 120.255904016485971, -3.803374504796884 ], [ 120.255625538747879, -3.803015970001692 ], [ 120.255877067027455, -3.80263950830623 ], [ 120.255859100721764, -3.802101705598952 ], [ 120.255661471359247, -3.802442314019185 ], [ 120.25523926317571, -3.80224511968703 ], [ 120.255329094704123, -3.802056888691535 ], [ 120.254646375088186, -3.802469204151892 ], [ 120.254502644642727, -3.802406460507602 ], [ 120.254305015280224, -3.801752133659318 ], [ 120.254718240310936, -3.801124696489119 ], [ 120.254035520694998, -3.800927501855628 ], [ 120.254044503847837, -3.800255247084419 ], [ 120.253658228275668, -3.799538174750977 ], [ 120.253837891332495, -3.800479332066374 ], [ 120.253460598913151, -3.800990245607539 ], [ 120.25335280107906, -3.801752133659318 ], [ 120.252984491812569, -3.801850730887411 ], [ 120.252589233087576, -3.801734206889363 ], [ 120.252427536336427, -3.801877621038571 ], [ 120.251861597707418, -3.801779023813553 ], [ 120.252059227069921, -3.802056888691535 ], [ 120.252813811908595, -3.802146522504039 ], [ 120.253164154869395, -3.802038961927915 ], [ 120.253298902162001, -3.802155485884777 ], [ 120.252840761367111, -3.802433350641428 ], [ 120.252113125986966, -3.802460240774415 ], [ 120.252283805890954, -3.80278292230484 ], [ 120.252274822738116, -3.802899446161141 ], [ 120.25206821022276, -3.802908409534052 ], [ 120.252202957515379, -3.803078713601617 ], [ 120.253658228275668, -3.802693288558506 ], [ 120.254017554389307, -3.802756032181918 ], [ 120.254053487000675, -3.803105603714472 ], [ 120.253694160887036, -3.803473101839416 ], [ 120.252427536336427, -3.803535845406061 ], [ 120.252256856432425, -3.803822673081132 ], [ 120.252005328152876, -3.803894379984983 ], [ 120.251852614554579, -3.803813709717731 ], [ 120.251726850414812, -3.803383468164853 ], [ 120.251322608536967, -3.803257981004807 ], [ 120.251421423218218, -3.802854629295198 ], [ 120.250792602519326, -3.803168347307872 ], [ 120.250756669907958, -3.802657435057362 ], [ 120.251484305288102, -3.80224511968703 ], [ 120.251619052580722, -3.802003108399559 ], [ 120.250990231881815, -3.801913474572145 ], [ 120.250891417200577, -3.801501158846024 ], [ 120.250639888921029, -3.801303964298618 ], [ 120.250738703602281, -3.802388533751251 ], [ 120.250532091086924, -3.803069750230478 ], [ 120.250909383506254, -3.80368822262033 ], [ 120.250720737296589, -3.804351511356759 ], [ 120.250397343794319, -3.804010903691014 ], [ 120.249858354623825, -3.804082610579202 ], [ 120.249750556789735, -3.803535845406061 ], [ 120.249543944274393, -3.8034282850033 ], [ 120.248843258352778, -3.8034282850033 ], [ 120.248169521889693, -3.803024933373389 ], [ 120.247971892527204, -3.803141457196973 ], [ 120.247504768579446, -3.802747068807424 ], [ 120.246336958710089, -3.802881519415044 ], [ 120.246687301670889, -3.802567801297978 ], [ 120.246597470142476, -3.802397497129473 ], [ 120.246983745714658, -3.801994145017237 ], [ 120.246902897339098, -3.800972318821744 ], [ 120.246480689155547, -3.800703416990113 ], [ 120.246992728867497, -3.800237320283347 ], [ 120.247558667496492, -3.798561162737446 ], [ 120.24732510552262, -3.797673783895011 ], [ 120.247522734885123, -3.797001526588837 ], [ 120.248079690361294, -3.796203780573005 ], [ 120.2485647806147, -3.795809389012023 ], [ 120.249112752938032, -3.795899023473517 ], [ 120.25007395029202, -3.796750550393662 ] ], [ [ 120.256191477376888, -3.800909575068529 ], [ 120.256344190975184, -3.801106769706119 ], [ 120.25664063501894, -3.800990245607539 ], [ 120.257790478582606, -3.801357744634201 ], [ 120.258042006862155, -3.801805913966949 ], [ 120.257808444888283, -3.802101705598952 ], [ 120.258176754154789, -3.801967254869713 ], [ 120.25798810794511, -3.801438415131286 ], [ 120.256595719254733, -3.800703416990113 ], [ 120.256451988809275, -3.800300064085467 ], [ 120.256209443682565, -3.800219393481904 ], [ 120.255814184957558, -3.800344881084187 ], [ 120.25572435342913, -3.800551039248305 ], [ 120.256191477376888, -3.800909575068529 ] ] ] } },
{ "type": "Feature", "properties": { "FID": 272, "REMARK": "Tegalan/Ladang" }, "geometry": { "type": "Polygon", "coordinates": [ [ [ 120.262210189780475, -3.795307435855731 ], [ 120.262120358252062, -3.795630120061123 ], [ 120.262551549588437, -3.796374085964107 ], [ 120.262506633824231, -3.796535427882588 ], [ 120.26194069519525, -3.79665195258274 ], [ 120.26159035223445, -3.796445793487154 ], [ 120.260853733701467, -3.79634719564143 ], [ 120.260710003256008, -3.796194817130437 ], [ 120.261329840802034, -3.795791462118607 ], [ 120.261356790260564, -3.795226764785545 ], [ 120.26159035223445, -3.795343289662284 ], [ 120.261428655483286, -3.794697920916627 ], [ 120.261761032138423, -3.794294565205742 ], [ 120.262093408793547, -3.79444694405199 ], [ 120.262210189780475, -3.795307435855731 ] ] ] } },
{ "type": "Feature", "properties": { "FID": 273, "REMARK": "Tegalan/Ladang" }, "geometry": { "type": "Polygon", "coordinates": [ [ [ 120.296561766245205, -3.795630120061123 ], [ 120.296346170577024, -3.795791462118607 ], [ 120.295789215100882, -3.79566597385428 ], [ 120.295438872140053, -3.795854206243932 ], [ 120.295196327013343, -3.794886153517252 ], [ 120.295313108000272, -3.794178040187536 ], [ 120.296004810769062, -3.794437980591189 ], [ 120.296040743380431, -3.794984751529782 ], [ 120.296516850480998, -3.795325362759193 ], [ 120.296561766245205, -3.795630120061123 ] ] ] } },
{ "type": "Feature", "properties": { "FID": 274, "REMARK": "Tegalan/Ladang" }, "geometry": { "type": "Polygon", "coordinates": [ [ [ 120.29895128490098, -3.792286747310119 ], [ 120.29919383002769, -3.792457053473389 ], [ 120.298807554455507, -3.792752848308789 ], [ 120.299517223529961, -3.792941081333153 ], [ 120.299625021364051, -3.793380291563898 ], [ 120.299364509931664, -3.793165168213465 ], [ 120.298124834839584, -3.792842483087409 ], [ 120.298349413660617, -3.792564615243429 ], [ 120.297828390795829, -3.792555651763103 ], [ 120.29737025000091, -3.792152295052256 ], [ 120.297801441337313, -3.792304674276253 ], [ 120.298502127258914, -3.791999915801396 ], [ 120.29895128490098, -3.792286747310119 ] ] ] } },
{ "type": "Feature", "properties": { "FID": 275, "REMARK": "Tegalan/Ladang" }, "geometry": { "type": "Polygon", "coordinates": [ [ [ 120.285198077901086, -3.790045873615926 ], [ 120.285916730128392, -3.790010019589621 ], [ 120.28592571328123, -3.790843625316778 ], [ 120.286401820381812, -3.792268820343612 ], [ 120.286383854076121, -3.79279766569926 ], [ 120.286096393185218, -3.793353401148023 ], [ 120.285656218696005, -3.793792611169203 ], [ 120.285287909429499, -3.794724811290654 ], [ 120.284452476215293, -3.795863169690036 ], [ 120.28457824035506, -3.797279393005531 ], [ 120.284380610992557, -3.797727564456887 ], [ 120.284407560451086, -3.798148845408984 ], [ 120.284075183795935, -3.798641833496058 ], [ 120.28412908271298, -3.799009333523197 ], [ 120.28302415491352, -3.799654699045721 ], [ 120.282799576092486, -3.799502321118659 ], [ 120.282799576092486, -3.799323052934719 ], [ 120.283069070677755, -3.798901772555844 ], [ 120.283051104372063, -3.798686650580918 ], [ 120.282574997271468, -3.798489455390125 ], [ 120.28196414287828, -3.79789786954739 ], [ 120.281416170554948, -3.797700674176368 ], [ 120.281146675969723, -3.796920855676917 ], [ 120.280329209061165, -3.797252502711049 ], [ 120.280095647087307, -3.797109087793005 ], [ 120.280131579698661, -3.796723660082709 ], [ 120.280850231925967, -3.796149999916206 ], [ 120.280922097148704, -3.795943840700776 ], [ 120.280796333008922, -3.79565701040613 ], [ 120.280068697628778, -3.79523572823816 ], [ 120.280535821576507, -3.794626213248457 ], [ 120.279951916641849, -3.794464870973309 ], [ 120.279978866100365, -3.793998770898072 ], [ 120.280203444921398, -3.793640232207553 ], [ 120.280643619410597, -3.793505780160253 ], [ 120.281101760205516, -3.792779738743351 ], [ 120.281604816764613, -3.792376382137075 ], [ 120.281550917847568, -3.791820646060114 ], [ 120.281119726511207, -3.7912559461321 ], [ 120.281191591733929, -3.791067712740801 ], [ 120.281640749375981, -3.79113045720912 ], [ 120.281946176572603, -3.791524850905727 ], [ 120.282682795105558, -3.791488996940742 ], [ 120.282736694022603, -3.791838573035916 ], [ 120.283060087524902, -3.7920716236875 ], [ 120.283212801123199, -3.793021752616758 ], [ 120.283706874529457, -3.792313637759182 ], [ 120.284039251184581, -3.792295710793232 ], [ 120.284488408826647, -3.792519797840872 ], [ 120.285027397997112, -3.791946134882915 ], [ 120.285198077901086, -3.791238019144218 ], [ 120.284802819176079, -3.789938311532548 ], [ 120.285198077901086, -3.790045873615926 ] ] ] } },
{ "type": "Feature", "properties": { "FID": 276, "REMARK": "Tegalan/Ladang" }, "geometry": { "type": "Polygon", "coordinates": [ [ [ 120.284048234337419, -3.791874426986402 ], [ 120.284003318573212, -3.79198198882894 ], [ 120.283527211472645, -3.791578631850417 ], [ 120.283410430485702, -3.790996004771431 ], [ 120.283769756599341, -3.789705260306008 ], [ 120.283976369114683, -3.78943635496659 ], [ 120.284245863699951, -3.789364646861961 ], [ 120.284398577298248, -3.789454281991819 ], [ 120.284245863699951, -3.791139420704223 ], [ 120.284048234337419, -3.791874426986402 ] ] ] } },
{ "type": "Feature", "properties": { "FID": 277, "REMARK": "Tegalan/Ladang" }, "geometry": { "type": "Polygon", "coordinates": [ [ [ 120.295474804751422, -3.787294072777397 ], [ 120.295914979240649, -3.787455416390543 ], [ 120.296112608603153, -3.787796030586188 ], [ 120.295178360707666, -3.78786773882082 ], [ 120.295259209083227, -3.78811871759524 ], [ 120.295573619432687, -3.788244206955155 ], [ 120.295573619432687, -3.788423477437747 ], [ 120.295465821598569, -3.788620674925701 ], [ 120.295070562873576, -3.78871031013264 ], [ 120.295070562873576, -3.788898544036987 ], [ 120.295753282489514, -3.789328792807417 ], [ 120.297163637485568, -3.789561844135388 ], [ 120.297540929904898, -3.789992092575909 ], [ 120.297936188629919, -3.790933260293356 ], [ 120.297657710891826, -3.791166311188973 ], [ 120.297558896210575, -3.791488996940742 ], [ 120.297981104394125, -3.79155174137849 ], [ 120.297190586944097, -3.791686193729757 ], [ 120.297028890192962, -3.79130076360018 ], [ 120.296292271659965, -3.790789844326371 ], [ 120.296112608603153, -3.791049785749017 ], [ 120.295663450961101, -3.791085639732214 ], [ 120.295528703668481, -3.792224002925718 ], [ 120.29648091786963, -3.79329065684106 ], [ 120.296660580926471, -3.793147241265178 ], [ 120.297765508725917, -3.793873282373314 ], [ 120.29816975060379, -3.795056459168188 ], [ 120.297999070699817, -3.795181947521074 ], [ 120.297540929904898, -3.795020605349728 ], [ 120.297343300542394, -3.794590359412138 ], [ 120.296741429302045, -3.794195967114439 ], [ 120.296346170577024, -3.793649195676629 ], [ 120.295834130865074, -3.793550597511678 ], [ 120.295304124847434, -3.793057606518167 ], [ 120.294369876951947, -3.793702976489134 ], [ 120.294136314978076, -3.794366272901441 ], [ 120.294324961187741, -3.79493097079707 ], [ 120.294073432908192, -3.795459814523302 ], [ 120.294091399213883, -3.795997621370414 ], [ 120.294432759021859, -3.796436830047099 ], [ 120.295070562873576, -3.796616098830522 ], [ 120.29526819223608, -3.797037380325049 ], [ 120.294845984052543, -3.797118051226081 ], [ 120.294908866122427, -3.797700674176368 ], [ 120.294127331825237, -3.79796061351963 ], [ 120.293803938322966, -3.798785248159416 ], [ 120.293453595362166, -3.799054150588969 ], [ 120.293237999693957, -3.798901772555844 ], [ 120.293121218707029, -3.798525309064529 ], [ 120.293471561667843, -3.798462565133343 ], [ 120.293588342654786, -3.798157808831262 ], [ 120.293588342654786, -3.797879942697341 ], [ 120.293300881763869, -3.797494515331222 ], [ 120.293426645903637, -3.796885001935864 ], [ 120.29286969042748, -3.796768477267165 ], [ 120.29260019584224, -3.79621274401548 ], [ 120.292088156130291, -3.795907986919154 ], [ 120.291692897405284, -3.79701049002303 ], [ 120.291091026164935, -3.797342137022727 ], [ 120.291064076706405, -3.796526464443463 ], [ 120.291441369125735, -3.795791462118607 ], [ 120.291270689221747, -3.795441887622629 ], [ 120.29103712724789, -3.795370180016222 ], [ 120.290525087535926, -3.79566597385428 ], [ 120.290282542409216, -3.796203780573005 ], [ 120.289896266837061, -3.795836279351448 ], [ 120.29001304782399, -3.79513713025428 ], [ 120.290264576103539, -3.794939934252754 ], [ 120.290282542409216, -3.79442005366931 ], [ 120.29049813807741, -3.794151149796488 ], [ 120.290453222313204, -3.79346992627744 ], [ 120.290138811963757, -3.792976935237907 ], [ 120.290057963588197, -3.792313637759182 ], [ 120.290183727727964, -3.791426252498441 ], [ 120.290758649509797, -3.790413377299871 ], [ 120.2906957674399, -3.789024033283799 ], [ 120.290471188618881, -3.788647565488758 ], [ 120.290821531579681, -3.788656529009591 ], [ 120.291001194636522, -3.788979215697741 ], [ 120.291333571291645, -3.789006106249655 ], [ 120.291638998488239, -3.78793944704951 ], [ 120.291773745780844, -3.788047009381405 ], [ 120.292770875746228, -3.787930483521248 ], [ 120.29365122472467, -3.78715065620713 ], [ 120.294540556855949, -3.787294072777397 ], [ 120.294962765039486, -3.787052057301286 ], [ 120.295474804751422, -3.787294072777397 ] ] ] } },
{ "type": "Feature", "properties": { "FID": 278, "REMARK": "Tegalan/Ladang" }, "geometry": { "type": "Polygon", "coordinates": [ [ [ 120.261500520706036, -3.787258218637058 ], [ 120.262273071850359, -3.786765224056793 ], [ 120.263036639841872, -3.786532171975658 ], [ 120.263890039361797, -3.786585953230718 ], [ 120.264105635029978, -3.786845895916414 ], [ 120.264141567641346, -3.787168583279712 ], [ 120.262910875702104, -3.787016203150923 ], [ 120.262901892549266, -3.78750919758824 ], [ 120.262309004461727, -3.787769139996668 ], [ 120.262012560417972, -3.788423477437747 ], [ 120.26183289736116, -3.788369696296869 ], [ 120.261473571247492, -3.787715358815123 ], [ 120.261213059815105, -3.788253170480167 ], [ 120.261114245133854, -3.788611711404496 ], [ 120.261401706024756, -3.789292938751388 ], [ 120.262120358252062, -3.78962458871296 ], [ 120.262497650671392, -3.790063800628523 ], [ 120.263018673536195, -3.790135508675192 ], [ 120.262632397964026, -3.790843625316778 ], [ 120.26339596595551, -3.790861552312836 ], [ 120.26304562299471, -3.791264909625903 ], [ 120.262551549588437, -3.791022895260642 ], [ 120.262740195798116, -3.791506923923421 ], [ 120.264006820348726, -3.791480033449264 ], [ 120.264375129615203, -3.790718136333959 ], [ 120.26463564104759, -3.79065539183572 ], [ 120.264985984008419, -3.790834661818609 ], [ 120.265291411205013, -3.790404413797243 ], [ 120.265920231903891, -3.790996004771431 ], [ 120.266611934672667, -3.791193201672888 ], [ 120.26737550266418, -3.790915333298783 ], [ 120.267528216262477, -3.791148384199233 ], [ 120.267177873301677, -3.79155174137849 ], [ 120.267564148873831, -3.791874426986402 ], [ 120.268471447310802, -3.791453142974271 ], [ 120.269091284856827, -3.79155174137849 ], [ 120.269908751765385, -3.792098514143254 ], [ 120.271777247556372, -3.792905227426911 ], [ 120.271381988831337, -3.793263766422394 ], [ 120.271148426857465, -3.794213894040966 ], [ 120.271390971984175, -3.795262618595447 ], [ 120.271319106761453, -3.795495668323528 ], [ 120.270959780647814, -3.795594266266478 ], [ 120.270492656700057, -3.794751701663848 ], [ 120.27023214526767, -3.794787555493468 ], [ 120.270142313739257, -3.795146093707825 ], [ 120.269944684376753, -3.795164020614637 ], [ 120.268561278839215, -3.793864318906562 ], [ 120.267905508681793, -3.793936026637971 ], [ 120.267600081485199, -3.793702976489134 ], [ 120.26748330049827, -3.794133222868658 ], [ 120.267114991231765, -3.792672177000083 ], [ 120.266962277633468, -3.792537724802174 ], [ 120.26635142324028, -3.7925018708792 ], [ 120.266279558017544, -3.791883390473791 ], [ 120.265848366681155, -3.791578631850417 ], [ 120.264707506270327, -3.791587595340872 ], [ 120.26444699483794, -3.792555651763103 ], [ 120.264734455728842, -3.79261839612343 ], [ 120.264950051397051, -3.792322601242016 ], [ 120.265533956331723, -3.792062660202062 ], [ 120.265704636235697, -3.792914190903611 ], [ 120.266225659100499, -3.793003825665497 ], [ 120.267043126009028, -3.794088405547454 ], [ 120.267519233109638, -3.794393163285795 ], [ 120.267285671135767, -3.794679994000141 ], [ 120.2661358275721, -3.795244691690682 ], [ 120.265650737318651, -3.795011641894882 ], [ 120.265129714453877, -3.795020605349728 ], [ 120.264968017702742, -3.794590359412138 ], [ 120.264914118785697, -3.79487719006101 ], [ 120.264734455728842, -3.794913043885422 ], [ 120.264402079073733, -3.794366272901441 ], [ 120.262452734907185, -3.793971880501442 ], [ 120.262129341404915, -3.793326510731311 ], [ 120.262255105544682, -3.792636323082686 ], [ 120.26180594790263, -3.792197112473867 ], [ 120.260772885325892, -3.792716994394738 ], [ 120.260557289657712, -3.793057606518167 ], [ 120.260135081474161, -3.793156204739368 ], [ 120.260099148862793, -3.792430163028789 ], [ 120.260287795072458, -3.792224002925718 ], [ 120.260242879308251, -3.791793755595716 ], [ 120.260665087491802, -3.791372471544273 ], [ 120.260763902173053, -3.791022895260642 ], [ 120.260754919020215, -3.790897406303839 ], [ 120.260557289657712, -3.790906369801358 ], [ 120.259892536347451, -3.791381435036868 ], [ 120.259910502653128, -3.790996004771431 ], [ 120.260296778225296, -3.790503012321046 ], [ 120.26045847497646, -3.789292938751388 ], [ 120.260278811919619, -3.789095741416662 ], [ 120.259802704819037, -3.788988179215139 ], [ 120.259649991220741, -3.789454281991819 ], [ 120.259335580871308, -3.789409464428051 ], [ 120.25932659771847, -3.789911421009613 ], [ 120.259524227080973, -3.790332705772871 ], [ 120.259155917814468, -3.790610574334192 ], [ 120.259128968355938, -3.791354544558808 ], [ 120.258850490617874, -3.791811682572074 ], [ 120.25863489494968, -3.791901317448292 ], [ 120.258212686766157, -3.791668266750796 ], [ 120.258095905779228, -3.79133661757297 ], [ 120.258158787849112, -3.790762953829914 ], [ 120.258616928644003, -3.789956238547374 ], [ 120.258329467753086, -3.789391537401895 ], [ 120.25854506342128, -3.788629638446813 ], [ 120.25843726558719, -3.788513112665116 ], [ 120.257673697595678, -3.789104704932852 ], [ 120.257350304093393, -3.788773054771973 ], [ 120.256865213839959, -3.788593784361808 ], [ 120.256910129604165, -3.788799945330294 ], [ 120.256712500241662, -3.788898544036987 ], [ 120.257296405176348, -3.789463245504294 ], [ 120.257206573647949, -3.790054837122271 ], [ 120.257646748137148, -3.790323742269406 ], [ 120.25785336065249, -3.791856500011345 ], [ 120.258293535141732, -3.791973025342573 ], [ 120.25854506342128, -3.79238534561926 ], [ 120.258967271604803, -3.792358455172427 ], [ 120.2591199852031, -3.792519797840872 ], [ 120.258563029726957, -3.79279766569926 ], [ 120.258024040556478, -3.792439126510414 ], [ 120.257691663901355, -3.792528761321569 ], [ 120.257116742119536, -3.793362364620075 ], [ 120.256928095909842, -3.794187003651034 ], [ 120.257017927438284, -3.794348345978074 ], [ 120.256290292058139, -3.794160113260264 ], [ 120.256281308905301, -3.794016697828692 ], [ 120.256586736101895, -3.79375675729829 ], [ 120.256254359446771, -3.793765720766158 ], [ 120.254709257158098, -3.794294565205742 ], [ 120.254601459323979, -3.794662067083285 ], [ 120.254233150057502, -3.794697920916627 ], [ 120.253469582065989, -3.79525365514311 ], [ 120.252598216240415, -3.795280545499839 ], [ 120.252355671113676, -3.795047495713714 ], [ 120.252499401559163, -3.79444694405199 ], [ 120.252795845602918, -3.794384199824436 ], [ 120.25254431732337, -3.794025661293863 ], [ 120.25262516569893, -3.793667122614503 ], [ 120.252158041751173, -3.793568524451597 ], [ 120.251556170510824, -3.793711939957559 ], [ 120.250963282423299, -3.793389255035672 ], [ 120.25107108025739, -3.792806629177076 ], [ 120.251367524301173, -3.792403272583351 ], [ 120.252328721655161, -3.792457053473389 ], [ 120.252939576048362, -3.792663213520872 ], [ 120.25364924512283, -3.791937171396176 ], [ 120.25389179024954, -3.79191924442242 ], [ 120.253622295664314, -3.791677230240323 ], [ 120.25375704295692, -3.790816734821993 ], [ 120.254251116363179, -3.790637464835388 ], [ 120.254367897350107, -3.790449231309456 ], [ 120.253505514677357, -3.789866603469532 ], [ 120.253146188563704, -3.788880617000242 ], [ 120.253289919009163, -3.7884145139145 ], [ 120.253523480983034, -3.78856689379708 ], [ 120.253568396747269, -3.788943361627223 ], [ 120.254035520694998, -3.789006106249655 ], [ 120.255607572442202, -3.788082863489065 ], [ 120.257476068233174, -3.78786773882082 ], [ 120.258742692783784, -3.787473343456814 ], [ 120.259407446094031, -3.787706395284541 ], [ 120.260000334181541, -3.787733285876009 ], [ 120.260763902173053, -3.787401635189504 ], [ 120.26059322226908, -3.786783151137357 ], [ 120.260817801090099, -3.786469427173864 ], [ 120.261311874496357, -3.786487354260556 ], [ 120.261248992426459, -3.787141692670699 ], [ 120.261500520706036, -3.787258218637058 ] ], [ [ 120.25402653754216, -3.791856500011345 ], [ 120.254287048974547, -3.792340528207408 ], [ 120.254852987603556, -3.792788702221352 ], [ 120.255490791455259, -3.792842483087409 ], [ 120.255957915403016, -3.793487853219033 ], [ 120.256443005656436, -3.793586451391144 ], [ 120.256389106739391, -3.793272729895375 ], [ 120.256784365464384, -3.793165168213465 ], [ 120.256694533935985, -3.792690103958224 ], [ 120.256011814320061, -3.792708030915992 ], [ 120.255302145245594, -3.792098514143254 ], [ 120.254556543559772, -3.792026806259382 ], [ 120.254143318529088, -3.791659303261176 ], [ 120.25402653754216, -3.791856500011345 ] ] ] } },
{ "type": "Feature", "properties": { "FID": 279, "REMARK": "Tegalan/Ladang" }, "geometry": { "type": "Polygon", "coordinates": [ [ [ 120.266198709641984, -3.785098003941676 ], [ 120.266584985214138, -3.785286238631559 ], [ 120.266522103144254, -3.785895760203755 ], [ 120.266827530340848, -3.786164666643322 ], [ 120.267770761389187, -3.785743379850928 ], [ 120.268175003267018, -3.785788197604544 ], [ 120.268758908201718, -3.785537218154423 ], [ 120.269782987625618, -3.785492400387818 ], [ 120.269243998455124, -3.786397718823387 ], [ 120.268678059826144, -3.786756260516371 ], [ 120.268408565240918, -3.786639734482439 ], [ 120.268157036961341, -3.786146739549948 ], [ 120.267734828777819, -3.786334974011849 ], [ 120.267662963555082, -3.786612843856997 ], [ 120.267797710847702, -3.787034130226291 ], [ 120.267339570052812, -3.787222364495234 ], [ 120.267869576070424, -3.787419562256887 ], [ 120.267249738524399, -3.787392671655671 ], [ 120.266701766201081, -3.787554015250436 ], [ 120.266908378716423, -3.788136644647771 ], [ 120.267528216262477, -3.788557930275318 ], [ 120.267609064638037, -3.788790981810946 ], [ 120.267213805913045, -3.79018928970629 ], [ 120.266827530340848, -3.790010019589621 ], [ 120.266818547188009, -3.789463245504294 ], [ 120.266054979196525, -3.789158486028042 ], [ 120.266063962349364, -3.788665492530332 ], [ 120.266315490628912, -3.788297988103832 ], [ 120.265992097126613, -3.788351769249167 ], [ 120.265767518305594, -3.788145608173898 ], [ 120.266153793877777, -3.786872786534617 ], [ 120.265695653082858, -3.786469427173864 ], [ 120.266144810724938, -3.786173630189869 ], [ 120.266162777030615, -3.785994359241293 ], [ 120.265983113973775, -3.785474473280526 ], [ 120.265578872095929, -3.78534001996401 ], [ 120.266019046585157, -3.7848022064892 ], [ 120.266198709641984, -3.785098003941676 ] ] ] } },
{ "type": "Feature", "properties": { "FID": 280, "REMARK": "Tegalan/Ladang" }, "geometry": { "type": "Polygon", "coordinates": [ [ [ 120.29286969042748, -3.785429655510673 ], [ 120.292546296925195, -3.785357947074086 ], [ 120.292537313772357, -3.785035259035958 ], [ 120.292195953964395, -3.784470554679928 ], [ 120.292357650715545, -3.783143946173086 ], [ 120.292645111606447, -3.782498568327214 ], [ 120.292878673580319, -3.782704730746892 ], [ 120.292905623038834, -3.783332181287588 ], [ 120.293121218707029, -3.78386103210472 ], [ 120.29276189259339, -3.7842912833788 ], [ 120.293040370331454, -3.784354028338413 ], [ 120.293345797528076, -3.7848022064892 ], [ 120.29286969042748, -3.785429655510673 ] ] ] } },
{ "type": "Feature", "properties": { "FID": 281, "REMARK": "Tegalan/Ladang" }, "geometry": { "type": "Polygon", "coordinates": [ [ [ 120.252131092292657, -3.785366910628984 ], [ 120.252382620572206, -3.78525934796408 ], [ 120.252427536336427, -3.785465509726741 ], [ 120.251592103122192, -3.78646046363038 ], [ 120.250648872073867, -3.786908640690921 ], [ 120.250720737296589, -3.786290156286537 ], [ 120.251358541148335, -3.785331056408833 ], [ 120.251457355829572, -3.784873914971804 ], [ 120.251340574842644, -3.783224618370022 ], [ 120.252095159681289, -3.782175879224044 ], [ 120.252256856432425, -3.782202769987231 ], [ 120.252490418406325, -3.782722657911502 ], [ 120.251897530318786, -3.783726578537748 ], [ 120.251681934650605, -3.784784279367622 ], [ 120.251780749331857, -3.785098003941676 ], [ 120.252131092292657, -3.785366910628984 ] ] ] } },
{ "type": "Feature", "properties": { "FID": 282, "REMARK": "Tegalan/Ladang" }, "geometry": { "type": "Polygon", "coordinates": [ [ [ 120.290929329413771, -3.783278399830475 ], [ 120.290812548426842, -3.783726578537748 ], [ 120.290596952758648, -3.783421817042026 ], [ 120.290183727727964, -3.783430780616959 ], [ 120.290381357090467, -3.782937783857901 ], [ 120.290830514732519, -3.782534422664594 ], [ 120.29111797562345, -3.781996607448147 ], [ 120.291378487055852, -3.78208624334073 ], [ 120.29138747020869, -3.782713694329243 ], [ 120.290929329413771, -3.783278399830475 ] ] ] } },
{ "type": "Feature", "properties": { "FID": 283, "REMARK": "Tegalan/Ladang" }, "geometry": { "type": "Polygon", "coordinates": [ [ [ 120.146399383351792, -3.781727699714778 ], [ 120.146641928478502, -3.781736663307234 ], [ 120.146983288286478, -3.781396046728732 ], [ 120.147118035579098, -3.781611173004411 ], [ 120.147180917648981, -3.782731621493669 ], [ 120.146893456758065, -3.782633022084741 ], [ 120.145923276251224, -3.782830220891378 ], [ 120.145312421858009, -3.783126019017192 ], [ 120.145132758801182, -3.783368035590477 ], [ 120.144728516923337, -3.783108091860925 ], [ 120.144503938102289, -3.782426859648004 ], [ 120.144566820172173, -3.782032461806293 ], [ 120.145878360487018, -3.781387083132754 ], [ 120.146399383351792, -3.781727699714778 ] ] ] } },
{ "type": "Feature", "properties": { "FID": 284, "REMARK": "Tegalan/Ladang" }, "geometry": { "type": "Polygon", "coordinates": [ [ [ 120.261437638636124, -3.782659912833743 ], [ 120.261293908190666, -3.782821257310231 ], [ 120.261868829972514, -3.782364114548828 ], [ 120.262192223474798, -3.78259716775144 ], [ 120.262380869684463, -3.783233581946996 ], [ 120.26207544248787, -3.783457671341204 ], [ 120.261994594112295, -3.783914813525667 ], [ 120.262632397964026, -3.784354028338413 ], [ 120.262650364269717, -3.784775315806693 ], [ 120.261922728889559, -3.784685680192305 ], [ 120.261042379911117, -3.784165793445935 ], [ 120.260063216251424, -3.783242545523878 ], [ 120.259371513482677, -3.782937783857901 ], [ 120.259910502653128, -3.782283442271784 ], [ 120.26035067714237, -3.782659912833743 ], [ 120.260880683159982, -3.782588204167884 ], [ 120.260835767395776, -3.781844226409481 ], [ 120.260395592906576, -3.780983721217797 ], [ 120.260530340199182, -3.780687922360892 ], [ 120.261240009273621, -3.781118175210302 ], [ 120.261123228286692, -3.781924898727405 ], [ 120.261536453317404, -3.782301369445109 ], [ 120.261437638636124, -3.782659912833743 ] ] ] } },
{ "type": "Feature", "properties": { "FID": 285, "REMARK": "Tegalan/Ladang" }, "geometry": { "type": "Polygon", "coordinates": [ [ [ 120.270672319756898, -3.780185960433403 ], [ 120.271417921442705, -3.780114251562899 ], [ 120.272136573670011, -3.780302487335324 ], [ 120.27144487090122, -3.780956830416794 ], [ 120.270465707241527, -3.780652067947135 ], [ 120.270214178961979, -3.7799708338041 ], [ 120.270672319756898, -3.780185960433403 ] ] ] } },
{ "type": "Feature", "properties": { "FID": 286, "REMARK": "Tegalan/Ladang" }, "geometry": { "type": "Polygon", "coordinates": [ [ [ 120.143327145080093, -3.782399968891771 ], [ 120.142869004285203, -3.782399968891771 ], [ 120.14334511138577, -3.781664954564988 ], [ 120.144270376128418, -3.781978680268517 ], [ 120.143327145080093, -3.782399968891771 ] ] ] } },
{ "type": "Feature", "properties": { "FID": 287, "REMARK": "Tegalan/Ladang" }, "geometry": { "type": "Polygon", "coordinates": [ [ [ 120.295160394401975, -3.777290710074468 ], [ 120.295232259624711, -3.777434128276351 ], [ 120.293768005711598, -3.77681563711145 ], [ 120.293076302942822, -3.77625092740206 ], [ 120.293139185012706, -3.775739999253204 ], [ 120.293794955170128, -3.776268854700068 ], [ 120.295187343860505, -3.776976982675223 ], [ 120.295160394401975, -3.777290710074468 ] ] ] } },
{ "type": "Feature", "properties": { "FID": 288, "REMARK": "Tegalan/Ladang" }, "geometry": { "type": "Polygon", "coordinates": [ [ [ 120.257287422023509, -3.776089581703329 ], [ 120.257763529124091, -3.77588341771131 ], [ 120.258068956320685, -3.775919272322135 ], [ 120.258059973167832, -3.776295745646386 ], [ 120.257619798678633, -3.777147291848885 ], [ 120.257826411193975, -3.777703037340994 ], [ 120.25921879988438, -3.777640291900031 ], [ 120.259838637430406, -3.776941128108088 ], [ 120.260108132015631, -3.777075582727206 ], [ 120.259766772207669, -3.777720964609007 ], [ 120.257736579665561, -3.778895199857163 ], [ 120.257754545971238, -3.779352344447602 ], [ 120.258131838390597, -3.779531616770242 ], [ 120.259039136827525, -3.779531616770242 ], [ 120.260323727683812, -3.778751781896789 ], [ 120.260817801090099, -3.778868308991399 ], [ 120.260889666312821, -3.779271671890327 ], [ 120.260763902173053, -3.779459907845632 ], [ 120.260144064626999, -3.77968399821535 ], [ 120.259847620583244, -3.780338341763536 ], [ 120.259048119980378, -3.780141142390032 ], [ 120.259263715648586, -3.780696885964098 ], [ 120.258563029726957, -3.780526577487317 ], [ 120.258563029726957, -3.781037502817302 ], [ 120.25819472046048, -3.780894085211211 ], [ 120.257673697595678, -3.780194924041799 ], [ 120.256990977979754, -3.780176996824913 ], [ 120.257044876896799, -3.780544504696976 ], [ 120.258230653071834, -3.781458791897987 ], [ 120.25798810794511, -3.781772517676133 ], [ 120.256703517088823, -3.78143190111172 ], [ 120.256532837184835, -3.78162910019164 ], [ 120.256712500241662, -3.782220697162225 ], [ 120.256389106739391, -3.782319296618065 ], [ 120.255993848014384, -3.782014534627406 ], [ 120.255751302887646, -3.781405010324618 ], [ 120.255436892538214, -3.781664954564988 ], [ 120.255634521900717, -3.782346187376802 ], [ 120.255329094704123, -3.782704730746892 ], [ 120.254835021297865, -3.782516495496089 ], [ 120.254089419612043, -3.782552349832728 ], [ 120.254340947891592, -3.783045346811075 ], [ 120.254969768590485, -3.783359072014894 ], [ 120.254152301681927, -3.783439744191801 ], [ 120.254233150057502, -3.78363694281484 ], [ 120.254700274005259, -3.783744505681217 ], [ 120.254718240310936, -3.783968594943274 ], [ 120.25434993104443, -3.784264392680431 ], [ 120.253721110345566, -3.784461591115752 ], [ 120.254637391935347, -3.785008368360685 ], [ 120.254493661489889, -3.785277275075825 ], [ 120.253963655472262, -3.785510327494738 ], [ 120.254376880502946, -3.785617890128467 ], [ 120.253990604930792, -3.785976432144394 ], [ 120.253900773402378, -3.786890713612953 ], [ 120.252795845602918, -3.78588679665433 ], [ 120.252643132004621, -3.785465509726741 ], [ 120.252688047768814, -3.785286238631559 ], [ 120.253047373882467, -3.785115931056761 ], [ 120.252741946685873, -3.784542263189991 ], [ 120.253451615760298, -3.783233581946996 ], [ 120.253316868467692, -3.782202769987231 ], [ 120.253020424423937, -3.781889044364811 ], [ 120.253478565218828, -3.781620136598072 ], [ 120.253550430441578, -3.78084030360281 ], [ 120.254044503847837, -3.780947866816275 ], [ 120.254421796267152, -3.781351228747913 ], [ 120.254763156075143, -3.781225738389292 ], [ 120.254646375088186, -3.780571395510766 ], [ 120.254305015280224, -3.780114251562899 ], [ 120.254556543559772, -3.779675034601674 ], [ 120.254844004450703, -3.77968399821535 ], [ 120.255311128398446, -3.780562431906261 ], [ 120.255921982791648, -3.780553468301665 ], [ 120.256038763778591, -3.779782597959684 ], [ 120.256622668713248, -3.778922090722093 ], [ 120.256119612154151, -3.778357382383508 ], [ 120.256056730084268, -3.77781956457646 ], [ 120.256272325752448, -3.777685110072611 ], [ 120.256775382311545, -3.777738891876649 ], [ 120.256820298075752, -3.777622364630351 ], [ 120.256128595307004, -3.777174182767988 ], [ 120.255921982791648, -3.776734964318317 ], [ 120.256272325752448, -3.776672218807363 ], [ 120.257008944285445, -3.776959055391839 ], [ 120.256532837184835, -3.775874454058373 ], [ 120.25674843285303, -3.775542798834625 ], [ 120.257179624189419, -3.775497980551428 ], [ 120.257287422023509, -3.776089581703329 ] ] ] } },
{ "type": "Feature", "properties": { "FID": 289, "REMARK": "Tegalan/Ladang" }, "geometry": { "type": "Polygon", "coordinates": [ [ [ 120.264923101938535, -3.776887346254607 ], [ 120.265426158497633, -3.776806673468139 ], [ 120.265435141650471, -3.777604437360301 ], [ 120.265632771012974, -3.777945055427922 ], [ 120.26624362540619, -3.777927128164539 ], [ 120.267150923843147, -3.778796600011953 ], [ 120.267420418428387, -3.778841418124801 ], [ 120.266971260786306, -3.779101363133658 ], [ 120.266917361869261, -3.779468871461533 ], [ 120.266468204227209, -3.779567471230323 ], [ 120.266486170532886, -3.779988761025248 ], [ 120.266773631423803, -3.780311450942516 ], [ 120.266504136838577, -3.780544504696976 ], [ 120.266477187380048, -3.780822376399268 ], [ 120.266917361869261, -3.781216774791553 ], [ 120.265596838401606, -3.781118175210302 ], [ 120.265614804707297, -3.781521537062698 ], [ 120.266171760183454, -3.781763554084046 ], [ 120.265426158497633, -3.781960753088518 ], [ 120.265219545982291, -3.782417896062686 ], [ 120.265453107956148, -3.782543386248707 ], [ 120.265489040567516, -3.782767475821406 ], [ 120.265138697606716, -3.783699687821849 ], [ 120.26479733779874, -3.784085121336635 ], [ 120.2645278432135, -3.784129939176061 ], [ 120.264339197003849, -3.784013412788729 ], [ 120.264123601335655, -3.783520416361196 ], [ 120.263000707230503, -3.782704730746892 ], [ 120.262919858854943, -3.782041425395597 ], [ 120.262192223474798, -3.78143190111172 ], [ 120.262228156086167, -3.780938903215662 ], [ 120.26183289736116, -3.780517613882349 ], [ 120.262129341404915, -3.780320414549615 ], [ 120.262982740924826, -3.780687922360892 ], [ 120.263225286051537, -3.781476719088368 ], [ 120.263602578470852, -3.781772517676133 ], [ 120.263575629012337, -3.782283442271784 ], [ 120.263782241527707, -3.782758512239611 ], [ 120.264258348628275, -3.783108091860925 ], [ 120.26468953996465, -3.782516495496089 ], [ 120.26468953996465, -3.781539464251783 ], [ 120.263899022514636, -3.781019575617838 ], [ 120.264024786654403, -3.780894085211211 ], [ 120.264330213850997, -3.780938903215662 ], [ 120.264267331781113, -3.780705849567212 ], [ 120.264438011685101, -3.780284560120663 ], [ 120.263584612165175, -3.780266632905632 ], [ 120.263333083885627, -3.779692961828935 ], [ 120.263144437675962, -3.779791561572249 ], [ 120.26202154357081, -3.779692961828935 ], [ 120.261725099527069, -3.779190999325547 ], [ 120.26226408869752, -3.778680072907711 ], [ 120.26169815006854, -3.778339455128645 ], [ 120.261850863666837, -3.778151218930209 ], [ 120.262749178950969, -3.777962982690935 ], [ 120.26363851108222, -3.778043655369909 ], [ 120.263809190986223, -3.778357382383508 ], [ 120.263539696400969, -3.778895199857163 ], [ 120.263575629012337, -3.779101363133658 ], [ 120.263952921431681, -3.77937923529836 ], [ 120.2641775002527, -3.779011726932506 ], [ 120.264590725283398, -3.778993799691165 ], [ 120.265084798689671, -3.779424053381104 ], [ 120.264788354645887, -3.780643104343466 ], [ 120.2648781861743, -3.780920976014159 ], [ 120.265156663912393, -3.780965794017222 ], [ 120.265578872095929, -3.780544504696976 ], [ 120.265507006873193, -3.779908088527169 ], [ 120.266216675947661, -3.77937923529836 ], [ 120.266019046585157, -3.779029654173478 ], [ 120.265345310122058, -3.77882349087994 ], [ 120.264752422034533, -3.778213964334226 ], [ 120.265210562829452, -3.777801637310484 ], [ 120.265030899772626, -3.777478946459578 ], [ 120.264581742130545, -3.777227964603693 ], [ 120.264330213850997, -3.775990981539342 ], [ 120.264393095920894, -3.775605544427214 ], [ 120.264824287257255, -3.775381453004291 ], [ 120.265237512287968, -3.775453162265919 ], [ 120.265309377510704, -3.775605544427214 ], [ 120.265012933466949, -3.776098545354045 ], [ 120.264923101938535, -3.776887346254607 ] ] ] } },
{ "type": "Feature", "properties": { "FID": 290, "REMARK": "Tegalan/Ladang" }, "geometry": { "type": "Polygon", "coordinates": [ [ [ 120.262919858854943, -3.776672218807363 ], [ 120.262821044173691, -3.777183146407504 ], [ 120.263225286051537, -3.777487910095945 ], [ 120.262847993632207, -3.777891273636661 ], [ 120.262219172933314, -3.777631328265237 ], [ 120.26239883599014, -3.776968019033577 ], [ 120.262228156086167, -3.776761855250196 ], [ 120.261042379911117, -3.776627400582474 ], [ 120.261608318540127, -3.776295745646386 ], [ 120.261536453317404, -3.775964090583583 ], [ 120.261015430452602, -3.775569689803432 ], [ 120.261428655483286, -3.775255961782191 ], [ 120.261455604941816, -3.774565759736468 ], [ 120.261626284845818, -3.77436855905122 ], [ 120.262335953920257, -3.774314777038382 ], [ 120.262578499046953, -3.774476123066906 ], [ 120.262623414811188, -3.775022906607318 ], [ 120.262300021308889, -3.775506944208253 ], [ 120.262794094715161, -3.776053727099538 ], [ 120.262919858854943, -3.776672218807363 ] ] ] } },
{ "type": "Feature", "properties": { "FID": 291, "REMARK": "Tegalan/Ladang" }, "geometry": { "type": "Polygon", "coordinates": [ [ [ 120.285126212678364, -3.771804946069233 ], [ 120.284650105577782, -3.771822873459004 ], [ 120.284677055036312, -3.77205592949239 ], [ 120.283635009306735, -3.771159559791164 ], [ 120.28433569522835, -3.771150596089482 ], [ 120.285045364302789, -3.771553962573595 ], [ 120.285126212678364, -3.771804946069233 ] ] ] } },
{ "type": "Feature", "properties": { "FID": 292, "REMARK": "Tegalan/Ladang" }, "geometry": { "type": "Polygon", "coordinates": [ [ [ 120.278209184990644, -3.770567955281986 ], [ 120.278236134449173, -3.771240233102128 ], [ 120.277382734929276, -3.771213341999306 ], [ 120.277185105566744, -3.771356761204749 ], [ 120.278128336615069, -3.771912510402318 ], [ 120.278299016519057, -3.772244167012188 ], [ 120.277337819165041, -3.772271058083117 ], [ 120.276574251173557, -3.772997116683615 ], [ 120.276475436492305, -3.772584787182462 ], [ 120.276116110378638, -3.772280021773242 ], [ 120.276053228308754, -3.77185872823744 ], [ 120.275559154902496, -3.771553962573595 ], [ 120.275388474998522, -3.771177487194247 ], [ 120.275765767417838, -3.771114741281836 ], [ 120.275792716876367, -3.770818939062324 ], [ 120.276457470186628, -3.770899612404901 ], [ 120.276960526745725, -3.770783084240998 ], [ 120.278029521933817, -3.769958422942377 ], [ 120.27825410075485, -3.770146660916392 ], [ 120.278209184990644, -3.770567955281986 ] ] ] } },
{ "type": "Feature", "properties": { "FID": 293, "REMARK": "Tegalan/Ladang" }, "geometry": { "type": "Polygon", "coordinates": [ [ [ 120.249840388318148, -3.769214434360572 ], [ 120.250002085069283, -3.769223398082213 ], [ 120.251035147646022, -3.770630701233865 ], [ 120.25254431732337, -3.771177487194247 ], [ 120.253379750537576, -3.771285051604985 ], [ 120.253739076651243, -3.771598781060274 ], [ 120.253128222258027, -3.772360694980203 ], [ 120.253280935856324, -3.774511977735841 ], [ 120.253164154869395, -3.774789851369896 ], [ 120.25273296353302, -3.775139434202574 ], [ 120.252131092292657, -3.775336634712767 ], [ 120.251942446082992, -3.775094615898557 ], [ 120.252005328152876, -3.774870524343774 ], [ 120.252589233087576, -3.774359595382645 ], [ 120.25231075534947, -3.774072757939394 ], [ 120.252292789043793, -3.773570792185777 ], [ 120.252481435253472, -3.773113644550651 ], [ 120.252490418406325, -3.772441368179674 ], [ 120.25289466028417, -3.771769091288579 ], [ 120.252400586877911, -3.771536035178276 ], [ 120.251807698790373, -3.771553962573595 ], [ 120.251376507454012, -3.771132668685845 ], [ 120.250603956309661, -3.770854793882171 ], [ 120.249687674719851, -3.769698475196984 ], [ 120.249714624178381, -3.769277180410119 ], [ 120.249840388318148, -3.769214434360572 ] ] ] } },
{ "type": "Feature", "properties": { "FID": 294, "REMARK": "Tegalan/Ladang" }, "geometry": { "type": "Polygon", "coordinates": [ [ [ 120.277706128431547, -3.769501273407264 ], [ 120.277113240344022, -3.769581946872102 ], [ 120.277032391968447, -3.769994277797713 ], [ 120.276726964771854, -3.770155624628423 ], [ 120.275433390762728, -3.770137697204268 ], [ 120.276717981619015, -3.769510237125949 ], [ 120.277176122413906, -3.768972413841338 ], [ 120.277921724099727, -3.768667647165764 ], [ 120.277939690405418, -3.76887381286975 ], [ 120.278164269226437, -3.768972413841338 ], [ 120.277706128431547, -3.769501273407264 ] ] ] } },
{ "type": "Feature", "properties": { "FID": 295, "REMARK": "Tegalan/Ladang" }, "geometry": { "type": "Polygon", "coordinates": [ [ [ 120.276143059837167, -3.768129823360146 ], [ 120.276367638658215, -3.76814775082569 ], [ 120.27644848703379, -3.768380807844149 ], [ 120.275999329391709, -3.768775211886984 ], [ 120.275765767417838, -3.768766248160724 ], [ 120.275595087513864, -3.768569046159627 ], [ 120.275217795094548, -3.768694538347316 ], [ 120.274624907007009, -3.769044123631836 ], [ 120.274508126020081, -3.769286144131115 ], [ 120.274597957548494, -3.769761221211609 ], [ 120.274103884142235, -3.769599874307715 ], [ 120.273510996054696, -3.769985314084017 ], [ 120.273484046596181, -3.770155624628423 ], [ 120.274382361880299, -3.770612773819504 ], [ 120.274283547199047, -3.770845830177347 ], [ 120.273394215067768, -3.77062173752673 ], [ 120.272540815547856, -3.77007495121681 ], [ 120.272927091120039, -3.769510237125949 ], [ 120.273510996054696, -3.769124797139078 ], [ 120.275065081496223, -3.768371844113823 ], [ 120.275406441304199, -3.768344952922296 ], [ 120.275720851653631, -3.768515263787933 ], [ 120.275613053819541, -3.768174642023314 ], [ 120.275945430474664, -3.767932621214775 ], [ 120.276152042990006, -3.767959512419049 ], [ 120.276143059837167, -3.768129823360146 ] ] ] } },
{ "type": "Feature", "properties": { "FID": 296, "REMARK": "Tegalan/Ladang" }, "geometry": { "type": "Polygon", "coordinates": [ [ [ 120.260494407587828, -3.768479408871623 ], [ 120.259712873290624, -3.767941584949626 ], [ 120.259685923832109, -3.767349978251415 ], [ 120.260718986408847, -3.767932621214775 ], [ 120.260494407587828, -3.768479408871623 ] ] ] } },
{ "type": "Feature", "properties": { "FID": 297, "REMARK": "Tegalan/Ladang" }, "geometry": { "type": "Polygon", "coordinates": [ [ [ 120.256919112757004, -3.766731479909571 ], [ 120.256568769796203, -3.766588059941431 ], [ 120.256802331770075, -3.766238473670078 ], [ 120.257170641036581, -3.766426712449024 ], [ 120.257143691578051, -3.766605987438743 ], [ 120.256919112757004, -3.766731479909571 ] ] ] } },
{ "type": "Feature", "properties": { "FID": 298, "REMARK": "Tegalan/Ladang" }, "geometry": { "type": "Polygon", "coordinates": [ [ [ 120.249427163287464, -3.769895676941984 ], [ 120.250002085069283, -3.770944430925318 ], [ 120.250002085069283, -3.778617327537405 ], [ 120.249364281217581, -3.778213964334226 ], [ 120.248582746920391, -3.77682460075467 ], [ 120.247989858832881, -3.776555691417842 ], [ 120.247864094693099, -3.776331600240181 ], [ 120.247828162081717, -3.776125436305638 ], [ 120.248196471348223, -3.775426271293503 ], [ 120.247891044151629, -3.774655396396778 ], [ 120.247199341382853, -3.774198249332472 ], [ 120.246651369059521, -3.773606646892084 ], [ 120.245375761356073, -3.773301881841307 ], [ 120.245690171705533, -3.772468259244499 ], [ 120.245582373871414, -3.772002147336385 ], [ 120.245070334159479, -3.771159559791164 ], [ 120.244091170499786, -3.770200443187195 ], [ 120.244091170499786, -3.76895448639279 ], [ 120.244558294447543, -3.768362880383408 ], [ 120.24449541237766, -3.769671584046475 ], [ 120.245025418395272, -3.769931531799906 ], [ 120.245528474954369, -3.769931531799906 ], [ 120.246345941862927, -3.769053087355234 ], [ 120.246363908168604, -3.767681636601471 ], [ 120.246534588072592, -3.767242413353978 ], [ 120.247684431636259, -3.766856972362305 ], [ 120.248169521889693, -3.766193654907184 ], [ 120.248465965933448, -3.766874899854076 ], [ 120.249472079051671, -3.768174642023314 ], [ 120.249427163287464, -3.769895676941984 ] ] ] } },
{ "type": "Feature", "properties": { "FID": 299, "REMARK": "Tegalan/Ladang" }, "geometry": { "type": "Polygon", "coordinates": [ [ [ 120.285162145289732, -3.765951633547686 ], [ 120.285476555639192, -3.765969561058105 ], [ 120.285584353473283, -3.766247437422379 ], [ 120.285485538792031, -3.767107957213482 ], [ 120.285162145289732, -3.767072102239174 ], [ 120.285090280066996, -3.767376869473697 ], [ 120.284892650704492, -3.766068162358809 ], [ 120.284425526756763, -3.765593083261777 ], [ 120.284632139272105, -3.764983547436816 ], [ 120.285162145289732, -3.765951633547686 ] ] ] } },
{ "type": "Feature", "properties": { "FID": 300, "REMARK": "Tegalan/Ladang" }, "geometry": { "type": "Polygon", "coordinates": [ [ [ 120.252912626589847, -3.764947692375 ], [ 120.253388733690414, -3.76532417045043 ], [ 120.253361784231899, -3.765763394665998 ], [ 120.253056357035305, -3.766489458699626 ], [ 120.25265211515746, -3.766937646072363 ], [ 120.252481435253472, -3.767466506875299 ], [ 120.252427536336427, -3.768344952922296 ], [ 120.252912626589847, -3.76895448639279 ], [ 120.252966525506892, -3.769223398082213 ], [ 120.252688047768814, -3.770092878642261 ], [ 120.252535334170517, -3.770155624628423 ], [ 120.25120582755001, -3.769169615750979 ], [ 120.250918366659093, -3.768156714558325 ], [ 120.250055983986329, -3.767816092653316 ], [ 120.248897157269823, -3.766498422449343 ], [ 120.248636645837436, -3.765879923502319 ], [ 120.248771393130042, -3.765619974538343 ], [ 120.248995971951089, -3.765584119502736 ], [ 120.249876320929516, -3.765897851014215 ], [ 120.250217680737492, -3.765655829572471 ], [ 120.250262596501699, -3.765225569065457 ], [ 120.250523107934086, -3.764893909779507 ], [ 120.251475322135263, -3.764965619906093 ], [ 120.252436519489279, -3.764338156098222 ], [ 120.252912626589847, -3.764947692375 ] ] ] } },
{ "type": "Feature", "properties": { "FID": 301, "REMARK": "Tegalan/Ladang" }, "geometry": { "type": "Polygon", "coordinates": [ [ [ 120.253505514677357, -3.76293980655715 ], [ 120.253361784231899, -3.763119082264795 ], [ 120.253011441271099, -3.762590218821131 ], [ 120.253047373882467, -3.762213739563928 ], [ 120.253397716843253, -3.761944825709189 ], [ 120.253927722860908, -3.762070318851728 ], [ 120.253505514677357, -3.76293980655715 ] ] ] } },
{ "type": "Feature", "properties": { "FID": 302, "REMARK": "Tegalan/Ladang" }, "geometry": { "type": "Polygon", "coordinates": [ [ [ 120.245025418395272, -3.76402442402474 ], [ 120.244971519478227, -3.764176808188833 ], [ 120.244270833556612, -3.76402442402474 ], [ 120.24357913078785, -3.763289394152882 ], [ 120.243201838368506, -3.762572291241144 ], [ 120.243489299259437, -3.761810368750698 ], [ 120.244387614543541, -3.762590218821131 ], [ 120.244279816709451, -3.762912915197822 ], [ 120.243929473748651, -3.763065299556375 ], [ 120.243875574831605, -3.763235611454979 ], [ 120.244917620561182, -3.763809293394745 ], [ 120.245025418395272, -3.76402442402474 ] ] ] } },
{ "type": "Feature", "properties": { "FID": 303, "REMARK": "Tegalan/Ladang" }, "geometry": { "type": "Polygon", "coordinates": [ [ [ 120.257709630207032, -3.761747622162969 ], [ 120.258176754154789, -3.761792441154666 ], [ 120.258176754154789, -3.76396167759648 ], [ 120.259227783037218, -3.764248518374474 ], [ 120.259191850425822, -3.765207641539716 ], [ 120.259003204216171, -3.765861995990055 ], [ 120.258419299281499, -3.766426712449024 ], [ 120.257997091097948, -3.766570132443752 ], [ 120.258230653071834, -3.765082148849199 ], [ 120.257700647054193, -3.764418830041706 ], [ 120.257628781831471, -3.762886023837662 ], [ 120.257179624189419, -3.761774513558263 ], [ 120.257709630207032, -3.761747622162969 ] ] ] } },
{ "type": "Feature", "properties": { "FID": 304, "REMARK": "Tegalan/Ladang" }, "geometry": { "type": "Polygon", "coordinates": [ [ [ 120.254170267987604, -3.761182902670106 ], [ 120.254466712031359, -3.761299432119232 ], [ 120.254313998433062, -3.761666947972107 ], [ 120.25402653754216, -3.761505599567979 ], [ 120.253846874485333, -3.761156011256557 ], [ 120.254170267987604, -3.761182902670106 ] ] ] } },
{ "type": "Feature", "properties": { "FID": 305, "REMARK": "Tegalan/Ladang" }, "geometry": { "type": "Polygon", "coordinates": [ [ [ 120.269890785459708, -3.764992511202039 ], [ 120.269684172944366, -3.765897851014215 ], [ 120.269333829983537, -3.766372929944909 ], [ 120.268219919031225, -3.767027283519213 ], [ 120.267285671135767, -3.766543241196541 ], [ 120.267016176550513, -3.766803189884777 ], [ 120.266854479799377, -3.767430651915766 ], [ 120.266710749353919, -3.767475470614952 ], [ 120.266360406393119, -3.767358941992268 ], [ 120.266369389545957, -3.766704588667345 ], [ 120.265767518305594, -3.766435676199386 ], [ 120.265758535152742, -3.765575155743603 ], [ 120.265471074261839, -3.765091112613407 ], [ 120.266045996043687, -3.765351061735301 ], [ 120.266755665118126, -3.765404844302556 ], [ 120.266773631423803, -3.765539300706152 ], [ 120.267627030943729, -3.765879923502319 ], [ 120.268444497852286, -3.766023343587146 ], [ 120.268740941896027, -3.766005416077835 ], [ 120.269100268009666, -3.765557228225062 ], [ 120.269468577276186, -3.765377953019345 ], [ 120.269342813136376, -3.765100076377523 ], [ 120.268740941896027, -3.765126967669318 ], [ 120.268462464157963, -3.764983547436816 ], [ 120.26885772288297, -3.764149916867696 ], [ 120.268336700018182, -3.763854112280376 ], [ 120.26816602011418, -3.763379031975343 ], [ 120.269729088708573, -3.761577309973502 ], [ 120.269863836001178, -3.761066373205399 ], [ 120.270277061031862, -3.761532490970742 ], [ 120.270295027337554, -3.761944825709189 ], [ 120.269549425651746, -3.762823277327398 ], [ 120.269432644664818, -3.763459706007671 ], [ 120.269890785459708, -3.763997532698896 ], [ 120.269998583293798, -3.764589141675629 ], [ 120.269890785459708, -3.764992511202039 ] ] ] } },
{ "type": "Feature", "properties": { "FID": 306, "REMARK": "Tegalan/Ladang" }, "geometry": { "type": "Polygon", "coordinates": [ [ [ 120.264869203021462, -3.760698857099276 ], [ 120.264707506270327, -3.761012590370281 ], [ 120.264240382322598, -3.760887097075429 ], [ 120.264024786654403, -3.761290468316006 ], [ 120.264563775824868, -3.761164975061165 ], [ 120.264707506270327, -3.76135321493665 ], [ 120.264509876907823, -3.761595237573961 ], [ 120.263728342610634, -3.761684875570722 ], [ 120.263431898566878, -3.761971717098398 ], [ 120.262973757771988, -3.761908970522287 ], [ 120.263018673536195, -3.761236685494715 ], [ 120.263656477387897, -3.761299432119232 ], [ 120.263979870890211, -3.760788495188228 ], [ 120.264186483405553, -3.759972788239051 ], [ 120.265120731301039, -3.760125173111708 ], [ 120.264869203021462, -3.760698857099276 ] ] ] } },
{ "type": "Feature", "properties": { "FID": 307, "REMARK": "Tegalan/Ladang" }, "geometry": { "type": "Polygon", "coordinates": [ [ [ 120.302445731356201, -3.757857324903032 ], [ 120.302059455784018, -3.758242769876211 ], [ 120.301619281294805, -3.758314480550105 ], [ 120.302607428107336, -3.758699925321263 ], [ 120.302149287312432, -3.759390139950943 ], [ 120.30167318021185, -3.759488741996299 ], [ 120.301277921486857, -3.758834382759499 ], [ 120.301233005722651, -3.757973854796607 ], [ 120.302086405242534, -3.757731831154081 ], [ 120.302445731356201, -3.757857324903032 ] ] ] } },
{ "type": "Feature", "properties": { "FID": 308, "REMARK": "Tegalan/Ladang" }, "geometry": { "type": "Polygon", "coordinates": [ [ [ 120.303191333042008, -3.756476892671763 ], [ 120.303685406448281, -3.756602386601215 ], [ 120.30393693472783, -3.75651274808202 ], [ 120.303362012945982, -3.758431010382605 ], [ 120.302840990081208, -3.75859235935575 ], [ 120.302571495495982, -3.758386191218102 ], [ 120.302607428107336, -3.757902144094711 ], [ 120.30291285530393, -3.757749758833608 ], [ 120.302625394413027, -3.757498771286707 ], [ 120.302670310177234, -3.757140217523019 ], [ 120.302302000910728, -3.757185036751539 ], [ 120.302194203076638, -3.757104362138546 ], [ 120.302310984063567, -3.756871302103555 ], [ 120.301771994893102, -3.756835446708033 ], [ 120.30178097804594, -3.756315543307376 ], [ 120.303137434124963, -3.755347446494643 ], [ 120.30315540043064, -3.755625326245208 ], [ 120.302885905845415, -3.75575978415727 ], [ 120.302661327024396, -3.756342434870179 ], [ 120.303191333042008, -3.756476892671763 ] ] ] } },
{ "type": "Feature", "properties": { "FID": 309, "REMARK": "Tegalan/Ladang" }, "geometry": { "type": "Polygon", "coordinates": [ [ [ 120.258356417211616, -3.755204024653291 ], [ 120.258203703613319, -3.755230916250339 ], [ 120.258500147657074, -3.75466619253836 ], [ 120.258733709630931, -3.754567589948016 ], [ 120.258572012879796, -3.755105422123691 ], [ 120.258356417211616, -3.755204024653291 ] ] ] } },
{ "type": "Feature", "properties": { "FID": 310, "REMARK": "Tegalan/Ladang" }, "geometry": { "type": "Polygon", "coordinates": [ [ [ 120.261904762583882, -3.754764795117567 ], [ 120.262416802295817, -3.754890289293181 ], [ 120.262057476182179, -3.755302627171753 ], [ 120.260081182557116, -3.755320554901184 ], [ 120.259793721666199, -3.755186096921464 ], [ 120.259551176539489, -3.75466619253836 ], [ 120.259766772207669, -3.754540698330534 ], [ 120.261105261981015, -3.754782722858045 ], [ 120.261554419623081, -3.754495878966226 ], [ 120.261904762583882, -3.754764795117567 ] ] ] } },
{ "type": "Feature", "properties": { "FID": 311, "REMARK": "Tegalan/Ladang" }, "geometry": { "type": "Polygon", "coordinates": [ [ [ 120.29545683844573, -3.751331626032642 ], [ 120.296768378760575, -3.752048738183511 ], [ 120.297316351083865, -3.751241986972404 ], [ 120.297972121241287, -3.751026853190316 ], [ 120.298277548437881, -3.751286806503673 ], [ 120.297810424490152, -3.751546759739699 ], [ 120.29774754242024, -3.752057702081673 ], [ 120.298394329424809, -3.752765849745783 ], [ 120.298681790315726, -3.752918235876928 ], [ 120.299050099582232, -3.75287341642935 ], [ 120.29932857732031, -3.753115441418944 ], [ 120.299966381172013, -3.752407294038229 ], [ 120.300667067093642, -3.752245943921817 ], [ 120.300577235565228, -3.752470041297675 ], [ 120.300020280089058, -3.752855488649676 ], [ 120.299678920281096, -3.752837560869632 ], [ 120.299625021364051, -3.753285755260309 ], [ 120.299014166970863, -3.753644310607254 ], [ 120.29919383002769, -3.754038721318862 ], [ 120.298448228341854, -3.754944072505779 ], [ 120.298493144106061, -3.755177133055413 ], [ 120.298987217512348, -3.755679109412518 ], [ 120.29830449789641, -3.755697037134219 ], [ 120.297585845669104, -3.755392265815235 ], [ 120.297334317389556, -3.755078530522777 ], [ 120.297451098376484, -3.754433131852327 ], [ 120.298367379966294, -3.753518816252568 ], [ 120.298241615826512, -3.753187152514093 ], [ 120.29772059296171, -3.752972019210984 ], [ 120.297136688027052, -3.75347399683581 ], [ 120.296858210288974, -3.75350088848614 ], [ 120.296696513537839, -3.753294719145777 ], [ 120.296642614620765, -3.752667246940877 ], [ 120.296328204271333, -3.752541752445809 ], [ 120.295852097170766, -3.752721030290387 ], [ 120.295852097170766, -3.752353510669403 ], [ 120.295519720515614, -3.752353510669403 ], [ 120.295420905834376, -3.751869460200971 ], [ 120.294477674786066, -3.751349553843587 ], [ 120.294926832428118, -3.751349553843587 ], [ 120.295151411249137, -3.750829647176879 ], [ 120.295259209083227, -3.751241986972404 ], [ 120.29545683844573, -3.751331626032642 ] ] ] } },
{ "type": "Feature", "properties": { "FID": 312, "REMARK": "Tegalan/Ladang" }, "geometry": { "type": "Polygon", "coordinates": [ [ [ 120.271660466569401, -3.750650368944231 ], [ 120.271705382333636, -3.750838611087545 ], [ 120.271768264403519, -3.750641405031632 ], [ 120.272253354656939, -3.750820683266119 ], [ 120.272415051408075, -3.751224059159252 ], [ 120.272154539975688, -3.751582615352392 ], [ 120.271435887748382, -3.751681218279713 ], [ 120.271211308927363, -3.750157353614838 ], [ 120.271328089914292, -3.750121497943672 ], [ 120.271660466569401, -3.750650368944231 ] ] ] } },
{ "type": "Feature", "properties": { "FID": 313, "REMARK": "Tegalan/Ladang" }, "geometry": { "type": "Polygon", "coordinates": [ [ [ 120.309183095987109, -3.74978983291566 ], [ 120.308176982868886, -3.750255956702963 ], [ 120.308257831244461, -3.749691229774958 ], [ 120.309183095987109, -3.74978983291566 ] ] ] } },
{ "type": "Feature", "properties": { "FID": 314, "REMARK": "Tegalan/Ladang" }, "geometry": { "type": "Polygon", "coordinates": [ [ [ 120.30202352317265, -3.750731044153472 ], [ 120.302445731356201, -3.750910322369573 ], [ 120.302302000910728, -3.751484012413946 ], [ 120.301331820403902, -3.751197167438837 ], [ 120.301340803556741, -3.750784827622164 ], [ 120.301511483460715, -3.750722080241703 ], [ 120.301493517155038, -3.749987039163699 ], [ 120.301035376360119, -3.749879472124828 ], [ 120.300972494290235, -3.749565734852525 ], [ 120.300343673591357, -3.749467131686549 ], [ 120.300038246394749, -3.749198213904638 ], [ 120.300164010534544, -3.748965151760077 ], [ 120.300577235565228, -3.748741053485573 ], [ 120.302616411260189, -3.748059794378427 ], [ 120.302849973234046, -3.748292856764277 ], [ 120.30280505746984, -3.748794837076691 ], [ 120.301637247600496, -3.749153394266277 ], [ 120.30167318021185, -3.749565734852525 ], [ 120.302167253618109, -3.750094606189331 ], [ 120.30202352317265, -3.750731044153472 ] ] ] } },
{ "type": "Feature", "properties": { "FID": 315, "REMARK": "Tegalan/Ladang" }, "geometry": { "type": "Polygon", "coordinates": [ [ [ 120.288467945535288, -3.746831733858059 ], [ 120.289474058653511, -3.747512993921697 ], [ 120.289995081518313, -3.747486102087139 ], [ 120.289959148906945, -3.747647453082094 ], [ 120.290336441326261, -3.747889479518722 ], [ 120.290803565274004, -3.747710200683206 ], [ 120.291055093553567, -3.747781912221823 ], [ 120.290992211483683, -3.748274928890647 ], [ 120.290282542409216, -3.748346640382961 ], [ 120.290462205466042, -3.748830692802266 ], [ 120.291046110400728, -3.749018935337412 ], [ 120.290830514732519, -3.74953884308109 ], [ 120.290192710880802, -3.75011253402565 ], [ 120.288997951552929, -3.750587621554115 ], [ 120.288018787893236, -3.750533838073289 ], [ 120.286940809552291, -3.748427315804784 ], [ 120.286940809552291, -3.748265964953695 ], [ 120.288467945535288, -3.746831733858059 ] ] ] } },
{ "type": "Feature", "properties": { "FID": 316, "REMARK": "Tegalan/Ladang" }, "geometry": { "type": "Polygon", "coordinates": [ [ [ 120.2102067179828, -3.745971194072075 ], [ 120.21017976852427, -3.746177365139558 ], [ 120.20993722339756, -3.746249076803818 ], [ 120.20958688043676, -3.746033941793409 ], [ 120.20982942556347, -3.745711239178627 ], [ 120.2102067179828, -3.745971194072075 ] ] ] } },
{ "type": "Feature", "properties": { "FID": 317, "REMARK": "Tegalan/Ladang" }, "geometry": { "type": "Polygon", "coordinates": [ [ [ 120.203873595229766, -3.747396462632636 ], [ 120.203649016408747, -3.746903445468687 ], [ 120.204035291980901, -3.745863626539324 ], [ 120.204484449622953, -3.746679346665958 ], [ 120.203873595229766, -3.747396462632636 ] ] ] } },
{ "type": "Feature", "properties": { "FID": 318, "REMARK": "Tegalan/Ladang" }, "geometry": { "type": "Polygon", "coordinates": [ [ [ 120.206487692706546, -3.743577813343257 ], [ 120.206299046496881, -3.743981192576242 ], [ 120.206056501370185, -3.743595741313115 ], [ 120.20576904047924, -3.744366643669685 ], [ 120.205391748059924, -3.744268039917747 ], [ 120.205176152391729, -3.743990156557087 ], [ 120.20597565299461, -3.743004118114065 ], [ 120.206308029649733, -3.743228217857698 ], [ 120.206487692706546, -3.743577813343257 ] ] ] } },
{ "type": "Feature", "properties": { "FID": 319, "REMARK": "Tegalan/Ladang" }, "geometry": { "type": "Polygon", "coordinates": [ [ [ 120.211428426769189, -3.744501103313518 ], [ 120.210934353362944, -3.744294931851195 ], [ 120.211122999572595, -3.743801912940081 ], [ 120.211302662629421, -3.743568849358192 ], [ 120.211922500175476, -3.74332682172673 ], [ 120.212174028455024, -3.742914478200555 ], [ 120.212542337721501, -3.743282001787638 ], [ 120.211787752882856, -3.743864660816913 ], [ 120.211428426769189, -3.744501103313518 ] ] ] } },
{ "type": "Feature", "properties": { "FID": 320, "REMARK": "Tegalan/Ladang" }, "geometry": { "type": "Polygon", "coordinates": [ [ [ 120.292564263230886, -3.745684347288691 ], [ 120.292474431702473, -3.745845698615913 ], [ 120.291809678392212, -3.744976193889669 ], [ 120.291055093553567, -3.743407497611317 ], [ 120.2916300153354, -3.742358710532027 ], [ 120.291944425684832, -3.742089790565823 ], [ 120.292770875746228, -3.741982222556226 ], [ 120.293121218707029, -3.742152538565322 ], [ 120.293992584532631, -3.743371641663529 ], [ 120.29421716335365, -3.743945336651947 ], [ 120.293444612209328, -3.74483277034668 ], [ 120.293633258418993, -3.745047905652349 ], [ 120.292887656733157, -3.74537957247833 ], [ 120.292564263230886, -3.745684347288691 ] ] ] } },
{ "type": "Feature", "properties": { "FID": 321, "REMARK": "Tegalan/Ladang" }, "geometry": { "type": "Polygon", "coordinates": [ [ [ 120.283922470197638, -3.740216312510699 ], [ 120.283886537586284, -3.74108582196264 ], [ 120.284506375132338, -3.742932406183991 ], [ 120.284425526756763, -3.743550921387785 ], [ 120.282332452144757, -3.743273037799545 ], [ 120.282107873323739, -3.74294137017557 ], [ 120.281793462974278, -3.741865690530925 ], [ 120.281146675969723, -3.740700369425449 ], [ 120.281083793899839, -3.740296988681724 ], [ 120.281577867306098, -3.740323880737081 ], [ 120.281793462974278, -3.739409550392047 ], [ 120.282880424468061, -3.738468326981925 ], [ 120.284039251184581, -3.738324902373576 ], [ 120.284380610992557, -3.737984268834733 ], [ 120.284515358285176, -3.739328874139344 ], [ 120.284039251184581, -3.739857751660746 ], [ 120.283922470197638, -3.740216312510699 ] ] ] } },
{ "type": "Feature", "properties": { "FID": 322, "REMARK": "Tegalan/Ladang" }, "geometry": { "type": "Polygon", "coordinates": [ [ [ 120.288827271648955, -3.738118729457976 ], [ 120.288548793910863, -3.738719319990086 ], [ 120.288890153718839, -3.739687435205636 ], [ 120.288584726522217, -3.739902571775012 ], [ 120.288270316172785, -3.739893607752342 ], [ 120.288036754198913, -3.740377664845322 ], [ 120.288638625439262, -3.740897577721472 ], [ 120.289635755404646, -3.740673477381643 ], [ 120.290578986452971, -3.74088861370898 ], [ 120.290785598968313, -3.741076857952072 ], [ 120.290749666356945, -3.741318886205196 ], [ 120.290309491867745, -3.741623662428847 ], [ 120.290201694033655, -3.74253799046363 ], [ 120.290031014129667, -3.742726234352321 ], [ 120.289303378749523, -3.74230492654539 ], [ 120.288557777063701, -3.741462310323649 ], [ 120.287848107989262, -3.742071862565141 ], [ 120.287632512321082, -3.74204497056343 ], [ 120.28705759053922, -3.741542986379963 ], [ 120.286967759010821, -3.740996181852841 ], [ 120.286294022547722, -3.740323880737081 ], [ 120.286617416050021, -3.739230269820403 ], [ 120.286590466591491, -3.738566931386557 ], [ 120.286815045412524, -3.738118729457976 ], [ 120.287345051430137, -3.738208369862019 ], [ 120.287919973211984, -3.737858772234438 ], [ 120.287839124836424, -3.737509174467498 ], [ 120.287452849264227, -3.7371416484597 ], [ 120.287497765028434, -3.736648625524477 ], [ 120.288467945535288, -3.735806003866509 ], [ 120.288836254801794, -3.735151626914364 ], [ 120.289087783081342, -3.73509784248564 ], [ 120.289375243972259, -3.735357800527277 ], [ 120.28901591785862, -3.736056997636483 ], [ 120.28912371569271, -3.736747230133689 ], [ 120.288827271648955, -3.738118729457976 ] ] ] } },
{ "type": "Feature", "properties": { "FID": 323, "REMARK": "Tegalan/Ladang" }, "geometry": { "type": "Polygon", "coordinates": [ [ [ 120.236060231859753, -3.736021141388025 ], [ 120.235871585650102, -3.736334883512347 ], [ 120.235332596479608, -3.736693445802766 ], [ 120.235224798645518, -3.737482282325808 ], [ 120.234092921387528, -3.73902409711769 ], [ 120.233589864828431, -3.738997205022457 ], [ 120.23246697072328, -3.739266125937665 ], [ 120.232556802251693, -3.738127693498793 ], [ 120.232808330531242, -3.737616743026015 ], [ 120.233401218618781, -3.73692651121295 ], [ 120.233553932217077, -3.737114756306743 ], [ 120.234146820304574, -3.736702409858149 ], [ 120.234003089859115, -3.736083889821863 ], [ 120.233482066994341, -3.736164566373064 ], [ 120.236590237877408, -3.73505302212585 ], [ 120.236060231859753, -3.736021141388025 ] ] ] } },
{ "type": "Feature", "properties": { "FID": 324, "REMARK": "Tegalan/Ladang" }, "geometry": { "type": "Polygon", "coordinates": [ [ [ 120.306335436536429, -3.737625707071962 ], [ 120.306479166981887, -3.737643635163582 ], [ 120.306838493095526, -3.737204396813397 ], [ 120.307332566501813, -3.737060971998352 ], [ 120.307629010545554, -3.737598814933843 ], [ 120.307521212711464, -3.73821733390192 ], [ 120.307440364335903, -3.738298010256899 ], [ 120.305733565296066, -3.737688455391028 ], [ 120.305491020169356, -3.738208369862019 ], [ 120.305239491889807, -3.738262154100047 ], [ 120.305167626667071, -3.738038053086504 ], [ 120.305374239182413, -3.737114756306743 ], [ 120.304493890203972, -3.735312980180765 ], [ 120.304502873356824, -3.735061986197991 ], [ 120.304745418483549, -3.734775135844071 ], [ 120.305203559278439, -3.734802028068733 ], [ 120.305508986475033, -3.735653614756854 ], [ 120.307116970833619, -3.735940464823638 ], [ 120.307072055069412, -3.736272135096458 ], [ 120.306380352300636, -3.73703407984292 ], [ 120.306335436536429, -3.737625707071962 ] ] ] } },
{ "type": "Feature", "properties": { "FID": 325, "REMARK": "Tegalan/Ladang" }, "geometry": { "type": "Polygon", "coordinates": [ [ [ 120.209335352157211, -3.734775135844071 ], [ 120.209613829895289, -3.734981309545426 ], [ 120.209371284768579, -3.735079914341997 ], [ 120.208859245056615, -3.734855812515587 ], [ 120.208670598846965, -3.735160590985498 ], [ 120.20894009343219, -3.735286087971759 ], [ 120.208715514611157, -3.735599830358895 ], [ 120.208068727606587, -3.735402620871502 ], [ 120.207520755283284, -3.735653614756854 ], [ 120.208167542287867, -3.734479321318408 ], [ 120.208553817860022, -3.734416572769844 ], [ 120.209335352157211, -3.734775135844071 ] ] ] } },
{ "type": "Feature", "properties": { "FID": 326, "REMARK": "Tegalan/Ladang" }, "geometry": { "type": "Polygon", "coordinates": [ [ [ 120.216081699940958, -3.731942483566613 ], [ 120.216818318473912, -3.73188869894131 ], [ 120.217024930989254, -3.732041088704451 ], [ 120.217015947836416, -3.732301047651142 ], [ 120.21650390812448, -3.732399652748726 ], [ 120.21537203086649, -3.733134708581845 ], [ 120.215075586822735, -3.733161600856756 ], [ 120.214707277556229, -3.733027139473966 ], [ 120.213826928577816, -3.731799057891819 ], [ 120.214285069372707, -3.731682524513805 ], [ 120.21472524386192, -3.731153642065465 ], [ 120.21550677815911, -3.731341888397131 ], [ 120.216081699940958, -3.731942483566613 ] ] ] } },
{ "type": "Feature", "properties": { "FID": 327, "REMARK": "Tegalan/Ladang" }, "geometry": { "type": "Polygon", "coordinates": [ [ [ 120.235314630173932, -3.732184514339725 ], [ 120.234335466514267, -3.730185517436976 ], [ 120.234398348584151, -3.729871773115579 ], [ 120.234676826322215, -3.729611813450148 ], [ 120.235305647021093, -3.729387710228584 ], [ 120.234820556767673, -3.728554045742792 ], [ 120.234892421990409, -3.727818986078045 ], [ 120.235054118741544, -3.727693488025093 ], [ 120.236509389501833, -3.728105838703251 ], [ 120.237201092270595, -3.729002252553845 ], [ 120.237299906951847, -3.729378746098534 ], [ 120.237228041729111, -3.730015199104971 ], [ 120.236949563991047, -3.730517189883516 ], [ 120.236698035711498, -3.730786113396921 ], [ 120.235916501414309, -3.73103710860184 ], [ 120.235449377466566, -3.731574955228072 ], [ 120.235314630173932, -3.732184514339725 ] ] ] } },
{ "type": "Feature", "properties": { "FID": 328, "REMARK": "Tegalan/Ladang" }, "geometry": { "type": "Polygon", "coordinates": [ [ [ 120.213952692717584, -3.72800723312389 ], [ 120.213862861189185, -3.72815962356006 ], [ 120.213431669852781, -3.728069982130217 ], [ 120.212793866001078, -3.728616794710095 ], [ 120.21255132087434, -3.728356834673542 ], [ 120.21257827033287, -3.727684523877768 ], [ 120.213341838324382, -3.727281137153588 ], [ 120.21399760848179, -3.7275231692103 ], [ 120.213952692717584, -3.72800723312389 ] ] ] } },
{ "type": "Feature", "properties": { "FID": 329, "REMARK": "Tegalan/Ladang" }, "geometry": { "type": "Polygon", "coordinates": [ [ [ 120.249409196981787, -3.724197463639384 ], [ 120.249759539942573, -3.724896669627752 ], [ 120.249642758955645, -3.725210415724031 ], [ 120.249490045357348, -3.725371770815704 ], [ 120.249067837173826, -3.725398663328106 ], [ 120.249175635007916, -3.725891692576489 ], [ 120.248717494212997, -3.726026155050829 ], [ 120.247989858832881, -3.726519183947582 ], [ 120.248510881697655, -3.727083925798873 ], [ 120.248133589278339, -3.727514205061238 ], [ 120.248510881697655, -3.727872770952398 ], [ 120.248816308894249, -3.727845878515634 ], [ 120.249481062204509, -3.727128746565191 ], [ 120.249669708414174, -3.727343886211723 ], [ 120.249508011663039, -3.728267193263807 ], [ 120.249175635007916, -3.728715400221095 ], [ 120.248681561601629, -3.728912611209916 ], [ 120.248744443671526, -3.729432530877468 ], [ 120.248618679531745, -3.729638705832896 ], [ 120.247549684343639, -3.729163606949885 ], [ 120.246049497819172, -3.726895678555397 ], [ 120.24530389613335, -3.726815001153002 ], [ 120.245034401548111, -3.726626753851972 ], [ 120.244899654255505, -3.725855835913196 ], [ 120.245384744508911, -3.725425555839687 ], [ 120.246795099505007, -3.725335914131223 ], [ 120.247127476160117, -3.72510284564648 ], [ 120.248187488195384, -3.725649660070895 ], [ 120.248232403959591, -3.725452448350445 ], [ 120.247765280011834, -3.725040096428502 ], [ 120.247603583260684, -3.72443053236389 ], [ 120.248510881697655, -3.724349854735469 ], [ 120.249364281217581, -3.723991287408572 ], [ 120.249409196981787, -3.724197463639384 ] ] ] } },
{ "type": "Feature", "properties": { "FID": 330, "REMARK": "Tegalan/Ladang" }, "geometry": { "type": "Polygon", "coordinates": [ [ [ 120.245788986386785, -3.722924548747512 ], [ 120.246336958710089, -3.723085904258198 ], [ 120.246426790238502, -3.723641684124223 ], [ 120.246678318518036, -3.724000251593525 ], [ 120.245555424412899, -3.724798063688679 ], [ 120.244621176517427, -3.724896669627752 ], [ 120.244567277600382, -3.72460981595613 ], [ 120.244944570019712, -3.72416160690706 ], [ 120.244899654255505, -3.723731326005241 ], [ 120.245178131993569, -3.723229331353985 ], [ 120.244998468936757, -3.72296040553022 ], [ 120.244450496613425, -3.722978333921025 ], [ 120.244306766167966, -3.722763193207257 ], [ 120.244414564002057, -3.722207412786743 ], [ 120.24481880587993, -3.721615775179508 ], [ 120.245851868456668, -3.721902629826586 ], [ 120.245672205399856, -3.722422553636293 ], [ 120.245788986386785, -3.722924548747512 ] ] ] } },
{ "type": "Feature", "properties": { "FID": 331, "REMARK": "Tegalan/Ladang" }, "geometry": { "type": "MultiPolygon", "coordinates": [ [ [ [ 120.232574768557384, -3.724573959240604 ], [ 120.232718499002829, -3.725246272413627 ], [ 120.232296290819306, -3.726259223291002 ], [ 120.232341206583513, -3.726528148106783 ], [ 120.232080695151126, -3.727325957909856 ], [ 120.231811200565872, -3.727666595582845 ], [ 120.23146984075791, -3.727406635265382 ], [ 120.231146447255639, -3.727729344613479 ], [ 120.230769154836281, -3.729172571082129 ], [ 120.230921868434606, -3.729558028682184 ], [ 120.230562542320939, -3.72974627535566 ], [ 120.230409828722642, -3.730176553315061 ], [ 120.230760171683443, -3.730902646893834 ], [ 120.230418811875495, -3.731897663045756 ], [ 120.230418811875495, -3.732417580947097 ], [ 120.230850003211884, -3.731297067845631 ], [ 120.231936964705639, -3.730974359807331 ], [ 120.232422054959073, -3.73006898384496 ], [ 120.232242391902261, -3.729584921066577 ], [ 120.232808330531242, -3.729593885194525 ], [ 120.233383252313089, -3.730302051013538 ], [ 120.233005959893745, -3.733027139473966 ], [ 120.232143577221009, -3.734461393162133 ], [ 120.231514756522117, -3.735922536697211 ], [ 120.230418811875495, -3.736200422615661 ], [ 120.229915755316398, -3.73681894256979 ], [ 120.229259985158976, -3.736953403371679 ], [ 120.229116254713517, -3.737598814933843 ], [ 120.228119124748147, -3.737715347526398 ], [ 120.227238775769706, -3.738620715602591 ], [ 120.22590028599636, -3.739284053995746 ], [ 120.225433162048631, -3.739741219352931 ], [ 120.224615695140074, -3.739884643729581 ], [ 120.223932975524136, -3.739508154690823 ], [ 120.223474834729245, -3.739561938849117 ], [ 120.222881946641721, -3.740037032104058 ], [ 120.221543456868389, -3.74230492654539 ], [ 120.221193113907589, -3.742520062472121 ], [ 120.219162921365466, -3.743004118114065 ], [ 120.217330358185876, -3.74428596787347 ], [ 120.216971032072209, -3.744294931851195 ], [ 120.216566790194364, -3.744079796360484 ], [ 120.215336098255122, -3.74294137017557 ], [ 120.214051507398835, -3.742036006562675 ], [ 120.212847764918124, -3.741793978507649 ], [ 120.212668101861283, -3.740001176018329 ], [ 120.212766916542549, -3.739597794952813 ], [ 120.212614202944238, -3.738898600666213 ], [ 120.214015574787481, -3.738540039277302 ], [ 120.214976772141483, -3.738835852433738 ], [ 120.214895923765894, -3.737751203705606 ], [ 120.214500665040887, -3.737320929458352 ], [ 120.214572530263624, -3.737096828204311 ], [ 120.214913890071571, -3.736863762839377 ], [ 120.215345081407975, -3.736872726893019 ], [ 120.216027801023884, -3.737401605895791 ], [ 120.216656621722777, -3.73746435423089 ], [ 120.217168661434712, -3.737186468712798 ], [ 120.217779515827928, -3.737285073261553 ], [ 120.218147825094405, -3.737849808190873 ], [ 120.219450382256383, -3.738396614680684 ], [ 120.218920376238756, -3.739122701459819 ], [ 120.219755809453005, -3.738566931386557 ], [ 120.220267849164941, -3.737912556493907 ], [ 120.22049242798596, -3.737437462087825 ], [ 120.220384630151869, -3.737069936049979 ], [ 120.219522247479134, -3.73681894256979 ], [ 120.218947325697286, -3.737240253013493 ], [ 120.218498168055234, -3.736451416272807 ], [ 120.218938342544448, -3.736003213263246 ], [ 120.219477331714899, -3.734658602861014 ], [ 120.220231916553573, -3.734577926171371 ], [ 120.22060022582005, -3.734165578530741 ], [ 120.22060022582005, -3.733717374353856 ], [ 120.220321748081986, -3.733036103566792 ], [ 120.219881573592772, -3.733502236267677 ], [ 120.21956716324334, -3.734120758123348 ], [ 120.219243769741041, -3.734013189136273 ], [ 120.219755809453005, -3.732471365540015 ], [ 120.218965292002963, -3.731960411774316 ], [ 120.219297668658086, -3.731234319069689 ], [ 120.218938342544448, -3.730884718664546 ], [ 120.219315634963763, -3.729862808990466 ], [ 120.220034287191069, -3.728912611209916 ], [ 120.220923619322349, -3.728787113313056 ], [ 120.220824804641097, -3.728876754669784 ], [ 120.221121248684852, -3.729029144955241 ], [ 120.222001597663294, -3.729109822154496 ], [ 120.221444642187137, -3.729782131860322 ], [ 120.221336844353033, -3.730266194530088 ], [ 120.222307024859887, -3.730562010474798 ], [ 120.222648384667849, -3.731010216261885 ], [ 120.222558553139436, -3.731664596300432 ], [ 120.222854997183191, -3.733134708581845 ], [ 120.224570779375867, -3.735653614756854 ], [ 120.224588745681558, -3.734667566937183 ], [ 120.224229419567919, -3.734156614449445 ], [ 120.224211453262228, -3.733564984881589 ], [ 120.223807211384369, -3.73308988812183 ], [ 120.223798228231516, -3.732408616847958 ], [ 120.223115508615606, -3.732014196395228 ], [ 120.222980761322987, -3.731718380939455 ], [ 120.223043643392884, -3.73127913962439 ], [ 120.223861110301414, -3.729683526468982 ], [ 120.224031790205416, -3.728993288419864 ], [ 120.2258194376208, -3.728607830572184 ], [ 120.2258194376208, -3.728061017986731 ], [ 120.225361296825909, -3.726815001153002 ], [ 120.225693673481018, -3.725353842473646 ], [ 120.225199600074774, -3.724672565204786 ], [ 120.225046886476449, -3.724197463639384 ], [ 120.22896354111522, -3.724331926372592 ], [ 120.230571525473792, -3.724206427822238 ], [ 120.230939834740298, -3.724573959240604 ], [ 120.231344076618129, -3.72460981595613 ], [ 120.231766284801665, -3.724466389085261 ], [ 120.231883065788594, -3.724080929253989 ], [ 120.232314257124983, -3.724018179963156 ], [ 120.232574768557384, -3.724573959240604 ] ], [ [ 120.229565412355569, -3.728527153326863 ], [ 120.229763041718101, -3.728634722985646 ], [ 120.22953846289704, -3.728078946273613 ], [ 120.229691176495336, -3.727245280546929 ], [ 120.228945574809543, -3.726608825535488 ], [ 120.228595231848743, -3.726564004742676 ], [ 120.228918625351014, -3.727514205061238 ], [ 120.229277951464653, -3.727881735097804 ], [ 120.229565412355569, -3.728527153326863 ] ], [ [ 120.226358426791279, -3.730337907495525 ], [ 120.226214696345806, -3.730705436351541 ], [ 120.225711639786709, -3.730579938710673 ], [ 120.225424178895793, -3.730346871615794 ], [ 120.225379263131586, -3.73046340517096 ], [ 120.225882319690683, -3.732444473243969 ], [ 120.226439275166854, -3.733439487649279 ], [ 120.226520123542414, -3.734174542611945 ], [ 120.226771651821963, -3.734551033939844 ], [ 120.227184876852661, -3.733654625750833 ], [ 120.226879449656053, -3.733054031752171 ], [ 120.227364539909473, -3.732695467975056 ], [ 120.227418438826518, -3.73208590921799 ], [ 120.227095045324248, -3.729692490595923 ], [ 120.226565039306621, -3.729280140661938 ], [ 120.226412325708324, -3.729369781968391 ], [ 120.226511140389576, -3.729710418849535 ], [ 120.226358426791279, -3.730337907495525 ] ] ], [ [ [ 120.2353505627853, -3.724313998009352 ], [ 120.235251748104048, -3.724717386093945 ], [ 120.23610514762396, -3.725380734986596 ], [ 120.236446507431921, -3.726277151614612 ], [ 120.236994479755253, -3.726537112265894 ], [ 120.238054491790507, -3.726492291469429 ], [ 120.23803652548483, -3.725147666513723 ], [ 120.238530598891089, -3.724824956218612 ], [ 120.23914145328429, -3.724672565204786 ], [ 120.240210448472396, -3.724842884571445 ], [ 120.240911134393997, -3.725730337580158 ], [ 120.241791483372438, -3.726026155050829 ], [ 120.241944196970735, -3.726321972422038 ], [ 120.241746567608232, -3.726510219788289 ], [ 120.239689425607594, -3.726689502956792 ], [ 120.239671459301917, -3.726976355950391 ], [ 120.240084684332629, -3.72711978241211 ], [ 120.240497909363313, -3.727505240912085 ], [ 120.240426044140591, -3.727836914369862 ], [ 120.239994852804216, -3.727836914369862 ], [ 120.239213318507026, -3.727281137153588 ], [ 120.239258234271233, -3.727675559730353 ], [ 120.240641639808771, -3.728150659417485 ], [ 120.240938083852527, -3.728132731132066 ], [ 120.241153679520735, -3.728329942251581 ], [ 120.241656736079833, -3.72834787053298 ], [ 120.241872331748013, -3.728769185040615 ], [ 120.241611820315626, -3.729271176530791 ], [ 120.241656736079833, -3.729450459136381 ], [ 120.24202504534631, -3.72929806892396 ], [ 120.242626916586673, -3.729432530877468 ], [ 120.243399467731024, -3.728464404353163 ], [ 120.243659979163425, -3.728374762954393 ], [ 120.243677945469102, -3.72859886643418 ], [ 120.242968276394635, -3.729970378485801 ], [ 120.243103023687254, -3.730167589193056 ], [ 120.243668962316264, -3.730328943375167 ], [ 120.243839642220237, -3.731117785616764 ], [ 120.245762036928255, -3.731619775765394 ], [ 120.246283059793043, -3.73103710860184 ], [ 120.246588486989637, -3.731010216261885 ], [ 120.247145442465794, -3.731413601274776 ], [ 120.248205454501061, -3.732919570352908 ], [ 120.248762409977203, -3.732946462634408 ], [ 120.249840388318148, -3.732587898813372 ], [ 120.25141244006538, -3.733663589837252 ], [ 120.252023294458567, -3.733663589837252 ], [ 120.252921609742685, -3.733287098128785 ], [ 120.255841134416087, -3.733771158867162 ], [ 120.256703517088823, -3.735178519127491 ], [ 120.256667584477455, -3.736146638251216 ], [ 120.257134708425212, -3.736272135096458 ], [ 120.257296405176348, -3.736469344388426 ], [ 120.257547933455896, -3.737957376707609 ], [ 120.257916242722388, -3.738145621580152 ], [ 120.258859473770713, -3.737571922794904 ], [ 120.258976254757641, -3.738602787530947 ], [ 120.258751675936622, -3.738791032264936 ], [ 120.257170641036581, -3.739149593551202 ], [ 120.256451988809275, -3.739696399230414 ], [ 120.255454858843891, -3.73976811142534 ], [ 120.254152301681927, -3.740727261468429 ], [ 120.253640261969991, -3.740682441396337 ], [ 120.253128222258027, -3.74104996591982 ], [ 120.25265211515746, -3.74108582196264 ], [ 120.25149328844094, -3.740834829632097 ], [ 120.250424293252834, -3.742098754566026 ], [ 120.2495888600386, -3.742627630415671 ], [ 120.248708511060158, -3.742215286560325 ], [ 120.247801212623187, -3.742152538565322 ], [ 120.247594600107846, -3.742215286560325 ], [ 120.247316122369782, -3.742627630415671 ], [ 120.247064594090233, -3.742600738431023 ], [ 120.246929846797613, -3.741695374466062 ], [ 120.247468835968078, -3.741193390082293 ], [ 120.247387987592504, -3.740207348491238 ], [ 120.246642385906682, -3.740655549351982 ], [ 120.246076447277702, -3.741354742237011 ], [ 120.245124233076524, -3.741731230482469 ], [ 120.246390857627134, -3.742753126333118 ], [ 120.245654239094165, -3.74282483827787 ], [ 120.245124233076524, -3.7426993423707 ], [ 120.244127103111154, -3.741569878397082 ], [ 120.242671832350879, -3.740252168587627 ], [ 120.241432157258799, -3.739400586364336 ], [ 120.239716375066124, -3.737240253013493 ], [ 120.23962654353771, -3.73703407984292 ], [ 120.241593854009935, -3.737150612510503 ], [ 120.241710634996878, -3.737598814933843 ], [ 120.242375388307124, -3.73790359245089 ], [ 120.242716748115086, -3.737751203705606 ], [ 120.243004209006003, -3.736792050406939 ], [ 120.242851495407706, -3.736523128733089 ], [ 120.242617933433834, -3.736962367424406 ], [ 120.24233945569577, -3.736944439318862 ], [ 120.242294539931564, -3.736612769300198 ], [ 120.242528101905421, -3.736065961698367 ], [ 120.242878444866221, -3.736003213263246 ], [ 120.243246754132713, -3.736316955393979 ], [ 120.244046254735579, -3.735949428886713 ], [ 120.243453366648069, -3.735339872388947 ], [ 120.243318619355463, -3.734748243618586 ], [ 120.243049124770209, -3.734335896057959 ], [ 120.242294539931564, -3.734102829959751 ], [ 120.24199809588778, -3.734389680533374 ], [ 120.242501152446906, -3.734694459165141 ], [ 120.242186742097473, -3.735752219477888 ], [ 120.241764533913923, -3.735563974091755 ], [ 120.241468089870168, -3.735142662843139 ], [ 120.241117746909367, -3.73507095027004 ], [ 120.241324359424709, -3.735339872388947 ], [ 120.241629786621303, -3.736612769300198 ], [ 120.241557921398581, -3.73692651121295 ], [ 120.241315376271871, -3.737007187686665 ], [ 120.240228414778088, -3.736415560040467 ], [ 120.239976886498539, -3.735823931995315 ], [ 120.239967903345701, -3.734855812515587 ], [ 120.239339082646794, -3.734604818402076 ], [ 120.239114503825775, -3.734273147499144 ], [ 120.239204335354188, -3.733251241767178 ], [ 120.238853992393388, -3.732292083550813 ], [ 120.238530598891089, -3.732139693831217 ], [ 120.23782092981665, -3.732211406643732 ], [ 120.237569401537073, -3.731915591254374 ], [ 120.237533468925704, -3.73110882150436 ], [ 120.23803652548483, -3.729531136296967 ], [ 120.237847879275165, -3.729262212399551 ], [ 120.237802963510958, -3.728706436084189 ], [ 120.236994479755253, -3.728419583654921 ], [ 120.23655430526604, -3.727926555823463 ], [ 120.235763787816012, -3.727388706964793 ], [ 120.235251748104048, -3.727308029607622 ], [ 120.234874455684718, -3.727469384314564 ], [ 120.234982253518808, -3.727039105030272 ], [ 120.235440394313727, -3.726788108683893 ], [ 120.235611074217715, -3.726079940034811 ], [ 120.234757674697789, -3.725793086748915 ], [ 120.233958174094923, -3.724331926372592 ], [ 120.233526982758548, -3.724798063688679 ], [ 120.233140707186379, -3.72442156818332 ], [ 120.233517999605709, -3.72414367854035 ], [ 120.233517999605709, -3.723838896250412 ], [ 120.235781754121689, -3.723444471953857 ], [ 120.236051248706914, -3.724027144147835 ], [ 120.2353505627853, -3.724313998009352 ] ] ] ] } },
{ "type": "Feature", "properties": { "FID": 332, "REMARK": "Tegalan/Ladang" }, "geometry": { "type": "Polygon", "coordinates": [ [ [ 120.304332193452836, -3.800317990885235 ], [ 120.30452982281534, -3.801169513444988 ], [ 120.304880165776169, -3.801474268683124 ], [ 120.304583721732385, -3.801689389962843 ], [ 120.304332193452836, -3.801501158846024 ], [ 120.304332193452836, -3.800317990885235 ] ] ] } },
{ "type": "Feature", "properties": { "FID": 333, "REMARK": "Tegalan/Ladang" }, "geometry": { "type": "Polygon", "coordinates": [ [ [ 120.302382849286317, -3.705874483404756 ], [ 120.302355899827802, -3.706125485702207 ], [ 120.30167318021185, -3.705686231634928 ], [ 120.301466567696508, -3.704978046046781 ], [ 120.301107241582841, -3.704610506467481 ], [ 120.302149287312432, -3.70262937586253 ], [ 120.303559642308514, -3.70088131576494 ], [ 120.304493890203972, -3.701517789328118 ], [ 120.304484907051133, -3.70241423019058 ], [ 120.304862199470477, -3.703050702651991 ], [ 120.304206429313069, -3.703310670145457 ], [ 120.303775237976694, -3.703696139046961 ], [ 120.303335063487467, -3.704960117290357 ], [ 120.302382849286317, -3.705874483404756 ] ] ] } },
{ "type": "Feature", "properties": { "FID": 334, "REMARK": "Tegalan/Ladang" }, "geometry": { "type": "Polygon", "coordinates": [ [ [ 120.28027531014412, -3.812176487206945 ], [ 120.281946176572603, -3.812059964606253 ], [ 120.282655845647042, -3.812167523930529 ], [ 120.282224654310667, -3.812570871276738 ], [ 120.282197704852152, -3.81279495305398 ], [ 120.282341435297596, -3.813036961307803 ], [ 120.282844491856693, -3.813144520509854 ], [ 120.283293649498773, -3.813081777643626 ], [ 120.284021284878889, -3.812570871276738 ], [ 120.284281796311305, -3.812561908004434 ], [ 120.284389594145395, -3.812893549017466 ], [ 120.284093150101626, -3.813592683706877 ], [ 120.28412908271298, -3.813933287580337 ], [ 120.284982482232905, -3.813485124560901 ], [ 120.285207061053924, -3.813601646968435 ], [ 120.285180111595409, -3.813906397805761 ], [ 120.287156405220472, -3.812624650908603 ], [ 120.289051850469974, -3.813897434547382 ], [ 120.288962018941561, -3.81514332656545 ], [ 120.289725586933059, -3.81489235565674 ], [ 120.290291525562054, -3.814121515978816 ], [ 120.290507121230249, -3.814148405746661 ], [ 120.290803565274004, -3.814551752163386 ], [ 120.290983228330816, -3.814515899156232 ], [ 120.291243739763232, -3.813906397805761 ], [ 120.291585099571193, -3.814076699697202 ], [ 120.292231886575763, -3.81491028215265 ], [ 120.292546296925195, -3.814981988132552 ], [ 120.29251934746668, -3.814076699697202 ], [ 120.293004437720086, -3.813789875439542 ], [ 120.293372746986591, -3.813888471288909 ], [ 120.293507494279211, -3.814058773183904 ], [ 120.293157151318383, -3.814247001554898 ], [ 120.29327393230534, -3.815197106036351 ], [ 120.292357650715545, -3.815815569709745 ], [ 120.292258836034293, -3.817886075288416 ], [ 120.293597325807625, -3.816962863460917 ], [ 120.293956651921263, -3.816442996169796 ], [ 120.294253095965018, -3.816604334328303 ], [ 120.294306994882064, -3.817186944092792 ], [ 120.294845984052543, -3.816900120873514 ], [ 120.295223276471873, -3.816953900234427 ], [ 120.295618535196894, -3.817518583320659 ], [ 120.29548378790426, -3.819284335971669 ], [ 120.295807181406559, -3.819598047991599 ], [ 120.295726333030984, -3.820046207821139 ], [ 120.295079546026415, -3.819723532767462 ], [ 120.29526819223608, -3.820234434879748 ], [ 120.294845984052543, -3.8205571097413 ], [ 120.294774118829821, -3.820826005366561 ], [ 120.294495641091743, -3.820592962496205 ], [ 120.294333944340579, -3.820099986984955 ], [ 120.294432759021859, -3.819732495965036 ], [ 120.294208180200812, -3.819203667148009 ], [ 120.294262079117857, -3.818477647393905 ], [ 120.293750039405921, -3.818047413175794 ], [ 120.293687157336038, -3.818253567098876 ], [ 120.294073432908192, -3.819598047991599 ], [ 120.29340867959796, -3.819571158394385 ], [ 120.292716976829183, -3.819167814335061 ], [ 120.292483414855312, -3.818630021961113 ], [ 120.291818661545051, -3.818343199223906 ], [ 120.291701880558122, -3.818379052071298 ], [ 120.292124088741673, -3.818907881396392 ], [ 120.292016290907554, -3.819436710395672 ], [ 120.291100009317773, -3.819311225577871 ], [ 120.290668817981384, -3.819436710395672 ], [ 120.290489154924558, -3.819293299173831 ], [ 120.290650851675707, -3.821856771149244 ], [ 120.28870150750916, -3.824769798184459 ], [ 120.288719473814865, -3.825773669822961 ], [ 120.287210304137517, -3.826929913377617 ], [ 120.286859961176731, -3.826643093416584 ], [ 120.287021657927866, -3.825872264295458 ], [ 120.286815045412524, -3.825119360763464 ], [ 120.286859961176731, -3.824599498414833 ], [ 120.286419786687489, -3.824205119871039 ], [ 120.286114359490895, -3.823523920140743 ], [ 120.285251976818131, -3.82273516188209 ], [ 120.285305875735176, -3.822018108290072 ], [ 120.284883667551654, -3.821265201373233 ], [ 120.28433569522835, -3.821085937724198 ], [ 120.284156032171509, -3.820350956371529 ], [ 120.283140935900477, -3.819875907113484 ], [ 120.28320381797036, -3.81933811518323 ], [ 120.282790592939648, -3.819069219091728 ], [ 120.282512115201584, -3.818513500235682 ], [ 120.282727710869764, -3.817868148854612 ], [ 120.282512115201584, -3.817240723435742 ], [ 120.282727710869764, -3.816649150478065 ], [ 120.284165015324348, -3.815788679994073 ], [ 120.284452476215293, -3.815331554698875 ], [ 120.283868571280593, -3.814874429160456 ], [ 120.283437379944232, -3.814793759922548 ], [ 120.283383481027187, -3.815134363319973 ], [ 120.283985352267536, -3.815403260643618 ], [ 120.283985352267536, -3.8157169740815 ], [ 120.283212801123199, -3.816245805046022 ], [ 120.282557030965791, -3.816209952109562 ], [ 120.282431266826009, -3.815950018275479 ], [ 120.282476182590216, -3.815295701724259 ], [ 120.282718727716926, -3.814748943675993 ], [ 120.283320598957303, -3.814471082895186 ], [ 120.283275683193096, -3.813762985660478 ], [ 120.282736694022603, -3.813377565401467 ], [ 120.282332452144757, -3.813377565401467 ], [ 120.282161772240784, -3.814220111790136 ], [ 120.281847361891323, -3.814264928064272 ], [ 120.281712614598703, -3.814076699697202 ], [ 120.28189227765553, -3.813718169360171 ], [ 120.281829395585646, -3.813538904135571 ], [ 120.28051785527083, -3.813081777643626 ], [ 120.280212428074236, -3.813287932758324 ], [ 120.27960157368102, -3.812821842863325 ], [ 120.279502758999769, -3.811907588873829 ], [ 120.28027531014412, -3.812176487206945 ] ], [ [ 120.289932199448415, -3.818477647393905 ], [ 120.289545923876233, -3.818522463445892 ], [ 120.289572873334762, -3.818889954983927 ], [ 120.289249479832478, -3.819140924724366 ], [ 120.290336441326261, -3.819257446364626 ], [ 120.290399323396159, -3.818674838005144 ], [ 120.290273559256377, -3.818513500235682 ], [ 120.289932199448415, -3.818477647393905 ] ] ] } },
{ "type": "Feature", "properties": { "FID": 335, "REMARK": "Tegalan/Ladang" }, "geometry": { "type": "Polygon", "coordinates": [ [ [ 120.301763011740263, -3.814901318904742 ], [ 120.301745045434586, -3.815089547091184 ], [ 120.300729949163525, -3.814838576166765 ], [ 120.299858583337922, -3.814282854573269 ], [ 120.300199943145913, -3.812974218433723 ], [ 120.300146044228853, -3.812355752715641 ], [ 120.30089164591466, -3.811934478710925 ], [ 120.301224022569798, -3.811432534946502 ], [ 120.301511483460715, -3.811513204499829 ], [ 120.301906742185722, -3.811970331825745 ], [ 120.302257085146522, -3.812821842863325 ], [ 120.30191572533856, -3.813745059140635 ], [ 120.301763011740263, -3.814901318904742 ] ] ] } },
{ "type": "Feature", "properties": { "FID": 336, "REMARK": "Tegalan/Ladang" }, "geometry": { "type": "Polygon", "coordinates": [ [ [ 120.262165274016269, -3.812499165095686 ], [ 120.262165274016269, -3.812750136703205 ], [ 120.262309004461727, -3.812042038050898 ], [ 120.262785111562323, -3.81180002951704 ], [ 120.262812061020853, -3.811988258382593 ], [ 120.262479684365701, -3.812427458908653 ], [ 120.263027656689033, -3.812543981459545 ], [ 120.26307257245324, -3.812812879593638 ], [ 120.263494780636762, -3.812857695941143 ], [ 120.263512746942453, -3.813377565401467 ], [ 120.263899022514636, -3.813601646968435 ], [ 120.263890039361797, -3.814004993641761 ], [ 120.263737325763472, -3.814273891318817 ], [ 120.263449864872555, -3.814390413619413 ], [ 120.263360033344156, -3.814668274426305 ], [ 120.26293782516062, -3.81489235565674 ], [ 120.262300021308889, -3.815869349138564 ], [ 120.260988480994072, -3.816156172702068 ], [ 120.26105136306397, -3.816980789913618 ], [ 120.260683053797479, -3.817115238296954 ], [ 120.260386609753724, -3.817464803995112 ], [ 120.260018300487218, -3.816801525369762 ], [ 120.260377626600885, -3.816801525369762 ], [ 120.260404576059415, -3.816658113707736 ], [ 120.260072199404277, -3.816523665252838 ], [ 120.259730839596315, -3.816066540348761 ], [ 120.25956914284518, -3.815349481185621 ], [ 120.259703890137786, -3.81527777523639 ], [ 120.259991351028702, -3.815528746032517 ], [ 120.260736952714524, -3.815555635756326 ], [ 120.260404576059415, -3.815161253056125 ], [ 120.260710003256008, -3.815080583845146 ], [ 120.260853733701467, -3.814381450366082 ], [ 120.261168144050899, -3.81456071541494 ], [ 120.262012560417972, -3.813162447042221 ], [ 120.261671200610024, -3.813350675609505 ], [ 120.261338823954873, -3.81386158151293 ], [ 120.261060346216809, -3.813700242839393 ], [ 120.260988480994072, -3.813386528665268 ], [ 120.261240009273621, -3.812893549017466 ], [ 120.261257975579312, -3.812364715990094 ], [ 120.261868829972514, -3.81180002951704 ], [ 120.262102391946385, -3.811342902100599 ], [ 120.262524600129908, -3.811549057632211 ], [ 120.262120358252062, -3.811925515431987 ], [ 120.262165274016269, -3.812499165095686 ] ] ] } },
{ "type": "Feature", "properties": { "FID": 337, "REMARK": "Tegalan/Ladang" }, "geometry": { "type": "Polygon", "coordinates": [ [ [ 120.261931712042411, -3.810482426304668 ], [ 120.261617301692965, -3.810733398500733 ], [ 120.261473571247492, -3.811100893369999 ], [ 120.261509503858875, -3.811808992797285 ], [ 120.260072199404277, -3.812284046516648 ], [ 120.259964401570173, -3.812373679264454 ], [ 120.260135081474161, -3.812445385455971 ], [ 120.260063216251424, -3.812561908004434 ], [ 120.259856603736083, -3.812543981459545 ], [ 120.259766772207669, -3.812328862891719 ], [ 120.25954219338665, -3.812651540723274 ], [ 120.259317614565632, -3.812561908004434 ], [ 120.259515243928135, -3.811916552152955 ], [ 120.260018300487218, -3.811782102956267 ], [ 120.260314744530973, -3.811208452814228 ], [ 120.260665087491802, -3.811342902100599 ], [ 120.261105261981015, -3.810607912411852 ], [ 120.261743065832746, -3.810383830064753 ], [ 120.261931712042411, -3.810482426304668 ] ] ] } },
{ "type": "Feature", "properties": { "FID": 338, "REMARK": "Tegalan/Ladang" }, "geometry": { "type": "Polygon", "coordinates": [ [ [ 120.245923733679405, -3.811127783232317 ], [ 120.246759166893639, -3.811692470146796 ], [ 120.246022548360656, -3.811620763892493 ], [ 120.24586983476236, -3.811504241216499 ], [ 120.24586983476236, -3.811172599667645 ], [ 120.245672205399856, -3.811172599667645 ], [ 120.245492542343001, -3.811665580302133 ], [ 120.245923733679405, -3.812024111495171 ], [ 120.245923733679405, -3.812212340311675 ], [ 120.245214064604937, -3.812490201822633 ], [ 120.245223047757776, -3.812678430537103 ], [ 120.246076447277702, -3.813323785816702 ], [ 120.247001712020349, -3.813207263371504 ], [ 120.248277319723798, -3.813655426535814 ], [ 120.248501898544816, -3.814408340125795 ], [ 120.24673221743511, -3.814704127427101 ], [ 120.246040514666333, -3.814605531671311 ], [ 120.245564407565737, -3.815062657352787 ], [ 120.245151182535054, -3.81524192225953 ], [ 120.245016435242434, -3.815564598997407 ], [ 120.244540328141866, -3.815618378441938 ], [ 120.244423547154909, -3.815474966582376 ], [ 120.244504395530498, -3.815197106036351 ], [ 120.245043384700963, -3.815035767613551 ], [ 120.245384744508911, -3.814659311175872 ], [ 120.245420677120279, -3.814273891318817 ], [ 120.245941699985082, -3.814040846670229 ], [ 120.246040514666333, -3.813565793921645 ], [ 120.245941699985082, -3.813359638873586 ], [ 120.245537458107208, -3.813063851109577 ], [ 120.245097283618009, -3.813081777643626 ], [ 120.244136086263993, -3.814614494922305 ], [ 120.243893541137282, -3.814695164177043 ], [ 120.243758793844663, -3.814578641917769 ], [ 120.244100153652624, -3.814273891318817 ], [ 120.244612193364588, -3.813198300105834 ], [ 120.244926603714021, -3.812221303587623 ], [ 120.244998468936757, -3.810957480756771 ], [ 120.245429660273118, -3.8103479768838 ], [ 120.245923733679405, -3.811127783232317 ] ] ] } },
{ "type": "Feature", "properties": { "FID": 339, "REMARK": "Tegalan/Ladang" }, "geometry": { "type": "Polygon", "coordinates": [ [ [ 120.221399726422931, -3.806439971205094 ], [ 120.222702283584894, -3.80889592179966 ], [ 120.223232289602535, -3.809263417453789 ], [ 120.223393986353685, -3.809263417453789 ], [ 120.223654497786072, -3.808922811730894 ], [ 120.223780261925839, -3.807300451042859 ], [ 120.224714509821325, -3.806637164577197 ], [ 120.225172650616244, -3.806556494566795 ], [ 120.224409082624732, -3.80774861728444 ], [ 120.224301284790641, -3.808725618882338 ], [ 120.223897042912768, -3.809478536788262 ], [ 120.224094672275299, -3.809630912950977 ], [ 120.224741459279855, -3.809128967842434 ], [ 120.225298414756026, -3.807470754242142 ], [ 120.226304527874234, -3.806422044532664 ], [ 120.227175893699808, -3.806081437685589 ], [ 120.228388619333373, -3.806341374502111 ], [ 120.229035406337943, -3.806870211231463 ], [ 120.230023553150488, -3.808402939578157 ], [ 120.229798974329455, -3.808591169186965 ], [ 120.229259985158976, -3.808340196366073 ], [ 120.229511513438524, -3.808098186790909 ], [ 120.229520496591363, -3.807892030432472 ], [ 120.228909642198175, -3.807192891110164 ], [ 120.22861319815442, -3.807148074467576 ], [ 120.228505400320302, -3.8080175169174 ], [ 120.22885574328113, -3.808062333514727 ], [ 120.228792861211247, -3.808770435442796 ], [ 120.22909828840784, -3.808922811730894 ], [ 120.229430665062949, -3.809397867044137 ], [ 120.229906772163545, -3.809550243221136 ], [ 120.230068468914695, -3.809837068892873 ], [ 120.230005586844797, -3.810339013588329 ], [ 120.229736092259571, -3.810258343924881 ], [ 120.229583378661246, -3.809846032193575 ], [ 120.229053372643634, -3.809917738595822 ], [ 120.229475580827156, -3.81057205924024 ], [ 120.229358799840227, -3.811253269245353 ], [ 120.229682193342498, -3.812427458908653 ], [ 120.228837776975453, -3.812481238549488 ], [ 120.22854133293167, -3.812051001328622 ], [ 120.228352686722005, -3.809774325785352 ], [ 120.228442518250418, -3.807130147809888 ], [ 120.228235905735076, -3.806565457901657 ], [ 120.227786748093024, -3.806422044532664 ], [ 120.227418438826518, -3.806386191186685 ], [ 120.226726736057756, -3.806753687912213 ], [ 120.224867223419622, -3.81017767425387 ], [ 120.224858240266784, -3.812965255165624 ], [ 120.224669594057119, -3.813816765217763 ], [ 120.224382133166216, -3.814291817827629 ], [ 120.223834160842884, -3.814318707590147 ], [ 120.223501784187775, -3.814139442490806 ], [ 120.222342957471255, -3.813296896023058 ], [ 120.22215431126159, -3.812983181701729 ], [ 120.222136344955914, -3.812508128368644 ], [ 120.22180396830079, -3.811665580302133 ], [ 120.223223306449697, -3.811423571662333 ], [ 120.223429918965039, -3.811226379386958 ], [ 120.223358053742317, -3.811038150354654 ], [ 120.222729233043424, -3.810751325083364 ], [ 120.222208210178636, -3.810733398500733 ], [ 120.221507524257021, -3.811100893369999 ], [ 120.220995484545085, -3.811029187066374 ], [ 120.220591242667211, -3.809863958794696 ], [ 120.220303781776295, -3.809469573483733 ], [ 120.220276832317779, -3.808860068556708 ], [ 120.219342584422293, -3.80788306711142 ], [ 120.219073089837053, -3.806950881212475 ], [ 120.218794612098989, -3.806592347905684 ], [ 120.218552066972279, -3.806628201243081 ], [ 120.217806465286458, -3.807443864265548 ], [ 120.217617819076793, -3.808582205873194 ], [ 120.218102909330199, -3.809155857766386 ], [ 120.218731730029106, -3.809415793654596 ], [ 120.218444269138189, -3.809406830349413 ], [ 120.218489184902396, -3.809604023041871 ], [ 120.219630045313224, -3.809577133131923 ], [ 120.220106152413791, -3.810052188083928 ], [ 120.219791742064359, -3.810356940179178 ], [ 120.219055123531376, -3.810365903474463 ], [ 120.218507151208073, -3.810697545334349 ], [ 120.218677831112061, -3.810867847861361 ], [ 120.219091056142744, -3.810912664310233 ], [ 120.220402596457546, -3.810616875704523 ], [ 120.22083378779395, -3.811307048959621 ], [ 120.21820172401145, -3.811324975530296 ], [ 120.218040027260315, -3.811127783232317 ], [ 120.218444269138189, -3.81043760983338 ], [ 120.218237656622819, -3.810455536422175 ], [ 120.217887313662018, -3.810930590889128 ], [ 120.2180130778018, -3.810258343924881 ], [ 120.217761549522251, -3.809944628495123 ], [ 120.217590869618263, -3.810025298187987 ], [ 120.217465105478496, -3.810679618750598 ], [ 120.217213577198947, -3.810697545334349 ], [ 120.217312391880199, -3.809639876253825 ], [ 120.216692554334145, -3.809451646874395 ], [ 120.216683571181306, -3.808752508818893 ], [ 120.217375273950083, -3.807354231004165 ], [ 120.218049010413154, -3.806547531231839 ], [ 120.219037157225699, -3.805624307231755 ], [ 120.220187000789366, -3.80509546973739 ], [ 120.220878703558142, -3.805203029932038 ], [ 120.221094299226337, -3.805409186934237 ], [ 120.221399726422931, -3.806439971205094 ] ] ] } },
{ "type": "Feature", "properties": { "FID": 340, "REMARK": "Tegalan/Ladang" }, "geometry": { "type": "Polygon", "coordinates": [ [ [ 120.26982057037911, -3.81484744794389 ], [ 120.270366892560276, -3.815188142791435 ], [ 120.270393842018805, -3.816102393291207 ], [ 120.26961230772163, -3.816891157646368 ], [ 120.269459594123333, -3.816469885864986 ], [ 120.26872297559035, -3.815779716755328 ], [ 120.268561278839215, -3.815268811992316 ], [ 120.267797710847702, -3.815071620599013 ], [ 120.267384485817018, -3.815439113613746 ], [ 120.267788727694864, -3.815878312376373 ], [ 120.267303637441444, -3.815600451960802 ], [ 120.267213805913045, -3.814847539415328 ], [ 120.267402452122695, -3.814175295513665 ], [ 120.266620917825506, -3.814076699697202 ], [ 120.266198709641984, -3.813449271509253 ], [ 120.265803450916948, -3.813323785816702 ], [ 120.265983113973775, -3.812337826166452 ], [ 120.265417175344794, -3.812543981459545 ], [ 120.264959034549904, -3.813072814376648 ], [ 120.264590725283398, -3.813171410308266 ], [ 120.264321230698158, -3.813019034772818 ], [ 120.264285298086804, -3.812400569086974 ], [ 120.26463564104759, -3.811862772476802 ], [ 120.264024786654403, -3.811934478710925 ], [ 120.263890039361797, -3.811728323271706 ], [ 120.263997837195888, -3.811351865385609 ], [ 120.26479733779874, -3.811181562954431 ], [ 120.265048866078303, -3.810921627599727 ], [ 120.264348180156688, -3.809846032193575 ], [ 120.264375129615203, -3.809595059738649 ], [ 120.26468953996465, -3.809362013822099 ], [ 120.264698523117488, -3.809191710997014 ], [ 120.263908005667474, -3.809335123904589 ], [ 120.26366546054075, -3.810168710956623 ], [ 120.26304562299471, -3.810401756654669 ], [ 120.262767145256646, -3.810132857766705 ], [ 120.262856976785059, -3.809944628495123 ], [ 120.26353071324813, -3.809720545975261 ], [ 120.26406970241861, -3.808429829524794 ], [ 120.263279184968582, -3.807390084309838 ], [ 120.263952921431681, -3.807067404505039 ], [ 120.264923101938535, -3.807094294493391 ], [ 120.265174630218084, -3.806502714555661 ], [ 120.265947181362407, -3.806959844543232 ], [ 120.265507006873193, -3.806395154523319 ], [ 120.265533956331723, -3.805982840941559 ], [ 120.266180743336292, -3.806197961095801 ], [ 120.266324473781751, -3.805982840941559 ], [ 120.266279558017544, -3.805480893706045 ], [ 120.266674816742551, -3.805427113627748 ], [ 120.267168890148838, -3.804826569192022 ], [ 120.268246868489754, -3.8049968728805 ], [ 120.269270947913654, -3.80491620271647 ], [ 120.269765021319927, -3.803930233434671 ], [ 120.270384858865967, -3.803840599807653 ], [ 120.270699269215427, -3.80358962560241 ], [ 120.270887915425078, -3.803150420567367 ], [ 120.270672319756898, -3.802908409534052 ], [ 120.270816050202356, -3.802352680237433 ], [ 120.271328089914292, -3.802845665921729 ], [ 120.271992843224552, -3.802496094283761 ], [ 120.27168741602793, -3.801528049008085 ], [ 120.271274190997246, -3.801088842922748 ], [ 120.27147182035975, -3.800864758099153 ], [ 120.272235388351262, -3.801528049008085 ], [ 120.272289287268308, -3.801940364721347 ], [ 120.273493029749019, -3.802092742217655 ], [ 120.274328462963254, -3.801752133659318 ], [ 120.274705755382584, -3.802083778836264 ], [ 120.275379491845683, -3.801698353348334 ], [ 120.27553220544398, -3.801841767503505 ], [ 120.275505255985451, -3.802424387263579 ], [ 120.275675935889439, -3.802531947791615 ], [ 120.275954413627503, -3.802433350641428 ], [ 120.276196958754213, -3.803347614692418 ], [ 120.276502385950835, -3.802603654802849 ], [ 120.276915610981519, -3.802684325183359 ], [ 120.277256970789466, -3.803706149349648 ], [ 120.277751044195753, -3.804441144930631 ], [ 120.277804943112798, -3.805525710435393 ], [ 120.278649359479871, -3.806269667801941 ], [ 120.278667325785563, -3.806431007868925 ], [ 120.278397831200309, -3.806475824548836 ], [ 120.277400701234953, -3.806144181062277 ], [ 120.278164269226437, -3.806923991219644 ], [ 120.277858842029843, -3.806897101225973 ], [ 120.276978493051402, -3.806368264513134 ], [ 120.276924594134357, -3.806520641226413 ], [ 120.277212055025274, -3.80679850457533 ], [ 120.276493402797982, -3.806789541242892 ], [ 120.276349672352538, -3.806968807873895 ], [ 120.276852728911635, -3.807148074467576 ], [ 120.277867825182682, -3.807201854438402 ], [ 120.278056471392347, -3.807309414369975 ], [ 120.278020538780979, -3.807416974288113 ], [ 120.277382734929276, -3.807479717567487 ], [ 120.276520352256512, -3.80723770775042 ], [ 120.276170009295683, -3.807793433895767 ], [ 120.275711868500792, -3.807533497517597 ], [ 120.275631020125232, -3.807739653961896 ], [ 120.274966266814971, -3.80783825050476 ], [ 120.275828649487735, -3.808447756155416 ], [ 120.276259840824125, -3.809326160598566 ], [ 120.276825779453105, -3.809559206524826 ], [ 120.277023408815609, -3.809568169828421 ], [ 120.277131206649699, -3.809353050516356 ], [ 120.277301886553673, -3.80832226973321 ], [ 120.27766121266734, -3.808376049630682 ], [ 120.277777993654283, -3.808044406876077 ], [ 120.278568511104311, -3.809236527533199 ], [ 120.278424780658824, -3.810563095947102 ], [ 120.278694275244078, -3.810339013588329 ], [ 120.27927818017875, -3.810491389598645 ], [ 120.279754287279346, -3.810240417331977 ], [ 120.279969882947526, -3.809863958794696 ], [ 120.279619539986712, -3.809478536788262 ], [ 120.280077680781616, -3.809128967842434 ], [ 120.280886164537336, -3.809084151300649 ], [ 120.281416170554948, -3.80928134406705 ], [ 120.282062957559532, -3.808806288689481 ], [ 120.282053974406693, -3.808134040065597 ], [ 120.281622783070304, -3.807390084309838 ], [ 120.281946176572603, -3.80664612791122 ], [ 120.2824492331317, -3.807022587855919 ], [ 120.282233637463506, -3.80811611342844 ], [ 120.282682795105558, -3.807201854438402 ], [ 120.282835508703855, -3.807192891110164 ], [ 120.282952289690783, -3.807390084309838 ], [ 120.282943306537945, -3.807712763993699 ], [ 120.282404317367494, -3.808349159682365 ], [ 120.282233637463506, -3.809021408138227 ], [ 120.282907373926591, -3.809164821074183 ], [ 120.28309602013627, -3.808376049630682 ], [ 120.283652975612412, -3.807999590277817 ], [ 120.283796706057871, -3.807461790916704 ], [ 120.283958402809006, -3.807363194330725 ], [ 120.284272813158466, -3.807578314140123 ], [ 120.284308745769835, -3.807802397217753 ], [ 120.283850604974916, -3.808591169186965 ], [ 120.283221784276051, -3.809039334756528 ], [ 120.283455346249909, -3.809191710997014 ], [ 120.283877554433431, -3.809066224683281 ], [ 120.284272813158466, -3.808680802319548 ], [ 120.284748920259034, -3.80765002073131 ], [ 120.285081296914157, -3.807327341023932 ], [ 120.285099263219834, -3.807784470573688 ], [ 120.284623156119267, -3.808367086314669 ], [ 120.28471298764768, -3.808600132500643 ], [ 120.285539437709076, -3.808008553597655 ], [ 120.285674185001682, -3.808071296833913 ], [ 120.285692151307373, -3.808429829524794 ], [ 120.286177241560779, -3.808223673245785 ], [ 120.286716230731273, -3.808456719470588 ], [ 120.286563517132976, -3.808716655569967 ], [ 120.285548420861915, -3.808922811730894 ], [ 120.285180111595409, -3.809227564226149 ], [ 120.285871814364185, -3.809236527533199 ], [ 120.28616825840794, -3.809559206524826 ], [ 120.286626399202859, -3.809057261374456 ], [ 120.286931826399453, -3.809048298065539 ], [ 120.287210304137517, -3.809335123904589 ], [ 120.287147422067633, -3.809604023041871 ], [ 120.286482668757401, -3.809586096435332 ], [ 120.286123342643734, -3.810025298187987 ], [ 120.286464702451724, -3.810213527441919 ], [ 120.287111489456265, -3.810007371590226 ], [ 120.287704377543804, -3.810303160405508 ], [ 120.28754268079264, -3.810921627599727 ], [ 120.287398950347182, -3.810518279480017 ], [ 120.286653348661375, -3.810410719949487 ], [ 120.286446736146033, -3.810975407334733 ], [ 120.286285039394869, -3.811020223778001 ], [ 120.28581791544714, -3.810706508626084 ], [ 120.285746050224418, -3.810213527441919 ], [ 120.284452476215293, -3.809415793654596 ], [ 120.284012301726051, -3.809604023041871 ], [ 120.283158902206154, -3.809460610179111 ], [ 120.281802446127116, -3.809595059738649 ], [ 120.281568884153245, -3.810401756654669 ], [ 120.281317355873711, -3.810643765581972 ], [ 120.281092777052677, -3.810589985826234 ], [ 120.280814299314613, -3.810222490738698 ], [ 120.280221411227075, -3.810195600848081 ], [ 120.27983513565492, -3.81050035289253 ], [ 120.280445990048108, -3.811056076930934 ], [ 120.28051785527083, -3.811665580302133 ], [ 120.280068697628778, -3.811575947480518 ], [ 120.279637506292417, -3.810939554178436 ], [ 120.279394961165679, -3.811172599667645 ], [ 120.27914343288613, -3.810787178247504 ], [ 120.279017668746363, -3.811020223778001 ], [ 120.279062584510569, -3.811916552152955 ], [ 120.278730207855446, -3.812812879593638 ], [ 120.278236134449173, -3.813341712345331 ], [ 120.277777993654283, -3.814202185279829 ], [ 120.277337819165041, -3.814480046147583 ], [ 120.276304756588331, -3.814220111790136 ], [ 120.276143059837167, -3.814067736440599 ], [ 120.276152042990006, -3.813798838699042 ], [ 120.276196958754213, -3.813538904135571 ], [ 120.276807813147428, -3.813135557243531 ], [ 120.277104257191169, -3.812660503994643 ], [ 120.27766121266734, -3.81094851746765 ], [ 120.277221038178112, -3.811298085674144 ], [ 120.276789846841737, -3.81215856065402 ], [ 120.27628679028264, -3.81238264253872 ], [ 120.275783733723529, -3.812391605812894 ], [ 120.274741687993938, -3.813332749081063 ], [ 120.274148799906442, -3.813458234772304 ], [ 120.273663709652993, -3.813099704177302 ], [ 120.272567765006372, -3.812947328629145 ], [ 120.27260369761774, -3.813395491928974 ], [ 120.273537945513226, -3.813897434547382 ], [ 120.274193715670648, -3.815062657352787 ], [ 120.275226778247387, -3.815448076856042 ], [ 120.274597957548494, -3.81495509839079 ], [ 120.274571008089964, -3.814578641917769 ], [ 120.274139816753603, -3.814327670844132 ], [ 120.273969136849615, -3.814049809927114 ], [ 120.274032018919499, -3.813897434547382 ], [ 120.275163896177503, -3.813825728476984 ], [ 120.276026278850225, -3.814040846670229 ], [ 120.276205941907051, -3.814372487112657 ], [ 120.275945430474664, -3.814605531671311 ], [ 120.275927464168987, -3.814883392408644 ], [ 120.276178992448521, -3.815376370915041 ], [ 120.276520352256512, -3.815403260643618 ], [ 120.276673065854808, -3.815089547091184 ], [ 120.276295773435493, -3.81491028215265 ], [ 120.276349672352538, -3.814480046147583 ], [ 120.276960526745725, -3.814578641917769 ], [ 120.277472566457689, -3.815053694106469 ], [ 120.277535448527573, -3.814632421424013 ], [ 120.27803850508667, -3.814255964809631 ], [ 120.278343932283263, -3.813637500013728 ], [ 120.278954786676465, -3.813296896023058 ], [ 120.279215298108866, -3.812723246891617 ], [ 120.279502758999769, -3.812848732671828 ], [ 120.279376994860002, -3.813359638873586 ], [ 120.279053601357717, -3.813485124560901 ], [ 120.279215298108866, -3.814327670844132 ], [ 120.278577494257149, -3.815833496186392 ], [ 120.278891904606581, -3.816371290311844 ], [ 120.279305129637265, -3.816693966625488 ], [ 120.27914343288613, -3.817348282111537 ], [ 120.279466826388415, -3.818217714246243 ], [ 120.279448860082724, -3.818836175744286 ], [ 120.279242247567382, -3.819194703944913 ], [ 120.278595460562826, -3.819598047991599 ], [ 120.27790375779405, -3.821103864090788 ], [ 120.277580364291779, -3.82078118943487 ], [ 120.277005442509932, -3.821050084989896 ], [ 120.276996459357079, -3.821417575445457 ], [ 120.277274937095157, -3.821677507623841 ], [ 120.277068324579815, -3.821802992095558 ], [ 120.277274937095157, -3.822027071463672 ], [ 120.277158156108229, -3.822555898540296 ], [ 120.27768816212587, -3.823093688453248 ], [ 120.277526465374734, -3.823523920140743 ], [ 120.277813926265637, -3.823873483227855 ], [ 120.277724094737223, -3.824429198611365 ], [ 120.277265953942319, -3.82478772447403 ], [ 120.277167139261067, -3.823559772771622 ], [ 120.277472566457689, -3.823344656963858 ], [ 120.277158156108229, -3.823057835802878 ], [ 120.276951543592872, -3.823057835802878 ], [ 120.276861712064473, -3.823263988522031 ], [ 120.276798829994576, -3.82472498245889 ], [ 120.275891531557619, -3.825029729346543 ], [ 120.27577475057069, -3.824832540196318 ], [ 120.276134076684329, -3.822986130497641 ], [ 120.27518186248318, -3.8247429087494 ], [ 120.274993216273486, -3.824034819989215 ], [ 120.274391345033152, -3.823362583283234 ], [ 120.274993216273486, -3.822824793538934 ], [ 120.275208811941695, -3.82182091844716 ], [ 120.275074064649061, -3.821292090917357 ], [ 120.275298643470109, -3.821211422282456 ], [ 120.275801700029206, -3.821381722725016 ], [ 120.276412554422421, -3.821050084989896 ], [ 120.276403571269583, -3.820906674037703 ], [ 120.275738817959322, -3.82071844712657 ], [ 120.275361525539992, -3.820377845944309 ], [ 120.275038132037693, -3.820324066797908 ], [ 120.275020165732016, -3.820189618917158 ], [ 120.275343559234315, -3.820064134209451 ], [ 120.275478306526935, -3.819777311951501 ], [ 120.275918481016134, -3.819678716778189 ], [ 120.276403571269583, -3.819096108704669 ], [ 120.276628150090602, -3.818405941705859 ], [ 120.274966266814971, -3.819535305596787 ], [ 120.273412181373445, -3.819992428653952 ], [ 120.27360082758311, -3.819490489597684 ], [ 120.273978120002454, -3.819042329477945 ], [ 120.275074064649061, -3.81845075776159 ], [ 120.275828649487735, -3.81845075776159 ], [ 120.275828649487735, -3.81762614196165 ], [ 120.275460340221244, -3.817240723435742 ], [ 120.275433390762728, -3.816855304736849 ], [ 120.275972379933179, -3.816200988875214 ], [ 120.275648986430909, -3.816084466820171 ], [ 120.274705755382584, -3.816254768279904 ], [ 120.274436260797344, -3.817106275072053 ], [ 120.274912367897926, -3.817733700589165 ], [ 120.274894401592235, -3.817984670667637 ], [ 120.274705755382584, -3.818083266035537 ], [ 120.273690659111523, -3.817240723435742 ], [ 120.274094900989397, -3.816559518176202 ], [ 120.274445243950197, -3.816317510914451 ], [ 120.274274564046209, -3.815869349138564 ], [ 120.273969136849615, -3.815815569709745 ], [ 120.273403198220606, -3.816855304736849 ], [ 120.273151669941058, -3.816953900234427 ], [ 120.273142686788219, -3.816326474147583 ], [ 120.272963023731407, -3.815967944749321 ], [ 120.273439130831974, -3.815788679994073 ], [ 120.273555911818903, -3.815600451960802 ], [ 120.273493029749019, -3.815358444428855 ], [ 120.273232518316632, -3.815215032525903 ], [ 120.272738444910345, -3.815268811992316 ], [ 120.272450984019443, -3.815743863799415 ], [ 120.272145556822849, -3.815295701724259 ], [ 120.271732331792165, -3.815295701724259 ], [ 120.271516736123957, -3.815591488720094 ], [ 120.27133707306713, -3.816550554945501 ], [ 120.270825033355194, -3.816720856312819 ], [ 120.270654353451221, -3.816084466820171 ], [ 120.271004696412021, -3.815743863799415 ], [ 120.27122927523304, -3.815197106036351 ], [ 120.271148426857465, -3.814184258769147 ], [ 120.270995713259168, -3.813942250838342 ], [ 120.269827903389825, -3.813305859287701 ], [ 120.269908751765385, -3.813135557243531 ], [ 120.270375875713114, -3.812992144969643 ], [ 120.270690286062575, -3.812131670823932 ], [ 120.271462837206911, -3.811934478710925 ], [ 120.270537572464264, -3.812077891161234 ], [ 120.269899768612547, -3.812866659210363 ], [ 120.269414678359112, -3.812741173432769 ], [ 120.269279931066492, -3.812373679264454 ], [ 120.268983487022737, -3.812194413759496 ], [ 120.268731958743189, -3.812355752715641 ], [ 120.268058222280089, -3.812328862891719 ], [ 120.267573132026683, -3.811226379386958 ], [ 120.267689913013612, -3.81088577444119 ], [ 120.268201952725548, -3.810607912411852 ], [ 120.268076188585781, -3.810625838997099 ], [ 120.267276687982928, -3.81113674651957 ], [ 120.26734855320565, -3.811647653738557 ], [ 120.267932458140322, -3.812472275276249 ], [ 120.268794840813072, -3.812687393808193 ], [ 120.26961230772163, -3.813287932758324 ], [ 120.270384858865967, -3.814659311175872 ], [ 120.270304010490392, -3.814820649669358 ], [ 120.26982057037911, -3.81484744794389 ] ], [ [ 120.269815021475708, -3.814843987563064 ], [ 120.269199082690918, -3.814282854573269 ], [ 120.26885772288297, -3.814247001554898 ], [ 120.269815021475708, -3.814843987563064 ] ], [ [ 120.274579991242803, -3.811244305959315 ], [ 120.274274564046209, -3.811522167783064 ], [ 120.274364395574622, -3.811916552152955 ], [ 120.274094900989397, -3.811997221660878 ], [ 120.274696772229746, -3.812122707547049 ], [ 120.27564000327807, -3.811835882637464 ], [ 120.275945430474664, -3.811522167783064 ], [ 120.276026278850225, -3.811082966794653 ], [ 120.275837632640574, -3.810849921281158 ], [ 120.275442373915567, -3.810715471917727 ], [ 120.275101014107605, -3.811082966794653 ], [ 120.274579991242803, -3.811244305959315 ] ], [ [ 120.274076934683706, -3.810088041277206 ], [ 120.27384337270982, -3.810321086997105 ], [ 120.273502012901858, -3.810123894468993 ], [ 120.273475063443342, -3.810392793359758 ], [ 120.273609810735948, -3.810957480756771 ], [ 120.273834389556981, -3.810966444045798 ], [ 120.274202698823487, -3.811307048959621 ], [ 120.274355412421784, -3.810652728874269 ], [ 120.274759654299629, -3.810679618750598 ], [ 120.275568138055334, -3.809944628495123 ], [ 120.275738817959322, -3.809532316613478 ], [ 120.275074064649061, -3.809003481519551 ], [ 120.274220665129164, -3.809021408138227 ], [ 120.274076934683706, -3.810088041277206 ] ], [ [ 120.270241128420508, -3.805445040320886 ], [ 120.270375875713114, -3.806144181062277 ], [ 120.269944684376753, -3.806009730963777 ], [ 120.269360779442067, -3.806090401025396 ], [ 120.270043499058005, -3.807067404505039 ], [ 120.270726218673943, -3.80738112098356 ], [ 120.270600454534176, -3.806789541242892 ], [ 120.270654353451221, -3.806628201243081 ], [ 120.270932831189285, -3.806619237908872 ], [ 120.270851982813724, -3.806036620985156 ], [ 120.270456724088689, -3.805301626765331 ], [ 120.270241128420508, -3.805445040320886 ] ], [ [ 120.269396712053421, -3.811513204499829 ], [ 120.268785857660234, -3.811647653738557 ], [ 120.26872297559035, -3.8117910662367 ], [ 120.269019419634105, -3.811988258382593 ], [ 120.269423661511979, -3.811952405268521 ], [ 120.269782987625618, -3.812257156690483 ], [ 120.269603324568791, -3.811692470146796 ], [ 120.269396712053421, -3.811513204499829 ] ], [ [ 120.26837263262955, -3.806197961095801 ], [ 120.268525346227847, -3.805543637126481 ], [ 120.267429401581225, -3.806045584325429 ], [ 120.267106008078926, -3.806941917881625 ], [ 120.267231772218722, -3.807336304350771 ], [ 120.267501266803947, -3.807416974288113 ], [ 120.268363649476711, -3.807210817766546 ], [ 120.26837263262955, -3.806197961095801 ] ], [ [ 120.266225659100499, -3.807354231004165 ], [ 120.265363276427749, -3.808107150109722 ], [ 120.265093781842509, -3.809415793654596 ], [ 120.265462091109001, -3.809962555094191 ], [ 120.266629900978344, -3.810383830064753 ], [ 120.266683799895389, -3.809926701895682 ], [ 120.266944311327777, -3.809639876253825 ], [ 120.266962277633468, -3.808833178623515 ], [ 120.267438384734064, -3.808376049630682 ], [ 120.2669263450221, -3.808340196366073 ], [ 120.266737698812435, -3.809326160598566 ], [ 120.266378372698796, -3.810070114680754 ], [ 120.265740568847065, -3.809890848695679 ], [ 120.265426158497633, -3.809272380760466 ], [ 120.2661358275721, -3.808107150109722 ], [ 120.266225659100499, -3.807354231004165 ] ] ] } },
{ "type": "Feature", "properties": { "FID": 341, "REMARK": "Tegalan/Ladang" }, "geometry": { "type": "Polygon", "coordinates": [ [ [ 120.069665291782286, -3.854688252199289 ], [ 120.070824118498834, -3.854903360110263 ], [ 120.070842084804511, -3.855297724472378 ], [ 120.070374960856753, -3.855566609159854 ], [ 120.070374960856753, -3.855952010396932 ], [ 120.070734286970392, -3.856301560205036 ], [ 120.071470905503375, -3.85653459333058 ], [ 120.071569720184627, -3.856848291667919 ], [ 120.071479888656228, -3.857197841107415 ], [ 120.071210394070988, -3.857681832401655 ], [ 120.070428859773799, -3.857968641927414 ], [ 120.070096483118689, -3.856946882550025 ], [ 120.070015634743115, -3.85766390680308 ], [ 120.069755123310728, -3.857726646396436 ], [ 120.069332915127177, -3.857144064279926 ], [ 120.069296982515809, -3.856516667707807 ], [ 120.068775959651035, -3.856220894877462 ], [ 120.068982572166377, -3.857296431948968 ], [ 120.069332915127177, -3.858022418702714 ], [ 120.069350881432854, -3.858909735003725 ], [ 120.068686128122621, -3.859716385382133 ], [ 120.068524431371458, -3.859770162046787 ], [ 120.068210021022026, -3.85957298092641 ], [ 120.067742897074297, -3.859662608714075 ], [ 120.068111206340774, -3.859958380346255 ], [ 120.067931543283947, -3.860334816820038 ], [ 120.068362734620322, -3.860325854048791 ], [ 120.068362734620322, -3.860675402057277 ], [ 120.068560363982854, -3.860738141428184 ], [ 120.068407650384529, -3.861491013517408 ], [ 120.068946639555008, -3.862602394904861 ], [ 120.068838841720918, -3.862942979232245 ], [ 120.069234100445925, -3.863068457634191 ], [ 120.069503595031151, -3.863659998421986 ], [ 120.070114449424366, -3.864170874224976 ], [ 120.070410893468122, -3.864708637895723 ], [ 120.070276146175502, -3.864771376968435 ], [ 120.068704094428298, -3.863453855466998 ], [ 120.067185941598126, -3.863319414382413 ], [ 120.066718817650397, -3.862853351790924 ], [ 120.066368474689597, -3.862987792949355 ], [ 120.065838468671956, -3.863758588513187 ], [ 120.066018131728768, -3.86418879968616 ], [ 120.065928300200355, -3.865300177539727 ], [ 120.066215761091271, -3.865578021775551 ], [ 120.066682885039029, -3.865336028413982 ], [ 120.06748238564191, -3.865488394612652 ], [ 120.067509335100425, -3.865712462502138 ], [ 120.067132042681081, -3.866259187903982 ], [ 120.067257806820848, -3.866581845352754 ], [ 120.067123059528242, -3.867110644794895 ], [ 120.067392554113468, -3.867415376526974 ], [ 120.069009521624892, -3.867657369294987 ], [ 120.069853937991979, -3.867469152703616 ], [ 120.070374960856753, -3.867809735076437 ], [ 120.070931916332924, -3.86772010814949 ], [ 120.071228360376679, -3.868589488940882 ], [ 120.07120141091815, -3.869584346277794 ], [ 120.071111579389736, -3.869638122316776 ], [ 120.070797169040276, -3.86920791390933 ], [ 120.070231230411295, -3.869001772303339 ], [ 120.069377830891383, -3.868939033543733 ], [ 120.06880290910955, -3.869198951231852 ], [ 120.068093240035097, -3.868983846943925 ], [ 120.067742897074297, -3.869109324451853 ], [ 120.067572217170309, -3.86932442870792 ], [ 120.067814762297019, -3.869566420930707 ], [ 120.067635099240206, -3.87052542646705 ], [ 120.067203907903803, -3.870570239783313 ], [ 120.066970345929946, -3.870973559522958 ], [ 120.066754750261751, -3.870946671546291 ], [ 120.066449323065157, -3.871645758662127 ], [ 120.066898480707209, -3.871583020098385 ], [ 120.067428486724864, -3.872084928478139 ], [ 120.067715947615767, -3.872640612408601 ], [ 120.067167975292449, -3.872757126734853 ], [ 120.067176958445287, -3.872945342151068 ], [ 120.067841711755548, -3.873169408068177 ], [ 120.067931543283947, -3.873447249723002 ], [ 120.067536284558955, -3.873904343859866 ], [ 120.066718817650397, -3.873787829691564 ], [ 120.065973215964561, -3.874110484272172 ], [ 120.067904593825432, -3.874881269716646 ], [ 120.068578330288531, -3.873850568091874 ], [ 120.069521561336828, -3.874298699387369 ], [ 120.06953054448968, -3.874576540671373 ], [ 120.068668161816944, -3.874809568774693 ], [ 120.068713077581151, -3.874952970652522 ], [ 120.069135285764673, -3.874935045419122 ], [ 120.069225117293087, -3.875266662175517 ], [ 120.06907240369479, -3.875974708328326 ], [ 120.068820875415241, -3.876333212483431 ], [ 120.06891070694364, -3.876745492073898 ], [ 120.069997668437438, -3.876817192851719 ], [ 120.07017733149425, -3.877103995902197 ], [ 120.070267163022663, -3.87813469356169 ], [ 120.070078516812998, -3.878690373517513 ], [ 120.06907240369479, -3.879747956940053 ], [ 120.067266789973701, -3.880025796433183 ], [ 120.066745767108912, -3.880814501593204 ], [ 120.066575087204939, -3.880330523514125 ], [ 120.065416260488419, -3.879882395415881 ], [ 120.062191308618438, -3.877731377235905 ], [ 120.060798919928047, -3.876216698649693 ], [ 120.061005532443389, -3.875992633539691 ], [ 120.059711958434264, -3.875051559429427 ], [ 120.059945520408135, -3.874540690188241 ], [ 120.059729924739955, -3.873985007505445 ], [ 120.057367355542709, -3.872649575049652 ], [ 120.056900231594952, -3.872219368172185 ], [ 120.056783450608023, -3.871457542956955 ], [ 120.057088877804617, -3.870973559522958 ], [ 120.057115827263146, -3.870355135843627 ], [ 120.05672056853814, -3.869584346277794 ], [ 120.05693616420632, -3.869431980815472 ], [ 120.056558871787004, -3.868625339676016 ], [ 120.056702602232463, -3.868562600888535 ], [ 120.056612770704049, -3.868293720318144 ], [ 120.056379208730178, -3.868302683005199 ], [ 120.056639720162565, -3.86673421132754 ], [ 120.056702602232463, -3.864197762416611 ], [ 120.057250574555781, -3.863140159569827 ], [ 120.057088877804617, -3.857323320358316 ], [ 120.057205658791574, -3.855880307854426 ], [ 120.057502102835329, -3.855019876872652 ], [ 120.058346519202416, -3.854652400875502 ], [ 120.062658432566167, -3.855333575768955 ], [ 120.064535911509978, -3.855530757873103 ], [ 120.06511981644465, -3.855432166826745 ], [ 120.068030357965199, -3.853074941132738 ], [ 120.068596296594208, -3.85278812995612 ], [ 120.068874774332286, -3.852797092806853 ], [ 120.07028512932834, -3.853881597048534 ], [ 120.070339028245385, -3.854177370692649 ], [ 120.069665291782286, -3.854473144233901 ], [ 120.069665291782286, -3.854688252199289 ] ] ] } },
{ "type": "Feature", "properties": { "FID": 342, "REMARK": "Tegalan/Ladang" }, "geometry": { "type": "Polygon", "coordinates": [ [ [ 120.257601832372941, -3.809362013822099 ], [ 120.258859473770713, -3.809155857766386 ], [ 120.258742692783784, -3.809657802859242 ], [ 120.258095905779228, -3.810079077979027 ], [ 120.257979124792271, -3.810849921281158 ], [ 120.257673697595678, -3.811324975530296 ], [ 120.257871326958181, -3.811432534946502 ], [ 120.258230653071834, -3.811082966794653 ], [ 120.258598962338326, -3.811056076930934 ], [ 120.258697777019577, -3.810419683244211 ], [ 120.258607945491164, -3.809935665195449 ], [ 120.258868456923551, -3.809774325785352 ], [ 120.259102018897423, -3.809326160598566 ], [ 120.259829654277567, -3.808958664971231 ], [ 120.260359660295208, -3.809164821074183 ], [ 120.260647121186125, -3.808833178623515 ], [ 120.261096278828163, -3.809128967842434 ], [ 120.261284925037828, -3.808869031867586 ], [ 120.261437638636124, -3.808107150109722 ], [ 120.261949678348088, -3.808393976262425 ], [ 120.262596465352644, -3.808447756155416 ], [ 120.262722229492439, -3.808600132500643 ], [ 120.261922728889559, -3.809021408138227 ], [ 120.26156340277592, -3.809532316613478 ], [ 120.260763902173053, -3.809532316613478 ], [ 120.260090165709954, -3.809989444992093 ], [ 120.259658974373579, -3.809854995494182 ], [ 120.259146934661629, -3.810285233813536 ], [ 120.259317614565632, -3.810410719949487 ], [ 120.259955418417334, -3.810276270517411 ], [ 120.259775755360522, -3.810581022533284 ], [ 120.259245749342895, -3.810939554178436 ], [ 120.259865586888921, -3.810751325083364 ], [ 120.259883553194612, -3.810930590889128 ], [ 120.259614058609372, -3.811360828670527 ], [ 120.258805574853668, -3.811342902100599 ], [ 120.259137951508777, -3.811898625594611 ], [ 120.258042006862155, -3.812472275276249 ], [ 120.259075069438893, -3.812624650908603 ], [ 120.259497277622444, -3.81309074091051 ], [ 120.259703890137786, -3.812893549017466 ], [ 120.259856603736083, -3.812992144969643 ], [ 120.259865586888921, -3.81325207969845 ], [ 120.259380496635515, -3.813574757183482 ], [ 120.259111002050261, -3.81399603038441 ], [ 120.258886423229228, -3.81411255272268 ], [ 120.258607945491164, -3.813834691736111 ], [ 120.258212686766157, -3.813834691736111 ], [ 120.258068956320685, -3.813243116433247 ], [ 120.257619798678633, -3.813610610229898 ], [ 120.257341320940554, -3.813296896023058 ], [ 120.257233523106464, -3.81380780195845 ], [ 120.256901146451327, -3.813915361064047 ], [ 120.256946062215547, -3.814058773183904 ], [ 120.257278438870671, -3.814067736440599 ], [ 120.257529967150219, -3.814399376872651 ], [ 120.257341320940554, -3.815026804366951 ], [ 120.257431152468968, -3.815349481185621 ], [ 120.256973011674077, -3.816380253544415 ], [ 120.257080809508167, -3.816837378281527 ], [ 120.257260472564994, -3.816846341509235 ], [ 120.25798810794511, -3.816281657980985 ], [ 120.258446248740029, -3.815439113613746 ], [ 120.258796591700829, -3.815367407671995 ], [ 120.258940322146273, -3.815134363319973 ], [ 120.259371513482677, -3.815295701724259 ], [ 120.259335580871308, -3.815851422662664 ], [ 120.258697777019577, -3.816980789913618 ], [ 120.258554046574119, -3.818244603885859 ], [ 120.25830251829457, -3.818217714246243 ], [ 120.258284551988893, -3.817760590243939 ], [ 120.255733336581969, -3.817339318889068 ], [ 120.255688420817762, -3.817043532495128 ], [ 120.255185364258665, -3.816873231191795 ], [ 120.255203330564356, -3.816200988875214 ], [ 120.255499774608097, -3.816120319761867 ], [ 120.256074696389945, -3.816335437380622 ], [ 120.256290292058139, -3.81622787857798 ], [ 120.255499774608097, -3.815923128564016 ], [ 120.254430779420005, -3.815824532948116 ], [ 120.253253986397809, -3.816111356526584 ], [ 120.253011441271099, -3.815914165326674 ], [ 120.252616182546092, -3.816317510914451 ], [ 120.252328721655161, -3.816953900234427 ], [ 120.251996345000038, -3.816909084100567 ], [ 120.252149058598334, -3.816147209467158 ], [ 120.252023294458567, -3.816559518176202 ], [ 120.251340574842644, -3.816738782770573 ], [ 120.251466338982425, -3.81642506970587 ], [ 120.251906513471624, -3.816218915343818 ], [ 120.251960412388669, -3.815967944749321 ], [ 120.251744816720489, -3.815833496186392 ], [ 120.250954299270461, -3.816245805046022 ], [ 120.250765653060796, -3.816147209467158 ], [ 120.250702770990912, -3.815672157883102 ], [ 120.250873450894886, -3.815448076856042 ], [ 120.251538204205147, -3.815474966582376 ], [ 120.25138549060685, -3.814820649669358 ], [ 120.25107108025739, -3.815089547091184 ], [ 120.250954299270461, -3.814444193137437 ], [ 120.250684804685221, -3.814085662953712 ], [ 120.250478192169879, -3.812938365360766 ], [ 120.250487175322732, -3.812400569086974 ], [ 120.250666838379544, -3.812194413759496 ], [ 120.250819551977841, -3.812463312002918 ], [ 120.25117887809148, -3.811817956077439 ], [ 120.25138549060685, -3.811011260489534 ], [ 120.250999215034668, -3.810016334889154 ], [ 120.25107108025739, -3.808877995178371 ], [ 120.251268709619922, -3.808734582194617 ], [ 120.251223793855686, -3.809442683569585 ], [ 120.25149328844094, -3.809460610179111 ], [ 120.251681934650605, -3.809191710997014 ], [ 120.251915496624463, -3.809227564226149 ], [ 120.251951429235831, -3.809577133131923 ], [ 120.252337704807999, -3.80952335330951 ], [ 120.252939576048362, -3.810374866769655 ], [ 120.253828908179656, -3.810114931171185 ], [ 120.254538577254095, -3.809532316613478 ], [ 120.254745189769466, -3.807354231004165 ], [ 120.254538577254095, -3.807040514515847 ], [ 120.255445875691052, -3.806870211231463 ], [ 120.255499774608097, -3.807058441175402 ], [ 120.255185364258665, -3.807515570867933 ], [ 120.255068583271736, -3.808134040065597 ], [ 120.255535707219465, -3.807999590277817 ], [ 120.25582316811041, -3.807470754242142 ], [ 120.256317241516655, -3.807192891110164 ], [ 120.256811314922913, -3.807264597733453 ], [ 120.257287422023509, -3.807757580606893 ], [ 120.256155544765519, -3.808635985754423 ], [ 120.25626334259961, -3.808994518210075 ], [ 120.256083679542797, -3.809756399182361 ], [ 120.256227409988242, -3.809926701895682 ], [ 120.256451988809275, -3.809657802859242 ], [ 120.256550803490526, -3.808716655569967 ], [ 120.256685550783146, -3.808537389302934 ], [ 120.257035893743961, -3.808779398754607 ], [ 120.257520983997381, -3.808725618882338 ], [ 120.257835394346813, -3.808869031867586 ], [ 120.258464215045706, -3.808609095814229 ], [ 120.258814558006506, -3.808725618882338 ], [ 120.258814558006506, -3.808842141934673 ], [ 120.257736579665561, -3.809120004534264 ], [ 120.257601832372941, -3.809362013822099 ] ], [ [ 120.257601832372941, -3.809362013822099 ], [ 120.257008944285445, -3.809774325785352 ], [ 120.25674843285303, -3.810312123701353 ], [ 120.25647893826779, -3.810455536422175 ], [ 120.256407073045068, -3.810939554178436 ], [ 120.256487921420643, -3.811109856657531 ], [ 120.256766399158707, -3.811047113642841 ], [ 120.257017927438284, -3.811181562954431 ], [ 120.256981994826916, -3.810231454035384 ], [ 120.257269455717832, -3.809666766161812 ], [ 120.257601832372941, -3.809362013822099 ] ], [ [ 120.257871326958181, -3.816953900234427 ], [ 120.257997091097948, -3.817186944092792 ], [ 120.258329467753086, -3.817061458946146 ], [ 120.258311501447409, -3.816918047327526 ], [ 120.257889293263858, -3.816747745999309 ], [ 120.257871326958181, -3.816953900234427 ] ], [ [ 120.253712127192713, -3.810518279480017 ], [ 120.253056357035305, -3.810581022533284 ], [ 120.253496531524505, -3.810957480756771 ], [ 120.253469582065989, -3.811316012245005 ], [ 120.253927722860908, -3.811611800610284 ], [ 120.253882807096701, -3.81050035289253 ], [ 120.253712127192713, -3.810518279480017 ] ], [ [ 120.252616182546092, -3.811127783232317 ], [ 120.252077193375612, -3.811181562954431 ], [ 120.251529221052309, -3.811504241216499 ], [ 120.251726850414812, -3.811988258382593 ], [ 120.251367524301173, -3.812077891161234 ], [ 120.251313625384128, -3.812364715990094 ], [ 120.251376507454012, -3.812499165095686 ], [ 120.251601086275031, -3.812373679264454 ], [ 120.251672951497767, -3.812526054914281 ], [ 120.25187058086027, -3.812499165095686 ], [ 120.25187058086027, -3.81287562247949 ], [ 120.252077193375612, -3.812857695941143 ], [ 120.252238890126748, -3.81251709164151 ], [ 120.252723980380182, -3.812257156690483 ], [ 120.25286771082564, -3.811997221660878 ], [ 120.25300245811826, -3.811298085674144 ], [ 120.252616182546092, -3.811127783232317 ] ] ] } },
{ "type": "Feature", "properties": { "FID": 343, "REMARK": "Tegalan/Ladang" }, "geometry": { "type": "Polygon", "coordinates": [ [ [ 120.321768493117617, -3.83086471501823 ], [ 120.321157638724401, -3.830604785627272 ], [ 120.320888144139175, -3.830075963519195 ], [ 120.320986958820427, -3.829609882746254 ], [ 120.321561880602246, -3.829367879167894 ], [ 120.321507981685201, -3.828588089394453 ], [ 120.321984088785797, -3.829349952974183 ], [ 120.322091886619887, -3.829860849347839 ], [ 120.322011038244327, -3.830631674878274 ], [ 120.321768493117617, -3.83086471501823 ] ] ] } },
{ "type": "Feature", "properties": { "FID": 344, "REMARK": "Tegalan/Ladang" }, "geometry": { "type": "Polygon", "coordinates": [ [ [ 120.319657452199934, -3.826544499032798 ], [ 120.319468805990269, -3.827369106256813 ], [ 120.31879506952717, -3.827467700545679 ], [ 120.318822018985699, -3.826867171519347 ], [ 120.318184215133954, -3.82662516716583 ], [ 120.318238114051027, -3.826347310231183 ], [ 120.318831002138538, -3.825845374894993 ], [ 120.319756266881186, -3.82571092788001 ], [ 120.319846098409585, -3.82617701077508 ], [ 120.319657452199934, -3.826544499032798 ] ] ] } },
{ "type": "Feature", "properties": { "FID": 345, "REMARK": "Tegalan/Ladang" }, "geometry": { "type": "Polygon", "coordinates": [ [ [ 120.322433246427849, -3.826571388411319 ], [ 120.322397313816481, -3.826974728987853 ], [ 120.321984088785797, -3.826947839621992 ], [ 120.321921206715913, -3.827279475075267 ], [ 120.321597813213614, -3.827216733242605 ], [ 120.321328318628375, -3.826795466532841 ], [ 120.321391200698272, -3.826598277788997 ], [ 120.322478162192056, -3.825908116828099 ], [ 120.322298499135229, -3.825307586708483 ], [ 120.322478162192056, -3.824841503340494 ], [ 120.322783589388678, -3.824895282203585 ], [ 120.322774606235825, -3.825415144372788 ], [ 120.32342139324038, -3.825648185932464 ], [ 120.32342139324038, -3.826141158253692 ], [ 120.322433246427849, -3.826571388411319 ] ] ] } },
{ "type": "Feature", "properties": { "FID": 346, "REMARK": "Tegalan/Ladang" }, "geometry": { "type": "Polygon", "coordinates": [ [ [ 120.32775127290985, -3.820055171015342 ], [ 120.328002801189399, -3.820799115807827 ], [ 120.327490761477449, -3.821139716822842 ], [ 120.327472795171772, -3.820799115807827 ], [ 120.326861940778556, -3.820225471687418 ], [ 120.327140418516635, -3.820270287648136 ], [ 120.32775127290985, -3.820055171015342 ] ] ] } },
{ "type": "Feature", "properties": { "FID": 347, "REMARK": "Tegalan/Ladang" }, "geometry": { "type": "Polygon", "coordinates": [ [ [ 120.332099118884983, -3.818585205914742 ], [ 120.332808787959422, -3.818845138951127 ], [ 120.333096248850367, -3.818459720972454 ], [ 120.333105232003206, -3.818172898178347 ], [ 120.333159130920251, -3.81831630958738 ], [ 120.332754889042377, -3.819499452797693 ], [ 120.332700990125332, -3.820207545302476 ], [ 120.331560129714504, -3.819822127935625 ], [ 120.330113842107082, -3.819589084792621 ], [ 120.330068926342875, -3.818898918190207 ], [ 120.329458071949659, -3.818396978494431 ], [ 120.329242476281479, -3.817097311847059 ], [ 120.330527067137766, -3.81805637639087 ], [ 120.332099118884983, -3.818585205914742 ] ] ] } },
{ "type": "Feature", "properties": { "FID": 348, "REMARK": "Tegalan/Ladang" }, "geometry": { "type": "Polygon", "coordinates": [ [ [ 120.326619395651861, -3.817240723435742 ], [ 120.326484648359241, -3.817581325862874 ], [ 120.325936676035909, -3.817375171778381 ], [ 120.326107355939897, -3.816953900234427 ], [ 120.326619395651861, -3.817240723435742 ] ] ] } },
{ "type": "Feature", "properties": { "FID": 349, "REMARK": "Tegalan/Ladang" }, "geometry": { "type": "Polygon", "coordinates": [ [ [ 120.357683138176697, -3.815743863799415 ], [ 120.35774602024658, -3.815994834459381 ], [ 120.357207031076129, -3.816299584447904 ], [ 120.357350761521587, -3.816622260788487 ], [ 120.356937536490889, -3.8166401872483 ], [ 120.356362614709042, -3.817043532495128 ], [ 120.356093120123816, -3.816891157646368 ], [ 120.355895490761313, -3.81643403293788 ], [ 120.355985322289726, -3.816299584447904 ], [ 120.356218884263583, -3.816299584447904 ], [ 120.357072283783509, -3.815708010842007 ], [ 120.357683138176697, -3.815743863799415 ] ] ] } },
{ "type": "Feature", "properties": { "FID": 350, "REMARK": "Tegalan/Ladang" }, "geometry": { "type": "Polygon", "coordinates": [ [ [ 120.355572097259014, -3.81646092263335 ], [ 120.354395304236817, -3.816622260788487 ], [ 120.35402699497034, -3.815932091801264 ], [ 120.354125809651592, -3.815663194643141 ], [ 120.354835478726045, -3.81553770927388 ], [ 120.355095990158446, -3.816030687404819 ], [ 120.355634979328897, -3.816218915343818 ], [ 120.355572097259014, -3.81646092263335 ] ] ] } },
{ "type": "Feature", "properties": { "FID": 351, "REMARK": "Tegalan/Ladang" }, "geometry": { "type": "Polygon", "coordinates": [ [ [ 120.339851579786938, -3.814444193137437 ], [ 120.340767861376719, -3.815618378441938 ], [ 120.340219889053429, -3.816012760932288 ], [ 120.338989197114188, -3.815734900560203 ], [ 120.338450207943694, -3.814524862408161 ], [ 120.339851579786938, -3.814444193137437 ] ] ] } },
{ "type": "Feature", "properties": { "FID": 352, "REMARK": "Tegalan/Ladang" }, "geometry": { "type": "Polygon", "coordinates": [ [ [ 120.35426954009705, -3.814094626210128 ], [ 120.354682765127748, -3.81411255272268 ], [ 120.354826495573207, -3.81489235565674 ], [ 120.3537575003851, -3.81510747358298 ], [ 120.354018011817502, -3.814193222024535 ], [ 120.35426954009705, -3.814094626210128 ] ] ] } },
{ "type": "Feature", "properties": { "FID": 353, "REMARK": "Tegalan/Ladang" }, "geometry": { "type": "Polygon", "coordinates": [ [ [ 120.325658198297845, -3.814273891318817 ], [ 120.325622265686476, -3.814372487112657 ], [ 120.324993444987584, -3.814193222024535 ], [ 120.325020394446099, -3.813278969493496 ], [ 120.326008541258645, -3.813287932758324 ], [ 120.326026507564322, -3.813628536752545 ], [ 120.32557734992227, -3.813897434547382 ], [ 120.325658198297845, -3.814273891318817 ] ] ] } },
{ "type": "Feature", "properties": { "FID": 354, "REMARK": "Tegalan/Ladang" }, "geometry": { "type": "Polygon", "coordinates": [ [ [ 120.35785381808067, -3.812633614180253 ], [ 120.358159245277292, -3.812597761093091 ], [ 120.358311958875589, -3.813063851109577 ], [ 120.357835851774993, -3.813619573491268 ], [ 120.357467542508516, -3.813449271509253 ], [ 120.357710087635226, -3.812570871276738 ], [ 120.35785381808067, -3.812633614180253 ] ] ] } },
{ "type": "Feature", "properties": { "FID": 355, "REMARK": "Tegalan/Ladang" }, "geometry": { "type": "Polygon", "coordinates": [ [ [ 120.364788812074096, -3.804602485340101 ], [ 120.36468999739283, -3.804620412050399 ], [ 120.364959491978084, -3.804136390741427 ], [ 120.364788812074096, -3.803894379984983 ], [ 120.3648966099082, -3.803401394900512 ], [ 120.365642211593993, -3.804217060978471 ], [ 120.364788812074096, -3.804602485340101 ] ] ] } },
{ "type": "Feature", "properties": { "FID": 356, "REMARK": "Tegalan/Ladang" }, "geometry": { "type": "Polygon", "coordinates": [ [ [ 120.360360117723388, -3.797575186189533 ], [ 120.361572843356953, -3.797637930185231 ], [ 120.362363360806953, -3.798032320910892 ], [ 120.36331557500813, -3.798005430639867 ], [ 120.363522187523472, -3.798310186995755 ], [ 120.363450322300736, -3.798552199319356 ], [ 120.362587939628014, -3.799314089524544 ], [ 120.362731670073458, -3.799842930565521 ], [ 120.362192680902979, -3.800586892837035 ], [ 120.360665544919982, -3.801438415131286 ], [ 120.359740280177334, -3.800497258862416 ], [ 120.360818258518279, -3.800156649673917 ], [ 120.362228613514347, -3.799116894477141 ], [ 120.362471158641043, -3.79872250424713 ], [ 120.36207589991605, -3.798498418808866 ], [ 120.360611646002937, -3.798579089573344 ], [ 120.360018757915412, -3.798121955141589 ], [ 120.359919943234161, -3.797118051226081 ], [ 120.359973842151206, -3.797324210161137 ], [ 120.360360117723388, -3.797575186189533 ] ] ] } },
{ "type": "Feature", "properties": { "FID": 357, "REMARK": "Tegalan/Ladang" }, "geometry": { "type": "Polygon", "coordinates": [ [ [ 120.320537801178375, -3.795979694480907 ], [ 120.320367121274373, -3.79701049002303 ], [ 120.320456952802786, -3.797270429574129 ], [ 120.32083424522213, -3.797297319868052 ], [ 120.321112722960194, -3.796813294449296 ], [ 120.321606796366453, -3.796804331013056 ], [ 120.321768493117617, -3.797566222761204 ], [ 120.321355268086904, -3.797915796397067 ], [ 120.319935929937998, -3.797790308441508 ], [ 120.318965749431143, -3.797879942697341 ], [ 120.318211164592483, -3.797548295904266 ], [ 120.317537428129398, -3.797485551902054 ], [ 120.317402680836793, -3.796696769770918 ], [ 120.31787878793736, -3.796383049404814 ], [ 120.318202181439645, -3.796517501004245 ], [ 120.318570490706151, -3.797001526588837 ], [ 120.320061694077779, -3.797431771325099 ], [ 120.319819148951069, -3.796571281638156 ], [ 120.318624389623196, -3.795540485571719 ], [ 120.319522704907314, -3.796149999916206 ], [ 120.319666435352772, -3.796114146143144 ], [ 120.319756266881186, -3.79540603382017 ], [ 120.319639485894243, -3.79479651895064 ], [ 120.319244227169222, -3.794348345978074 ], [ 120.319361008156179, -3.794169076723947 ], [ 120.319639485894243, -3.794133222868658 ], [ 120.320196441370385, -3.794437980591189 ], [ 120.320447969649933, -3.795029568804483 ], [ 120.320537801178375, -3.795979694480907 ] ] ] } },
{ "type": "Feature", "properties": { "FID": 358, "REMARK": "Tegalan/Ladang" }, "geometry": { "type": "Polygon", "coordinates": [ [ [ 120.34212431745577, -3.794581395952826 ], [ 120.341872789176193, -3.795513595223083 ], [ 120.341477530451186, -3.795370180016222 ], [ 120.341288884241521, -3.794697920916627 ], [ 120.341944654398915, -3.794330419054335 ], [ 120.342088384844402, -3.794070478618321 ], [ 120.34212431745577, -3.794581395952826 ] ] ] } },
{ "type": "Feature", "properties": { "FID": 359, "REMARK": "Tegalan/Ladang" }, "geometry": { "type": "Polygon", "coordinates": [ [ [ 120.333796934771954, -3.793514743630724 ], [ 120.334273041872564, -3.794025661293863 ], [ 120.333410659199799, -3.794509688274984 ], [ 120.333204046684457, -3.794267674818321 ], [ 120.332772855348068, -3.794294565205742 ], [ 120.331703860159962, -3.794913043885422 ], [ 120.330086892648552, -3.793891209306537 ], [ 120.330374353539469, -3.793577487921416 ], [ 120.331811657994052, -3.793487853219033 ], [ 120.332422512387268, -3.793057606518167 ], [ 120.333796934771954, -3.793514743630724 ] ] ] } },
{ "type": "Feature", "properties": { "FID": 360, "REMARK": "Tegalan/Ladang" }, "geometry": { "type": "Polygon", "coordinates": [ [ [ 120.314285526800887, -3.792555651763103 ], [ 120.314069931132707, -3.792564615243429 ], [ 120.313836369158835, -3.792161258536764 ], [ 120.314195695272474, -3.792197112473867 ], [ 120.314357392023624, -3.792412236065255 ], [ 120.314285526800887, -3.792555651763103 ] ] ] } },
{ "type": "Feature", "properties": { "FID": 361, "REMARK": "Tegalan/Ladang" }, "geometry": { "type": "Polygon", "coordinates": [ [ [ 120.340839726599455, -3.789570807646749 ], [ 120.340642097236952, -3.790269961246668 ], [ 120.340165990136384, -3.790198253211148 ], [ 120.339842596634099, -3.789929348024996 ], [ 120.339860562939791, -3.789552880623935 ], [ 120.340309720581828, -3.789588734669191 ], [ 120.340633114084113, -3.789364646861961 ], [ 120.340839726599455, -3.789570807646749 ] ] ] } },
{ "type": "Feature", "properties": { "FID": 362, "REMARK": "Tegalan/Ladang" }, "geometry": { "type": "Polygon", "coordinates": [ [ [ 120.310916844485433, -3.786819005297374 ], [ 120.310512602607602, -3.78681004175751 ], [ 120.31018022595245, -3.786442536543131 ], [ 120.310243108022334, -3.786066067625178 ], [ 120.310656333053046, -3.785707525646367 ], [ 120.311455833655927, -3.785976432144394 ], [ 120.310916844485433, -3.786819005297374 ] ] ] } },
{ "type": "Feature", "properties": { "FID": 363, "REMARK": "Tegalan/Ladang" }, "geometry": { "type": "Polygon", "coordinates": [ [ [ 120.359839094858586, -3.784649825943953 ], [ 120.359722313871657, -3.785017331919202 ], [ 120.359704347565966, -3.786845895916414 ], [ 120.358680268142066, -3.789499099553265 ], [ 120.358249076805706, -3.788289024579285 ], [ 120.356775839739726, -3.787267182172282 ], [ 120.355338535285142, -3.787043093763834 ], [ 120.3558056592329, -3.78681004175751 ], [ 120.356443463084616, -3.786774187597121 ], [ 120.356470412543132, -3.786585953230718 ], [ 120.35480852926753, -3.785761306952653 ], [ 120.354539034682276, -3.786532171975658 ], [ 120.354260556944197, -3.786299119831785 ], [ 120.354521068376584, -3.784524336063031 ], [ 120.354009028664649, -3.7842912833788 ], [ 120.35402699497034, -3.784022376357542 ], [ 120.354152759110107, -3.78350248921309 ], [ 120.35480852926753, -3.783143946173086 ], [ 120.355814642385738, -3.784622935256715 ], [ 120.356102103276655, -3.784739461562051 ], [ 120.35785381808067, -3.784622935256715 ], [ 120.358195177888661, -3.784389882599011 ], [ 120.358832981740363, -3.782937783857901 ], [ 120.35921925731256, -3.782803330147661 ], [ 120.360737410142718, -3.782848148053392 ], [ 120.359839094858586, -3.784649825943953 ] ] ] } },
{ "type": "Feature", "properties": { "FID": 364, "REMARK": "Tegalan/Ladang" }, "geometry": { "type": "Polygon", "coordinates": [ [ [ 120.326296002149576, -3.774727105718364 ], [ 120.325748029826258, -3.77478088770567 ], [ 120.325703114062051, -3.775408343978096 ], [ 120.325011411293261, -3.775820672138804 ], [ 120.325460568935341, -3.776985946316775 ], [ 120.324050213939273, -3.776878382612038 ], [ 120.323897500340976, -3.777174182767988 ], [ 120.324068180244964, -3.777263819158977 ], [ 120.324220893843261, -3.778079509891492 ], [ 120.323628005755722, -3.778142255300694 ], [ 120.322136802384094, -3.77872489102658 ], [ 120.322478162192056, -3.777138328209 ], [ 120.322127819231255, -3.777335528265103 ], [ 120.321813408881823, -3.77721900096464 ], [ 120.321454082768156, -3.777559619183554 ], [ 120.321211537641446, -3.777156255488678 ], [ 120.321049840890311, -3.777192110046926 ], [ 120.321597813213614, -3.777945055427922 ], [ 120.321894257257384, -3.77872489102658 ], [ 120.322280532829552, -3.779011726932506 ], [ 120.322738673624443, -3.779845343245695 ], [ 120.323089016585271, -3.779594362074412 ], [ 120.323475292157426, -3.779567471230323 ], [ 120.324957512376216, -3.7799708338041 ], [ 120.325532434158063, -3.779845343245695 ], [ 120.325990574952954, -3.779433016997376 ], [ 120.326349901066621, -3.779307526361153 ], [ 120.327257199503563, -3.779621252917666 ], [ 120.327984834883708, -3.77937923529836 ], [ 120.328919082779194, -3.779782597959684 ], [ 120.329422139338291, -3.779621252917666 ], [ 120.330239606246849, -3.778895199857163 ], [ 120.330509100832074, -3.777864382739779 ], [ 120.33122775305938, -3.777093510008182 ], [ 120.330958258474155, -3.77646605495372 ], [ 120.330976224779832, -3.776134399955985 ], [ 120.331748775924169, -3.775551762490988 ], [ 120.33235963031737, -3.775372489346172 ], [ 120.333769985313438, -3.776358491184554 ], [ 120.334102361968547, -3.777308637351 ], [ 120.335225256073699, -3.778276709733704 ], [ 120.335638481104411, -3.7799708338041 ], [ 120.336294251261805, -3.781270556376599 ], [ 120.336761375209562, -3.781709772529588 ], [ 120.337174600240246, -3.782579240584234 ], [ 120.336761375209562, -3.782471677573206 ], [ 120.335620514798734, -3.782803330147661 ], [ 120.33486592996006, -3.782695767164447 ], [ 120.334156260885621, -3.782803330147661 ], [ 120.333536423339567, -3.78316187332861 ], [ 120.332988451016277, -3.784094084904706 ], [ 120.332099118884983, -3.784488481808 ], [ 120.331703860159962, -3.784362991903703 ], [ 120.330913342709948, -3.78359212494991 ], [ 120.330554016596281, -3.78352937993511 ], [ 120.330068926342875, -3.78351145278719 ], [ 120.328721453416691, -3.783959631373904 ], [ 120.32750872778314, -3.783439744191801 ], [ 120.328110599023489, -3.78386999567511 ], [ 120.327427879407566, -3.784210611281187 ], [ 120.327014654376853, -3.78424646554772 ], [ 120.326287018996737, -3.783959631373904 ], [ 120.326179221162647, -3.783699687821849 ], [ 120.325918709730232, -3.783744505681217 ], [ 120.3259546423416, -3.784076157768471 ], [ 120.327302115267798, -3.784515372499413 ], [ 120.327131435363796, -3.784936659889214 ], [ 120.326278035843899, -3.78592265085147 ], [ 120.325882777118863, -3.786030213433978 ], [ 120.324490388428487, -3.785492400387818 ], [ 120.32420292753757, -3.784031339926261 ], [ 120.324032247633596, -3.783825177822234 ], [ 120.323852584576755, -3.783896886385721 ], [ 120.323816651965387, -3.784219574847961 ], [ 120.323250713336407, -3.785044222594196 ], [ 120.322639858943191, -3.785313129298202 ], [ 120.322127819231255, -3.78481117004985 ], [ 120.321552897449408, -3.784605008131425 ], [ 120.321606796366453, -3.784327137641994 ], [ 120.322055954008533, -3.78386103210472 ], [ 120.322029004550004, -3.783699687821849 ], [ 120.321373234392581, -3.783932740665239 ], [ 120.320798312610762, -3.783484562064614 ], [ 120.320582716942582, -3.7834935256389 ], [ 120.320474919108463, -3.783780359967041 ], [ 120.320933059903382, -3.784273356246646 ], [ 120.320968992514736, -3.784793242928457 ], [ 120.320349154968682, -3.785026295477626 ], [ 120.319801182645392, -3.78498147768458 ], [ 120.319244227169222, -3.784667753068314 ], [ 120.319262193474898, -3.784031339926261 ], [ 120.318983715736834, -3.78359212494991 ], [ 120.318579473858989, -3.783332181287588 ], [ 120.317950653160096, -3.783439744191801 ], [ 120.316630129692442, -3.782633022084741 ], [ 120.316495382399822, -3.782382041720485 ], [ 120.316477416094145, -3.782229660749583 ], [ 120.316926573736197, -3.782256551511101 ], [ 120.317762006950431, -3.78285711163426 ], [ 120.318678288540241, -3.783000528915542 ], [ 120.319899997326644, -3.782220697162225 ], [ 120.320807295763601, -3.781898007955599 ], [ 120.320735430540878, -3.781270556376599 ], [ 120.320537801178375, -3.781145066006301 ], [ 120.31890286736126, -3.781198847595795 ], [ 120.318696254845918, -3.781351228747913 ], [ 120.318435743413531, -3.782122097695169 ], [ 120.317339798766909, -3.782238624336848 ], [ 120.316728944373693, -3.781915935136897 ], [ 120.315767747019677, -3.780858230805981 ], [ 120.314977229569678, -3.780419014221588 ], [ 120.315336555683317, -3.780042542686463 ], [ 120.315866561700929, -3.779961870193387 ], [ 120.316136056286183, -3.779594362074412 ], [ 120.316585213928235, -3.780015651856273 ], [ 120.317321832461218, -3.780194924041799 ], [ 120.317249967238496, -3.780580359115178 ], [ 120.317384714531102, -3.780741703978745 ], [ 120.317654209116341, -3.780732740376 ], [ 120.3181482825226, -3.781010612017967 ], [ 120.318741170610124, -3.781028539217616 ], [ 120.31928015978059, -3.780266632905632 ], [ 120.319666435352772, -3.780006688246023 ], [ 120.320223390828914, -3.778850381747093 ], [ 120.318363878190809, -3.778644218410949 ], [ 120.317744040644754, -3.778222927963001 ], [ 120.319028631501041, -3.778222927963001 ], [ 120.319585586977198, -3.77838427326511 ], [ 120.319873047868114, -3.778267746105485 ], [ 120.32014254245334, -3.77781956457646 ], [ 120.319899997326644, -3.777210037325495 ], [ 120.320322205510166, -3.77681563711145 ], [ 120.320340171815843, -3.776125436305638 ], [ 120.320555767484052, -3.775892381364156 ], [ 120.32275663993012, -3.775533835178171 ], [ 120.323942416105183, -3.775031870269047 ], [ 120.325244973267161, -3.775004979283582 ], [ 120.325783962437612, -3.7741355036382 ], [ 120.326296002149576, -3.774727105718364 ] ] ] } },
{ "type": "Feature", "properties": { "FID": 365, "REMARK": "Tegalan/Ladang" }, "geometry": { "type": "Polygon", "coordinates": [ [ [ 120.330482151373559, -3.775417307635845 ], [ 120.329008914307607, -3.775757926561764 ], [ 120.327912969660986, -3.773884520815781 ], [ 120.328496874595672, -3.773669392624559 ], [ 120.330194690482642, -3.774287886030713 ], [ 120.330383336692307, -3.774601614401702 ], [ 120.330482151373559, -3.775417307635845 ] ] ] } },
{ "type": "Feature", "properties": { "FID": 366, "REMARK": "Tegalan/Ladang" }, "geometry": { "type": "Polygon", "coordinates": [ [ [ 120.327005671224015, -3.765951633547686 ], [ 120.325379720559766, -3.767403760695148 ], [ 120.32444547266428, -3.768604901072243 ], [ 120.318866934749892, -3.768972413841338 ], [ 120.318857951597053, -3.768757284434372 ], [ 120.322145785536932, -3.76845251768342 ], [ 120.320681531623833, -3.768058113494275 ], [ 120.320681531623833, -3.767636817912906 ], [ 120.320977975667589, -3.767341014510469 ], [ 120.323214780725039, -3.767143812186311 ], [ 120.323439359546072, -3.767547180528847 ], [ 120.323385460629027, -3.768049149760625 ], [ 120.323681904672767, -3.768013294825102 ], [ 120.324023264480758, -3.767618890436834 ], [ 120.323726820436974, -3.767000392286127 ], [ 120.323834618271064, -3.765718575878644 ], [ 120.324831748236448, -3.765933706036898 ], [ 120.325810911896141, -3.765467590626818 ], [ 120.326278035843899, -3.764965619906093 ], [ 120.327131435363796, -3.764911837311707 ], [ 120.327266182656402, -3.765171786487128 ], [ 120.327005671224015, -3.765951633547686 ] ] ] } },
{ "type": "Feature", "properties": { "FID": 367, "REMARK": "Tegalan/Ladang" }, "geometry": { "type": "Polygon", "coordinates": [ [ [ 120.366154251305957, -3.764992511202039 ], [ 120.367879016651457, -3.766139872388667 ], [ 120.368004780791225, -3.766641842432254 ], [ 120.368453938433305, -3.76721552212754 ], [ 120.369064792826492, -3.767385833214273 ], [ 120.369019877062286, -3.768470445142314 ], [ 120.36657645948948, -3.765602047020724 ], [ 120.36589373987357, -3.765180750250414 ], [ 120.365318818091723, -3.76516282272375 ], [ 120.365839840956497, -3.764813235880037 ], [ 120.366154251305957, -3.764992511202039 ] ] ] } },
{ "type": "Feature", "properties": { "FID": 368, "REMARK": "Tegalan/Ladang" }, "geometry": { "type": "Polygon", "coordinates": [ [ [ 120.352068667650954, -3.763638981608314 ], [ 120.351745274148669, -3.764687743132674 ], [ 120.351197301825366, -3.765073185084899 ], [ 120.350981706157157, -3.765073185084899 ], [ 120.350703228419093, -3.764409866270576 ], [ 120.35117035236685, -3.763432814664391 ], [ 120.351736290995831, -3.763665872945228 ], [ 120.351826122524244, -3.763441778445576 ], [ 120.351619510008902, -3.763352140629573 ], [ 120.351754257301508, -3.763020480630157 ], [ 120.35243697691746, -3.763307321718113 ], [ 120.352068667650954, -3.763638981608314 ] ] ] } },
{ "type": "Feature", "properties": { "FID": 369, "REMARK": "Tegalan/Ladang" }, "geometry": { "type": "Polygon", "coordinates": [ [ [ 120.347891501579809, -3.763083227126217 ], [ 120.3479992994139, -3.763916858716386 ], [ 120.347891501579809, -3.764544322827825 ], [ 120.347559124924672, -3.764544322827825 ], [ 120.34622063515134, -3.763863076057226 ], [ 120.346822506391703, -3.763881003610648 ], [ 120.346795556933188, -3.763145973617759 ], [ 120.347891501579809, -3.763083227126217 ] ] ] } },
{ "type": "Feature", "properties": { "FID": 370, "REMARK": "Tegalan/Ladang" }, "geometry": { "type": "Polygon", "coordinates": [ [ [ 120.353820382454998, -3.762509544708283 ], [ 120.355230737451052, -3.762751567024417 ], [ 120.354485135765231, -3.762796385964472 ], [ 120.353820382454998, -3.762509544708283 ] ] ] } },
{ "type": "Feature", "properties": { "FID": 371, "REMARK": "Tegalan/Ladang" }, "geometry": { "type": "Polygon", "coordinates": [ [ [ 120.349804913134975, -3.762688820504468 ], [ 120.350074407720228, -3.76293980655715 ], [ 120.350011525650331, -3.763226647671671 ], [ 120.349768980523606, -3.763145973617759 ], [ 120.349661182689516, -3.762868096263762 ], [ 120.349400671257129, -3.762805349752207 ], [ 120.349508469091219, -3.763325249282974 ], [ 120.349355755492923, -3.763432814664391 ], [ 120.348978463073593, -3.763352140629573 ], [ 120.348771850558222, -3.762715711870715 ], [ 120.348421507597422, -3.762966697915649 ], [ 120.348223878234933, -3.762787422176646 ], [ 120.348493372820158, -3.762267522324916 ], [ 120.349221008200303, -3.762061355056431 ], [ 120.349786946829283, -3.76225855853165 ], [ 120.349804913134975, -3.762688820504468 ] ] ] } },
{ "type": "Feature", "properties": { "FID": 372, "REMARK": "Tegalan/Ladang" }, "geometry": { "type": "Polygon", "coordinates": [ [ [ 120.356811772351122, -3.760161028371991 ], [ 120.357108216394877, -3.760905024690086 ], [ 120.35642549677894, -3.761380106344115 ], [ 120.356218884263583, -3.760716784717804 ], [ 120.356416513626087, -3.760618182811338 ], [ 120.356775839739726, -3.760725748526929 ], [ 120.356802789198255, -3.760564399948562 ], [ 120.356560244071545, -3.760232738888133 ], [ 120.355994305442564, -3.760268594143993 ], [ 120.355895490761313, -3.760017607322009 ], [ 120.356811772351122, -3.759757656608782 ], [ 120.356982452255096, -3.760053462586716 ], [ 120.356811772351122, -3.760161028371991 ] ] ] } },
{ "type": "Feature", "properties": { "FID": 373, "REMARK": "Tegalan/Ladang" }, "geometry": { "type": "Polygon", "coordinates": [ [ [ 120.367861050345766, -3.757095398292198 ], [ 120.367528673690657, -3.757050579059074 ], [ 120.366486627961081, -3.75608248306171 ], [ 120.366666291017893, -3.755490868312432 ], [ 120.367465791620774, -3.755634290106656 ], [ 120.367932915568502, -3.756127302344557 ], [ 120.368516820503189, -3.756342434870179 ], [ 120.367861050345766, -3.757095398292198 ] ] ] } },
{ "type": "Feature", "properties": { "FID": 374, "REMARK": "Tegalan/Ladang" }, "geometry": { "type": "Polygon", "coordinates": [ [ [ 120.363342524466646, -3.755652217829277 ], [ 120.363342524466646, -3.75587631433097 ], [ 120.362435226029689, -3.756539639638745 ], [ 120.361689624343882, -3.756154193913159 ], [ 120.362192680902979, -3.755544651488029 ], [ 120.362444209182527, -3.755688073273414 ], [ 120.362812518449033, -3.755329518765763 ], [ 120.363342524466646, -3.755652217829277 ] ] ] } },
{ "type": "Feature", "properties": { "FID": 375, "REMARK": "Tegalan/Ladang" }, "geometry": { "type": "Polygon", "coordinates": [ [ [ 120.367366976939522, -3.752936163655314 ], [ 120.366792055157674, -3.75347399683581 ], [ 120.367178330729857, -3.752810669198879 ], [ 120.367366976939522, -3.752936163655314 ] ] ] } },
{ "type": "Feature", "properties": { "FID": 376, "REMARK": "Tegalan/Ladang" }, "geometry": { "type": "Polygon", "coordinates": [ [ [ 120.320843228374969, -3.724735314448969 ], [ 120.319917963632321, -3.725022168079686 ], [ 120.319864064715276, -3.725488305030178 ], [ 120.320133559300501, -3.725712409245406 ], [ 120.320977975667589, -3.725882728410803 ], [ 120.320789329457924, -3.726510219788289 ], [ 120.321822392034662, -3.727209423938809 ], [ 120.322289515982391, -3.726438506510658 ], [ 120.322244600218184, -3.726886714399941 ], [ 120.323475292157426, -3.72809687456013 ], [ 120.324481405275648, -3.728796077449141 ], [ 120.324679034638152, -3.729800060112106 ], [ 120.324912596612009, -3.73006898384496 ], [ 120.325424636323973, -3.730248266287814 ], [ 120.324714967249506, -3.730176553315061 ], [ 120.323556140533, -3.729011216687736 ], [ 120.322559010567616, -3.728616794710095 ], [ 120.320483902261302, -3.726868786088754 ], [ 120.319639485894243, -3.727406635265382 ], [ 120.320394070732888, -3.728123766989219 ], [ 120.320358138121534, -3.728697471947191 ], [ 120.319944913090836, -3.728849862263725 ], [ 120.319477789143107, -3.727836914369862 ], [ 120.319073547265248, -3.727532133359269 ], [ 120.319019648348188, -3.726680538799235 ], [ 120.318777103221493, -3.725954441733739 ], [ 120.318929816819789, -3.725900656742085 ], [ 120.318229130898189, -3.725282129101761 ], [ 120.319855081562437, -3.724654636848485 ], [ 120.320995941973266, -3.724403639821905 ], [ 120.320843228374969, -3.724735314448969 ] ] ] } },
{ "type": "Feature", "properties": { "FID": 377, "REMARK": "Tegalan/Ladang" }, "geometry": { "type": "Polygon", "coordinates": [ [ [ 120.402041946906522, -3.723794075316522 ], [ 120.402185677351966, -3.724251248735133 ], [ 120.401628721875838, -3.724036108332422 ], [ 120.401098715858211, -3.724045072516917 ], [ 120.401116682163888, -3.723704433441895 ], [ 120.401556856653102, -3.723148653615479 ], [ 120.40183533439118, -3.723193474582229 ], [ 120.402041946906522, -3.723794075316522 ] ] ] } },
{ "type": "Feature", "properties": { "FID": 378, "REMARK": "Tegalan/Ladang" }, "geometry": { "type": "Polygon", "coordinates": [ [ [ 120.394666778423911, -3.721714381474978 ], [ 120.394379317532994, -3.721759202514725 ], [ 120.39410982294774, -3.721499240452447 ], [ 120.39491830670346, -3.721024137174888 ], [ 120.39516085183017, -3.721445455188605 ], [ 120.394666778423911, -3.721714381474978 ] ] ] } },
{ "type": "Feature", "properties": { "FID": 379, "REMARK": "Tegalan/Ladang" }, "geometry": { "type": "Polygon", "coordinates": [ [ [ 120.402095845823567, -3.722323947420108 ], [ 120.401610755570147, -3.722243269598653 ], [ 120.401368210443437, -3.721920558238927 ], [ 120.401853300696857, -3.720979316097741 ], [ 120.402095845823567, -3.721104815108006 ], [ 120.402095845823567, -3.722323947420108 ] ] ] } },
{ "type": "Feature", "properties": { "FID": 380, "REMARK": "Tegalan/Ladang" }, "geometry": { "type": "Polygon", "coordinates": [ [ [ 120.397316808512059, -3.720970351882038 ], [ 120.396867650870007, -3.72101517295964 ], [ 120.396391543769411, -3.721266170952078 ], [ 120.395996285044404, -3.721068958249754 ], [ 120.395879504057461, -3.720665568493867 ], [ 120.395933402974521, -3.720495248319259 ], [ 120.397173078066601, -3.719921538015212 ], [ 120.397280875900691, -3.720495248319259 ], [ 120.397595286250123, -3.720916566585904 ], [ 120.397316808512059, -3.720970351882038 ] ] ] } },
{ "type": "Feature", "properties": { "FID": 381, "REMARK": "Tegalan/Ladang" }, "geometry": { "type": "Polygon", "coordinates": [ [ [ 120.389555364457252, -3.704368468124575 ], [ 120.390480629199899, -3.704350539355801 ], [ 120.390965719453348, -3.705713124747355 ], [ 120.389950623182287, -3.705650374150419 ], [ 120.389609263374297, -3.705793804079735 ], [ 120.38956434761009, -3.705255941724896 ], [ 120.389339768789071, -3.704807722846085 ], [ 120.388836712229974, -3.704574648939376 ], [ 120.388755863854414, -3.704332610586663 ], [ 120.388944510064064, -3.704225037964208 ], [ 120.389555364457252, -3.704368468124575 ] ] ] } },
{ "type": "Feature", "properties": { "FID": 382, "REMARK": "Tegalan/Ladang" }, "geometry": { "type": "Polygon", "coordinates": [ [ [ 120.374266038321551, -3.698729852447816 ], [ 120.374239088863035, -3.700639276402578 ], [ 120.374149257334622, -3.701177141562459 ], [ 120.373825863832323, -3.701553646980039 ], [ 120.373143144216399, -3.701490896088225 ], [ 120.372379576224887, -3.700809600405209 ], [ 120.371795671290229, -3.700576525445983 ], [ 120.371023120145878, -3.699500794070352 ], [ 120.37112193482713, -3.698362310275427 ], [ 120.372792801255599, -3.699034643402001 ], [ 120.373574335552775, -3.698882247938009 ], [ 120.374113324723254, -3.698281630265965 ], [ 120.374266038321551, -3.698729852447816 ] ] ] } },
{ "type": "Feature", "properties": { "FID": 383, "REMARK": "Tegalan/Ladang" }, "geometry": { "type": "Polygon", "coordinates": [ [ [ 120.385584810901463, -3.699429078598873 ], [ 120.383886995014464, -3.698962927892798 ], [ 120.383851062403096, -3.6987208880064 ], [ 120.384291236892338, -3.697555509850396 ], [ 120.384776327145744, -3.697618261020899 ], [ 120.385018872272454, -3.698550563602275 ], [ 120.385575827748625, -3.698900176817487 ], [ 120.385584810901463, -3.699429078598873 ] ] ] } },
{ "type": "Feature", "properties": { "FID": 384, "REMARK": "Tegalan/Ladang" }, "geometry": { "type": "Polygon", "coordinates": [ [ [ 120.383069528105935, -3.697017642492485 ], [ 120.382817999826358, -3.697026606951123 ], [ 120.382350875878629, -3.696506668200274 ], [ 120.382521555782603, -3.695986729144596 ], [ 120.383033595494567, -3.695655043725704 ], [ 120.383267157468438, -3.695852262097831 ], [ 120.38301562918889, -3.696381165697501 ], [ 120.383069528105935, -3.697017642492485 ] ] ] } },
{ "type": "Feature", "properties": { "FID": 385, "REMARK": "Tegalan/Ladang" }, "geometry": { "type": "Polygon", "coordinates": [ [ [ 120.395636958930766, -3.689729507651043 ], [ 120.396247813323953, -3.690097053398977 ], [ 120.397128162302394, -3.689935691869827 ], [ 120.397550370485916, -3.690097053398977 ], [ 120.398278005866061, -3.690975576765701 ], [ 120.399104455927457, -3.691450696183622 ], [ 120.399427849429742, -3.691558270356163 ], [ 120.400182434268402, -3.691414838123214 ], [ 120.4002453163383, -3.691540341328312 ], [ 120.400829221272957, -3.691289334900378 ], [ 120.401404143054805, -3.691898921816572 ], [ 120.402230593116201, -3.69147758972798 ], [ 120.403003144260524, -3.691361051029884 ], [ 120.40329060515144, -3.69052735066675 ], [ 120.403596032348062, -3.690948683206142 ], [ 120.40329060515144, -3.691110044551279 ], [ 120.406084365685061, -3.695009601474001 ], [ 120.405994534156662, -3.695197855512589 ], [ 120.405042319955484, -3.696255663176967 ], [ 120.404745875911729, -3.69691006898175 ], [ 120.404494347632181, -3.697062464784773 ], [ 120.403712813334991, -3.69656045498174 ], [ 120.403003144260524, -3.69691006898175 ], [ 120.402212626810524, -3.696721815306564 ], [ 120.399832091307587, -3.695269571326306 ], [ 120.398808011883702, -3.695690901614806 ], [ 120.398412753158681, -3.696219805310696 ], [ 120.39650832475634, -3.697017642492485 ], [ 120.396193914406908, -3.697349327401762 ], [ 120.395124919218802, -3.697412078586856 ], [ 120.394370334380156, -3.697035571409673 ], [ 120.392609636423273, -3.696945926820112 ], [ 120.391998782030086, -3.696632170685287 ], [ 120.391235214038574, -3.696551490518388 ], [ 120.390947753147657, -3.696641135147822 ], [ 120.390606393339681, -3.697008678033755 ], [ 120.390076387322054, -3.697080393701053 ], [ 120.389582313915781, -3.696981784657023 ], [ 120.389366718247601, -3.696784566536067 ], [ 120.388791796465767, -3.695932942328337 ], [ 120.388603150256117, -3.695287500278829 ], [ 120.38810907684983, -3.694651022242379 ], [ 120.387579070832217, -3.694292442865843 ], [ 120.387120930037298, -3.693261526351234 ], [ 120.385917187556572, -3.69330634883329 ], [ 120.387399407775362, -3.692365076234827 ], [ 120.387561104526526, -3.691576199383653 ], [ 120.388486369269145, -3.690859038001733 ], [ 120.391325045566987, -3.690374953741585 ], [ 120.393211507663636, -3.689702614053761 ], [ 120.394118806100579, -3.689917762809224 ], [ 120.395088986607433, -3.689675720455665 ], [ 120.395636958930766, -3.689729507651043 ] ] ] } },
{ "type": "Feature", "properties": { "FID": 386, "REMARK": "Tegalan/Ladang" }, "geometry": { "type": "Polygon", "coordinates": [ [ [ 120.366944768755971, -3.690410811843976 ], [ 120.367106465507135, -3.691074186477115 ], [ 120.366989684520163, -3.692418863267338 ], [ 120.366208150223002, -3.692642975867728 ], [ 120.365561363218433, -3.69233818271735 ], [ 120.365839840956497, -3.691746525126754 ], [ 120.365767975733775, -3.691576199383653 ], [ 120.365013390895129, -3.691378980061355 ], [ 120.364411519654752, -3.690652853997257 ], [ 120.364411519654752, -3.690482528044416 ], [ 120.364842710991141, -3.690509421618089 ], [ 120.3653367843974, -3.69020462773546 ], [ 120.365435599078651, -3.689227493700893 ], [ 120.366010520860499, -3.689917762809224 ], [ 120.366944768755971, -3.690410811843976 ] ] ] } },
{ "type": "Feature", "properties": { "FID": 387, "REMARK": "Tegalan/Ladang" }, "geometry": { "type": "Polygon", "coordinates": [ [ [ 120.397810881918332, -3.672651909765747 ], [ 120.398188174337648, -3.672786380318635 ], [ 120.398816995036555, -3.672651909765747 ], [ 120.398897843412115, -3.67298360375956 ], [ 120.399526664110994, -3.672822239129317 ], [ 120.399706327167806, -3.673512520954151 ], [ 120.398493601534241, -3.673835249935845 ], [ 120.397406640040458, -3.673440803386814 ], [ 120.397101212843864, -3.673915932163031 ], [ 120.39637357746372, -3.674014543764129 ], [ 120.39502610453755, -3.672535368603525 ], [ 120.395520177943823, -3.671791297747598 ], [ 120.39534949803982, -3.671459603310786 ], [ 120.396301712240998, -3.671782333034709 ], [ 120.397810881918332, -3.672651909765747 ] ] ] } },
{ "type": "Feature", "properties": { "FID": 388, "REMARK": "Tegalan/Ladang" }, "geometry": { "type": "Polygon", "coordinates": [ [ [ 120.381120183939387, -3.66409954101925 ], [ 120.380931537729722, -3.664413308613991 ], [ 120.380185936043901, -3.664117470599056 ], [ 120.379763727860364, -3.664144364968092 ], [ 120.379646946873436, -3.665193244729875 ], [ 120.379314570218298, -3.665336681182903 ], [ 120.378991176716013, -3.665273927737534 ], [ 120.378883378881923, -3.664906371754819 ], [ 120.379233721842724, -3.663893350825648 ], [ 120.37801201305632, -3.66290722315579 ], [ 120.378559985379653, -3.662692067883419 ], [ 120.379593047956391, -3.66290722315579 ], [ 120.379871525694455, -3.66311341357661 ], [ 120.380033222445604, -3.663525794275734 ], [ 120.381003402952445, -3.663902315617662 ], [ 120.381120183939387, -3.66409954101925 ] ] ] } },
{ "type": "Feature", "properties": { "FID": 389, "REMARK": "Tegalan/Ladang" }, "geometry": { "type": "Polygon", "coordinates": [ [ [ 120.360512831321685, -3.652794869494985 ], [ 120.36000977476256, -3.652830729106622 ], [ 120.359102476325631, -3.651772869961107 ], [ 120.359857061164263, -3.651656326080704 ], [ 120.360018757915412, -3.65147702777362 ], [ 120.360512831321685, -3.652794869494985 ] ] ] } },
{ "type": "Feature", "properties": { "FID": 390, "REMARK": "Tegalan/Ladang" }, "geometry": { "type": "Polygon", "coordinates": [ [ [ 120.313360262058239, -3.793953953569893 ], [ 120.312991952791762, -3.793550597511678 ], [ 120.313018902250278, -3.793192058635198 ], [ 120.313189582154266, -3.792923154380218 ], [ 120.31370162186623, -3.793066569993287 ], [ 120.313872301770203, -3.792869373519182 ], [ 120.313800436547481, -3.7926004691638 ], [ 120.314303493106564, -3.793075533468313 ], [ 120.314312476259417, -3.793487853219033 ], [ 120.314581970844642, -3.793685049552004 ], [ 120.314581970844642, -3.793828465038626 ], [ 120.314330442565094, -3.7938105381041 ], [ 120.314222644731004, -3.794052551688816 ], [ 120.314761633901469, -3.794294565205742 ], [ 120.313360262058239, -3.793953953569893 ] ] ] } },
{ "type": "Feature", "properties": { "FID": 391, "REMARK": "Tegalan/Ladang" }, "geometry": { "type": "Polygon", "coordinates": [ [ [ 120.313162632695736, -3.780230778474456 ], [ 120.314689768678733, -3.78013217878108 ], [ 120.314806549665661, -3.780374196190264 ], [ 120.314537055080436, -3.780929939614958 ], [ 120.313710605019068, -3.781727699714778 ], [ 120.313584840879273, -3.782247587924021 ], [ 120.313234497918472, -3.782606131334905 ], [ 120.311779227158198, -3.78316187332861 ], [ 120.312030755437746, -3.781969716678565 ], [ 120.313162632695736, -3.780230778474456 ] ] ] } },
{ "type": "Feature", "properties": { "FID": 392, "REMARK": "Tegalan/Ladang" }, "geometry": { "type": "Polygon", "coordinates": [ [ [ 120.314680785525894, -3.811450461514562 ], [ 120.314519088774759, -3.812293009791849 ], [ 120.314195695272474, -3.81251709164151 ], [ 120.313477043045168, -3.811665580302133 ], [ 120.313962133298617, -3.81273221016224 ], [ 120.313593824032111, -3.812866659210363 ], [ 120.313710605019068, -3.813198300105834 ], [ 120.313512975656536, -3.81399603038441 ], [ 120.311896008145141, -3.813718169360171 ], [ 120.311752277699682, -3.812785989784012 ], [ 120.312075671201953, -3.811656617020391 ], [ 120.312857205499142, -3.811692470146796 ], [ 120.314581970844642, -3.811280159102907 ], [ 120.314680785525894, -3.811450461514562 ] ] ] } },
{ "type": "Feature", "properties": { "FID": 393, "REMARK": "Tegalan/Ladang" }, "geometry": { "type": "Polygon", "coordinates": [ [ [ 120.358473655626725, -3.804745899012044 ], [ 120.360764359601234, -3.807712763993699 ], [ 120.361411146605818, -3.808196783292708 ], [ 120.362255562972862, -3.808474646100652 ], [ 120.362794552143356, -3.809075187992012 ], [ 120.362902349977446, -3.809765362483902 ], [ 120.362462175488204, -3.811979295104216 ], [ 120.362659804850736, -3.812543981459545 ], [ 120.36229149558423, -3.813027998040358 ], [ 120.361491994981378, -3.812956291897432 ], [ 120.361438096064333, -3.812750136703205 ], [ 120.360800292212602, -3.812624650908603 ], [ 120.360620629155775, -3.812042038050898 ], [ 120.361150635173402, -3.811504241216499 ], [ 120.360926056352369, -3.811172599667645 ], [ 120.360539780780215, -3.81113674651957 ], [ 120.359892993775631, -3.811710396709437 ], [ 120.359309088840973, -3.811898625594611 ], [ 120.360135538902341, -3.809828105592079 ], [ 120.360045707373928, -3.809200674304439 ], [ 120.359596549731876, -3.808653912380753 ], [ 120.359057560561396, -3.808582205873194 ], [ 120.358195177888661, -3.808967628281082 ], [ 120.357898733844877, -3.808958664971231 ], [ 120.356955502796581, -3.808268489832377 ], [ 120.356093120123816, -3.808582205873194 ], [ 120.355428366813555, -3.808573242559329 ], [ 120.35515887222833, -3.80889592179966 ], [ 120.353991062358972, -3.808671839006709 ], [ 120.353622753092495, -3.808752508818893 ], [ 120.354197674874314, -3.808268489832377 ], [ 120.354494118918069, -3.80738112098356 ], [ 120.354512085223746, -3.806843321236112 ], [ 120.354781579809, -3.806690944579934 ], [ 120.354601916752188, -3.806377227849956 ], [ 120.354350388472611, -3.806520641226413 ], [ 120.354125809651592, -3.805857354160103 ], [ 120.354610899905026, -3.804719008950373 ], [ 120.356075153818139, -3.804772789072875 ], [ 120.357674155023858, -3.804306694566327 ], [ 120.358132295818777, -3.804414254859448 ], [ 120.358473655626725, -3.804745899012044 ] ] ] } },
{ "type": "Feature", "properties": { "FID": 394, "REMARK": "Tegalan/Ladang" }, "geometry": { "type": "MultiPolygon", "coordinates": [ [ [ [ 120.318678288540241, -4.23906805501045 ], [ 120.318193198286792, -4.23933681229444 ], [ 120.318408793955001, -4.239112847897604 ], [ 120.318678288540241, -4.23906805501045 ] ] ], [ [ [ 120.318678288540241, -4.23906805501045 ], [ 120.318848968444215, -4.238763463308967 ], [ 120.319405923920385, -4.238673877491572 ], [ 120.319765250034024, -4.237034455200178 ], [ 120.320133559300501, -4.236264015108703 ], [ 120.320582716942582, -4.235816084470182 ], [ 120.320519834872698, -4.235636912142152 ], [ 120.319953896243689, -4.235350236330991 ], [ 120.319244227169222, -4.235556284581 ], [ 120.318875917902744, -4.235430863913616 ], [ 120.318507608636253, -4.235825043085494 ], [ 120.318678288540241, -4.236156511779113 ], [ 120.318462692872046, -4.236380477032231 ], [ 120.31742064714247, -4.236434228683329 ], [ 120.316540298164028, -4.236049008434582 ], [ 120.316037241604931, -4.234561877302609 ], [ 120.315561134504335, -4.233961648867457 ], [ 120.313351278905401, -4.233173288424513 ], [ 120.30985683245018, -4.231462185155356 ], [ 120.309596321017793, -4.232698480043056 ], [ 120.309704118851883, -4.232841818453051 ], [ 120.311015659166685, -4.233020991428224 ], [ 120.311563631490017, -4.233934772956486 ], [ 120.311267187446234, -4.234481249629433 ], [ 120.311635496712739, -4.234973974167643 ], [ 120.311114473847937, -4.235305443225902 ], [ 120.310440737384866, -4.235359194951697 ], [ 120.310440737384866, -4.236129635944381 ], [ 120.309686152546192, -4.236120677332596 ], [ 120.309695135699044, -4.235502532868897 ], [ 120.310081411271199, -4.235162105272188 ], [ 120.31009937757689, -4.234714173995688 ], [ 120.309623270476308, -4.234517084151881 ], [ 120.309488523183703, -4.233800393387634 ], [ 120.309030382388784, -4.233227040298402 ], [ 120.308545292135364, -4.233361419966796 ], [ 120.308185966021725, -4.234364787420014 ], [ 120.308015286117751, -4.235726498311354 ], [ 120.308931567707532, -4.236031091209042 ], [ 120.309057331847299, -4.236541731974321 ], [ 120.310027512354154, -4.236765697115897 ], [ 120.310449720537704, -4.236604442220499 ], [ 120.310440737384866, -4.236980703590794 ], [ 120.310270057480864, -4.237419674958107 ], [ 120.309955647131432, -4.237670515627552 ], [ 120.308105117646164, -4.237795935931761 ], [ 120.307611044239877, -4.238378244220518 ], [ 120.30713493713931, -4.239354729443384 ], [ 120.307422398030212, -4.240223710668572 ], [ 120.307179852903516, -4.240850809914797 ], [ 120.307691892615452, -4.241388323149342 ], [ 120.307655960004084, -4.242024379993786 ], [ 120.308365629078551, -4.242606685096384 ], [ 120.307961387200677, -4.2428933582164 ], [ 120.30732358334896, -4.242149799591439 ], [ 120.306820526789849, -4.240546218915909 ], [ 120.306784594178481, -4.238046776479147 ], [ 120.306497133287564, -4.237446550748011 ], [ 120.306209672396662, -4.23721362720448 ], [ 120.306335436536429, -4.236810490136429 ], [ 120.306730695261436, -4.236837365947503 ], [ 120.307045105610896, -4.236264015108703 ], [ 120.307224768667709, -4.234938139666352 ], [ 120.307170869750664, -4.233289750813222 ], [ 120.30735053280749, -4.232268464653838 ], [ 120.307099004527942, -4.23197282893521 ], [ 120.307664943156922, -4.230494648649083 ], [ 120.305598818003446, -4.229222515477636 ], [ 120.305769497907448, -4.22868499379152 ], [ 120.304314227147159, -4.227654742850986 ], [ 120.304224395618746, -4.227368064084848 ], [ 120.304646603802297, -4.226418439914768 ], [ 120.306326453383591, -4.224214590661298 ], [ 120.309596321017793, -4.220666917737053 ], [ 120.310880911874079, -4.220864011102703 ], [ 120.311177355917835, -4.221096939561235 ], [ 120.312084654354791, -4.220460865528556 ], [ 120.313126700084382, -4.220855052314441 ], [ 120.314078914285545, -4.220872969890863 ], [ 120.314384341482139, -4.22079234079371 ], [ 120.314860448582735, -4.220201060492077 ], [ 120.315327572530464, -4.219986049361663 ], [ 120.315686898644103, -4.219556026922233 ], [ 120.316189955203228, -4.219493315296588 ], [ 120.316279786731641, -4.21916183947691 ], [ 120.316719961220855, -4.21916183947691 ], [ 120.316863691666299, -4.219179757092402 ], [ 120.31661216338675, -4.219645614950085 ], [ 120.316917590583358, -4.220066678542545 ], [ 120.318265063509557, -4.221043186846239 ], [ 120.31914541248797, -4.221455290899428 ], [ 120.31925321032206, -4.221231321332443 ], [ 120.31787878793736, -4.220272730855649 ], [ 120.318022518382818, -4.219797914573713 ], [ 120.318552524400459, -4.220003966958139 ], [ 120.319055580959557, -4.219932296569757 ], [ 120.321040857737472, -4.218902034005834 ], [ 120.322020021397165, -4.217988234762056 ], [ 120.322190701301139, -4.218256999357105 ], [ 120.322603926331823, -4.218068864150333 ], [ 120.322487145344894, -4.217835934783588 ], [ 120.323825635118226, -4.217594046521127 ], [ 120.328020767495076, -4.218731816581111 ], [ 120.331137921530981, -4.21919767470748 ], [ 120.336635611069795, -4.219663532554415 ], [ 120.339366489533504, -4.22105214563233 ], [ 120.341270917935844, -4.22223470448877 ], [ 120.341073288573341, -4.224107085659479 ], [ 120.341333800005728, -4.223793529319078 ], [ 120.341450580992671, -4.2230857873992 ], [ 120.341944654398915, -4.222969323477111 ], [ 120.342016519621652, -4.22251242638319 ], [ 120.344316206748999, -4.222664725444388 ], [ 120.344316206748999, -4.222906612127206 ], [ 120.344971976906407, -4.222951405949083 ], [ 120.346445213972359, -4.222306374664586 ], [ 120.346660809640568, -4.222610972837966 ], [ 120.346894371614439, -4.222476591305624 ], [ 120.346750641168981, -4.222225745716328 ], [ 120.346966236837162, -4.222118240438952 ], [ 120.346840472697394, -4.221885312286887 ], [ 120.348448457055952, -4.221267156467503 ], [ 120.3486999853355, -4.221849477180364 ], [ 120.349301856575877, -4.22202865269643 ], [ 120.34934677234007, -4.221822600849387 ], [ 120.348951513615077, -4.221733013072742 ], [ 120.349032361990638, -4.221437373336447 ], [ 120.35114340290832, -4.22185843595715 ], [ 120.350909840934435, -4.222584096533359 ], [ 120.350406784375338, -4.222548261459102 ], [ 120.350020508803183, -4.223721859280621 ], [ 120.350245087624202, -4.224107085659479 ], [ 120.35003847510886, -4.225728617854333 ], [ 120.350846958864551, -4.225862998823326 ], [ 120.351224251283895, -4.225656947994682 ], [ 120.351296116506617, -4.225836122631391 ], [ 120.351044588227055, -4.226078008325278 ], [ 120.351116453449777, -4.226687201590357 ], [ 120.350559497973634, -4.226964921890586 ], [ 120.350245087624202, -4.227869751856006 ], [ 120.350406784375338, -4.228120595619813 ], [ 120.350846958864551, -4.228022049865142 ], [ 120.351017638768525, -4.228129554324162 ], [ 120.350981706157157, -4.228541654612248 ], [ 120.35072119472477, -4.228711869884681 ], [ 120.351053571379893, -4.229491276180858 ], [ 120.350793059947506, -4.229948169162365 ], [ 120.349508469091219, -4.231381557159335 ], [ 120.348870665239502, -4.231641358449793 ], [ 120.348394558138907, -4.231551771807756 ], [ 120.347918451038339, -4.231157590459671 ], [ 120.347163866199665, -4.231076962431938 ], [ 120.346400298208152, -4.231256135815503 ], [ 120.345340286172899, -4.231211342473498 ], [ 120.344962993753569, -4.231910118313716 ], [ 120.344352139360382, -4.232160960769217 ], [ 120.344432987735956, -4.232411803143449 ], [ 120.344684516015505, -4.232555141606522 ], [ 120.344720448626859, -4.233567468746356 ], [ 120.345133673657543, -4.234167697487222 ], [ 120.345133673657543, -4.23437374605213 ], [ 120.344819263308111, -4.234687298110853 ], [ 120.34508875789335, -4.23568170522805 ], [ 120.344621633945607, -4.236049008434582 ], [ 120.344145526845011, -4.23568170522805 ], [ 120.344100611080805, -4.235323360468248 ], [ 120.343956880635346, -4.235260650118219 ], [ 120.343678402897282, -4.235744415543949 ], [ 120.343301110477967, -4.237088206805828 ], [ 120.342762121307473, -4.23704341380138 ], [ 120.342169233219977, -4.237285295994576 ], [ 120.341252951630167, -4.236864241757644 ], [ 120.340363619498874, -4.237365923375497 ], [ 120.339833613481261, -4.237258420199069 ], [ 120.339555135743169, -4.23750926092082 ], [ 120.338881399280083, -4.237294254592872 ], [ 120.33892631504429, -4.238082610836416 ], [ 120.339348523227827, -4.238378244220518 ], [ 120.339752765105672, -4.238199072486071 ], [ 120.340228872206268, -4.238512622994102 ], [ 120.339213775935207, -4.239524942337635 ], [ 120.337596808423797, -4.240429757619896 ], [ 120.335710346327147, -4.240770182897364 ], [ 120.334901862571428, -4.240770182897364 ], [ 120.333347777129916, -4.240447674743502 ], [ 120.333087265697529, -4.240107249323957 ], [ 120.33270997327817, -4.23995495369298 ], [ 120.330697747041739, -4.23992807799028 ], [ 120.329898246438887, -4.23970411376477 ], [ 120.329161627905904, -4.239856409445179 ], [ 120.328155514787696, -4.239309936570247 ], [ 120.325810911896141, -4.239686196623925 ], [ 120.324014281327919, -4.239498066619981 ], [ 120.321669678436365, -4.238942634912608 ], [ 120.320340171815843, -4.239085972165622 ], [ 120.319289142933428, -4.238906800595203 ], [ 120.318678288540241, -4.23906805501045 ] ], [ [ 120.331335550893471, -4.238906800595203 ], [ 120.331623011784387, -4.239014303542438 ], [ 120.331883523216803, -4.23891575917471 ], [ 120.33227878194181, -4.238458871487471 ], [ 120.332341664011693, -4.238154279545972 ], [ 120.331829624299729, -4.237679474221385 ], [ 120.331371483504839, -4.237849687484479 ], [ 120.331021140544038, -4.238199072486071 ], [ 120.330500117679236, -4.238324492704542 ], [ 120.331335550893471, -4.238906800595203 ] ], [ [ 120.332566242832712, -4.238942634912608 ], [ 120.332970484710557, -4.239587652341856 ], [ 120.333123198308883, -4.239614528056395 ], [ 120.333284895060018, -4.238888883435877 ], [ 120.333042349933322, -4.238351368462999 ], [ 120.332862686876467, -4.238512622994102 ], [ 120.332727939583862, -4.23842303714764 ], [ 120.332835737417952, -4.23803781788957 ], [ 120.332683023819655, -4.237921356215626 ], [ 120.33249437760999, -4.237975107759627 ], [ 120.332377596623061, -4.238414078562424 ], [ 120.332566242832712, -4.238942634912608 ] ], [ [ 120.338234612275514, -4.238754504727694 ], [ 120.337983083995965, -4.23891575917471 ], [ 120.338297494345397, -4.239283060845118 ], [ 120.338566988930623, -4.239381605166021 ], [ 120.338998180267026, -4.239283060845118 ], [ 120.338665803611903, -4.238557415913439 ], [ 120.338378342720972, -4.238485747241254 ], [ 120.338234612275514, -4.238754504727694 ] ], [ [ 120.336150520816346, -4.238763463308967 ], [ 120.336006790370902, -4.23879033905216 ], [ 120.335818144161237, -4.239229309392058 ], [ 120.335701363174309, -4.239757865184811 ], [ 120.335782211549869, -4.239981829394745 ], [ 120.336626627916957, -4.240340171995636 ], [ 120.336896122502182, -4.240008705095574 ], [ 120.337605791576649, -4.239981829394745 ], [ 120.337560875812443, -4.23982953373905 ], [ 120.337093751864685, -4.239713072335037 ], [ 120.336887139349344, -4.239399522313926 ], [ 120.336590695305588, -4.239318895145082 ], [ 120.336536796388543, -4.238996386385604 ], [ 120.336150520816346, -4.238763463308967 ] ], [ [ 120.321903240410236, -4.237383840570115 ], [ 120.32196612248012, -4.237097165406405 ], [ 120.322280532829552, -4.236801531532531 ], [ 120.32220866760683, -4.236568607794735 ], [ 120.321840358340339, -4.236523814760193 ], [ 120.32172357735341, -4.236667152461593 ], [ 120.321606796366453, -4.237428633554845 ], [ 120.321759509964778, -4.237536136707612 ], [ 120.321903240410236, -4.237383840570115 ] ], [ [ 120.32309799973811, -4.237034455200178 ], [ 120.323286645947775, -4.236962786386834 ], [ 120.323295629100613, -4.236694028277648 ], [ 120.322648842096029, -4.236443187291483 ], [ 120.322576976873307, -4.236747779906956 ], [ 120.32309799973811, -4.237034455200178 ] ], [ [ 120.331596062325872, -4.235251691496371 ], [ 120.33138944981053, -4.234965015542476 ], [ 120.330724696500283, -4.234821677525698 ], [ 120.330554016596281, -4.235000850042522 ], [ 120.331272668823587, -4.235296484604573 ], [ 120.33138944981053, -4.235502532868897 ], [ 120.331631994937226, -4.23542190529374 ], [ 120.331596062325872, -4.235251691496371 ] ], [ [ 120.321498998532363, -4.234821677525698 ], [ 120.321759509964778, -4.234812718898768 ], [ 120.321103739807356, -4.23324495758887 ], [ 120.320663565318142, -4.232590976218143 ], [ 120.321031874584634, -4.233755600192834 ], [ 120.320816278916439, -4.234212490658175 ], [ 120.321157638724401, -4.234337911523044 ], [ 120.320968992514736, -4.234732091251726 ], [ 120.321498998532363, -4.234821677525698 ] ], [ [ 120.315408420906039, -4.233047867370923 ], [ 120.315911477465136, -4.232483472378303 ], [ 120.316558264469705, -4.231318846489957 ], [ 120.316576230775397, -4.229634615184454 ], [ 120.316243854120273, -4.22965253255804 ], [ 120.315785713325354, -4.230010879942717 ], [ 120.315219774696374, -4.230772367584746 ], [ 120.315174858932167, -4.231820531702773 ], [ 120.314887398041265, -4.232626810828106 ], [ 120.3150490947924, -4.233003074132572 ], [ 120.315408420906039, -4.233047867370923 ] ], [ [ 120.32003474461925, -4.230718615540455 ], [ 120.320367121274373, -4.230763408910955 ], [ 120.320403053885727, -4.230279640372442 ], [ 120.319882031020953, -4.230207970933633 ], [ 120.319774233186862, -4.230512566002776 ], [ 120.32003474461925, -4.230718615540455 ] ], [ [ 120.320753396846555, -4.232134084795728 ], [ 120.321094756654517, -4.232008663573783 ], [ 120.321022891431781, -4.231551771807756 ], [ 120.320789329457924, -4.23149801981756 ], [ 120.320663565318142, -4.231677193103707 ], [ 120.320753396846555, -4.232134084795728 ] ], [ [ 120.331587079173019, -4.234794801644595 ], [ 120.331892506369641, -4.234902305163402 ], [ 120.332512343915667, -4.234660422225083 ], [ 120.332700990125332, -4.233657055155144 ], [ 120.332332680858855, -4.233612261952047 ], [ 120.331587079173019, -4.234794801644595 ] ], [ [ 120.34446892034731, -4.228183306548078 ], [ 120.344621633945607, -4.227914545391212 ], [ 120.344594684487092, -4.227529320903847 ], [ 120.344136543692173, -4.227350146658443 ], [ 120.343813150189902, -4.227941421511093 ], [ 120.344334173054705, -4.228237058768268 ], [ 120.34446892034731, -4.228183306548078 ] ], [ [ 120.315803679631045, -4.22753827961503 ], [ 120.316216904661758, -4.226991798043392 ], [ 120.315947410076504, -4.226373646293111 ], [ 120.315947410076504, -4.225970503581755 ], [ 120.316621146539603, -4.225020877700022 ], [ 120.31674691067937, -4.224447518114128 ], [ 120.316962506347551, -4.224187714412239 ], [ 120.316953523194712, -4.223972704386254 ], [ 120.316082157369138, -4.223372467748333 ], [ 120.315758763866839, -4.223560601669885 ], [ 120.315471302975922, -4.224116044410199 ], [ 120.315031128486723, -4.225979462310951 ], [ 120.314977229569678, -4.226821582393214 ], [ 120.315102993709445, -4.227368064084848 ], [ 120.315354521988993, -4.227583073169392 ], [ 120.315803679631045, -4.22753827961503 ] ], [ [ 120.313647722949156, -4.223453096577441 ], [ 120.313791453394629, -4.222960364713149 ], [ 120.313728571324745, -4.222530343921354 ], [ 120.312830256040627, -4.222449714996364 ], [ 120.312111603813321, -4.222619931605962 ], [ 120.311824142922404, -4.222987241004724 ], [ 120.311671429324107, -4.224107085659479 ], [ 120.311743294546844, -4.224734197960054 ], [ 120.312497879385475, -4.224707321728999 ], [ 120.313306363141194, -4.224268343156619 ], [ 120.313647722949156, -4.223453096577441 ] ], [ [ 120.31618097205039, -4.222521385152325 ], [ 120.316558264469705, -4.222521385152325 ], [ 120.316800809596415, -4.222306374664586 ], [ 120.316710978068002, -4.221894271063259 ], [ 120.316827759054945, -4.221401538209244 ], [ 120.316387584565732, -4.220550453452012 ], [ 120.316171988897551, -4.220622123783336 ], [ 120.315704864949794, -4.221616548947643 ], [ 120.315749780714, -4.222055529020272 ], [ 120.316055207910622, -4.222171993079501 ], [ 120.31618097205039, -4.222521385152325 ] ], [ [ 120.317977602618612, -4.222145116759692 ], [ 120.317869804784522, -4.222369086062996 ], [ 120.317303866155541, -4.222189910625525 ], [ 120.317061321028802, -4.222333250978812 ], [ 120.317097253640199, -4.223139539972731 ], [ 120.317941670007244, -4.223614354210522 ], [ 120.318786086374331, -4.22355164291275 ], [ 120.319055580959557, -4.223381426507536 ], [ 120.319199311405015, -4.223148498734624 ], [ 120.31914541248797, -4.221974900045954 ], [ 120.318202181439645, -4.221446332117989 ], [ 120.317995568924303, -4.221634466506488 ], [ 120.317977602618612, -4.222145116759692 ] ], [ [ 120.3405432825557, -4.223587477940669 ], [ 120.340794810835249, -4.223721859280621 ], [ 120.340965490739251, -4.223130581210735 ], [ 120.34067802984832, -4.223121622448635 ], [ 120.3405432825557, -4.223587477940669 ] ], [ [ 120.341702109272219, -4.224519188085542 ], [ 120.341953637551754, -4.224519188085542 ], [ 120.34199855331596, -4.224080209406695 ], [ 120.341603294590968, -4.224098126908655 ], [ 120.341333800005728, -4.224331054396456 ], [ 120.341360749464258, -4.224456476860917 ], [ 120.341702109272219, -4.224519188085542 ] ], [ [ 120.343678402897282, -4.225280681122836 ], [ 120.343947897482508, -4.225002960219377 ], [ 120.343292127325114, -4.224644610519585 ], [ 120.343094497962596, -4.225101506357794 ], [ 120.343678402897282, -4.225280681122836 ] ], [ [ 120.340237855359106, -4.226714077752792 ], [ 120.340498366791493, -4.226508027150317 ], [ 120.340309720581828, -4.22571070039004 ], [ 120.339689883035774, -4.225343392280822 ], [ 120.339447337909078, -4.225800287707361 ], [ 120.340022259690926, -4.226095925781083 ], [ 120.340013276538087, -4.226499068427227 ], [ 120.340237855359106, -4.226714077752792 ] ], [ [ 120.348340659221861, -4.227314311804393 ], [ 120.348412524444583, -4.227547238326109 ], [ 120.348978463073593, -4.227609949300766 ], [ 120.348843715780959, -4.227099302645301 ], [ 120.348520322278674, -4.227027632912352 ], [ 120.348340659221861, -4.227314311804393 ] ] ] ] } },
{ "type": "Feature", "properties": { "FID": 395, "REMARK": "Tegalan/Ladang" }, "geometry": { "type": "Polygon", "coordinates": [ [ [ 120.310880911874079, -4.196316544080468 ], [ 120.310584467830324, -4.196424052920953 ], [ 120.310323956397937, -4.196334462221578 ], [ 120.309973613437108, -4.196549479882813 ], [ 120.310009546048477, -4.196191117081196 ], [ 120.310467686843396, -4.195761081502184 ], [ 120.31085396241555, -4.196074649135261 ], [ 120.310880911874079, -4.196316544080468 ] ] ] } },
{ "type": "Feature", "properties": { "FID": 396, "REMARK": "Tegalan/Ladang" }, "geometry": { "type": "Polygon", "coordinates": [ [ [ 120.30972208515756, -4.176884078418413 ], [ 120.30950648948938, -4.176893037711444 ], [ 120.309353775891083, -4.176615299579866 ], [ 120.310081411271199, -4.176247968351616 ], [ 120.309991579742785, -4.176642177467864 ], [ 120.30972208515756, -4.176884078418413 ] ] ] } },
{ "type": "Feature", "properties": { "FID": 397, "REMARK": "Tegalan/Ladang" }, "geometry": { "type": "Polygon", "coordinates": [ [ [ 120.153100815371317, -3.932311762546251 ], [ 120.15308284906564, -3.932741938645103 ], [ 120.153433192026441, -3.933019760590942 ], [ 120.155059142690718, -3.93299287460023 ], [ 120.155310670970266, -3.933154190531483 ], [ 120.156361699852681, -3.934364059020433 ], [ 120.156765941730526, -3.934623956466592 ], [ 120.155247788900368, -3.93567250740859 ], [ 120.155355586734458, -3.935950328377126 ], [ 120.155867626446394, -3.935663545440318 ], [ 120.156182036795855, -3.935717317248493 ], [ 120.15661322813223, -3.937841300893768 ], [ 120.156694076507804, -3.939015314844555 ], [ 120.157376796123742, -3.93928417276814 ], [ 120.156631194437907, -3.939902545662676 ], [ 120.156092205267456, -3.940090746017607 ], [ 120.156119154725971, -3.939795002583598 ], [ 120.155948474821997, -3.939570954457538 ], [ 120.155122024760601, -3.939786040659714 ], [ 120.154807614411169, -3.939517182898304 ], [ 120.154439305144663, -3.937939882281573 ], [ 120.154780664952611, -3.937070573277564 ], [ 120.154753715494095, -3.93595929034231 ], [ 120.154987277467981, -3.935815898887794 ], [ 120.154385406227618, -3.935762127085986 ], [ 120.153882349668521, -3.935520153934881 ], [ 120.152588775659382, -3.935780051020308 ], [ 120.15160062884685, -3.935735241183778 ], [ 120.151205370121829, -3.935529115904695 ], [ 120.150558583117274, -3.934830081969683 ], [ 120.150468751588861, -3.93425651522589 ], [ 120.150558583117274, -3.93376360598995 ], [ 120.151654527763895, -3.93309145656193 ], [ 120.151933005501974, -3.932553736629174 ], [ 120.151816224515031, -3.932311762546251 ], [ 120.152588775659382, -3.932464116606654 ], [ 120.152993017537227, -3.932141484445787 ], [ 120.153100815371317, -3.932311762546251 ] ] ] } },
{ "type": "Feature", "properties": { "FID": 398, "REMARK": "Tegalan/Ladang" }, "geometry": { "type": "Polygon", "coordinates": [ [ [ 120.246184245111792, -3.908606924587441 ], [ 120.246669335365198, -3.908848905531495 ], [ 120.247558667496492, -3.908920603575582 ], [ 120.248016808291396, -3.908589000070288 ], [ 120.248034774597087, -3.907755509599631 ], [ 120.247837145234556, -3.906993716509533 ], [ 120.248070707208441, -3.907047490162115 ], [ 120.248465965933448, -3.907791358669179 ], [ 120.248762409977203, -3.907925792666338 ], [ 120.249301399147683, -3.907576264228907 ], [ 120.251771766179019, -3.906859282363 ], [ 120.253918739708055, -3.906805508698354 ], [ 120.253981621777953, -3.905891355872093 ], [ 120.254233150057502, -3.905380505329546 ], [ 120.25513146534162, -3.904762106888338 ], [ 120.255490791455259, -3.905102674202181 ], [ 120.256335207822346, -3.905326731570137 ], [ 120.257080809508167, -3.906518715762037 ], [ 120.257404203010438, -3.906276734145769 ], [ 120.257574882914426, -3.905828619857302 ], [ 120.25785336065249, -3.905828619857302 ], [ 120.258006074250787, -3.906393243821573 ], [ 120.257763529124091, -3.907280509283474 ], [ 120.258491164504235, -3.908096075698476 ], [ 120.258527097115589, -3.908526264257239 ], [ 120.259012187369009, -3.909198433438511 ], [ 120.258976254757641, -3.90940456521281 ], [ 120.258131838390597, -3.909431451962244 ], [ 120.257970141639433, -3.90969135716231 ], [ 120.258500147657074, -3.910076733689956 ], [ 120.259712873290624, -3.910175318354619 ], [ 120.259883553194612, -3.910784750569688 ], [ 120.260081182557116, -3.910937108554217 ], [ 120.260970514688395, -3.910883335151075 ], [ 120.26102441360544, -3.911053617582521 ], [ 120.260745935867376, -3.91157342689607 ], [ 120.261437638636124, -3.911940878112836 ], [ 120.26115916089806, -3.913088041850204 ], [ 120.261823914208321, -3.915471986466484 ], [ 120.262434768601508, -3.916081414827821 ], [ 120.263216302898698, -3.91593801995919 ], [ 120.263494780636762, -3.916027641754962 ], [ 120.263467831178247, -3.916287544908438 ], [ 120.263027656689033, -3.916699804917366 ], [ 120.262030526723663, -3.916959707862096 ], [ 120.261635267998656, -3.917345081045351 ], [ 120.261662217457172, -3.917766302693783 ], [ 120.262416802295817, -3.917864886453216 ], [ 120.262569515894114, -3.918017243149492 ], [ 120.262614431658349, -3.918895534151664 ], [ 120.262282055003212, -3.919639392136242 ], [ 120.262300021308889, -3.920212968925545 ], [ 120.2641775002527, -3.921288424344883 ], [ 120.264339197003849, -3.92255208269445 ], [ 120.264869203021462, -3.922856794350959 ], [ 120.264653607353281, -3.923519989925097 ], [ 120.26479733779874, -3.923815739133014 ], [ 120.265237512287968, -3.923905360084436 ], [ 120.266531086297093, -3.923654421396221 ], [ 120.266845496646539, -3.923824701228588 ], [ 120.267061092314719, -3.924487896034301 ], [ 120.266549052602784, -3.925079393659962 ], [ 120.26601006343229, -3.925393066473266 ], [ 120.265533956331723, -3.926271349723609 ], [ 120.264518860060662, -3.926710491002285 ], [ 120.263890039361797, -3.926728415131201 ], [ 120.262910875702104, -3.927409531744795 ], [ 120.262111375099224, -3.927624621086236 ], [ 120.261365773413402, -3.927158594109718 ], [ 120.258796591700829, -3.924165260789188 ], [ 120.257700647054193, -3.923134619587984 ], [ 120.255652488206394, -3.922507272147357 ], [ 120.252948559201215, -3.922722362751491 ], [ 120.252427536336427, -3.922991225928797 ], [ 120.25152023789947, -3.924263843793972 ], [ 120.251915496624463, -3.924514782299101 ], [ 120.252319738502308, -3.925455801021787 ], [ 120.252804828755757, -3.925841170287864 ], [ 120.252957542354054, -3.926818035770008 ], [ 120.251915496624463, -3.926692566872983 ], [ 120.249525977968716, -3.925670890866647 ], [ 120.248403083863565, -3.924613365262631 ], [ 120.24732510552262, -3.923098771175495 ], [ 120.246848998422053, -3.922130863456899 ], [ 120.246022548360656, -3.921566250103326 ], [ 120.245780003233946, -3.92179926518436 ], [ 120.24573508746974, -3.922112939229314 ], [ 120.245914750526552, -3.923403482632624 ], [ 120.245582373871414, -3.923851587514737 ], [ 120.245438643425956, -3.924640251523392 ], [ 120.244612193364588, -3.925267597362084 ], [ 120.244163035722508, -3.925419952708924 ], [ 120.24333658566114, -3.926405780751821 ], [ 120.242941326936119, -3.926405780751821 ], [ 120.242833529102015, -3.926907656399194 ], [ 120.242285556778725, -3.92642370488728 ], [ 120.241126730062206, -3.926047297961818 ], [ 120.241072831145161, -3.924084601958437 ], [ 120.240524858821829, -3.924084601958437 ], [ 120.240174515861042, -3.924676099869727 ], [ 120.240282313695133, -3.92491807616724 ], [ 120.240605707197403, -3.924989772834519 ], [ 120.239851122358729, -3.928009989351008 ], [ 120.238665346183694, -3.929264675491562 ], [ 120.2390336554502, -3.930196726831479 ], [ 120.23949179624509, -3.930725486263158 ], [ 120.239842139205891, -3.930824068492999 ], [ 120.240147566402513, -3.931128777129727 ], [ 120.240470959904783, -3.932195256481271 ], [ 120.241117746909367, -3.932589584635485 ], [ 120.241234527896296, -3.932965988608652 ], [ 120.241072831145161, -3.933781529967274 ], [ 120.241153679520735, -3.934364059020433 ], [ 120.241396224647431, -3.934480564782186 ], [ 120.242016062193471, -3.934373021002683 ], [ 120.242213691555989, -3.934623956466592 ], [ 120.242249624167357, -3.935511191964972 ], [ 120.242420304071331, -3.935797974954244 ], [ 120.243597097093527, -3.936299844947826 ], [ 120.244333715626496, -3.93711538304223 ], [ 120.24506135100664, -3.937231888419073 ], [ 120.245276946674821, -3.937635176136083 ], [ 120.245905767373714, -3.937590366399397 ], [ 120.246148312500424, -3.937715833656038 ], [ 120.246318992404397, -3.938056387543016 ], [ 120.246678318518036, -3.938172892788151 ], [ 120.246561537531107, -3.938486560674758 ], [ 120.248394100710726, -3.938540332300593 ], [ 120.249049870868149, -3.938979467114847 ], [ 120.249561910580084, -3.93902427677674 ], [ 120.249642758955645, -3.939418601697353 ], [ 120.249427163287464, -3.94001905064932 ], [ 120.250002085069283, -3.940673270655866 ], [ 120.251951429235831, -3.941551537800739 ], [ 120.252220923821056, -3.941488804464008 ], [ 120.252292789043793, -3.941273718702144 ], [ 120.25300245811826, -3.941435033028757 ], [ 120.25162803573356, -3.942053404324206 ], [ 120.251223793855686, -3.94274347029934 ], [ 120.250002085069283, -3.942358108851379 ], [ 120.248412067016403, -3.940744965967764 ], [ 120.24781019577604, -3.940762889794772 ], [ 120.247594600107846, -3.940870432748715 ], [ 120.247387987592504, -3.941318528240453 ], [ 120.247513751732285, -3.941569461610364 ], [ 120.2482144376539, -3.941793509198082 ], [ 120.248205454501061, -3.942089251921435 ], [ 120.247891044151629, -3.942635927587647 ], [ 120.247603583260684, -3.942680737052544 ], [ 120.247307139216943, -3.942367070747545 ], [ 120.246759166893639, -3.942949593791202 ], [ 120.24654357122543, -3.943388726277338 ], [ 120.246148312500424, -3.943451459470702 ], [ 120.246157295653262, -3.943711354078492 ], [ 120.246417807085649, -3.943639659022392 ], [ 120.246408823932811, -3.944025019876212 ], [ 120.24605848097201, -3.944293876180025 ], [ 120.245249997216305, -3.944042943632504 ], [ 120.245124233076524, -3.943505230775534 ], [ 120.24495355317255, -3.943415611932216 ], [ 120.244944570019712, -3.942958555680993 ], [ 120.244001338971373, -3.942429804018012 ], [ 120.243893541137282, -3.941650118748897 ], [ 120.244037271582741, -3.941166175800351 ], [ 120.243866591678767, -3.940744965967764 ], [ 120.244351681932173, -3.940189327138913 ], [ 120.243507265565128, -3.938997390979895 ], [ 120.243103023687254, -3.938979467114847 ], [ 120.242555051363951, -3.939248325050014 ], [ 120.242321489390079, -3.939821888354671 ], [ 120.241944196970735, -3.939857736048083 ], [ 120.241728601302555, -3.939570954457538 ], [ 120.242222674708827, -3.938809190377643 ], [ 120.24210589372187, -3.938620989732829 ], [ 120.241126730062206, -3.939911507585305 ], [ 120.24129740996618, -3.940601575337788 ], [ 120.241827415983806, -3.941157213891241 ], [ 120.241935213817897, -3.942017556725432 ], [ 120.24220470840315, -3.942187832805842 ], [ 120.241548938245728, -3.942465651599012 ], [ 120.240201465319558, -3.941999632925466 ], [ 120.238970773380316, -3.941300604425419 ], [ 120.237982626567785, -3.940081784096909 ], [ 120.238288053764379, -3.939875659894209 ], [ 120.237443637397291, -3.938997390979895 ], [ 120.23714719335355, -3.939221439260407 ], [ 120.235548192147817, -3.938423827106894 ], [ 120.236491423196128, -3.936389464557709 ], [ 120.236509389501833, -3.935878632652183 ], [ 120.236230911763741, -3.93563665953493 ], [ 120.235449377466566, -3.935502229994966 ], [ 120.235090051352913, -3.935806936921067 ], [ 120.234991236671661, -3.936255035139268 ], [ 120.234622927405169, -3.93664039941406 ], [ 120.233455117535826, -3.937590366399397 ], [ 120.233131724033541, -3.937635176136083 ], [ 120.232664600085783, -3.937446975225793 ], [ 120.232745448461358, -3.936568703748534 ], [ 120.234173769763103, -3.936237111215171 ], [ 120.234371399125621, -3.935887594618139 ], [ 120.234137837151735, -3.935627697566273 ], [ 120.232682566391475, -3.935538077874411 ], [ 120.232691549544313, -3.935296104658211 ], [ 120.233616814286961, -3.934937625690178 ], [ 120.233985123553438, -3.934588108547804 ], [ 120.233769527885258, -3.934480564782186 ], [ 120.233509016452871, -3.934704614278223 ], [ 120.233050875657952, -3.934713576256812 ], [ 120.233293420784676, -3.934516412705602 ], [ 120.233122740880702, -3.934032465609341 ], [ 120.232664600085783, -3.933665024107769 ], [ 120.232260358207938, -3.933638138137876 ], [ 120.232107644609641, -3.933781529967274 ], [ 120.232026796234081, -3.934202743323414 ], [ 120.232287307666468, -3.93453433666673 ], [ 120.231658486967575, -3.934552260627475 ], [ 120.231541705980632, -3.934677728341881 ], [ 120.231685436426091, -3.934848005924062 ], [ 120.232197476138055, -3.934982435569619 ], [ 120.232332223430674, -3.935206484930666 ], [ 120.232404088653396, -3.935475344084368 ], [ 120.232062728845435, -3.935815898887794 ], [ 120.231999846775551, -3.936219187290686 ], [ 120.231380009229497, -3.936075795880924 ], [ 120.231568655439162, -3.936335692792937 ], [ 120.231487807063587, -3.936658323329477 ], [ 120.230670340155029, -3.936335692792937 ], [ 120.230382879264127, -3.936371540636503 ], [ 120.230023553150488, -3.936828600506693 ], [ 120.230068468914695, -3.937205002564325 ], [ 120.230319997194243, -3.937276698175056 ], [ 120.230616441237984, -3.937133306947421 ], [ 120.230867969517561, -3.937464899123844 ], [ 120.230966784198813, -3.938782304573847 ], [ 120.230589491779469, -3.939248325050014 ], [ 120.229619311272614, -3.93886296198263 ], [ 120.226556056153782, -3.938370055473534 ], [ 120.226097915358864, -3.938486560674758 ], [ 120.225810454467961, -3.938952581316553 ], [ 120.225397229437277, -3.93919455346993 ], [ 120.225181633769083, -3.938961543249414 ], [ 120.225172650616244, -3.938665799414026 ], [ 120.224633661445765, -3.938737494898924 ], [ 120.224489931000306, -3.938361093534303 ], [ 120.224220436415081, -3.938558256175098 ], [ 120.223672464091749, -3.937160192804484 ], [ 120.222405839541139, -3.936138529625733 ], [ 120.222199227025797, -3.935475344084368 ], [ 120.22242380584683, -3.934283401175827 ], [ 120.2220465134275, -3.933889073823128 ], [ 120.221345827505885, -3.933924921771995 ], [ 120.221130231837691, -3.934337173073099 ], [ 120.220483444833121, -3.934919701737726 ], [ 120.219755809453005, -3.935134789141688 ], [ 120.219513264326295, -3.935036207421767 ], [ 120.219486314867765, -3.934713576256812 ], [ 120.220160051330851, -3.934292363158948 ], [ 120.22024988285925, -3.934014541637414 ], [ 120.220025304038231, -3.933647100127937 ], [ 120.219612079007547, -3.933602290176671 ], [ 120.219315634963763, -3.933817377920767 ], [ 120.218866477321711, -3.93465084240467 ], [ 120.218525117513764, -3.934641880425407 ], [ 120.218372403915467, -3.934077275537471 ], [ 120.218543083819441, -3.933458898316429 ], [ 120.218740713181944, -3.933118342549459 ], [ 120.21946834856206, -3.932589584635485 ], [ 120.219450382256383, -3.932204218486848 ], [ 120.219710893688799, -3.932016016349503 ], [ 120.221166164449059, -3.932804672640969 ], [ 120.222172277567282, -3.932688166644888 ], [ 120.222603468903642, -3.932804672640969 ], [ 120.223501784187775, -3.932249028513285 ], [ 120.224067722816784, -3.933306544437884 ], [ 120.223995857594019, -3.934086237522807 ], [ 120.224139588039506, -3.934355097038084 ], [ 120.22493010548952, -3.934059351566508 ], [ 120.225756555550916, -3.93404142759516 ], [ 120.226627921376519, -3.93271505264543 ], [ 120.226672837140711, -3.932473078609339 ], [ 120.226313511027072, -3.931926396269168 ], [ 120.226565039306621, -3.931182549230531 ], [ 120.226556056153782, -3.930420777479056 ], [ 120.227077079018557, -3.930080220470951 ], [ 120.228101158442456, -3.930160878722281 ], [ 120.228523366625993, -3.929990600182546 ], [ 120.228559299237347, -3.929676929097292 ], [ 120.228155057359501, -3.929192979191505 ], [ 120.228182006818031, -3.928870345764999 ], [ 120.22851438347314, -3.928852421682091 ], [ 120.229062355796472, -3.929175055115528 ], [ 120.229188119936239, -3.92852978812388 ], [ 120.229358799840227, -3.928386395391293 ], [ 120.230598474932307, -3.928511864033654 ], [ 120.231972897317036, -3.927866596529092 ], [ 120.232484937028971, -3.928153382148281 ], [ 120.232880195753978, -3.928144420099174 ], [ 120.233544949064225, -3.92714066999004 ], [ 120.233293420784676, -3.926719453066792 ], [ 120.232898162059655, -3.926540211758385 ], [ 120.232655616932945, -3.92620861523637 ], [ 120.232188492985216, -3.923636497201321 ], [ 120.231847133177226, -3.923412444732621 ], [ 120.231047632574388, -3.923582724614314 ], [ 120.230598474932307, -3.923304899526302 ], [ 120.230885935823238, -3.922901604879308 ], [ 120.231676453273252, -3.922543120585224 ], [ 120.231901032094271, -3.92223840881433 ], [ 120.231865099482917, -3.921503515262718 ], [ 120.231380009229497, -3.920947863611785 ], [ 120.230131350984578, -3.920696924035458 ], [ 120.228945574809543, -3.920849280215783 ], [ 120.228765911752717, -3.92050871930378 ], [ 120.228280821499283, -3.920607302739944 ], [ 120.228433535097579, -3.920974749990495 ], [ 120.227669967106095, -3.920804469577394 ], [ 120.228343703569166, -3.921431818296257 ], [ 120.228361669874843, -3.921691719770416 ], [ 120.226933348573112, -3.921109181871075 ], [ 120.226187746887277, -3.91988136989221 ], [ 120.225217566380451, -3.919926180580076 ], [ 120.224570779375867, -3.920499757172643 ], [ 120.224121621733829, -3.920347400928621 ], [ 120.224094672275299, -3.91952288430284 ], [ 120.223771278773, -3.919531846444448 ], [ 120.224121621733829, -3.919218171431046 ], [ 120.224139588039506, -3.918635631808317 ], [ 120.224364166860525, -3.918339880767653 ], [ 120.224427048930423, -3.917013480875065 ], [ 120.224292301637803, -3.916628107539097 ], [ 120.223780261925839, -3.916009717396576 ], [ 120.223582632563335, -3.916072452649251 ], [ 120.223771278773, -3.916269620555616 ], [ 120.223834160842884, -3.916663956228999 ], [ 120.223429918965039, -3.917407816197918 ], [ 120.222738216196262, -3.917667718922732 ], [ 120.22215431126159, -3.91735404321029 ], [ 120.222253125942842, -3.918572896747824 ], [ 120.222917879253103, -3.919782786370456 ], [ 120.223295171672433, -3.920096461172062 ], [ 120.223277205366742, -3.920777583193208 ], [ 120.223124491768445, -3.921127106120186 ], [ 120.22253160368092, -3.920221931059756 ], [ 120.222342957471255, -3.920661075518404 ], [ 120.222055496580339, -3.920813431705264 ], [ 120.221471591645653, -3.920454946515521 ], [ 120.220860737252465, -3.920562492088584 ], [ 120.220824804641097, -3.921109181871075 ], [ 120.221247012824634, -3.921781340949664 ], [ 120.220959551933717, -3.922310105711595 ], [ 120.220303781776295, -3.922202560363391 ], [ 120.219890556745611, -3.921225689483423 ], [ 120.21970191053596, -3.921297386467565 ], [ 120.219710893688799, -3.921180878865211 ], [ 120.219378517033647, -3.921431818296257 ], [ 120.218803595251828, -3.921342197079531 ], [ 120.218291555539864, -3.921682757651964 ], [ 120.218273589234187, -3.921933696932328 ], [ 120.218839527863196, -3.922363878380508 ], [ 120.219378517033647, -3.923179430101433 ], [ 120.218049010413154, -3.923116695381932 ], [ 120.217860364203503, -3.923233202714399 ], [ 120.21774358321656, -3.923726118171974 ], [ 120.217851381050664, -3.923932246367989 ], [ 120.219171904518305, -3.924353464697317 ], [ 120.218309521845555, -3.924505820210931 ], [ 120.218525117513764, -3.924828455324484 ], [ 120.219216820282512, -3.924936000334636 ], [ 120.218713763723414, -3.925446838943716 ], [ 120.218318504998393, -3.926316160068753 ], [ 120.218138841941567, -3.926181729026109 ], [ 120.217995111496109, -3.924998734917496 ], [ 120.217465105478496, -3.925527497642896 ], [ 120.217060863600622, -3.925402028551914 ], [ 120.217222560351786, -3.926459553157044 ], [ 120.217222560351786, -3.92841328153053 ], [ 120.217923246273386, -3.929452878249888 ], [ 120.216548823888687, -3.929479764354756 ], [ 120.216144582010841, -3.929318447712559 ], [ 120.216207464080725, -3.929578346731849 ], [ 120.217159678281874, -3.929775511451084 ], [ 120.217240526657477, -3.929945790034732 ], [ 120.215596609687523, -3.930340119252862 ], [ 120.21539898032502, -3.930555207838708 ], [ 120.214446766123842, -3.930913688691829 ], [ 120.213566417145401, -3.930976422825282 ], [ 120.213602349756769, -3.930608979976502 ], [ 120.215201350962516, -3.929667967064552 ], [ 120.2156145759932, -3.929148169000842 ], [ 120.215596609687523, -3.928735915133797 ], [ 120.215219317268193, -3.928556674258496 ], [ 120.214851008001688, -3.928771763304236 ], [ 120.214554563957932, -3.929175055115528 ], [ 120.214222187302823, -3.929210903267097 ], [ 120.214087440010204, -3.928933080052149 ], [ 120.214222187302823, -3.927920368840198 ], [ 120.214644395486346, -3.927696317521063 ], [ 120.215192367809678, -3.927911406788586 ], [ 120.21574932328582, -3.927938292943129 ], [ 120.216144582010841, -3.927570848756074 ], [ 120.216234413539254, -3.927284062936689 ], [ 120.21615356516368, -3.926504363492084 ], [ 120.216369160831874, -3.925581270104688 ], [ 120.216243396692093, -3.925312407761099 ], [ 120.215363047713652, -3.92491807616724 ], [ 120.215012704752851, -3.925160052394637 ], [ 120.215111519434103, -3.924299692156465 ], [ 120.216216447233577, -3.924030829400275 ], [ 120.217483071784173, -3.923403482632624 ], [ 120.217842397897812, -3.92296433961496 ], [ 120.217698667452368, -3.922462461597859 ], [ 120.217177644587551, -3.922767173287049 ], [ 120.216584756500055, -3.922776135393874 ], [ 120.215578643381832, -3.922328029934949 ], [ 120.215677458063084, -3.921960583279326 ], [ 120.216297295609138, -3.921351159201637 ], [ 120.216441026054596, -3.9217186061252 ], [ 120.21661170595857, -3.921781340949664 ], [ 120.217456122325657, -3.921351159201637 ], [ 120.218183757705773, -3.921207765236427 ], [ 120.218830544710357, -3.920750696808155 ], [ 120.219351567575131, -3.919908256305218 ], [ 120.22024988285925, -3.919746937814207 ], [ 120.220609208972888, -3.919388452167206 ], [ 120.22069904050133, -3.918949307040205 ], [ 120.220097169260953, -3.918662518261375 ], [ 120.219980388274024, -3.918330918613274 ], [ 120.220636158431446, -3.917999318833722 ], [ 120.220905653016672, -3.916941783523672 ], [ 120.221543456868389, -3.916681880573374 ], [ 120.221974648204778, -3.915964906498929 ], [ 120.222109395497384, -3.915373402425164 ], [ 120.222639401515011, -3.914943217381728 ], [ 120.223124491768445, -3.913831904996507 ], [ 120.223115508615606, -3.912962570892943 ], [ 120.222639401515011, -3.912666817847895 ], [ 120.22180396830079, -3.912613044555758 ], [ 120.221480574798491, -3.912747477779628 ], [ 120.219818691522889, -3.913993224627806 ], [ 120.218839527863196, -3.914423410159336 ], [ 120.218632915347854, -3.915409251168805 ], [ 120.218192740858612, -3.916054528291823 ], [ 120.218004094648961, -3.91597386867865 ], [ 120.217869347356341, -3.915624343598415 ], [ 120.217752566369413, -3.914557843092615 ], [ 120.216827301626765, -3.914360674783085 ], [ 120.216512891277318, -3.915212083059779 ], [ 120.216782385862558, -3.916448864066552 ], [ 120.216027801023884, -3.916162074430629 ], [ 120.216243396692093, -3.91566019233131 ], [ 120.216180514622209, -3.915418213354476 ], [ 120.215210334115355, -3.915032839284006 ], [ 120.214770159626127, -3.914530956507687 ], [ 120.214626429180669, -3.913993224627806 ], [ 120.213817945424978, -3.913580963286057 ], [ 120.213898793800539, -3.913455492402635 ], [ 120.214455749276681, -3.913500303434587 ], [ 120.213952692717584, -3.91305219300719 ], [ 120.214671344944875, -3.911304560050007 ], [ 120.214707277556229, -3.910784750569688 ], [ 120.214383884053959, -3.910399374367548 ], [ 120.213826928577816, -3.911268711130682 ], [ 120.21267708501415, -3.911546540215345 ], [ 120.212739967084033, -3.911689935835905 ], [ 120.213674214979491, -3.911770595861686 ], [ 120.213494551922679, -3.912263518072741 ], [ 120.212191994760701, -3.912622006771355 ], [ 120.212209961066392, -3.91319558837004 ], [ 120.211509275144763, -3.91315973953163 ], [ 120.211257746865215, -3.913365870331541 ], [ 120.211114016419756, -3.91380501838827 ], [ 120.211661988743089, -3.914011149029363 ], [ 120.211114016419756, -3.914333788191825 ], [ 120.210458246262363, -3.91422624181815 ], [ 120.210036038078812, -3.914468221139493 ], [ 120.210027054925973, -3.914916330809174 ], [ 120.210997235432828, -3.914988028334066 ], [ 120.210691808236234, -3.915230007435247 ], [ 120.209362301615741, -3.91542717554005 ], [ 120.208059744453749, -3.91714791339237 ], [ 120.207421940602032, -3.916681880573374 ], [ 120.206712271527564, -3.915857360334789 ], [ 120.205984636147448, -3.915767738520783 ], [ 120.205742091020724, -3.915364440239014 ], [ 120.204223938190566, -3.915409251168805 ], [ 120.203568168033144, -3.91612622571923 ], [ 120.203684949020101, -3.915615381414951 ], [ 120.203298673447918, -3.915552646128019 ], [ 120.203038162015531, -3.915194158683929 ], [ 120.203729864784307, -3.915194158683929 ], [ 120.204700045291133, -3.914871519852998 ], [ 120.204673095832618, -3.913706434150681 ], [ 120.204340719177495, -3.912792288849456 ], [ 120.203972409911017, -3.912281442511315 ], [ 120.201996116285954, -3.910641354794242 ], [ 120.201645773325154, -3.909216357942636 ], [ 120.201439160809812, -3.908893716809767 ], [ 120.201484076574005, -3.908131924753467 ], [ 120.202993246251324, -3.906751735030262 ], [ 120.20302019570984, -3.906393243821573 ], [ 120.202076964661515, -3.906850320085797 ], [ 120.201555941796741, -3.906787584142706 ], [ 120.200531862372841, -3.905828619857302 ], [ 120.200091687883599, -3.905810695280786 ], [ 120.199489816643265, -3.905425316793088 ], [ 120.198250141551171, -3.905147485680557 ], [ 120.197899798590356, -3.90529984468914 ], [ 120.197495556712511, -3.905828619857302 ], [ 120.197235045280124, -3.905846544433434 ], [ 120.19703741591762, -3.904977202049999 ], [ 120.196372662607359, -3.904762106888338 ], [ 120.194809594012995, -3.902844172593731 ], [ 120.193983143951598, -3.902288508568473 ], [ 120.193704666213534, -3.902449830420129 ], [ 120.192923131916345, -3.902360207173034 ], [ 120.191988884020844, -3.902844172593731 ], [ 120.190084455618532, -3.902853134913706 ], [ 120.190300051286712, -3.901696994847329 ], [ 120.190677343706042, -3.900935196259534 ], [ 120.190749208928764, -3.900379530971623 ], [ 120.190479714343539, -3.89985075237259 ], [ 120.189284955015665, -3.898676683446463 ], [ 120.189302921321342, -3.896731848106682 ], [ 120.19009343877137, -3.894948331561267 ], [ 120.190407849120817, -3.89270772752921 ], [ 120.191261248640728, -3.892376117625882 ], [ 120.192177530230509, -3.892340267898781 ], [ 120.192617704719751, -3.891820446684324 ], [ 120.193399239016941, -3.891300625149031 ], [ 120.193677716755005, -3.891345437362984 ], [ 120.194144840702734, -3.891981770543837 ], [ 120.194396368982282, -3.891972808108008 ], [ 120.195025189681189, -3.891515723754269 ], [ 120.19590553865963, -3.891963845672084 ], [ 120.196273847926108, -3.891677047672149 ], [ 120.196444527830081, -3.891139301159055 ], [ 120.19669605610963, -3.891013826923269 ], [ 120.197738101839221, -3.891076564043499 ], [ 120.198896928555726, -3.890727028599867 ], [ 120.199112524223935, -3.890547779598159 ], [ 120.19919337259951, -3.88982182075126 ], [ 120.199642530241562, -3.889499172174101 ], [ 120.199696429158607, -3.88879113736348 ], [ 120.201448143962651, -3.888835949710897 ], [ 120.203442403893376, -3.889579834329973 ], [ 120.204726994749663, -3.890252018661965 ], [ 120.206667355763372, -3.890807690638192 ], [ 120.20721532808669, -3.888943499334979 ], [ 120.207134479711129, -3.887876964956144 ], [ 120.207314142767942, -3.887043453956109 ], [ 120.207916014008291, -3.886917979110557 ], [ 120.208158559135015, -3.887392990927407 ], [ 120.208553817860022, -3.887133078834357 ], [ 120.209353318462902, -3.887007604002141 ], [ 120.209245520628784, -3.886084467162631 ], [ 120.209874341327676, -3.885761817155195 ], [ 120.211563174061837, -3.886245792120067 ], [ 120.213180141573233, -3.887276478619741 ], [ 120.214087440010204, -3.887599128047685 ], [ 120.214949822682968, -3.887706677829562 ], [ 120.216548823888687, -3.88850433828359 ], [ 120.217087813059152, -3.888602925478307 ], [ 120.217249509810316, -3.888343013758269 ], [ 120.217240526657477, -3.887921777352159 ], [ 120.21763578538247, -3.887536390668588 ], [ 120.217572903312586, -3.887222703703078 ], [ 120.217132728823358, -3.886218904629304 ], [ 120.215839154814219, -3.885483979549898 ], [ 120.216575773347216, -3.884775941367848 ], [ 120.218129858788728, -3.883763176859535 ], [ 120.219001224614331, -3.883664589099119 ], [ 120.219198853976835, -3.885510867064087 ], [ 120.219001224614331, -3.886478817004108 ], [ 120.21812087563589, -3.888755287483829 ], [ 120.221121248684852, -3.889060011412247 ], [ 120.22207346288603, -3.888871799587116 ], [ 120.222747199349101, -3.889176523473409 ], [ 120.223393986353685, -3.88923926073044 ], [ 120.224894172878152, -3.88840575107734 ], [ 120.225747572398063, -3.886810429228083 ], [ 120.225891302843522, -3.885950029674531 ], [ 120.226448258319692, -3.884686316239147 ], [ 120.227750815481656, -3.883637701526097 ], [ 120.229215069394769, -3.882831073937184 ], [ 120.230364912958436, -3.883852802086282 ], [ 120.230535592862424, -3.884793866392447 ], [ 120.231182379866993, -3.886030692169963 ], [ 120.231146447255639, -3.886873166661193 ], [ 120.231892048941432, -3.887903852394039 ], [ 120.231874082635755, -3.886192017137684 ], [ 120.233167656644909, -3.88523302937614 ], [ 120.23308680826932, -3.889472284787094 ], [ 120.233455117535826, -3.890628441653647 ], [ 120.233535965911386, -3.892295455737759 ], [ 120.234039022470483, -3.893603969857689 ], [ 120.233715628968213, -3.894984181177302 ], [ 120.232727482155681, -3.895710135573371 ], [ 120.234578011640977, -3.895683248384685 ], [ 120.23566497313476, -3.895378526852871 ], [ 120.236168029693857, -3.895853533898515 ], [ 120.236805833545588, -3.895754947552604 ], [ 120.237219058576272, -3.895477113242887 ], [ 120.238162289624597, -3.895701173177238 ], [ 120.238395851598469, -3.895593624416197 ], [ 120.23881805978202, -3.894948331561267 ], [ 120.239985869651377, -3.894742196239438 ], [ 120.240237397930926, -3.894867669919608 ], [ 120.240417060987738, -3.895360602053444 ], [ 120.239617560384872, -3.895584662018821 ], [ 120.238728228253592, -3.896525713221815 ], [ 120.239186369048497, -3.896911095791591 ], [ 120.239689425607594, -3.897027606766299 ], [ 120.240030785415584, -3.896902133408254 ], [ 120.240273330542294, -3.896462976507698 ], [ 120.241225544743457, -3.896436089343073 ], [ 120.240677572420125, -3.896875246257666 ], [ 120.240704521878655, -3.897547424764504 ], [ 120.241459106717329, -3.898264414579614 ], [ 120.242438270377022, -3.898694608175219 ], [ 120.242366405154286, -3.899017253227464 ], [ 120.242051994804825, -3.899286124009743 ], [ 120.241504022481536, -3.89905310267007 ], [ 120.241018932228087, -3.899097914471178 ], [ 120.2400577348741, -3.898237527472582 ], [ 120.239770273983169, -3.897663935651058 ], [ 120.239114503825775, -3.897762521773228 ], [ 120.238836026087696, -3.898085167183151 ], [ 120.238862975546226, -3.898327151159349 ], [ 120.239922987581494, -3.898712532903592 ], [ 120.240183499013881, -3.899151688629352 ], [ 120.240372145223532, -3.900209246374356 ], [ 120.240237397930926, -3.900119622888251 ], [ 120.240345195765016, -3.900513966155619 ], [ 120.24016553270819, -3.900917271578562 ], [ 120.239401964716691, -3.900415380356125 ], [ 120.239455863633736, -3.900962083280274 ], [ 120.239204335354188, -3.902413981122439 ], [ 120.238332969528585, -3.902046525732895 ], [ 120.237776014052443, -3.902405018797777 ], [ 120.236428541126244, -3.902216809957792 ], [ 120.235620057370554, -3.901804542827609 ], [ 120.235593107912024, -3.902180960650156 ], [ 120.235359545938138, -3.902234734611036 ], [ 120.235134967117105, -3.902996532020305 ], [ 120.234182752915942, -3.904358803311668 ], [ 120.234146820304574, -3.904860692177607 ], [ 120.233877325719348, -3.904788993786559 ], [ 120.233796477343773, -3.904439464042503 ], [ 120.233967157247761, -3.903982386465304 ], [ 120.23453309587677, -3.903399836251339 ], [ 120.234551062182447, -3.902897946512149 ], [ 120.234326483361428, -3.902700775461116 ], [ 120.23405698877616, -3.902709737782623 ], [ 120.233886308872187, -3.902897946512149 ], [ 120.233814443649464, -3.903713517186005 ], [ 120.232961044129539, -3.904538049369665 ], [ 120.232377139194881, -3.905443241377835 ], [ 120.231559672286323, -3.905927205021297 ], [ 120.230957801045975, -3.906097488459099 ], [ 120.2308769526704, -3.906438055231035 ], [ 120.231317127159613, -3.906859282363 ], [ 120.232197476138055, -3.906688999079797 ], [ 120.232484937028971, -3.907011641060778 ], [ 120.233464100688664, -3.906554564884438 ], [ 120.233661730051168, -3.90624984729521 ], [ 120.234074955081851, -3.906904093747571 ], [ 120.235844636191572, -3.907101263811251 ], [ 120.236698035711498, -3.907683811455938 ], [ 120.237452620550144, -3.907889943602536 ], [ 120.237982626567785, -3.908257396433871 ], [ 120.238162289624597, -3.907925792666338 ], [ 120.23825212115301, -3.906841357808501 ], [ 120.239069588061568, -3.906617300844953 ], [ 120.240156549555351, -3.905505977421436 ], [ 120.240686555572978, -3.904744182289045 ], [ 120.241351308883239, -3.904484275556284 ], [ 120.242348438848609, -3.904358803311668 ], [ 120.243219804674183, -3.904573898576671 ], [ 120.243812692761722, -3.904896541370835 ], [ 120.244037271582741, -3.905604562623334 ], [ 120.244657109128795, -3.905801732992384 ], [ 120.244755923810047, -3.906375319257118 ], [ 120.244980502631066, -3.906724848194923 ], [ 120.246229160875998, -3.906760697308516 ], [ 120.247477819120917, -3.906169186738362 ], [ 120.247262223452736, -3.906653149963142 ], [ 120.246516621766901, -3.907531452880241 ], [ 120.246184245111792, -3.908606924587441 ] ], [ [ 120.246184245111792, -3.908606924587441 ], [ 120.245681188552695, -3.908320132267034 ], [ 120.245321862439027, -3.907755509599631 ], [ 120.244827789032769, -3.907531452880241 ], [ 120.24426185040376, -3.907621075575179 ], [ 120.243911507442959, -3.908078151170406 ], [ 120.244441513460586, -3.908221547384242 ], [ 120.244773890115724, -3.90885786778734 ], [ 120.24473795750437, -3.909028150630218 ], [ 120.244136086263993, -3.90905503739172 ], [ 120.243624046552057, -3.908893716809767 ], [ 120.242725731267925, -3.909234282446377 ], [ 120.242617933433834, -3.909521074454127 ], [ 120.24277963018497, -3.910381449888718 ], [ 120.242707764962248, -3.910802675039894 ], [ 120.241261477354826, -3.910784750569688 ], [ 120.241108763756529, -3.910524845708629 ], [ 120.241234527896296, -3.909870602080927 ], [ 120.241144696367883, -3.909583810192744 ], [ 120.24062367350308, -3.90940456521281 ], [ 120.240228414778088, -3.909646545926667 ], [ 120.240417060987738, -3.910202205079333 ], [ 120.240417060987738, -3.910829561744483 ], [ 120.241198595284942, -3.91118805105659 ], [ 120.242411320918492, -3.911017768652461 ], [ 120.243013192158841, -3.91125974890061 ], [ 120.24347133295376, -3.910623430320586 ], [ 120.245133216229362, -3.90969135716231 ], [ 120.245663222247018, -3.908804094250827 ], [ 120.246184245111792, -3.908606924587441 ] ], [ [ 120.246363908168604, -3.94022517481649 ], [ 120.24643577339134, -3.940422337015555 ], [ 120.246318992404397, -3.940476108516279 ], [ 120.245932716832243, -3.940287908248535 ], [ 120.245851868456668, -3.940718080226526 ], [ 120.245339828744704, -3.940431298932584 ], [ 120.24519609829926, -3.940520918097564 ], [ 120.245366778203234, -3.941596347324078 ], [ 120.245618306482811, -3.941972747224793 ], [ 120.246175261958953, -3.942026518625271 ], [ 120.246480689155547, -3.941811433002492 ], [ 120.246525604919739, -3.940924204220472 ], [ 120.246750183740801, -3.940422337015555 ], [ 120.246363908168604, -3.94022517481649 ] ], [ [ 120.243758793844663, -3.918689404713568 ], [ 120.243219804674183, -3.918779026214634 ], [ 120.243165905757138, -3.919415338596061 ], [ 120.24326472043839, -3.919531846444448 ], [ 120.244118119958316, -3.919442225024053 ], [ 120.244064221041256, -3.918752139765322 ], [ 120.243758793844663, -3.918689404713568 ] ], [ [ 120.240632656655933, -3.908230509646793 ], [ 120.240668589267287, -3.908364943573563 ], [ 120.241261477354826, -3.90844560391928 ], [ 120.242177758944607, -3.908140887016976 ], [ 120.242501152446906, -3.907880981336346 ], [ 120.241414190953122, -3.907594188767703 ], [ 120.240632656655933, -3.908230509646793 ] ], [ [ 120.2400577348741, -3.938845038114688 ], [ 120.240282313695133, -3.939176629609131 ], [ 120.240740454490023, -3.939122858024414 ], [ 120.240920117546835, -3.938746456834101 ], [ 120.240974016463881, -3.93790403450554 ], [ 120.240048751721261, -3.936864448329037 ], [ 120.239644509843387, -3.935968252307397 ], [ 120.239078571214407, -3.936765866813875 ], [ 120.239330099493955, -3.937464899123844 ], [ 120.240084684332629, -3.938280436076877 ], [ 120.2400577348741, -3.938845038114688 ] ], [ [ 120.23965349299624, -3.910883335151075 ], [ 120.239437897328045, -3.91124182444018 ], [ 120.239437897328045, -3.911761633636983 ], [ 120.239599594079181, -3.912075311444563 ], [ 120.239815189747375, -3.91211116032938 ], [ 120.240524858821829, -3.911125315438042 ], [ 120.240354178917855, -3.910919184086886 ], [ 120.23965349299624, -3.910883335151075 ] ], [ [ 120.239554678314988, -3.925805321991546 ], [ 120.23916840274282, -3.927113783809801 ], [ 120.239824172900214, -3.927418493801795 ], [ 120.240111633791145, -3.92619965316638 ], [ 120.239707391913285, -3.925760511618984 ], [ 120.239554678314988, -3.925805321991546 ] ], [ [ 120.234739708392112, -3.908364943573563 ], [ 120.234299533902899, -3.907827207737195 ], [ 120.233760544732419, -3.907603151036958 ], [ 120.231182379866993, -3.907612113306116 ], [ 120.230742205377766, -3.907244660192093 ], [ 120.230427795028334, -3.906706923637553 ], [ 120.229062355796472, -3.905649374074912 ], [ 120.228586248695905, -3.905111636498047 ], [ 120.227211826311176, -3.904627672384311 ], [ 120.226547073000944, -3.904009273388499 ], [ 120.225936218607728, -3.904269180268317 ], [ 120.225496044118515, -3.90484276758042 ], [ 120.225325364214541, -3.905505977421436 ], [ 120.225028920170772, -3.90565833636494 ], [ 120.224436032083261, -3.905523902004461 ], [ 120.224049756511093, -3.904815880683921 ], [ 120.223537716799129, -3.904573898576671 ], [ 120.223079576004238, -3.90529984468914 ], [ 120.222792115113307, -3.905066825017757 ], [ 120.222333974318417, -3.904233331048299 ], [ 120.221956681899087, -3.904107858766178 ], [ 120.221327861200194, -3.904699370789137 ], [ 120.220537343750166, -3.905900318159537 ], [ 120.219351567575131, -3.90633947012706 ], [ 120.21809392617736, -3.906590414005307 ], [ 120.218255622928496, -3.906975791957907 ], [ 120.219073089837053, -3.907701735992435 ], [ 120.220151068177998, -3.908131924753467 ], [ 120.220151068177998, -3.90858003781157 ], [ 120.2206720910428, -3.908364943573563 ], [ 120.221238029671795, -3.908884754554304 ], [ 120.223358053742317, -3.90901918837619 ], [ 120.223941958676974, -3.908929565830661 ], [ 120.224642644598603, -3.908248434171608 ], [ 120.225127734852009, -3.908248434171608 ], [ 120.226223679498645, -3.908687584909885 ], [ 120.227014196948673, -3.908705509424928 ], [ 120.227750815481656, -3.909117773165209 ], [ 120.229017440032266, -3.909297018206456 ], [ 120.229251002006137, -3.909592772440735 ], [ 120.229295917770344, -3.910121544902604 ], [ 120.229439648215788, -3.910273903007687 ], [ 120.230212199360139, -3.910435223324059 ], [ 120.230293047735714, -3.911161164363501 ], [ 120.231739335343136, -3.911197013287429 ], [ 120.231892048941432, -3.911430031255572 ], [ 120.231901032094271, -3.912335215824736 ], [ 120.231164413561316, -3.913464454609218 ], [ 120.231613571203368, -3.91380501838827 ], [ 120.231793234260181, -3.914611616259884 ], [ 120.232440021264765, -3.91542717554005 ], [ 120.232646633780107, -3.916861123996012 ], [ 120.233068841963629, -3.917829037814766 ], [ 120.233122740880702, -3.91856393459594 ], [ 120.233751561579567, -3.919003079925287 ], [ 120.233859359413671, -3.919836559201944 ], [ 120.234371399125621, -3.920759658936602 ], [ 120.234398348584151, -3.921270500099233 ], [ 120.235368529090977, -3.922453499487672 ], [ 120.235152933422796, -3.923206316408348 ], [ 120.235386495396682, -3.924102526143721 ], [ 120.234910388296086, -3.924559592738512 ], [ 120.23497327036597, -3.924971848668276 ], [ 120.23532361332677, -3.925393066473266 ], [ 120.236338709597831, -3.925823246139897 ], [ 120.236401591667715, -3.925285521521978 ], [ 120.236239894916579, -3.924210071247351 ], [ 120.236464473737598, -3.924138374513137 ], [ 120.236931597685356, -3.924335540517417 ], [ 120.237317873257524, -3.923304899526302 ], [ 120.237955677109255, -3.923986018932496 ], [ 120.238907891310433, -3.923932246367989 ], [ 120.239051621755891, -3.922408688935291 ], [ 120.238530598891089, -3.921548325863632 ], [ 120.238270087458702, -3.919003079925287 ], [ 120.238449750515514, -3.917622908113868 ], [ 120.239572644620665, -3.916726691432633 ], [ 120.239788240288846, -3.916072452649251 ], [ 120.239509762550782, -3.915749814156831 ], [ 120.238638396725179, -3.915713965427774 ], [ 120.2380095760263, -3.916529523633947 ], [ 120.237677199371191, -3.916197923140494 ], [ 120.238288053764379, -3.914244166214722 ], [ 120.238027542331992, -3.913088041850204 ], [ 120.238413817904146, -3.912604082340068 ], [ 120.238800093476343, -3.911197013287429 ], [ 120.239024672297361, -3.910892297385171 ], [ 120.238350935834262, -3.910946070787738 ], [ 120.23790177819221, -3.909825790854865 ], [ 120.238108390707552, -3.909816828609367 ], [ 120.238782127170651, -3.91057861913477 ], [ 120.23930315003544, -3.91045314780174 ], [ 120.239527728856459, -3.910076733689956 ], [ 120.239177385895658, -3.909565885696475 ], [ 120.237578384689911, -3.909028150630218 ], [ 120.235197849187003, -3.909413527462716 ], [ 120.234739708392112, -3.908364943573563 ] ], [ [ 120.239222301659865, -3.932652318642818 ], [ 120.239572644620665, -3.932643356642059 ], [ 120.239779257136007, -3.932016016349503 ], [ 120.239689425607594, -3.931908472251944 ], [ 120.238791110323504, -3.931890548234335 ], [ 120.238853992393388, -3.931684422004133 ], [ 120.239123486978613, -3.931514143775523 ], [ 120.239581627773504, -3.931460371696106 ], [ 120.239006705991684, -3.93100330888103 ], [ 120.238458733668352, -3.931917434260603 ], [ 120.238377885292792, -3.932356572566906 ], [ 120.239222301659865, -3.932652318642818 ] ], [ [ 120.238440767362675, -3.933512670266912 ], [ 120.238898908157594, -3.934202743323414 ], [ 120.239249251118395, -3.9342654772093 ], [ 120.239366032105323, -3.933620214157468 ], [ 120.238755177712108, -3.933494746283803 ], [ 120.238647379878017, -3.933207962501629 ], [ 120.238306020070056, -3.933046646580784 ], [ 120.238440767362675, -3.933512670266912 ] ], [ [ 120.237524485772866, -3.930160878722281 ], [ 120.23790177819221, -3.93069860019845 ], [ 120.238503649432559, -3.93079718243147 ], [ 120.238827042934858, -3.930680676154832 ], [ 120.238862975546226, -3.93034908127838 ], [ 120.23838686844563, -3.92974862535575 ], [ 120.237749064593913, -3.929820321608045 ], [ 120.237524485772866, -3.930160878722281 ] ], [ [ 120.236087181318283, -3.933665024107769 ], [ 120.235763787816012, -3.933862187860466 ], [ 120.23539547854952, -3.933718796044949 ], [ 120.235269714409725, -3.934220667291291 ], [ 120.235970400331354, -3.934301325141971 ], [ 120.236087181318283, -3.933665024107769 ] ], [ [ 120.234362415972782, -3.901177179415222 ], [ 120.23510801765859, -3.901786618165185 ], [ 120.235296663868255, -3.90176869350238 ], [ 120.23508106820006, -3.900639438974611 ], [ 120.234613944252331, -3.900612551943548 ], [ 120.234326483361428, -3.900746987090264 ], [ 120.234362415972782, -3.901177179415222 ] ], [ [ 120.230176266748785, -3.904564936275063 ], [ 120.230346946652759, -3.904340878703763 ], [ 120.230131350984578, -3.904367765615476 ], [ 120.230176266748785, -3.904564936275063 ] ], [ [ 120.222792115113307, -3.903480497074303 ], [ 120.223151441226975, -3.903991348773131 ], [ 120.223465851576407, -3.90367766794226 ], [ 120.222792115113307, -3.903480497074303 ] ], [ [ 120.219683944230269, -3.890574666950846 ], [ 120.218363420762614, -3.889606721713546 ], [ 120.218129858788728, -3.889902482876248 ], [ 120.219459365409222, -3.890879390221332 ], [ 120.219683944230269, -3.890574666950846 ] ], [ [ 120.21278488284824, -3.909467300960146 ], [ 120.21278488284824, -3.909628621431741 ], [ 120.213782012813581, -3.909180508934005 ], [ 120.214680328097714, -3.90844560391928 ], [ 120.214806092237481, -3.908096075698476 ], [ 120.213844894883493, -3.908911641320405 ], [ 120.213395737241427, -3.908911641320405 ], [ 120.213530484534033, -3.908373905834581 ], [ 120.213350821477221, -3.908400792617062 ], [ 120.21278488284824, -3.909467300960146 ] ], [ [ 120.210107903301548, -3.908409754877697 ], [ 120.210332482122567, -3.907110226085771 ], [ 120.209389251074271, -3.907423905633676 ], [ 120.208787379833893, -3.907836170003959 ], [ 120.208859245056615, -3.908114000226163 ], [ 120.209353318462902, -3.908517301997849 ], [ 120.209919257091883, -3.90858003781157 ], [ 120.210107903301548, -3.908409754877697 ] ], [ [ 120.207475839519077, -3.901293689798659 ], [ 120.206370911719617, -3.90126680278853 ], [ 120.206352945413926, -3.901813505158678 ], [ 120.20656854108212, -3.902458792744313 ], [ 120.207008715571348, -3.902387094148167 ], [ 120.207278210156574, -3.901921053124041 ], [ 120.208266356969119, -3.902154073668424 ], [ 120.208571784165713, -3.90177765583383 ], [ 120.208895177667983, -3.901652183184817 ], [ 120.207475839519077, -3.901293689798659 ] ], [ [ 120.206038535064494, -3.90350738401357 ], [ 120.205858872007653, -3.90350738401357 ], [ 120.20576904047924, -3.90368663025334 ], [ 120.205625310033781, -3.904699370789137 ], [ 120.205894804619035, -3.904824842982849 ], [ 120.206559557929268, -3.904600785480921 ], [ 120.206658372610519, -3.905165410271237 ], [ 120.207053631335555, -3.905219184040982 ], [ 120.207287193309426, -3.904986164347204 ], [ 120.207017698724187, -3.904233331048299 ], [ 120.206038535064494, -3.90350738401357 ] ], [ [ 120.206020568758817, -3.911878142550649 ], [ 120.206263113885527, -3.91155550244235 ], [ 120.20597565299461, -3.91115220213228 ], [ 120.205688192103679, -3.911107390974736 ], [ 120.205589377422427, -3.911367295655138 ], [ 120.206020568758817, -3.911878142550649 ] ], [ [ 120.204304786566141, -3.905255033218898 ], [ 120.205113270321846, -3.90442153943632 ], [ 120.205607343728104, -3.904179557215401 ], [ 120.206011585605978, -3.902091337374373 ], [ 120.206011585605978, -3.901714919511666 ], [ 120.205760057326401, -3.901410200165938 ], [ 120.205292933378672, -3.901410200165938 ], [ 120.204879708347988, -3.902001714089027 ], [ 120.204798859972414, -3.9023512448478 ], [ 120.205068354557639, -3.903220589950348 ], [ 120.204161056120682, -3.903247476897935 ], [ 120.203729864784307, -3.903408798565385 ], [ 120.20353223542179, -3.903605969450178 ], [ 120.203666982714424, -3.904197481826749 ], [ 120.203119010391092, -3.9045918231796 ], [ 120.203181892460989, -3.904941352860217 ], [ 120.203837662618398, -3.904986164347204 ], [ 120.204304786566141, -3.905255033218898 ] ], [ [ 120.204619196915573, -3.905497015129782 ], [ 120.204277837107611, -3.905532864295829 ], [ 120.203990376216694, -3.906034752459718 ], [ 120.204179022426359, -3.906536640323429 ], [ 120.204412584400231, -3.906644187683739 ], [ 120.204592247457043, -3.906563527164799 ], [ 120.204861742042297, -3.905882393584553 ], [ 120.204619196915573, -3.905497015129782 ] ], [ [ 120.204592247457043, -3.909700319409151 ], [ 120.203837662618398, -3.909234282446377 ], [ 120.203631050103056, -3.909279093704055 ], [ 120.20347833650473, -3.909574847944658 ], [ 120.20304714516837, -3.909709281655896 ], [ 120.202427307622315, -3.909323904959338 ], [ 120.20226561087118, -3.909530036702789 ], [ 120.20226561087118, -3.909996073501156 ], [ 120.202517139150757, -3.910220129561996 ], [ 120.203415454434847, -3.910049846961218 ], [ 120.204610213762734, -3.910462110040437 ], [ 120.204780893666737, -3.910148431629042 ], [ 120.204592247457043, -3.909700319409151 ] ], [ [ 120.202193745648444, -3.90330125079053 ], [ 120.202256627718342, -3.902001714089027 ], [ 120.202139846731399, -3.901831429820528 ], [ 120.201870352146173, -3.901795580496445 ], [ 120.201295430364326, -3.902010676417993 ], [ 120.200792373805228, -3.901517748182934 ], [ 120.200855255875112, -3.900442267393497 ], [ 120.200630677054093, -3.89994933823832 ], [ 120.199741344922813, -3.899097914471178 ], [ 120.19943591772622, -3.899581881770919 ], [ 120.198546585594926, -3.899922451185176 ], [ 120.199004726389816, -3.899250274577074 ], [ 120.199049642154023, -3.898864893079333 ], [ 120.198205225786978, -3.898425737203761 ], [ 120.197244028432962, -3.898560172700237 ], [ 120.196004353340882, -3.899411597012043 ], [ 120.195842656589733, -3.899761128848256 ], [ 120.196067235410766, -3.899985187641173 ], [ 120.196354696301682, -3.899985187641173 ], [ 120.196606224581231, -3.899761128848256 ], [ 120.197217078974433, -3.899823865316294 ], [ 120.197351826267052, -3.899680467668185 ], [ 120.197387758878421, -3.899142726269896 ], [ 120.197585388240924, -3.899017253227464 ], [ 120.197890815437518, -3.8990710273908 ], [ 120.198196242634125, -3.900119622888251 ], [ 120.199031675848346, -3.901060669015626 ], [ 120.199040659001184, -3.901302652135177 ], [ 120.198645400276177, -3.901921053124041 ], [ 120.198052512188681, -3.902001714089027 ], [ 120.196013336493721, -3.901060669015626 ], [ 120.19590553865963, -3.901293689798659 ], [ 120.195492313628918, -3.901150292401364 ], [ 120.194917391847085, -3.901517748182934 ], [ 120.195159936973795, -3.90186727914308 ], [ 120.195932488118146, -3.90175076883919 ], [ 120.196489443594288, -3.901849354481996 ], [ 120.19645351098292, -3.902091337374373 ], [ 120.195887572353939, -3.902548415980887 ], [ 120.19590553865963, -3.90303238129313 ], [ 120.196606224581231, -3.902405018797777 ], [ 120.197235045280124, -3.902342282522468 ], [ 120.197261994738639, -3.902593227595589 ], [ 120.196974533847737, -3.903238514582169 ], [ 120.196552325664172, -3.90368663025334 ], [ 120.196920634930677, -3.903543233264584 ], [ 120.197270977891478, -3.903130966785505 ], [ 120.19747759040682, -3.902270583916378 ], [ 120.197639287157969, -3.902180960650156 ], [ 120.197872849131826, -3.9023512448478 ], [ 120.197747084992059, -3.903122004468496 ], [ 120.198007596424475, -3.902638039207899 ], [ 120.198438787760836, -3.902297470894378 ], [ 120.198941844319933, -3.902378131823219 ], [ 120.199831176451212, -3.902261621590185 ], [ 120.200226435176248, -3.90297860738332 ], [ 120.200316266704661, -3.902306433220188 ], [ 120.200693559123977, -3.902225772284462 ], [ 120.201070851543307, -3.902476717392391 ], [ 120.201268480905796, -3.903480497074303 ], [ 120.201825436381966, -3.903516346326466 ], [ 120.202175779342767, -3.903731441807304 ], [ 120.202193745648444, -3.90330125079053 ] ], [ [ 120.192123631313464, -3.901921053124041 ], [ 120.192096681854949, -3.901419162501214 ], [ 120.192563805802706, -3.901060669015626 ], [ 120.192779401470887, -3.901338501480294 ], [ 120.193318390641338, -3.901320576807926 ], [ 120.193201609654409, -3.900576702567458 ], [ 120.193569918920915, -3.900585664911623 ], [ 120.193309407488499, -3.900254058113824 ], [ 120.19338127271125, -3.899976225290603 ], [ 120.193183643348732, -3.899716317082506 ], [ 120.192689569942473, -3.899895564131174 ], [ 120.192653637331105, -3.900298869850903 ], [ 120.192186513383348, -3.900298869850903 ], [ 120.192015833479374, -3.900962083280274 ], [ 120.191449894850393, -3.901015857319174 ], [ 120.191171417112315, -3.901248878114634 ], [ 120.19146786115607, -3.901517748182934 ], [ 120.191683456824251, -3.902198885304166 ], [ 120.192006850326536, -3.902243696937514 ], [ 120.192123631313464, -3.901921053124041 ] ] ] } },
{ "type": "Feature", "properties": { "FID": 399, "REMARK": "Tegalan/Ladang" }, "geometry": { "type": "Polygon", "coordinates": [ [ [ 120.105759599898221, -3.923018112241769 ], [ 120.10667588148803, -3.923511027826254 ], [ 120.107143005435788, -3.923484141529143 ], [ 120.107385550562483, -3.92326905112112 ], [ 120.109272012659119, -3.923932246367989 ], [ 120.109963715427909, -3.923690269784866 ], [ 120.110457788834154, -3.924210071247351 ], [ 120.111347120965448, -3.924658175696752 ], [ 120.111832211218882, -3.925491649333112 ], [ 120.112236453096727, -3.92562608048687 ], [ 120.112676627585941, -3.925437876865547 ], [ 120.112820358031414, -3.925213824880091 ], [ 120.112694593891618, -3.924837417409192 ], [ 120.112955105324033, -3.924219033338694 ], [ 120.112910189559827, -3.923242164816223 ], [ 120.114527157071237, -3.922749249073115 ], [ 120.115102078853084, -3.922166711910913 ], [ 120.115398522896839, -3.922095015001346 ], [ 120.114913432643391, -3.923242164816223 ], [ 120.114940382101921, -3.923932246367989 ], [ 120.114536140224075, -3.924156298697266 ], [ 120.113673757551311, -3.925160052394637 ], [ 120.113610875481427, -3.925545421797212 ], [ 120.113952235289403, -3.926441629022355 ], [ 120.113161717839375, -3.926674642743297 ], [ 120.113449178730292, -3.928296774920912 ], [ 120.114077999429185, -3.928861383723593 ], [ 120.114338510861572, -3.928843459640492 ], [ 120.114581055988282, -3.928547712213719 ], [ 120.114994281018966, -3.928610446525129 ], [ 120.115057163088849, -3.929013738414407 ], [ 120.116081242512749, -3.929847207701067 ], [ 120.116566332766183, -3.930501435697447 ], [ 120.116665147447435, -3.930806144452075 ], [ 120.116413619167886, -3.931729232058512 ], [ 120.117105321936648, -3.932024978357008 ], [ 120.117931771998045, -3.933082494565893 ], [ 120.119800267789017, -3.933915959784922 ], [ 120.120518920016295, -3.934005579651305 ], [ 120.120896212435653, -3.93385322587272 ], [ 120.120851296671447, -3.9341668953865 ], [ 120.12104892603395, -3.934749424170201 ], [ 120.120887229282815, -3.935412610289601 ], [ 120.12104892603395, -3.935744203151278 ], [ 120.120231459125392, -3.935932404446469 ], [ 120.119719419413457, -3.935502229994966 ], [ 120.119099581867403, -3.935547039844032 ], [ 120.118955851421944, -3.93567250740859 ], [ 120.118848053587854, -3.936362578675757 ], [ 120.117518546967361, -3.937706871709763 ], [ 120.116952608338352, -3.937769605331667 ], [ 120.11696159149119, -3.936998877649081 ], [ 120.116422602320739, -3.937034725464095 ], [ 120.116287855028119, -3.937500746918788 ], [ 120.115928528914452, -3.937617252241699 ], [ 120.11526377560422, -3.938952581316553 ], [ 120.11523682614569, -3.939499259044456 ], [ 120.115551236495136, -3.939803964507386 ], [ 120.115084112547393, -3.940090746017607 ], [ 120.114086982582023, -3.940099707938208 ], [ 120.113673757551311, -3.939938393352611 ], [ 120.113125785228007, -3.938970505182179 ], [ 120.114769702197933, -3.937133306947421 ], [ 120.114643938058165, -3.936371540636503 ], [ 120.11434749401441, -3.936138529625733 ], [ 120.114284611944527, -3.935511191964972 ], [ 120.113188667297905, -3.935081017295905 ], [ 120.113009004241079, -3.935824860854425 ], [ 120.112532897140483, -3.936066833916994 ], [ 120.112092722651269, -3.935806936921067 ], [ 120.111023727463163, -3.936004100166783 ], [ 120.110017614344954, -3.935331952546528 ], [ 120.109280995811957, -3.935242332822841 ], [ 120.108921669698319, -3.936290882986309 ], [ 120.10858929304321, -3.936497008076834 ], [ 120.108373697375029, -3.93616541551492 ], [ 120.108652175113093, -3.935600811659727 ], [ 120.108373697375029, -3.93545742014349 ], [ 120.108041320719877, -3.935699393312821 ], [ 120.107888607121581, -3.936272959062981 ], [ 120.107250803269878, -3.93694510592367 ], [ 120.106747746710752, -3.937133306947421 ], [ 120.105319425409007, -3.93694510592367 ], [ 120.105049930823782, -3.937662061976937 ], [ 120.105481122160143, -3.938199778611636 ], [ 120.105499088465834, -3.938414865168243 ], [ 120.106065027094843, -3.938701647157247 ], [ 120.106343504832907, -3.939087010299338 ], [ 120.105714684134014, -3.939373792056695 ], [ 120.10574163359253, -3.939821888354671 ], [ 120.105436206395936, -3.940404413181208 ], [ 120.105705700981176, -3.940520918097564 ], [ 120.105570953688556, -3.940709118312588 ], [ 120.105714684134014, -3.941210985344456 ], [ 120.105642818911278, -3.941435033028757 ], [ 120.104798402544205, -3.941255794886144 ], [ 120.104915183531162, -3.941677004460003 ], [ 120.104510941653288, -3.942196794703845 ], [ 120.10406178401125, -3.941838318708383 ], [ 120.103720424203289, -3.941291642517756 ], [ 120.101690231661166, -3.939974241041003 ], [ 120.101232090866262, -3.939812926431077 ], [ 120.100962596281022, -3.939875659894209 ], [ 120.100531404944661, -3.940350641675849 ], [ 120.099812752717355, -3.940440260849516 ], [ 120.099219864629845, -3.941193061527103 ], [ 120.098303583040035, -3.941202023435828 ], [ 120.097216621546252, -3.9405388419294 ], [ 120.096749497598495, -3.940547803845173 ], [ 120.096767463904186, -3.941058632884651 ], [ 120.096533901930314, -3.941237871069759 ], [ 120.096255424192236, -3.941246832977999 ], [ 120.095599654034828, -3.940870432748715 ], [ 120.095303209991073, -3.941273718702144 ], [ 120.094925917571757, -3.942420842122521 ], [ 120.09456659145809, -3.942456689703906 ], [ 120.094359978942748, -3.942340185058752 ], [ 120.094333029484218, -3.941856242511826 ], [ 120.094584557763767, -3.9405388419294 ], [ 120.093892854995005, -3.939821888354671 ], [ 120.094395911554102, -3.938594103922951 ], [ 120.094395911554102, -3.937590366399397 ], [ 120.094315063178541, -3.937393203529323 ], [ 120.094153366427406, -3.937375279629728 ], [ 120.093380815283055, -3.937518670815682 ], [ 120.09319216907339, -3.937733757548301 ], [ 120.092383685317699, -3.937787529222771 ], [ 120.09192554452278, -3.93905116257272 ], [ 120.091458420575051, -3.937912996449694 ], [ 120.090937397710249, -3.937446975225793 ], [ 120.090587054749449, -3.937438013276623 ], [ 120.09022772863581, -3.937706871709763 ], [ 120.089401278574414, -3.937751681440176 ], [ 120.089311447046001, -3.937895072561291 ], [ 120.089562975325549, -3.939409639769414 ], [ 120.089374329115884, -3.939463411335597 ], [ 120.088907205168127, -3.938952581316553 ], [ 120.089041952460775, -3.940001126806283 ], [ 120.088826356792566, -3.940090746017607 ], [ 120.088377199150514, -3.93989358373995 ], [ 120.08773041214593, -3.94055676576085 ], [ 120.087811260521505, -3.941291642517756 ], [ 120.089077885072143, -3.941677004460003 ], [ 120.089194666059072, -3.94194586152325 ], [ 120.089015003002245, -3.942143023314378 ], [ 120.088440081220398, -3.942250566089833 ], [ 120.087820243674344, -3.942053404324206 ], [ 120.087469900713543, -3.941766623490745 ], [ 120.08729922080957, -3.941811433002492 ], [ 120.087137524058434, -3.942797241649972 ], [ 120.086832096861841, -3.943101945904511 ], [ 120.087065658835698, -3.943800972889921 ], [ 120.086939894695931, -3.944401418677197 ], [ 120.086697349569221, -3.944249066802098 ], [ 120.086472770748173, -3.943048174573591 ], [ 120.086266158232831, -3.942752432191354 ], [ 120.085619371228276, -3.942949593791202 ], [ 120.084981567376545, -3.942913746231071 ], [ 120.084065285786735, -3.942671775159757 ], [ 120.084020370022529, -3.942411880226933 ], [ 120.082933408528746, -3.942331223162296 ], [ 120.083355616712296, -3.941157213891241 ], [ 120.083948504799807, -3.940744965967764 ], [ 120.084460544511757, -3.94001905064932 ], [ 120.08568225329816, -3.939311058555719 ], [ 120.08649073705385, -3.938387979351707 ], [ 120.087568715394795, -3.937930920337709 ], [ 120.089158733447704, -3.938137045022154 ], [ 120.089212632364749, -3.937877148672502 ], [ 120.088772457875521, -3.936730018987286 ], [ 120.08886228940392, -3.936497008076834 ], [ 120.089607891089756, -3.935977214272389 ], [ 120.089545009019872, -3.935699393312821 ], [ 120.089302463893162, -3.935618735597521 ], [ 120.088583811665856, -3.936407388478527 ], [ 120.087937024661301, -3.93595929034231 ], [ 120.087416001796498, -3.936147491588891 ], [ 120.086984810460137, -3.936039948024625 ], [ 120.086796164250472, -3.935314028602563 ], [ 120.08638293921976, -3.934659804383837 ], [ 120.084568342345861, -3.932965988608652 ], [ 120.084244948843548, -3.9322848765327 ], [ 120.08366104390889, -3.931567915851474 ], [ 120.083714942825935, -3.931155663180562 ], [ 120.082187806842938, -3.931379713570476 ], [ 120.082340520441235, -3.930295309123829 ], [ 120.084056302633897, -3.928852421682091 ], [ 120.083921555341277, -3.928404319484214 ], [ 120.083580195533315, -3.928476015852048 ], [ 120.083113071585558, -3.928207154440905 ], [ 120.082403402511119, -3.928440167668901 ], [ 120.081657800825297, -3.927947254994451 ], [ 120.081442205157117, -3.927633583140926 ], [ 120.081828480729271, -3.927364721458351 ], [ 120.081648817672459, -3.92642370488728 ], [ 120.08210695846735, -3.926235501445765 ], [ 120.0825291666509, -3.926352008343135 ], [ 120.082574082415107, -3.926217577306264 ], [ 120.082565099262268, -3.925939753094801 ], [ 120.081433222004279, -3.925590232181317 ], [ 120.081909329104846, -3.924909114083396 ], [ 120.082870526458862, -3.924201109155911 ], [ 120.082322554135558, -3.923242164816223 ], [ 120.082412385663972, -3.922874718562587 ], [ 120.080984064362198, -3.920329476662794 ], [ 120.081388306240072, -3.919773824231536 ], [ 120.081388306240072, -3.919424300738821 ], [ 120.080525923567308, -3.918348842921938 ], [ 120.082385436205442, -3.915902171238193 ], [ 120.082412385663972, -3.914844633278141 ], [ 120.082717812860565, -3.913733320762084 ], [ 120.084532409734493, -3.912908797619791 ], [ 120.083957487952645, -3.914280015006714 ], [ 120.083229852572501, -3.91422624181815 ], [ 120.082933408528746, -3.914593691871179 ], [ 120.083104088432719, -3.914961141762951 ], [ 120.084334780371961, -3.916162074430629 ], [ 120.084999533682222, -3.916377166666784 ], [ 120.085511573394157, -3.91729130805369 ], [ 120.08538580925439, -3.918339880767653 ], [ 120.085044449446428, -3.918698366864106 ], [ 120.084972584223706, -3.919038928513423 ], [ 120.084640207568583, -3.918707329014548 ], [ 120.084334780371961, -3.918922420596366 ], [ 120.083957487952645, -3.919979953402344 ], [ 120.083454431393548, -3.920535605696615 ], [ 120.083292734642413, -3.92098371211654 ], [ 120.083598161839006, -3.921270500099233 ], [ 120.084361729830491, -3.920741734679614 ], [ 120.084568342345861, -3.919827597063602 ], [ 120.08592479842487, -3.920105423307522 ], [ 120.086885995778886, -3.920535605696615 ], [ 120.086742265333427, -3.920257779595639 ], [ 120.086885995778886, -3.919746937814207 ], [ 120.086769214791943, -3.919567695009915 ], [ 120.086445821289644, -3.919639392136242 ], [ 120.086005646800444, -3.919504960019338 ], [ 120.085673270145321, -3.919818634925166 ], [ 120.08525106196177, -3.919630429995788 ], [ 120.085260045114609, -3.919245057865376 ], [ 120.085772084826573, -3.918913458448229 ], [ 120.085718185909528, -3.918510161682626 ], [ 120.085538522852687, -3.918456388765852 ], [ 120.08568225329816, -3.917667718922732 ], [ 120.08614039409305, -3.918626669657107 ], [ 120.086373956066922, -3.918796950513695 ], [ 120.087200406128318, -3.918779026214634 ], [ 120.087838209980049, -3.919280906443139 ], [ 120.088053805648244, -3.918510161682626 ], [ 120.088511946443134, -3.918931382744408 ], [ 120.088359232844837, -3.919720051396013 ], [ 120.088520929595973, -3.920732772550974 ], [ 120.089598907936917, -3.921324272835033 ], [ 120.089643823701124, -3.920938901485357 ], [ 120.089428228032929, -3.920248817461813 ], [ 120.089518059561343, -3.920123347578153 ], [ 120.089796537299421, -3.920221931059756 ], [ 120.090057048731808, -3.920616264869927 ], [ 120.090092981343162, -3.921566250103326 ], [ 120.090802650417629, -3.921422856175016 ], [ 120.090982313474456, -3.921888886352074 ], [ 120.091988426592664, -3.921664833414769 ], [ 120.091988426592664, -3.921369083445557 ], [ 120.091638083631864, -3.920831355960716 ], [ 120.091727915160277, -3.920562492088584 ], [ 120.093030472322255, -3.919872407754351 ], [ 120.09329996690748, -3.919379490024061 ], [ 120.093425731047247, -3.919630429995788 ], [ 120.093308950060319, -3.920177120387742 ], [ 120.093641326715456, -3.920607302739944 ], [ 120.093937770759212, -3.918940344892355 ], [ 120.094198282191599, -3.91856393459594 ], [ 120.094746254514931, -3.918796950513695 ], [ 120.094809136584814, -3.919334679306901 ], [ 120.095150496392776, -3.920087499036506 ], [ 120.096776447057024, -3.920544567827367 ], [ 120.097072891100794, -3.921064371246618 ], [ 120.097872391703646, -3.921162954617254 ], [ 120.098671892306527, -3.922220484589052 ], [ 120.099318679311097, -3.921476628901015 ], [ 120.100225977748039, -3.921628984939226 ], [ 120.100351741887835, -3.922641703781429 ], [ 120.100845815294093, -3.924021867306913 ], [ 120.101699214814019, -3.924021867306913 ], [ 120.102283119748677, -3.92425488170311 ], [ 120.102920923600408, -3.924165260789188 ], [ 120.102858041530524, -3.923528952023844 ], [ 120.103028721434498, -3.92256104480358 ], [ 120.103388047548151, -3.922292181487855 ], [ 120.103747373661804, -3.922516234256967 ], [ 120.103684491591892, -3.923349710030619 ], [ 120.103873137801585, -3.923519989925097 ], [ 120.103810255731702, -3.923878473800019 ], [ 120.104169581845341, -3.92338555843234 ], [ 120.105759599898221, -3.923018112241769 ] ], [ [ 120.093803023466606, -3.92414733660525 ], [ 120.092958607099519, -3.923484141529143 ], [ 120.092455550540421, -3.924505820210931 ], [ 120.092725045125661, -3.924568554826105 ], [ 120.093048438627932, -3.924039791493543 ], [ 120.09316521961486, -3.924066677772768 ], [ 120.093362848977364, -3.925527497642896 ], [ 120.093524545728528, -3.925715701244017 ], [ 120.093695225632516, -3.925563345951143 ], [ 120.093847939230812, -3.92485534157832 ], [ 120.094207265344451, -3.925106279905719 ], [ 120.093686242479663, -3.924452047679888 ], [ 120.093803023466606, -3.92414733660525 ] ], [ [ 120.095599654034828, -3.925464763099762 ], [ 120.095249311074028, -3.925733625394293 ], [ 120.094135400121715, -3.925868056509092 ], [ 120.093820989772283, -3.927060011446724 ], [ 120.092778944042706, -3.928404319484214 ], [ 120.092563348374512, -3.929049586572908 ], [ 120.09281487665406, -3.930411815454309 ], [ 120.092725045125661, -3.930940574749602 ], [ 120.092428601081906, -3.931164625197314 ], [ 120.092760977737015, -3.932007054341903 ], [ 120.092626230444409, -3.932087712406835 ], [ 120.09373115824387, -3.93367398609754 ], [ 120.094135400121715, -3.934561222607701 ], [ 120.094557608305237, -3.934856967901109 ], [ 120.094755237667769, -3.93460603250739 ], [ 120.094728288209254, -3.9342654772093 ], [ 120.093829972925121, -3.933172114521918 ], [ 120.093785057160915, -3.932948064613784 ], [ 120.094018619134786, -3.932750900644801 ], [ 120.095554738270621, -3.933521632258321 ], [ 120.096165592663837, -3.934346135055639 ], [ 120.096983059572395, -3.934659804383837 ], [ 120.097575947659891, -3.93465084240467 ], [ 120.096938143808188, -3.933279658456425 ], [ 120.096632716611566, -3.933028722587652 ], [ 120.095294226838234, -3.932499964616818 ], [ 120.092931657641003, -3.931899510243187 ], [ 120.094333029484218, -3.931092929060596 ], [ 120.093937770759212, -3.930716524241685 ], [ 120.093829972925121, -3.929918903944889 ], [ 120.094099467510347, -3.928771763304236 ], [ 120.094602524069444, -3.928081685752724 ], [ 120.096129660052469, -3.927310949111441 ], [ 120.097450183520124, -3.92752603847829 ], [ 120.096390171484856, -3.925644004639068 ], [ 120.095599654034828, -3.925464763099762 ] ], [ [ 120.093039455475093, -3.934516412705602 ], [ 120.092850809265428, -3.934579146567867 ], [ 120.092725045125661, -3.935081017295905 ], [ 120.092500466304628, -3.935260256768351 ], [ 120.091404521658006, -3.934982435569619 ], [ 120.090182812871603, -3.934301325141971 ], [ 120.090407391692622, -3.935188560984 ], [ 120.091027229238662, -3.935771089053195 ], [ 120.091566218409142, -3.935950328377126 ], [ 120.091988426592664, -3.936631437456207 ], [ 120.092886741876796, -3.936694171159153 ], [ 120.0934347142001, -3.937025763510486 ], [ 120.093758107702399, -3.937034725464095 ], [ 120.094063534898993, -3.936676247244508 ], [ 120.094054551746154, -3.936102681772135 ], [ 120.093039455475093, -3.934516412705602 ] ] ] } },
{ "type": "Feature", "properties": { "FID": 400, "REMARK": "Tegalan/Ladang" }, "geometry": { "type": "Polygon", "coordinates": [ [ [ 120.313360262058239, -3.793953953569893 ], [ 120.313054834861646, -3.794115295940454 ], [ 120.31302788540313, -3.79444694405199 ], [ 120.312138553271836, -3.794133222868658 ], [ 120.311464816808765, -3.79425871135566 ], [ 120.309892765061548, -3.795943840700776 ], [ 120.310297006939408, -3.797369027314416 ], [ 120.310683282511576, -3.798130918564147 ], [ 120.310341922703614, -3.798758357911852 ], [ 120.310153276493935, -3.800927501855628 ], [ 120.309883781908695, -3.800810977732825 ], [ 120.309874798755857, -3.802621581554727 ], [ 120.309569371559263, -3.803069750230478 ], [ 120.309380725349598, -3.802899446161141 ], [ 120.309254961209831, -3.803087676972661 ], [ 120.309021399235945, -3.802845665921729 ], [ 120.3089675003189, -3.803177310677985 ], [ 120.30950648948938, -3.803750966171314 ], [ 120.309461573725173, -3.803464138472379 ], [ 120.309668186240515, -3.803446211738027 ], [ 120.309793950380296, -3.803141457196973 ], [ 120.310054461812683, -3.803455175105249 ], [ 120.310521585760441, -3.803222127527151 ], [ 120.310656333053046, -3.803401394900512 ], [ 120.309434624266657, -3.804136390741427 ], [ 120.309236994904154, -3.804521815139143 ], [ 120.309156146528579, -3.805310590113253 ], [ 120.308078168187635, -3.806637164577197 ], [ 120.308015286117751, -3.807139111138779 ], [ 120.307422398030212, -3.807533497517597 ], [ 120.307188836056355, -3.807399047636024 ], [ 120.307116970833619, -3.806843321236112 ], [ 120.307395448571697, -3.80653856789679 ], [ 120.307386465418858, -3.806224851111303 ], [ 120.306236621855177, -3.805238883327269 ], [ 120.305994076728467, -3.804593521984812 ], [ 120.305913228352907, -3.801832804119505 ], [ 120.305113727750026, -3.801061952746991 ], [ 120.305284407654014, -3.800640673217335 ], [ 120.304475923898295, -3.800147686272402 ], [ 120.304332193452836, -3.800317990885235 ], [ 120.30417947985454, -3.800093905861365 ], [ 120.305014913068774, -3.799690552671707 ], [ 120.30566170007333, -3.798919699384668 ], [ 120.305473053863665, -3.798740431079679 ], [ 120.304763384789226, -3.798588052991153 ], [ 120.304448974439765, -3.799009333523197 ], [ 120.304233378771585, -3.798946589627204 ], [ 120.303856086352269, -3.797700674176368 ], [ 120.303011669985182, -3.797019453457129 ], [ 120.30269725963575, -3.796203780573005 ], [ 120.303056585749388, -3.796060365480762 ], [ 120.303694389601134, -3.796248597784447 ], [ 120.303694389601134, -3.796893965371268 ], [ 120.304296260841468, -3.797064270626231 ], [ 120.304332193452836, -3.797342137022727 ], [ 120.304763384789226, -3.797091160926574 ], [ 120.304853216317639, -3.796893965371268 ], [ 120.304745418483549, -3.796759513830461 ], [ 120.304925081540375, -3.79665195258274 ], [ 120.30487118262333, -3.796185853687777 ], [ 120.305167626667071, -3.796158963359238 ], [ 120.305455087557988, -3.79581835245859 ], [ 120.305221525584116, -3.795441887622629 ], [ 120.305320340265368, -3.795029568804483 ], [ 120.304943047846052, -3.795325362759193 ], [ 120.304565755426708, -3.795289508951896 ], [ 120.304188463007378, -3.795567375919517 ], [ 120.304062698867611, -3.795540485571719 ], [ 120.304098631478979, -3.795289508951896 ], [ 120.304296260841468, -3.794984751529782 ], [ 120.305302373959691, -3.794787555493468 ], [ 120.305778481060287, -3.794160113260264 ], [ 120.305994076728467, -3.793362364620075 ], [ 120.305356272876736, -3.793030716092251 ], [ 120.304763384789226, -3.794231820967123 ], [ 120.304332193452836, -3.794724811290654 ], [ 120.304107614631818, -3.794581395952826 ], [ 120.304035749409081, -3.794805482407721 ], [ 120.303460827627234, -3.794993714984907 ], [ 120.303002686832343, -3.794895116973401 ], [ 120.303272181417583, -3.794366272901441 ], [ 120.303353029793143, -3.793308583786371 ], [ 120.304035749409081, -3.791910280935403 ], [ 120.303577608614191, -3.790449231309456 ], [ 120.303415911863027, -3.789409464428051 ], [ 120.302984720526666, -3.789212267119888 ], [ 120.302894888998253, -3.789570807646749 ], [ 120.303487777085792, -3.791641376281658 ], [ 120.302849973234046, -3.792672177000083 ], [ 120.302544546037453, -3.793541634041578 ], [ 120.30202352317265, -3.793425108921832 ], [ 120.301969624255605, -3.792959008285717 ], [ 120.30215827046527, -3.792241929893154 ], [ 120.301367753015256, -3.791641376281658 ], [ 120.301394702473786, -3.792286747310119 ], [ 120.300702999704995, -3.7925018708792 ], [ 120.301170123652739, -3.792824556132429 ], [ 120.301358769862418, -3.793478889748283 ], [ 120.300954527984544, -3.79409736901188 ], [ 120.301349786709579, -3.794187003651034 ], [ 120.301601314989128, -3.793613341799767 ], [ 120.301816910657308, -3.793586451391144 ], [ 120.30269725963575, -3.794411090208232 ], [ 120.302670310177234, -3.794545542114649 ], [ 120.302077422089695, -3.794948897708345 ], [ 120.301475550849347, -3.794751701663848 ], [ 120.301412668779463, -3.795414997270923 ], [ 120.300900629067499, -3.795441887622629 ], [ 120.300622151329435, -3.795119203346911 ], [ 120.300694016552157, -3.794455907512696 ], [ 120.300226892604428, -3.793989807432621 ], [ 120.300208926298751, -3.793694013020615 ], [ 120.300604185023744, -3.79341614545043 ], [ 120.30056825241239, -3.792645286562175 ], [ 120.300343673591357, -3.79261839612343 ], [ 120.299741802350994, -3.792967971761859 ], [ 120.299517223529961, -3.792573578723662 ], [ 120.299607055058374, -3.792376382137075 ], [ 120.299939431713497, -3.79238534561926 ], [ 120.299804684420877, -3.792026806259382 ], [ 120.299553156141329, -3.792286747310119 ], [ 120.299759768656671, -3.791453142974271 ], [ 120.300478420883977, -3.791121493713925 ], [ 120.300550286106699, -3.79065539183572 ], [ 120.300424521966931, -3.790287888254619 ], [ 120.300002313783381, -3.790018983096336 ], [ 120.299687903433949, -3.790565756830341 ], [ 120.29919383002769, -3.790547829828148 ], [ 120.298888402831068, -3.790745026831811 ], [ 120.298609925093004, -3.790494048819346 ], [ 120.297837373948667, -3.790476121815669 ], [ 120.29772059296171, -3.78975007785445 ], [ 120.298699756621403, -3.788979215697741 ], [ 120.29905908273507, -3.788862689963127 ], [ 120.299157897416322, -3.78731199984701 ], [ 120.300397572508402, -3.787347853985121 ], [ 120.300756898622041, -3.787733285876009 ], [ 120.301206056264121, -3.788764091252347 ], [ 120.302652343871543, -3.789176413059029 ], [ 120.304619654343782, -3.78871031013264 ], [ 120.305589834850608, -3.788315915152649 ], [ 120.305832379977332, -3.78807389996229 ], [ 120.306128824021087, -3.787105838524048 ], [ 120.30735053280749, -3.786980348999074 ], [ 120.307709858921129, -3.78730303631225 ], [ 120.308194949174563, -3.787240291566332 ], [ 120.307476296947257, -3.78823524343005 ], [ 120.30993768082574, -3.788199389328704 ], [ 120.310386838467821, -3.787392671655671 ], [ 120.310692265664414, -3.787410598723242 ], [ 120.31209363750763, -3.78800219174474 ], [ 120.312201435341734, -3.788190425803134 ], [ 120.311671429324107, -3.788504149142797 ], [ 120.310189209105289, -3.788683419571534 ], [ 120.310018529201315, -3.78881787236871 ], [ 120.31018022595245, -3.789167449543581 ], [ 120.312408047857076, -3.78962458871296 ], [ 120.313108733778691, -3.790879479308524 ], [ 120.313863318617365, -3.790942223790502 ], [ 120.314285526800887, -3.791139420704223 ], [ 120.313755520783275, -3.791426252498441 ], [ 120.31346805989233, -3.791399362021775 ], [ 120.312929070721879, -3.791766865130482 ], [ 120.312354148940031, -3.791883390473791 ], [ 120.312363132092869, -3.792116441113294 ], [ 120.313162632695736, -3.792322601242016 ], [ 120.312641609830962, -3.792537724802174 ], [ 120.311824142922404, -3.793281693368264 ], [ 120.312884154957672, -3.793891209306537 ], [ 120.313360262058239, -3.793953953569893 ] ], [ [ 120.301017410054442, -3.789965202054647 ], [ 120.301224022569798, -3.790879479308524 ], [ 120.301933691644237, -3.790897406303839 ], [ 120.301709112823218, -3.790207216715913 ], [ 120.301691146517541, -3.789463245504294 ], [ 120.301412668779463, -3.78940050091502 ], [ 120.300963511137397, -3.789830749435794 ], [ 120.301017410054442, -3.789965202054647 ] ], [ [ 120.308257831244461, -3.793389255035672 ], [ 120.307512229558625, -3.793711939957559 ], [ 120.307575111628509, -3.794312492130225 ], [ 120.307449347488742, -3.794769628578844 ], [ 120.307188836056355, -3.795056459168188 ], [ 120.307664943156922, -3.795164020614637 ], [ 120.307530195864302, -3.794984751529782 ], [ 120.307646976851245, -3.794904080429458 ], [ 120.309452590572334, -3.79566597385428 ], [ 120.309272927515508, -3.794599322871357 ], [ 120.308733938345028, -3.794294565205742 ], [ 120.308877668790487, -3.794895116973401 ], [ 120.307880538825103, -3.794617249789515 ], [ 120.308275797550138, -3.794491761354593 ], [ 120.308257831244461, -3.793389255035672 ] ] ] } },
{ "type": "Feature", "properties": { "FID": 401, "REMARK": "Tegalan/Ladang" }, "geometry": { "type": "Polygon", "coordinates": [ [ [ 120.313162632695736, -3.780230778474456 ], [ 120.312848222346304, -3.779943942971685 ], [ 120.312794323429259, -3.780410050615508 ], [ 120.311922957603656, -3.780696885964098 ], [ 120.31154566518434, -3.781924898727405 ], [ 120.311392951586015, -3.781942825908147 ], [ 120.31131210321044, -3.781485682683418 ], [ 120.310701248817253, -3.781996607448147 ], [ 120.310503619454749, -3.782337223790647 ], [ 120.310368872162144, -3.783412853466999 ], [ 120.310252091175187, -3.783475598490238 ], [ 120.309335809585406, -3.78316187332861 ], [ 120.308913601401841, -3.783699687821849 ], [ 120.308689022580822, -3.783126019017192 ], [ 120.308150033410357, -3.782668876416558 ], [ 120.308167999716048, -3.781754590491869 ], [ 120.308015286117751, -3.781288483570873 ], [ 120.308320713314345, -3.780687922360892 ], [ 120.30834766277286, -3.780302487335324 ], [ 120.309551405253586, -3.779029654173478 ], [ 120.310243108022334, -3.778868308991399 ], [ 120.311033625472376, -3.779110326753263 ], [ 120.311860075533772, -3.778993799691165 ], [ 120.312524828844005, -3.778644218410949 ], [ 120.313593824032111, -3.779307526361153 ], [ 120.313674672407672, -3.779809488797102 ], [ 120.313162632695736, -3.780230778474456 ] ] ] } },
{ "type": "Feature", "properties": { "FID": 402, "REMARK": "Tegalan/Ladang" }, "geometry": { "type": "Polygon", "coordinates": [ [ [ 120.311617530407062, -3.813341712345331 ], [ 120.311761260852521, -3.813789875439542 ], [ 120.312111603813321, -3.814004993641761 ], [ 120.310602434136001, -3.814408340125795 ], [ 120.31020717541098, -3.814229075045151 ], [ 120.31007242811836, -3.81399603038441 ], [ 120.309982596589947, -3.813225189902562 ], [ 120.31061141728884, -3.813458234772304 ], [ 120.311105490695098, -3.813350675609505 ], [ 120.311285153751925, -3.81196136854718 ], [ 120.311410917891692, -3.811629727174607 ], [ 120.311572614642856, -3.811575947480518 ], [ 120.311967873367863, -3.811629727174607 ], [ 120.311707361935476, -3.812373679264454 ], [ 120.311617530407062, -3.813341712345331 ] ] ] } }
]
}
