{"type":"FeatureCollection","name":"AGRI_KEBUN","features":[{"type":"Feature","properties":{"FID":0,"REMARK":"Perkebunan/Kebun"},"geometry":{"type":"Polygon","coordinates":[[[120.055849,-4.274758],[120.055679,-4.275233],[120.055319,-4.275152],[120.054861,-4.276433],[120.054511,-4.276344],[120.054574,-4.276165],[120.054241,-4.276057],[120.05399,-4.276756],[120.053585,-4.276604],[120.05381,-4.275878],[120.054277,-4.27586],[120.054547,-4.275197],[120.054834,-4.275143],[120.055023,-4.274606],[120.055849,-4.274758]]]}},{"type":"Feature","properties":{"FID":1,"REMARK":"Perkebunan/Kebun"},"geometry":{"type":"Polygon","coordinates":[[[120.244657,-4.268084],[120.245106,-4.267735],[120.24534,-4.267842],[120.245654,-4.268613],[120.246337,-4.26907],[120.246669,-4.268667],[120.246885,-4.268676],[120.247226,-4.268075],[120.24746,-4.268102],[120.247541,-4.268255],[120.247352,-4.268828],[120.247442,-4.269589],[120.247918,-4.270046],[120.248349,-4.269867],[120.248924,-4.270163],[120.248915,-4.27062],[120.252832,-4.272644],[120.253101,-4.27259],[120.253568,-4.271918],[120.25426,-4.272107],[120.254745,-4.271963],[120.255311,-4.272223],[120.25541,-4.272501],[120.254413,-4.272796],[120.253497,-4.273432],[120.253362,-4.273388],[120.253029,-4.27397],[120.252374,-4.273603],[120.251808,-4.27285],[120.250002,-4.27173],[120.248717,-4.271103],[120.248448,-4.271596],[120.248161,-4.271471],[120.246804,-4.270691],[120.246427,-4.27062],[120.24543,-4.269777],[120.244199,-4.269186],[120.24304,-4.26907],[120.241154,-4.269312],[120.241145,-4.268837],[120.24083,-4.268819],[120.240821,-4.268389],[120.242762,-4.268246],[120.243552,-4.267314],[120.243831,-4.267359],[120.243858,-4.267672],[120.244226,-4.267735],[120.244657,-4.268084]],[[120.243166,-4.268335],[120.243157,-4.268873],[120.244558,-4.269123],[120.244621,-4.268917],[120.243696,-4.268568],[120.243669,-4.268299],[120.243166,-4.268335]]]}},{"type":"Feature","properties":{"FID":2,"REMARK":"Perkebunan/Kebun"},"geometry":{"type":"Polygon","coordinates":[[[120.009981,-4.267287],[120.008993,-4.266875],[120.009209,-4.265863],[120.008733,-4.265684],[120.008831,-4.264546],[120.009469,-4.264743],[120.009325,-4.265325],[120.009811,-4.265477],[120.009775,-4.266087],[120.01026,-4.266221],[120.009981,-4.267287]]]}},{"type":"Feature","properties":{"FID":3,"REMARK":"Perkebunan/Kebun"},"geometry":{"type":"Polygon","coordinates":[[[120.277724,-4.26485],[120.277958,-4.265227],[120.27953,-4.266436],[120.280284,-4.267251],[120.280877,-4.267601],[120.281093,-4.26795],[120.281084,-4.269607],[120.280257,-4.269643],[120.280203,-4.269831],[120.28023,-4.269966],[120.281174,-4.270261],[120.281219,-4.270736],[120.280257,-4.272984],[120.278703,-4.272787],[120.278344,-4.272599],[120.277913,-4.270709],[120.277005,-4.269867],[120.276889,-4.268891],[120.27644,-4.267305],[120.275901,-4.266696],[120.275918,-4.266024],[120.275182,-4.26537],[120.275775,-4.264806],[120.276179,-4.264949],[120.276871,-4.264152],[120.277428,-4.26391],[120.277724,-4.26485]]]}},{"type":"Feature","properties":{"FID":4,"REMARK":"Perkebunan/Kebun"},"geometry":{"type":"Polygon","coordinates":[[[120.009685,-4.263856],[120.009613,-4.264134],[120.00893,-4.264161],[120.009245,-4.263722],[120.009685,-4.263856]]]}},{"type":"Feature","properties":{"FID":5,"REMARK":"Perkebunan/Kebun"},"geometry":{"type":"Polygon","coordinates":[[[120.275056,-4.264904],[120.274823,-4.265182],[120.273897,-4.264841],[120.272586,-4.263444],[120.272433,-4.263068],[120.272622,-4.261572],[120.272945,-4.261616],[120.273179,-4.26184],[120.273179,-4.263148],[120.274463,-4.263596],[120.274787,-4.263856],[120.274993,-4.264125],[120.274894,-4.264483],[120.275119,-4.264689],[120.275056,-4.264904]]]}},{"type":"Feature","properties":{"FID":6,"REMARK":"Perkebunan/Kebun"},"geometry":{"type":"MultiPolygon","coordinates":[[[[120.008661,-4.268308],[120.008131,-4.268057],[120.007717,-4.267565],[120.007116,-4.266185],[120.008355,-4.266364],[120.008301,-4.266776],[120.008625,-4.266848],[120.0084,-4.268174],[120.008661,-4.268308]]],[[[120.006038,-4.263408],[120.006038,-4.263507],[120.005858,-4.26296],[120.006038,-4.263408]]],[[[120.004789,-4.260568],[120.004816,-4.261222],[120.0054,-4.261634],[120.005175,-4.262235],[120.0039,-4.261482],[120.003109,-4.261303],[120.003163,-4.260909],[120.003756,-4.260927],[120.003846,-4.260362],[120.004789,-4.260568]]]]}},{"type":"Feature","properties":{"FID":7,"REMARK":"Perkebunan/Kebun"},"geometry":{"type":"Polygon","coordinates":[[[120.004196,-4.257648],[120.004537,-4.257558],[120.005202,-4.25772],[120.005166,-4.258302],[120.004367,-4.258302],[120.004277,-4.25858],[120.003379,-4.258374],[120.003549,-4.257558],[120.004196,-4.257648]]]}},{"type":"Feature","properties":{"FID":8,"REMARK":"Perkebunan/Kebun"},"geometry":{"type":"Polygon","coordinates":[[[120.266342,-4.255462],[120.266837,-4.256224],[120.267322,-4.256645],[120.26866,-4.2566],[120.269325,-4.256842],[120.269603,-4.257567],[120.270196,-4.25806],[120.270304,-4.258374],[120.270124,-4.25901],[120.270205,-4.259225],[120.270825,-4.25918],[120.271104,-4.259368],[120.272217,-4.260783],[120.272361,-4.261455],[120.271858,-4.261518],[120.271121,-4.260264],[120.270879,-4.260085],[120.269612,-4.260111],[120.26919,-4.259843],[120.269819,-4.258562],[120.26954,-4.258383],[120.269109,-4.258535],[120.268822,-4.258311],[120.269217,-4.257281],[120.269163,-4.25703],[120.268148,-4.257675],[120.267367,-4.257603],[120.266594,-4.257218],[120.26601,-4.256483],[120.265022,-4.256206],[120.264537,-4.255901],[120.264761,-4.255632],[120.266342,-4.255462]]]}},{"type":"Feature","properties":{"FID":9,"REMARK":"Perkebunan/Kebun"},"geometry":{"type":"Polygon","coordinates":[[[120.264249,-4.252434],[120.26513,-4.252398],[120.265363,-4.252533],[120.264887,-4.2535],[120.264357,-4.25402],[120.263369,-4.253554],[120.26301,-4.25316],[120.263351,-4.25221],[120.264249,-4.252434]]]}},{"type":"Feature","properties":{"FID":10,"REMARK":"Perkebunan/Kebun"},"geometry":{"type":"Polygon","coordinates":[[[120.260288,-4.251968],[120.260018,-4.252165],[120.259291,-4.251986],[120.258868,-4.2523],[120.258069,-4.253939],[120.258159,-4.254324],[120.25877,-4.254683],[120.258707,-4.254907],[120.257746,-4.255435],[120.257243,-4.255104],[120.25665,-4.254029],[120.256677,-4.25281],[120.257234,-4.251915],[120.257773,-4.251404],[120.257746,-4.25058],[120.257979,-4.250445],[120.258859,-4.251278],[120.260135,-4.251601],[120.260288,-4.251968]]]}},{"type":"Feature","properties":{"FID":11,"REMARK":"Perkebunan/Kebun"},"geometry":{"type":"Polygon","coordinates":[[[120.268633,-4.251467],[120.26946,-4.251332],[120.269702,-4.251655],[120.269361,-4.252165],[120.26866,-4.252318],[120.26742,-4.25195],[120.267636,-4.25152],[120.267384,-4.251296],[120.267501,-4.250911],[120.268418,-4.250293],[120.268741,-4.250418],[120.268966,-4.25075],[120.268561,-4.251287],[120.268633,-4.251467]]]}},{"type":"Feature","properties":{"FID":12,"REMARK":"Perkebunan/Kebun"},"geometry":{"type":"Polygon","coordinates":[[[120.054071,-4.250535],[120.053963,-4.250902],[120.054493,-4.251153],[120.054457,-4.251709],[120.054133,-4.252112],[120.053675,-4.251709],[120.052148,-4.251287],[120.053091,-4.250642],[120.053514,-4.250732],[120.053792,-4.25023],[120.054124,-4.250401],[120.054071,-4.250535]]]}},{"type":"Feature","properties":{"FID":13,"REMARK":"Perkebunan/Kebun"},"geometry":{"type":"Polygon","coordinates":[[[120.069171,-4.254692],[120.069971,-4.254727],[120.070357,-4.25505],[120.0706,-4.255838],[120.070537,-4.257442],[120.069369,-4.259386],[120.068785,-4.259278],[120.067994,-4.261473],[120.067213,-4.261321],[120.067114,-4.261599],[120.067905,-4.261885],[120.067689,-4.262906],[120.068129,-4.26305],[120.068183,-4.263202],[120.067788,-4.264904],[120.068812,-4.26537],[120.068884,-4.265684],[120.068668,-4.266651],[120.068273,-4.26718],[120.067231,-4.26692],[120.065829,-4.266078],[120.065758,-4.265388],[120.064868,-4.265155],[120.064689,-4.265307],[120.064572,-4.266015],[120.064015,-4.266552],[120.06264,-4.266266],[120.062497,-4.266409],[120.061571,-4.266122],[120.06282,-4.264456],[120.063117,-4.264582],[120.06326,-4.264313],[120.063934,-4.264501],[120.064006,-4.264214],[120.064392,-4.26434],[120.064302,-4.26468],[120.065551,-4.265003],[120.066351,-4.262315],[120.06547,-4.262038],[120.066395,-4.259305],[120.067294,-4.25746],[120.067491,-4.255489],[120.067402,-4.253814],[120.068147,-4.25032],[120.069126,-4.250203],[120.069701,-4.250266],[120.069459,-4.252936],[120.069001,-4.253733],[120.068965,-4.254521],[120.069171,-4.254692]]]}},{"type":"Feature","properties":{"FID":14,"REMARK":"Perkebunan/Kebun"},"geometry":{"type":"MultiPolygon","coordinates":[[[[119.969207,-4.271354],[119.969153,-4.27148],[119.968704,-4.271363],[119.969207,-4.271354]]],[[[119.961742,-4.272868],[119.960745,-4.272178],[119.960295,-4.271677],[119.959047,-4.269338],[119.957843,-4.266642],[119.957394,-4.264232],[119.956343,-4.262665],[119.956505,-4.261428],[119.956684,-4.261473],[119.95646,-4.26202],[119.956567,-4.262718],[119.957241,-4.263157],[119.957951,-4.264098],[119.958068,-4.266579],[119.958651,-4.268022],[119.959927,-4.270028],[119.960385,-4.271408],[119.960763,-4.272053],[119.961742,-4.272868]]],[[[119.955391,-4.250356],[119.954528,-4.250947],[119.95416,-4.251485],[119.954196,-4.252103],[119.954807,-4.25195],[119.955552,-4.253366],[119.956352,-4.253903],[119.956693,-4.254387],[119.95743,-4.255005],[119.957897,-4.255131],[119.958373,-4.255659],[119.958867,-4.255865],[119.959101,-4.256215],[119.959092,-4.256483],[119.959505,-4.256555],[119.959604,-4.25677],[119.959559,-4.257657],[119.958723,-4.259287],[119.958382,-4.259673],[119.958112,-4.259735],[119.957699,-4.260506],[119.957052,-4.261097],[119.957169,-4.259637],[119.956927,-4.259637],[119.957124,-4.258571],[119.956927,-4.257433],[119.956612,-4.256707],[119.956226,-4.256331],[119.949345,-4.256645],[119.95036,-4.254235],[119.950594,-4.254244],[119.950728,-4.253814],[119.951231,-4.253885],[119.951429,-4.253437],[119.951052,-4.253097],[119.951492,-4.251726],[119.951321,-4.25144],[119.951411,-4.251001],[119.951779,-4.250974],[119.951995,-4.250481],[119.952669,-4.250705],[119.952812,-4.250696],[119.952992,-4.250248],[119.953648,-4.25041],[119.953863,-4.249702],[119.955391,-4.250356]]]]}},{"type":"Feature","properties":{"FID":15,"REMARK":"Perkebunan/Kebun"},"geometry":{"type":"Polygon","coordinates":[[[120.234803,-4.251467],[120.236141,-4.25419],[120.236312,-4.254297],[120.236698,-4.254163],[120.23686,-4.254512],[120.236141,-4.254889],[120.236348,-4.256483],[120.23668,-4.256958],[120.236527,-4.257146],[120.236599,-4.257603],[120.234892,-4.258203],[120.234758,-4.258777],[120.236869,-4.258338],[120.236923,-4.258535],[120.236438,-4.258741],[120.236366,-4.258938],[120.23509,-4.259278],[120.23544,-4.260801],[120.235773,-4.260828],[120.235925,-4.261034],[120.236177,-4.260963],[120.236339,-4.261321],[120.235485,-4.261966],[120.235647,-4.262145],[120.235899,-4.262073],[120.236051,-4.262226],[120.236455,-4.262082],[120.236626,-4.26219],[120.236842,-4.262674],[120.236132,-4.263435],[120.236698,-4.264349],[120.237327,-4.264125],[120.237668,-4.26442],[120.238234,-4.264089],[120.238423,-4.264232],[120.238468,-4.264519],[120.237767,-4.265173],[120.238324,-4.265988],[120.238126,-4.266346],[120.238477,-4.266741],[120.238378,-4.267009],[120.238683,-4.267466],[120.23871,-4.267717],[120.238513,-4.267932],[120.23739,-4.266552],[120.236141,-4.264394],[120.234767,-4.262593],[120.234362,-4.261778],[120.234632,-4.261652],[120.2343,-4.260515],[120.234309,-4.259422],[120.234066,-4.259413],[120.234138,-4.258633],[120.234156,-4.258526],[120.234425,-4.25858],[120.234803,-4.257272],[120.234973,-4.255928],[120.23483,-4.255372],[120.234623,-4.255417],[120.234066,-4.253357],[120.234326,-4.253258],[120.232943,-4.248716],[120.233814,-4.249997],[120.233832,-4.250383],[120.234138,-4.250902],[120.234803,-4.251467]]]}},{"type":"Feature","properties":{"FID":16,"REMARK":"Perkebunan/Kebun"},"geometry":{"type":"Polygon","coordinates":[[[120.241037,-4.247211],[120.240776,-4.247838],[120.240471,-4.248116],[120.23951,-4.247865],[120.239088,-4.248268],[120.238593,-4.248134],[120.237803,-4.248573],[120.236977,-4.248197],[120.236159,-4.249039],[120.236231,-4.249263],[120.237093,-4.249173],[120.237084,-4.249379],[120.236563,-4.24963],[120.236348,-4.249997],[120.236644,-4.250239],[120.237408,-4.250212],[120.238288,-4.251413],[120.238558,-4.251583],[120.238827,-4.251502],[120.239573,-4.250768],[120.239546,-4.250508],[120.239231,-4.250275],[120.239016,-4.249191],[120.239231,-4.248672],[120.23968,-4.248546],[120.240336,-4.249048],[120.24083,-4.248779],[120.241432,-4.248905],[120.24198,-4.248349],[120.243067,-4.248869],[120.24233,-4.250795],[120.242447,-4.253975],[120.242187,-4.254038],[120.242106,-4.253912],[120.241899,-4.252479],[120.24101,-4.252147],[120.240516,-4.252156],[120.240534,-4.252354],[120.241235,-4.252658],[120.241405,-4.253375],[120.24119,-4.25402],[120.24039,-4.254163],[120.240246,-4.254638],[120.240435,-4.25479],[120.241441,-4.254468],[120.241621,-4.254548],[120.241675,-4.254835],[120.241315,-4.256143],[120.240911,-4.256501],[120.239546,-4.25608],[120.239007,-4.255758],[120.238782,-4.255131],[120.238638,-4.253697],[120.238396,-4.25316],[120.237471,-4.252703],[120.236581,-4.25144],[120.235386,-4.250625],[120.235072,-4.249997],[120.234569,-4.249953],[120.234183,-4.249702],[120.233311,-4.248036],[120.232718,-4.247247],[120.23253,-4.246468],[120.233168,-4.246853],[120.233518,-4.246548],[120.233994,-4.24662],[120.234192,-4.24679],[120.234201,-4.24765],[120.235548,-4.248125],[120.235764,-4.248098],[120.236563,-4.247176],[120.240561,-4.247149],[120.240714,-4.246925],[120.240498,-4.246683],[120.240696,-4.246477],[120.241154,-4.246719],[120.241037,-4.247211]]]}},{"type":"Feature","properties":{"FID":17,"REMARK":"Perkebunan/Kebun"},"geometry":{"type":"Polygon","coordinates":[[[119.959334,-4.246763],[119.959002,-4.247946],[119.958112,-4.249388],[119.956774,-4.250642],[119.95584,-4.250857],[119.955813,-4.250562],[119.956765,-4.249576],[119.957044,-4.249675],[119.957744,-4.248609],[119.958732,-4.245912],[119.958616,-4.245894],[119.958813,-4.244183],[119.959128,-4.244174],[119.959217,-4.244524],[119.959334,-4.246763]]]}},{"type":"Feature","properties":{"FID":18,"REMARK":"Perkebunan/Kebun"},"geometry":{"type":"Polygon","coordinates":[[[120.067635,-4.247534],[120.067411,-4.249514],[120.067258,-4.249487],[120.067213,-4.250105],[120.066683,-4.250141],[120.066315,-4.25144],[120.065829,-4.251897],[120.066063,-4.25213],[120.065515,-4.252551],[120.064994,-4.251171],[120.065326,-4.249379],[120.065776,-4.248188],[120.06627,-4.247838],[120.066916,-4.246486],[120.066925,-4.24576],[120.066351,-4.244837],[120.066494,-4.24395],[120.067087,-4.244443],[120.067806,-4.245554],[120.067662,-4.245572],[120.067482,-4.246531],[120.067608,-4.246539],[120.067635,-4.247534]]]}},{"type":"Feature","properties":{"FID":19,"REMARK":"Perkebunan/Kebun"},"geometry":{"type":"Polygon","coordinates":[[[120.013197,-4.245697],[120.013224,-4.246199],[120.013116,-4.24619],[120.012488,-4.249612],[120.011886,-4.249084],[120.01229,-4.24851],[120.012272,-4.247731],[120.012586,-4.247408],[120.012595,-4.247149],[120.012299,-4.246916],[120.012326,-4.246772],[120.012622,-4.246683],[120.012685,-4.246468],[120.012353,-4.244918],[120.012425,-4.244497],[120.012083,-4.243959],[120.012074,-4.24292],[120.013098,-4.243126],[120.013197,-4.245697]]]}},{"type":"Feature","properties":{"FID":20,"REMARK":"Perkebunan/Kebun"},"geometry":{"type":"Polygon","coordinates":[[[119.951016,-4.232313],[119.951285,-4.232457],[119.95124,-4.233344],[119.951752,-4.233352],[119.952157,-4.23303],[119.952956,-4.23277],[119.954151,-4.233048],[119.954196,-4.233254],[119.953953,-4.233926],[119.95301,-4.233854],[119.952794,-4.234535],[119.952444,-4.234875],[119.951914,-4.235037],[119.951806,-4.235673],[119.950423,-4.235422],[119.94957,-4.236551],[119.949237,-4.236604],[119.948824,-4.237411],[119.948878,-4.237859],[119.948725,-4.238074],[119.948411,-4.238127],[119.947818,-4.239328],[119.9478,-4.239489],[119.948932,-4.240179],[119.948716,-4.240985],[119.949264,-4.241308],[119.949192,-4.241469],[119.948465,-4.241245],[119.948366,-4.241854],[119.949022,-4.242239],[119.949399,-4.242141],[119.950387,-4.242553],[119.949893,-4.243942],[119.948959,-4.24361],[119.949048,-4.243037],[119.948483,-4.242651],[119.947,-4.242938],[119.946434,-4.242643],[119.946147,-4.241388],[119.946461,-4.240519],[119.945554,-4.24017],[119.945329,-4.239265],[119.945329,-4.238163],[119.945455,-4.237599],[119.946003,-4.237043],[119.945904,-4.235897],[119.946111,-4.2357],[119.946219,-4.235162],[119.946389,-4.234804],[119.946946,-4.234965],[119.947225,-4.23466],[119.947153,-4.234105],[119.947369,-4.233424],[119.947683,-4.233433],[119.947997,-4.233021],[119.948186,-4.233155],[119.948312,-4.233066],[119.948743,-4.232268],[119.949093,-4.23234],[119.949417,-4.231561],[119.950126,-4.231731],[119.950153,-4.232089],[119.951016,-4.232313]]]}},{"type":"Feature","properties":{"FID":21,"REMARK":"Perkebunan/Kebun"},"geometry":{"type":"Polygon","coordinates":[[[120.15664,-4.22451],[120.156461,-4.22503],[120.15461,-4.224483],[120.154763,-4.223991],[120.153999,-4.223785],[120.154026,-4.223399],[120.15426,-4.223059],[120.155266,-4.22348],[120.155248,-4.224116],[120.15664,-4.22451]]]}},{"type":"Feature","properties":{"FID":22,"REMARK":"Perkebunan/Kebun"},"geometry":{"type":"Polygon","coordinates":[[[119.997558,-4.222692],[119.999103,-4.22494],[119.999399,-4.225827],[119.999282,-4.227117],[119.99868,-4.229016],[119.998788,-4.230575],[119.998662,-4.231256],[119.997126,-4.233084],[119.995878,-4.233442],[119.995851,-4.234105],[119.996147,-4.234634],[119.996273,-4.236022],[119.995923,-4.236721],[119.995411,-4.236954],[119.994,-4.236873],[119.993533,-4.23716],[119.993237,-4.237563],[119.992464,-4.239328],[119.991925,-4.241478],[119.990326,-4.243789],[119.98967,-4.245688],[119.989077,-4.246235],[119.985942,-4.247874],[119.983867,-4.247767],[119.983113,-4.248233],[119.981469,-4.248286],[119.980499,-4.248681],[119.97987,-4.249128],[119.978217,-4.251691],[119.977336,-4.25367],[119.976762,-4.255794],[119.97633,-4.256035],[119.975513,-4.256134],[119.975154,-4.256483],[119.974938,-4.257227],[119.975234,-4.258544],[119.975225,-4.260219],[119.974731,-4.261509],[119.973375,-4.26331],[119.973114,-4.264644],[119.972324,-4.265782],[119.972396,-4.267009],[119.971524,-4.268658],[119.971596,-4.269482],[119.970177,-4.271014],[119.970015,-4.271148],[119.968865,-4.271032],[119.968102,-4.271426],[119.967329,-4.271551],[119.964787,-4.272805],[119.963862,-4.273038],[119.962541,-4.273011],[119.961427,-4.272384],[119.960924,-4.271918],[119.959855,-4.269374],[119.958436,-4.267036],[119.958283,-4.26468],[119.957717,-4.263516],[119.957241,-4.262826],[119.956981,-4.2627],[119.956756,-4.26184],[119.957394,-4.261061],[119.958059,-4.260541],[119.959514,-4.258508],[119.95981,-4.257675],[119.959927,-4.257684],[119.960134,-4.260094],[119.960673,-4.260067],[119.960215,-4.256609],[119.959774,-4.256716],[119.959622,-4.256421],[119.959325,-4.256394],[119.959289,-4.256035],[119.958157,-4.255122],[119.957717,-4.254951],[119.955876,-4.253294],[119.9554,-4.252622],[119.955049,-4.251735],[119.955085,-4.251413],[119.955355,-4.251081],[119.956684,-4.25084],[119.957457,-4.250239],[119.958301,-4.249397],[119.959128,-4.24817],[119.959559,-4.247113],[119.959631,-4.246477],[119.959271,-4.243135],[119.959424,-4.242096],[119.959649,-4.241917],[119.960026,-4.242006],[119.963017,-4.243619],[119.964392,-4.243986],[119.96688,-4.24421],[119.967572,-4.244452],[119.968659,-4.245285],[119.969665,-4.246575],[119.970042,-4.246808],[119.970518,-4.246737],[119.970842,-4.245886],[119.970707,-4.243888],[119.970779,-4.2418],[119.97112,-4.240654],[119.971551,-4.239883],[119.973042,-4.238324],[119.974444,-4.237473],[119.975836,-4.23587],[119.976438,-4.235431],[119.976986,-4.235413],[119.978855,-4.235834],[119.980409,-4.236712],[119.980732,-4.236667],[119.981819,-4.233451],[119.982663,-4.233765],[119.982915,-4.23329],[119.983445,-4.233532],[119.983697,-4.232958],[119.983149,-4.232734],[119.983535,-4.231086],[119.982807,-4.230916],[119.983652,-4.228864],[119.98464,-4.227404],[119.9849,-4.226562],[119.985161,-4.226194],[119.985448,-4.226141],[119.985628,-4.226311],[119.986293,-4.228147],[119.988422,-4.229375],[119.988413,-4.229948],[119.987766,-4.23096],[119.986724,-4.231713],[119.985439,-4.232385],[119.98508,-4.232833],[119.985125,-4.233209],[119.985565,-4.233729],[119.986302,-4.233953],[119.987146,-4.233997],[119.987793,-4.233559],[119.98817,-4.232761],[119.989769,-4.231086],[119.990667,-4.229661],[119.991224,-4.229169],[119.992311,-4.228613],[119.992778,-4.227924],[119.992877,-4.226822],[119.992698,-4.226132],[119.991889,-4.225666],[119.990272,-4.225119],[119.989473,-4.224483],[119.989437,-4.223749],[119.989877,-4.222503],[119.990443,-4.222333],[119.993255,-4.22279],[119.995788,-4.222602],[119.997441,-4.222315],[119.997558,-4.222692]],[[119.986472,-4.235144],[119.986373,-4.235467],[119.985206,-4.235243],[119.984703,-4.2363],[119.983939,-4.236031],[119.983858,-4.236139],[119.983077,-4.23785],[119.983714,-4.238477],[119.983445,-4.238934],[119.982978,-4.238898],[119.982798,-4.239516],[119.983265,-4.239937],[119.983005,-4.240555],[119.982592,-4.240887],[119.981972,-4.240752],[119.981657,-4.241352],[119.981532,-4.241344],[119.979708,-4.240457],[119.979277,-4.241057],[119.977947,-4.240412],[119.977543,-4.241263],[119.976169,-4.240752],[119.97589,-4.241496],[119.976241,-4.241684],[119.976276,-4.242195],[119.977229,-4.242705],[119.977193,-4.242965],[119.977453,-4.243252],[119.977327,-4.243485],[119.977103,-4.243583],[119.97686,-4.243476],[119.976384,-4.244121],[119.976007,-4.244103],[119.974767,-4.246351],[119.974399,-4.246414],[119.97404,-4.246978],[119.973258,-4.246835],[119.972674,-4.248331],[119.971641,-4.248304],[119.970976,-4.249863],[119.970357,-4.24989],[119.968506,-4.249146],[119.967293,-4.24955],[119.966593,-4.249326],[119.966359,-4.249388],[119.96644,-4.250454],[119.966664,-4.250517],[119.966952,-4.25032],[119.967338,-4.250454],[119.967123,-4.250929],[119.966916,-4.251063],[119.967168,-4.251386],[119.966943,-4.251789],[119.965856,-4.251278],[119.965003,-4.251243],[119.964769,-4.251063],[119.96476,-4.2498],[119.965703,-4.247946],[119.965542,-4.247767],[119.965631,-4.247373],[119.965254,-4.24705],[119.965245,-4.246405],[119.963547,-4.246002],[119.96326,-4.246414],[119.962604,-4.246342],[119.962397,-4.247256],[119.962936,-4.24757],[119.96273,-4.248062],[119.962245,-4.24817],[119.961912,-4.249433],[119.961293,-4.250759],[119.962191,-4.25127],[119.961975,-4.251762],[119.961122,-4.251494],[119.960861,-4.251592],[119.960789,-4.25213],[119.961508,-4.252434],[119.961409,-4.253025],[119.961526,-4.253196],[119.962658,-4.253733],[119.963404,-4.253841],[119.963709,-4.253169],[119.964284,-4.25324],[119.964832,-4.253429],[119.964823,-4.253769],[119.966063,-4.254244],[119.965991,-4.254629],[119.965119,-4.254566],[119.965065,-4.254862],[119.965039,-4.255104],[119.966054,-4.255346],[119.966099,-4.255462],[119.965622,-4.257281],[119.964194,-4.256788],[119.96405,-4.257567],[119.964113,-4.257738],[119.965703,-4.258266],[119.965452,-4.259189],[119.964922,-4.260344],[119.964014,-4.260174],[119.96352,-4.261321],[119.963556,-4.261518],[119.963952,-4.261805],[119.963619,-4.262665],[119.962963,-4.262557],[119.962865,-4.262862],[119.963188,-4.262996],[119.963359,-4.26331],[119.962757,-4.263408],[119.962676,-4.26365],[119.962892,-4.263883],[119.962703,-4.264232],[119.96299,-4.264447],[119.962739,-4.264752],[119.962631,-4.2652],[119.962901,-4.26554],[119.962388,-4.266723],[119.962712,-4.266857],[119.962847,-4.266561],[119.963224,-4.266732],[119.962703,-4.267636],[119.963287,-4.268102],[119.96441,-4.268685],[119.965209,-4.267359],[119.965515,-4.267332],[119.965973,-4.26623],[119.966584,-4.266427],[119.966584,-4.266714],[119.967635,-4.267126],[119.96785,-4.266499],[119.9675,-4.266266],[119.967689,-4.26571],[119.967419,-4.265549],[119.967662,-4.265056],[119.967248,-4.264689],[119.968057,-4.262763],[119.968704,-4.262817],[119.970114,-4.259735],[119.970276,-4.259583],[119.9705,-4.259655],[119.97112,-4.258481],[119.970922,-4.258051],[119.971614,-4.25634],[119.972171,-4.256232],[119.972827,-4.254898],[119.972611,-4.254647],[119.972737,-4.254342],[119.972908,-4.254253],[119.97368,-4.254468],[119.973896,-4.254333],[119.974183,-4.25367],[119.973411,-4.253267],[119.973366,-4.253052],[119.974094,-4.253187],[119.974273,-4.25273],[119.974579,-4.252569],[119.974893,-4.252103],[119.975791,-4.252461],[119.976636,-4.25092],[119.976196,-4.250651],[119.976546,-4.249756],[119.976528,-4.249594],[119.976088,-4.249245],[119.976339,-4.24817],[119.976833,-4.247364],[119.97837,-4.248009],[119.979474,-4.245536],[119.979969,-4.245536],[119.980319,-4.245178],[119.980957,-4.245411],[119.981253,-4.244981],[119.981621,-4.245124],[119.982026,-4.244425],[119.982394,-4.244354],[119.983229,-4.243001],[119.9864,-4.244793],[119.987577,-4.243888],[119.988179,-4.243162],[119.98852,-4.242419],[119.988314,-4.241989],[119.988673,-4.240967],[119.989545,-4.239435],[119.990003,-4.239301],[119.990066,-4.238584],[119.989545,-4.238298],[119.986616,-4.234517],[119.986472,-4.235144]],[[119.974183,-4.259628],[119.970985,-4.266508],[119.971264,-4.266642],[119.973752,-4.261563],[119.974408,-4.259673],[119.974183,-4.259628]]]}},{"type":"Feature","properties":{"FID":23,"REMARK":"Perkebunan/Kebun"},"geometry":{"type":"MultiPolygon","coordinates":[[[[119.991153,-4.263399],[119.990892,-4.263435],[119.990973,-4.263166],[119.991332,-4.263372],[119.991153,-4.263399]]],[[[119.992338,-4.263202],[119.992033,-4.263256],[119.992284,-4.262539],[119.993542,-4.262933],[119.993488,-4.263086],[119.992338,-4.263202]]],[[[120.001151,-4.220085],[120.000962,-4.220147],[120.000765,-4.220694],[120.001187,-4.220882],[120.001905,-4.221876],[120.002372,-4.222226],[120.002516,-4.222826],[120.002094,-4.223337],[120.001708,-4.22417],[120.00133,-4.224465],[120.001636,-4.224349],[120.001789,-4.224734],[120.000962,-4.225747],[120.001735,-4.226436],[120.001133,-4.22744],[120.00169,-4.22778],[120.001259,-4.229285],[120.00054,-4.229751],[120.000279,-4.230692],[120.001106,-4.23105],[120.00019,-4.234006],[120.000773,-4.234311],[120.000711,-4.234643],[120.000495,-4.234759],[120.000243,-4.235386],[119.999426,-4.236389],[119.999067,-4.237267],[119.999408,-4.237635],[119.998932,-4.239471],[119.999085,-4.239838],[119.998249,-4.241567],[119.997072,-4.241514],[119.995249,-4.241048],[119.994836,-4.24172],[119.994198,-4.241514],[119.99383,-4.24223],[119.993479,-4.242392],[119.993344,-4.242634],[119.993317,-4.242759],[119.993632,-4.243001],[119.993542,-4.243252],[119.993165,-4.243252],[119.992653,-4.244345],[119.992177,-4.244327],[119.992042,-4.244694],[119.992437,-4.245025],[119.991162,-4.247086],[119.990946,-4.247211],[119.990245,-4.246826],[119.990137,-4.246907],[119.989221,-4.248295],[119.988682,-4.249997],[119.987964,-4.250822],[119.987523,-4.251063],[119.987182,-4.250983],[119.986634,-4.251511],[119.985457,-4.253384],[119.984505,-4.252918],[119.984074,-4.254065],[119.983876,-4.254172],[119.98102,-4.253115],[119.980831,-4.253402],[119.980876,-4.253536],[119.982124,-4.25402],[119.981684,-4.25514],[119.981792,-4.255292],[119.98155,-4.256295],[119.981244,-4.256232],[119.980831,-4.258383],[119.983032,-4.259063],[119.98623,-4.260533],[119.987119,-4.258391],[119.986167,-4.257675],[119.986194,-4.25746],[119.986329,-4.257343],[119.987164,-4.25772],[119.987182,-4.257164],[119.987595,-4.257191],[119.987712,-4.256707],[119.987972,-4.256618],[119.987999,-4.256125],[119.988377,-4.256116],[119.988422,-4.256322],[119.988781,-4.25651],[119.987874,-4.258427],[119.989041,-4.259269],[119.989419,-4.258651],[119.989985,-4.258929],[119.989616,-4.259726],[119.990102,-4.260103],[119.989868,-4.260506],[119.989347,-4.260309],[119.98914,-4.26073],[119.989769,-4.261088],[119.989679,-4.261348],[119.98932,-4.261796],[119.988529,-4.261446],[119.988161,-4.262297],[119.987604,-4.26219],[119.987335,-4.262656],[119.98693,-4.262593],[119.986877,-4.262799],[119.986607,-4.262862],[119.986472,-4.263113],[119.986454,-4.263274],[119.987469,-4.263766],[119.987775,-4.263399],[119.988134,-4.263551],[119.988098,-4.263766],[119.986212,-4.264008],[119.985852,-4.263802],[119.985637,-4.264098],[119.983822,-4.264161],[119.983292,-4.263578],[119.980651,-4.262826],[119.980382,-4.263444],[119.980894,-4.263793],[119.980786,-4.26434],[119.980984,-4.264528],[119.979052,-4.264734],[119.975423,-4.265531],[119.974399,-4.266257],[119.97306,-4.268057],[119.972,-4.269132],[119.972045,-4.26838],[119.972611,-4.267627],[119.9728,-4.267108],[119.972701,-4.266042],[119.973617,-4.264662],[119.973707,-4.263605],[119.975127,-4.261679],[119.97563,-4.26047],[119.975684,-4.258427],[119.975396,-4.25746],[119.975396,-4.256806],[119.975728,-4.256439],[119.9766,-4.25634],[119.97704,-4.256035],[119.977229,-4.256098],[119.977049,-4.256555],[119.97775,-4.256752],[119.978136,-4.255453],[119.978109,-4.255104],[119.97739,-4.255041],[119.977687,-4.254002],[119.978729,-4.251798],[119.98031,-4.249343],[119.980921,-4.248958],[119.981801,-4.248681],[119.98322,-4.248707],[119.984038,-4.248161],[119.984945,-4.248358],[119.985888,-4.248304],[119.989832,-4.246235],[119.99029,-4.245787],[119.99047,-4.245115],[119.991233,-4.245276],[119.991763,-4.243879],[119.992832,-4.241926],[119.994054,-4.238405],[119.99338,-4.238208],[119.993731,-4.237635],[119.994135,-4.237294],[119.995303,-4.237411],[119.995869,-4.237285],[119.996659,-4.236578],[119.996794,-4.23509],[119.99639,-4.234284],[119.996354,-4.233747],[119.997647,-4.23329],[119.998896,-4.23174],[119.999192,-4.230808],[119.999237,-4.228551],[119.999696,-4.227664],[119.999947,-4.226616],[119.999974,-4.225729],[119.999821,-4.225173],[119.998366,-4.222772],[119.998213,-4.222208],[119.999058,-4.221133],[120.001277,-4.219771],[120.001151,-4.220085]],[[119.980687,-4.249997],[119.980112,-4.250732],[119.980525,-4.250965],[119.981406,-4.249997],[119.982574,-4.24955],[119.982538,-4.249075],[119.981909,-4.249021],[119.981639,-4.249146],[119.981136,-4.249451],[119.980687,-4.249997]],[[119.976609,-4.25978],[119.976806,-4.259834],[119.977202,-4.258472],[119.976609,-4.258302],[119.976276,-4.259359],[119.976501,-4.259431],[119.97642,-4.259726],[119.976609,-4.25978]],[[119.984864,-4.261554],[119.984882,-4.261751],[119.987586,-4.261097],[119.98861,-4.261357],[119.988817,-4.260971],[119.987487,-4.260595],[119.984864,-4.261393],[119.984864,-4.261554]]]]}},{"type":"Feature","properties":{"FID":24,"REMARK":"Perkebunan/Kebun"},"geometry":{"type":"Polygon","coordinates":[[[120.139114,-4.219225],[120.139339,-4.219431],[120.139195,-4.219502],[120.138638,-4.219269],[120.137991,-4.219457],[120.137165,-4.220568],[120.136186,-4.220094],[120.138225,-4.219108],[120.138665,-4.219063],[120.139114,-4.219225]]]}},{"type":"Feature","properties":{"FID":25,"REMARK":"Perkebunan/Kebun"},"geometry":{"type":"Polygon","coordinates":[[[120.09374,-4.201997],[120.093183,-4.203036],[120.091764,-4.202265],[120.092653,-4.20128],[120.09374,-4.201997]]]}},{"type":"Feature","properties":{"FID":26,"REMARK":"Perkebunan/Kebun"},"geometry":{"type":"Polygon","coordinates":[[[120.006406,-4.201692],[120.006774,-4.201835],[120.006756,-4.202337],[120.006891,-4.202498],[120.006711,-4.202695],[120.006514,-4.204657],[120.005876,-4.204523],[120.005966,-4.20352],[120.005103,-4.203197],[120.004322,-4.203457],[120.004205,-4.203663],[120.004385,-4.204048],[120.004268,-4.204218],[120.003756,-4.204272],[120.003657,-4.204971],[120.004151,-4.205231],[120.003792,-4.206834],[120.003954,-4.207014],[120.00398,-4.207462],[120.004439,-4.207703],[120.004412,-4.208205],[120.003576,-4.208017],[120.003459,-4.208116],[120.003819,-4.209639],[120.003307,-4.210982],[120.003091,-4.211171],[120.002247,-4.211018],[120.001654,-4.212801],[120.001681,-4.212989],[120.002471,-4.213437],[120.002489,-4.213616],[120.003379,-4.214019],[120.003486,-4.214638],[120.004106,-4.215319],[120.004115,-4.215901],[120.003927,-4.216152],[120.0031,-4.215444],[120.001995,-4.214888],[120.000297,-4.214539],[119.998052,-4.214611],[119.995833,-4.215157],[119.995132,-4.215175],[119.994818,-4.215041],[119.994737,-4.214548],[119.995123,-4.213867],[119.996345,-4.212595],[119.997611,-4.212156],[120.000944,-4.211672],[120.002013,-4.210758],[120.002543,-4.209997],[120.002615,-4.208572],[120.001878,-4.206539],[120.001178,-4.205276],[120.001052,-4.204729],[120.001151,-4.20403],[120.003199,-4.202579],[120.003801,-4.201656],[120.00416,-4.200644],[120.005858,-4.201549],[120.006406,-4.201692]]]}},{"type":"Feature","properties":{"FID":27,"REMARK":"Perkebunan/Kebun"},"geometry":{"type":"Polygon","coordinates":[[[120.247433,-4.198225],[120.247181,-4.200008],[120.246624,-4.199909],[120.24658,-4.199425],[120.24569,-4.199031],[120.245771,-4.198601],[120.247433,-4.198225]]]}},{"type":"Feature","properties":{"FID":28,"REMARK":"Perkebunan/Kebun"},"geometry":{"type":"Polygon","coordinates":[[[120.011625,-4.183962],[120.012416,-4.18501],[120.012164,-4.185906],[120.011248,-4.187017],[120.010116,-4.18734],[120.008616,-4.18845],[120.007843,-4.189472],[120.007664,-4.189364],[120.007089,-4.189893],[120.006289,-4.191129],[120.005256,-4.192106],[120.004088,-4.192939],[120.002902,-4.195913],[120.002813,-4.196657],[120.001582,-4.199327],[120.001546,-4.199515],[120.001735,-4.199596],[120.002624,-4.197651],[120.002822,-4.197705],[120.002983,-4.197571],[120.003244,-4.197051],[120.003325,-4.196594],[120.003019,-4.196541],[120.003477,-4.195313],[120.003774,-4.195367],[120.004573,-4.19327],[120.004933,-4.192984],[120.004654,-4.192822],[120.005292,-4.192464],[120.006118,-4.191622],[120.006289,-4.192151],[120.006083,-4.192751],[120.006945,-4.193459],[120.006235,-4.194032],[120.005562,-4.194901],[120.00469,-4.197651],[120.002894,-4.201871],[120.002085,-4.202884],[120.000953,-4.203555],[120.000432,-4.204308],[120.000603,-4.205562],[120.001519,-4.207273],[120.002031,-4.208823],[120.00186,-4.2098],[120.001465,-4.210552],[120.000854,-4.211081],[119.996363,-4.211977],[119.996183,-4.211681],[119.99727,-4.20945],[119.997081,-4.209379],[119.997899,-4.207578],[119.998061,-4.207247],[119.998267,-4.207318],[119.999318,-4.205347],[119.999606,-4.205482],[120.000432,-4.203708],[120.000297,-4.203394],[120.000414,-4.203421],[120.000818,-4.202731],[120.000962,-4.202095],[120.000387,-4.20188],[119.999884,-4.203036],[119.998097,-4.202319],[119.998501,-4.201504],[119.998887,-4.201576],[119.99921,-4.201369],[119.999444,-4.201504],[119.999426,-4.20188],[119.999678,-4.20197],[120.000127,-4.201414],[120.000136,-4.201271],[119.999857,-4.201083],[120.000288,-4.200052],[119.999875,-4.199837],[120.000145,-4.19913],[119.999408,-4.198762],[119.999462,-4.198135],[119.998986,-4.197732],[119.999237,-4.197454],[119.999282,-4.196944],[119.999902,-4.196953],[120.000127,-4.196603],[120.000118,-4.196191],[119.999713,-4.195887],[119.999848,-4.195232],[119.999947,-4.195152],[120.000738,-4.195367],[120.000836,-4.19517],[120.000953,-4.194802],[120.000315,-4.194525],[120.00019,-4.193951],[120.001061,-4.191828],[120.001807,-4.192106],[120.002292,-4.191416],[120.002956,-4.191559],[120.004016,-4.189714],[120.004412,-4.189839],[120.005193,-4.188155],[120.005651,-4.188262],[120.005948,-4.187671],[120.006523,-4.18768],[120.006972,-4.186569],[120.007152,-4.186488],[120.008014,-4.186712],[120.008149,-4.186381],[120.007861,-4.186148],[120.007978,-4.185906],[120.009658,-4.185118],[120.00999,-4.184096],[120.010466,-4.184043],[120.010682,-4.183317],[120.01158,-4.183505],[120.011625,-4.183962]],[[120.000773,-4.201746],[120.001052,-4.201835],[120.001483,-4.200966],[120.001169,-4.200814],[120.000773,-4.201746]]]}},{"type":"Feature","properties":{"FID":29,"REMARK":"Perkebunan/Kebun"},"geometry":{"type":"Polygon","coordinates":[[[120.12678,-4.181919],[120.125981,-4.18286],[120.126106,-4.183057],[120.12493,-4.182609],[120.126592,-4.180387],[120.127544,-4.181005],[120.12678,-4.181919]]]}},{"type":"Feature","properties":{"FID":30,"REMARK":"Perkebunan/Kebun"},"geometry":{"type":"Polygon","coordinates":[[[120.135647,-4.154934],[120.136293,-4.155489],[120.135045,-4.155229],[120.134631,-4.156627],[120.134344,-4.155417],[120.133607,-4.154799],[120.134092,-4.154405],[120.134398,-4.154342],[120.135224,-4.154557],[120.135647,-4.154934]]]}},{"type":"Feature","properties":{"FID":31,"REMARK":"Perkebunan/Kebun"},"geometry":{"type":"Polygon","coordinates":[[[120.186078,-4.145445],[120.185503,-4.146494],[120.185108,-4.146341],[120.185746,-4.145257],[120.186608,-4.144702],[120.186797,-4.144773],[120.186078,-4.145445]]]}},{"type":"Feature","properties":{"FID":32,"REMARK":"Perkebunan/Kebun"},"geometry":{"type":"Polygon","coordinates":[[[120.126565,-4.145374],[120.125882,-4.144388],[120.126026,-4.142811],[120.126484,-4.143134],[120.126484,-4.144612],[120.126753,-4.145042],[120.126565,-4.145374]]]}},{"type":"Feature","properties":{"FID":33,"REMARK":"Perkebunan/Kebun"},"geometry":{"type":"Polygon","coordinates":[[[120.137731,-4.136056],[120.140453,-4.136907],[120.145268,-4.137839],[120.146498,-4.13843],[120.149139,-4.140715],[120.148798,-4.141082],[120.150271,-4.142112],[120.150747,-4.142748],[120.152211,-4.143528],[120.153352,-4.143833],[120.155122,-4.144944],[120.156604,-4.146977],[120.157592,-4.147999],[120.15806,-4.148832],[120.159146,-4.14937],[120.160341,-4.149737],[120.162075,-4.150633],[120.163306,-4.151789],[120.163943,-4.152846],[120.164276,-4.153769],[120.164123,-4.154423],[120.163225,-4.154038],[120.163018,-4.153267],[120.162318,-4.15212],[120.161051,-4.150884],[120.157619,-4.148841],[120.155005,-4.146207],[120.152616,-4.144316],[120.150388,-4.143071],[120.149436,-4.142435],[120.146768,-4.14015],[120.144971,-4.139191],[120.143794,-4.138842],[120.140021,-4.138143],[120.13994,-4.137937],[120.13738,-4.136719],[120.13676,-4.136486],[120.135485,-4.136378],[120.134883,-4.136539],[120.134613,-4.136817],[120.133068,-4.139066],[120.132305,-4.139828],[120.131703,-4.140329],[120.131101,-4.140509],[120.130346,-4.140679],[120.128244,-4.140715],[120.128226,-4.140948],[120.125756,-4.140688],[120.125981,-4.139881],[120.125073,-4.139353],[120.125657,-4.139218],[120.129808,-4.139953],[120.129942,-4.139326],[120.131308,-4.138932],[120.132278,-4.138421],[120.13314,-4.137525],[120.133634,-4.136754],[120.134955,-4.135706],[120.13606,-4.135509],[120.137731,-4.136056]]]}},{"type":"Feature","properties":{"FID":34,"REMARK":"Perkebunan/Kebun"},"geometry":{"type":"Polygon","coordinates":[[[120.243058,-4.130052],[120.242528,-4.130061],[120.242366,-4.129318],[120.242196,-4.129156],[120.240327,-4.128843],[120.239797,-4.128413],[120.239159,-4.128234],[120.238638,-4.127848],[120.239016,-4.127508],[120.239123,-4.126289],[120.238935,-4.126029],[120.238135,-4.12568],[120.237956,-4.125429],[120.240516,-4.12654],[120.241342,-4.127893],[120.242304,-4.128556],[120.242851,-4.129551],[120.243543,-4.129757],[120.243444,-4.12999],[120.243058,-4.130052]]]}},{"type":"Feature","properties":{"FID":35,"REMARK":"Perkebunan/Kebun"},"geometry":{"type":"Polygon","coordinates":[[[120.137156,-4.07725],[120.136958,-4.07743],[120.135952,-4.076955],[120.135808,-4.076077],[120.136069,-4.075978],[120.137461,-4.076399],[120.137156,-4.07725]]]}},{"type":"Feature","properties":{"FID":36,"REMARK":"Perkebunan/Kebun"},"geometry":{"type":"Polygon","coordinates":[[[120.109739,-4.060826],[120.107969,-4.060978],[120.108257,-4.060557],[120.108419,-4.05984],[120.109065,-4.059294],[120.110602,-4.059536],[120.110431,-4.060261],[120.109739,-4.060826]]]}},{"type":"Feature","properties":{"FID":37,"REMARK":"Perkebunan/Kebun"},"geometry":{"type":"Polygon","coordinates":[[[119.89797,-4.057493],[119.898303,-4.057734],[119.898797,-4.05846],[119.898815,-4.058989],[119.899605,-4.060745],[119.899075,-4.060799],[119.898985,-4.060602],[119.898348,-4.060611],[119.898024,-4.06045],[119.898132,-4.06001],[119.898635,-4.0601],[119.898662,-4.059921],[119.899057,-4.059993],[119.899084,-4.059804],[119.898159,-4.059634],[119.898249,-4.059079],[119.898455,-4.059123],[119.898473,-4.058953],[119.898105,-4.058783],[119.898258,-4.058075],[119.897925,-4.058039],[119.89744,-4.057555],[119.897341,-4.057663],[119.897189,-4.057528],[119.897018,-4.057725],[119.897575,-4.058317],[119.897764,-4.058263],[119.897845,-4.058415],[119.897629,-4.059518],[119.897243,-4.059536],[119.897261,-4.058568],[119.89682,-4.057779],[119.897359,-4.057403],[119.89797,-4.057493]]]}},{"type":"Feature","properties":{"FID":38,"REMARK":"Perkebunan/Kebun"},"geometry":{"type":"Polygon","coordinates":[[[119.926447,-4.038084],[119.925773,-4.038227],[119.92518,-4.037842],[119.924695,-4.036256],[119.924731,-4.035888],[119.924893,-4.035736],[119.926357,-4.036372],[119.926645,-4.037044],[119.926447,-4.038084]]]}},{"type":"Feature","properties":{"FID":39,"REMARK":"Perkebunan/Kebun"},"geometry":{"type":"Polygon","coordinates":[[[119.961697,-4.037779],[119.962335,-4.037743],[119.963116,-4.038308],[119.962856,-4.03872],[119.961616,-4.038379],[119.960969,-4.038666],[119.9607,-4.039033],[119.960035,-4.042376],[119.95981,-4.042483],[119.959244,-4.042403],[119.959774,-4.041533],[119.959846,-4.039293],[119.960295,-4.036721],[119.960933,-4.035664],[119.961966,-4.034956],[119.962299,-4.036417],[119.961652,-4.036883],[119.9614,-4.037259],[119.9614,-4.037644],[119.961697,-4.037779]]]}},{"type":"Feature","properties":{"FID":40,"REMARK":"Perkebunan/Kebun"},"geometry":{"type":"Polygon","coordinates":[[[119.921632,-4.034374],[119.921749,-4.034535],[119.921874,-4.034401],[119.921955,-4.034535],[119.923303,-4.034867],[119.924318,-4.035494],[119.923896,-4.038325],[119.924309,-4.038756],[119.924291,-4.039347],[119.923869,-4.04044],[119.923743,-4.041668],[119.923267,-4.043155],[119.92244,-4.043344],[119.922189,-4.043164],[119.922422,-4.042295],[119.922126,-4.042026],[119.922018,-4.041507],[119.92244,-4.040064],[119.922458,-4.039248],[119.922908,-4.039392],[119.923231,-4.038782],[119.923815,-4.038263],[119.923968,-4.03699],[119.923806,-4.03579],[119.923473,-4.035126],[119.923141,-4.035324],[119.922072,-4.035162],[119.921039,-4.035807],[119.920033,-4.037429],[119.919719,-4.03768],[119.918928,-4.037868],[119.917967,-4.038523],[119.916637,-4.039705],[119.915829,-4.041014],[119.915469,-4.040888],[119.915317,-4.041193],[119.915164,-4.043164],[119.914724,-4.04363],[119.913583,-4.044132],[119.914984,-4.040835],[119.91608,-4.039141],[119.916098,-4.038774],[119.916817,-4.038119],[119.919,-4.036919],[119.919557,-4.03561],[119.919296,-4.035494],[119.919296,-4.035297],[119.919727,-4.034544],[119.920644,-4.034454],[119.921048,-4.03406],[119.921012,-4.033603],[119.921174,-4.033612],[119.921632,-4.034374]],[[119.923608,-4.039293],[119.923078,-4.041605],[119.923357,-4.041659],[119.923977,-4.039168],[119.923653,-4.039087],[119.923608,-4.039293]]]}},{"type":"Feature","properties":{"FID":41,"REMARK":"Perkebunan/Kebun"},"geometry":{"type":"Polygon","coordinates":[[[119.923788,-4.032358],[119.923806,-4.032689],[119.922872,-4.032564],[119.922952,-4.031775],[119.922395,-4.031685],[119.922611,-4.030745],[119.923464,-4.030951],[119.923788,-4.032358]]]}},{"type":"Feature","properties":{"FID":42,"REMARK":"Perkebunan/Kebun"},"geometry":{"type":"Polygon","coordinates":[[[119.973851,-4.026166],[119.974498,-4.026838],[119.974597,-4.027196],[119.974453,-4.028173],[119.974111,-4.028504],[119.974022,-4.029293],[119.973806,-4.029607],[119.973968,-4.030072],[119.973896,-4.030637],[119.973537,-4.030897],[119.972908,-4.03096],[119.972495,-4.030861],[119.972306,-4.030529],[119.972099,-4.030476],[119.971533,-4.031202],[119.971165,-4.031228],[119.97147,-4.03035],[119.971605,-4.030404],[119.972557,-4.028603],[119.972917,-4.028701],[119.973348,-4.027572],[119.973564,-4.027626],[119.97368,-4.027053],[119.973429,-4.026981],[119.973348,-4.026264],[119.973096,-4.026282],[119.972935,-4.025583],[119.972674,-4.025153],[119.973851,-4.026166]]]}},{"type":"Feature","properties":{"FID":43,"REMARK":"Perkebunan/Kebun"},"geometry":{"type":"Polygon","coordinates":[[[119.972998,-4.026542],[119.97298,-4.026757],[119.972099,-4.026372],[119.971057,-4.024821],[119.971156,-4.023836],[119.971965,-4.023119],[119.971893,-4.024167],[119.972746,-4.025565],[119.972998,-4.026542]]]}},{"type":"Feature","properties":{"FID":44,"REMARK":"Perkebunan/Kebun"},"geometry":{"type":"Polygon","coordinates":[[[120.17405,-4.023002],[120.173034,-4.022733],[120.173214,-4.022151],[120.173142,-4.021864],[120.173762,-4.022223],[120.174175,-4.022949],[120.17405,-4.023002]]]}},{"type":"Feature","properties":{"FID":45,"REMARK":"Perkebunan/Kebun"},"geometry":{"type":"Polygon","coordinates":[[[120.176691,-4.022662],[120.176601,-4.023065],[120.175837,-4.022814],[120.176214,-4.021757],[120.176933,-4.021981],[120.176691,-4.022662]]]}},{"type":"Feature","properties":{"FID":46,"REMARK":"Perkebunan/Kebun"},"geometry":{"type":"Polygon","coordinates":[[[119.973123,-4.019481],[119.973025,-4.019597],[119.972602,-4.019499],[119.972351,-4.019633],[119.972144,-4.020825],[119.972054,-4.020099],[119.972486,-4.018862],[119.972692,-4.019212],[119.973123,-4.019481]]]}},{"type":"Feature","properties":{"FID":47,"REMARK":"Perkebunan/Kebun"},"geometry":{"type":"Polygon","coordinates":[[[119.995132,-4.020027],[119.994557,-4.020036],[119.994377,-4.019731],[119.994656,-4.018602],[119.995105,-4.018343],[119.994997,-4.017903],[119.995078,-4.017339],[119.995186,-4.016945],[119.995437,-4.016819],[119.995716,-4.017016],[119.995994,-4.017796],[119.996498,-4.018199],[119.996569,-4.018477],[119.996533,-4.018647],[119.996012,-4.018925],[119.996075,-4.019579],[119.995464,-4.019678],[119.995132,-4.020027]]]}},{"type":"Feature","properties":{"FID":48,"REMARK":"Perkebunan/Kebun"},"geometry":{"type":"Polygon","coordinates":[[[119.971794,-4.015054],[119.971839,-4.016165],[119.972638,-4.017778],[119.971884,-4.020036],[119.972099,-4.02225],[119.971722,-4.022276],[119.970276,-4.021631],[119.970348,-4.021336],[119.971057,-4.02087],[119.970922,-4.019839],[119.9713,-4.019122],[119.971048,-4.018647],[119.970303,-4.018065],[119.970285,-4.017769],[119.970725,-4.016738],[119.970285,-4.016488],[119.970446,-4.016264],[119.970357,-4.016093],[119.969099,-4.015914],[119.968767,-4.015654],[119.968713,-4.015323],[119.968865,-4.015072],[119.969746,-4.015126],[119.97006,-4.014364],[119.970437,-4.014194],[119.971758,-4.01431],[119.971794,-4.015054]]]}},{"type":"Feature","properties":{"FID":49,"REMARK":"Perkebunan/Kebun"},"geometry":{"type":"Polygon","coordinates":[[[119.968551,-4.012249],[119.968102,-4.012652],[119.967392,-4.01397],[119.966386,-4.015251],[119.965371,-4.014077],[119.965326,-4.013055],[119.96441,-4.013297],[119.96335,-4.013136],[119.962829,-4.013772],[119.962748,-4.014409],[119.961984,-4.016048],[119.961778,-4.016998],[119.960745,-4.017393],[119.960772,-4.016792],[119.961059,-4.016057],[119.96193,-4.014901],[119.962415,-4.013396],[119.962829,-4.012921],[119.964868,-4.012097],[119.96626,-4.012303],[119.966826,-4.011846],[119.968066,-4.011899],[119.968641,-4.012141],[119.968551,-4.012249]]]}},{"type":"Feature","properties":{"FID":50,"REMARK":"Perkebunan/Kebun"},"geometry":{"type":"Polygon","coordinates":[[[119.972764,-4.01612],[119.973366,-4.016129],[119.973716,-4.016299],[119.973743,-4.01733],[119.973501,-4.017482],[119.973213,-4.018092],[119.972692,-4.018334],[119.972692,-4.017357],[119.972216,-4.016703],[119.97192,-4.015923],[119.971893,-4.013593],[119.972477,-4.011667],[119.972953,-4.011864],[119.973069,-4.012222],[119.972656,-4.013575],[119.972737,-4.014247],[119.972243,-4.015672],[119.972378,-4.016057],[119.972764,-4.01612]]]}},{"type":"Feature","properties":{"FID":51,"REMARK":"Perkebunan/Kebun"},"geometry":{"type":"Polygon","coordinates":[[[120.000046,-4.007338],[120.000127,-4.007957],[120.000315,-4.008243],[120.002265,-4.009722],[120.004735,-4.012688],[120.005957,-4.015681],[120.005687,-4.01578],[120.005849,-4.016416],[120.005202,-4.018065],[120.005058,-4.018038],[120.005005,-4.018441],[120.005436,-4.018504],[120.005499,-4.019167],[120.005867,-4.020197],[120.006909,-4.021945],[120.007035,-4.022644],[120.0069,-4.026094],[120.006622,-4.026829],[120.005912,-4.027304],[120.005606,-4.027716],[120.005732,-4.028961],[120.005579,-4.029857],[120.004484,-4.030216],[120.004178,-4.030467],[120.004133,-4.030906],[120.004439,-4.031605],[120.004448,-4.032098],[120.004124,-4.032017],[120.003998,-4.032519],[120.003531,-4.032375],[120.003424,-4.032743],[120.003801,-4.032868],[120.003531,-4.034141],[120.003801,-4.034186],[120.003945,-4.034884],[120.004798,-4.036202],[120.005831,-4.037044],[120.00655,-4.037967],[120.008355,-4.039231],[120.009442,-4.040593],[120.009128,-4.040458],[120.008598,-4.039696],[120.007735,-4.038917],[120.006307,-4.038012],[120.005597,-4.037161],[120.004528,-4.036919],[120.003989,-4.036435],[120.003738,-4.036085],[120.003684,-4.035592],[120.003298,-4.035252],[120.003522,-4.034867],[120.003361,-4.034947],[120.003127,-4.03466],[120.003433,-4.034365],[120.003504,-4.033415],[120.003388,-4.033298],[120.002947,-4.033433],[120.002786,-4.032806],[120.002301,-4.032752],[120.002058,-4.032573],[120.002193,-4.032071],[120.003244,-4.031488],[120.003468,-4.031211],[120.003621,-4.030216],[120.005256,-4.029365],[120.005454,-4.028764],[120.005445,-4.02742],[120.006505,-4.026246],[120.006604,-4.024974],[120.006316,-4.024087],[120.006406,-4.022447],[120.006316,-4.02173],[120.006065,-4.021201],[120.004951,-4.019884],[120.00487,-4.01949],[120.004358,-4.019158],[120.004825,-4.017187],[120.004448,-4.016201],[120.004591,-4.014731],[120.004304,-4.013701],[120.002462,-4.01129],[120.00142,-4.010197],[120.000881,-4.009865],[119.999471,-4.009426],[119.999004,-4.008889],[119.999067,-4.00836],[120.000046,-4.007338]]]}},{"type":"Feature","properties":{"FID":52,"REMARK":"Perkebunan/Kebun"},"geometry":{"type":"Polygon","coordinates":[[[119.961553,-4.007509],[119.96193,-4.007571],[119.962083,-4.00724],[119.962927,-4.007383],[119.962829,-4.007903],[119.964419,-4.008512],[119.96441,-4.008799],[119.965056,-4.008942],[119.965317,-4.008718],[119.967374,-4.008656],[119.967895,-4.008207],[119.968524,-4.008225],[119.96865,-4.008449],[119.969144,-4.008494],[119.969243,-4.007975],[119.969467,-4.007858],[119.969332,-4.009059],[119.969081,-4.009847],[119.966898,-4.010054],[119.966395,-4.009973],[119.966242,-4.009695],[119.965811,-4.009632],[119.96556,-4.009874],[119.965272,-4.009776],[119.965281,-4.009498],[119.965021,-4.009444],[119.964607,-4.010152],[119.964329,-4.010027],[119.964562,-4.00939],[119.96441,-4.009122],[119.962766,-4.00862],[119.962478,-4.008808],[119.961849,-4.008665],[119.961625,-4.008844],[119.961544,-4.009426],[119.961158,-4.009471],[119.960906,-4.010071],[119.960951,-4.010708],[119.961275,-4.010905],[119.96114,-4.011209],[119.960556,-4.011272],[119.960448,-4.011156],[119.960664,-4.010869],[119.960619,-4.010062],[119.960754,-4.009534],[119.961373,-4.009014],[119.961382,-4.007983],[119.960161,-4.007616],[119.959756,-4.008181],[119.959541,-4.008216],[119.959352,-4.007849],[119.959056,-4.007742],[119.959083,-4.0075],[119.959541,-4.0075],[119.959729,-4.00698],[119.960286,-4.007249],[119.961553,-4.007509]]]}},{"type":"Feature","properties":{"FID":53,"REMARK":"Perkebunan/Kebun"},"geometry":{"type":"Polygon","coordinates":[[[119.932169,-4.00706],[119.932268,-4.007249],[119.932187,-4.008064],[119.932636,-4.008656],[119.934622,-4.00939],[119.935071,-4.008279],[119.936283,-4.009641],[119.936769,-4.009803],[119.938359,-4.011209],[119.939275,-4.011649],[119.940128,-4.013109],[119.940973,-4.01578],[119.941251,-4.01604],[119.942545,-4.016111],[119.942733,-4.015681],[119.945518,-4.017115],[119.94585,-4.016738],[119.946318,-4.017034],[119.946515,-4.01776],[119.946021,-4.020287],[119.946902,-4.021909],[119.948303,-4.023827],[119.947997,-4.024651],[119.948662,-4.025225],[119.948366,-4.025467],[119.947638,-4.024777],[119.947962,-4.02397],[119.947342,-4.02294],[119.94683,-4.022563],[119.946911,-4.022465],[119.946668,-4.022276],[119.94683,-4.022097],[119.94656,-4.021846],[119.946389,-4.022008],[119.945698,-4.021318],[119.945554,-4.021425],[119.945419,-4.0213],[119.94524,-4.020036],[119.944943,-4.01966],[119.944907,-4.018199],[119.942859,-4.017294],[119.940568,-4.017446],[119.939949,-4.017151],[119.93958,-4.016622],[119.939625,-4.015654],[119.939463,-4.015484],[119.939562,-4.015358],[119.938377,-4.013674],[119.938853,-4.013208],[119.938493,-4.01284],[119.938296,-4.013038],[119.937811,-4.012509],[119.93764,-4.012598],[119.937083,-4.012079],[119.93711,-4.011899],[119.936346,-4.01164],[119.936265,-4.011953],[119.935843,-4.011783],[119.935915,-4.011559],[119.935726,-4.011496],[119.935592,-4.011729],[119.935358,-4.011398],[119.935484,-4.010923],[119.935295,-4.010152],[119.935035,-4.01034],[119.934649,-4.010036],[119.934514,-4.010537],[119.93472,-4.0106],[119.934765,-4.011613],[119.935196,-4.012016],[119.935574,-4.012168],[119.935655,-4.011998],[119.936625,-4.012383],[119.936436,-4.01293],[119.937334,-4.01336],[119.937415,-4.013226],[119.937829,-4.013333],[119.938565,-4.014991],[119.938134,-4.015941],[119.938916,-4.016371],[119.93932,-4.015654],[119.939481,-4.016891],[119.938924,-4.01681],[119.938026,-4.016317],[119.937918,-4.015609],[119.93826,-4.01483],[119.937909,-4.014534],[119.937694,-4.014032],[119.93773,-4.013674],[119.937379,-4.013584],[119.937038,-4.01371],[119.93623,-4.015188],[119.93525,-4.014946],[119.935179,-4.014785],[119.93578,-4.013118],[119.933741,-4.012482],[119.934442,-4.009901],[119.933858,-4.009579],[119.933606,-4.009812],[119.932564,-4.009435],[119.932394,-4.009767],[119.931927,-4.009704],[119.931783,-4.010107],[119.931397,-4.010071],[119.931253,-4.010681],[119.929681,-4.010457],[119.929187,-4.011281],[119.928845,-4.011236],[119.929402,-4.009991],[119.930337,-4.010206],[119.930283,-4.010394],[119.930534,-4.010484],[119.930597,-4.010304],[119.93119,-4.010511],[119.931289,-4.010143],[119.930858,-4.009991],[119.931199,-4.008709],[119.932088,-4.008987],[119.932124,-4.008826],[119.930211,-4.008199],[119.930292,-4.008028],[119.929753,-4.007831],[119.930076,-4.007231],[119.93128,-4.007517],[119.931343,-4.007069],[119.931936,-4.007123],[119.931954,-4.006908],[119.932169,-4.00706]]]}},{"type":"Feature","properties":{"FID":54,"REMARK":"Perkebunan/Kebun"},"geometry":{"type":"Polygon","coordinates":[[[119.932277,-4.004336],[119.932825,-4.004748],[119.932079,-4.005815],[119.931765,-4.005483],[119.932277,-4.004336]]]}},{"type":"Feature","properties":{"FID":55,"REMARK":"Perkebunan/Kebun"},"geometry":{"type":"Polygon","coordinates":[[[119.94329,-4.003198],[119.943416,-4.003377],[119.944144,-4.003333],[119.944647,-4.003843],[119.945437,-4.003951],[119.945815,-4.003843],[119.946533,-4.003055],[119.947908,-4.00284],[119.948483,-4.002911],[119.949381,-4.003225],[119.950522,-4.004148],[119.9516,-4.00413],[119.951708,-4.004722],[119.952247,-4.005116],[119.952642,-4.005743],[119.953307,-4.006048],[119.953477,-4.006451],[119.95416,-4.006361],[119.95407,-4.006711],[119.953315,-4.006845],[119.952794,-4.006765],[119.95142,-4.006227],[119.950324,-4.005465],[119.949399,-4.005089],[119.949147,-4.004677],[119.948851,-4.004524],[119.948474,-4.004489],[119.94798,-4.004748],[119.946704,-4.004892],[119.945617,-4.004829],[119.944907,-4.005358],[119.94435,-4.005125],[119.943919,-4.00465],[119.942985,-4.004668],[119.941269,-4.004282],[119.940649,-4.004489],[119.940182,-4.004999],[119.939535,-4.006881],[119.938951,-4.006917],[119.937415,-4.00646],[119.936499,-4.007087],[119.935592,-4.008772],[119.935143,-4.008216],[119.934774,-4.0075],[119.935664,-4.006397],[119.936283,-4.006344],[119.936975,-4.005842],[119.937325,-4.00577],[119.937514,-4.00551],[119.938332,-4.005295],[119.93879,-4.003637],[119.937891,-4.003368],[119.93808,-4.003135],[119.939517,-4.003315],[119.939931,-4.003126],[119.940425,-4.003297],[119.940685,-4.003126],[119.941449,-4.003225],[119.942158,-4.002589],[119.942518,-4.002463],[119.943236,-4.002723],[119.94329,-4.003198]],[[119.947243,-4.004094],[119.947872,-4.00413],[119.947899,-4.00396],[119.94859,-4.004085],[119.948644,-4.003897],[119.947899,-4.003772],[119.947908,-4.003673],[119.946848,-4.003709],[119.946848,-4.003906],[119.947261,-4.003906],[119.947243,-4.004094]]]}},{"type":"Feature","properties":{"FID":56,"REMARK":"Perkebunan/Kebun"},"geometry":{"type":"Polygon","coordinates":[[[119.934649,-4.002759],[119.93428,-4.002813],[119.93384,-4.003646],[119.93375,-4.004533],[119.934127,-4.005143],[119.933831,-4.005797],[119.932879,-4.004659],[119.933571,-4.003368],[119.933445,-4.003207],[119.93402,-4.002221],[119.934909,-4.002472],[119.934649,-4.002759]]]}},{"type":"Feature","properties":{"FID":57,"REMARK":"Perkebunan/Kebun"},"geometry":{"type":"Polygon","coordinates":[[[119.933067,-4.002024],[119.93375,-4.00232],[119.933382,-4.00301],[119.932106,-4.00232],[119.932313,-4.00197],[119.932519,-4.002069],[119.932475,-4.001755],[119.933067,-4.002024]]]}},{"type":"Feature","properties":{"FID":58,"REMARK":"Perkebunan/Kebun"},"geometry":{"type":"Polygon","coordinates":[[[119.97421,-4.001074],[119.973734,-4.002069],[119.973339,-4.00189],[119.973626,-4.001379],[119.973492,-4.001289],[119.973662,-4.001012],[119.97386,-4.00111],[119.974004,-4.000806],[119.973833,-4.000707],[119.973986,-4.000429],[119.974489,-4.000474],[119.97421,-4.001074]]]}},{"type":"Feature","properties":{"FID":59,"REMARK":"Perkebunan/Kebun"},"geometry":{"type":"Polygon","coordinates":[[[119.929178,-4.000151],[119.929887,-4.000357],[119.930013,-3.999981],[119.930992,-4.00034],[119.931702,-3.999614],[119.932214,-3.999847],[119.931783,-4.000635],[119.932681,-4.000967],[119.93243,-4.001388],[119.932241,-4.001289],[119.931531,-4.002526],[119.931415,-4.002472],[119.931522,-4.001738],[119.931307,-4.001702],[119.931109,-4.002831],[119.931451,-4.003055],[119.93137,-4.003189],[119.931028,-4.002956],[119.930938,-4.003126],[119.929348,-4.00258],[119.929133,-4.002652],[119.928962,-4.00318],[119.930588,-4.003449],[119.930543,-4.003601],[119.930849,-4.003709],[119.930624,-4.004256],[119.930094,-4.00413],[119.929977,-4.004399],[119.930534,-4.004524],[119.930399,-4.004874],[119.930004,-4.004784],[119.929932,-4.005089],[119.930274,-4.005188],[119.929483,-4.007383],[119.929654,-4.007464],[119.929465,-4.007849],[119.929223,-4.007652],[119.928369,-4.009202],[119.928127,-4.009767],[119.928459,-4.01],[119.927992,-4.010976],[119.927749,-4.010878],[119.92668,-4.01233],[119.92686,-4.012482],[119.926375,-4.013513],[119.925207,-4.014722],[119.924821,-4.015529],[119.924794,-4.017106],[119.924372,-4.01819],[119.924192,-4.019113],[119.924336,-4.020108],[119.925054,-4.022303],[119.925099,-4.023612],[119.924956,-4.024257],[119.923168,-4.028451],[119.922512,-4.028271],[119.922404,-4.028585],[119.921641,-4.02828],[119.920985,-4.031506],[119.920536,-4.031444],[119.920159,-4.031031],[119.919521,-4.029607],[119.918802,-4.029096],[119.918802,-4.028451],[119.919296,-4.027823],[119.921695,-4.027169],[119.922135,-4.026766],[119.922809,-4.024875],[119.923267,-4.022742],[119.923087,-4.020879],[119.922476,-4.019947],[119.921632,-4.019803],[119.920554,-4.020654],[119.919413,-4.021909],[119.918784,-4.022142],[119.918299,-4.022151],[119.917895,-4.021918],[119.917832,-4.021577],[119.917913,-4.021318],[119.918398,-4.020932],[119.918964,-4.020995],[119.919377,-4.02078],[119.920761,-4.018719],[119.921309,-4.018629],[119.922153,-4.018844],[119.922324,-4.018244],[119.922764,-4.018083],[119.922952,-4.017097],[119.922557,-4.016264],[119.922827,-4.015152],[119.922539,-4.015054],[119.92253,-4.014462],[119.922575,-4.014319],[119.923069,-4.014256],[119.923285,-4.01405],[119.923833,-4.01302],[119.923707,-4.011837],[119.923806,-4.011272],[119.924237,-4.01069],[119.924785,-4.010376],[119.925046,-4.009812],[119.925558,-4.009695],[119.92651,-4.008709],[119.927013,-4.008718],[119.927058,-4.008458],[119.92668,-4.007921],[119.927722,-4.006012],[119.926546,-4.00534],[119.926366,-4.004928],[119.926429,-4.004659],[119.926123,-4.004471],[119.926213,-4.004157],[119.925405,-4.00379],[119.924453,-4.003575],[119.924012,-4.004372],[119.923348,-4.004605],[119.92306,-4.005152],[119.922611,-4.005071],[119.921596,-4.004184],[119.921201,-4.004229],[119.920779,-4.004856],[119.920707,-4.005671],[119.920419,-4.006066],[119.919099,-4.005967],[119.918883,-4.006317],[119.918353,-4.006397],[119.918155,-4.006774],[119.917482,-4.007025],[119.916592,-4.0106],[119.916242,-4.010878],[119.915874,-4.010896],[119.915496,-4.01043],[119.915667,-4.009148],[119.915568,-4.008772],[119.914607,-4.007939],[119.913448,-4.007715],[119.912703,-4.00775],[119.912316,-4.00758],[119.912325,-4.007052],[119.912828,-4.006388],[119.912873,-4.005922],[119.911661,-4.005421],[119.911328,-4.004999],[119.911939,-4.004103],[119.912128,-4.00405],[119.912631,-4.004076],[119.913574,-4.004542],[119.914203,-4.004524],[119.914544,-4.004471],[119.915065,-4.003969],[119.915281,-4.004085],[119.915748,-4.004865],[119.916907,-4.005277],[119.917967,-4.004829],[119.918623,-4.004883],[119.919485,-4.002885],[119.919835,-4.00249],[119.920428,-4.002293],[119.921183,-4.002356],[119.922512,-4.003198],[119.92289,-4.00318],[119.923554,-4.002311],[119.924426,-4.002383],[119.923114,-4.003772],[119.923258,-4.003942],[119.923662,-4.003584],[119.923896,-4.003754],[119.923994,-4.003592],[119.923815,-4.003458],[119.924363,-4.002607],[119.92456,-4.002517],[119.926195,-4.002867],[119.926285,-4.002634],[119.927875,-4.002938],[119.927983,-4.002822],[119.92677,-4.002481],[119.926995,-4.002078],[119.926725,-4.00197],[119.928118,-3.999264],[119.929321,-3.999784],[119.929178,-4.000151]],[[119.919979,-4.003978],[119.92006,-4.003799],[119.920482,-4.003915],[119.920599,-4.003494],[119.920257,-4.003395],[119.920545,-4.003109],[119.920994,-4.003028],[119.921569,-4.003422],[119.921659,-4.003306],[119.921084,-4.002911],[119.920626,-4.002902],[119.92024,-4.0031],[119.919377,-4.00491],[119.919674,-4.005026],[119.91997,-4.004399],[119.919808,-4.004336],[119.919979,-4.003978]],[[119.91317,-4.005116],[119.913008,-4.00499],[119.912891,-4.005214],[119.913547,-4.005887],[119.912999,-4.007069],[119.913071,-4.007168],[119.913305,-4.007267],[119.913655,-4.006245],[119.91405,-4.006344],[119.914185,-4.005931],[119.916449,-4.006657],[119.916026,-4.008234],[119.916368,-4.008351],[119.916053,-4.009561],[119.916395,-4.009632],[119.916538,-4.009032],[119.916422,-4.008978],[119.916826,-4.007446],[119.916997,-4.007491],[119.917095,-4.007213],[119.917311,-4.007267],[119.9175,-4.006675],[119.917338,-4.00663],[119.917401,-4.006388],[119.917661,-4.005931],[119.918452,-4.005824],[119.918443,-4.005537],[119.917383,-4.005636],[119.917149,-4.006164],[119.916907,-4.006093],[119.91688,-4.006209],[119.916107,-4.00594],[119.916179,-4.005707],[119.915802,-4.0056],[119.915757,-4.00577],[119.914275,-4.00543],[119.913664,-4.005474],[119.91317,-4.005116]],[[119.915308,-4.00681],[119.914652,-4.006603],[119.91432,-4.007625],[119.915002,-4.007867],[119.915308,-4.00681]]]}},{"type":"Feature","properties":{"FID":60,"REMARK":"Perkebunan/Kebun"},"geometry":{"type":"Polygon","coordinates":[[[119.975046,-3.999802],[119.974552,-3.999766],[119.974875,-3.998924],[119.97501,-3.996809],[119.975405,-3.996656],[119.97563,-3.997015],[119.975666,-3.997597],[119.975333,-3.999148],[119.975046,-3.999802]]]}},{"type":"Feature","properties":{"FID":61,"REMARK":"Perkebunan/Kebun"},"geometry":{"type":"Polygon","coordinates":[[[119.941718,-3.996961],[119.942347,-3.996854],[119.942149,-3.998019],[119.943129,-3.998054],[119.942976,-3.998843],[119.942635,-3.999345],[119.942194,-3.999273],[119.941853,-3.99878],[119.94047,-3.998467],[119.939652,-3.998673],[119.939562,-3.999013],[119.939347,-3.999139],[119.937604,-3.998511],[119.936867,-3.999157],[119.936265,-3.999255],[119.936733,-3.997893],[119.937424,-3.997571],[119.938448,-3.997839],[119.939338,-3.997884],[119.940685,-3.997651],[119.94073,-3.99723],[119.939904,-3.997113],[119.938709,-3.99732],[119.9379,-3.997078],[119.939293,-3.99447],[119.939697,-3.994909],[119.939742,-3.995617],[119.940173,-3.995931],[119.940218,-3.996173],[119.94082,-3.996755],[119.941718,-3.996961]]]}},{"type":"Feature","properties":{"FID":62,"REMARK":"Perkebunan/Kebun"},"geometry":{"type":"Polygon","coordinates":[[[119.971758,-3.991217],[119.972198,-3.991154],[119.972351,-3.991701],[119.973393,-3.993502],[119.972153,-3.993529],[119.972207,-3.994479],[119.972881,-3.994461],[119.973222,-3.99568],[119.974273,-3.997185],[119.974058,-3.998924],[119.973788,-3.99982],[119.97421,-3.999811],[119.974138,-3.999999],[119.973402,-4.000976],[119.973231,-4.000904],[119.972809,-4.001755],[119.972,-4.001549],[119.972,-4.001433],[119.971282,-4.001361],[119.971156,-4.001738],[119.970608,-4.00206],[119.969997,-4.001988],[119.969997,-4.001782],[119.970195,-4.001657],[119.970096,-4.001415],[119.969036,-4.000949],[119.968964,-4.000644],[119.968784,-4.000599],[119.96865,-4.000814],[119.968147,-4.000797],[119.966907,-4.000483],[119.966673,-4.00094],[119.965919,-4.000913],[119.965757,-4.000357],[119.965137,-4.000223],[119.965263,-4.000044],[119.966853,-3.99965],[119.969009,-3.999927],[119.970455,-4.000635],[119.970671,-4.000492],[119.970815,-3.999999],[119.971264,-3.999399],[119.970357,-3.998807],[119.970392,-3.99852],[119.970716,-3.998485],[119.971641,-3.99887],[119.97227,-3.99861],[119.972917,-3.998825],[119.973276,-3.99878],[119.973312,-3.998269],[119.973671,-3.997956],[119.973564,-3.997338],[119.973339,-3.996997],[119.972512,-3.996863],[119.972234,-3.996325],[119.971435,-3.99576],[119.971129,-3.995097],[119.971273,-3.994192],[119.971192,-3.993986],[119.970752,-3.993825],[119.970527,-3.991548],[119.969809,-3.990599],[119.970141,-3.989828],[119.971003,-3.989129],[119.971515,-3.989093],[119.971093,-3.99007],[119.971749,-3.99033],[119.971578,-3.991208],[119.971758,-3.991217]]]}},{"type":"Feature","properties":{"FID":63,"REMARK":"Perkebunan/Kebun"},"geometry":{"type":"Polygon","coordinates":[[[119.945015,-3.98843],[119.944916,-3.988663],[119.944314,-3.988537],[119.944027,-3.988887],[119.943605,-3.988762],[119.943245,-3.989452],[119.943147,-3.989801],[119.943928,-3.990366],[119.943721,-3.990921],[119.943182,-3.990993],[119.942805,-3.99136],[119.941548,-3.99085],[119.943847,-3.986924],[119.94418,-3.987095],[119.943946,-3.987543],[119.945024,-3.988161],[119.945015,-3.98843]]]}},{"type":"Feature","properties":{"FID":64,"REMARK":"Perkebunan/Kebun"},"geometry":{"type":"Polygon","coordinates":[[[119.964661,-3.995276],[119.96441,-3.996047],[119.965003,-3.996235],[119.964787,-3.997069],[119.963844,-3.997275],[119.963529,-3.998332],[119.962972,-3.998296],[119.962433,-3.99947],[119.961571,-3.999201],[119.96202,-3.997893],[119.961742,-3.997768],[119.96176,-3.997427],[119.961921,-3.997131],[119.96229,-3.997284],[119.962514,-3.996836],[119.962775,-3.995411],[119.963107,-3.995402],[119.963179,-3.992893],[119.962954,-3.992633],[119.963826,-3.988833],[119.964095,-3.986709],[119.966602,-3.986718],[119.965955,-3.987498],[119.965748,-3.989622],[119.965317,-3.990106],[119.965101,-3.991127],[119.964562,-3.991289],[119.964113,-3.992212],[119.963862,-3.993403],[119.96405,-3.993511],[119.964005,-3.99438],[119.964248,-3.994515],[119.964167,-3.994936],[119.964706,-3.995052],[119.964661,-3.995276]]]}},{"type":"Feature","properties":{"FID":65,"REMARK":"Perkebunan/Kebun"},"geometry":{"type":"Polygon","coordinates":[[[119.978208,-3.985813],[119.978396,-3.98601],[119.978765,-3.986046],[119.979744,-3.985338],[119.980058,-3.985276],[119.980346,-3.985401],[119.981064,-3.986181],[119.982205,-3.986611],[119.98269,-3.98774],[119.983571,-3.988529],[119.983849,-3.989443],[119.984334,-3.990124],[119.984559,-3.991495],[119.985179,-3.992328],[119.986176,-3.994828],[119.986805,-3.995644],[119.987416,-3.996809],[119.988152,-3.997167],[119.988709,-3.99818],[119.989095,-3.998458],[119.990389,-3.99904],[119.991745,-3.999345],[119.992796,-4.001549],[119.994045,-4.001773],[119.994907,-4.002732],[119.995716,-4.003216],[119.996551,-4.004336],[119.998438,-4.004919],[119.999848,-4.006361],[119.999983,-4.006639],[119.999121,-4.007195],[119.998609,-4.006845],[119.998249,-4.006209],[119.997863,-4.006093],[119.997558,-4.005761],[119.996515,-4.005501],[119.996084,-4.005197],[119.995437,-4.005313],[119.995357,-4.004919],[119.994198,-4.004623],[119.993695,-4.004946],[119.993317,-4.004883],[119.993093,-4.004748],[119.993057,-4.004175],[119.992707,-4.003987],[119.992347,-4.003942],[119.991898,-4.004677],[119.991602,-4.004641],[119.992257,-4.003207],[119.991952,-4.002858],[119.991602,-4.002894],[119.991395,-4.003171],[119.990928,-4.003315],[119.99038,-4.003781],[119.989859,-4.003825],[119.989823,-4.004014],[119.99038,-4.004775],[119.990667,-4.005707],[119.991117,-4.006012],[119.990937,-4.006702],[119.991099,-4.00732],[119.991449,-4.007284],[119.991718,-4.006836],[119.991458,-4.006514],[119.991593,-4.006111],[119.991341,-4.005474],[119.99144,-4.005358],[119.991781,-4.005412],[119.992159,-4.005089],[119.992392,-4.005098],[119.992617,-4.006048],[119.993308,-4.006299],[119.993291,-4.006523],[119.992231,-4.006881],[119.991862,-4.007544],[119.991934,-4.007742],[119.992293,-4.007267],[119.992527,-4.007267],[119.992509,-4.007912],[119.993066,-4.008216],[119.993138,-4.008494],[119.991745,-4.008575],[119.991656,-4.008727],[119.992868,-4.009355],[119.993461,-4.011801],[119.993659,-4.012007],[119.994548,-4.01233],[119.994629,-4.01267],[119.995006,-4.012867],[119.994943,-4.0131],[119.994593,-4.013378],[119.994881,-4.013719],[119.994602,-4.014149],[119.994539,-4.014579],[119.994557,-4.015018],[119.994863,-4.015618],[119.994611,-4.016156],[119.993901,-4.016022],[119.993291,-4.015081],[119.992859,-4.014866],[119.992895,-4.014489],[119.993686,-4.01448],[119.99391,-4.014256],[119.993901,-4.014005],[119.993192,-4.013584],[119.992626,-4.012796],[119.991638,-4.012339],[119.991593,-4.012177],[119.991925,-4.011711],[119.991377,-4.011156],[119.991467,-4.010887],[119.991844,-4.010681],[119.991862,-4.010313],[119.99082,-4.009238],[119.990389,-4.008064],[119.990218,-4.008091],[119.989832,-4.008969],[119.989563,-4.008996],[119.989257,-4.00879],[119.989212,-4.008405],[119.988934,-4.008172],[119.987308,-4.007598],[119.986823,-4.006989],[119.986706,-4.006514],[119.986769,-4.00534],[119.986472,-4.005071],[119.985969,-4.005053],[119.985071,-4.004641],[119.984487,-4.004614],[119.98411,-4.005008],[119.983598,-4.004928],[119.983301,-4.005286],[119.982322,-4.005188],[119.982107,-4.0056],[119.981891,-4.005645],[119.981451,-4.005205],[119.980049,-4.004784],[119.979474,-4.004784],[119.978325,-4.004202],[119.977777,-4.003834],[119.977202,-4.003153],[119.975881,-4.002831],[119.975755,-4.003162],[119.975881,-4.00353],[119.97571,-4.00396],[119.976447,-4.004282],[119.976106,-4.004829],[119.974929,-4.004498],[119.974722,-4.004748],[119.974327,-4.004596],[119.97412,-4.004946],[119.974399,-4.005268],[119.974318,-4.005833],[119.975279,-4.006111],[119.975324,-4.005976],[119.976384,-4.00655],[119.979412,-4.007598],[119.979519,-4.007347],[119.980058,-4.007473],[119.980103,-4.007983],[119.98287,-4.009363],[119.982735,-4.009731],[119.982556,-4.009794],[119.978343,-4.007858],[119.978136,-4.008037],[119.977606,-4.007983],[119.977399,-4.008942],[119.977471,-4.009274],[119.979483,-4.010313],[119.980696,-4.011389],[119.980516,-4.012052],[119.980939,-4.012491],[119.981415,-4.012419],[119.981621,-4.012043],[119.982385,-4.012097],[119.982699,-4.0125],[119.983418,-4.012634],[119.983741,-4.01293],[119.984002,-4.013432],[119.98393,-4.014194],[119.984406,-4.014364],[119.984532,-4.014561],[119.984074,-4.016631],[119.983912,-4.016738],[119.9834,-4.016523],[119.983706,-4.014991],[119.983301,-4.014615],[119.983562,-4.013521],[119.98296,-4.01293],[119.982592,-4.012831],[119.981082,-4.013029],[119.980705,-4.012948],[119.979834,-4.012159],[119.979771,-4.011819],[119.979951,-4.011559],[119.979627,-4.011183],[119.979789,-4.011003],[119.979645,-4.01086],[119.978522,-4.010717],[119.978396,-4.010295],[119.976276,-4.00922],[119.976339,-4.008727],[119.976043,-4.008503],[119.976007,-4.007957],[119.975468,-4.007401],[119.975288,-4.00698],[119.973375,-4.006845],[119.973303,-4.006102],[119.97368,-4.004668],[119.973357,-4.0037],[119.973195,-4.003763],[119.973051,-4.003503],[119.974264,-4.002006],[119.974695,-4.00085],[119.97571,-3.999425],[119.975989,-3.9987],[119.976052,-3.99732],[119.975872,-3.996603],[119.974462,-3.99542],[119.974399,-3.99361],[119.974058,-3.992489],[119.973573,-3.991898],[119.972809,-3.991378],[119.972755,-3.991145],[119.974049,-3.989398],[119.974552,-3.988063],[119.975764,-3.986915],[119.975935,-3.985688],[119.976519,-3.98584],[119.977031,-3.985544],[119.977274,-3.985016],[119.977301,-3.984326],[119.977561,-3.983815],[119.978028,-3.984039],[119.978405,-3.984577],[119.978396,-3.984962],[119.978163,-3.985356],[119.978208,-3.985813]],[[119.976735,-3.989102],[119.976708,-3.989407],[119.975684,-3.989389],[119.975621,-3.989532],[119.976043,-3.98972],[119.976079,-3.990043],[119.976456,-3.990142],[119.97651,-3.990545],[119.976833,-3.99067],[119.976771,-3.991056],[119.97616,-3.991127],[119.976088,-3.991262],[119.976896,-3.991575],[119.976959,-3.991853],[119.976097,-3.991907],[119.976043,-3.992498],[119.975603,-3.992525],[119.975522,-3.992669],[119.976052,-3.992767],[119.976115,-3.993153],[119.97686,-3.993269],[119.976842,-3.99369],[119.976088,-3.993861],[119.976097,-3.994165],[119.976582,-3.994201],[119.976681,-3.994434],[119.977336,-3.994461],[119.977309,-3.996092],[119.977831,-3.996217],[119.977732,-3.996621],[119.977354,-3.996639],[119.977309,-3.997131],[119.978423,-3.997418],[119.978441,-3.997696],[119.978882,-3.99809],[119.978819,-3.998933],[119.979097,-3.998968],[119.979268,-3.998637],[119.979942,-3.998485],[119.981082,-3.99887],[119.981217,-3.999058],[119.981002,-4.000071],[119.980202,-3.99999],[119.979591,-4.000133],[119.978639,-4.00085],[119.976232,-4.000259],[119.976016,-4.000644],[119.97563,-4.000662],[119.975351,-4.00103],[119.975252,-4.001442],[119.975342,-4.001863],[119.97589,-4.001881],[119.976806,-4.001065],[119.977381,-4.000958],[119.977579,-4.001065],[119.977615,-4.001558],[119.978459,-4.001818],[119.978504,-4.002275],[119.979681,-4.002732],[119.980319,-4.002643],[119.981271,-4.002867],[119.9819,-4.002643],[119.983912,-4.003055],[119.986877,-4.002965],[119.987164,-4.00232],[119.987739,-4.00215],[119.987901,-4.001827],[119.986877,-4.000393],[119.98658,-3.999614],[119.986059,-3.999587],[119.98623,-3.9987],[119.985808,-3.998655],[119.985754,-3.998476],[119.986014,-3.998144],[119.985547,-3.99809],[119.985385,-3.997938],[119.984622,-3.998108],[119.984182,-3.997678],[119.983122,-3.997597],[119.983202,-3.997176],[119.982879,-3.997105],[119.983247,-3.996863],[119.983041,-3.996603],[119.983283,-3.996343],[119.983966,-3.996101],[119.983903,-3.995733],[119.983562,-3.99568],[119.983598,-3.99542],[119.983391,-3.995258],[119.984128,-3.994891],[119.984155,-3.994757],[119.983283,-3.995061],[119.98296,-3.994873],[119.982888,-3.994613],[119.982071,-3.994882],[119.981756,-3.994362],[119.981594,-3.994344],[119.981451,-3.993816],[119.982268,-3.993457],[119.982107,-3.993135],[119.981639,-3.993135],[119.981576,-3.992749],[119.981765,-3.992472],[119.982259,-3.992355],[119.981909,-3.992256],[119.981873,-3.992014],[119.981568,-3.991997],[119.981729,-3.991943],[119.981639,-3.991808],[119.981756,-3.99162],[119.981963,-3.991584],[119.981864,-3.991333],[119.982304,-3.991208],[119.982565,-3.990733],[119.982502,-3.98998],[119.982232,-3.989989],[119.982196,-3.990159],[119.981882,-3.990267],[119.98155,-3.990222],[119.981576,-3.989658],[119.982053,-3.989586],[119.982017,-3.989156],[119.980669,-3.989201],[119.980543,-3.989317],[119.980364,-3.989263],[119.980436,-3.988878],[119.980004,-3.988824],[119.979618,-3.989998],[119.979196,-3.989909],[119.979277,-3.989066],[119.978657,-3.988923],[119.978468,-3.989219],[119.97792,-3.989147],[119.977929,-3.988618],[119.976959,-3.988636],[119.976878,-3.988322],[119.975908,-3.988233],[119.975872,-3.988618],[119.976133,-3.98869],[119.976142,-3.98903],[119.976735,-3.989102]]]}},{"type":"Feature","properties":{"FID":66,"REMARK":"Perkebunan/Kebun"},"geometry":{"type":"Polygon","coordinates":[[[119.95487,-3.983196],[119.954591,-3.983636],[119.955597,-3.984182],[119.955337,-3.984451],[119.954304,-3.984397],[119.953549,-3.983636],[119.95151,-3.982587],[119.950728,-3.98248],[119.95027,-3.982578],[119.950459,-3.983528],[119.950809,-3.983725],[119.950944,-3.984227],[119.951528,-3.98446],[119.95151,-3.985482],[119.951716,-3.985679],[119.952498,-3.985957],[119.953055,-3.985858],[119.953666,-3.986064],[119.953828,-3.986512],[119.954465,-3.986718],[119.954645,-3.98705],[119.955103,-3.987005],[119.95584,-3.986611],[119.956046,-3.986718],[119.956073,-3.986996],[119.955723,-3.987883],[119.954061,-3.987426],[119.953837,-3.987982],[119.95283,-3.987785],[119.952741,-3.988161],[119.952247,-3.988143],[119.952031,-3.988358],[119.950486,-3.987749],[119.950639,-3.987059],[119.950028,-3.986593],[119.950028,-3.985849],[119.94974,-3.985482],[119.94965,-3.984093],[119.949255,-3.983922],[119.949165,-3.983707],[119.949255,-3.982175],[119.948878,-3.981978],[119.948438,-3.981969],[119.948195,-3.982058],[119.948141,-3.982444],[119.94798,-3.982542],[119.947432,-3.982489],[119.94683,-3.982659],[119.946102,-3.98248],[119.946363,-3.981915],[119.946964,-3.982166],[119.947333,-3.981234],[119.948303,-3.98144],[119.949498,-3.98144],[119.952255,-3.982381],[119.953783,-3.983268],[119.954142,-3.98299],[119.953262,-3.982345],[119.95107,-3.981386],[119.951285,-3.980633],[119.952417,-3.981458],[119.95363,-3.981924],[119.954798,-3.982955],[119.95487,-3.983196]]]}},{"type":"Feature","properties":{"FID":67,"REMARK":"Perkebunan/Kebun"},"geometry":{"type":"Polygon","coordinates":[[[119.945168,-3.982506],[119.945078,-3.982677],[119.944665,-3.982515],[119.944341,-3.983188],[119.944683,-3.98334],[119.941062,-3.989774],[119.941395,-3.989989],[119.938736,-3.994712],[119.938188,-3.994488],[119.936939,-3.997176],[119.936167,-3.997346],[119.935655,-3.997185],[119.936472,-3.994147],[119.936858,-3.994237],[119.937002,-3.993601],[119.936544,-3.993466],[119.936526,-3.992651],[119.937011,-3.990401],[119.936795,-3.99033],[119.936077,-3.993287],[119.935825,-3.993224],[119.935439,-3.995205],[119.934101,-3.997974],[119.932295,-3.997266],[119.931118,-3.999793],[119.930112,-3.99965],[119.927947,-3.998861],[119.928046,-3.99861],[119.927687,-3.998485],[119.927749,-3.997956],[119.92721,-3.99749],[119.926168,-3.99706],[119.925351,-3.997122],[119.925099,-3.996961],[119.925279,-3.996047],[119.926734,-3.996791],[119.927965,-3.996863],[119.928657,-3.997526],[119.928962,-3.997571],[119.929223,-3.997436],[119.930076,-3.997606],[119.930453,-3.996728],[119.930804,-3.995294],[119.931226,-3.994954],[119.933948,-3.994739],[119.934882,-3.994264],[119.93508,-3.993628],[119.934954,-3.993144],[119.933687,-3.992588],[119.933382,-3.992221],[119.933418,-3.991988],[119.934181,-3.99162],[119.934963,-3.992337],[119.935439,-3.992337],[119.9357,-3.991898],[119.936023,-3.991683],[119.936346,-3.990724],[119.93614,-3.99041],[119.936194,-3.990151],[119.936661,-3.989541],[119.936751,-3.98877],[119.937685,-3.986674],[119.938035,-3.986817],[119.937864,-3.987247],[119.939589,-3.987776],[119.940128,-3.986432],[119.938942,-3.985983],[119.94002,-3.982399],[119.939868,-3.97989],[119.941395,-3.979675],[119.94347,-3.979764],[119.944961,-3.980096],[119.946057,-3.980759],[119.945168,-3.982506]]]}},{"type":"Feature","properties":{"FID":68,"REMARK":"Perkebunan/Kebun"},"geometry":{"type":"Polygon","coordinates":[[[119.971246,-3.975785],[119.969728,-3.9773],[119.969692,-3.978295],[119.97006,-3.97902],[119.971722,-3.980831],[119.971965,-3.982713],[119.972324,-3.983376],[119.973016,-3.98368],[119.97439,-3.983761],[119.974866,-3.984137],[119.97518,-3.984702],[119.975468,-3.985616],[119.975513,-3.986593],[119.975216,-3.987041],[119.974246,-3.987722],[119.971219,-3.986933],[119.967015,-3.985535],[119.966925,-3.985867],[119.965586,-3.985598],[119.963466,-3.985428],[119.962344,-3.985598],[119.960789,-3.98541],[119.960565,-3.984281],[119.959667,-3.982677],[119.959155,-3.982569],[119.958319,-3.982883],[119.957807,-3.982856],[119.957556,-3.982686],[119.957699,-3.981807],[119.958005,-3.981664],[119.958481,-3.981691],[119.958903,-3.980651],[119.959316,-3.980786],[119.959658,-3.98144],[119.960385,-3.981377],[119.960754,-3.980051],[119.961427,-3.97928],[119.961876,-3.978402],[119.961715,-3.97713],[119.960816,-3.976],[119.95964,-3.975042],[119.959397,-3.974683],[119.959325,-3.974163],[119.959595,-3.9735],[119.959352,-3.973115],[119.959649,-3.972263],[119.959271,-3.970346],[119.960978,-3.971179],[119.961625,-3.970525],[119.962317,-3.968643],[119.962523,-3.96875],[119.962388,-3.969351],[119.962622,-3.969458],[119.962146,-3.971627],[119.962424,-3.971851],[119.962245,-3.972192],[119.961858,-3.972254],[119.961661,-3.972873],[119.96193,-3.973034],[119.961912,-3.973518],[119.962236,-3.973635],[119.962191,-3.974145],[119.96299,-3.974674],[119.962927,-3.974952],[119.963377,-3.975283],[119.963475,-3.975732],[119.96379,-3.975481],[119.964068,-3.975588],[119.964284,-3.975328],[119.96441,-3.975364],[119.964086,-3.975803],[119.96432,-3.976009],[119.964158,-3.976305],[119.964365,-3.976502],[119.964302,-3.976708],[119.964482,-3.976879],[119.964455,-3.977085],[119.965326,-3.977658],[119.965425,-3.977954],[119.96662,-3.978554],[119.966835,-3.978187],[119.967608,-3.978545],[119.96785,-3.978286],[119.968362,-3.978375],[119.968389,-3.977748],[119.968066,-3.977936],[119.967132,-3.977918],[119.967329,-3.977354],[119.966099,-3.976386],[119.96609,-3.976215],[119.966584,-3.97557],[119.967159,-3.975776],[119.96715,-3.976135],[119.967338,-3.976251],[119.968623,-3.976296],[119.96882,-3.976072],[119.969431,-3.975974],[119.969746,-3.975624],[119.970267,-3.975947],[119.971399,-3.972478],[119.971345,-3.971797],[119.970887,-3.970794],[119.970752,-3.969243],[119.970419,-3.968455],[119.969404,-3.96772],[119.968776,-3.96694],[119.967868,-3.966456],[119.967985,-3.965945],[119.968776,-3.966098],[119.969108,-3.966313],[119.96988,-3.967559],[119.970671,-3.96824],[119.97121,-3.970731],[119.971982,-3.972066],[119.972,-3.97247],[119.971336,-3.973652],[119.971399,-3.97523],[119.971246,-3.975785]],[[119.964769,-3.981082],[119.964437,-3.981126],[119.964293,-3.981422],[119.963745,-3.981449],[119.963565,-3.981825],[119.963107,-3.981798],[119.962999,-3.981969],[119.963431,-3.982058],[119.963772,-3.981915],[119.964248,-3.982076],[119.964616,-3.982309],[119.964625,-3.982596],[119.965847,-3.98291],[119.965757,-3.98317],[119.966188,-3.983304],[119.966197,-3.983734],[119.966476,-3.983564],[119.966808,-3.983618],[119.966548,-3.984881],[119.96697,-3.985114],[119.967006,-3.985374],[119.967617,-3.985177],[119.967823,-3.984863],[119.968102,-3.984935],[119.968263,-3.984747],[119.968973,-3.984747],[119.969611,-3.983653],[119.970024,-3.983564],[119.970015,-3.983116],[119.969827,-3.983143],[119.96971,-3.98342],[119.969153,-3.983412],[119.969081,-3.982408],[119.968183,-3.98239],[119.967868,-3.981942],[119.967455,-3.981825],[119.967437,-3.980831],[119.965883,-3.980858],[119.965775,-3.980454],[119.9652,-3.980275],[119.965146,-3.97971],[119.964473,-3.979513],[119.964383,-3.979719],[119.964787,-3.979908],[119.964688,-3.980338],[119.964931,-3.980463],[119.964769,-3.981082]]]}},{"type":"Feature","properties":{"FID":69,"REMARK":"Perkebunan/Kebun"},"geometry":{"type":"Polygon","coordinates":[[[119.985888,-3.959386],[119.986149,-3.959394],[119.986095,-3.959825],[119.985655,-3.9603],[119.985206,-3.961796],[119.984676,-3.962773],[119.984065,-3.962737],[119.983697,-3.963732],[119.98393,-3.964189],[119.983822,-3.964655],[119.983948,-3.965005],[119.983768,-3.965363],[119.983544,-3.965426],[119.983427,-3.965954],[119.984173,-3.969584],[119.984074,-3.970507],[119.984173,-3.971107],[119.984074,-3.971439],[119.983706,-3.971439],[119.983472,-3.971672],[119.983265,-3.971439],[119.983337,-3.970113],[119.983077,-3.969378],[119.983238,-3.969136],[119.983202,-3.966474],[119.982852,-3.966044],[119.981693,-3.96573],[119.981666,-3.965318],[119.982107,-3.965318],[119.982178,-3.965202],[119.982232,-3.964377],[119.981918,-3.963418],[119.982385,-3.962504],[119.982825,-3.962424],[119.98349,-3.961052],[119.983966,-3.961061],[119.984451,-3.959412],[119.984415,-3.959233],[119.98402,-3.959027],[119.984092,-3.958678],[119.985888,-3.959386]]]}},{"type":"Feature","properties":{"FID":70,"REMARK":"Perkebunan/Kebun"},"geometry":{"type":"Polygon","coordinates":[[[119.964526,-3.958561],[119.9645,-3.958893],[119.965595,-3.958964],[119.965883,-3.959466],[119.965218,-3.963409],[119.964473,-3.966582],[119.964104,-3.966403],[119.964014,-3.965838],[119.964239,-3.96504],[119.963781,-3.964807],[119.964041,-3.961949],[119.963889,-3.961931],[119.963826,-3.9622],[119.963457,-3.9622],[119.963448,-3.962002],[119.963206,-3.961895],[119.963215,-3.961653],[119.963026,-3.961572],[119.962999,-3.960613],[119.962388,-3.960551],[119.9622,-3.95978],[119.961823,-3.959592],[119.961921,-3.958803],[119.962388,-3.958821],[119.962963,-3.958436],[119.964526,-3.958561]]]}},{"type":"Feature","properties":{"FID":71,"REMARK":"Perkebunan/Kebun"},"geometry":{"type":"Polygon","coordinates":[[[119.975369,-3.963526],[119.974659,-3.963427],[119.974327,-3.963015],[119.974282,-3.962701],[119.974911,-3.959672],[119.974686,-3.95857],[119.974426,-3.958373],[119.972692,-3.957835],[119.972674,-3.957638],[119.976429,-3.958382],[119.976034,-3.959798],[119.976169,-3.960586],[119.9758,-3.96228],[119.975836,-3.962925],[119.975773,-3.963176],[119.975369,-3.963526]]]}},{"type":"Feature","properties":{"FID":72,"REMARK":"Perkebunan/Kebun"},"geometry":{"type":"Polygon","coordinates":[[[119.99285,-3.958516],[119.993075,-3.958534],[119.992698,-3.961115],[119.992383,-3.961294],[119.992195,-3.962173],[119.99188,-3.962244],[119.991269,-3.962065],[119.991188,-3.961644],[119.990892,-3.961438],[119.991036,-3.961097],[119.991332,-3.961008],[119.991503,-3.960748],[119.99144,-3.959654],[119.990667,-3.959269],[119.990344,-3.958839],[119.989167,-3.958713],[119.989194,-3.958355],[119.99091,-3.958534],[119.99126,-3.957889],[119.992078,-3.957342],[119.992392,-3.95745],[119.992392,-3.957647],[119.992787,-3.957674],[119.992635,-3.958498],[119.99285,-3.958516]]]}},{"type":"Feature","properties":{"FID":73,"REMARK":"Perkebunan/Kebun"},"geometry":{"type":"Polygon","coordinates":[[[119.970294,-3.965462],[119.970752,-3.965605],[119.970931,-3.965928],[119.971704,-3.968078],[119.971938,-3.9697],[119.97236,-3.970122],[119.972378,-3.971045],[119.972737,-3.971699],[119.971991,-3.975714],[119.972423,-3.975893],[119.973132,-3.971887],[119.972701,-3.970462],[119.973078,-3.970408],[119.972962,-3.969691],[119.972396,-3.969727],[119.972153,-3.9685],[119.972557,-3.968464],[119.972495,-3.968168],[119.972036,-3.968186],[119.971956,-3.967478],[119.972288,-3.967442],[119.972279,-3.967146],[119.971704,-3.967137],[119.971605,-3.966205],[119.971354,-3.966232],[119.971129,-3.965578],[119.970401,-3.964978],[119.968228,-3.964521],[119.968012,-3.964198],[119.96821,-3.962683],[119.96812,-3.961034],[119.968569,-3.961079],[119.968641,-3.960533],[119.968371,-3.96047],[119.968425,-3.959341],[119.968066,-3.957683],[119.967311,-3.956822],[119.967374,-3.956563],[119.971452,-3.957244],[119.9713,-3.957844],[119.970734,-3.957763],[119.970878,-3.957996],[119.970734,-3.958507],[119.970042,-3.958471],[119.969764,-3.95874],[119.969764,-3.958991],[119.970213,-3.959018],[119.970294,-3.959153],[119.969871,-3.959215],[119.969844,-3.959583],[119.970069,-3.959807],[119.969449,-3.959995],[119.969404,-3.960407],[119.970213,-3.96064],[119.970258,-3.960882],[119.969288,-3.960891],[119.969413,-3.961106],[119.96918,-3.961617],[119.969261,-3.962038],[119.969117,-3.96245],[119.969332,-3.962674],[119.969314,-3.962872],[119.968767,-3.962881],[119.968614,-3.96366],[119.968802,-3.963768],[119.968847,-3.964108],[119.969521,-3.964261],[119.969575,-3.96461],[119.9713,-3.964888],[119.9713,-3.965569],[119.971884,-3.965677],[119.971938,-3.965954],[119.972378,-3.966053],[119.97227,-3.967102],[119.972584,-3.967182],[119.972593,-3.967594],[119.972872,-3.967675],[119.972854,-3.968464],[119.973483,-3.968822],[119.973456,-3.970193],[119.974138,-3.970247],[119.97412,-3.970623],[119.973743,-3.970614],[119.973725,-3.97091],[119.974884,-3.971072],[119.974875,-3.971771],[119.975252,-3.971869],[119.974704,-3.973841],[119.975082,-3.973957],[119.975046,-3.974226],[119.974911,-3.974369],[119.974309,-3.974325],[119.97421,-3.974817],[119.973842,-3.974898],[119.973581,-3.976224],[119.973914,-3.976511],[119.973761,-3.977022],[119.97351,-3.977147],[119.973384,-3.97782],[119.97404,-3.977954],[119.974372,-3.977766],[119.974471,-3.977273],[119.975333,-3.977183],[119.975405,-3.976879],[119.97642,-3.977067],[119.976519,-3.977497],[119.976717,-3.977542],[119.976636,-3.978079],[119.976249,-3.978187],[119.976124,-3.978868],[119.976366,-3.979011],[119.976214,-3.979558],[119.976546,-3.979693],[119.976537,-3.979997],[119.976851,-3.980141],[119.976887,-3.9804],[119.976708,-3.980526],[119.976276,-3.980409],[119.976043,-3.981297],[119.976241,-3.981431],[119.976232,-3.9817],[119.97651,-3.981843],[119.976528,-3.982067],[119.976824,-3.982148],[119.97695,-3.981736],[119.977408,-3.981772],[119.977705,-3.981969],[119.977606,-3.982399],[119.978082,-3.982739],[119.978567,-3.982273],[119.979394,-3.982542],[119.979304,-3.983017],[119.979726,-3.983125],[119.979807,-3.982058],[119.980202,-3.982067],[119.980112,-3.982587],[119.980436,-3.982829],[119.9804,-3.983134],[119.980849,-3.983223],[119.980795,-3.983743],[119.981073,-3.983833],[119.981073,-3.984066],[119.981208,-3.984093],[119.981603,-3.98325],[119.982008,-3.983322],[119.981927,-3.983851],[119.982089,-3.983878],[119.982529,-3.983403],[119.983113,-3.983815],[119.982744,-3.984478],[119.983211,-3.984693],[119.982852,-3.985804],[119.983903,-3.986145],[119.98393,-3.986369],[119.984739,-3.986611],[119.985035,-3.986862],[119.984622,-3.98748],[119.985197,-3.988582],[119.985439,-3.988555],[119.985538,-3.988753],[119.985125,-3.988986],[119.985188,-3.989138],[119.985915,-3.98886],[119.986095,-3.989093],[119.98667,-3.988986],[119.986724,-3.989407],[119.985817,-3.989729],[119.985808,-3.989837],[119.986787,-3.989577],[119.98685,-3.989702],[119.985906,-3.990159],[119.986131,-3.9905],[119.986778,-3.99024],[119.986886,-3.990401],[119.986733,-3.99067],[119.98746,-3.99041],[119.986706,-3.990867],[119.986787,-3.990966],[119.987182,-3.99085],[119.98702,-3.99102],[119.987128,-3.991118],[119.986697,-3.991369],[119.987182,-3.99171],[119.987236,-3.99248],[119.987604,-3.992472],[119.987874,-3.992884],[119.988395,-3.992902],[119.988431,-3.993305],[119.987928,-3.993466],[119.987937,-3.993681],[119.988242,-3.99369],[119.988359,-3.993896],[119.98808,-3.994067],[119.988107,-3.994255],[119.988538,-3.994246],[119.988727,-3.994622],[119.988754,-3.994183],[119.988898,-3.994129],[119.989068,-3.994425],[119.989598,-3.994739],[119.989751,-3.996173],[119.989509,-3.996298],[119.989545,-3.996612],[119.990003,-3.996898],[119.990317,-3.996809],[119.991171,-3.997113],[119.991476,-3.996782],[119.991692,-3.996818],[119.991763,-3.996943],[119.991503,-3.997526],[119.992284,-3.997373],[119.9925,-3.997714],[119.992401,-3.998036],[119.992796,-3.99775],[119.99356,-3.998314],[119.99383,-3.998816],[119.993506,-3.999354],[119.993776,-3.99965],[119.993596,-4.000062],[119.994018,-4.000241],[119.994539,-4.000053],[119.995294,-4.000573],[119.995905,-4.000752],[119.995833,-4.001218],[119.99745,-4.002598],[119.997701,-4.003046],[119.997764,-4.00353],[119.999902,-4.005089],[120.000333,-4.005636],[120.000414,-4.006505],[120.000711,-4.006836],[120.000863,-4.007302],[120.000738,-4.007491],[120.000297,-4.007661],[120.000001,-4.006129],[119.998878,-4.004883],[119.998384,-4.004587],[119.99683,-4.004175],[119.995896,-4.00301],[119.995222,-4.002634],[119.994126,-4.001558],[119.993165,-4.001451],[119.992931,-4.001298],[119.991772,-3.999148],[119.990515,-3.998906],[119.989122,-3.998216],[119.988395,-3.997024],[119.987442,-3.996558],[119.987083,-3.99576],[119.986445,-3.994909],[119.985439,-3.992507],[119.984685,-3.991298],[119.98455,-3.990124],[119.984029,-3.989398],[119.983714,-3.98834],[119.98278,-3.987632],[119.982304,-3.986423],[119.981127,-3.98593],[119.98057,-3.985329],[119.980076,-3.985078],[119.978558,-3.985768],[119.978603,-3.984361],[119.97845,-3.984057],[119.977956,-3.983671],[119.97757,-3.983591],[119.977229,-3.983716],[119.977031,-3.984021],[119.976914,-3.985159],[119.976609,-3.985482],[119.976294,-3.985562],[119.975953,-3.985428],[119.975324,-3.984066],[119.974722,-3.983474],[119.972935,-3.983268],[119.972629,-3.98308],[119.972288,-3.981987],[119.972144,-3.98058],[119.970518,-3.978617],[119.970177,-3.977963],[119.970545,-3.977022],[119.971479,-3.976269],[119.971749,-3.975839],[119.971749,-3.974092],[119.97245,-3.972407],[119.972459,-3.972057],[119.971776,-3.970991],[119.971426,-3.968975],[119.970725,-3.966519],[119.969764,-3.965972],[119.968219,-3.965524],[119.967212,-3.965515],[119.966548,-3.965775],[119.966386,-3.965614],[119.966332,-3.964951],[119.966979,-3.962907],[119.967141,-3.961393],[119.967464,-3.960524],[119.967563,-3.959762],[119.967392,-3.95883],[119.966898,-3.957504],[119.965317,-3.956034],[119.965856,-3.956034],[119.966934,-3.956796],[119.967787,-3.958194],[119.967922,-3.959179],[119.967733,-3.961169],[119.96785,-3.962773],[119.967563,-3.964583],[119.968299,-3.964969],[119.970294,-3.965462]],[[119.974875,-3.983295],[119.976223,-3.984102],[119.977327,-3.983447],[119.978046,-3.983501],[119.978864,-3.984093],[119.979403,-3.984254],[119.980633,-3.98498],[119.981208,-3.985535],[119.982601,-3.986315],[119.982996,-3.987131],[119.983822,-3.988045],[119.984703,-3.989649],[119.985071,-3.991289],[119.985888,-3.992534],[119.987182,-3.995483],[119.987685,-3.996271],[119.988008,-3.996128],[119.984056,-3.987803],[119.982637,-3.986028],[119.978298,-3.983223],[119.977274,-3.983053],[119.976276,-3.983725],[119.974067,-3.982489],[119.973869,-3.982471],[119.973662,-3.982713],[119.974875,-3.983295]]]}},{"type":"Feature","properties":{"FID":74,"REMARK":"Perkebunan/Kebun"},"geometry":{"type":"Polygon","coordinates":[[[119.953315,-3.956975],[119.953567,-3.956966],[119.953765,-3.956688],[119.954313,-3.956715],[119.954555,-3.956312],[119.955418,-3.956276],[119.955184,-3.957799],[119.955768,-3.959144],[119.951501,-3.958525],[119.952552,-3.955971],[119.952902,-3.956088],[119.952714,-3.956706],[119.953315,-3.956975]]]}},{"type":"Feature","properties":{"FID":75,"REMARK":"Perkebunan/Kebun"},"geometry":{"type":"Polygon","coordinates":[[[119.990461,-3.956132],[119.990335,-3.957217],[119.989158,-3.957011],[119.987748,-3.95736],[119.985933,-3.958722],[119.985466,-3.958687],[119.982978,-3.957674],[119.983364,-3.956858],[119.985646,-3.957342],[119.986607,-3.956903],[119.987011,-3.956321],[119.987218,-3.956249],[119.98897,-3.956249],[119.989149,-3.955792],[119.990488,-3.955926],[119.990461,-3.956132]]]}},{"type":"Feature","properties":{"FID":76,"REMARK":"Perkebunan/Kebun"},"geometry":{"type":"Polygon","coordinates":[[[119.94718,-3.950513],[119.948474,-3.950728],[119.949498,-3.951687],[119.949444,-3.952763],[119.948923,-3.953704],[119.948608,-3.954053],[119.947126,-3.954905],[119.946866,-3.9552],[119.946255,-3.956509],[119.945895,-3.95684],[119.945186,-3.958265],[119.944871,-3.959672],[119.944674,-3.959932],[119.943335,-3.959995],[119.94259,-3.962307],[119.942356,-3.962513],[119.940901,-3.962513],[119.940497,-3.962692],[119.939823,-3.963427],[119.938817,-3.963248],[119.940191,-3.959744],[119.940658,-3.957844],[119.942266,-3.958355],[119.943111,-3.956294],[119.944018,-3.956679],[119.944566,-3.955577],[119.942149,-3.954421],[119.943829,-3.950352],[119.944898,-3.949895],[119.945859,-3.950038],[119.946524,-3.950379],[119.94718,-3.950513]]]}},{"type":"Feature","properties":{"FID":77,"REMARK":"Perkebunan/Kebun"},"geometry":{"type":"Polygon","coordinates":[[[119.996983,-3.95305],[119.996731,-3.952933],[119.996947,-3.952539],[119.997234,-3.950746],[119.997037,-3.950451],[119.996686,-3.95028],[119.996677,-3.949868],[119.996417,-3.949644],[119.994575,-3.948703],[119.994899,-3.946185],[119.995725,-3.946274],[119.996111,-3.947063],[119.996291,-3.948282],[119.996731,-3.948694],[119.997369,-3.948927],[119.99745,-3.949734],[119.998052,-3.950325],[119.997737,-3.952225],[119.997405,-3.952826],[119.996983,-3.95305]]]}},{"type":"Feature","properties":{"FID":78,"REMARK":"Perkebunan/Kebun"},"geometry":{"type":"Polygon","coordinates":[[[119.976528,-3.944733],[119.976124,-3.945118],[119.976223,-3.945656],[119.975845,-3.945889],[119.975657,-3.946606],[119.975971,-3.946794],[119.975791,-3.947269],[119.975648,-3.947529],[119.975172,-3.947502],[119.974884,-3.949035],[119.974633,-3.949142],[119.97351,-3.948864],[119.974022,-3.947215],[119.973617,-3.947009],[119.973815,-3.946427],[119.974004,-3.946015],[119.97439,-3.94614],[119.974677,-3.944903],[119.974884,-3.944867],[119.975315,-3.943864],[119.9766,-3.944473],[119.976528,-3.944733]]]}},{"type":"Feature","properties":{"FID":79,"REMARK":"Perkebunan/Kebun"},"geometry":{"type":"Polygon","coordinates":[[[119.960206,-3.942932],[119.960107,-3.943102],[119.959649,-3.943039],[119.958822,-3.943308],[119.958562,-3.944204],[119.95796,-3.944267],[119.958059,-3.943846],[119.958229,-3.943864],[119.958355,-3.943012],[119.95946,-3.943003],[119.959595,-3.94286],[119.959936,-3.941847],[119.960349,-3.939114],[119.960367,-3.940378],[119.960556,-3.940996],[119.960035,-3.942161],[119.960376,-3.942376],[119.960206,-3.942932]]]}},{"type":"Feature","properties":{"FID":80,"REMARK":"Perkebunan/Kebun"},"geometry":{"type":"Polygon","coordinates":[[[119.963116,-4.232698],[119.963431,-4.232089],[119.963565,-4.232188],[119.963934,-4.232],[119.965254,-4.232618],[119.965479,-4.232403],[119.963925,-4.231623],[119.963978,-4.230638],[119.965703,-4.227959],[119.967203,-4.223713],[119.96759,-4.222154],[119.967563,-4.221249],[119.966422,-4.220076],[119.965649,-4.220721],[119.966485,-4.221688],[119.966242,-4.223399],[119.96644,-4.223695],[119.965703,-4.224815],[119.965461,-4.22623],[119.965021,-4.227404],[119.963341,-4.22959],[119.963197,-4.232367],[119.962685,-4.233594],[119.961814,-4.233254],[119.961715,-4.232627],[119.96123,-4.232421],[119.961239,-4.232053],[119.960475,-4.231776],[119.960619,-4.230996],[119.960403,-4.230853],[119.960475,-4.230342],[119.960304,-4.230181],[119.960655,-4.228631],[119.959891,-4.228389],[119.95964,-4.228461],[119.959244,-4.229608],[119.95902,-4.229724],[119.95504,-4.228479],[119.954771,-4.228936],[119.955103,-4.229303],[119.955022,-4.229554],[119.954816,-4.229715],[119.95442,-4.22967],[119.954034,-4.23036],[119.95381,-4.230441],[119.952947,-4.229796],[119.953001,-4.229025],[119.952049,-4.228524],[119.951393,-4.228398],[119.951312,-4.22778],[119.950477,-4.227099],[119.950369,-4.226616],[119.949911,-4.226454],[119.950908,-4.225863],[119.951052,-4.225218],[119.950935,-4.224421],[119.951303,-4.224555],[119.951573,-4.224304],[119.951977,-4.22425],[119.95239,-4.223605],[119.952938,-4.223838],[119.952759,-4.224215],[119.953926,-4.224555],[119.954573,-4.225182],[119.955292,-4.225558],[119.955741,-4.225379],[119.956657,-4.22563],[119.95716,-4.225603],[119.957987,-4.226526],[119.95787,-4.226911],[119.958014,-4.22709],[119.958921,-4.227332],[119.959397,-4.226427],[119.960942,-4.226911],[119.961176,-4.226857],[119.961293,-4.226472],[119.961203,-4.226383],[119.960143,-4.225863],[119.960556,-4.22486],[119.960484,-4.224752],[119.959092,-4.224],[119.959388,-4.223265],[119.958643,-4.222951],[119.958211,-4.223632],[119.958086,-4.223632],[119.956001,-4.222378],[119.9561,-4.221885],[119.955274,-4.221455],[119.955597,-4.220712],[119.956343,-4.219941],[119.957017,-4.218759],[119.956693,-4.218436],[119.956954,-4.217478],[119.957726,-4.216205],[119.959685,-4.217352],[119.963781,-4.218356],[119.964194,-4.218606],[119.964535,-4.21909],[119.965452,-4.218732],[119.964931,-4.217791],[119.964032,-4.2172],[119.962379,-4.216976],[119.96105,-4.21651],[119.960592,-4.216295],[119.960754,-4.215847],[119.959712,-4.215363],[119.96061,-4.214629],[119.961104,-4.214844],[119.961005,-4.215229],[119.961418,-4.215462],[119.961212,-4.215964],[119.961517,-4.216179],[119.963475,-4.216689],[119.963835,-4.216367],[119.964491,-4.216492],[119.96467,-4.216304],[119.964446,-4.214951],[119.963547,-4.214665],[119.96282,-4.214064],[119.960897,-4.213088],[119.960834,-4.211672],[119.959523,-4.210821],[119.95928,-4.21092],[119.958921,-4.211484],[119.958256,-4.211448],[119.957942,-4.21186],[119.957699,-4.211959],[119.956019,-4.211126],[119.956163,-4.210346],[119.955741,-4.209674],[119.955786,-4.209271],[119.956217,-4.208779],[119.956981,-4.209047],[119.957376,-4.208743],[119.956505,-4.207641],[119.956442,-4.207247],[119.956576,-4.207023],[119.956945,-4.206888],[119.957457,-4.207032],[119.957789,-4.208259],[119.958112,-4.208492],[119.958193,-4.20885],[119.95884,-4.209002],[119.959146,-4.208411],[119.959478,-4.208492],[119.959523,-4.208743],[119.959954,-4.209038],[119.959954,-4.209433],[119.960933,-4.209898],[119.961526,-4.210418],[119.961598,-4.21066],[119.961966,-4.210821],[119.962254,-4.211377],[119.962236,-4.211636],[119.963386,-4.211887],[119.963592,-4.211565],[119.963718,-4.21161],[119.964203,-4.211842],[119.96432,-4.212183],[119.964922,-4.212487],[119.965065,-4.212837],[119.965838,-4.213079],[119.966161,-4.212765],[119.966638,-4.213007],[119.966691,-4.213482],[119.967868,-4.213751],[119.967015,-4.217782],[119.969162,-4.218588],[119.969512,-4.218212],[119.970285,-4.218454],[119.970383,-4.218651],[119.970132,-4.219404],[119.972081,-4.219941],[119.972216,-4.219923],[119.972477,-4.219153],[119.972746,-4.217693],[119.972405,-4.217316],[119.972387,-4.216904],[119.972,-4.216573],[119.97209,-4.215766],[119.971884,-4.215426],[119.971974,-4.214897],[119.971794,-4.213966],[119.971084,-4.213159],[119.969665,-4.212389],[119.96882,-4.211511],[119.968569,-4.210884],[119.968596,-4.210069],[119.969225,-4.209988],[119.970446,-4.210517],[119.972234,-4.21255],[119.972827,-4.214046],[119.973087,-4.21436],[119.973824,-4.214673],[119.974758,-4.214772],[119.975019,-4.214333],[119.975648,-4.214503],[119.976833,-4.210481],[119.977004,-4.210302],[119.977399,-4.210302],[119.977597,-4.209809],[119.97784,-4.209701],[119.978037,-4.209056],[119.978792,-4.209074],[119.979223,-4.208438],[119.979717,-4.208653],[119.979582,-4.209155],[119.979681,-4.209235],[119.980966,-4.209665],[119.980633,-4.210938],[119.980193,-4.211188],[119.979942,-4.211968],[119.979501,-4.211825],[119.979564,-4.211296],[119.979079,-4.211054],[119.978891,-4.211171],[119.978217,-4.213088],[119.978361,-4.213276],[119.978208,-4.21393],[119.97863,-4.214252],[119.978594,-4.214638],[119.978774,-4.214978],[119.978028,-4.216268],[119.977831,-4.21642],[119.976806,-4.216223],[119.976528,-4.216985],[119.976708,-4.217307],[119.976591,-4.217693],[119.975854,-4.217684],[119.975809,-4.217952],[119.976097,-4.218194],[119.97607,-4.218597],[119.976465,-4.218687],[119.976672,-4.21901],[119.97651,-4.220058],[119.97598,-4.219968],[119.975459,-4.21901],[119.973734,-4.218839],[119.974417,-4.222638],[119.974345,-4.223202],[119.973752,-4.224277],[119.971776,-4.225854],[119.968596,-4.225334],[119.968003,-4.225621],[119.96776,-4.226105],[119.967015,-4.228425],[119.967159,-4.22864],[119.967132,-4.229016],[119.968245,-4.229491],[119.968165,-4.230118],[119.968281,-4.23019],[119.969422,-4.230611],[119.969889,-4.230468],[119.970006,-4.230826],[119.970608,-4.231131],[119.970509,-4.231632],[119.970815,-4.231821],[119.971426,-4.23165],[119.972,-4.230145],[119.971435,-4.229617],[119.97094,-4.229411],[119.971003,-4.22864],[119.971794,-4.228766],[119.972153,-4.228049],[119.97253,-4.228094],[119.972809,-4.227834],[119.97359,-4.22804],[119.973896,-4.227637],[119.974785,-4.227932],[119.975163,-4.227583],[119.977678,-4.228515],[119.978298,-4.22735],[119.979331,-4.227655],[119.979753,-4.226544],[119.979861,-4.225603],[119.980103,-4.224976],[119.98049,-4.224949],[119.980732,-4.224636],[119.981127,-4.224654],[119.981657,-4.223435],[119.98269,-4.22357],[119.983759,-4.221384],[119.984379,-4.221634],[119.984352,-4.222109],[119.984864,-4.222288],[119.98508,-4.22219],[119.98552,-4.2215],[119.98534,-4.221061],[119.985475,-4.220846],[119.98605,-4.221195],[119.987029,-4.2215],[119.987712,-4.220326],[119.987434,-4.219825],[119.987937,-4.219027],[119.987694,-4.218723],[119.987811,-4.218472],[119.988305,-4.218553],[119.988646,-4.218356],[119.988934,-4.217908],[119.990649,-4.218687],[119.991144,-4.218087],[119.991503,-4.218266],[119.991575,-4.218508],[119.992195,-4.218768],[119.992796,-4.217272],[119.992374,-4.216806],[119.992536,-4.216304],[119.992275,-4.216008],[119.992302,-4.21574],[119.991772,-4.215336],[119.991898,-4.214826],[119.991323,-4.214485],[119.991332,-4.214091],[119.99109,-4.213984],[119.990712,-4.214073],[119.989455,-4.213625],[119.989679,-4.213141],[119.988494,-4.212523],[119.988494,-4.211914],[119.986975,-4.211341],[119.98693,-4.210884],[119.986014,-4.210302],[119.98517,-4.211108],[119.984801,-4.211108],[119.984613,-4.211296],[119.983741,-4.210696],[119.983777,-4.210319],[119.983454,-4.210095],[119.984011,-4.208761],[119.984119,-4.20868],[119.984963,-4.209065],[119.98596,-4.207471],[119.986347,-4.207444],[119.986706,-4.206575],[119.987056,-4.20644],[119.987775,-4.204756],[119.988601,-4.207202],[119.98941,-4.210714],[119.990003,-4.210642],[119.988655,-4.205123],[119.987811,-4.203538],[119.986957,-4.202445],[119.986427,-4.202785],[119.986912,-4.203448],[119.986832,-4.203493],[119.984694,-4.203421],[119.984685,-4.203663],[119.983256,-4.2036],[119.981999,-4.2042],[119.981846,-4.203896],[119.981271,-4.204066],[119.980534,-4.20395],[119.979456,-4.203591],[119.976663,-4.202149],[119.973528,-4.200285],[119.973483,-4.200133],[119.9743,-4.198959],[119.975172,-4.198117],[119.975297,-4.198153],[119.976303,-4.198807],[119.976339,-4.199076],[119.975953,-4.199721],[119.977256,-4.200052],[119.977947,-4.199264],[119.978729,-4.199327],[119.979421,-4.198198],[119.980202,-4.198413],[119.98057,-4.197714],[119.980166,-4.197401],[119.980624,-4.196146],[119.980454,-4.19594],[119.980445,-4.195573],[119.98013,-4.195349],[119.980238,-4.194964],[119.979852,-4.194641],[119.980454,-4.193432],[119.981621,-4.193745],[119.982008,-4.193459],[119.982717,-4.193853],[119.983301,-4.194426],[119.982879,-4.195197],[119.982169,-4.197974],[119.981954,-4.197965],[119.982017,-4.198216],[119.983544,-4.200178],[119.984586,-4.200859],[119.984236,-4.201396],[119.98473,-4.201683],[119.985017,-4.201235],[119.985511,-4.201576],[119.986284,-4.202516],[119.986814,-4.202077],[119.986194,-4.201325],[119.983652,-4.199407],[119.984092,-4.198816],[119.98517,-4.199569],[119.987631,-4.200527],[119.987856,-4.200545],[119.987999,-4.199775],[119.991081,-4.200312],[119.99347,-4.201441],[119.993614,-4.20119],[119.99418,-4.20154],[119.994252,-4.201369],[119.991108,-4.199873],[119.987604,-4.199407],[119.987344,-4.199882],[119.98534,-4.199094],[119.984604,-4.198592],[119.984766,-4.198216],[119.985305,-4.197875],[119.986077,-4.198001],[119.986688,-4.196532],[119.987946,-4.197015],[119.988017,-4.197114],[119.987685,-4.197974],[119.988125,-4.198288],[119.988637,-4.197732],[119.990739,-4.198216],[119.990874,-4.198574],[119.991745,-4.198924],[119.992024,-4.1987],[119.992266,-4.1987],[119.993129,-4.199085],[119.993174,-4.199345],[119.99409,-4.199918],[119.99409,-4.20042],[119.995114,-4.201065],[119.995357,-4.20119],[119.995689,-4.200984],[119.996435,-4.20128],[119.996282,-4.202185],[119.995976,-4.202077],[119.995842,-4.202525],[119.996138,-4.202901],[119.995132,-4.205419],[119.994845,-4.206028],[119.994198,-4.206718],[119.993515,-4.207883],[119.992644,-4.210006],[119.993138,-4.210194],[119.99321,-4.210552],[119.993731,-4.210696],[119.993991,-4.210248],[119.994252,-4.21031],[119.994575,-4.210113],[119.99497,-4.210185],[119.995258,-4.209746],[119.995662,-4.2098],[119.995869,-4.209477],[119.996255,-4.20954],[119.996713,-4.209728],[119.995932,-4.211162],[119.995599,-4.211547],[119.994539,-4.212264],[119.993129,-4.214485],[119.990335,-4.21143],[119.989886,-4.211735],[119.991072,-4.212882],[119.993003,-4.215265],[119.993452,-4.216098],[119.993928,-4.215757],[119.993713,-4.214996],[119.993812,-4.214647],[119.994216,-4.214656],[119.994243,-4.215202],[119.994467,-4.215614],[119.995168,-4.21582],[119.999255,-4.215112],[120.00027,-4.215086],[120.001834,-4.215408],[120.003181,-4.216241],[120.003675,-4.217065],[120.003756,-4.2178],[120.003388,-4.218158],[120.001501,-4.218992],[119.999525,-4.220326],[119.998186,-4.220989],[119.997647,-4.221446],[119.997414,-4.221993],[119.995923,-4.222414],[119.993434,-4.222611],[119.990658,-4.222226],[119.998294,-4.219601],[119.998177,-4.219296],[120.001816,-4.218553],[120.002157,-4.218365],[120.000648,-4.218194],[120.000693,-4.217755],[120.000001,-4.217621],[119.997845,-4.217307],[119.995473,-4.217361],[119.99444,-4.216859],[119.994072,-4.217272],[119.99506,-4.217863],[119.997441,-4.218024],[119.998689,-4.218356],[119.998734,-4.218821],[119.996929,-4.219287],[119.99241,-4.220909],[119.992257,-4.220568],[119.991799,-4.220739],[119.991925,-4.221061],[119.990254,-4.221679],[119.987981,-4.223014],[119.988395,-4.223453],[119.989536,-4.222701],[119.989167,-4.224017],[119.989284,-4.224519],[119.990272,-4.225343],[119.992356,-4.226078],[119.992599,-4.226472],[119.992644,-4.227628],[119.992581,-4.227959],[119.992204,-4.228452],[119.990515,-4.229545],[119.989509,-4.231158],[119.988089,-4.232645],[119.987505,-4.233612],[119.986787,-4.233863],[119.985772,-4.233621],[119.985322,-4.233236],[119.985322,-4.232797],[119.987856,-4.231131],[119.988646,-4.230011],[119.988682,-4.22933],[119.988269,-4.228972],[119.986418,-4.22804],[119.985718,-4.226105],[119.98508,-4.225988],[119.983229,-4.229196],[119.982223,-4.232107],[119.981109,-4.234625],[119.98066,-4.236354],[119.980319,-4.236398],[119.979322,-4.235825],[119.977983,-4.23544],[119.976824,-4.235216],[119.976115,-4.235314],[119.974713,-4.236918],[119.972764,-4.238316],[119.971372,-4.239803],[119.970572,-4.241639],[119.970401,-4.243762],[119.970635,-4.245778],[119.970527,-4.246432],[119.970231,-4.246647],[119.969827,-4.246414],[119.968237,-4.244613],[119.967662,-4.244237],[119.96609,-4.243843],[119.964706,-4.243762],[119.963269,-4.24344],[119.960071,-4.241782],[119.964329,-4.240815],[119.967599,-4.239077],[119.967437,-4.238799],[119.967832,-4.237796],[119.967707,-4.237581],[119.967778,-4.237187],[119.968641,-4.237285],[119.968865,-4.236649],[119.968695,-4.236345],[119.968784,-4.235959],[119.96856,-4.235655],[119.968641,-4.23501],[119.967275,-4.234419],[119.966368,-4.234929],[119.965434,-4.235046],[119.964365,-4.234965],[119.962972,-4.234445],[119.962757,-4.233603],[119.963116,-4.232698]],[[119.981639,-4.229438],[119.981981,-4.229124],[119.982448,-4.229402],[119.98296,-4.228694],[119.982493,-4.228595],[119.984864,-4.225576],[119.984415,-4.225245],[119.982987,-4.227341],[119.980463,-4.22993],[119.979232,-4.231041],[119.975136,-4.233729],[119.975414,-4.234042],[119.979645,-4.231292],[119.981639,-4.229438]],[[119.96997,-4.237321],[119.968811,-4.237921],[119.969027,-4.238307],[119.971515,-4.237097],[119.972755,-4.2363],[119.974516,-4.234831],[119.974156,-4.234419],[119.971749,-4.236336],[119.96997,-4.237321]]]}},{"type":"Feature","properties":{"FID":81,"REMARK":"Perkebunan/Kebun"},"geometry":{"type":"Polygon","coordinates":[[[119.896883,-4.059374],[119.89674,-4.05941],[119.896641,-4.05898],[119.89691,-4.058792],[119.896883,-4.059374]]]}},{"type":"Feature","properties":{"FID":82,"REMARK":"Perkebunan/Kebun"},"geometry":{"type":"Polygon","coordinates":[[[119.95999,-4.239274],[119.960825,-4.236784],[119.962901,-4.237491],[119.963404,-4.238316],[119.9652,-4.238898],[119.965569,-4.238772],[119.966575,-4.238862],[119.966745,-4.239158],[119.966377,-4.239337],[119.96617,-4.239068],[119.96379,-4.240045],[119.959891,-4.240914],[119.959837,-4.2406],[119.960295,-4.239373],[119.95999,-4.239274]]]}},{"type":"Feature","properties":{"FID":83,"REMARK":"Perkebunan/Kebun"},"geometry":{"type":"Polygon","coordinates":[[[119.95999,-4.239274],[119.959496,-4.239077],[119.958651,-4.240582],[119.95884,-4.24069],[119.958777,-4.240896],[119.959011,-4.24086],[119.959128,-4.240618],[119.959164,-4.240707],[119.958768,-4.241711],[119.959451,-4.241541],[119.959469,-4.241738],[119.959199,-4.241899],[119.958984,-4.242293],[119.959029,-4.243547],[119.958732,-4.243547],[119.958858,-4.242087],[119.958571,-4.242051],[119.958427,-4.243144],[119.958068,-4.243108],[119.957816,-4.245626],[119.957538,-4.245554],[119.956325,-4.248788],[119.956765,-4.249146],[119.955992,-4.249908],[119.954807,-4.249048],[119.954537,-4.249102],[119.954259,-4.249379],[119.953989,-4.249352],[119.953441,-4.248752],[119.953657,-4.247964],[119.953073,-4.247543],[119.953091,-4.246817],[119.953666,-4.245061],[119.95398,-4.244622],[119.954825,-4.244936],[119.955085,-4.244533],[119.95469,-4.24421],[119.954923,-4.243583],[119.953711,-4.243037],[119.953684,-4.242911],[119.954438,-4.241173],[119.954708,-4.241164],[119.954968,-4.240878],[119.955364,-4.240869],[119.955597,-4.240394],[119.956109,-4.240385],[119.956513,-4.239525],[119.955759,-4.239059],[119.955409,-4.239382],[119.954645,-4.239131],[119.953738,-4.238378],[119.954501,-4.235359],[119.955849,-4.23406],[119.955849,-4.233935],[119.955391,-4.233675],[119.955885,-4.231561],[119.955687,-4.231122],[119.955939,-4.230504],[119.956513,-4.230683],[119.956513,-4.231193],[119.957026,-4.231373],[119.957097,-4.231758],[119.956828,-4.233128],[119.95672,-4.233137],[119.956765,-4.233612],[119.95725,-4.233854],[119.957106,-4.234463],[119.957457,-4.234651],[119.957502,-4.235028],[119.958714,-4.235538],[119.958472,-4.236864],[119.959487,-4.237196],[119.95981,-4.236649],[119.960798,-4.236766],[119.95999,-4.239274]],[[119.957331,-4.237241],[119.957322,-4.237043],[119.956774,-4.23707],[119.956765,-4.236658],[119.956298,-4.236658],[119.956271,-4.237348],[119.955633,-4.237285],[119.955498,-4.238163],[119.957385,-4.238629],[119.957331,-4.237241]]]}},{"type":"Feature","properties":{"FID":84,"REMARK":"Perkebunan/Kebun"},"geometry":{"type":"Polygon","coordinates":[[[120.011203,-4.253948],[120.010942,-4.255247],[120.011131,-4.25531],[120.010799,-4.256591],[120.010978,-4.256636],[120.010826,-4.257245],[120.010628,-4.257209],[120.010601,-4.257388],[120.010727,-4.257406],[120.010682,-4.257702],[120.011014,-4.257764],[120.010017,-4.262369],[120.009559,-4.262342],[120.009604,-4.261912],[120.009155,-4.261536],[120.00946,-4.260524],[120.009945,-4.260147],[120.01026,-4.25926],[120.010511,-4.25918],[120.010565,-4.258813],[120.01026,-4.258839],[120.010053,-4.258651],[120.008885,-4.258347],[120.008607,-4.25892],[120.007843,-4.258651],[120.007987,-4.258069],[120.007888,-4.257764],[120.00646,-4.257379],[120.006442,-4.256788],[120.00531,-4.256295],[120.00549,-4.255758],[120.006693,-4.255937],[120.006801,-4.256],[120.006693,-4.256483],[120.007089,-4.256564],[120.007089,-4.256761],[120.007295,-4.256851],[120.00796,-4.256967],[120.008454,-4.255776],[120.007852,-4.25548],[120.007906,-4.255095],[120.008526,-4.255157],[120.008679,-4.254781],[120.008077,-4.25453],[120.00814,-4.254226],[120.008265,-4.254091],[120.008885,-4.254181],[120.008975,-4.253921],[120.007825,-4.253482],[120.008023,-4.252855],[120.009667,-4.253384],[120.009397,-4.254235],[120.00999,-4.25453],[120.009505,-4.256035],[120.010359,-4.256206],[120.010161,-4.25591],[120.010763,-4.253787],[120.011203,-4.253948]]]}},{"type":"Feature","properties":{"FID":85,"REMARK":"Perkebunan/Kebun"},"geometry":{"type":"Polygon","coordinates":[[[119.960304,-4.03535],[119.959873,-4.036076],[119.958912,-4.035897],[119.959244,-4.035019],[119.960304,-4.03535]]]}},{"type":"Feature","properties":{"FID":86,"REMARK":"Perkebunan/Kebun"},"geometry":{"type":"Polygon","coordinates":[[[119.960304,-4.03535],[119.960385,-4.035117],[119.959128,-4.03475],[119.958822,-4.035557],[119.958436,-4.035422],[119.958256,-4.035978],[119.958813,-4.036202],[119.958229,-4.037904],[119.959487,-4.038236],[119.959253,-4.039257],[119.95796,-4.038818],[119.957798,-4.039374],[119.957627,-4.039338],[119.95743,-4.040261],[119.957439,-4.0407],[119.957861,-4.041265],[119.958391,-4.041462],[119.958436,-4.041309],[119.959532,-4.041704],[119.959478,-4.041829],[119.959047,-4.042322],[119.956981,-4.041749],[119.956819,-4.041498],[119.957097,-4.040799],[119.957187,-4.03984],[119.957906,-4.038684],[119.957232,-4.037555],[119.957663,-4.036453],[119.95752,-4.036049],[119.957591,-4.035754],[119.959217,-4.034526],[119.959873,-4.034652],[119.960322,-4.034481],[119.96087,-4.034652],[119.961257,-4.034338],[119.961544,-4.034356],[119.961472,-4.034777],[119.960655,-4.035467],[119.960304,-4.03535]]]}},{"type":"Feature","properties":{"FID":87,"REMARK":"Perkebunan/Kebun"},"geometry":{"type":"Polygon","coordinates":[[[120.011203,-4.253948],[120.011329,-4.253303],[120.009909,-4.252784],[120.010044,-4.252139],[120.01052,-4.252228],[120.010601,-4.252121],[120.010736,-4.251717],[120.010493,-4.251583],[120.010565,-4.251332],[120.011859,-4.251422],[120.011823,-4.251592],[120.012002,-4.251646],[120.011769,-4.252712],[120.011634,-4.252676],[120.011526,-4.25316],[120.012002,-4.253258],[120.011778,-4.254315],[120.011203,-4.253948]]]}},{"type":"Feature","properties":{"FID":88,"REMARK":"Perkebunan/Kebun"},"geometry":{"type":"Polygon","coordinates":[[[120.106263,-3.865139],[120.105715,-3.86478],[120.105598,-3.86452],[120.105661,-3.864252],[120.106209,-3.863759],[120.107044,-3.864305],[120.106263,-3.865139]]]}},{"type":"Feature","properties":{"FID":89,"REMARK":"Perkebunan/Kebun"},"geometry":{"type":"Polygon","coordinates":[[[120.108023,-3.861177],[120.108859,-3.861276],[120.108949,-3.861383],[120.108832,-3.862127],[120.109452,-3.862351],[120.110422,-3.863678],[120.110143,-3.864744],[120.110826,-3.865999],[120.110368,-3.866663],[120.110107,-3.866654],[120.109757,-3.866367],[120.109604,-3.866698],[120.109155,-3.86651],[120.109326,-3.865883],[120.109012,-3.865569],[120.108976,-3.866232],[120.108383,-3.866376],[120.108086,-3.866833],[120.10779,-3.866752],[120.107233,-3.866268],[120.107574,-3.865766],[120.107359,-3.865103],[120.107448,-3.864924],[120.108257,-3.865058],[120.108643,-3.864753],[120.109847,-3.864359],[120.10823,-3.863006],[120.107224,-3.864099],[120.106757,-3.863723],[120.107296,-3.862997],[120.106811,-3.862647],[120.10602,-3.863642],[120.104825,-3.862988],[120.105894,-3.861321],[120.106936,-3.861276],[120.107502,-3.861097],[120.108023,-3.861177]]]}},{"type":"Feature","properties":{"FID":90,"REMARK":"Perkebunan/Kebun"},"geometry":{"type":"Polygon","coordinates":[[[120.107035,-3.857915],[120.106847,-3.858175],[120.10602,-3.858318],[120.104987,-3.858049],[120.104852,-3.856723],[120.105176,-3.856221],[120.106703,-3.856857],[120.107592,-3.857028],[120.107035,-3.857915]]]}},{"type":"Feature","properties":{"FID":91,"REMARK":"Perkebunan/Kebun"},"geometry":{"type":"MultiPolygon","coordinates":[[[[120.113467,-3.84897],[120.112811,-3.849373],[120.111949,-3.849355],[120.112075,-3.849051],[120.113467,-3.84897]]],[[[120.109146,-3.846998],[120.109937,-3.847554],[120.109434,-3.84811],[120.109497,-3.848594],[120.111024,-3.849553],[120.110934,-3.850458],[120.110853,-3.850682],[120.110431,-3.850664],[120.10947,-3.848791],[120.109047,-3.848782],[120.108895,-3.8494],[120.108194,-3.850045],[120.107817,-3.852492],[120.107907,-3.852815],[120.108203,-3.853093],[120.109236,-3.853084],[120.109497,-3.853281],[120.109479,-3.854375],[120.110691,-3.855298],[120.110646,-3.855576],[120.110045,-3.85511],[120.107592,-3.853774],[120.107421,-3.854079],[120.106352,-3.853622],[120.10567,-3.853505],[120.106128,-3.852528],[120.106056,-3.851955],[120.105122,-3.853944],[120.10399,-3.853496],[120.103846,-3.853711],[120.102741,-3.853433],[120.103514,-3.851247],[120.104008,-3.850807],[120.105355,-3.850503],[120.105445,-3.850225],[120.105688,-3.85018],[120.105598,-3.84888],[120.105831,-3.846971],[120.105697,-3.846693],[120.10637,-3.847052],[120.107053,-3.847186],[120.107619,-3.847025],[120.108275,-3.846532],[120.109146,-3.846998]]],[[[120.104978,-3.845887],[120.10505,-3.846075],[120.10443,-3.845743],[120.104843,-3.84525],[120.104978,-3.845887]]]]}},{"type":"Feature","properties":{"FID":92,"REMARK":"Perkebunan/Kebun"},"geometry":{"type":"Polygon","coordinates":[[[120.26124,-3.842866],[120.261015,-3.842866],[120.260441,-3.8424],[120.260423,-3.842113],[120.260683,-3.841728],[120.261186,-3.841862],[120.261366,-3.842552],[120.26124,-3.842866]]]}},{"type":"Feature","properties":{"FID":93,"REMARK":"Perkebunan/Kebun"},"geometry":{"type":"Polygon","coordinates":[[[120.273798,-3.832496],[120.274688,-3.832998],[120.275784,-3.831913],[120.27644,-3.832514],[120.2767,-3.83324],[120.277598,-3.83315],[120.278604,-3.833294],[120.27873,-3.83393],[120.278577,-3.8341],[120.278021,-3.834145],[120.277625,-3.834378],[120.277113,-3.834181],[120.276934,-3.834262],[120.278694,-3.835526],[120.279503,-3.835212],[120.279682,-3.8354],[120.279691,-3.835732],[120.279395,-3.835857],[120.279108,-3.836305],[120.27794,-3.836583],[120.2775,-3.83652],[120.277113,-3.835947],[120.276116,-3.835364],[120.275703,-3.83523],[120.275011,-3.835275],[120.274418,-3.834522],[120.273233,-3.834396],[120.273188,-3.833975],[120.272694,-3.833984],[120.27281,-3.833303],[120.273224,-3.833061],[120.274203,-3.833105],[120.272604,-3.832846],[120.271786,-3.832863],[120.27149,-3.833518],[120.271804,-3.833598],[120.272056,-3.833984],[120.272478,-3.834199],[120.272649,-3.834791],[120.27317,-3.834943],[120.273825,-3.835427],[120.273924,-3.835785],[120.273745,-3.835974],[120.272316,-3.835508],[120.271921,-3.835714],[120.271831,-3.836099],[120.271148,-3.835911],[120.270807,-3.836198],[120.269415,-3.836341],[120.269136,-3.836171],[120.268633,-3.835436],[120.26778,-3.835113],[120.266792,-3.834145],[120.266145,-3.833715],[120.266154,-3.835579],[120.264743,-3.833912],[120.26371,-3.834038],[120.264097,-3.833634],[120.264312,-3.833097],[120.264393,-3.832173],[120.264528,-3.83194],[120.265058,-3.831653],[120.266208,-3.83194],[120.267025,-3.831833],[120.268283,-3.832487],[120.268543,-3.832442],[120.269019,-3.832048],[120.269415,-3.832093],[120.269343,-3.832308],[120.268552,-3.832819],[120.268579,-3.833141],[120.269513,-3.833195],[120.27052,-3.832702],[120.270843,-3.832129],[120.271005,-3.831349],[120.270942,-3.830318],[120.271238,-3.829816],[120.271912,-3.830112],[120.273574,-3.831465],[120.274679,-3.831878],[120.274248,-3.832066],[120.273798,-3.832496]]]}},{"type":"Feature","properties":{"FID":94,"REMARK":"Perkebunan/Kebun"},"geometry":{"type":"Polygon","coordinates":[[[120.278515,-3.82624],[120.278964,-3.826258],[120.278964,-3.826562],[120.278658,-3.827136],[120.277239,-3.828525],[120.276862,-3.829592],[120.27626,-3.828776],[120.277221,-3.828104],[120.27732,-3.827647],[120.277167,-3.827378],[120.276691,-3.827584],[120.277068,-3.827002],[120.276978,-3.82676],[120.276583,-3.826912],[120.276035,-3.826876],[120.276017,-3.826742],[120.276862,-3.826401],[120.277311,-3.826437],[120.277886,-3.82606],[120.278515,-3.82624]]]}},{"type":"Feature","properties":{"FID":95,"REMARK":"Perkebunan/Kebun"},"geometry":{"type":"Polygon","coordinates":[[[120.33395,-3.804629],[120.334561,-3.804701],[120.334516,-3.805571],[120.334282,-3.805633],[120.334291,-3.805804],[120.333051,-3.805588],[120.332917,-3.805875],[120.332782,-3.80575],[120.332719,-3.807112],[120.332611,-3.807265],[120.332225,-3.806691],[120.331812,-3.806386],[120.331722,-3.805768],[120.332692,-3.805579],[120.332863,-3.804647],[120.33395,-3.804629]]]}},{"type":"Feature","properties":{"FID":96,"REMARK":"Perkebunan/Kebun"},"geometry":{"type":"Polygon","coordinates":[[[120.319954,-3.738047],[120.320448,-3.738854],[120.320134,-3.739499],[120.318993,-3.739643],[120.31884,-3.740073],[120.318669,-3.739974],[120.318067,-3.739239],[120.317708,-3.738298],[120.318032,-3.73837],[120.318669,-3.737814],[120.319532,-3.737366],[120.319918,-3.736953],[120.319954,-3.738047]]]}},{"type":"Feature","properties":{"FID":97,"REMARK":"Perkebunan/Kebun"},"geometry":{"type":"Polygon","coordinates":[[[119.998501,-3.939177],[119.997153,-3.940853],[119.996704,-3.940709],[119.996551,-3.940118],[119.994791,-3.939696],[119.994566,-3.94018],[119.993785,-3.940494],[119.993641,-3.940709],[119.993039,-3.94087],[119.992841,-3.941327],[119.992473,-3.941614],[119.992347,-3.942071],[119.992509,-3.943864],[119.992275,-3.945145],[119.993856,-3.945513],[119.993704,-3.948318],[119.993461,-3.94916],[119.993093,-3.949133],[119.993066,-3.949563],[119.992662,-3.949537],[119.992563,-3.95046],[119.99188,-3.950415],[119.991665,-3.950245],[119.991224,-3.949474],[119.991144,-3.948793],[119.990524,-3.948309],[119.990542,-3.947646],[119.989446,-3.947565],[119.989383,-3.948246],[119.989616,-3.94847],[119.989419,-3.94899],[119.989302,-3.949106],[119.988844,-3.94899],[119.988853,-3.948685],[119.988592,-3.948578],[119.988745,-3.947206],[119.988997,-3.947045],[119.988907,-3.945952],[119.988017,-3.945773],[119.987999,-3.945333],[119.987649,-3.945145],[119.988296,-3.942788],[119.988853,-3.942645],[119.989113,-3.942224],[119.989769,-3.942358],[119.990066,-3.941865],[119.990012,-3.941623],[119.9895,-3.941336],[119.989643,-3.940969],[119.989949,-3.940996],[119.990191,-3.940566],[119.991359,-3.939956],[119.991431,-3.93975],[119.991853,-3.939661],[119.991988,-3.939401],[119.992796,-3.939293],[119.993057,-3.938917],[119.993856,-3.938935],[119.993991,-3.938657],[119.994386,-3.938648],[119.994773,-3.938962],[119.995006,-3.938809],[119.997369,-3.939293],[119.997917,-3.937393],[119.998447,-3.936309],[119.999112,-3.935673],[119.999821,-3.934633],[120.00036,-3.934705],[119.998501,-3.939177]]]}},{"type":"Feature","properties":{"FID":98,"REMARK":"Perkebunan/Kebun"},"geometry":{"type":"Polygon","coordinates":[[[119.982322,-3.934973],[119.981954,-3.93604],[119.981711,-3.936067],[119.98163,-3.936345],[119.980732,-3.936139],[119.980579,-3.936515],[119.980139,-3.936479],[119.980139,-3.935466],[119.979232,-3.935529],[119.978998,-3.937823],[119.978621,-3.939159],[119.977247,-3.938917],[119.975459,-3.938271],[119.973105,-3.938128],[119.972324,-3.937115],[119.972054,-3.936443],[119.977022,-3.935852],[119.977022,-3.935431],[119.977462,-3.935027],[119.982322,-3.934973]]]}},{"type":"Feature","properties":{"FID":99,"REMARK":"Perkebunan/Kebun"},"geometry":{"type":"Polygon","coordinates":[[[119.937379,-3.932473],[119.937649,-3.93328],[119.937954,-3.933531],[119.938053,-3.934257],[119.938368,-3.934911],[119.938035,-3.936112],[119.937766,-3.936479],[119.93773,-3.936936],[119.9379,-3.937501],[119.93835,-3.938047],[119.938493,-3.93846],[119.938547,-3.939024],[119.938323,-3.939401],[119.939176,-3.940297],[119.939176,-3.940996],[119.938727,-3.940969],[119.938628,-3.940682],[119.938287,-3.940637],[119.93808,-3.941166],[119.93711,-3.941319],[119.93667,-3.941552],[119.936463,-3.942251],[119.936939,-3.943389],[119.937855,-3.943917],[119.938457,-3.944007],[119.93852,-3.94415],[119.939724,-3.953928],[119.936867,-3.95296],[119.936652,-3.952924],[119.93658,-3.953238],[119.94055,-3.954591],[119.938152,-3.96289],[119.937451,-3.965784],[119.936724,-3.970211],[119.936661,-3.971385],[119.936831,-3.972281],[119.938682,-3.97298],[119.939122,-3.9729],[119.940128,-3.973339],[119.940577,-3.973348],[119.941619,-3.971717],[119.942679,-3.971089],[119.943254,-3.971555],[119.943209,-3.971923],[119.943425,-3.97229],[119.943371,-3.972649],[119.943003,-3.972801],[119.942805,-3.97307],[119.942751,-3.973384],[119.942949,-3.973608],[119.945365,-3.974038],[119.948536,-3.974244],[119.948806,-3.974011],[119.948932,-3.973321],[119.94921,-3.972783],[119.950126,-3.972272],[119.951204,-3.971296],[119.951564,-3.970166],[119.952291,-3.969799],[119.952714,-3.969333],[119.954438,-3.968096],[119.955229,-3.967702],[119.955966,-3.968025],[119.955804,-3.968168],[119.957493,-3.969234],[119.955076,-3.970659],[119.953441,-3.972335],[119.952058,-3.972452],[119.951654,-3.972729],[119.951519,-3.973303],[119.951699,-3.97385],[119.952085,-3.974163],[119.953127,-3.974558],[119.953432,-3.974997],[119.953378,-3.975382],[119.952794,-3.976009],[119.951878,-3.976619],[119.951285,-3.977551],[119.950773,-3.977461],[119.950396,-3.976843],[119.949974,-3.976789],[119.94948,-3.977981],[119.949516,-3.978357],[119.949839,-3.978922],[119.949731,-3.979827],[119.949839,-3.98023],[119.949201,-3.980427],[119.948429,-3.98049],[119.947297,-3.980239],[119.947997,-3.979038],[119.949354,-3.975884],[119.950171,-3.976171],[119.95036,-3.975696],[119.950162,-3.975642],[119.950468,-3.975042],[119.949965,-3.974871],[119.950504,-3.973885],[119.950046,-3.973679],[119.949641,-3.97445],[119.949219,-3.974262],[119.947279,-3.978662],[119.946372,-3.980194],[119.944305,-3.979244],[119.94338,-3.979056],[119.939805,-3.979047],[119.939652,-3.978259],[119.940128,-3.978097],[119.939347,-3.975929],[119.939499,-3.975543],[119.939014,-3.974862],[119.938853,-3.974862],[119.938421,-3.975543],[119.938035,-3.975678],[119.93923,-3.97885],[119.939535,-3.980445],[119.937766,-3.980714],[119.937218,-3.981843],[119.936481,-3.982103],[119.93614,-3.982775],[119.935511,-3.983196],[119.935196,-3.984048],[119.935403,-3.984505],[119.935125,-3.984783],[119.934855,-3.985876],[119.934253,-3.986853],[119.933472,-3.987292],[119.933058,-3.987847],[119.932816,-3.990464],[119.932502,-3.990751],[119.931711,-3.990796],[119.931172,-3.990482],[119.931774,-3.990007],[119.932016,-3.98946],[119.9319,-3.988304],[119.931989,-3.986288],[119.932789,-3.985966],[119.932969,-3.985482],[119.933283,-3.985177],[119.933292,-3.984568],[119.933597,-3.984326],[119.933786,-3.983161],[119.933705,-3.982193],[119.93428,-3.982282],[119.935125,-3.98153],[119.935691,-3.980616],[119.935726,-3.979899],[119.935152,-3.979567],[119.935107,-3.979191],[119.935924,-3.978832],[119.936014,-3.978662],[119.935933,-3.978286],[119.935134,-3.977613],[119.934837,-3.977165],[119.933337,-3.976646],[119.933238,-3.976242],[119.932798,-3.97566],[119.932843,-3.975328],[119.933409,-3.975257],[119.933588,-3.975095],[119.933696,-3.974181],[119.933391,-3.973402],[119.933463,-3.973142],[119.93366,-3.972711],[119.934271,-3.972541],[119.934424,-3.971986],[119.933588,-3.971842],[119.933571,-3.97143],[119.933319,-3.971296],[119.933418,-3.970247],[119.932744,-3.970023],[119.933085,-3.968992],[119.933076,-3.96867],[119.932807,-3.968473],[119.932924,-3.967675],[119.933472,-3.965704],[119.933301,-3.965435],[119.932609,-3.965211],[119.932511,-3.964207],[119.932106,-3.963956],[119.931819,-3.963454],[119.932088,-3.962979],[119.932493,-3.962773],[119.933732,-3.962827],[119.934523,-3.962692],[119.935223,-3.961975],[119.936203,-3.961384],[119.936041,-3.95935],[119.936176,-3.957118],[119.936364,-3.956921],[119.936849,-3.957002],[119.93808,-3.956805],[119.93914,-3.955254],[119.936876,-3.955093],[119.936724,-3.95529],[119.936544,-3.955263],[119.936274,-3.955075],[119.936301,-3.954591],[119.935933,-3.954466],[119.935709,-3.955424],[119.935214,-3.955415],[119.935196,-3.955039],[119.934936,-3.954779],[119.934891,-3.954098],[119.934361,-3.953919],[119.93428,-3.953749],[119.934226,-3.953103],[119.934406,-3.952135],[119.932897,-3.951669],[119.93269,-3.952539],[119.931765,-3.952386],[119.931792,-3.951687],[119.93128,-3.951544],[119.931244,-3.951257],[119.930849,-3.950997],[119.930876,-3.950531],[119.931307,-3.950271],[119.931495,-3.949814],[119.931873,-3.948228],[119.932439,-3.948434],[119.932942,-3.948327],[119.933041,-3.948022],[119.932879,-3.947431],[119.93313,-3.946024],[119.933912,-3.94459],[119.934729,-3.94415],[119.934855,-3.943873],[119.934074,-3.94234],[119.934514,-3.940494],[119.934289,-3.940001],[119.934325,-3.939544],[119.935196,-3.939535],[119.935529,-3.939383],[119.935565,-3.939033],[119.935331,-3.938433],[119.936014,-3.937411],[119.93658,-3.937214],[119.936876,-3.935843],[119.936813,-3.935484],[119.935349,-3.935287],[119.935035,-3.934714],[119.934963,-3.933889],[119.935116,-3.933172],[119.935475,-3.932679],[119.936032,-3.932652],[119.936122,-3.931111],[119.93419,-3.929973],[119.933606,-3.929121],[119.933615,-3.928897],[119.93658,-3.929641],[119.936939,-3.930788],[119.93667,-3.930896],[119.936715,-3.931093],[119.937379,-3.932473]]]}},{"type":"Feature","properties":{"FID":100,"REMARK":"Perkebunan/Kebun"},"geometry":{"type":"Polygon","coordinates":[[[119.955094,-3.938881],[119.957052,-3.938979],[119.958391,-3.938791],[119.958616,-3.939974],[119.958651,-3.941327],[119.958409,-3.941847],[119.956585,-3.942143],[119.95601,-3.942618],[119.955624,-3.943362],[119.955597,-3.944231],[119.95601,-3.945925],[119.956109,-3.94847],[119.956001,-3.949483],[119.956046,-3.950182],[119.956235,-3.950594],[119.956585,-3.950935],[119.958104,-3.951643],[119.959882,-3.9521],[119.961131,-3.95192],[119.961257,-3.952449],[119.961912,-3.952476],[119.963341,-3.95287],[119.963125,-3.953829],[119.962469,-3.953767],[119.962317,-3.954376],[119.961912,-3.954663],[119.961778,-3.954994],[119.961849,-3.955514],[119.962667,-3.956132],[119.962954,-3.958077],[119.962281,-3.958427],[119.96176,-3.958471],[119.961652,-3.957934],[119.961832,-3.956159],[119.961014,-3.956043],[119.960978,-3.95589],[119.960709,-3.955828],[119.960745,-3.955326],[119.960358,-3.9552],[119.960367,-3.954914],[119.960547,-3.954824],[119.960565,-3.954475],[119.960798,-3.954439],[119.960915,-3.953973],[119.961409,-3.953901],[119.961616,-3.952834],[119.960825,-3.952673],[119.961014,-3.952225],[119.959828,-3.95236],[119.959667,-3.95374],[119.959855,-3.953982],[119.959694,-3.954645],[119.959217,-3.954752],[119.959083,-3.955048],[119.958768,-3.955245],[119.958643,-3.955657],[119.958867,-3.95615],[119.958732,-3.957638],[119.959729,-3.958283],[119.959756,-3.958695],[119.959523,-3.959045],[119.958984,-3.958982],[119.958696,-3.959179],[119.95813,-3.959144],[119.957897,-3.959359],[119.958768,-3.960452],[119.958786,-3.960909],[119.959146,-3.961402],[119.959963,-3.96185],[119.960116,-3.962074],[119.960017,-3.963158],[119.959137,-3.964099],[119.95893,-3.964996],[119.95902,-3.967541],[119.959694,-3.968491],[119.959388,-3.968706],[119.957556,-3.967379],[119.957385,-3.967093],[119.957322,-3.965005],[119.957618,-3.963544],[119.95769,-3.961572],[119.957412,-3.960631],[119.957017,-3.960766],[119.95628,-3.95926],[119.95654,-3.959197],[119.956478,-3.958848],[119.957223,-3.958776],[119.957304,-3.958229],[119.958876,-3.958579],[119.958939,-3.95831],[119.957349,-3.957772],[119.957493,-3.957342],[119.955705,-3.956921],[119.955948,-3.955666],[119.955588,-3.95555],[119.955777,-3.954062],[119.955525,-3.953301],[119.956271,-3.953363],[119.956487,-3.951329],[119.956082,-3.951069],[119.955876,-3.950594],[119.955687,-3.950639],[119.955516,-3.951221],[119.955148,-3.951168],[119.954932,-3.950944],[119.954941,-3.950227],[119.955229,-3.950182],[119.955238,-3.94994],[119.953055,-3.950083],[119.953055,-3.949877],[119.953729,-3.949644],[119.953783,-3.948891],[119.95469,-3.948811],[119.954699,-3.948013],[119.955157,-3.947995],[119.955184,-3.94657],[119.954941,-3.946552],[119.954968,-3.945997],[119.95513,-3.94597],[119.955121,-3.94536],[119.955507,-3.945127],[119.95522,-3.943523],[119.955651,-3.942564],[119.957924,-3.939302],[119.952453,-3.938657],[119.952561,-3.938415],[119.955094,-3.938881]]]}},{"type":"Feature","properties":{"FID":101,"REMARK":"Perkebunan/Kebun"},"geometry":{"type":"MultiPolygon","coordinates":[[[[119.962999,-3.938352],[119.96202,-3.938567],[119.961993,-3.938379],[119.960188,-3.938737],[119.959765,-3.941453],[119.959406,-3.942564],[119.959011,-3.942421],[119.95875,-3.942869],[119.957924,-3.942887],[119.957591,-3.944366],[119.957744,-3.94441],[119.95769,-3.944634],[119.958121,-3.944724],[119.958139,-3.945118],[119.958481,-3.945253],[119.958121,-3.946274],[119.958086,-3.946803],[119.958328,-3.947135],[119.958975,-3.947431],[119.959622,-3.947619],[119.960349,-3.947574],[119.960475,-3.947699],[119.960286,-3.948156],[119.958786,-3.948291],[119.958481,-3.949277],[119.959397,-3.950029],[119.959936,-3.950245],[119.960215,-3.950236],[119.960277,-3.949931],[119.9607,-3.949904],[119.96105,-3.949537],[119.961337,-3.949519],[119.961463,-3.949232],[119.961643,-3.949223],[119.962586,-3.94951],[119.962577,-3.949752],[119.96273,-3.94985],[119.963287,-3.950003],[119.963844,-3.949949],[119.964356,-3.950227],[119.964392,-3.950433],[119.965164,-3.950424],[119.965452,-3.950487],[119.965515,-3.950675],[119.966593,-3.950773],[119.966548,-3.951159],[119.967374,-3.951445],[119.96732,-3.951804],[119.967635,-3.951983],[119.96759,-3.952557],[119.968057,-3.9527],[119.967895,-3.953569],[119.96821,-3.953704],[119.968003,-3.954788],[119.966898,-3.954546],[119.967078,-3.952153],[119.9667,-3.952091],[119.966736,-3.951723],[119.960825,-3.950442],[119.960745,-3.950764],[119.966108,-3.952261],[119.966341,-3.952548],[119.966287,-3.953399],[119.966099,-3.95339],[119.966,-3.952826],[119.965407,-3.952288],[119.963925,-3.952001],[119.961939,-3.951347],[119.959487,-3.95158],[119.958023,-3.950953],[119.957008,-3.950746],[119.956621,-3.950307],[119.956505,-3.945817],[119.955983,-3.943828],[119.956109,-3.943245],[119.956657,-3.9426],[119.958068,-3.94243],[119.958975,-3.941892],[119.959119,-3.940548],[119.95884,-3.93872],[119.960242,-3.938487],[119.963008,-3.937725],[119.962999,-3.938352]],[[119.956909,-3.948927],[119.956891,-3.949133],[119.957124,-3.949133],[119.957223,-3.948363],[119.957421,-3.948398],[119.957511,-3.948076],[119.957349,-3.948004],[119.957475,-3.947699],[119.957744,-3.94778],[119.957798,-3.947547],[119.957582,-3.947475],[119.95752,-3.946803],[119.957268,-3.94674],[119.95725,-3.9464],[119.957044,-3.946382],[119.957044,-3.946696],[119.957421,-3.947269],[119.956909,-3.948927]]],[[[119.969853,-3.936515],[119.969126,-3.936461],[119.969952,-3.936318],[119.969853,-3.936515]]]]}},{"type":"Feature","properties":{"FID":102,"REMARK":"Perkebunan/Kebun"},"geometry":{"type":"MultiPolygon","coordinates":[[[[120.066207,-4.285418],[120.067518,-4.285606],[120.065794,-4.285544],[120.066207,-4.285418]]],[[[120.082017,-4.256116],[120.081613,-4.256009],[120.081361,-4.255632],[120.081954,-4.255794],[120.082017,-4.256116]]],[[[120.081173,-4.255247],[120.081173,-4.255256],[120.081164,-4.255247],[120.081173,-4.255247]]],[[[120.085062,-4.254047],[120.084784,-4.254351],[120.084865,-4.254038],[120.085062,-4.254047]]],[[[120.051573,-4.251467],[120.052516,-4.251637],[120.052481,-4.251924],[120.053208,-4.252112],[120.053792,-4.252452],[120.054214,-4.253016],[120.054304,-4.252918],[120.055301,-4.253411],[120.055418,-4.253205],[120.055858,-4.253303],[120.056622,-4.254011],[120.055831,-4.255632],[120.055705,-4.255794],[120.055373,-4.255794],[120.054888,-4.257137],[120.054403,-4.257128],[120.054214,-4.258329],[120.054304,-4.259332],[120.055086,-4.259637],[120.054987,-4.260631],[120.054115,-4.260533],[120.054017,-4.260676],[120.053801,-4.261043],[120.054008,-4.261787],[120.053855,-4.262763],[120.053451,-4.263381],[120.053154,-4.263551],[120.053082,-4.263838],[120.051825,-4.263955],[120.051079,-4.264438],[120.050298,-4.264143],[120.050208,-4.264537],[120.050567,-4.264707],[120.050585,-4.264895],[120.049884,-4.267117],[120.050792,-4.267753],[120.055149,-4.269338],[120.055014,-4.270127],[120.055463,-4.270449],[120.055598,-4.270933],[120.055095,-4.270781],[120.054888,-4.271076],[120.054493,-4.270924],[120.054412,-4.270449],[120.053891,-4.270261],[120.052337,-4.270118],[120.050998,-4.270181],[120.050828,-4.270709],[120.049813,-4.270458],[120.049561,-4.270987],[120.0486,-4.270852],[120.048231,-4.271847],[120.048744,-4.272107],[120.048663,-4.27268],[120.049318,-4.272958],[120.049597,-4.272976],[120.049813,-4.272357],[120.050316,-4.272519],[120.050432,-4.272832],[120.051492,-4.273423],[120.051429,-4.273943],[120.052651,-4.27354],[120.053361,-4.273621],[120.054142,-4.273916],[120.053954,-4.274507],[120.053478,-4.274687],[120.053154,-4.275887],[120.052552,-4.276003],[120.052049,-4.277356],[120.052813,-4.277508],[120.053011,-4.277249],[120.053729,-4.277473],[120.053406,-4.278189],[120.05363,-4.278288],[120.053981,-4.278234],[120.054511,-4.278404],[120.055319,-4.276353],[120.055508,-4.276442],[120.05602,-4.274848],[120.056837,-4.275108],[120.056873,-4.27552],[120.058095,-4.27586],[120.0577,-4.27672],[120.056487,-4.277741],[120.055867,-4.278458],[120.056226,-4.278673],[120.058329,-4.276881],[120.058993,-4.277105],[120.059218,-4.27681],[120.059451,-4.276765],[120.061383,-4.277222],[120.061086,-4.278091],[120.060467,-4.277947],[120.059613,-4.279506],[120.059227,-4.279407],[120.058652,-4.280393],[120.05893,-4.280733],[120.059263,-4.280751],[120.059901,-4.280133],[120.060143,-4.280312],[120.059892,-4.281038],[120.060502,-4.281307],[120.060377,-4.281656],[120.059712,-4.28154],[120.059487,-4.28171],[120.059362,-4.282758],[120.059838,-4.283053],[120.059469,-4.284746],[120.059865,-4.285051],[120.061086,-4.285463],[120.06123,-4.285795],[120.061158,-4.286019],[120.060296,-4.286207],[120.05946,-4.286027],[120.05929,-4.286395],[120.058688,-4.286493],[120.055095,-4.286744],[120.053496,-4.286816],[120.047306,-4.286592],[120.043713,-4.286681],[120.042662,-4.286287],[120.042141,-4.285786],[120.04056,-4.282588],[120.040147,-4.281351],[120.04029,-4.280644],[120.040973,-4.279399],[120.041314,-4.278395],[120.039949,-4.27655],[120.039868,-4.275627],[120.04003,-4.274185],[120.041827,-4.269437],[120.042069,-4.267771],[120.0418,-4.264537],[120.041296,-4.262906],[120.040937,-4.26236],[120.040955,-4.261867],[120.040766,-4.261858],[120.040865,-4.260407],[120.041467,-4.258472],[120.041629,-4.257433],[120.042186,-4.256537],[120.042312,-4.256062],[120.045833,-4.256089],[120.04674,-4.255794],[120.047234,-4.254889],[120.047477,-4.254934],[120.047576,-4.254799],[120.047666,-4.254817],[120.047522,-4.255444],[120.047881,-4.255507],[120.048124,-4.254495],[120.047881,-4.254387],[120.048007,-4.253948],[120.0478,-4.253885],[120.047917,-4.253545],[120.048088,-4.253617],[120.048501,-4.252792],[120.048312,-4.252703],[120.048869,-4.252237],[120.049031,-4.252362],[120.049354,-4.252156],[120.049965,-4.25152],[120.050486,-4.251538],[120.050504,-4.251305],[120.051573,-4.251467]],[[120.05408,-4.282346],[120.054259,-4.282355],[120.054394,-4.281728],[120.052957,-4.281486],[120.052696,-4.281271],[120.053361,-4.279703],[120.052283,-4.279255],[120.052265,-4.278736],[120.051645,-4.278637],[120.051412,-4.278789],[120.051528,-4.279551],[120.051412,-4.280438],[120.051861,-4.28068],[120.051681,-4.281754],[120.05408,-4.282346]]],[[[120.077777,-4.245097],[120.077786,-4.245276],[120.077606,-4.245133],[120.075953,-4.246611],[120.07563,-4.247292],[120.075998,-4.247408],[120.075989,-4.247919],[120.07501,-4.252013],[120.07519,-4.252291],[120.077427,-4.253482],[120.077301,-4.254808],[120.076834,-4.254504],[120.075882,-4.254441],[120.074139,-4.25591],[120.073366,-4.255731],[120.07316,-4.255059],[120.073259,-4.254477],[120.07386,-4.254486],[120.074238,-4.254297],[120.074822,-4.254342],[120.074947,-4.253814],[120.074597,-4.253617],[120.072522,-4.253339],[120.072297,-4.2529],[120.071803,-4.250642],[120.072333,-4.249263],[120.072414,-4.247829],[120.073142,-4.248268],[120.073151,-4.248761],[120.073537,-4.249343],[120.074507,-4.249406],[120.07484,-4.248179],[120.075441,-4.248295],[120.075684,-4.248143],[120.075612,-4.247579],[120.075064,-4.24731],[120.07616,-4.245903],[120.076385,-4.245258],[120.077651,-4.244918],[120.077777,-4.245097]]]]}},{"type":"Feature","properties":{"FID":103,"REMARK":"Perkebunan/Kebun"},"geometry":{"type":"MultiPolygon","coordinates":[[[[119.918111,-3.93846],[119.918434,-3.938442],[119.918407,-3.93846],[119.918111,-3.93846]]],[[[119.918551,-3.938433],[119.918434,-3.938442],[119.918712,-3.938155],[119.91953,-3.938164],[119.921695,-3.936578],[119.921901,-3.936121],[119.92262,-3.935592],[119.923078,-3.935825],[119.92306,-3.936264],[119.923644,-3.936443],[119.924749,-3.937295],[119.925279,-3.938173],[119.925423,-3.940351],[119.925746,-3.940996],[119.925881,-3.941838],[119.926465,-3.942268],[119.926555,-3.943505],[119.926761,-3.943873],[119.926402,-3.944357],[119.92651,-3.944769],[119.926851,-3.944939],[119.926887,-3.945109],[119.926887,-3.945674],[119.926618,-3.946257],[119.926492,-3.947404],[119.926707,-3.947744],[119.927255,-3.947771],[119.927498,-3.948416],[119.928109,-3.948936],[119.927776,-3.949581],[119.925998,-3.949581],[119.925674,-3.949698],[119.925602,-3.95002],[119.92527,-3.950056],[119.924965,-3.949904],[119.923545,-3.949832],[119.923276,-3.949357],[119.921856,-3.94925],[119.921021,-3.948855],[119.919126,-3.948461],[119.91865,-3.948174],[119.917742,-3.948004],[119.916179,-3.948533],[119.915272,-3.949304],[119.913502,-3.949653],[119.910412,-3.949465],[119.908624,-3.949913],[119.911553,-3.946024],[119.912469,-3.943909],[119.912864,-3.943658],[119.914338,-3.943209],[119.916368,-3.941659],[119.916592,-3.941256],[119.917059,-3.939311],[119.917446,-3.93846],[119.918111,-3.93846],[119.91776,-3.938487],[119.917724,-3.939024],[119.918048,-3.939006],[119.918236,-3.939212],[119.917985,-3.939571],[119.918434,-3.939643],[119.918739,-3.939159],[119.919126,-3.938979],[119.919467,-3.938289],[119.918676,-3.938209],[119.918551,-3.938433]],[[119.926025,-3.943649],[119.926043,-3.944312],[119.926204,-3.944428],[119.926312,-3.943676],[119.926186,-3.942824],[119.926384,-3.942779],[119.92633,-3.942304],[119.925746,-3.942044],[119.925647,-3.941865],[119.923779,-3.941847],[119.923698,-3.942717],[119.923959,-3.942735],[119.923923,-3.943129],[119.925225,-3.943218],[119.925198,-3.943613],[119.926025,-3.943649]]]]}}]}