{
"type": "FeatureCollection",
"name": "Sistem_Jaringan_Prasarana_Lainnya",
"crs": { "type": "name", "properties": { "name": "urn:ogc:def:crs:OGC:1.3:CRS84" } },
"features": [
{ "type": "Feature", "properties": { "FID": 0, "OBJECTID": 1259, "NAMOBJ": "Jaringan Air Baku", "STSJRN": 1, "WADMPR": "Provinsi Sulawesi Selatan", "WADMKK": "Kabupaten Wajo", "REMARK": "Tidak Ada", "SBDATA": "Analisis Tim Penyusun, 2022", "SHAPE_Leng": 0.0039033267407800002 }, "geometry": { "type": "LineString", "coordinates": [ [ 120.021623390387589, -4.102679724878345 ], [ 120.02099456968871, -4.101747870507609 ], [ 120.019081158133531, -4.099830397518262 ] ] } },
{ "type": "Feature", "properties": { "FID": 1, "OBJECTID": 1260, "NAMOBJ": "Jaringan Air Baku", "STSJRN": 1, "WADMPR": "Provinsi Sulawesi Selatan", "WADMKK": "Kabupaten Wajo", "REMARK": "Tidak Ada", "SBDATA": "Analisis Tim Penyusun, 2022", "SHAPE_Leng": 0.00055748724579400002 }, "geometry": { "type": "LineString", "coordinates": [ [ 119.96653869716539, -3.959484115870109 ], [ 119.967095652641532, -3.959484115870109 ] ] } },
{ "type": "Feature", "properties": { "FID": 2, "OBJECTID": 1261, "NAMOBJ": "Unit Distribusi", "STSJRN": 1, "WADMPR": "Provinsi Sulawesi Selatan", "WADMKK": "Kabupaten Wajo", "REMARK": "Tidak Ada", "SBDATA": "Analisis Tim Penyusun, 2022", "SHAPE_Leng": 0.0062290844586500001 }, "geometry": { "type": "LineString", "coordinates": [ [ 120.401547873500263, -3.71796733448954 ], [ 120.399032590704735, -3.712266055424758 ] ] } },
{ "type": "Feature", "properties": { "FID": 3, "OBJECTID": 1262, "NAMOBJ": "Unit Distribusi", "STSJRN": 1, "WADMPR": "Provinsi Sulawesi Selatan", "WADMKK": "Kabupaten Wajo", "REMARK": "Tidak Ada", "SBDATA": "Analisis Tim Penyusun, 2022", "SHAPE_Leng": 0.0045931643542000003 }, "geometry": { "type": "LineString", "coordinates": [ [ 120.395169834983008, -3.710930373087247 ], [ 120.395115936065963, -3.711136552371845 ], [ 120.395870520904623, -3.712032983484505 ], [ 120.396454425839295, -3.712248126816154 ], [ 120.397999528127997, -3.7123915556748 ], [ 120.399032590704735, -3.712266055424758 ] ] } },
{ "type": "Feature", "properties": { "FID": 4, "OBJECTID": 1263, "NAMOBJ": "Jaringan Air Baku", "STSJRN": 1, "WADMPR": "Provinsi Sulawesi Selatan", "WADMKK": "Kabupaten Wajo", "REMARK": "Tidak Ada", "SBDATA": "Analisis Tim Penyusun, 2022", "SHAPE_Leng": 0.00092230739714300005 }, "geometry": { "type": "LineString", "coordinates": [ [ 120.39524170020573, -3.710993123309394 ], [ 120.395933402974521, -3.710383549534177 ] ] } },
{ "type": "Feature", "properties": { "FID": 5, "OBJECTID": 1264, "NAMOBJ": "Unit Distribusi", "STSJRN": 1, "WADMPR": "Provinsi Sulawesi Selatan", "WADMKK": "Kabupaten Wajo", "REMARK": "Tidak Ada", "SBDATA": "Analisis Tim Penyusun, 2022", "SHAPE_Leng": 0.25363860080299999 }, "geometry": { "type": "LineString", "coordinates": [ [ 120.024650712895081, -4.093746422406793 ], [ 120.036355761047147, -4.091945413537964 ], [ 120.036652205090903, -4.091793089218999 ], [ 120.037110345885822, -4.091022506926175 ], [ 120.037415773082415, -4.090852261901039 ], [ 120.038736296550056, -4.091076268505543 ], [ 120.040182584157506, -4.090941864550357 ], [ 120.04100005106605, -4.089830790990515 ], [ 120.0418624337388, -4.089561982639735 ], [ 120.042599052271797, -4.089741188216941 ], [ 120.043084142525203, -4.089633664875426 ], [ 120.044126188254779, -4.088809318777872 ], [ 120.045150267678679, -4.087743043763703 ], [ 120.047036729775343, -4.087931210045733 ], [ 120.047333173819098, -4.087832646760654 ], [ 120.047953011365124, -4.087277108018138 ], [ 120.048734545662313, -4.08527895742397 ], [ 120.049983203907246, -4.084454606849576 ], [ 120.050351513173723, -4.083200158698354 ], [ 120.050665923523184, -4.082841744580719 ], [ 120.052597301384026, -4.082474369944054 ], [ 120.056127680450629, -4.083003030953461 ], [ 120.056900231594952, -4.083011991306551 ], [ 120.057421254459769, -4.082850704935611 ], [ 120.059146019805254, -4.081614175015166 ], [ 120.060924684067828, -4.07973249539568 ], [ 120.062317072758205, -4.079454723268923 ], [ 120.063457933169033, -4.078764772732077 ], [ 120.064347265300327, -4.077402790712561 ], [ 120.064616759885553, -4.07720566154484 ], [ 120.067212891056641, -4.076748680106464 ], [ 120.068982572166377, -4.075745112114485 ], [ 120.069350881432854, -4.075449417735083 ], [ 120.070842084804511, -4.071883155749541 ], [ 120.071120562542589, -4.069651993857795 ], [ 120.071866164228382, -4.067402904730653 ], [ 120.072674647984101, -4.065673521171948 ], [ 120.074093986133008, -4.063496105508219 ], [ 120.075342644377926, -4.062850944182486 ], [ 120.079070652807033, -4.062250585263098 ], [ 120.080211513217876, -4.061058826681618 ], [ 120.082618998179314, -4.05946383875862 ], [ 120.0842539319964, -4.05859465862009 ], [ 120.08740701864366, -4.056175286298355 ], [ 120.087919058355624, -4.055574922414976 ], [ 120.090856549334674, -4.048944008079466 ], [ 120.091988426592664, -4.046963683935864 ], [ 120.093228101684758, -4.045512040537317 ], [ 120.099893601092916, -4.039553106749431 ], [ 120.100234960900877, -4.038890004643155 ], [ 120.100881747905461, -4.036336160388594 ], [ 120.10110632672648, -4.035959803713972 ], [ 120.101654299049812, -4.035502798946002 ], [ 120.102732277390757, -4.035099559231288 ], [ 120.103729407356127, -4.034508140620914 ], [ 120.105723667286853, -4.033764386302712 ], [ 120.107169954894303, -4.033737503603762 ], [ 120.108930652851171, -4.03268011673959 ], [ 120.113422229271762, -4.032205188293528 ], [ 120.116117175124117, -4.033164005814287 ], [ 120.119243312312861, -4.035099559231288 ], [ 120.119926031928799, -4.03518916807408 ], [ 120.12059976839187, -4.035072676576521 ], [ 120.121075875492465, -4.034812810867914 ], [ 120.122755725073759, -4.033146084001844 ], [ 120.125288974174993, -4.031640650345716 ], [ 120.126178306306258, -4.030377159232454 ], [ 120.126465767197189, -4.029131588057334 ], [ 120.126771194393783, -4.028773149955665 ], [ 120.128729521713169, -4.027599264067196 ], [ 120.130076994639353, -4.027321474028993 ], [ 120.13055310173992, -4.027070566816208 ], [ 120.131029208840516, -4.026506025304623 ], [ 120.131181922438813, -4.025224604230115 ], [ 120.131568198010982, -4.024274738355856 ], [ 120.132367698613848, -4.023584740752504 ], [ 120.13326601389798, -4.023289027314994 ], [ 120.134739250963932, -4.023047079877185 ], [ 120.135853161916231, -4.02338759847276 ], [ 120.137290466370814, -4.024955774378119 ], [ 120.137506062039009, -4.026075898175839 ], [ 120.137784539777101, -4.026676283896975 ], [ 120.139096080091903, -4.027482771482076 ], [ 120.140308805725468, -4.027617186001889 ], [ 120.14075796336752, -4.027473810513299 ], [ 120.141431699830619, -4.02691823025642 ], [ 120.1419976384596, -4.025744341692284 ], [ 120.142410863490312, -4.025323175153607 ], [ 120.143830201639219, -4.02457941243622 ], [ 120.145456152303467, -4.024068635236859 ], [ 120.146785658923946, -4.023441364553785 ], [ 120.147953468793304, -4.02339655948651 ], [ 120.148968565064365, -4.023109806997591 ], [ 120.150001627641103, -4.022321237132636 ], [ 120.151106555440577, -4.022079289407426 ], [ 120.153558956166208, -4.020770978241504 ], [ 120.157439678193626, -4.019946561907699 ], [ 120.159622584334045, -4.02010786082122 ], [ 120.161868372544333, -4.020511107965397 ], [ 120.163224828623356, -4.021039809474431 ], [ 120.16363805365404, -4.021048770514001 ], [ 120.164976543427372, -4.020797861368787 ], [ 120.165605364126264, -4.020520069010781 ], [ 120.166054521768316, -4.020161627118635 ], [ 120.166485713104706, -4.019390976516876 ], [ 120.166961820205287, -4.019023573066612 ], [ 120.168057764851909, -4.018324609948147 ], [ 120.168740484467847, -4.018261882459506 ], [ 120.169450153542286, -4.018342532086872 ], [ 120.171516278695762, -4.019901756648281 ], [ 120.17281883585774, -4.020036172419151 ], [ 120.175630562697052, -4.020636562591793 ], [ 120.176924136706177, -4.021254874396931 ], [ 120.177570923710746, -4.021048770514001 ], [ 120.178936362942608, -4.019328249110256 ], [ 120.179933492907978, -4.018521753452468 ], [ 120.180535364148326, -4.017697334844658 ], [ 120.183589636114348, -4.012410282670928 ], [ 120.187712903268462, -4.007920742006553 ], [ 120.192267361758951, -3.999918365905648 ], [ 120.193444154781147, -3.997319593130094 ], [ 120.196983517000575, -3.988779430130758 ], [ 120.198456754066513, -3.982757352060247 ], [ 120.198582518206294, -3.981475862496187 ], [ 120.198564551900617, -3.978043611391185 ], [ 120.199507782948942, -3.973670383003153 ], [ 120.199947957438155, -3.970211214615221 ] ] } },
{ "type": "Feature", "properties": { "FID": 6, "OBJECTID": 1265, "NAMOBJ": "Unit Distribusi", "STSJRN": 1, "WADMPR": "Provinsi Sulawesi Selatan", "WADMKK": "Kabupaten Wajo", "REMARK": "Tidak Ada", "SBDATA": "Analisis Tim Penyusun, 2022", "SHAPE_Leng": 0.023249755915499999 }, "geometry": { "type": "LineString", "coordinates": [ [ 120.414375815757481, -3.699016714525244 ], [ 120.415543625626839, -3.697806514505755 ], [ 120.416064648491641, -3.696291521041789 ], [ 120.416909064858686, -3.695018565952935 ], [ 120.418984173165015, -3.69301052040989 ], [ 120.419738758003689, -3.690832144438646 ], [ 120.419639943322437, -3.688949592999387 ], [ 120.420915551025871, -3.688886841216052 ], [ 120.422810996275373, -3.686896710932071 ], [ 120.426062897603899, -3.684969328258026 ], [ 120.428524281482382, -3.683364666939238 ], [ 120.428874624443182, -3.682979189208172 ] ] } },
{ "type": "Feature", "properties": { "FID": 7, "OBJECTID": 1266, "NAMOBJ": "Unit Distribusi", "STSJRN": 1, "WADMPR": "Provinsi Sulawesi Selatan", "WADMKK": "Kabupaten Wajo", "REMARK": "Tidak Ada", "SBDATA": "Analisis Tim Penyusun, 2022", "SHAPE_Leng": 0.0092424912064400008 }, "geometry": { "type": "LineString", "coordinates": [ [ 120.417546868710431, -3.702100475991945 ], [ 120.418283487243414, -3.70053170333141 ], [ 120.41903807208206, -3.699698011586989 ], [ 120.421490472807704, -3.699025678963667 ], [ 120.423143372930497, -3.697905123458059 ], [ 120.423152356083335, -3.697510687583032 ], [ 120.424275250188487, -3.696605277297136 ] ] } },
{ "type": "Feature", "properties": { "FID": 8, "OBJECTID": 1267, "NAMOBJ": "Unit Distribusi", "STSJRN": 1, "WADMPR": "Provinsi Sulawesi Selatan", "WADMKK": "Kabupaten Wajo", "REMARK": "Tidak Ada", "SBDATA": "Analisis Tim Penyusun, 2022", "SHAPE_Leng": 0.0107885783789 }, "geometry": { "type": "LineString", "coordinates": [ [ 120.420367578702582, -3.702306657335001 ], [ 120.421211995069626, -3.702530767436042 ], [ 120.422316922869101, -3.702530767436042 ], [ 120.423385918057207, -3.702476981016966 ], [ 120.423897957769171, -3.702234942090687 ], [ 120.424050671367468, -3.701804650502838 ], [ 120.42398778929757, -3.701275750139677 ], [ 120.424409997481106, -3.700988888793651 ], [ 120.424158469201558, -3.700325521575162 ], [ 120.424508812162358, -3.699160145529139 ], [ 120.424167452354396, -3.698837425737731 ], [ 120.424634576302125, -3.697914087907725 ], [ 120.425011868721469, -3.697492758675452 ], [ 120.426287476424918, -3.696632170685287 ] ] } },
{ "type": "Feature", "properties": { "FID": 9, "OBJECTID": 1268, "NAMOBJ": "Unit Distribusi", "STSJRN": 1, "WADMPR": "Provinsi Sulawesi Selatan", "WADMKK": "Kabupaten Wajo", "REMARK": "Tidak Ada", "SBDATA": "Analisis Tim Penyusun, 2022", "SHAPE_Leng": 0.006452963264 }, "geometry": { "type": "LineString", "coordinates": [ [ 120.398421736311519, -3.666412453847324 ], [ 120.401269395762185, -3.66574009608371 ], [ 120.404790791675936, -3.665695272214829 ] ] } },
{ "type": "Feature", "properties": { "FID": 10, "OBJECTID": 1269, "NAMOBJ": "Unit Distribusi", "STSJRN": 1, "WADMPR": "Provinsi Sulawesi Selatan", "WADMKK": "Kabupaten Wajo", "REMARK": "Tidak Ada", "SBDATA": "Analisis Tim Penyusun, 2022", "SHAPE_Leng": 0.0074996572056100002 }, "geometry": { "type": "LineString", "coordinates": [ [ 120.39241200706077, -3.669308068837513 ], [ 120.393184558205121, -3.668348841381428 ], [ 120.394082873489225, -3.666663467282802 ], [ 120.397020364468304, -3.66673518539428 ], [ 120.398394786853004, -3.666439348147352 ] ] } },
{ "type": "Feature", "properties": { "FID": 11, "OBJECTID": 1270, "NAMOBJ": "Unit Distribusi", "STSJRN": 1, "WADMPR": "Provinsi Sulawesi Selatan", "WADMKK": "Kabupaten Wajo", "REMARK": "Tidak Ada", "SBDATA": "Analisis Tim Penyusun, 2022", "SHAPE_Leng": 0.0032552919305100002 }, "geometry": { "type": "LineString", "coordinates": [ [ 120.417016862692805, -3.699805584759382 ], [ 120.418022975810999, -3.696712850844844 ] ] } },
{ "type": "Feature", "properties": { "FID": 12, "OBJECTID": 1271, "NAMOBJ": "Unit Distribusi", "STSJRN": 1, "WADMPR": "Provinsi Sulawesi Selatan", "WADMKK": "Kabupaten Wajo", "REMARK": "Tidak Ada", "SBDATA": "Analisis Tim Penyusun, 2022", "SHAPE_Leng": 0.0024982795516099998 }, "geometry": { "type": "LineString", "coordinates": [ [ 120.414771074482516, -3.6987208880064 ], [ 120.417016862692805, -3.699805584759382 ] ] } },
{ "type": "Feature", "properties": { "FID": 13, "OBJECTID": 1272, "NAMOBJ": "Unit Distribusi", "STSJRN": 1, "WADMPR": "Provinsi Sulawesi Selatan", "WADMKK": "Kabupaten Wajo", "REMARK": "Tidak Ada", "SBDATA": "Analisis Tim Penyusun, 2022", "SHAPE_Leng": 0.0020413241938900002 }, "geometry": { "type": "LineString", "coordinates": [ [ 120.415893968587653, -3.696954891279476 ], [ 120.417834329601334, -3.697582403209727 ] ] } },
{ "type": "Feature", "properties": { "FID": 14, "OBJECTID": 1273, "NAMOBJ": "Unit Distribusi", "STSJRN": 1, "WADMPR": "Provinsi Sulawesi Selatan", "WADMKK": "Kabupaten Wajo", "REMARK": "Tidak Ada", "SBDATA": "Analisis Tim Penyusun, 2022", "SHAPE_Leng": 0.00096476869856300005 }, "geometry": { "type": "LineString", "coordinates": [ [ 120.417367205653605, -3.700182090759905 ], [ 120.418265520937737, -3.70053170333141 ] ] } },
{ "type": "Feature", "properties": { "FID": 15, "OBJECTID": 1274, "NAMOBJ": "Unit Distribusi", "STSJRN": 1, "WADMPR": "Provinsi Sulawesi Selatan", "WADMKK": "Kabupaten Wajo", "REMARK": "Tidak Ada", "SBDATA": "Analisis Tim Penyusun, 2022", "SHAPE_Leng": 0.0013267423128399999 }, "geometry": { "type": "LineString", "coordinates": [ [ 120.417978060046792, -3.698873283498136 ], [ 120.419020105776383, -3.699706976018521 ] ] } },
{ "type": "Feature", "properties": { "FID": 16, "OBJECTID": 1275, "NAMOBJ": "Unit Distribusi", "STSJRN": 1, "WADMPR": "Provinsi Sulawesi Selatan", "WADMKK": "Kabupaten Wajo", "REMARK": "Tidak Ada", "SBDATA": "Analisis Tim Penyusun, 2022", "SHAPE_Leng": 0.00156723138505 }, "geometry": { "type": "LineString", "coordinates": [ [ 120.419990286283223, -3.699438043033125 ], [ 120.419891471601986, -3.697878230108518 ] ] } },
{ "type": "Feature", "properties": { "FID": 17, "OBJECTID": 1276, "NAMOBJ": "Unit Distribusi", "STSJRN": 1, "WADMPR": "Provinsi Sulawesi Selatan", "WADMKK": "Kabupaten Wajo", "REMARK": "Tidak Ada", "SBDATA": "Analisis Tim Penyusun, 2022", "SHAPE_Leng": 0.0016411765161100001 }, "geometry": { "type": "LineString", "coordinates": [ [ 120.419891471601986, -3.697842372307862 ], [ 120.419981303130385, -3.696201876377017 ] ] } },
{ "type": "Feature", "properties": { "FID": 18, "OBJECTID": 1277, "NAMOBJ": "Unit Distribusi", "STSJRN": 1, "WADMPR": "Provinsi Sulawesi Selatan", "WADMKK": "Kabupaten Wajo", "REMARK": "Tidak Ada", "SBDATA": "Analisis Tim Penyusun, 2022", "SHAPE_Leng": 0.00077079357566099997 }, "geometry": { "type": "LineString", "coordinates": [ [ 120.421876748379887, -3.697932016806784 ], [ 120.4219665799083, -3.69869399468161 ] ] } },
{ "type": "Feature", "properties": { "FID": 19, "OBJECTID": 1278, "NAMOBJ": "Unit Distribusi", "STSJRN": 1, "WADMPR": "Provinsi Sulawesi Selatan", "WADMKK": "Kabupaten Wajo", "REMARK": "Tidak Ada", "SBDATA": "Analisis Tim Penyusun, 2022", "SHAPE_Leng": 0.00362533828234 }, "geometry": { "type": "LineString", "coordinates": [ [ 120.418840442719556, -3.702710055476033 ], [ 120.419972319977546, -3.700926137861825 ], [ 120.421463523349175, -3.700684098511708 ] ] } },
{ "type": "Feature", "properties": { "FID": 20, "OBJECTID": 1279, "NAMOBJ": "Unit Distribusi", "STSJRN": 1, "WADMPR": "Provinsi Sulawesi Selatan", "WADMKK": "Kabupaten Wajo", "REMARK": "Tidak Ada", "SBDATA": "Analisis Tim Penyusun, 2022", "SHAPE_Leng": 0.0016826034557900001 }, "geometry": { "type": "LineString", "coordinates": [ [ 120.420394528161097, -3.702306657335001 ], [ 120.421032332012814, -3.700746849460681 ] ] } },
{ "type": "Feature", "properties": { "FID": 21, "OBJECTID": 1280, "NAMOBJ": "Unit Distribusi", "STSJRN": 1, "WADMPR": "Provinsi Sulawesi Selatan", "WADMKK": "Kabupaten Wajo", "REMARK": "Tidak Ada", "SBDATA": "Analisis Tim Penyusun, 2022", "SHAPE_Leng": 0.028069265279299999 }, "geometry": { "type": "LineString", "coordinates": [ [ 120.415804137059226, -3.700836493665789 ], [ 120.415058535373419, -3.701508824914912 ], [ 120.414977686997858, -3.704009892680073 ], [ 120.415085484831948, -3.704852544744184 ], [ 120.411168830193176, -3.704493969495827 ], [ 120.410584925258505, -3.704296753047297 ], [ 120.410333396978956, -3.703956106350867 ], [ 120.410117801310747, -3.703893355629329 ], [ 120.40974949204427, -3.704153322875307 ], [ 120.409030839816992, -3.704027821455748 ], [ 120.408518800105028, -3.704834615985218 ], [ 120.407216242943051, -3.70405471461858 ], [ 120.40586877001688, -3.70403678584345 ], [ 120.405338763999239, -3.703588566347148 ], [ 120.404000274225908, -3.703588566347148 ], [ 120.403739762793521, -3.703328598935295 ], [ 120.40296721164917, -3.703059667049588 ], [ 120.402787548592343, -3.702620411460576 ], [ 120.401062783246829, -3.702369408169011 ], [ 120.399939889141706, -3.70144607401992 ], [ 120.399149371691664, -3.701230928060485 ], [ 120.398619365674023, -3.700728920618572 ], [ 120.397990544975158, -3.700657205246501 ], [ 120.39650832475634, -3.699402185295572 ], [ 120.396041200808611, -3.69838023916542 ], [ 120.395924419821668, -3.697645154378324 ], [ 120.396122049184171, -3.697268647300114 ] ] } },
{ "type": "Feature", "properties": { "FID": 22, "OBJECTID": 1281, "NAMOBJ": "Unit Distribusi", "STSJRN": 1, "WADMPR": "Provinsi Sulawesi Selatan", "WADMKK": "Kabupaten Wajo", "REMARK": "Tidak Ada", "SBDATA": "Analisis Tim Penyusun, 2022", "SHAPE_Leng": 0.0127338134722 }, "geometry": { "type": "LineString", "coordinates": [ [ 120.406255045589049, -3.694740667063869 ], [ 120.404602145466271, -3.696811459918779 ], [ 120.403703830182153, -3.696345307836303 ], [ 120.402958228496317, -3.696820424379504 ], [ 120.40258991922984, -3.696569419444999 ], [ 120.402221609963362, -3.696668028534884 ], [ 120.400739389744544, -3.695753652917249 ], [ 120.400487861464995, -3.695439896360648 ], [ 120.399661411403599, -3.695108210737292 ], [ 120.399616495639393, -3.695269571326306 ], [ 120.399023607551896, -3.69545782530973 ], [ 120.397756983001287, -3.696363236767083 ], [ 120.396445442686456, -3.696874211141939 ], [ 120.396122049184171, -3.697232789474803 ] ] } },
{ "type": "Feature", "properties": { "FID": 23, "OBJECTID": 1282, "NAMOBJ": "Unit Distribusi", "STSJRN": 1, "WADMPR": "Provinsi Sulawesi Selatan", "WADMKK": "Kabupaten Wajo", "REMARK": "Tidak Ada", "SBDATA": "Analisis Tim Penyusun, 2022", "SHAPE_Leng": 0.0053470828260899998 }, "geometry": { "type": "LineString", "coordinates": [ [ 120.415085484831948, -3.704852544744184 ], [ 120.416657536579152, -3.704538791409818 ], [ 120.416882115400171, -3.702683162272349 ], [ 120.415022602762065, -3.702441123402433 ] ] } },
{ "type": "Feature", "properties": { "FID": 24, "OBJECTID": 1283, "NAMOBJ": "Unit Distribusi", "STSJRN": 1, "WADMPR": "Provinsi Sulawesi Selatan", "WADMKK": "Kabupaten Wajo", "REMARK": "Tidak Ada", "SBDATA": "Analisis Tim Penyusun, 2022", "SHAPE_Leng": 0.019860922634100001 }, "geometry": { "type": "LineString", "coordinates": [ [ 120.363055063575743, -3.753877371503826 ], [ 120.362489124946762, -3.753716021658977 ], [ 120.36196810208196, -3.753267827489097 ], [ 120.360917073199531, -3.752980983099671 ], [ 120.360575713391569, -3.752712066399031 ], [ 120.359246206771076, -3.751304734315537 ], [ 120.35684770496249, -3.747486102087139 ], [ 120.355464299424924, -3.743981192576242 ], [ 120.35488937764309, -3.743317857739096 ], [ 120.354197674874314, -3.741829834520021 ], [ 120.353667668856701, -3.739579866901149 ], [ 120.353730550926585, -3.738450398907164 ], [ 120.353416140577153, -3.737670527300324 ] ] } },
{ "type": "Feature", "properties": { "FID": 25, "OBJECTID": 1284, "NAMOBJ": "Jaringan Air Baku", "STSJRN": 1, "WADMPR": "Provinsi Sulawesi Selatan", "WADMKK": "Kabupaten Wajo", "REMARK": "Tidak Ada", "SBDATA": "Analisis Tim Penyusun, 2022", "SHAPE_Leng": 0.00049867728619400003 }, "geometry": { "type": "LineString", "coordinates": [ [ 120.353245460673151, -3.738190441781944 ], [ 120.353146645991899, -3.738253190060604 ], [ 120.352966982935072, -3.737921520536829 ] ] } },
{ "type": "Feature", "properties": { "FID": 26, "OBJECTID": 1285, "NAMOBJ": "Unit Distribusi", "STSJRN": 1, "WADMPR": "Provinsi Sulawesi Selatan", "WADMKK": "Kabupaten Wajo", "REMARK": "Tidak Ada", "SBDATA": "Analisis Tim Penyusun, 2022", "SHAPE_Leng": 0.0138178104866 }, "geometry": { "type": "LineString", "coordinates": [ [ 120.360557747085892, -3.75703265136518 ], [ 120.364824744685464, -3.762267522324916 ], [ 120.36681900461619, -3.763872039833982 ], [ 120.368606652031602, -3.766292256182502 ], [ 120.369756495595269, -3.767233449611924 ] ] } },
{ "type": "Feature", "properties": { "FID": 27, "OBJECTID": 1286, "NAMOBJ": "Unit Distribusi", "STSJRN": 1, "WADMPR": "Provinsi Sulawesi Selatan", "WADMKK": "Kabupaten Wajo", "REMARK": "Tidak Ada", "SBDATA": "Analisis Tim Penyusun, 2022", "SHAPE_Leng": 0.0030554304298499998 }, "geometry": { "type": "LineString", "coordinates": [ [ 120.362552007016646, -3.754935108637242 ], [ 120.36433965443203, -3.757418096702724 ] ] } },
{ "type": "Feature", "properties": { "FID": 28, "OBJECTID": 1287, "NAMOBJ": "Unit Distribusi", "STSJRN": 1, "WADMPR": "Provinsi Sulawesi Selatan", "WADMKK": "Kabupaten Wajo", "REMARK": "Tidak Ada", "SBDATA": "Analisis Tim Penyusun, 2022", "SHAPE_Leng": 0.00182846160409 }, "geometry": { "type": "LineString", "coordinates": [ [ 120.361779455872295, -3.755974916773487 ], [ 120.36229149558423, -3.756476892671763 ], [ 120.363153878256995, -3.755768748017339 ] ] } },
{ "type": "Feature", "properties": { "FID": 29, "OBJECTID": 1288, "NAMOBJ": "Unit Distribusi", "STSJRN": 1, "WADMPR": "Provinsi Sulawesi Selatan", "WADMKK": "Kabupaten Wajo", "REMARK": "Tidak Ada", "SBDATA": "Analisis Tim Penyusun, 2022", "SHAPE_Leng": 0.0021071628824800002 }, "geometry": { "type": "LineString", "coordinates": [ [ 120.361285382466008, -3.757937999446396 ], [ 120.362013017846152, -3.7574091328596 ], [ 120.361258433007492, -3.756476892671763 ] ] } },
{ "type": "Feature", "properties": { "FID": 30, "OBJECTID": 1289, "NAMOBJ": "Unit Distribusi", "STSJRN": 1, "WADMPR": "Provinsi Sulawesi Selatan", "WADMKK": "Kabupaten Wajo", "REMARK": "Tidak Ada", "SBDATA": "Analisis Tim Penyusun, 2022", "SHAPE_Leng": 0.011719326380899999 }, "geometry": { "type": "LineString", "coordinates": [ [ 120.351745274148669, -3.761666947972107 ], [ 120.354503102070908, -3.762590218821131 ], [ 120.355212771145375, -3.762581255031184 ], [ 120.356632109294281, -3.761415961552778 ], [ 120.357934666456245, -3.761622128973957 ], [ 120.358788065976171, -3.761335287331213 ], [ 120.362138781985934, -3.759085369922074 ] ] } },
{ "type": "Feature", "properties": { "FID": 31, "OBJECTID": 1290, "NAMOBJ": "Unit Distribusi", "STSJRN": 1, "WADMPR": "Provinsi Sulawesi Selatan", "WADMKK": "Kabupaten Wajo", "REMARK": "Tidak Ada", "SBDATA": "Analisis Tim Penyusun, 2022", "SHAPE_Leng": 0.0013426555636600001 }, "geometry": { "type": "LineString", "coordinates": [ [ 120.360503848168847, -3.760178956001579 ], [ 120.359749263330173, -3.75906744227 ] ] } },
{ "type": "Feature", "properties": { "FID": 32, "OBJECTID": 1291, "NAMOBJ": "Unit Distribusi", "STSJRN": 1, "WADMPR": "Provinsi Sulawesi Selatan", "WADMKK": "Kabupaten Wajo", "REMARK": "Tidak Ada", "SBDATA": "Analisis Tim Penyusun, 2022", "SHAPE_Leng": 0.0023077312498700001 }, "geometry": { "type": "LineString", "coordinates": [ [ 120.358204161041499, -3.761532490970742 ], [ 120.356973469102257, -3.759578380209676 ] ] } },
{ "type": "Feature", "properties": { "FID": 33, "OBJECTID": 1292, "NAMOBJ": "Unit Distribusi", "STSJRN": 1, "WADMPR": "Provinsi Sulawesi Selatan", "WADMKK": "Kabupaten Wajo", "REMARK": "Tidak Ada", "SBDATA": "Analisis Tim Penyusun, 2022", "SHAPE_Leng": 0.0026217778316500002 }, "geometry": { "type": "LineString", "coordinates": [ [ 120.357548390884077, -3.760501653271132 ], [ 120.359749263330173, -3.75906744227 ] ] } },
{ "type": "Feature", "properties": { "FID": 34, "OBJECTID": 1293, "NAMOBJ": "Unit Distribusi", "STSJRN": 1, "WADMPR": "Provinsi Sulawesi Selatan", "WADMKK": "Kabupaten Wajo", "REMARK": "Tidak Ada", "SBDATA": "Analisis Tim Penyusun, 2022", "SHAPE_Leng": 0.0044552195333799997 }, "geometry": { "type": "LineString", "coordinates": [ [ 120.357566357189768, -3.760510617082471 ], [ 120.355877524455636, -3.761631092773772 ], [ 120.354431236848185, -3.761595237573961 ], [ 120.353721567773746, -3.762285449911176 ] ] } },
{ "type": "Feature", "properties": { "FID": 35, "OBJECTID": 1294, "NAMOBJ": "Unit Distribusi", "STSJRN": 1, "WADMPR": "Provinsi Sulawesi Selatan", "WADMKK": "Kabupaten Wajo", "REMARK": "Tidak Ada", "SBDATA": "Analisis Tim Penyusun, 2022", "SHAPE_Leng": 0.0043697530959900003 }, "geometry": { "type": "LineString", "coordinates": [ [ 120.354530051529437, -3.756306579452925 ], [ 120.355536164647646, -3.75803660165593 ], [ 120.356542277765868, -3.758323444383926 ], [ 120.357476525661355, -3.759228791125399 ] ] } },
{ "type": "Feature", "properties": { "FID": 36, "OBJECTID": 1295, "NAMOBJ": "Unit Distribusi", "STSJRN": 1, "WADMPR": "Provinsi Sulawesi Selatan", "WADMKK": "Kabupaten Wajo", "REMARK": "Tidak Ada", "SBDATA": "Analisis Tim Penyusun, 2022", "SHAPE_Leng": 0.15346228299799999 }, "geometry": { "type": "LineString", "coordinates": [ [ 120.199947957438155, -3.970202253020256 ], [ 120.199319136739277, -3.97008575227687 ], [ 120.195959437576676, -3.970981911418179 ], [ 120.195052139139705, -3.970650332649286 ], [ 120.193830430353302, -3.969816904344772 ], [ 120.192456007968602, -3.969243361797041 ], [ 120.189653264282143, -3.968607087567041 ], [ 120.188745965845172, -3.968176930063394 ], [ 120.184856260664944, -3.967047765550513 ], [ 120.182017584367117, -3.967361422514465 ], [ 120.180697060899462, -3.96781846530589 ], [ 120.180059257047759, -3.967791580442805 ], [ 120.179035177623859, -3.967325576010326 ], [ 120.178056013964166, -3.966536952525781 ], [ 120.175540731168638, -3.963391412731383 ], [ 120.171300683027582, -3.960218975862824 ], [ 120.170186772075283, -3.959761928870886 ], [ 120.169782530197438, -3.958525212215673 ], [ 120.169468119847977, -3.958399748103958 ], [ 120.16463518361941, -3.958650676308377 ], [ 120.15989207891927, -3.96003974177842 ], [ 120.158598504910145, -3.961410881536709 ], [ 120.158041549433975, -3.96167973220328 ], [ 120.154645917660005, -3.961670770515801 ], [ 120.153801501292946, -3.961285417862412 ], [ 120.152795388174724, -3.960335477996873 ], [ 120.151349100567273, -3.960434056712873 ], [ 120.150450785283184, -3.960156243937698 ], [ 120.147791772042169, -3.958865757565922 ], [ 120.146489214880205, -3.958570020822394 ], [ 120.144881230521634, -3.957709695149718 ], [ 120.143291212468725, -3.957396034525891 ], [ 120.141826958555626, -3.957593192646164 ], [ 120.139446423052703, -3.956105543852483 ], [ 120.13800911859812, -3.95463581591507 ], [ 120.136571814143508, -3.953497671148469 ], [ 120.135942993444644, -3.95256564592394 ], [ 120.134146362876393, -3.951741161198239 ], [ 120.133068384535449, -3.950558203421133 ], [ 120.131020225687678, -3.949760602149671 ], [ 120.128082734708599, -3.948918190985573 ], [ 120.124669136628938, -3.948694145319263 ], [ 120.123842686567542, -3.948479061422711 ], [ 120.122315550584545, -3.94770834366911 ], [ 120.120635701003238, -3.947161671340394 ], [ 120.119854166706062, -3.946247562708034 ], [ 120.119476874286718, -3.945360338661574 ], [ 120.118632457919674, -3.94491224534868 ], [ 120.117734142635541, -3.945136292035337 ], [ 120.116386669709371, -3.946749426395463 ], [ 120.115326657674103, -3.947063091046096 ], [ 120.114877500032037, -3.947045167354964 ], [ 120.113763589079724, -3.946337181245888 ], [ 120.111850177524559, -3.947072052891514 ], [ 120.109909816510864, -3.946910739659156 ], [ 120.108265899540925, -3.946005592607529 ], [ 120.106693847793707, -3.946265486416379 ], [ 120.105490105312981, -3.946830083031226 ], [ 120.104510941653288, -3.948631412521859 ], [ 120.104133649233972, -3.94895403828657 ], [ 120.103792289426011, -3.949016771059591 ], [ 120.101663282202651, -3.948927152810967 ], [ 120.101169208796364, -3.948658298007041 ], [ 120.100926663669668, -3.94817435914053 ], [ 120.101330905547499, -3.946256524562255 ], [ 120.10113327618501, -3.945808431732774 ], [ 120.100414623957718, -3.945557499642681 ], [ 120.099749870647472, -3.945682965697203 ], [ 120.098896471127546, -3.946122096738793 ], [ 120.096147626358146, -3.948048893462419 ], [ 120.094225231650128, -3.948550756061087 ], [ 120.08603259625896, -3.948568679719713 ], [ 120.081118811654832, -3.94817435914053 ], [ 120.079627608283175, -3.947771076536267 ], [ 120.078405899496786, -3.947027243663447 ], [ 120.076267909120574, -3.94691970150622 ], [ 120.073276519224478, -3.94770834366911 ], [ 120.071102596236898, -3.949276663925875 ], [ 120.069844954839141, -3.949841258492865 ], [ 120.065892367589001, -3.950737439556399 ] ] } },
{ "type": "Feature", "properties": { "FID": 37, "OBJECTID": 1296, "NAMOBJ": "Unit Distribusi", "STSJRN": 1, "WADMPR": "Provinsi Sulawesi Selatan", "WADMKK": "Kabupaten Wajo", "REMARK": "Tidak Ada", "SBDATA": "Analisis Tim Penyusun, 2022", "SHAPE_Leng": 0.12135989752699999 }, "geometry": { "type": "LineString", "coordinates": [ [ 120.025746657541703, -4.062662772031946 ], [ 120.026573107603099, -4.058585697995233 ], [ 120.035942536016464, -4.031416627241894 ], [ 120.038808161772792, -4.023486169618596 ], [ 120.039526814000098, -4.022150977629793 ], [ 120.0408383543149, -4.020466302737006 ], [ 120.040658691258088, -4.018996689880826 ], [ 120.044099238796264, -4.010644937288085 ], [ 120.0516271208772, -3.993403495839482 ], [ 120.055274280930718, -3.982631891631598 ], [ 120.057645833280787, -3.977084729283871 ], [ 120.058427367577977, -3.975901807763871 ], [ 120.059676025822895, -3.974485884318663 ], [ 120.060430610661541, -3.972559149143493 ], [ 120.061670285753621, -3.970623447878403 ], [ 120.062847078775818, -3.968472663371219 ], [ 120.062883011387214, -3.968185891680339 ], [ 120.064832355553733, -3.96507620476515 ], [ 120.065595923545246, -3.964162115896275 ], [ 120.068075273729406, -3.957978547018447 ], [ 120.068138155799289, -3.957324340652336 ], [ 120.067203907903803, -3.955603685825488 ], [ 120.065901350741839, -3.95076432497335 ] ] } },
{ "type": "Feature", "properties": { "FID": 38, "OBJECTID": 1297, "NAMOBJ": "Jaringan Produksi", "STSJRN": 1, "WADMPR": "Provinsi Sulawesi Selatan", "WADMKK": "Kabupaten Wajo", "REMARK": "Tidak Ada", "SBDATA": "Analisis Tim Penyusun, 2022", "SHAPE_Leng": 0.0021915141433199998 }, "geometry": { "type": "LineString", "coordinates": [ [ 120.033355387998199, -4.13884200050245 ], [ 120.034963372356771, -4.138949517201562 ], [ 120.0354304963045, -4.139272067211298 ] ] } },
{ "type": "Feature", "properties": { "FID": 39, "OBJECTID": 1298, "NAMOBJ": "Unit Distribusi", "STSJRN": 1, "WADMPR": "Provinsi Sulawesi Selatan", "WADMKK": "Kabupaten Wajo", "REMARK": "Tidak Ada", "SBDATA": "Analisis Tim Penyusun, 2022", "SHAPE_Leng": 0.00037995416342899999 }, "geometry": { "type": "LineString", "coordinates": [ [ 120.031010785106631, -4.141807664099006 ], [ 120.031046717717999, -4.141673268708139 ], [ 120.031280279691885, -4.141718067174298 ] ] } },
{ "type": "Feature", "properties": { "FID": 40, "OBJECTID": 1299, "NAMOBJ": "Jaringan Air Baku", "STSJRN": 1, "WADMPR": "Provinsi Sulawesi Selatan", "WADMKK": "Kabupaten Wajo", "REMARK": "Tidak Ada", "SBDATA": "Analisis Tim Penyusun, 2022", "SHAPE_Leng": 0.0002896072524 }, "geometry": { "type": "LineString", "coordinates": [ [ 120.030705357910037, -4.141628470239445 ], [ 120.030938919883894, -4.141798704406992 ] ] } },
{ "type": "Feature", "properties": { "FID": 41, "OBJECTID": 1300, "NAMOBJ": "Unit Distribusi", "STSJRN": 1, "WADMPR": "Provinsi Sulawesi Selatan", "WADMKK": "Kabupaten Wajo", "REMARK": "Tidak Ada", "SBDATA": "Analisis Tim Penyusun, 2022", "SHAPE_Leng": 0.0031370418850400002 }, "geometry": { "type": "LineString", "coordinates": [ [ 120.034981338662448, -4.138465691940589 ], [ 120.035331681623248, -4.138653846243874 ], [ 120.035547277291428, -4.138295457056235 ], [ 120.034702860924384, -4.137668275587588 ], [ 120.034262686435142, -4.137596597673832 ], [ 120.033517084749349, -4.137847470343598 ] ] } },
{ "type": "Feature", "properties": { "FID": 42, "OBJECTID": 1301, "NAMOBJ": "Unit Distribusi", "STSJRN": 1, "WADMPR": "Provinsi Sulawesi Selatan", "WADMKK": "Kabupaten Wajo", "REMARK": "Tidak Ada", "SBDATA": "Analisis Tim Penyusun, 2022", "SHAPE_Leng": 0.00036040587122599998 }, "geometry": { "type": "LineString", "coordinates": [ [ 120.035708974042592, -4.138761362968536 ], [ 120.0354304963045, -4.138537369775683 ] ] } },
{ "type": "Feature", "properties": { "FID": 43, "OBJECTID": 1302, "NAMOBJ": "Unit Distribusi", "STSJRN": 1, "WADMPR": "Provinsi Sulawesi Selatan", "WADMKK": "Kabupaten Wajo", "REMARK": "Tidak Ada", "SBDATA": "Analisis Tim Penyusun, 2022", "SHAPE_Leng": 0.00202511826228 }, "geometry": { "type": "LineString", "coordinates": [ [ 120.033517084749349, -4.137847470343598 ], [ 120.033669798347645, -4.136655824454532 ], [ 120.032870297744765, -4.136593106200186 ] ] } },
{ "type": "Feature", "properties": { "FID": 44, "OBJECTID": 1303, "NAMOBJ": "Unit Distribusi", "STSJRN": 1, "WADMPR": "Provinsi Sulawesi Selatan", "WADMKK": "Kabupaten Wajo", "REMARK": "Tidak Ada", "SBDATA": "Analisis Tim Penyusun, 2022", "SHAPE_Leng": 0.115155173539 }, "geometry": { "type": "LineString", "coordinates": [ [ 120.03846680196483, -4.179571861738478 ], [ 120.038619515563127, -4.180091498784329 ], [ 120.038987824829604, -4.180602176235186 ], [ 120.042383456603588, -4.183639356304956 ], [ 120.043668047459889, -4.184320256415766 ], [ 120.064841338706572, -4.188602746169813 ], [ 120.065892367589001, -4.188423562967821 ], [ 120.067114076375404, -4.187894972282864 ], [ 120.070267163022663, -4.186371912380507 ], [ 120.071102596236898, -4.185744769206353 ], [ 120.07496535195861, -4.18395292879794 ], [ 120.075872650395567, -4.183728948458618 ], [ 120.079834220798531, -4.184929482328903 ], [ 120.08344544824071, -4.186327116456158 ], [ 120.08579005113225, -4.187025932584044 ], [ 120.090892481946042, -4.189140295529545 ], [ 120.092338769553464, -4.190439371623771 ], [ 120.094943883877434, -4.193288372328522 ], [ 120.097818492786601, -4.195510227305077 ], [ 120.100549371250338, -4.198404004753095 ], [ 120.101959726246406, -4.199335745053982 ], [ 120.102354984971399, -4.199765778663797 ], [ 120.102723294237904, -4.200222689114534 ], [ 120.102920923600408, -4.200796066556467 ], [ 120.103621609522008, -4.204021306812903 ], [ 120.104160598692502, -4.205400988847782 ], [ 120.105220610727756, -4.206601489410056 ], [ 120.108742006641506, -4.211466185431349 ], [ 120.109766086065406, -4.21240686899912 ], [ 120.11297307162971, -4.214539080874361 ], [ 120.116305821333796, -4.216501068988938 ], [ 120.125163210035197, -4.219645614950085 ], [ 120.12909783097966, -4.222261580805476 ], [ 120.134451790073015, -4.224125003160816 ] ] } },
{ "type": "Feature", "properties": { "FID": 45, "OBJECTID": 1304, "NAMOBJ": "Unit Distribusi", "STSJRN": 1, "WADMPR": "Provinsi Sulawesi Selatan", "WADMKK": "Kabupaten Wajo", "REMARK": "Tidak Ada", "SBDATA": "Analisis Tim Penyusun, 2022", "SHAPE_Leng": 0.0816999912789 }, "geometry": { "type": "LineString", "coordinates": [ [ 119.934352060535375, -3.998099225827882 ], [ 119.930956428761405, -4.003753781010631 ], [ 119.929689804210796, -4.00716800223612 ], [ 119.928530977494276, -4.009739860257551 ], [ 119.927641645362996, -4.011343906982111 ], [ 119.926761296384583, -4.012562621941408 ], [ 119.926392987118078, -4.013584190432815 ], [ 119.925216194095881, -4.014731213180789 ], [ 119.924829918523713, -4.015528751485393 ], [ 119.9247400869953, -4.017079020342014 ], [ 119.924434659798706, -4.018064738892371 ], [ 119.924299912506072, -4.019543314484287 ], [ 119.924470592410074, -4.020457341691032 ], [ 119.925063480497585, -4.021855263671881 ], [ 119.925153312025998, -4.02337863745891 ], [ 119.923617192890163, -4.027437966637204 ], [ 119.922808709134443, -4.029041978546724 ], [ 119.921856494933266, -4.032429211180023 ], [ 119.921515135125318, -4.032402328436905 ], [ 119.921524118278157, -4.03332530210849 ], [ 119.921865478086104, -4.034391649025687 ], [ 119.921685815029292, -4.034714241094624 ], [ 119.920509022007096, -4.035816429696803 ], [ 119.91988918446107, -4.036981342853512 ], [ 119.918954936565584, -4.037456268507007 ], [ 119.916852878800739, -4.039176751566425 ], [ 119.915604220555807, -4.041192938009049 ], [ 119.915487439568878, -4.042761079554742 ], [ 119.915190995525094, -4.043442100081359 ], [ 119.913852505751763, -4.044893747188723 ], [ 119.913232668205737, -4.046282666369156 ], [ 119.912199605628999, -4.046130333414023 ], [ 119.910852132702828, -4.046506685368775 ], [ 119.909908901654489, -4.046542528402965 ], [ 119.906665983478817, -4.045234256627483 ], [ 119.906459370963475, -4.045861510482139 ], [ 119.905453257845267, -4.047295231754493 ], [ 119.905084948578747, -4.048137541818299 ], [ 119.905120881190143, -4.050180588119265 ], [ 119.904896302369096, -4.052976327329437 ], [ 119.904303414281586, -4.05451756404335 ], [ 119.903441031608821, -4.055592843731385 ], [ 119.902596615241748, -4.055987112591858 ], [ 119.899739972638258, -4.058092863474951 ], [ 119.898895556271185, -4.058325839831114 ], [ 119.898123005126834, -4.058146627255415 ], [ 119.897548083345001, -4.059929790612557 ] ] } },
{ "type": "Feature", "properties": { "FID": 46, "OBJECTID": 1305, "NAMOBJ": "Unit Distribusi", "STSJRN": 1, "WADMPR": "Provinsi Sulawesi Selatan", "WADMKK": "Kabupaten Wajo", "REMARK": "Tidak Ada", "SBDATA": "Analisis Tim Penyusun, 2022", "SHAPE_Leng": 0.058123054445899998 }, "geometry": { "type": "LineString", "coordinates": [ [ 119.934361043688213, -3.998108187118949 ], [ 119.936876326483741, -3.997382322225158 ], [ 119.93722666944457, -3.997104521910583 ], [ 119.941888925769149, -3.988851121270652 ], [ 119.94469166945558, -3.984253914269789 ], [ 119.946003209770424, -3.981440016605571 ], [ 119.947611194128982, -3.978868069880915 ], [ 119.949533588837014, -3.974691999908102 ], [ 119.950674449247842, -3.972738380512424 ], [ 119.951797343352993, -3.971483760112313 ], [ 119.956235020856539, -3.967675079359331 ], [ 119.957681308463961, -3.96804250579756 ], [ 119.958238263940103, -3.968338239153516 ], [ 119.960142692342458, -3.97017536823478 ], [ 119.961579996797042, -3.970524870377675 ], [ 119.962747806666385, -3.967226998115924 ], [ 119.964715117138624, -3.967164266722453 ], [ 119.964858847584068, -3.966106793944234 ], [ 119.965712247103994, -3.963023984225502 ], [ 119.966251236274459, -3.959484115870109 ] ] } },
{ "type": "Feature", "properties": { "FID": 47, "OBJECTID": 1306, "NAMOBJ": "Unit Distribusi", "STSJRN": 1, "WADMPR": "Provinsi Sulawesi Selatan", "WADMKK": "Kabupaten Wajo", "REMARK": "Tidak Ada", "SBDATA": "Balai Permukiman dan Prasarana Wilayah (BPPW) Sulawesi Selatan, 2022", "SHAPE_Leng": 0.00018574631803100001 }, "geometry": { "type": "LineString", "coordinates": [ [ 120.048249455408907, -4.169922676825276 ], [ 120.048384202701513, -4.169797245600071 ] ] } },
{ "type": "Feature", "properties": { "FID": 48, "OBJECTID": 1307, "NAMOBJ": "Jaringan Air Baku", "STSJRN": 1, "WADMPR": "Provinsi Sulawesi Selatan", "WADMKK": "Kabupaten Wajo", "REMARK": "Tidak Ada", "SBDATA": "Analisis Tim Penyusun, 2022", "SHAPE_Leng": 0.00026791285804399998 }, "geometry": { "type": "LineString", "coordinates": [ [ 120.048204539644701, -4.169967473686569 ], [ 120.048015893435007, -4.170155620476113 ] ] } },
{ "type": "Feature", "properties": { "FID": 49, "OBJECTID": 1308, "NAMOBJ": "Unit Distribusi", "STSJRN": 1, "WADMPR": "Provinsi Sulawesi Selatan", "WADMKK": "Kabupaten Wajo", "REMARK": "Tidak Ada", "SBDATA": "Analisis Tim Penyusun, 2022", "SHAPE_Leng": 0.0128335479337 }, "geometry": { "type": "LineString", "coordinates": [ [ 120.0344064168806, -4.114981892596525 ], [ 120.028648215909399, -4.114148612648569 ], [ 120.027839732153708, -4.113817092426876 ], [ 120.025378348275197, -4.112105729088372 ], [ 120.02239594153194, -4.111129085536021 ] ] } },
{ "type": "Feature", "properties": { "FID": 50, "OBJECTID": 1309, "NAMOBJ": "Unit Distribusi", "STSJRN": 1, "WADMPR": "Provinsi Sulawesi Selatan", "WADMKK": "Kabupaten Wajo", "REMARK": "Tidak Ada", "SBDATA": "Analisis Tim Penyusun, 2022", "SHAPE_Leng": 0.0079262080057899992 }, "geometry": { "type": "LineString", "coordinates": [ [ 120.039931055877943, -4.1284665704124 ], [ 120.04008376947624, -4.12688067665393 ], [ 120.039823258043853, -4.124882625206592 ], [ 120.039410033013155, -4.1232160851782 ], [ 120.039338167790433, -4.120635629208206 ] ] } },
{ "type": "Feature", "properties": { "FID": 51, "OBJECTID": 1310, "NAMOBJ": "Unit Distribusi", "STSJRN": 1, "WADMPR": "Provinsi Sulawesi Selatan", "WADMKK": "Kabupaten Wajo", "REMARK": "Tidak Ada", "SBDATA": "Analisis Tim Penyusun, 2022", "SHAPE_Leng": 0.00641996787988 }, "geometry": { "type": "LineString", "coordinates": [ [ 120.038170357921075, -4.148285494857273 ], [ 120.039580712917143, -4.142031656366387 ] ] } },
{ "type": "Feature", "properties": { "FID": 52, "OBJECTID": 1311, "NAMOBJ": "Unit Distribusi", "STSJRN": 1, "WADMPR": "Provinsi Sulawesi Selatan", "WADMKK": "Kabupaten Wajo", "REMARK": "Tidak Ada", "SBDATA": "Analisis Tim Penyusun, 2022", "SHAPE_Leng": 0.014142027966 }, "geometry": { "type": "LineString", "coordinates": [ [ 120.052471537244244, -4.144307414207229 ], [ 120.050198799575426, -4.143196415134447 ], [ 120.047979960823653, -4.142363164805734 ], [ 120.047719449391266, -4.142927624801731 ], [ 120.045356880194021, -4.14290970544297 ], [ 120.044844840482085, -4.142649874695304 ], [ 120.042652951188842, -4.142336285748259 ], [ 120.042599052271797, -4.142685713424195 ], [ 120.040550893423998, -4.142363164805734 ], [ 120.039589696069982, -4.142022696676911 ] ] } },
{ "type": "Feature", "properties": { "FID": 53, "OBJECTID": 1312, "NAMOBJ": "Unit Distribusi", "STSJRN": 1, "WADMPR": "Provinsi Sulawesi Selatan", "WADMKK": "Kabupaten Wajo", "REMARK": "Tidak Ada", "SBDATA": "Analisis Tim Penyusun, 2022", "SHAPE_Leng": 0.01018319017 }, "geometry": { "type": "LineString", "coordinates": [ [ 119.931315754875072, -4.003144417194243 ], [ 119.932744076176803, -4.004649903445974 ], [ 119.933498661015477, -4.003269874487636 ], [ 119.933390863181359, -4.003108572249743 ], [ 119.935798348142825, -3.998860935218821 ], [ 119.936400219383174, -3.997543625590427 ] ] } },
{ "type": "Feature", "properties": { "FID": 54, "OBJECTID": 1313, "NAMOBJ": "Unit Distribusi", "STSJRN": 1, "WADMPR": "Provinsi Sulawesi Selatan", "WADMKK": "Kabupaten Wajo", "REMARK": "Tidak Ada", "SBDATA": "Analisis Tim Penyusun, 2022", "SHAPE_Leng": 0.0033679992290800002 }, "geometry": { "type": "LineString", "coordinates": [ [ 119.927758426349925, -4.002884541311059 ], [ 119.931055243442657, -4.003520789016746 ] ] } },
{ "type": "Feature", "properties": { "FID": 55, "OBJECTID": 1314, "NAMOBJ": "Unit Distribusi", "STSJRN": 1, "WADMPR": "Provinsi Sulawesi Selatan", "WADMKK": "Kabupaten Wajo", "REMARK": "Tidak Ada", "SBDATA": "Analisis Tim Penyusun, 2022", "SHAPE_Leng": 0.0073879186383200004 }, "geometry": { "type": "LineString", "coordinates": [ [ 119.939481440807711, -3.979405759755746 ], [ 119.941152307236152, -3.97923549133336 ], [ 119.943919118311257, -3.979289260312652 ], [ 119.946641013622127, -3.980373600645832 ] ] } },
{ "type": "Feature", "properties": { "FID": 56, "OBJECTID": 1315, "NAMOBJ": "Unit Distribusi", "STSJRN": 1, "WADMPR": "Provinsi Sulawesi Selatan", "WADMKK": "Kabupaten Wajo", "REMARK": "Tidak Ada", "SBDATA": "Analisis Tim Penyusun, 2022", "SHAPE_Leng": 0.025125832852 }, "geometry": { "type": "LineString", "coordinates": [ [ 119.956235020856539, -3.967648194491581 ], [ 119.956639262734384, -3.966958149253227 ], [ 119.956603330123016, -3.964771508587826 ], [ 119.957214184516218, -3.962602785493553 ], [ 119.957016555153714, -3.961061375539563 ], [ 119.955687048533221, -3.958883681001528 ], [ 119.951069707972849, -3.958283245697486 ], [ 119.948356795814817, -3.957557345718695 ], [ 119.940658233829907, -3.954483465918797 ] ] } },
{ "type": "Feature", "properties": { "FID": 57, "OBJECTID": 1316, "NAMOBJ": "Unit Distribusi", "STSJRN": 1, "WADMPR": "Provinsi Sulawesi Selatan", "WADMKK": "Kabupaten Wajo", "REMARK": "Tidak Ada", "SBDATA": "Analisis Tim Penyusun, 2022", "SHAPE_Leng": 0.051176503829399998 }, "geometry": { "type": "LineString", "coordinates": [ [ 120.252229906973909, -4.273960925413385 ], [ 120.25162803573356, -4.273190522264873 ], [ 120.25082853513068, -4.272590323926717 ], [ 120.247684431636259, -4.270986806659932 ], [ 120.244728974351517, -4.269239954426626 ], [ 120.243543198176482, -4.268872667040898 ], [ 120.239419931022368, -4.268639752997912 ], [ 120.238557548349604, -4.268039551099909 ], [ 120.237228041729111, -4.266480815621076 ], [ 120.235736838357482, -4.263900832705141 ], [ 120.234479196959725, -4.262091256185956 ], [ 120.234074955081851, -4.260792300117837 ], [ 120.23405698877616, -4.258651257396678 ], [ 120.234604961099492, -4.256823751783602 ], [ 120.234649876863699, -4.255874163820637 ], [ 120.234245634985854, -4.253966025976825 ], [ 120.232583751710223, -4.248967219923708 ], [ 120.232188492985216, -4.247283027072465 ], [ 120.232179509832378, -4.245356950954199 ], [ 120.232682566391475, -4.243332326225198 ], [ 120.232637650627268, -4.242982943544582 ], [ 120.231730352190297, -4.241092690916618 ], [ 120.230212199360139, -4.239345770868965 ], [ 120.228415568791903, -4.237652598439576 ], [ 120.22727470838106, -4.236057967047199 ] ] } },
{ "type": "Feature", "properties": { "FID": 58, "OBJECTID": 1317, "NAMOBJ": "Jaringan Air Baku", "STSJRN": 1, "WADMPR": "Provinsi Sulawesi Selatan", "WADMKK": "Kabupaten Wajo", "REMARK": "Tidak Ada", "SBDATA": "Analisis Tim Penyusun, 2022", "SHAPE_Leng": 7.0389317564399995e-05 }, "geometry": { "type": "LineString", "coordinates": [ [ 120.228810827516924, -4.238225948248886 ], [ 120.228765911752717, -4.238270741184833 ] ] } },
{ "type": "Feature", "properties": { "FID": 59, "OBJECTID": 1318, "NAMOBJ": "Unit Distribusi", "STSJRN": 1, "WADMPR": "Provinsi Sulawesi Selatan", "WADMKK": "Kabupaten Wajo", "REMARK": "Tidak Ada", "SBDATA": "Analisis Tim Penyusun, 2022", "SHAPE_Leng": 0.0001087467748 }, "geometry": { "type": "LineString", "coordinates": [ [ 120.228783878058408, -4.238181155310344 ], [ 120.228864726433969, -4.238109486603278 ] ] } },
{ "type": "Feature", "properties": { "FID": 60, "OBJECTID": 1319, "NAMOBJ": "Unit Distribusi", "STSJRN": 1, "WADMPR": "Provinsi Sulawesi Selatan", "WADMKK": "Kabupaten Wajo", "REMARK": "Tidak Ada", "SBDATA": "Analisis Tim Penyusun, 2022", "SHAPE_Leng": 0.21136536088499999 }, "geometry": { "type": "LineString", "coordinates": [ [ 120.226861483350376, -4.236452145899532 ], [ 120.228271838346444, -4.235332319089266 ], [ 120.229385749298743, -4.236013173983086 ], [ 120.230248131971507, -4.234848553405866 ], [ 120.23009541837321, -4.233827269303271 ], [ 120.237677199371191, -4.232250547340771 ], [ 120.247612566413537, -4.232205754056289 ], [ 120.279745304126507, -4.228917919901285 ], [ 120.28062565310492, -4.228380398003878 ], [ 120.282036008101002, -4.226355728843723 ], [ 120.284326712075512, -4.224053333152982 ], [ 120.284461459368131, -4.200706476358945 ], [ 120.286015544809644, -4.190349780238272 ], [ 120.28557537032043, -4.186389830749528 ], [ 120.283679925070942, -4.175988148598535 ], [ 120.277804943112798, -4.162808902870316 ], [ 120.277867825182682, -4.157728876325232 ], [ 120.277167139261067, -4.156098243577029 ], [ 120.274499142867242, -4.153365582235482 ], [ 120.273061838412659, -4.149351688745421 ], [ 120.27236115249103, -4.148975385184528 ], [ 120.272298270421146, -4.147631442432228 ], [ 120.272801326980243, -4.146457730558526 ], [ 120.273151669941058, -4.146117264192658 ], [ 120.273798456945613, -4.144217817565671 ], [ 120.275298643470109, -4.142327326062231 ], [ 120.279871068266274, -4.135777768441886 ], [ 120.281470069472007, -4.13291959978584 ], [ 120.284766886564725, -4.123045847021578 ], [ 120.289213547221109, -4.110931964673899 ], [ 120.291297638680277, -4.108969713434616 ], [ 120.291091026164935, -4.107742183948819 ], [ 120.291064076706405, -4.105645523379073 ], [ 120.291243739763232, -4.104373188211349 ], [ 120.291665947946754, -4.103835581193096 ], [ 120.292366633868383, -4.10343237569189 ], [ 120.294163264436605, -4.101317783508381 ], [ 120.295402939528685, -4.098531172551406 ], [ 120.296471934716791, -4.096550970437993 ], [ 120.296939058664549, -4.094221314617628 ], [ 120.297109738568523, -4.09089706322695 ], [ 120.297379233153762, -4.090216082802711 ], [ 120.297433132070807, -4.089615744317104 ], [ 120.297415165765116, -4.088307542477292 ], [ 120.296642614620765, -4.086712608579053 ], [ 120.296570749398043, -4.085664251423694 ] ] } },
{ "type": "Feature", "properties": { "FID": 61, "OBJECTID": 1320, "NAMOBJ": "Jaringan Produksi", "STSJRN": 1, "WADMPR": "Provinsi Sulawesi Selatan", "WADMKK": "Kabupaten Wajo", "REMARK": "Tidak Ada", "SBDATA": "Analisis Tim Penyusun, 2022", "SHAPE_Leng": 0.013510759007599999 }, "geometry": { "type": "LineString", "coordinates": [ [ 120.035412529998823, -4.105959126806077 ], [ 120.033786579334574, -4.106254809924395 ], [ 120.030723324215714, -4.104794313456155 ], [ 120.03033704864356, -4.104794313456155 ], [ 120.029483649123634, -4.105143757639595 ], [ 120.028037361516212, -4.105134797534236 ], [ 120.026168865725225, -4.104767433128017 ], [ 120.025261567288268, -4.104794313456155 ], [ 120.024587830825197, -4.104140225214545 ], [ 120.024722578117803, -4.103244213054997 ], [ 120.023761380763801, -4.102921648431474 ] ] } },
{ "type": "Feature", "properties": { "FID": 62, "OBJECTID": 1321, "NAMOBJ": "Unit Distribusi", "STSJRN": 1, "WADMPR": "Provinsi Sulawesi Selatan", "WADMKK": "Kabupaten Wajo", "REMARK": "Tidak Ada", "SBDATA": "Analisis Tim Penyusun, 2022", "SHAPE_Leng": 0.0135157338613 }, "geometry": { "type": "LineString", "coordinates": [ [ 120.035412529998823, -4.105941206613568 ], [ 120.033795562487413, -4.106236889738526 ], [ 120.030723324215714, -4.104776393237497 ], [ 120.03033704864356, -4.104776393237497 ], [ 120.029474665970795, -4.105125837428779 ], [ 120.028037361516212, -4.105116877323222 ], [ 120.026168865725225, -4.104749512908755 ], [ 120.025270550441107, -4.104776393237497 ], [ 120.024605797130874, -4.104131265097926 ], [ 120.024740544423494, -4.103235252928325 ], [ 120.023761380763801, -4.102903728170792 ] ] } },
{ "type": "Feature", "properties": { "FID": 63, "OBJECTID": 1322, "NAMOBJ": "Unit Distribusi", "STSJRN": 1, "WADMPR": "Provinsi Sulawesi Selatan", "WADMKK": "Kabupaten Wajo", "REMARK": "Tidak Ada", "SBDATA": "Analisis Tim Penyusun, 2022", "SHAPE_Leng": 0.0021209113336700001 }, "geometry": { "type": "LineString", "coordinates": [ [ 120.023725448152433, -4.102921648431474 ], [ 120.021749154527356, -4.102670764745341 ], [ 120.021749154527356, -4.102796206598257 ] ] } },
{ "type": "Feature", "properties": { "FID": 64, "OBJECTID": 1323, "NAMOBJ": "Jaringan Air Baku", "STSJRN": 1, "WADMPR": "Provinsi Sulawesi Selatan", "WADMKK": "Kabupaten Wajo", "REMARK": "Tidak Ada", "SBDATA": "Analisis Tim Penyusun, 2022", "SHAPE_Leng": 0.016375033647499999 }, "geometry": { "type": "LineString", "coordinates": [ [ 120.081945261716214, -3.898694608175219 ], [ 120.081442205157117, -3.898273376948436 ], [ 120.080193546912184, -3.897798371269332 ], [ 120.079771338728634, -3.897242703907972 ], [ 120.079394046309318, -3.895064842807792 ], [ 120.079627608283175, -3.892922825775053 ], [ 120.080346260510481, -3.891031751815241 ], [ 120.079394046309318, -3.890350605652232 ], [ 120.078064539688825, -3.889866633043874 ], [ 120.077247072780267, -3.889024161544034 ], [ 120.076887746666628, -3.887563278117343 ], [ 120.077471651601286, -3.885690117136782 ] ] } },
{ "type": "Feature", "properties": { "FID": 65, "OBJECTID": 1324, "NAMOBJ": "Unit Distribusi", "STSJRN": 1, "WADMPR": "Provinsi Sulawesi Selatan", "WADMKK": "Kabupaten Wajo", "REMARK": "Tidak Ada", "SBDATA": "Analisis Tim Penyusun, 2022", "SHAPE_Leng": 0.024275006698699999 }, "geometry": { "type": "LineString", "coordinates": [ [ 120.06239792113378, -3.930743410305813 ], [ 120.064490995745771, -3.927974141147838 ], [ 120.064895237623617, -3.927149632049928 ], [ 120.067886627519755, -3.92719444234792 ], [ 120.070213264105618, -3.927714241628808 ], [ 120.071210394070988, -3.926647756548048 ], [ 120.073222620307419, -3.925679852942313 ], [ 120.073905339923343, -3.925106279905719 ], [ 120.075495357976251, -3.922381802602709 ], [ 120.075935532465451, -3.92117191674128 ], [ 120.077857927173483, -3.920786545321365 ], [ 120.080400159427526, -3.918411577999235 ] ] } },
{ "type": "Feature", "properties": { "FID": 66, "OBJECTID": 1325, "NAMOBJ": "Jaringan Air Baku", "STSJRN": 1, "WADMPR": "Provinsi Sulawesi Selatan", "WADMKK": "Kabupaten Wajo", "REMARK": "Tidak Ada", "SBDATA": "Analisis Tim Penyusun, 2022", "SHAPE_Leng": 0.0117549207675 }, "geometry": { "type": "LineString", "coordinates": [ [ 120.083409515629342, -3.909834753100269 ], [ 120.082430351969649, -3.907898905868631 ], [ 120.081657800825297, -3.905308806982901 ], [ 120.081702716589504, -3.903695592564323 ], [ 120.081217626336084, -3.901535672851095 ], [ 120.081648817672459, -3.899554994706022 ], [ 120.081639834519621, -3.898936591976011 ], [ 120.081945261716214, -3.898694608175219 ] ] } },
{ "type": "Feature", "properties": { "FID": 67, "OBJECTID": 1326, "NAMOBJ": "Unit Distribusi", "STSJRN": 1, "WADMPR": "Provinsi Sulawesi Selatan", "WADMKK": "Kabupaten Wajo", "REMARK": "Tidak Ada", "SBDATA": "Analisis Tim Penyusun, 2022", "SHAPE_Leng": 0.0109609613003 }, "geometry": { "type": "LineString", "coordinates": [ [ 120.080400159427526, -3.918411577999235 ], [ 120.080939148597992, -3.917766302693783 ], [ 120.081343390475865, -3.916977632200136 ], [ 120.082331537288397, -3.915955944319111 ], [ 120.082412385663972, -3.914548880897736 ], [ 120.082681880249197, -3.913697471946688 ], [ 120.084586308651538, -3.912792288849456 ], [ 120.084801904319718, -3.912505497961132 ], [ 120.083427481935018, -3.909861639835906 ] ] } },
{ "type": "Feature", "properties": { "FID": 68, "OBJECTID": 1327, "NAMOBJ": "Jalur Evakuasi Bencana", "STSJRN": 1, "WADMPR": "Provinsi Sulawesi Selatan", "WADMKK": "Kabupaten Wajo", "REMARK": "ruas Jalan A. Tandjung (Sengkang)", "SBDATA": "Analisis Tim Penyusun, 2022", "SHAPE_Leng": 0.0035851468268600002 }, "geometry": { "type": "LineString", "coordinates": [ [ 120.030813155744127, -4.144074462918065 ], [ 120.03079518943845, -4.144594123391991 ], [ 120.030956886189585, -4.144952509726743 ], [ 120.033355387998199, -4.146081425619299 ] ] } },
{ "type": "Feature", "properties": { "FID": 69, "OBJECTID": 1328, "NAMOBJ": "Jalur Evakuasi Bencana", "STSJRN": 1, "WADMPR": "Provinsi Sulawesi Selatan", "WADMKK": "Kabupaten Wajo", "REMARK": "ruas Jalan Pallawa Rukka (Sengkang)", "SBDATA": "Analisis Tim Penyusun, 2022", "SHAPE_Leng": 0.0024013277196199998 }, "geometry": { "type": "LineString", "coordinates": [ [ 120.030813155744127, -4.144074462918065 ], [ 120.031298245997561, -4.141718067174298 ] ] } },
{ "type": "Feature", "properties": { "FID": 70, "OBJECTID": 1329, "NAMOBJ": "Jalur Evakuasi Bencana", "STSJRN": 1, "WADMPR": "Provinsi Sulawesi Selatan", "WADMKK": "Kabupaten Wajo", "REMARK": "ruas Jalan Mesjid Raya (Sengkang)", "SBDATA": "Analisis Tim Penyusun, 2022", "SHAPE_Leng": 0.0036323473169299998 }, "geometry": { "type": "LineString", "coordinates": [ [ 120.031424010137343, -4.140633943581301 ], [ 120.031693504722568, -4.137023174130269 ] ] } },
{ "type": "Feature", "properties": { "FID": 71, "OBJECTID": 1330, "NAMOBJ": "Jalur Evakuasi Bencana", "STSJRN": 1, "WADMPR": "Provinsi Sulawesi Selatan", "WADMKK": "Kabupaten Wajo", "REMARK": "ruas Jalan Sultan Hasnuddin (Sengkang)", "SBDATA": "Analisis Tim Penyusun, 2022", "SHAPE_Leng": 0.017113085102800001 }, "geometry": { "type": "LineString", "coordinates": [ [ 120.038080526392676, -4.174751763767344 ], [ 120.037523570916505, -4.168184556635729 ], [ 120.036948649134672, -4.165129397918054 ], [ 120.036553390409651, -4.161939835396652 ], [ 120.036409659964193, -4.161339551117615 ], [ 120.035313715317571, -4.159117599357479 ], [ 120.035439479457338, -4.158051418667035 ] ] } },
{ "type": "Feature", "properties": { "FID": 72, "OBJECTID": 1331, "NAMOBJ": "Jalur Evakuasi Bencana", "STSJRN": 1, "WADMPR": "Provinsi Sulawesi Selatan", "WADMKK": "Kabupaten Wajo", "REMARK": "ruas Jalan Impa-Impa – Anabanua", "SBDATA": "Analisis Tim Penyusun, 2022", "SHAPE_Leng": 0.121356366103 }, "geometry": { "type": "LineString", "coordinates": [ [ 120.025746657541703, -4.062662772031946 ], [ 120.02656412445026, -4.058585697995233 ], [ 120.035933552863625, -4.031407666316457 ], [ 120.038799178619954, -4.023486169618596 ], [ 120.039517830847259, -4.022150977629793 ], [ 120.040829371162062, -4.020466302737006 ], [ 120.040649708105249, -4.018996689880826 ], [ 120.044090255643425, -4.010635976134279 ], [ 120.051618137724347, -3.993394534497015 ], [ 120.055265297777879, -3.982631891631598 ], [ 120.057645833280787, -3.977084729283871 ], [ 120.058418384425138, -3.975892846230724 ], [ 120.059667042670057, -3.974485884318663 ], [ 120.060421627508703, -3.972550187574024 ], [ 120.061661302600783, -3.970623447878403 ], [ 120.062838095622979, -3.968472663371219 ], [ 120.062874028234376, -3.968185891680339 ], [ 120.064823372400895, -3.96507620476515 ], [ 120.065586940392407, -3.964162115896275 ], [ 120.068066290576567, -3.957978547018447 ], [ 120.068129172646451, -3.957333302386869 ], [ 120.067194924750964, -3.955603685825488 ], [ 120.065892367589001, -3.95076432497335 ] ] } },
{ "type": "Feature", "properties": { "FID": 73, "OBJECTID": 1332, "NAMOBJ": "Jalur Evakuasi Bencana", "STSJRN": 1, "WADMPR": "Provinsi Sulawesi Selatan", "WADMKK": "Kabupaten Wajo", "REMARK": "ruas Jalan Anabanua – Tarumpakkae", "SBDATA": "Analisis Tim Penyusun, 2022", "SHAPE_Leng": 0.15345455108600001 }, "geometry": { "type": "LineString", "coordinates": [ [ 120.199938974285303, -3.970211214615221 ], [ 120.199328119892115, -3.970094713873098 ], [ 120.195959437576676, -3.970990873004678 ], [ 120.195043155986866, -3.970659294239386 ], [ 120.193830430353302, -3.96982586594392 ], [ 120.192456007968602, -3.969252323402414 ], [ 120.189653264282143, -3.968616049179319 ], [ 120.188745965845172, -3.968185891680339 ], [ 120.184856260664944, -3.967056727179707 ], [ 120.182017584367117, -3.967370384140257 ], [ 120.180706044052314, -3.967827426926723 ], [ 120.180050273894921, -3.967800542063932 ], [ 120.179026194471021, -3.967334537636506 ], [ 120.178047030811328, -3.966545914160513 ], [ 120.175540731168638, -3.963400374400218 ], [ 120.171300683027582, -3.960227937566026 ], [ 120.17017778892243, -3.959770890579037 ], [ 120.169773547044585, -3.958534173937212 ], [ 120.169468119847977, -3.958408709826854 ], [ 120.16463518361941, -3.958659638028557 ], [ 120.15989207891927, -3.960048703483561 ], [ 120.158607488062984, -3.961419843227002 ], [ 120.158041549433975, -3.961688693890661 ], [ 120.154645917660005, -3.96167973220328 ], [ 120.153801501292946, -3.961294379554064 ], [ 120.152795388174724, -3.960344439698814 ], [ 120.151349100567273, -3.960443018413746 ], [ 120.150450785283184, -3.960165205641578 ], [ 120.147791772042169, -3.958874719283773 ], [ 120.146480231727352, -3.958578982543446 ], [ 120.144872247368795, -3.957718656880082 ], [ 120.143291212468725, -3.957404996259648 ], [ 120.141817975402788, -3.957602154377788 ], [ 120.139437439899865, -3.956114505600203 ], [ 120.138000135445282, -3.954644777678685 ], [ 120.136571814143508, -3.953506632924388 ], [ 120.135942993444644, -3.952574607709932 ], [ 120.134137379723555, -3.951750122993141 ], [ 120.133068384535449, -3.950558203421133 ], [ 120.131020225687678, -3.949769563965968 ], [ 120.12807375155576, -3.948927152810967 ], [ 120.124669136628938, -3.948703107147076 ], [ 120.123842686567542, -3.948488023252846 ], [ 120.122315550584545, -3.947717305507565 ], [ 120.120635701003238, -3.947170633184752 ], [ 120.119845183553224, -3.946247562708034 ], [ 120.11946789113388, -3.945369300525367 ], [ 120.118632457919674, -3.944921207217306 ], [ 120.11774312578838, -3.945145253901547 ], [ 120.116395652862209, -3.946749426395463 ], [ 120.115326657674103, -3.947072052891514 ], [ 120.114877500032037, -3.947054129200577 ], [ 120.113763589079724, -3.946346143099142 ], [ 120.111850177524559, -3.947081014736838 ], [ 120.109909816510864, -3.94691970150622 ], [ 120.108265899540925, -3.946014554464359 ], [ 120.106693847793707, -3.946274448270405 ], [ 120.105499088465834, -3.946839044879161 ], [ 120.104519924806141, -3.94864037435035 ], [ 120.104133649233972, -3.948963000111578 ], [ 120.103792289426011, -3.949025732883921 ], [ 120.101663282202651, -3.948936114636265 ], [ 120.101160225643525, -3.948658298007041 ], [ 120.100917680516815, -3.94817435914053 ], [ 120.101321922394661, -3.946256524562255 ], [ 120.10113327618501, -3.945808431732774 ], [ 120.100414623957718, -3.945566461504347 ], [ 120.099749870647472, -3.945691927557516 ], [ 120.098905454280384, -3.946131058594368 ], [ 120.096147626358146, -3.948057855297199 ], [ 120.094225231650128, -3.948559717890449 ], [ 120.08603259625896, -3.948577641548881 ], [ 120.081118811654832, -3.948183320973955 ], [ 120.079618625130337, -3.947771076536267 ], [ 120.078405899496786, -3.947036205509255 ], [ 120.076267909120574, -3.946928663353189 ], [ 120.073276519224478, -3.947717305507565 ], [ 120.071102596236898, -3.949285625747398 ], [ 120.069844954839141, -3.949850220308292 ], [ 120.065901350741839, -3.950746401362147 ] ] } },
{ "type": "Feature", "properties": { "FID": 74, "OBJECTID": 1333, "NAMOBJ": "Jalur Evakuasi Bencana", "STSJRN": 1, "WADMPR": "Provinsi Sulawesi Selatan", "WADMKK": "Kabupaten Wajo", "REMARK": "ruas Jalan Kalola (Bts. Kab. Pangkajene S) – Anabanua", "SBDATA": "Analisis Tim Penyusun, 2022", "SHAPE_Leng": 0.056298753776900003 }, "geometry": { "type": "LineString", "coordinates": [ [ 120.065883384436162, -3.950728477750556 ], [ 120.064562860968508, -3.945629194533299 ], [ 120.06509286698612, -3.941237871069759 ], [ 120.062685382024682, -3.931137739146767 ], [ 120.060457560120071, -3.928601484480931 ], [ 120.048033859740698, -3.910309751969564 ], [ 120.041853450585961, -3.905963054168968 ], [ 120.039176471039298, -3.904305029486806 ] ] } },
{ "type": "Feature", "properties": { "FID": 75, "OBJECTID": 1334, "NAMOBJ": "Jalur Evakuasi Bencana", "STSJRN": 1, "WADMPR": "Provinsi Sulawesi Selatan", "WADMKK": "Kabupaten Wajo", "REMARK": "ruas Jalan Bts. Kab. Wajo/Bts. Kab. Bone – Ulugalung (Tampangeng)", "SBDATA": "Analisis Tim Penyusun, 2022", "SHAPE_Leng": 0.115721654462 }, "geometry": { "type": "LineString", "coordinates": [ [ 120.03846680196483, -4.17960769878718 ], [ 120.038610532410289, -4.180091498784329 ], [ 120.038978841676766, -4.180602176235186 ], [ 120.042383456603588, -4.183648315520783 ], [ 120.043668047459889, -4.184329215623806 ], [ 120.064841338706572, -4.188611705328834 ], [ 120.065901350741839, -4.188432522128895 ], [ 120.067114076375404, -4.187903931449992 ], [ 120.070276146175502, -4.186380871565069 ], [ 120.071111579389736, -4.185753728398094 ], [ 120.074974335111449, -4.183961888010182 ], [ 120.075872650395567, -4.183737907673421 ], [ 120.079825237645679, -4.184938441529972 ], [ 120.083436465087871, -4.186336075641233 ], [ 120.08579005113225, -4.187034891761121 ], [ 120.090892481946042, -4.189140295529545 ], [ 120.092338769553464, -4.190448330761757 ], [ 120.094934900724596, -4.193288372328522 ], [ 120.097809509633763, -4.195519186384934 ], [ 120.1005403880975, -4.198404004753095 ], [ 120.101950743093553, -4.199344704089937 ], [ 120.10234600181856, -4.199765778663797 ], [ 120.102714311085066, -4.200231648140305 ], [ 120.102911940447569, -4.200796066556467 ], [ 120.10361262636917, -4.204030265795033 ], [ 120.104151615539649, -4.205409947814053 ], [ 120.105211627574917, -4.206601489410056 ], [ 120.108733023488668, -4.211475144327836 ], [ 120.109757102912567, -4.212415827884775 ], [ 120.112964088476872, -4.214548039735453 ], [ 120.116305821333796, -4.216510027827416 ], [ 120.125154226882358, -4.219654573752302 ], [ 120.129088847826807, -4.222270539577506 ], [ 120.134451790073015, -4.224133961911329 ], [ 120.134873998256538, -4.224528146831504 ] ] } },
{ "type": "Feature", "properties": { "FID": 76, "OBJECTID": 1335, "NAMOBJ": "Jalur Evakuasi Bencana", "STSJRN": 1, "WADMPR": "Provinsi Sulawesi Selatan", "WADMKK": "Kabupaten Wajo", "REMARK": "ruas Jalan Impa Impa – Tarumpakkae", "SBDATA": "Analisis Tim Penyusun, 2022", "SHAPE_Leng": 0.25365153116200001 }, "geometry": { "type": "LineString", "coordinates": [ [ 120.024650712895081, -4.093755382639793 ], [ 120.036355761047147, -4.091954373791117 ], [ 120.036661188243741, -4.091802049473859 ], [ 120.03711932903866, -4.091031467189653 ], [ 120.037415773082415, -4.090861222166422 ], [ 120.038736296550056, -4.09108522876842 ], [ 120.040182584157506, -4.090950824814738 ], [ 120.041009034218888, -4.089830790990515 ], [ 120.0418624337388, -4.089570942919548 ], [ 120.042599052271797, -4.089750148494749 ], [ 120.043093125678041, -4.089642625154437 ], [ 120.044135171407632, -4.088818279066098 ], [ 120.045159250831531, -4.087752004063849 ], [ 120.047036729775343, -4.087940170343775 ], [ 120.047342156971936, -4.087841607059798 ], [ 120.047953011365124, -4.087277108018138 ], [ 120.048743528815152, -4.08527895742397 ], [ 120.049992187060084, -4.084463567186458 ], [ 120.050360496326562, -4.083209119049244 ], [ 120.050674906676022, -4.082850704935611 ], [ 120.052606284536864, -4.082483330303046 ], [ 120.056127680450629, -4.083011991306551 ], [ 120.056900231594952, -4.083020951659542 ], [ 120.057421254459769, -4.082859665290402 ], [ 120.059146019805254, -4.081614175015166 ], [ 120.060924684067828, -4.079741455785267 ], [ 120.062326055911043, -4.079463683661607 ], [ 120.063466916321872, -4.078773733132457 ], [ 120.064356248453166, -4.077411751128126 ], [ 120.064616759885553, -4.077214621962604 ], [ 120.067212891056641, -4.076757640529321 ], [ 120.068982572166377, -4.075754072548527 ], [ 120.069359864585692, -4.075458378172421 ], [ 120.070851067957349, -4.071892116226597 ], [ 120.071129545695428, -4.069651993857795 ], [ 120.07187514738122, -4.067411865257562 ], [ 120.07268363113694, -4.065682481718084 ], [ 120.074093986133008, -4.063505066078555 ], [ 120.075351627530793, -4.062859904759989 ], [ 120.079070652807033, -4.06225954584727 ], [ 120.080220496370714, -4.061067787279024 ], [ 120.082618998179314, -4.059472799373733 ], [ 120.084262915149239, -4.058603619244849 ], [ 120.087416001796498, -4.056184246949952 ], [ 120.087919058355624, -4.05558388307323 ], [ 120.090865532487513, -4.048952968811188 ], [ 120.091997409745517, -4.046972644689503 ], [ 120.093237084837597, -4.045521001307016 ], [ 120.099902584245768, -4.039562067584994 ], [ 120.100243944053716, -4.038898965486041 ], [ 120.1008907310583, -4.036345121259672 ], [ 120.101115309879319, -4.035968764589204 ], [ 120.101654299049812, -4.035511759826276 ], [ 120.102741260543596, -4.035108520116012 ], [ 120.103729407356127, -4.034517101512162 ], [ 120.105732650439691, -4.033773347202164 ], [ 120.107178938047142, -4.033746464503513 ], [ 120.108930652851171, -4.032689077651001 ], [ 120.113422229271762, -4.032214149210172 ], [ 120.116117175124117, -4.03317296672036 ], [ 120.119243312312861, -4.035108520116012 ], [ 120.119926031928799, -4.035198128957817 ], [ 120.120608751544708, -4.035081637461542 ], [ 120.121084858645304, -4.034821771755801 ], [ 120.122764708226597, -4.033155044908115 ], [ 120.125297957327831, -4.031640650345716 ], [ 120.126187289459097, -4.030377159232454 ], [ 120.126474750350027, -4.029140549007852 ], [ 120.126780177546621, -4.028782110910132 ], [ 120.128729521713169, -4.027608225034592 ], [ 120.130076994639353, -4.027330434999447 ], [ 120.130562084892759, -4.027079527789425 ], [ 120.131038191993355, -4.026506025304623 ], [ 120.131181922438813, -4.025224604230115 ], [ 120.13157718116382, -4.024283699359846 ], [ 120.132376681766686, -4.023593701764087 ], [ 120.13326601389798, -4.023297988329829 ], [ 120.134739250963932, -4.023056040894682 ], [ 120.135853161916231, -4.02339655948651 ], [ 120.137281483217976, -4.024955774378119 ], [ 120.137497078886156, -4.026084859160007 ], [ 120.137784539777101, -4.026685244874534 ], [ 120.139096080091903, -4.027491732450755 ], [ 120.140308805725468, -4.027626146969086 ], [ 120.140766946520358, -4.027482771482076 ], [ 120.141440682983458, -4.026927191231316 ], [ 120.142006621612438, -4.025744341692284 ], [ 120.142410863490312, -4.02533213614606 ], [ 120.143839184792057, -4.02458837343686 ], [ 120.145465135456305, -4.024077596243117 ], [ 120.146794642076799, -4.023450325566945 ], [ 120.147953468793304, -4.023405520500162 ], [ 120.148968565064365, -4.023118768014399 ], [ 120.150001627641103, -4.022321237132636 ], [ 120.151106555440577, -4.022088250435567 ], [ 120.153567939319061, -4.020779939284029 ], [ 120.157448661346464, -4.019955522959288 ], [ 120.159622584334045, -4.020116821871036 ], [ 120.161868372544333, -4.020520069010781 ], [ 120.163215845470518, -4.021048770514001 ], [ 120.16363805365404, -4.021057731553474 ], [ 120.164976543427372, -4.020806822411018 ], [ 120.165605364126264, -4.020529030056064 ], [ 120.166063504921155, -4.020161627118635 ], [ 120.166485713104706, -4.019390976516876 ], [ 120.166970803358126, -4.019032534128344 ], [ 120.168057764851909, -4.01833357101756 ], [ 120.168740484467847, -4.018270843529607 ], [ 120.169441170389447, -4.018351493156088 ], [ 120.171516278695762, -4.019910717700362 ], [ 120.17281883585774, -4.020045133469753 ], [ 120.175621579544199, -4.020645523635796 ], [ 120.176924136706177, -4.021263835434137 ], [ 120.177579906863599, -4.021057731553474 ], [ 120.178945346095446, -4.019337210168641 ], [ 120.17994247606083, -4.018521753452468 ], [ 120.180544347301165, -4.017706295920961 ], [ 120.183598619267187, -4.012419243805273 ], [ 120.187721886421301, -4.007929703190123 ], [ 120.192276344911789, -3.999927327176823 ], [ 120.193453137933986, -3.997328554429682 ], [ 120.196992500153414, -3.988779430130758 ], [ 120.198465737219365, -3.982757352060247 ], [ 120.198591501359132, -3.981475862496187 ], [ 120.198573535053455, -3.978043611391185 ], [ 120.19951676610178, -3.973670383003153 ], [ 120.199956940590994, -3.970220176210086 ] ] } },
{ "type": "Feature", "properties": { "FID": 77, "OBJECTID": 1336, "NAMOBJ": "Jalur Evakuasi Bencana", "STSJRN": 1, "WADMPR": "Provinsi Sulawesi Selatan", "WADMKK": "Kabupaten Wajo", "REMARK": "ruas Jalan Monginsidi (Sengkang)", "SBDATA": "Analisis Tim Penyusun, 2022", "SHAPE_Leng": 0.0052437798364900002 }, "geometry": { "type": "LineString", "coordinates": [ [ 120.038152391615398, -4.148303414094175 ], [ 120.033391320609567, -4.146099344906181 ] ] } },
{ "type": "Feature", "properties": { "FID": 78, "OBJECTID": 1337, "NAMOBJ": "Jalur Evakuasi Bencana", "STSJRN": 1, "WADMPR": "Provinsi Sulawesi Selatan", "WADMKK": "Kabupaten Wajo", "REMARK": "ruas Jalan AP. Pettarani (Sengkang)", "SBDATA": "Analisis Tim Penyusun, 2022", "SHAPE_Leng": 0.0037991196430900002 }, "geometry": { "type": "LineString", "coordinates": [ [ 120.033382337456729, -4.146081425619299 ], [ 120.032852331439088, -4.145292976594285 ], [ 120.031738420486775, -4.142685713424195 ] ] } },
{ "type": "Feature", "properties": { "FID": 79, "OBJECTID": 1338, "NAMOBJ": "Jalur Evakuasi Bencana", "STSJRN": 1, "WADMPR": "Provinsi Sulawesi Selatan", "WADMKK": "Kabupaten Wajo", "REMARK": "ruas Jalan Malingkaan (Sengkang)", "SBDATA": "Analisis Tim Penyusun, 2022", "SHAPE_Leng": 0.0083272930447000001 }, "geometry": { "type": "LineString", "coordinates": [ [ 120.02236899207341, -4.111138045574052 ], [ 120.023267307357543, -4.105072076793922 ], [ 120.02374341445811, -4.102921648431474 ] ] } },
{ "type": "Feature", "properties": { "FID": 80, "OBJECTID": 1339, "NAMOBJ": "Jalur Evakuasi Bencana", "STSJRN": 1, "WADMPR": "Provinsi Sulawesi Selatan", "WADMKK": "Kabupaten Wajo", "REMARK": "ruas Jalan Andi Ninnong (Sengkang)", "SBDATA": "Analisis Tim Penyusun, 2022", "SHAPE_Leng": 0.0089085733147800002 }, "geometry": { "type": "LineString", "coordinates": [ [ 120.028441603394057, -4.132471610034139 ], [ 120.026061067891135, -4.129380473851204 ], [ 120.024201555253001, -4.127687063706644 ], [ 120.022602554047282, -4.125787572897362 ] ] } },
{ "type": "Feature", "properties": { "FID": 81, "OBJECTID": 1340, "NAMOBJ": "Jalur Evakuasi Bencana", "STSJRN": 1, "WADMPR": "Provinsi Sulawesi Selatan", "WADMKK": "Kabupaten Wajo", "REMARK": "ruas Jalan Supratman (Sengkang)", "SBDATA": "Analisis Tim Penyusun, 2022", "SHAPE_Leng": 0.0052245950905800004 }, "geometry": { "type": "LineString", "coordinates": [ [ 120.022602554047282, -4.125787572897362 ], [ 120.022494756213192, -4.124237513352155 ], [ 120.023545785095607, -4.120734188444215 ] ] } },
{ "type": "Feature", "properties": { "FID": 82, "OBJECTID": 1341, "NAMOBJ": "Jalur Evakuasi Bencana", "STSJRN": 1, "WADMPR": "Provinsi Sulawesi Selatan", "WADMKK": "Kabupaten Wajo", "REMARK": "ruas Jalan Bts. Kota Sengkang - Impa Impa", "SBDATA": "Analisis Tim Penyusun, 2022", "SHAPE_Leng": 0.0021504570579400002 }, "geometry": { "type": "LineString", "coordinates": [ [ 120.024489016143946, -4.095923756076651 ], [ 120.024641729742243, -4.093782263338194 ] ] } },
{ "type": "Feature", "properties": { "FID": 83, "OBJECTID": 1342, "NAMOBJ": "Jalur Evakuasi Bencana", "STSJRN": 1, "WADMPR": "Provinsi Sulawesi Selatan", "WADMKK": "Kabupaten Wajo", "REMARK": "ruas Jalan Bosowa Utara (Sengkang) (ULUGALUNG/TAMPANGENG - BTS. KOTA SENGKANG)", "SBDATA": "Analisis Tim Penyusun, 2022", "SHAPE_Leng": 0.0048333848468100002 }, "geometry": { "type": "LineString", "coordinates": [ [ 120.038457818811992, -4.179571861738478 ], [ 120.038080526392676, -4.174751763767344 ] ] } },
{ "type": "Feature", "properties": { "FID": 84, "OBJECTID": 1343, "NAMOBJ": "Jalur Evakuasi Bencana", "STSJRN": 1, "WADMPR": "Provinsi Sulawesi Selatan", "WADMKK": "Kabupaten Wajo", "REMARK": "ruas Jalan Tarumpakkae - Bts. Kab. Luwu/Bts. Kab. Wajo", "SBDATA": "Analisis Tim Penyusun, 2022", "SHAPE_Leng": 0.212807827989 }, "geometry": { "type": "LineString", "coordinates": [ [ 120.270968763800653, -3.934489526763184 ], [ 120.275002199426339, -3.929936828004881 ], [ 120.276646116396279, -3.925509573488196 ], [ 120.277813926265637, -3.919684202837075 ], [ 120.279314112790118, -3.917524324325923 ], [ 120.279736320973669, -3.916663956228999 ], [ 120.281577867306098, -3.908615886845873 ], [ 120.282053974406693, -3.907728622796465 ], [ 120.283428396791393, -3.905837582145415 ], [ 120.283527211472645, -3.905398429915251 ], [ 120.283347548415819, -3.904331916399668 ], [ 120.28051785527083, -3.898515360870467 ], [ 120.280437006895255, -3.895862496293025 ], [ 120.278981736134995, -3.893514345667774 ], [ 120.277265953942319, -3.891094488934134 ], [ 120.277194088719583, -3.890108619382802 ], [ 120.277391718082114, -3.888127914343149 ], [ 120.277032391968447, -3.88678354175532 ], [ 120.27542440760989, -3.884784903880195 ], [ 120.274894401592235, -3.883655626574874 ], [ 120.275343559234315, -3.881683868927615 ], [ 120.276394588116744, -3.880070609246097 ], [ 120.276708998466177, -3.878161581309898 ], [ 120.277634263208824, -3.876969556984401 ], [ 120.279089533969085, -3.87595678311658 ], [ 120.279430893777047, -3.875490727477859 ], [ 120.279376994860002, -3.874648241633078 ], [ 120.278882921453743, -3.873330735491762 ], [ 120.27892783721795, -3.872775052014391 ], [ 120.280059714475939, -3.869835301097169 ], [ 120.280499888965153, -3.866447404764023 ], [ 120.280984979218587, -3.865085072262374 ], [ 120.282970255996474, -3.861759896244598 ], [ 120.290318475020584, -3.853576860459141 ], [ 120.293264949152501, -3.851963547284778 ], [ 120.297037873345801, -3.850870077727432 ], [ 120.29932857732031, -3.849964827276958 ], [ 120.30167318021185, -3.847320773421114 ], [ 120.304943047846052, -3.844524341431649 ], [ 120.321867307798868, -3.834539570369401 ], [ 120.323906483493829, -3.830649601045139 ], [ 120.323906483493829, -3.821946402897895 ], [ 120.327984834883708, -3.812570871276738 ], [ 120.328155514787696, -3.810150784361851 ], [ 120.328766369180897, -3.808331233049689 ], [ 120.331299618282117, -3.803087676972661 ], [ 120.331973354745216, -3.801295000909029 ], [ 120.332467428151475, -3.800712380385851 ], [ 120.332332680858855, -3.800093905861365 ], [ 120.33114690468382, -3.799385796803335 ], [ 120.331191820448026, -3.798982443282616 ], [ 120.332242849330441, -3.797100124359837 ], [ 120.333195063531619, -3.796185853687777 ], [ 120.335404919130553, -3.794662067083285 ], [ 120.337174600240246, -3.792752848308789 ], [ 120.338899365585775, -3.790341669276242 ], [ 120.339231742240884, -3.789561844135388 ], [ 120.340363619498874, -3.788280061054643 ], [ 120.341369732617096, -3.786827968837147 ], [ 120.341639227202322, -3.785797161154989 ], [ 120.341791940800618, -3.78298260175668 ], [ 120.342528559333616, -3.781422937516112 ], [ 120.343552638757515, -3.78013217878108 ], [ 120.34460366763993, -3.777147291848885 ], [ 120.345403168242782, -3.773131571913421 ], [ 120.345241471491647, -3.771159559791164 ], [ 120.345771477509288, -3.769555055717988 ], [ 120.346247584609856, -3.769178579473083 ], [ 120.347828619509926, -3.768640755983381 ], [ 120.348717951641177, -3.767995367356787 ], [ 120.349993559344625, -3.765126967669318 ], [ 120.351116453449777, -3.763531416252355 ], [ 120.351727307842992, -3.761657984172662 ] ] } },
{ "type": "Feature", "properties": { "FID": 85, "OBJECTID": 1344, "NAMOBJ": "Jalur Evakuasi Bencana", "STSJRN": 1, "WADMPR": "Provinsi Sulawesi Selatan", "WADMKK": "Kabupaten Wajo", "REMARK": "ruas Jalan Budi Utomo (Sengkang)", "SBDATA": "Analisis Tim Penyusun, 2022", "SHAPE_Leng": 0.010256642931 }, "geometry": { "type": "LineString", "coordinates": [ [ 120.023545785095607, -4.120734188444215 ], [ 120.022063564876817, -4.118503162747658 ], [ 120.021982716501228, -4.11807308478569 ], [ 120.022180345863759, -4.117078528608454 ], [ 120.021650339846104, -4.11545677217686 ], [ 120.02236899207341, -4.111138045574052 ] ] } },
{ "type": "Feature", "properties": { "FID": 86, "OBJECTID": 1345, "NAMOBJ": "Jalur Evakuasi Bencana", "STSJRN": 1, "WADMPR": "Provinsi Sulawesi Selatan", "WADMKK": "Kabupaten Wajo", "REMARK": "ruas Jalan Batas Kab. Wajo – Bilokka", "SBDATA": "Analisis Tim Penyusun, 2022", "SHAPE_Leng": 0.075369265299499999 }, "geometry": { "type": "LineString", "coordinates": [ [ 119.931073209748334, -4.003520789016746 ], [ 119.929680821057957, -4.00716800223612 ], [ 119.928521994341438, -4.009739860257551 ], [ 119.927632662210158, -4.011343906982111 ], [ 119.926752313231745, -4.012562621941408 ], [ 119.926384003965239, -4.013584190432815 ], [ 119.925207210943043, -4.014722252071816 ], [ 119.924820935370875, -4.015528751485393 ], [ 119.924731103842461, -4.017079020342014 ], [ 119.924425676645868, -4.018064738892371 ], [ 119.924290929353234, -4.019543314484287 ], [ 119.924461609257236, -4.020457341691032 ], [ 119.925054497344746, -4.021855263671881 ], [ 119.925144328873145, -4.02337863745891 ], [ 119.92360820973731, -4.027429005667933 ], [ 119.922799725981605, -4.029041978546724 ], [ 119.921856494933266, -4.032420250265749 ], [ 119.921506151972466, -4.032393367522333 ], [ 119.921515135125318, -4.03332530210849 ], [ 119.921856494933266, -4.034391649025687 ], [ 119.921676831876454, -4.034705280205551 ], [ 119.920500038854257, -4.03580746881989 ], [ 119.919880201308231, -4.036972381989457 ], [ 119.918954936565584, -4.037447307648192 ], [ 119.916843895647901, -4.039167790726607 ], [ 119.915595237402968, -4.041192938009049 ], [ 119.915478456416039, -4.042761079554742 ], [ 119.915182012372256, -4.043442100081359 ], [ 119.913843522598924, -4.044884786412085 ], [ 119.913223685052898, -4.046273705607883 ], [ 119.912199605628999, -4.046121372651064 ], [ 119.910852132702828, -4.046497724609981 ], [ 119.909908901654489, -4.046533567644567 ], [ 119.906665983478817, -4.045225295854611 ], [ 119.906450387810636, -4.045861510482139 ], [ 119.905444274692414, -4.047286271004422 ], [ 119.905075965425908, -4.048137541818299 ], [ 119.905111898037305, -4.050180588119265 ], [ 119.904887319216257, -4.052976327329437 ], [ 119.904294431128747, -4.05451756404335 ], [ 119.903441031608821, -4.05558388307323 ], [ 119.90258763208891, -4.055978151938074 ], [ 119.899739972638258, -4.058083902844525 ], [ 119.898895556271185, -4.058316879203274 ], [ 119.898123005126834, -4.058137666625587 ], [ 119.897539100192162, -4.059929790612557 ] ] } },
{ "type": "Feature", "properties": { "FID": 87, "OBJECTID": 1346, "NAMOBJ": "Jalur Evakuasi Bencana", "STSJRN": 1, "WADMPR": "Provinsi Sulawesi Selatan", "WADMKK": "Kabupaten Wajo", "REMARK": "ruas Jalan Puang Ri Maggalantung (Sengkang)", "SBDATA": "Analisis Tim Penyusun, 2022", "SHAPE_Leng": 0.00124783194158 }, "geometry": { "type": "LineString", "coordinates": [ [ 120.031693504722568, -4.137023174130269 ], [ 120.031172481857794, -4.13588528555694 ] ] } },
{ "type": "Feature", "properties": { "FID": 88, "OBJECTID": 1347, "NAMOBJ": "Jalur Evakuasi Bencana", "STSJRN": 1, "WADMPR": "Provinsi Sulawesi Selatan", "WADMKK": "Kabupaten Wajo", "REMARK": "ruas Jalan Solo – Peneki – Kulampu", "SBDATA": "Analisis Tim Penyusun, 2022", "SHAPE_Leng": 0.21136228391199999 }, "geometry": { "type": "LineString", "coordinates": [ [ 120.226861483350376, -4.236443187291483 ], [ 120.228271838346444, -4.235323360468248 ], [ 120.229385749298743, -4.236004215369952 ], [ 120.230239148818669, -4.234848553405866 ], [ 120.230086435220372, -4.233827269303271 ], [ 120.237677199371191, -4.232241588684081 ], [ 120.247612566413537, -4.232196795399082 ], [ 120.279745304126507, -4.22890896120605 ], [ 120.28062565310492, -4.228371439302429 ], [ 120.282027024948164, -4.226346770118876 ], [ 120.284326712075512, -4.224044374401537 ], [ 120.284452476215293, -4.200706476358945 ], [ 120.286006561656805, -4.190349780238272 ], [ 120.285566387167592, -4.186389830749528 ], [ 120.283670941918089, -4.175997107901797 ], [ 120.27779595995996, -4.162808902870316 ], [ 120.277858842029843, -4.15773783583651 ], [ 120.277158156108229, -4.156107203106838 ], [ 120.274490159714389, -4.153374541796331 ], [ 120.273052855259806, -4.149351688745421 ], [ 120.272352169338191, -4.148984344795204 ], [ 120.272289287268308, -4.147631442432228 ], [ 120.27279234382739, -4.146448770919197 ], [ 120.273142686788219, -4.146108304549471 ], [ 120.273789473792775, -4.144208857900957 ], [ 120.27528966031727, -4.142327326062231 ], [ 120.279862085113436, -4.135768808681639 ], [ 120.281461086319155, -4.132910639993287 ], [ 120.284757903411887, -4.123045847021578 ], [ 120.289204564068271, -4.110931964673899 ], [ 120.291288655527438, -4.108960753372221 ], [ 120.291082043012096, -4.107742183948819 ], [ 120.291055093553567, -4.105645523379073 ], [ 120.291234756610393, -4.104373188211349 ], [ 120.291665947946754, -4.103826621073059 ], [ 120.292357650715545, -4.10342341556733 ], [ 120.294163264436605, -4.101308823360101 ], [ 120.295393956375847, -4.098531172551406 ], [ 120.296462951563953, -4.096550970437993 ], [ 120.29693007551171, -4.094221314617628 ], [ 120.297100755415684, -4.09089706322695 ], [ 120.29737025000091, -4.090216082802711 ], [ 120.297424148917969, -4.089615744317104 ], [ 120.297406182612278, -4.088316502771128 ], [ 120.296633631467927, -4.086721568890714 ], [ 120.296561766245205, -4.085664251423694 ] ] } },
{ "type": "Feature", "properties": { "FID": 89, "OBJECTID": 1348, "NAMOBJ": "Jalur Evakuasi Bencana", "STSJRN": 1, "WADMPR": "Provinsi Sulawesi Selatan", "WADMKK": "Kabupaten Wajo", "REMARK": "ruas Jalan Lamaddukelleng", "SBDATA": "Analisis Tim Penyusun, 2022", "SHAPE_Leng": 0.00071321210895500004 }, "geometry": { "type": "LineString", "coordinates": [ [ 120.03144197644302, -4.140642903286503 ], [ 120.032151645517459, -4.140714580924468 ] ] } },
{ "type": "Feature", "properties": { "FID": 90, "OBJECTID": 1349, "NAMOBJ": "Jalur Evakuasi Bencana", "STSJRN": 1, "WADMPR": "Provinsi Sulawesi Selatan", "WADMKK": "Kabupaten Wajo", "REMARK": "ruas Jalan Rusa", "SBDATA": "Analisis Tim Penyusun, 2022", "SHAPE_Leng": 0.022856664776700002 }, "geometry": { "type": "LineString", "coordinates": [ [ 120.039329184637594, -4.120635629208206 ], [ 120.03935613409611, -4.117436927374114 ], [ 120.039203420497813, -4.117230848103577 ], [ 120.038547650340405, -4.117239808072972 ], [ 120.03833205467221, -4.1170337287514 ], [ 120.038421886200624, -4.115886851552403 ], [ 120.038188324226766, -4.115537412077469 ], [ 120.036472542034076, -4.114713092708567 ], [ 120.034397433727761, -4.114990852591228 ], [ 120.028648215909399, -4.114157572652646 ], [ 120.02783074900087, -4.113826052434681 ], [ 120.025378348275197, -4.112114689115423 ], [ 120.022386958379101, -4.111138045574052 ] ] } },
{ "type": "Feature", "properties": { "FID": 91, "OBJECTID": 1350, "NAMOBJ": "Jalur Evakuasi Bencana", "STSJRN": 1, "WADMPR": "Provinsi Sulawesi Selatan", "WADMKK": "Kabupaten Wajo", "REMARK": "ruas Jalan Ongkoe - Lonra", "SBDATA": "Analisis Tim Penyusun, 2022", "SHAPE_Leng": 0.0251411902662 }, "geometry": { "type": "LineString", "coordinates": [ [ 119.956244004009378, -3.967648194491581 ], [ 119.956648245887223, -3.966967110883393 ], [ 119.956612313275869, -3.964771508587826 ], [ 119.957223167669056, -3.962602785493553 ], [ 119.957025538306553, -3.961052413845388 ], [ 119.955687048533221, -3.958874719283773 ], [ 119.951069707972849, -3.958274283973231 ], [ 119.948356795814817, -3.957548383986587 ], [ 119.940658233829907, -3.954474504153438 ] ] } },
{ "type": "Feature", "properties": { "FID": 92, "OBJECTID": 1351, "NAMOBJ": "Jalur Evakuasi Bencana", "STSJRN": 1, "WADMPR": "Provinsi Sulawesi Selatan", "WADMKK": "Kabupaten Wajo", "REMARK": "Tidak Ada", "SBDATA": "Analisis Tim Penyusun, 2022", "SHAPE_Leng": 0.0110314686042 }, "geometry": { "type": "LineString", "coordinates": [ [ 119.955237890891169, -3.957180952886609 ], [ 119.958938949861732, -3.958310130869665 ], [ 119.962145935426037, -3.958847834129928 ], [ 119.96296340233458, -3.95843559499496 ], [ 119.965352920990355, -3.958614829426688 ], [ 119.965882927007968, -3.958516250494038 ] ] } },
{ "type": "Feature", "properties": { "FID": 93, "OBJECTID": 1352, "NAMOBJ": "Jalur Evakuasi Bencana", "STSJRN": 1, "WADMPR": "Provinsi Sulawesi Selatan", "WADMKK": "Kabupaten Wajo", "REMARK": "Tidak Ada", "SBDATA": "Analisis Tim Penyusun, 2022", "SHAPE_Leng": 0.00180741047106 }, "geometry": { "type": "LineString", "coordinates": [ [ 119.955678065380368, -3.958856795847974 ], [ 119.955201958279801, -3.95794270010766 ], [ 119.955237890891169, -3.957180952886609 ] ] } },
{ "type": "Feature", "properties": { "FID": 94, "OBJECTID": 1353, "NAMOBJ": "Jalur Evakuasi Bencana", "STSJRN": 1, "WADMPR": "Provinsi Sulawesi Selatan", "WADMKK": "Kabupaten Wajo", "REMARK": "ruas Jalan Anabanua – Malake – Batas Kab. Sidrap", "SBDATA": "Analisis Tim Penyusun, 2022", "SHAPE_Leng": 0.076927476061800004 }, "geometry": { "type": "LineString", "coordinates": [ [ 119.956235020856539, -3.967666117736845 ], [ 119.957690291616814, -3.96803354417906 ], [ 119.958238263940103, -3.968329277538226 ], [ 119.960151675495297, -3.970166406639426 ], [ 119.961579996797042, -3.970515908786115 ], [ 119.962738823513547, -3.967218036488577 ], [ 119.964715117138624, -3.967155305094426 ], [ 119.96484986443123, -3.966097832304738 ], [ 119.965703263951156, -3.963023984225502 ], [ 119.966233269968768, -3.959313843339676 ], [ 119.965487668282975, -3.957799312448993 ], [ 119.964571386693166, -3.956670133769478 ], [ 119.964400706789178, -3.956087620356755 ], [ 119.965640381881272, -3.955962155875789 ], [ 119.967454978755171, -3.956150352590111 ], [ 119.972925718835469, -3.957046526833695 ], [ 119.975378119561114, -3.957718656880082 ], [ 119.978800700793599, -3.957888929738568 ], [ 119.980992590086856, -3.957503575324585 ], [ 119.985924340996689, -3.95933176676558 ], [ 119.986319599721696, -3.95926007305963 ], [ 119.987065201407518, -3.958552097379996 ], [ 119.988224028124037, -3.957888929738568 ], [ 119.988763017294488, -3.957799312448993 ], [ 119.9905506647099, -3.95794270010766 ], [ 119.991628643050845, -3.957369149324033 ], [ 119.991961019705968, -3.957055488571235 ], [ 119.993128829575312, -3.954017453991657 ], [ 119.994530201418542, -3.945199025096775 ], [ 119.998545670738565, -3.939830850278168 ], [ 120.000791458948868, -3.934758386148307 ] ] } },
{ "type": "Feature", "properties": { "FID": 95, "OBJECTID": 1354, "NAMOBJ": "Jalur Evakuasi Bencana", "STSJRN": 1, "WADMPR": "Provinsi Sulawesi Selatan", "WADMKK": "Kabupaten Wajo", "REMARK": "ruas Jalan Sudirman (Sengkang)", "SBDATA": "Analisis Tim Penyusun, 2022", "SHAPE_Leng": 0.0043923741082199999 }, "geometry": { "type": "LineString", "coordinates": [ [ 120.031172481857794, -4.13588528555694 ], [ 120.03079518943845, -4.135195383815154 ], [ 120.028441603394057, -4.132471610034139 ] ] } },
{ "type": "Feature", "properties": { "FID": 96, "OBJECTID": 1355, "NAMOBJ": "Unit Distribusi", "STSJRN": 1, "WADMPR": "Provinsi Sulawesi Selatan", "WADMKK": "Kabupaten Wajo", "REMARK": "Tidak Ada", "SBDATA": "Analisis Tim Penyusun, 2022", "SHAPE_Leng": 0.018545269387000001 }, "geometry": { "type": "LineString", "coordinates": [ [ 120.031190448163471, -4.135903205074697 ], [ 120.030804172591289, -4.135195383815154 ], [ 120.027543288109925, -4.131396433597545 ], [ 120.026070051043988, -4.129380473851204 ], [ 120.024210538405839, -4.127678103855002 ], [ 120.022701368728534, -4.125993649950155 ], [ 120.02250373936603, -4.124237513352155 ], [ 120.023563751401298, -4.120734188444215 ] ] } },
{ "type": "Feature", "properties": { "FID": 97, "OBJECTID": 1356, "NAMOBJ": "Unit Distribusi", "STSJRN": 1, "WADMPR": "Provinsi Sulawesi Selatan", "WADMKK": "Kabupaten Wajo", "REMARK": "Tidak Ada", "SBDATA": "Balai Permukiman dan Prasarana Wilayah (BPPW) Sulawesi Selatan, 2022", "SHAPE_Leng": 0.0033487908580999998 }, "geometry": { "type": "LineString", "coordinates": [ [ 120.039338167790433, -4.120635629208206 ], [ 120.039311218331918, -4.117293567887215 ] ] } },
{ "type": "Feature", "properties": { "FID": 98, "OBJECTID": 1357, "NAMOBJ": "Unit Distribusi", "STSJRN": 1, "WADMPR": "Provinsi Sulawesi Selatan", "WADMKK": "Kabupaten Wajo", "REMARK": "Tidak Ada", "SBDATA": "Analisis Tim Penyusun, 2022", "SHAPE_Leng": 0.0040627046726699999 }, "geometry": { "type": "LineString", "coordinates": [ [ 120.031747403639613, -4.142676753742125 ], [ 120.031747403639613, -4.141986857917986 ], [ 120.032043847683369, -4.141377598767881 ], [ 120.032537921089656, -4.138734483788738 ] ] } },
{ "type": "Feature", "properties": { "FID": 99, "OBJECTID": 1358, "NAMOBJ": "Unit Distribusi", "STSJRN": 1, "WADMPR": "Provinsi Sulawesi Selatan", "WADMKK": "Kabupaten Wajo", "REMARK": "Tidak Ada", "SBDATA": "Balai Permukiman dan Prasarana Wilayah (BPPW) Sulawesi Selatan, 2022", "SHAPE_Leng": 0.032730712745699997 }, "geometry": { "type": "LineString", "coordinates": [ [ 120.03846680196483, -4.179571861738478 ], [ 120.037532554069344, -4.168184556635729 ], [ 120.036957632287525, -4.165129397918054 ], [ 120.036562373562489, -4.161939835396652 ], [ 120.036418643117031, -4.161339551117615 ], [ 120.035592193055635, -4.159807480211949 ], [ 120.03529574901188, -4.158947368923848 ], [ 120.035547277291428, -4.157890147512634 ], [ 120.03690373337048, -4.156626855661572 ], [ 120.037478655152299, -4.1558563362337 ], [ 120.037721200279009, -4.153625409458821 ], [ 120.038188324226766, -4.152335232059193 ], [ 120.038592566104612, -4.150014699345022 ], [ 120.038502734576198, -4.149002264016253 ], [ 120.038161374768237, -4.148303414094175 ] ] } },
{ "type": "Feature", "properties": { "FID": 100, "OBJECTID": 1359, "NAMOBJ": "Unit Distribusi", "STSJRN": 1, "WADMPR": "Provinsi Sulawesi Selatan", "WADMKK": "Kabupaten Wajo", "REMARK": "Tidak Ada", "SBDATA": "Balai Permukiman dan Prasarana Wilayah (BPPW) Sulawesi Selatan, 2022", "SHAPE_Leng": 0.034829737667899999 }, "geometry": { "type": "LineString", "coordinates": [ [ 120.018596067880097, -4.176131497438459 ], [ 120.018820646701144, -4.174402350309903 ], [ 120.018982343452279, -4.170782776115908 ], [ 120.018048095556793, -4.162970173017628 ], [ 120.018658949950009, -4.161877119150101 ], [ 120.019458450552861, -4.160882618001476 ], [ 120.026869551646854, -4.154736393862361 ], [ 120.027435490275835, -4.154440728810988 ], [ 120.030956886189585, -4.155811538569383 ], [ 120.0354304963045, -4.158042459159322 ] ] } },
{ "type": "Feature", "properties": { "FID": 101, "OBJECTID": 1360, "NAMOBJ": "Unit Distribusi", "STSJRN": 1, "WADMPR": "Provinsi Sulawesi Selatan", "WADMKK": "Kabupaten Wajo", "REMARK": "Tidak Ada", "SBDATA": "Balai Permukiman dan Prasarana Wilayah (BPPW) Sulawesi Selatan, 2022", "SHAPE_Leng": 0.017811251761900002 }, "geometry": { "type": "LineString", "coordinates": [ [ 120.037460688846622, -4.15589217436332 ], [ 120.038808161772792, -4.157513848024035 ], [ 120.040721573327971, -4.160577995776771 ], [ 120.044233986088884, -4.164600791539883 ], [ 120.046848083565664, -4.168130800279937 ], [ 120.048447084771411, -4.169851001841896 ] ] } },
{ "type": "Feature", "properties": { "FID": 102, "OBJECTID": 1361, "NAMOBJ": "Jaringan Drainase Sekunder", "STSJRN": 1, "WADMPR": "Provinsi Sulawesi Selatan", "WADMKK": "Kabupaten Wajo", "REMARK": "Tidak Ada", "SBDATA": "Analisis Tim Penyusun, 2022", "SHAPE_Leng": 0.15319865070899999 }, "geometry": { "type": "LineString", "coordinates": [ [ 120.02465969604792, -4.09373746217369 ], [ 120.02476749388201, -4.091560122557491 ], [ 120.022979846466598, -4.085189354141698 ], [ 120.02215339640523, -4.080037148585552 ], [ 120.022431874143308, -4.077671603136079 ], [ 120.02274628449274, -4.07656051120339 ], [ 120.023752397610949, -4.074302480931713 ], [ 120.026582090755937, -4.05859465862009 ], [ 120.035951519169302, -4.031416627241894 ], [ 120.03881714492563, -4.023495130631262 ], [ 120.039535797152936, -4.022159938657145 ], [ 120.040847337467753, -4.020466302737006 ], [ 120.040667674410926, -4.018996689880826 ], [ 120.044108221949102, -4.010644937288085 ], [ 120.051636104030038, -3.993403495839482 ], [ 120.052597301384026, -3.990840547907122 ], [ 120.053387818834054, -3.987972904375959 ], [ 120.055283264083556, -3.982631891631598 ], [ 120.056442090800061, -3.979800065440864 ], [ 120.057654816433626, -3.977093690804058 ], [ 120.058427367577977, -3.975901807763871 ], [ 120.059685008975748, -3.974494845867101 ], [ 120.06043959381438, -3.972559149143493 ], [ 120.061670285753621, -3.970632409468795 ], [ 120.06285606192867, -3.968481624984954 ], [ 120.062891994540053, -3.968194853297185 ], [ 120.064841338706572, -3.965085166415723 ], [ 120.065604906698084, -3.964171077556757 ], [ 120.068084256882244, -3.957987508745901 ], [ 120.068147138952142, -3.957324340652336 ], [ 120.067203907903803, -3.955603685825488 ], [ 120.065910333894678, -3.950755363167797 ] ] } },
{ "type": "Feature", "properties": { "FID": 103, "OBJECTID": 1362, "NAMOBJ": "Jaringan Drainase Sekunder", "STSJRN": 1, "WADMPR": "Provinsi Sulawesi Selatan", "WADMKK": "Kabupaten Wajo", "REMARK": "Tidak Ada", "SBDATA": "Analisis Tim Penyusun, 2022", "SHAPE_Leng": 0.059000541588100003 }, "geometry": { "type": "LineString", "coordinates": [ [ 120.178954329248285, -4.019355132285113 ], [ 120.180068240200598, -4.01953435342817 ], [ 120.18341895621036, -4.019677730314251 ], [ 120.184425069328583, -4.020000328215752 ], [ 120.186670857538886, -4.020242276558109 ], [ 120.189473601225316, -4.020869549703873 ], [ 120.190776158387294, -4.022106172491553 ], [ 120.191872103033916, -4.023943181138891 ], [ 120.192285328064628, -4.024382270397235 ], [ 120.19295008137486, -4.024651100438565 ], [ 120.195159936973795, -4.024480841422694 ], [ 120.196435544677243, -4.025117072299968 ], [ 120.196758938179528, -4.02535005813067 ], [ 120.197163180057387, -4.025986288328735 ], [ 120.197765051297736, -4.027670951803597 ], [ 120.198753198110268, -4.02850432127577 ], [ 120.20497852302924, -4.030771440357986 ], [ 120.206847018820184, -4.031999087183419 ], [ 120.210296549511199, -4.034624632199437 ], [ 120.214527614499417, -4.036891734208489 ], [ 120.216117632552326, -4.038961691383472 ], [ 120.217680701146676, -4.0415065665608 ], [ 120.218740713181944, -4.042725236353282 ], [ 120.220734973112698, -4.044365061197602 ], [ 120.222693300432056, -4.045135688120452 ], [ 120.223259239061065, -4.045512040537317 ], [ 120.223537716799129, -4.046506685368775 ], [ 120.223376020047994, -4.050010334457836 ] ] } },
{ "type": "Feature", "properties": { "FID": 104, "OBJECTID": 1363, "NAMOBJ": "Jaringan Drainase Sekunder", "STSJRN": 1, "WADMPR": "Provinsi Sulawesi Selatan", "WADMKK": "Kabupaten Wajo", "REMARK": "Tidak Ada", "SBDATA": "Analisis Tim Penyusun, 2022", "SHAPE_Leng": 0.062245552186800002 }, "geometry": { "type": "LineString", "coordinates": [ [ 120.205939720383242, -3.740870685683719 ], [ 120.20724227754522, -3.740924469758401 ], [ 120.20907484072481, -3.742322854541303 ], [ 120.209559930978244, -3.742529026467921 ], [ 120.210341465275405, -3.742573846445548 ], [ 120.211140965878286, -3.742107718566138 ], [ 120.212560304027178, -3.743156505945974 ], [ 120.213117259503349, -3.743219253869055 ], [ 120.213961675870436, -3.743945336651947 ], [ 120.213782012813581, -3.744671418832731 ], [ 120.21402455794032, -3.745047905652349 ], [ 120.214976772141483, -3.745003085801362 ], [ 120.215731356980129, -3.745227185033351 ], [ 120.216180514622209, -3.745182365191544 ], [ 120.216809335321074, -3.745496104035999 ], [ 120.217150695129035, -3.745451284207963 ], [ 120.218049010413154, -3.744922410063802 ], [ 120.219899539898449, -3.744366643669685 ], [ 120.220986501392247, -3.743792948957308 ], [ 120.221777018842275, -3.74294137017557 ], [ 120.222513637375229, -3.742475242491743 ], [ 120.223492801034922, -3.742609702425998 ], [ 120.22433721740201, -3.742448350502416 ], [ 120.228864726433969, -3.738674499815327 ], [ 120.229277951464653, -3.737813952015694 ], [ 120.229646260731144, -3.737813952015694 ], [ 120.229556429202731, -3.737473318278395 ], [ 120.230302030888552, -3.737401605895791 ], [ 120.231739335343136, -3.736576913074454 ], [ 120.232278324513629, -3.736980295529585 ], [ 120.23270951584999, -3.736998223634396 ], [ 120.23308680826932, -3.736774122297914 ], [ 120.233437151230135, -3.736236278856792 ], [ 120.234757674697789, -3.735770147607794 ], [ 120.236114130776812, -3.734999237691083 ], [ 120.237281940646156, -3.735178519127491 ], [ 120.238288053764379, -3.73577911167261 ], [ 120.238782127170651, -3.736693445802766 ], [ 120.239608577232033, -3.737078900101515 ], [ 120.24078537025423, -3.738808960332731 ], [ 120.244243884098083, -3.741596770413376 ], [ 120.245276946674821, -3.742806910292233 ], [ 120.246777133199316, -3.742762090326532 ], [ 120.247944943068674, -3.743568849358192 ], [ 120.249355298064742, -3.743918444707762 ], [ 120.250100899750535, -3.743282001787638 ], [ 120.251268709619922, -3.743004118114065 ], [ 120.253218053786441, -3.74312064998791 ], [ 120.254089419612043, -3.743783984974445 ], [ 120.254260099516017, -3.744357679692695 ], [ 120.25626334259961, -3.745227185033351 ] ] } },
{ "type": "Feature", "properties": { "FID": 105, "OBJECTID": 1364, "NAMOBJ": "Jaringan Drainase Sekunder", "STSJRN": 1, "WADMPR": "Provinsi Sulawesi Selatan", "WADMKK": "Kabupaten Wajo", "REMARK": "Tidak Ada", "SBDATA": "Analisis Tim Penyusun, 2022", "SHAPE_Leng": 0.014985396682600001 }, "geometry": { "type": "LineString", "coordinates": [ [ 120.281443120013478, -3.74982568860043 ], [ 120.281775496668601, -3.751430228988285 ], [ 120.282089907018062, -3.751994954792612 ], [ 120.283410430485702, -3.752156304955378 ], [ 120.284425526756763, -3.751950135297667 ], [ 120.285449606180663, -3.751968063095921 ], [ 120.287452849264227, -3.750453162845843 ], [ 120.288827271648955, -3.750515910245612 ], [ 120.290435256007513, -3.749834652521393 ], [ 120.292357650715545, -3.746733130383847 ] ] } },
{ "type": "Feature", "properties": { "FID": 106, "OBJECTID": 1365, "NAMOBJ": "Jaringan Drainase Sekunder", "STSJRN": 1, "WADMPR": "Provinsi Sulawesi Selatan", "WADMKK": "Kabupaten Wajo", "REMARK": "Tidak Ada", "SBDATA": "Analisis Tim Penyusun, 2022", "SHAPE_Leng": 0.0148618408422 }, "geometry": { "type": "LineString", "coordinates": [ [ 120.29932857732031, -3.705220084222947 ], [ 120.297531946752059, -3.711575803730731 ], [ 120.296427018952585, -3.712723234821192 ], [ 120.296040743380431, -3.713664485774329 ], [ 120.294585472620156, -3.71569937726143 ], [ 120.293399696445121, -3.718110762418546 ], [ 120.293372746986591, -3.718505189103006 ] ] } },
{ "type": "Feature", "properties": { "FID": 107, "OBJECTID": 1366, "NAMOBJ": "Jaringan Drainase Sekunder", "STSJRN": 1, "WADMPR": "Provinsi Sulawesi Selatan", "WADMKK": "Kabupaten Wajo", "REMARK": "Tidak Ada", "SBDATA": "Analisis Tim Penyusun, 2022", "SHAPE_Leng": 0.032802140233299998 }, "geometry": { "type": "LineString", "coordinates": [ [ 120.360620629155775, -3.655278144214116 ], [ 120.360881140588162, -3.656210491070033 ], [ 120.360584696544421, -3.656954574884465 ], [ 120.359884010622793, -3.656721488454802 ], [ 120.359030611102867, -3.658227584315478 ], [ 120.358006531678996, -3.658559283658998 ], [ 120.357171098464761, -3.659150963264201 ], [ 120.354961242865826, -3.660298461990776 ], [ 120.354503102070908, -3.660244673020806 ], [ 120.353739534079423, -3.659617134799154 ], [ 120.353191561756105, -3.659626099633986 ], [ 120.352230364402089, -3.660666019865777 ], [ 120.348798800016752, -3.662575525422625 ], [ 120.347675905911601, -3.663068589576125 ], [ 120.346157753081442, -3.662925152759486 ], [ 120.345349269325737, -3.662342440455512 ], [ 120.34428925729047, -3.662127285047387 ], [ 120.343687386050121, -3.66154457222404 ], [ 120.342681272931912, -3.661374240711738 ], [ 120.342016519621652, -3.661885235151432 ], [ 120.340956507586412, -3.662306581224416 ], [ 120.340139040677855, -3.663274779959768 ], [ 120.339483270520432, -3.664341590316323 ], [ 120.338836483515891, -3.664547780406622 ], [ 120.338369359568134, -3.664305731165332 ], [ 120.337767488327785, -3.664305731165332 ], [ 120.335189323462345, -3.665354610737912 ], [ 120.334874913112898, -3.665901461993082 ] ] } },
{ "type": "Feature", "properties": { "FID": 108, "OBJECTID": 1367, "NAMOBJ": "Jaringan Drainase Sekunder", "STSJRN": 1, "WADMPR": "Provinsi Sulawesi Selatan", "WADMKK": "Kabupaten Wajo", "REMARK": "Tidak Ada", "SBDATA": "Analisis Tim Penyusun, 2022", "SHAPE_Leng": 0.028788799535799998 }, "geometry": { "type": "LineString", "coordinates": [ [ 120.03119943131631, -4.135894245315869 ], [ 120.030813155744127, -4.135186424048323 ], [ 120.027543288109925, -4.131387473787785 ], [ 120.026079034196826, -4.129371514018677 ], [ 120.024210538405839, -4.127669144003257 ], [ 120.022898998091037, -4.126253486157901 ], [ 120.022593570894443, -4.125715893909945 ], [ 120.022512722518869, -4.124237513352155 ], [ 120.023572734554136, -4.120734188444215 ], [ 120.022081531182508, -4.118494202792489 ], [ 120.022000682806905, -4.11807308478569 ], [ 120.022198312169436, -4.117078528608454 ], [ 120.021668306151795, -4.11545677217686 ], [ 120.022386958379101, -4.111138045574052 ] ] } },
{ "type": "Feature", "properties": { "FID": 109, "OBJECTID": 1368, "NAMOBJ": "Jaringan Drainase Sekunder", "STSJRN": 1, "WADMPR": "Provinsi Sulawesi Selatan", "WADMKK": "Kabupaten Wajo", "REMARK": "Tidak Ada", "SBDATA": "Analisis Tim Penyusun, 2022", "SHAPE_Leng": 0.19897534117099999 }, "geometry": { "type": "LineString", "coordinates": [ [ 120.024650712895081, -4.093773303105493 ], [ 120.036364744199986, -4.091972294297126 ], [ 120.03667017139658, -4.091811009728617 ], [ 120.037137295344337, -4.091040427453032 ], [ 120.037415773082415, -4.090879142696886 ], [ 120.038736296550056, -4.091103149293874 ], [ 120.040191567310359, -4.090968745343197 ], [ 120.041018017371727, -4.089848711544027 ], [ 120.0418624337388, -4.089588863478871 ], [ 120.042590069118944, -4.089768069050066 ], [ 120.04310210883088, -4.089651585433347 ], [ 120.04414415456047, -4.088827239354226 ], [ 120.045159250831531, -4.087760964363895 ], [ 120.047027746622504, -4.087967051237302 ], [ 120.047351140124775, -4.087850567358842 ], [ 120.047970977670801, -4.087295028628743 ], [ 120.048761495120843, -4.085296878079223 ], [ 120.050010153365761, -4.084472527523242 ], [ 120.0503694794794, -4.083218079400035 ], [ 120.050683889828861, -4.082868625645093 ], [ 120.052606284536864, -4.082501251020731 ], [ 120.056127680450629, -4.083029912012433 ], [ 120.056900231594952, -4.083047832717916 ], [ 120.057430237612607, -4.082877585999685 ], [ 120.059155002958093, -4.08163209575225 ], [ 120.060933667220667, -4.07975937656414 ], [ 120.062326055911043, -4.079481604446677 ], [ 120.063475899474724, -4.078791653932918 ], [ 120.064625743038391, -4.077232542797831 ], [ 120.067221874209494, -4.076775561374737 ], [ 120.069270033057293, -4.075565903412676 ], [ 120.07086903426304, -4.071892116226597 ], [ 120.071147512001104, -4.069660954359686 ], [ 120.071893113686912, -4.067411865257562 ], [ 120.072692614289778, -4.065691442264122 ], [ 120.074111952438685, -4.063514026648789 ], [ 120.075351627530793, -4.062877825914695 ], [ 120.079079635959886, -4.062277467015312 ], [ 120.080229479523553, -4.061076747876329 ], [ 120.082627981332152, -4.059490720603658 ], [ 120.084271898302077, -4.058612579869507 ], [ 120.087424984949337, -4.05619320760145 ], [ 120.087937024661301, -4.055592843731385 ], [ 120.090874515640365, -4.04896192954281 ], [ 120.091961477134149, -4.047053291467798 ], [ 120.093246067990435, -4.045529962076617 ], [ 120.099911567398607, -4.039571028420458 ], [ 120.100252927206554, -4.038898965486041 ], [ 120.100908697363977, -4.036345121259672 ], [ 120.101663282202651, -4.035520720706453 ], [ 120.102741260543596, -4.035117481000636 ], [ 120.103738390508965, -4.034535023294364 ], [ 120.105732650439691, -4.033791269000774 ], [ 120.107178938047142, -4.033764386302712 ], [ 120.108930652851171, -4.032706999473521 ], [ 120.11289222325415, -4.032214149210172 ], [ 120.113422229271762, -4.032232071043168 ], [ 120.116108191971279, -4.033181927626336 ], [ 120.119234329160008, -4.035126441885164 ], [ 120.119926031928799, -4.035216050724991 ], [ 120.120608751544708, -4.035099559231288 ], [ 120.121093841798157, -4.03483969353128 ], [ 120.122773691379436, -4.033164005814287 ], [ 120.125306940480684, -4.031658572191356 ], [ 120.126205255764773, -4.030386120169249 ], [ 120.126492716655719, -4.029149509958271 ], [ 120.126789160699474, -4.028791071864499 ], [ 120.128738504866021, -4.027626146969086 ], [ 120.130085977792191, -4.027348356940061 ], [ 120.13058005119845, -4.027088488762544 ], [ 120.131056158299046, -4.026514986284056 ], [ 120.131199888744504, -4.025233565223652 ], [ 120.131595147469497, -4.024292660363738 ], [ 120.132385664919539, -4.023611623786955 ], [ 120.13326601389798, -4.023315910359204 ], [ 120.134748234116771, -4.023073962929379 ], [ 120.135835195610554, -4.023414481513716 ], [ 120.137272500065137, -4.024973696371014 ], [ 120.137479112580479, -4.026084859160007 ], [ 120.137766573471396, -4.026694205851993 ], [ 120.139087096939065, -4.027509654387814 ], [ 120.140317788878306, -4.027644068903188 ], [ 120.141171188398204, -4.027240825290463 ], [ 120.142159335210735, -4.025583043894703 ], [ 120.143219347246003, -4.024910969394158 ], [ 120.146794642076799, -4.023468247592968 ], [ 120.148645171562094, -4.023262144269897 ], [ 120.150010610793942, -4.022339159183497 ], [ 120.151115538593416, -4.022106172491553 ], [ 120.153199630052569, -4.020923315951049 ], [ 120.154771681799772, -4.020484224828659 ], [ 120.157978667364091, -4.019964484010778 ], [ 120.161859389391495, -4.020537991101251 ], [ 120.163215845470518, -4.021066692592847 ], [ 120.16363805365404, -4.021075653632121 ], [ 120.16498552658021, -4.020824744495183 ], [ 120.165614347279103, -4.020546952146337 ], [ 120.166081471226846, -4.020179549216985 ], [ 120.166503679410397, -4.019399937574569 ], [ 120.166979786510964, -4.019041495189978 ], [ 120.168066748004748, -4.018351493156088 ], [ 120.168740484467847, -4.018288765669514 ], [ 120.169432187236609, -4.018369415294222 ], [ 120.171507295542924, -4.019928639804228 ], [ 120.17281883585774, -4.020063055570666 ], [ 120.175621579544199, -4.020663445723509 ], [ 120.176618709509583, -4.021201108171627 ], [ 120.177175664985725, -4.021281757508253 ], [ 120.177588890016438, -4.021075653632121 ], [ 120.178963312401137, -4.019337210168641 ] ] } },
{ "type": "Feature", "properties": { "FID": 110, "OBJECTID": 1369, "NAMOBJ": "Jaringan Drainase Sekunder", "STSJRN": 1, "WADMPR": "Provinsi Sulawesi Selatan", "WADMKK": "Kabupaten Wajo", "REMARK": "Tidak Ada", "SBDATA": "Analisis Tim Penyusun, 2022", "SHAPE_Leng": 0.075706710878800001 }, "geometry": { "type": "LineString", "coordinates": [ [ 119.931055243442657, -4.003520789016746 ], [ 119.929662854752266, -4.007159041044204 ], [ 119.928504028035761, -4.009730899093821 ], [ 119.927614695904481, -4.011334945835971 ], [ 119.926743330078892, -4.012553660808637 ], [ 119.926375020812387, -4.013575229311253 ], [ 119.925189244637352, -4.014713290962745 ], [ 119.924802969065198, -4.015519790385174 ], [ 119.924713137536784, -4.017079020342014 ], [ 119.924407710340191, -4.018055777820005 ], [ 119.924272963047542, -4.019543314484287 ], [ 119.924443642951559, -4.020466302737006 ], [ 119.925036531039055, -4.021864224702485 ], [ 119.925126362567468, -4.02337863745891 ], [ 119.923590243431633, -4.027429005667933 ], [ 119.922781759675914, -4.029033017595119 ], [ 119.921838528627589, -4.032402328436905 ], [ 119.921488185666789, -4.032366484778029 ], [ 119.921497168819627, -4.033334263012784 ], [ 119.92182954547475, -4.034382688133054 ], [ 119.921667848723615, -4.034696319316377 ], [ 119.920491055701419, -4.035798507942879 ], [ 119.91986223500254, -4.036963421125299 ], [ 119.918945953412731, -4.037438346789278 ], [ 119.91682592934221, -4.039158829886691 ], [ 119.915577271097291, -4.041183977191501 ], [ 119.915460490110362, -4.042761079554742 ], [ 119.915164046066579, -4.043433139288669 ], [ 119.913825556293247, -4.04487582563535 ], [ 119.91321470190006, -4.046246823323467 ], [ 119.91219062247616, -4.04610345112485 ], [ 119.910852132702828, -4.046479803092092 ], [ 119.909908901654489, -4.046515646127472 ], [ 119.906657000325978, -4.045207374308574 ], [ 119.90643242150496, -4.045852549716206 ], [ 119.905426308386737, -4.047277310254254 ], [ 119.905057999120231, -4.048128581077552 ], [ 119.905093931731599, -4.050180588119265 ], [ 119.904869352910566, -4.052976327329437 ], [ 119.904285447975909, -4.054508603373272 ], [ 119.903423065303144, -4.055574922414976 ], [ 119.902578648936071, -4.055960230630209 ], [ 119.89973098948542, -4.058065981583377 ], [ 119.898895556271185, -4.058298957947295 ], [ 119.898105038821143, -4.058119745365631 ], [ 119.897422319205234, -4.060234451294712 ] ] } },
{ "type": "Feature", "properties": { "FID": 111, "OBJECTID": 1370, "NAMOBJ": "Jaringan Drainase Sekunder", "STSJRN": 1, "WADMPR": "Provinsi Sulawesi Selatan", "WADMKK": "Kabupaten Wajo", "REMARK": "Tidak Ada", "SBDATA": "Analisis Tim Penyusun, 2022", "SHAPE_Leng": 0.15347183505000001 }, "geometry": { "type": "LineString", "coordinates": [ [ 120.199947957438155, -3.970193291425194 ], [ 120.199319136739277, -3.970076790680543 ], [ 120.195959437576676, -3.970972949831581 ], [ 120.195052139139705, -3.97064137105909 ], [ 120.19383941350614, -3.969807942745528 ], [ 120.192456007968602, -3.969234400191572 ], [ 120.189653264282143, -3.968598125954668 ], [ 120.18875494899801, -3.968167968446353 ], [ 120.184856260664944, -3.967038803921222 ], [ 120.182017584367117, -3.967352460888576 ], [ 120.180697060899462, -3.967809503684959 ], [ 120.180059257047759, -3.967782618821583 ], [ 120.179035177623859, -3.967316614384048 ], [ 120.178064997117005, -3.966527990890949 ], [ 120.175549714321477, -3.96338245106245 ], [ 120.17130966618042, -3.960210014159526 ], [ 120.170195755228121, -3.959752967162639 ], [ 120.169791513350276, -3.958516250494038 ], [ 120.169477103000816, -3.958390786380965 ], [ 120.16463518361941, -3.958641714588101 ], [ 120.159883095766432, -3.960030780073181 ], [ 120.158598504910145, -3.961410881536709 ], [ 120.158032566281136, -3.961670770515801 ], [ 120.154645917660005, -3.961661808828225 ], [ 120.153810484445785, -3.961285417862412 ], [ 120.152804371327576, -3.960326516294836 ], [ 120.151349100567273, -3.960425095011904 ], [ 120.150459768436022, -3.96014728223372 ], [ 120.147800755195007, -3.958856795847974 ], [ 120.146489214880205, -3.958561059101243 ], [ 120.144881230521634, -3.957709695149718 ], [ 120.143291212468725, -3.957387072792034 ], [ 120.141826958555626, -3.957584230914442 ], [ 120.139446423052703, -3.956105543852483 ], [ 120.138018101750959, -3.954626854151358 ], [ 120.136580797296361, -3.953488709372452 ], [ 120.135951976597482, -3.95256564592394 ], [ 120.134155346029232, -3.951732199403238 ], [ 120.133077367688287, -3.950549241613352 ], [ 120.131020225687678, -3.949751640333277 ], [ 120.128082734708599, -3.948909229160082 ], [ 120.124669136628938, -3.948685183491351 ], [ 120.123851669720381, -3.948470099592478 ], [ 120.122324533737398, -3.947699381830557 ], [ 120.120644684156076, -3.947152709495942 ], [ 120.119854166706062, -3.946238600853717 ], [ 120.119485857439557, -3.945360338661574 ], [ 120.118632457919674, -3.944903283479957 ], [ 120.117734142635541, -3.945136292035337 ], [ 120.116386669709371, -3.946740464546561 ], [ 120.115326657674103, -3.947054129200577 ], [ 120.114877500032037, -3.947036205509255 ], [ 120.113763589079724, -3.946328219392538 ], [ 120.111850177524559, -3.947063091046096 ], [ 120.109918799663703, -3.946901777811996 ], [ 120.108265899540925, -3.945996630750599 ], [ 120.106693847793707, -3.946256524562255 ], [ 120.105481122160143, -3.946821121183195 ], [ 120.104510941653288, -3.948631412521859 ], [ 120.104124666081134, -3.948945076461466 ], [ 120.103792289426011, -3.949007809235164 ], [ 120.101663282202651, -3.948918190985573 ], [ 120.101178191949202, -3.948649336178743 ], [ 120.100935646822506, -3.94817435914053 ], [ 120.101339888700352, -3.946256524562255 ], [ 120.101142259337848, -3.94579946987372 ], [ 120.100414623957718, -3.945548537780919 ], [ 120.099749870647472, -3.945674003836794 ], [ 120.098896471127546, -3.946122096738793 ], [ 120.096138643205308, -3.948039931627542 ], [ 120.094225231650128, -3.948541794231628 ], [ 120.08603259625896, -3.948559717890449 ], [ 120.081118811654832, -3.948165397307008 ], [ 120.079627608283175, -3.947762114698393 ], [ 120.078405899496786, -3.947018281817543 ], [ 120.076267909120574, -3.946910739659156 ], [ 120.073276519224478, -3.947699381830557 ], [ 120.071093613084059, -3.949276663925875 ], [ 120.069835971686288, -3.949832296677342 ], [ 120.065892367589001, -3.950728477750556 ] ] } },
{ "type": "Feature", "properties": { "FID": 112, "OBJECTID": 1371, "NAMOBJ": "Jaringan Drainase Sekunder", "STSJRN": 1, "WADMPR": "Provinsi Sulawesi Selatan", "WADMKK": "Kabupaten Wajo", "REMARK": "Tidak Ada", "SBDATA": "Analisis Tim Penyusun, 2022", "SHAPE_Leng": 0.41455430135900001 }, "geometry": { "type": "LineString", "coordinates": [ [ 120.22727470838106, -4.236057967047199 ], [ 120.228271838346444, -4.23534127771018 ], [ 120.229385749298743, -4.236022132596116 ], [ 120.230248131971507, -4.23485751203238 ], [ 120.230113384678887, -4.23383622794161 ], [ 120.237677199371191, -4.232259505997356 ], [ 120.247612566413537, -4.232214712713393 ], [ 120.279745304126507, -4.228926878596416 ], [ 120.280634636257759, -4.228389356705224 ], [ 120.282036008101002, -4.22636468756847 ], [ 120.28433569522835, -4.224053333152982 ], [ 120.28447044252097, -4.200706476358945 ], [ 120.286024527962482, -4.190349780238272 ], [ 120.28571011761305, -4.18718719775572 ], [ 120.28368890822378, -4.175988148598535 ], [ 120.277813926265637, -4.162808902870316 ], [ 120.27787680833552, -4.157728876325232 ], [ 120.277176122413906, -4.156098243577029 ], [ 120.274508126020081, -4.153365582235482 ], [ 120.273070821565497, -4.149342729138912 ], [ 120.272370135643868, -4.148966425573751 ], [ 120.272343186185353, -4.147344734349186 ], [ 120.272810310133082, -4.146457730558526 ], [ 120.27316065309391, -4.146117264192658 ], [ 120.273807440098452, -4.144217817565671 ], [ 120.275307626622947, -4.142336285748259 ], [ 120.279880051419113, -4.135777768441886 ], [ 120.281479052624846, -4.13291959978584 ], [ 120.284775869717564, -4.123045847021578 ], [ 120.289222530373962, -4.110931964673899 ], [ 120.291306621833115, -4.108969713434616 ], [ 120.291100009317773, -4.107742183948819 ], [ 120.291073059859258, -4.105645523379073 ], [ 120.29125272291607, -4.104382148325254 ], [ 120.291674931099593, -4.103835581193096 ], [ 120.292375617021222, -4.103441335816352 ], [ 120.294172247589444, -4.101317783508381 ], [ 120.295411922681524, -4.098540132730821 ], [ 120.29648091786963, -4.096550970437993 ], [ 120.296948041817387, -4.094221314617628 ], [ 120.297118721721375, -4.090906023491832 ], [ 120.297388216306601, -4.090225043075209 ], [ 120.297442115223646, -4.089615744317104 ], [ 120.297424148917969, -4.088307542477292 ], [ 120.296651597773618, -4.086712608579053 ], [ 120.296561766245205, -4.085852418193507 ], [ 120.297576862516266, -4.081614175015166 ], [ 120.297864323407197, -4.08081670180997 ], [ 120.299364509931664, -4.079087347082794 ], [ 120.299642987669742, -4.078478039867168 ], [ 120.304700502719342, -4.063639474621634 ], [ 120.308608174205247, -4.051327559220542 ], [ 120.308886651943325, -4.05084368098548 ], [ 120.312902121263349, -4.046945762428288 ], [ 120.316827759054945, -4.043522747211093 ], [ 120.319378974461856, -4.041542409816134 ], [ 120.323547157380162, -4.039660636769653 ], [ 120.325478535241018, -4.039203634085287 ], [ 120.326179221162647, -4.039427655041159 ], [ 120.326376850525151, -4.03884520042724 ], [ 120.323699870978459, -4.036613947346063 ], [ 120.320519834872698, -4.034302040094913 ], [ 120.31812133306407, -4.033155044908115 ], [ 120.315354521988993, -4.029176392808935 ], [ 120.314608920303158, -4.028378867861419 ], [ 120.313512975656536, -4.027894975939142 ], [ 120.311258204293395, -4.027348356940061 ], [ 120.309802933533135, -4.026120703095692 ], [ 120.308706988886499, -4.024669022438164 ], [ 120.308733938345028, -4.023566818729045 ], [ 120.310395821620659, -4.0209950042751 ], [ 120.311509732572972, -4.018306687809027 ], [ 120.311446850503089, -4.015869273220749 ], [ 120.311527698878649, -4.015358490564437 ], [ 120.312156519577528, -4.013996401918359 ], [ 120.311617530407062, -4.011818847586866 ], [ 120.311725328241153, -4.009802588400903 ], [ 120.312021772284908, -4.008700364609751 ], [ 120.313503992503698, -4.006702020126291 ], [ 120.314447223552023, -4.005008352145384 ], [ 120.314959263263987, -4.004640942226476 ], [ 120.316351651954363, -4.004192881126537 ], [ 120.316657079150957, -4.003986772938199 ], [ 120.316782843290738, -4.003520789016746 ], [ 120.316594197081074, -4.003189223372662 ], [ 120.315632999727057, -4.002364789297246 ], [ 120.311258204293395, -3.999291076679785 ], [ 120.309497506336541, -3.99562590574952 ], [ 120.305500003322194, -3.99491796131059 ], [ 120.304386092369882, -3.994478856225043 ], [ 120.301637247600496, -3.993905330861442 ], [ 120.300146044228853, -3.992937505901478 ], [ 120.298484160953222, -3.99068820459631 ], [ 120.298026020158332, -3.989738298609152 ], [ 120.298268565285042, -3.988152132389875 ], [ 120.30043350511977, -3.980409446582878 ], [ 120.301933691644237, -3.979083145872968 ], [ 120.302140304159579, -3.978572340300153 ], [ 120.302032506325489, -3.977765804540326 ], [ 120.3008107975391, -3.976627691625125 ], [ 120.300128077923176, -3.976305076654597 ], [ 120.297522963599206, -3.975865961630703 ], [ 120.297127704874214, -3.975704654012158 ], [ 120.296310237965656, -3.974969807794959 ], [ 120.295070562873576, -3.974602384440763 ], [ 120.294702253607085, -3.972039377953416 ], [ 120.292429515938267, -3.969969251517043 ], [ 120.291989341449039, -3.969135822524989 ], [ 120.290004064671152, -3.966832686420695 ], [ 120.289797452155781, -3.966402527993101 ], [ 120.289635755404646, -3.965461555652095 ], [ 120.288180484644371, -3.961437766607298 ], [ 120.288396080312566, -3.958704446628003 ], [ 120.288297265631314, -3.957951661835501 ], [ 120.286904876940923, -3.954644777678685 ], [ 120.286114359490895, -3.953264664940559 ], [ 120.285413673569295, -3.950065303849495 ], [ 120.283563144083999, -3.948658298007041 ], [ 120.283329582110142, -3.948568679719713 ], [ 120.282260586922035, -3.948721030802413 ], [ 120.281452103166316, -3.948353595790652 ], [ 120.278721224702608, -3.945100444569532 ], [ 120.277921724099727, -3.943567963960107 ], [ 120.277598330597456, -3.942582156226583 ], [ 120.277436633846321, -3.940449222766353 ], [ 120.276349672352538, -3.93905116257272 ], [ 120.276565268020718, -3.937859224783328 ], [ 120.276538318562189, -3.936998877649081 ], [ 120.275487289679774, -3.936470122198354 ], [ 120.273825406404143, -3.936022024095896 ], [ 120.27098673010633, -3.934498488744087 ] ] } },
{ "type": "Feature", "properties": { "FID": 113, "OBJECTID": 1372, "NAMOBJ": "Jaringan Drainase Sekunder", "STSJRN": 1, "WADMPR": "Provinsi Sulawesi Selatan", "WADMKK": "Kabupaten Wajo", "REMARK": "Tidak Ada", "SBDATA": "Analisis Tim Penyusun, 2022", "SHAPE_Leng": 0.22598578569700001 }, "geometry": { "type": "LineString", "coordinates": [ [ 120.008831380741725, -4.268469546537192 ], [ 120.009630881344606, -4.26414270647154 ], [ 120.013628384358924, -4.245580913540518 ], [ 120.011876669554908, -4.224438559367235 ], [ 120.009603931886076, -4.209584814884287 ], [ 120.015946037791949, -4.198188987602618 ], [ 120.017428258010739, -4.185852279500462 ], [ 120.018209792307928, -4.184284419582588 ], [ 120.018874545618189, -4.183379539001383 ], [ 120.020761007714825, -4.182170043522919 ], [ 120.021883901819976, -4.18189230726056 ], [ 120.02285408232683, -4.181856470316313 ], [ 120.025001055855881, -4.182411942767986 ], [ 120.02611496680818, -4.182528412748234 ], [ 120.03033704864356, -4.181784796422899 ], [ 120.036185081143174, -4.182824067235723 ], [ 120.037298992095472, -4.182465698145637 ], [ 120.038071543239823, -4.181704163284972 ], [ 120.038403919894947, -4.181041179391917 ], [ 120.038475785117669, -4.179697291401768 ], [ 120.038969858523927, -4.180620094736192 ], [ 120.042365490297897, -4.183657274736507 ], [ 120.04365906430705, -4.184347134039576 ], [ 120.064832355553733, -4.188629623646571 ], [ 120.065901350741839, -4.188450440450737 ], [ 120.067123059528242, -4.187921849783938 ], [ 120.07028512932834, -4.186389830749528 ], [ 120.071120562542589, -4.185771646781264 ], [ 120.074974335111449, -4.183979806434354 ], [ 120.075863667242729, -4.183755826102717 ], [ 120.079825237645679, -4.184956359931802 ], [ 120.083436465087871, -4.186345034826205 ], [ 120.085781067979411, -4.187052810114965 ], [ 120.091260791212548, -4.189418029220679 ], [ 120.094925917571757, -4.193306290539088 ], [ 120.098070021066178, -4.195778999656037 ], [ 120.100531404944661, -4.198421922846293 ], [ 120.101941759940715, -4.199353663125788 ], [ 120.102696344779389, -4.200240607165973 ], [ 120.103594660063493, -4.204030265795033 ], [ 120.104142632386811, -4.20541890678022 ], [ 120.105202644422079, -4.206619407314883 ], [ 120.108724040335815, -4.211484103224218 ], [ 120.109748119759715, -4.212424786770326 ], [ 120.112955105324033, -4.214565957457327 ], [ 120.116296838180958, -4.216527945504067 ], [ 120.12514524372952, -4.219672491356425 ], [ 120.129088847826807, -4.222288457121253 ], [ 120.134442806920177, -4.224151879412047 ], [ 120.134856031950861, -4.224546064323116 ] ] } },
{ "type": "Feature", "properties": { "FID": 114, "OBJECTID": 1373, "NAMOBJ": "Jaringan Drainase Sekunder", "STSJRN": 1, "WADMPR": "Provinsi Sulawesi Selatan", "WADMKK": "Kabupaten Wajo", "REMARK": "Tidak Ada", "SBDATA": "Analisis Tim Penyusun, 2022", "SHAPE_Leng": 0.035720827568999997 }, "geometry": { "type": "LineString", "coordinates": [ [ 120.06239792113378, -3.930743410305813 ], [ 120.061400791168396, -3.929793435514157 ], [ 120.060466543272909, -3.928592522436637 ], [ 120.048042842893537, -3.910300789729239 ], [ 120.0418624337388, -3.905945129595323 ], [ 120.039194437344975, -3.904287104877754 ] ] } },
{ "type": "Feature", "properties": { "FID": 115, "OBJECTID": 1374, "NAMOBJ": "Jaringan Drainase Sekunder", "STSJRN": 1, "WADMPR": "Provinsi Sulawesi Selatan", "WADMKK": "Kabupaten Wajo", "REMARK": "Tidak Ada", "SBDATA": "Analisis Tim Penyusun, 2022", "SHAPE_Leng": 0.016043341269300002 }, "geometry": { "type": "LineString", "coordinates": [ [ 120.0354304963045, -4.158042459159322 ], [ 120.036885767064788, -4.156608936613663 ], [ 120.037451705693769, -4.155838417168278 ], [ 120.037703233973318, -4.153616449900821 ], [ 120.038170357921075, -4.152335232059193 ], [ 120.038565616646082, -4.150014699345022 ], [ 120.038538667187566, -4.149297931104841 ], [ 120.03814340846256, -4.148312373712472 ], [ 120.033355387998199, -4.146081425619299 ] ] } },
{ "type": "Feature", "properties": { "FID": 116, "OBJECTID": 1375, "NAMOBJ": "Jaringan Drainase Sekunder", "STSJRN": 1, "WADMPR": "Provinsi Sulawesi Selatan", "WADMKK": "Kabupaten Wajo", "REMARK": "Tidak Ada", "SBDATA": "Analisis Tim Penyusun, 2022", "SHAPE_Leng": 0.045800090571500002 }, "geometry": { "type": "LineString", "coordinates": [ [ 120.178981278706814, -4.019319288051774 ], [ 120.180068240200598, -4.019498509202709 ], [ 120.183427939363213, -4.019641886095094 ], [ 120.184425069328583, -4.019964484010778 ], [ 120.186670857538886, -4.020206432363772 ], [ 120.189491567531007, -4.020833705537118 ], [ 120.190803107845809, -4.022079289407426 ], [ 120.191908035645284, -4.023925259123318 ], [ 120.192312277523158, -4.024355387388222 ], [ 120.192959064527699, -4.024615256438182 ], [ 120.195168920126633, -4.024444997414816 ], [ 120.19645351098292, -4.025081228320095 ], [ 120.196785887638072, -4.025323175153607 ], [ 120.197190129515917, -4.02596836635813 ], [ 120.197792000756266, -4.027653029870089 ], [ 120.198771164415959, -4.028477438402895 ], [ 120.204996489334917, -4.030735596627202 ], [ 120.206864985125861, -4.031972204426073 ], [ 120.21031451581689, -4.034597749528952 ], [ 120.214554563957932, -4.036864851613053 ], [ 120.216845267932442, -4.040072835048469 ] ] } },
{ "type": "Feature", "properties": { "FID": 117, "OBJECTID": 1376, "NAMOBJ": "Jaringan Drainase Sekunder", "STSJRN": 1, "WADMPR": "Provinsi Sulawesi Selatan", "WADMKK": "Kabupaten Wajo", "REMARK": "Tidak Ada", "SBDATA": "Analisis Tim Penyusun, 2022", "SHAPE_Leng": 0.0899069307038 }, "geometry": { "type": "LineString", "coordinates": [ [ 120.205939720383242, -3.740834829632097 ], [ 120.207260243850897, -3.74088861370898 ], [ 120.209101790183325, -3.742295962547296 ], [ 120.209568914131083, -3.74249317048417 ], [ 120.210332482122567, -3.74253799046363 ], [ 120.211149949031125, -3.742071862565141 ], [ 120.21257827033287, -3.74312064998791 ], [ 120.21313522580904, -3.74319236190257 ], [ 120.21399760848179, -3.743918444707762 ], [ 120.213817945424978, -3.744671418832731 ], [ 120.214033541093158, -3.745012049771744 ], [ 120.214976772141483, -3.74496722991892 ], [ 120.215731356980129, -3.745182365191544 ], [ 120.216189497775048, -3.745146509316445 ], [ 120.216818318473912, -3.745460248173753 ], [ 120.217132728823358, -3.74541542834388 ], [ 120.218040027260315, -3.74489551814963 ], [ 120.219881573592772, -3.744330787761174 ], [ 120.220968535086556, -3.743766057008443 ], [ 120.221750069383731, -3.742914478200555 ], [ 120.222504654222391, -3.74243938650579 ], [ 120.223501784187775, -3.742573846445548 ], [ 120.224319251096333, -3.742421458512263 ], [ 120.228837776975453, -3.738647607709372 ], [ 120.229259985158976, -3.737778095839051 ], [ 120.229610328119776, -3.737796023927557 ], [ 120.229529479744201, -3.737437462087825 ], [ 120.230293047735714, -3.73736574970229 ], [ 120.231748318495974, -3.736541056847243 ], [ 120.232296290819306, -3.736944439318862 ], [ 120.232700532697152, -3.736971331477041 ], [ 120.23305985881079, -3.736747230133689 ], [ 120.233419184924458, -3.736209386676081 ], [ 120.234739708392112, -3.735743255412797 ], [ 120.235925484567147, -3.7349902736183 ], [ 120.237021429213769, -3.73505302212585 ], [ 120.238306020070056, -3.735743255412797 ], [ 120.23881805978202, -3.736675517691725 ], [ 120.239635526690549, -3.737060971998352 ], [ 120.240812319712745, -3.738782068230901 ], [ 120.244270833556612, -3.741569878397082 ], [ 120.245294912980498, -3.742771054319856 ], [ 120.246795099505007, -3.742726234352321 ], [ 120.247953926221513, -3.743541957402444 ], [ 120.249355298064742, -3.743882588780896 ], [ 120.250091916597697, -3.743246145834712 ], [ 120.251259726467055, -3.742968262149762 ], [ 120.253227036939279, -3.743084794028378 ], [ 120.254116369070559, -3.743766057008443 ], [ 120.254278065821708, -3.744330787761174 ], [ 120.256487921420643, -3.745289932808026 ], [ 120.258077939473537, -3.745263040905145 ], [ 120.260988480994072, -3.745531959896776 ], [ 120.26366546054075, -3.746446283850229 ], [ 120.264599708436236, -3.748750017417655 ], [ 120.26466259050612, -3.749234069613671 ], [ 120.264896152480006, -3.749502987384555 ], [ 120.265048866078303, -3.749547807004994 ], [ 120.265623787860136, -3.749009971408087 ], [ 120.266001080279452, -3.748929296040016 ], [ 120.267177873301677, -3.749574698776156 ], [ 120.267438384734064, -3.749485059535736 ], [ 120.26759109833236, -3.749350600657876 ], [ 120.267671946707935, -3.748660378092692 ], [ 120.267851609764747, -3.748364568255119 ], [ 120.268812807118763, -3.747997046802395 ], [ 120.270438757783012, -3.748436279740083 ], [ 120.270932831189285, -3.748274928890647 ], [ 120.271831146473417, -3.748346640382961 ], [ 120.273870322168335, -3.748723125621131 ], [ 120.276789846841737, -3.749592626623135 ], [ 120.27811935346223, -3.749502987384555 ], [ 120.279754287279346, -3.748552810890607 ] ] } },
{ "type": "Feature", "properties": { "FID": 118, "OBJECTID": 1377, "NAMOBJ": "Jaringan Drainase Sekunder", "STSJRN": 1, "WADMPR": "Provinsi Sulawesi Selatan", "WADMKK": "Kabupaten Wajo", "REMARK": "Tidak Ada", "SBDATA": "Analisis Tim Penyusun, 2022", "SHAPE_Leng": 0.020820488662600001 }, "geometry": { "type": "LineString", "coordinates": [ [ 120.281479052624846, -3.749816724679376 ], [ 120.281811429279955, -3.751421265083686 ], [ 120.282116856476577, -3.751959099196839 ], [ 120.283410430485702, -3.752120449366228 ], [ 120.284425526756763, -3.751914279700054 ], [ 120.285440623027824, -3.751932207499045 ], [ 120.28743488295855, -3.75041730718681 ], [ 120.288827271648955, -3.750471090674809 ], [ 120.290417289701836, -3.749798796836989 ], [ 120.292330701257015, -3.746706238525316 ], [ 120.292393583326898, -3.745729167104793 ], [ 120.292887656733157, -3.745164437254177 ], [ 120.293875803545689, -3.744850698290838 ], [ 120.294253095965018, -3.744268039917747 ], [ 120.294639371537201, -3.743022046095665 ], [ 120.294630388384363, -3.74190154654036 ] ] } },
{ "type": "Feature", "properties": { "FID": 119, "OBJECTID": 1378, "NAMOBJ": "Jaringan Drainase Sekunder", "STSJRN": 1, "WADMPR": "Provinsi Sulawesi Selatan", "WADMKK": "Kabupaten Wajo", "REMARK": "Tidak Ada", "SBDATA": "Analisis Tim Penyusun, 2022", "SHAPE_Leng": 0.032790505676400003 }, "geometry": { "type": "LineString", "coordinates": [ [ 120.360656561767144, -3.655287109092346 ], [ 120.360917073199531, -3.656210491070033 ], [ 120.36059367969726, -3.657008364051934 ], [ 120.359901976928469, -3.656757347909465 ], [ 120.359057560561396, -3.658254478861418 ], [ 120.358024497984687, -3.658595143040133 ], [ 120.357189064770438, -3.659177857782428 ], [ 120.354979209171503, -3.660334321302294 ], [ 120.354485135765231, -3.660271567506194 ], [ 120.353721567773746, -3.659652994137947 ], [ 120.353200544908944, -3.659661958972421 ], [ 120.352257313860605, -3.660692914338512 ], [ 120.348816766322429, -3.662611384642947 ], [ 120.347675905911601, -3.663104448776692 ], [ 120.346139786775765, -3.6629610119658 ], [ 120.345331303020046, -3.662378299685173 ], [ 120.344271290984793, -3.66215417947623 ], [ 120.343669419744444, -3.661571466670389 ], [ 120.342690256084751, -3.661410099980178 ], [ 120.342034485927329, -3.661921094399407 ], [ 120.340983457044928, -3.662342440455512 ], [ 120.340165990136384, -3.663292709556101 ], [ 120.339501236826123, -3.664368484678622 ], [ 120.338836483515891, -3.664583639547911 ], [ 120.338360376415281, -3.664341590316323 ], [ 120.337776471480623, -3.664341590316323 ], [ 120.33521627292086, -3.665381505069755 ], [ 120.334919828877105, -3.665883532449033 ] ] } },
{ "type": "Feature", "properties": { "FID": 120, "OBJECTID": 1379, "NAMOBJ": "Jaringan Drainase Sekunder", "STSJRN": 1, "WADMPR": "Provinsi Sulawesi Selatan", "WADMKK": "Kabupaten Wajo", "REMARK": "Tidak Ada", "SBDATA": "Analisis Tim Penyusun, 2022", "SHAPE_Leng": 0.3095151886 }, "geometry": { "type": "LineString", "coordinates": [ [ 120.199947957438155, -3.970202253020256 ], [ 120.203963426758179, -3.965837944717062 ], [ 120.208032794995219, -3.963167370978926 ], [ 120.210062987537341, -3.961554268569751 ], [ 120.214698294403391, -3.958498327050478 ], [ 120.215740340132967, -3.957996470473259 ], [ 120.217285442421669, -3.957566307450708 ], [ 120.217977145190432, -3.957431881460341 ], [ 120.218956308850125, -3.957494613591893 ], [ 120.223861110301414, -3.958104011193983 ], [ 120.230921868434606, -3.959699196911119 ], [ 120.23281731368408, -3.959752967162639 ], [ 120.239536712009297, -3.960702907696828 ], [ 120.241809449678129, -3.961536345191981 ], [ 120.243174888909977, -3.961670770515801 ], [ 120.251726850414812, -3.958354939488025 ], [ 120.260575255963388, -3.954662701205622 ], [ 120.263485797483924, -3.949016771059591 ], [ 120.264330213850997, -3.946077287459471 ], [ 120.264132584488507, -3.943308069307479 ], [ 120.266019046585157, -3.939696421415565 ], [ 120.267159906995985, -3.938110159196644 ], [ 120.271346056219969, -3.934077275537471 ], [ 120.274984233120648, -3.929927865974932 ], [ 120.276628150090602, -3.925500611410701 ], [ 120.27779595995996, -3.919675240697101 ], [ 120.279296146484427, -3.917515362162804 ], [ 120.279718354667978, -3.916654994056668 ], [ 120.281559901000406, -3.908615886845873 ], [ 120.2834733125556, -3.905631449494569 ], [ 120.28333856526298, -3.904331916399668 ], [ 120.280499888965153, -3.898524323236613 ], [ 120.280419040589578, -3.89587145868744 ], [ 120.278972752982156, -3.893523308087195 ], [ 120.277247987636628, -3.89110345137931 ], [ 120.277176122413906, -3.890108619382802 ], [ 120.277373751776437, -3.888127914343149 ], [ 120.27701442566277, -3.88678354175532 ], [ 120.275406441304199, -3.884793866392447 ], [ 120.274876435286558, -3.883655626574874 ], [ 120.275325592928638, -3.881674906382341 ], [ 120.276376621811053, -3.880061646683705 ], [ 120.276700015313338, -3.878152618727257 ], [ 120.277625280055986, -3.876951631793744 ], [ 120.279080550816246, -3.875938857904456 ], [ 120.279412927471355, -3.875481764866905 ], [ 120.27935902855431, -3.874648241633078 ], [ 120.278864955148066, -3.873339698125505 ], [ 120.278909870912273, -3.872766089374669 ], [ 120.280041748170262, -3.869826338426329 ], [ 120.280481922659462, -3.86643844205735 ], [ 120.281371254790756, -3.864224650607393 ], [ 120.282952289690783, -3.8617419707321 ], [ 120.284165015324348, -3.860281040191144 ], [ 120.290309491867745, -3.853558934774011 ], [ 120.293255965999663, -3.851945621565657 ], [ 120.297037873345801, -3.85085215198528 ], [ 120.299319594167457, -3.849946901515744 ], [ 120.301655213906173, -3.847311810512728 ], [ 120.304934064693214, -3.844506415555971 ], [ 120.32185832464603, -3.83453060732678 ], [ 120.323888517188109, -3.830649601045139 ], [ 120.323888517188109, -3.821946402897895 ], [ 120.327966868578031, -3.812561908004434 ], [ 120.328137548482005, -3.810150784361851 ], [ 120.32874840287522, -3.808331233049689 ], [ 120.331290635129278, -3.803078713601617 ], [ 120.331955388439525, -3.801286037519346 ], [ 120.332458444998622, -3.800703416990113 ], [ 120.332314714553178, -3.800111832665416 ], [ 120.331128938378129, -3.799394760212764 ], [ 120.331173854142335, -3.798973479868903 ], [ 120.332224883024764, -3.797091160926574 ], [ 120.333186080378766, -3.796167926802177 ], [ 120.335395935977715, -3.794653103624717 ], [ 120.337156633934569, -3.792743884830415 ], [ 120.338881399280083, -3.790332705772871 ], [ 120.339213775935207, -3.789543917112389 ], [ 120.340345653193197, -3.788262134005085 ], [ 120.341441597839818, -3.786639734482439 ], [ 120.341621260896645, -3.785788197604544 ], [ 120.341773974494942, -3.782973638177109 ], [ 120.342510593027924, -3.78141397392041 ], [ 120.343534672451824, -3.780123215172035 ], [ 120.344585701334253, -3.777147291848885 ], [ 120.345385201937091, -3.773131571913421 ], [ 120.345232488338794, -3.771159559791164 ], [ 120.345753511203597, -3.769546091999765 ], [ 120.346247584609856, -3.769160652028785 ], [ 120.347819636357087, -3.768622828527997 ], [ 120.348708968488339, -3.767986403622491 ], [ 120.349975593038948, -3.765118003905478 ], [ 120.3510984871441, -3.763522452472093 ], [ 120.351835105677083, -3.761433889156556 ], [ 120.354530051529437, -3.760214811259651 ], [ 120.356470412543132, -3.759847294794512 ], [ 120.357476525661355, -3.759228791125399 ] ] } },
{ "type": "Feature", "properties": { "FID": 121, "OBJECTID": 1380, "NAMOBJ": "Jaringan Drainase Sekunder", "STSJRN": 1, "WADMPR": "Provinsi Sulawesi Selatan", "WADMKK": "Kabupaten Wajo", "REMARK": "Tidak Ada", "SBDATA": "Analisis Tim Penyusun, 2022", "SHAPE_Leng": 0.076143966871800001 }, "geometry": { "type": "LineString", "coordinates": [ [ 119.931315754875072, -4.003144417194243 ], [ 119.928530977494276, -4.009748821421181 ], [ 119.927650628515835, -4.011352868128152 ], [ 119.926770279537422, -4.012571583074081 ], [ 119.926401970270916, -4.013593151554279 ], [ 119.925216194095881, -4.014731213180789 ], [ 119.924838901676551, -4.015528751485393 ], [ 119.924749070148152, -4.017079020342014 ], [ 119.924443642951559, -4.018064738892371 ], [ 119.924308895658911, -4.019543314484287 ], [ 119.924479575562913, -4.020457341691032 ], [ 119.925072463650423, -4.021855263671881 ], [ 119.925162295178836, -4.02337863745891 ], [ 119.923626176043001, -4.027437966637204 ], [ 119.922817692287282, -4.029041978546724 ], [ 119.921865478086104, -4.032438172094198 ], [ 119.921524118278157, -4.032411289351375 ], [ 119.921533101430995, -4.03332530210849 ], [ 119.921874461238957, -4.034391649025687 ], [ 119.921694798182131, -4.034714241094624 ], [ 119.920518005159934, -4.035825390573619 ], [ 119.91988918446107, -4.036990303717471 ], [ 119.918963919718422, -4.037465229365723 ], [ 119.916852878800739, -4.039185712406145 ], [ 119.915613203708659, -4.041201898826496 ], [ 119.915496422721716, -4.042770040354859 ], [ 119.915190995525094, -4.043451060873947 ], [ 119.913852505751763, -4.044893747188723 ], [ 119.913232668205737, -4.04629162713033 ], [ 119.912199605628999, -4.046139294176883 ], [ 119.910852132702828, -4.046515646127472 ], [ 119.909908901654489, -4.046551489161264 ], [ 119.906674966631655, -4.045243217400254 ], [ 119.906468354116313, -4.045861510482139 ], [ 119.905462240998105, -4.047295231754493 ], [ 119.905093931731599, -4.048146502558949 ], [ 119.905129864342982, -4.050180588119265 ], [ 119.904905285521934, -4.052976327329437 ], [ 119.904312397434424, -4.054526524713328 ], [ 119.903450014761674, -4.055601804389442 ], [ 119.902596615241748, -4.055996073245541 ], [ 119.899748955791097, -4.058101824105277 ], [ 119.898895556271185, -4.058334800458856 ], [ 119.898131988279673, -4.058155587885146 ], [ 119.897458251816602, -4.060252372507729 ] ] } },
{ "type": "Feature", "properties": { "FID": 122, "OBJECTID": 1381, "NAMOBJ": "Jaringan Drainase Sekunder", "STSJRN": 1, "WADMPR": "Provinsi Sulawesi Selatan", "WADMKK": "Kabupaten Wajo", "REMARK": "Tidak Ada", "SBDATA": "Analisis Tim Penyusun, 2022", "SHAPE_Leng": 0.15344131322400001 }, "geometry": { "type": "LineString", "coordinates": [ [ 120.199929991132464, -3.970229137804857 ], [ 120.199328119892115, -3.970112637065264 ], [ 120.195959437576676, -3.971008796177385 ], [ 120.195034172834028, -3.97066825582939 ], [ 120.193821447200463, -3.969843789141921 ], [ 120.192447024815763, -3.969270246612866 ], [ 120.189644281129304, -3.96863397240358 ], [ 120.188736982692333, -3.968203814913935 ], [ 120.184856260664944, -3.967074650437804 ], [ 120.182017584367117, -3.967388307391548 ], [ 120.180706044052314, -3.967845350168099 ], [ 120.180050273894921, -3.967809503684959 ], [ 120.179017211318182, -3.967352460888576 ], [ 120.17803804765849, -3.966554875795151 ], [ 120.1755317480158, -3.963418297737599 ], [ 120.171291699874743, -3.96023689926913 ], [ 120.170159822616753, -3.959779852287089 ], [ 120.169764563891746, -3.958543135658653 ], [ 120.169468119847977, -3.958426633272355 ], [ 120.16463518361941, -3.958677561468626 ], [ 120.159901062072109, -3.960066626893555 ], [ 120.158616471215822, -3.961437766607298 ], [ 120.158041549433975, -3.961706617265132 ], [ 120.154636934507153, -3.961697655577944 ], [ 120.153792518140108, -3.961312302937077 ], [ 120.152786405021885, -3.960362363102401 ], [ 120.151349100567273, -3.960460941815199 ], [ 120.150441802130345, -3.960183129049048 ], [ 120.14778278888933, -3.958892642719186 ], [ 120.146471248574514, -3.958596905985261 ], [ 120.144872247368795, -3.957736580340518 ], [ 120.143291212468725, -3.957422919726872 ], [ 120.141808992249935, -3.957620077840746 ], [ 120.139428456747027, -3.956132429095351 ], [ 120.137991152292443, -3.954653739442203 ], [ 120.136553847837831, -3.953515594700212 ], [ 120.135925027138967, -3.95259253128163 ], [ 120.134128396570716, -3.951768046582657 ], [ 120.13305940138261, -3.950576127036402 ], [ 120.131011242534839, -3.949787487598273 ], [ 120.12807375155576, -3.948945076461466 ], [ 120.124669136628938, -3.948721030802413 ], [ 120.123833703414704, -3.948505946912826 ], [ 120.122306567431707, -3.947735229184187 ], [ 120.120617734697547, -3.947179595029012 ], [ 120.119827217247547, -3.946256524562255 ], [ 120.119458907981041, -3.945378262389063 ], [ 120.118632457919674, -3.944939130954269 ], [ 120.117931771998045, -3.94506459710218 ], [ 120.117554479578729, -3.945324491205436 ], [ 120.116404636015048, -3.946767350092975 ], [ 120.115326657674103, -3.947089976582065 ], [ 120.114868516879184, -3.947072052891514 ], [ 120.113763589079724, -3.946364066805359 ], [ 120.111850177524559, -3.947098938427195 ], [ 120.109900833358012, -3.946937625200059 ], [ 120.108265899540925, -3.946032478177731 ], [ 120.106702830946546, -3.946292371978171 ], [ 120.105508071618672, -3.946848006726999 ], [ 120.104537891111818, -3.948649336178743 ], [ 120.104142632386811, -3.948980923761302 ], [ 120.103792289426011, -3.949043656532291 ], [ 120.101663282202651, -3.94895403828657 ], [ 120.101151242490687, -3.948676221663345 ], [ 120.100899714211138, -3.94817435914053 ], [ 120.101303956088984, -3.946256524562255 ], [ 120.101115309879319, -3.945826355450596 ], [ 120.100414623957718, -3.945584385227389 ], [ 120.09975885380031, -3.94570985127785 ], [ 120.098914437433223, -3.946148982305226 ], [ 120.096156609510999, -3.948075778966468 ], [ 120.094225231650128, -3.948577641548881 ], [ 120.08603259625896, -3.948595565206927 ], [ 120.081118811654832, -3.948201244640516 ], [ 120.079609641977498, -3.947789000211728 ], [ 120.078396916343934, -3.947054129200577 ], [ 120.076276892273412, -3.946946587046833 ], [ 120.073285502377317, -3.947735229184187 ], [ 120.071111579389736, -3.949303549390156 ], [ 120.069853937991979, -3.949868143938855 ], [ 120.065901350741839, -3.95076432497335 ] ] } },
{ "type": "Feature", "properties": { "FID": 123, "OBJECTID": 1382, "NAMOBJ": "Jaringan Drainase Sekunder", "STSJRN": 1, "WADMPR": "Provinsi Sulawesi Selatan", "WADMKK": "Kabupaten Wajo", "REMARK": "Tidak Ada", "SBDATA": "Analisis Tim Penyusun, 2022", "SHAPE_Leng": 0.21133559349799999 }, "geometry": { "type": "LineString", "coordinates": [ [ 120.226852500197538, -4.236425270075072 ], [ 120.228271838346444, -4.235296484604573 ], [ 120.229376766145904, -4.235977339529929 ], [ 120.230221182512992, -4.234839594779245 ], [ 120.230068468914695, -4.233809352026285 ], [ 120.237668216218353, -4.232223671370393 ], [ 120.247612566413537, -4.232178878084356 ], [ 120.279736320973669, -4.228891043815269 ], [ 120.280607686799243, -4.228362480600876 ], [ 120.282009058642487, -4.226337811393924 ], [ 120.284308745769835, -4.224035415649989 ], [ 120.284434509909602, -4.200706476358945 ], [ 120.285988595351128, -4.190349780238272 ], [ 120.285548420861915, -4.186389830749528 ], [ 120.283652975612412, -4.175997107901797 ], [ 120.277777993654283, -4.162808902870316 ], [ 120.277840875724166, -4.15773783583651 ], [ 120.277140189802537, -4.156116162636547 ], [ 120.274481176561551, -4.153374541796331 ], [ 120.273034888954129, -4.149360648351829 ], [ 120.2723342030325, -4.14899330440578 ], [ 120.272271320962616, -4.147631442432228 ], [ 120.272774377521714, -4.146439811279768 ], [ 120.273124720482542, -4.146099344906181 ], [ 120.273771507487098, -4.144199898236142 ], [ 120.275280677164432, -4.142318366376102 ], [ 120.279853101960597, -4.135759848921292 ], [ 120.281443120013478, -4.132901680200631 ], [ 120.284739937106195, -4.123036887117587 ], [ 120.289186597762594, -4.110923004633553 ], [ 120.291270689221747, -4.108960753372221 ], [ 120.291064076706405, -4.107742183948819 ], [ 120.29103712724789, -4.105645523379073 ], [ 120.291225773457555, -4.104364228097344 ], [ 120.291656964793916, -4.103808700832682 ], [ 120.292348667562692, -4.103414455442667 ], [ 120.294145298130928, -4.101299863211722 ], [ 120.295384973223008, -4.098522212371891 ], [ 120.296444985258262, -4.096542010236294 ], [ 120.296912109206019, -4.094212354389843 ], [ 120.297082789110007, -4.09089706322695 ], [ 120.297352283695233, -4.090207122530113 ], [ 120.297406182612278, -4.089615744317104 ], [ 120.297388216306601, -4.088316502771128 ], [ 120.296624648315088, -4.086721568890714 ], [ 120.296543799939514, -4.08568217207034 ] ] } },
{ "type": "Feature", "properties": { "FID": 124, "OBJECTID": 1383, "NAMOBJ": "Jaringan Drainase Sekunder", "STSJRN": 1, "WADMPR": "Provinsi Sulawesi Selatan", "WADMKK": "Kabupaten Wajo", "REMARK": "Tidak Ada", "SBDATA": "Analisis Tim Penyusun, 2022", "SHAPE_Leng": 0.115308082903 }, "geometry": { "type": "LineString", "coordinates": [ [ 120.008795448130371, -4.268469546537192 ], [ 120.009594948733238, -4.264133748185254 ], [ 120.013592451747556, -4.245571955038312 ], [ 120.01184073694354, -4.224438559367235 ], [ 120.009567999274722, -4.209575855966041 ], [ 120.015910105180581, -4.198180028553397 ], [ 120.017392325399371, -4.185843320309849 ], [ 120.018524202657375, -4.183711030028705 ], [ 120.019126073897738, -4.183083884723527 ], [ 120.020356765836979, -4.182313391232714 ], [ 120.021874918667137, -4.181856470316313 ], [ 120.02285408232683, -4.181820633370426 ], [ 120.025558011332038, -4.182483616604034 ], [ 120.026411410851935, -4.182474657374887 ], [ 120.03033704864356, -4.181748959473732 ], [ 120.03571795719543, -4.182779271108426 ], [ 120.036445592575561, -4.182743434204744 ], [ 120.037281025789795, -4.182438820457273 ], [ 120.037676284514802, -4.182152125057351 ], [ 120.03825120629665, -4.181327875198281 ], [ 120.038439852506315, -4.180503624472331 ], [ 120.038062560086985, -4.174751763767344 ] ] } },
{ "type": "Feature", "properties": { "FID": 125, "OBJECTID": 1384, "NAMOBJ": "Jaringan Drainase Sekunder", "STSJRN": 1, "WADMPR": "Provinsi Sulawesi Selatan", "WADMKK": "Kabupaten Wajo", "REMARK": "Tidak Ada", "SBDATA": "Analisis Tim Penyusun, 2022", "SHAPE_Leng": 0.048092993426 }, "geometry": { "type": "LineString", "coordinates": [ [ 119.993254593715093, -3.95330051205373 ], [ 119.994548167724219, -3.945207986962306 ], [ 119.998563637044242, -3.93983981220157 ], [ 120.000809425254545, -3.934776310104228 ], [ 120.007681537178058, -3.936586627665493 ], [ 120.008139677972949, -3.936900296149838 ], [ 120.010852590131009, -3.937993653942728 ], [ 120.013655333817454, -3.938074311427945 ], [ 120.016170616612982, -3.938647875541837 ], [ 120.017257578106765, -3.938746456834101 ], [ 120.027507355498571, -3.941327490147825 ] ] } },
{ "type": "Feature", "properties": { "FID": 126, "OBJECTID": 1385, "NAMOBJ": "Jaringan Drainase Sekunder", "STSJRN": 1, "WADMPR": "Provinsi Sulawesi Selatan", "WADMKK": "Kabupaten Wajo", "REMARK": "Tidak Ada", "SBDATA": "Analisis Tim Penyusun, 2022", "SHAPE_Leng": 0.022242116763499999 }, "geometry": { "type": "LineString", "coordinates": [ [ 119.93437900999389, -3.998072341954094 ], [ 119.936867343330903, -3.99735543832786 ], [ 119.937208703138879, -3.99708659930641 ], [ 119.941861976310619, -3.988833198486264 ], [ 119.944673703149903, -3.984244952827532 ], [ 119.945976260311895, -3.981422093659678 ], [ 119.946641013622127, -3.980373600645832 ] ] } },
{ "type": "Feature", "properties": { "FID": 127, "OBJECTID": 1386, "NAMOBJ": "Jaringan Drainase Sekunder", "STSJRN": 1, "WADMPR": "Provinsi Sulawesi Selatan", "WADMKK": "Kabupaten Wajo", "REMARK": "Tidak Ada", "SBDATA": "Analisis Tim Penyusun, 2022", "SHAPE_Leng": 0.051023666711800003 }, "geometry": { "type": "LineString", "coordinates": [ [ 120.016170616612982, -3.9386120277963 ], [ 120.017266561259603, -3.93871060909281 ], [ 120.030840105202657, -3.942053404324206 ], [ 120.032394190644197, -3.942698660837826 ], [ 120.038736296550056, -3.943559002076887 ], [ 120.047836230378195, -3.945252796288521 ], [ 120.053405785139731, -3.946399914216633 ], [ 120.061921814033198, -3.948434252270581 ], [ 120.062083510784333, -3.947771076536267 ], [ 120.06532642896002, -3.949007809235164 ] ] } },
{ "type": "Feature", "properties": { "FID": 128, "OBJECTID": 1387, "NAMOBJ": "Jaringan Drainase Sekunder", "STSJRN": 1, "WADMPR": "Provinsi Sulawesi Selatan", "WADMKK": "Kabupaten Wajo", "REMARK": "Tidak Ada", "SBDATA": "Analisis Tim Penyusun, 2022", "SHAPE_Leng": 0.123840224062 }, "geometry": { "type": "LineString", "coordinates": [ [ 120.025611910249097, -4.063325854652939 ], [ 120.026546158144583, -4.058585697995233 ], [ 120.035915586557934, -4.031407666316457 ], [ 120.038781212314262, -4.02347720860583 ], [ 120.039499864541568, -4.022142016602342 ], [ 120.040811404856385, -4.020466302737006 ], [ 120.040631741799558, -4.018987728818699 ], [ 120.044072289337734, -4.010635976134279 ], [ 120.05160017141867, -3.993394534497015 ], [ 120.055247331472188, -3.982622930171678 ], [ 120.05727752401431, -3.977756843027449 ], [ 120.058400418119462, -3.975883884697481 ], [ 120.059658059517218, -3.974467961221494 ], [ 120.060403661203026, -3.972541226004459 ], [ 120.061643336295106, -3.970614486287915 ], [ 120.062820129317302, -3.968472663371219 ], [ 120.06285606192867, -3.968176930063394 ], [ 120.064814389248056, -3.965058281463711 ], [ 120.065568974086716, -3.964153154235694 ], [ 120.06804832427089, -3.957969585290895 ], [ 120.068111206340774, -3.957333302386869 ], [ 120.066943396471416, -3.95491363054206 ], [ 120.065335412112859, -3.949034694708154 ] ] } },
{ "type": "Feature", "properties": { "FID": 129, "OBJECTID": 1388, "NAMOBJ": "Jaringan Drainase Tersier", "STSJRN": 1, "WADMPR": "Provinsi Sulawesi Selatan", "WADMKK": "Kabupaten Wajo", "REMARK": "Tidak Ada", "SBDATA": "Analisis Tim Penyusun, 2022", "SHAPE_Leng": 0.099784788974999997 }, "geometry": { "type": "LineString", "coordinates": [ [ 120.22730165783959, -4.236040049821863 ], [ 120.228442518250418, -4.237634681251184 ], [ 120.23023016566583, -4.239327853719813 ], [ 120.231748318495974, -4.24107477380797 ], [ 120.232655616932945, -4.242973985012231 ], [ 120.23270951584999, -4.243332326225198 ], [ 120.232206459290893, -4.245356950954199 ], [ 120.232215442443731, -4.24727406859002 ], [ 120.232610701168738, -4.248958261460823 ], [ 120.234272584444369, -4.253966025976825 ], [ 120.234676826322215, -4.255874163820637 ], [ 120.234631910558022, -4.256832710155035 ], [ 120.23408393823469, -4.258660215746837 ], [ 120.234092921387528, -4.260783341792506 ], [ 120.234506146418241, -4.26208229787576 ], [ 120.235763787816012, -4.263891874416034 ], [ 120.237246008034802, -4.266471857362054 ], [ 120.238575514655295, -4.268012676377081 ], [ 120.239428914175207, -4.268612878296097 ], [ 120.243543198176482, -4.268845792347238 ], [ 120.24473795750437, -4.269213079745825 ], [ 120.247702397941936, -4.270959932040311 ], [ 120.250837518283518, -4.272563449363274 ], [ 120.251646002039237, -4.273172605903372 ], [ 120.252220923821056, -4.273969883584978 ], [ 120.251619052580722, -4.273199480445466 ], [ 120.250819551977841, -4.272590323926717 ], [ 120.247684431636259, -4.270986806659932 ], [ 120.244728974351517, -4.269248912653349 ], [ 120.243534215023644, -4.26888162527191 ], [ 120.23941094786953, -4.268648711231641 ], [ 120.238548565196766, -4.268039551099909 ], [ 120.237219058576272, -4.266489773879994 ], [ 120.235727855204644, -4.263909790994143 ], [ 120.234470213806873, -4.262100214496049 ], [ 120.234065971929013, -4.260792300117837 ], [ 120.234048005623322, -4.258651257396678 ], [ 120.234595977946654, -4.256823751783602 ], [ 120.234640893710861, -4.255874163820637 ], [ 120.234236651832987, -4.253974984381503 ], [ 120.232574768557384, -4.248967219923708 ], [ 120.232179509832378, -4.247283027072465 ], [ 120.232170526679539, -4.245356950954199 ], [ 120.232673583238622, -4.243332326225198 ], [ 120.23262866747443, -4.242982943544582 ], [ 120.231721369037459, -4.241101649470786 ], [ 120.2302032162073, -4.239354729443384 ], [ 120.228864726433969, -4.238109486603278 ] ] } },
{ "type": "Feature", "properties": { "FID": 130, "OBJECTID": 1389, "NAMOBJ": "Jaringan Drainase Tersier", "STSJRN": 1, "WADMPR": "Provinsi Sulawesi Selatan", "WADMKK": "Kabupaten Wajo", "REMARK": "Tidak Ada", "SBDATA": "Analisis Tim Penyusun, 2022", "SHAPE_Leng": 0.037392500765600002 }, "geometry": { "type": "LineString", "coordinates": [ [ 119.968640754930206, -4.232985156836507 ], [ 119.965667331339787, -4.232492431032192 ], [ 119.963619172491988, -4.231300929154917 ], [ 119.96237051424707, -4.233988524777494 ], [ 119.960906260333957, -4.236371518423351 ], [ 119.960448119539052, -4.237464467940761 ], [ 119.959271326516856, -4.241495825751375 ], [ 119.96371798717324, -4.240429757619896 ], [ 119.971443498616679, -4.236747779906956 ], [ 119.973222162879239, -4.235439822533389 ], [ 119.972773005237173, -4.234481249629433 ], [ 119.971730959507582, -4.234248325193068 ], [ 119.968640754930206, -4.232985156836507 ] ] } },
{ "type": "Feature", "properties": { "FID": 131, "OBJECTID": 1390, "NAMOBJ": "Jaringan Drainase Tersier", "STSJRN": 1, "WADMPR": "Provinsi Sulawesi Selatan", "WADMKK": "Kabupaten Wajo", "REMARK": "Tidak Ada", "SBDATA": "Analisis Tim Penyusun, 2022", "SHAPE_Leng": 0.110327318511 }, "geometry": { "type": "LineString", "coordinates": [ [ 120.057376338695562, -4.232223671370393 ], [ 120.057142776721662, -4.232375968523534 ], [ 120.055678522808563, -4.232035539551624 ], [ 120.053513582973821, -4.231068003761671 ], [ 120.053351886222686, -4.231059045091301 ], [ 120.052875779122118, -4.231506978482851 ], [ 120.052651200301085, -4.231883242331523 ], [ 120.052094244824929, -4.231739903744064 ], [ 120.050854569732849, -4.234570835932444 ], [ 120.050405412090797, -4.237052372402476 ], [ 120.049543029418032, -4.23945327375515 ], [ 120.049453197889619, -4.239605569484985 ], [ 120.048815394037888, -4.239686196623925 ], [ 120.048267421714584, -4.240017663662312 ], [ 120.046991814011136, -4.239327853719813 ], [ 120.044404665992857, -4.238709711819776 ], [ 120.044126188254779, -4.238449912902669 ], [ 120.043209906664984, -4.238064693657988 ], [ 120.042859563704184, -4.23826178259785 ], [ 120.041880400044491, -4.238019900710105 ], [ 120.041134798358655, -4.238199072486071 ], [ 120.039904106419414, -4.237966149169219 ], [ 120.036634238785211, -4.236640276644604 ], [ 120.036176097990321, -4.238297616945156 ], [ 120.035807788723844, -4.2390232621207 ], [ 120.035780839265328, -4.239892243718559 ], [ 120.036203047448851, -4.240555177476412 ], [ 120.037101362732969, -4.241137483686423 ], [ 120.037945779100056, -4.24210500688033 ], [ 120.037945779100056, -4.243242740937545 ], [ 120.037640351903434, -4.244640270241291 ], [ 120.037954762252895, -4.246136340474142 ], [ 120.03870934709154, -4.246664891539767 ], [ 120.039347150943271, -4.247551781497428 ], [ 120.040254449380242, -4.247954912959319 ], [ 120.041745652751871, -4.249074721470201 ], [ 120.041574972847897, -4.249513685962853 ], [ 120.04097310160752, -4.250078068514786 ], [ 120.040775472245016, -4.250767868850537 ], [ 120.04094615214899, -4.251036622061013 ], [ 120.041763619057548, -4.251511419170518 ], [ 120.041583956000736, -4.253697273788031 ], [ 120.041754635904709, -4.25410040203606 ], [ 120.042042096795626, -4.254261653276197 ], [ 120.042275658769483, -4.255972706022203 ], [ 120.043281771887706, -4.255999581165896 ], [ 120.043730929529787, -4.255865205438051 ], [ 120.045644341084937, -4.256026456308651 ], [ 120.046731302578721, -4.255730829686755 ], [ 120.047153510762271, -4.25482603235082 ], [ 120.047494870570233, -4.2544408212812 ], [ 120.048204539644701, -4.252631222515603 ], [ 120.049929304990201, -4.251251624561928 ], [ 120.050441344702151, -4.251215790815941 ], [ 120.052516453008451, -4.251547252902761 ], [ 120.053711212336324, -4.252004132842825 ], [ 120.054968853734124, -4.252944767160617 ], [ 120.05593903424095, -4.253285186916444 ], [ 120.056190562520527, -4.253661440155774 ], [ 120.056999046276204, -4.254225819670195 ], [ 120.061212144958731, -4.256689376199613 ], [ 120.061760117282063, -4.256832710155035 ], [ 120.063233354348014, -4.255551661981879 ], [ 120.064706591413966, -4.253070184982895 ], [ 120.065820502366265, -4.252111633965829 ], [ 120.066404407300965, -4.25203100812498 ], [ 120.066907463860048, -4.250167653008849 ], [ 120.067464419336218, -4.250149736110868 ], [ 120.067715947615767, -4.248823884505073 ], [ 120.067841711755548, -4.245876544054947 ], [ 120.067006278541299, -4.244425265897674 ], [ 120.066314575772552, -4.243807128076246 ], [ 120.062361988522412, -4.24112852513267 ], [ 120.062649449413328, -4.239363688017701 ], [ 120.062514702120708, -4.237876563259437 ], [ 120.063341152182105, -4.235834001700703 ], [ 120.061921814033198, -4.235251691496371 ], [ 120.061490622696809, -4.234526042782234 ], [ 120.060700105246795, -4.233997483413965 ], [ 120.060125183464947, -4.232635769480338 ], [ 120.057672782739303, -4.231578647801456 ], [ 120.057376338695562, -4.232223671370393 ] ] } },
{ "type": "Feature", "properties": { "FID": 132, "OBJECTID": 1391, "NAMOBJ": "Jaringan Drainase Tersier", "STSJRN": 1, "WADMPR": "Provinsi Sulawesi Selatan", "WADMKK": "Kabupaten Wajo", "REMARK": "Tidak Ada", "SBDATA": "Analisis Tim Penyusun, 2022", "SHAPE_Leng": 0.059206554145100003 }, "geometry": { "type": "LineString", "coordinates": [ [ 119.963304762142556, -4.232017622233166 ], [ 119.963592223033473, -4.231274053151578 ], [ 119.963349677906763, -4.230342351125961 ], [ 119.964104262745408, -4.229088135091065 ], [ 119.964185111120997, -4.228693952489344 ], [ 119.96498461172385, -4.227923504097942 ], [ 119.965900893313659, -4.22606904959722 ], [ 119.966718360222217, -4.223273921390266 ], [ 119.967122602100062, -4.221294032817712 ], [ 119.966493781401184, -4.220944640192412 ], [ 119.965613432422742, -4.220057719745083 ], [ 119.964283925802249, -4.217719470074025 ], [ 119.961804575618061, -4.21737007584059 ], [ 119.960591849984496, -4.217002763784753 ], [ 119.959082680307191, -4.216277097993379 ], [ 119.958750303652067, -4.216913175452111 ], [ 119.958031651424761, -4.219251427550234 ], [ 119.957160285599159, -4.221061104418318 ], [ 119.957295032891778, -4.224035415649989 ], [ 119.956765026874166, -4.226454274810227 ], [ 119.956782993179843, -4.227869751856006 ], [ 119.956468582830411, -4.230629028791676 ], [ 119.956782993179843, -4.234319994257879 ], [ 119.956711127957121, -4.239327853719813 ], [ 119.959118612918559, -4.240483508989468 ], [ 119.959055730848661, -4.241021022479528 ], [ 119.959253360211164, -4.241262903428063 ], [ 119.960870327722603, -4.23635360120528 ], [ 119.96234356478854, -4.23397060750424 ], [ 119.963304762142556, -4.232017622233166 ] ] } },
{ "type": "Feature", "properties": { "FID": 133, "OBJECTID": 1392, "NAMOBJ": "Jaringan Drainase Tersier", "STSJRN": 1, "WADMPR": "Provinsi Sulawesi Selatan", "WADMKK": "Kabupaten Wajo", "REMARK": "Tidak Ada", "SBDATA": "Analisis Tim Penyusun, 2022", "SHAPE_Leng": 0.054108577047999998 }, "geometry": { "type": "LineString", "coordinates": [ [ 119.994952409602092, -4.201593418861098 ], [ 119.994341555208877, -4.20161133688105 ], [ 119.992068817540058, -4.20037499253865 ], [ 119.990397951111603, -4.199810573817856 ], [ 119.987990466150166, -4.199497007685435 ], [ 119.987694022106396, -4.199685147380008 ], [ 119.987586224272292, -4.200079344688206 ], [ 119.985124840393809, -4.199246154688773 ], [ 119.984109744122762, -4.198430881892739 ], [ 119.983606687563665, -4.198233782847185 ], [ 119.98242091138863, -4.197893338924003 ], [ 119.982097517886316, -4.197938134185537 ], [ 119.983678552786387, -4.199927041206374 ], [ 119.985852475773967, -4.201459033698328 ], [ 119.98751435904957, -4.203770455271438 ], [ 119.988224028124037, -4.204979917316886 ], [ 119.988565387931999, -4.205947485601772 ], [ 119.989688282037136, -4.211045117180157 ], [ 119.992329328972446, -4.21383133052193 ], [ 119.993227644256564, -4.215085571212045 ], [ 119.995221904187318, -4.212173937935909 ], [ 119.99598547217883, -4.211699116706459 ], [ 119.996201067847011, -4.211394514255748 ], [ 119.999982975193149, -4.203734619330353 ], [ 119.997907866886834, -4.202677458327273 ], [ 119.994952409602092, -4.201593418861098 ] ] } },
{ "type": "Feature", "properties": { "FID": 134, "OBJECTID": 1393, "NAMOBJ": "Jaringan Drainase Tersier", "STSJRN": 1, "WADMPR": "Provinsi Sulawesi Selatan", "WADMKK": "Kabupaten Wajo", "REMARK": "Tidak Ada", "SBDATA": "Analisis Tim Penyusun, 2022", "SHAPE_Leng": 0.106961649302 }, "geometry": { "type": "LineString", "coordinates": [ [ 120.354143775957269, -4.186452545037874 ], [ 120.353532921564081, -4.186228565413567 ], [ 120.352239347554928, -4.186515259321195 ], [ 120.34996660988611, -4.187554523856039 ], [ 120.347792686898558, -4.189086540610194 ], [ 120.344576718181401, -4.188029359778995 ], [ 120.339420388450549, -4.186694442960139 ], [ 120.339007163419865, -4.187608278880649 ], [ 120.338558005777784, -4.187993523115618 ], [ 120.335117458239608, -4.188047278110068 ], [ 120.331021140544038, -4.1870707284684 ], [ 120.326385833677989, -4.185431197430879 ], [ 120.326233120079692, -4.18576268758973 ], [ 120.326206170621163, -4.187581401368806 ], [ 120.324948529223377, -4.190081006020193 ], [ 120.324211910690423, -4.19246413419839 ], [ 120.324535304192693, -4.194229077827791 ], [ 120.32409512970348, -4.196925760647505 ], [ 120.322541044261939, -4.199944959264604 ], [ 120.325209040655793, -4.201244017389736 ], [ 120.326134305398412, -4.201020042005259 ], [ 120.327212283739357, -4.201351525551441 ], [ 120.32988028013321, -4.201405279626737 ], [ 120.331209786753703, -4.202104082268438 ], [ 120.333967614675942, -4.202856638259194 ], [ 120.334910845724266, -4.202892474240636 ], [ 120.336518830082852, -4.202337016343187 ], [ 120.337524943201075, -4.202292221334216 ], [ 120.343687386050121, -4.203788373241363 ], [ 120.349544401702573, -4.204648435313359 ], [ 120.350927807240112, -4.204648435313359 ], [ 120.358285009417074, -4.203564398587704 ], [ 120.360288252500666, -4.199676188347962 ], [ 120.361384197147288, -4.19829649618526 ], [ 120.363899479942816, -4.194435136976416 ], [ 120.363019130964375, -4.19366465466413 ], [ 120.362740653226311, -4.192992721794868 ], [ 120.362650821697898, -4.190645431771466 ], [ 120.362516074405278, -4.190367698516193 ], [ 120.359722313871657, -4.189086540610194 ], [ 120.356838721809638, -4.187491809655996 ], [ 120.354143775957269, -4.186452545037874 ] ] } },
{ "type": "Feature", "properties": { "FID": 135, "OBJECTID": 1394, "NAMOBJ": "Jaringan Drainase Tersier", "STSJRN": 1, "WADMPR": "Provinsi Sulawesi Selatan", "WADMKK": "Kabupaten Wajo", "REMARK": "Tidak Ada", "SBDATA": "Analisis Tim Penyusun, 2022", "SHAPE_Leng": 0.084213107091099998 }, "geometry": { "type": "LineString", "coordinates": [ [ 120.23916840274282, -4.173846872185623 ], [ 120.238485683126882, -4.173667685610082 ], [ 120.237452620550144, -4.174115651972255 ], [ 120.233338336548883, -4.17235962236988 ], [ 120.232718499002829, -4.174267960477168 ], [ 120.232808330531242, -4.17442922827369 ], [ 120.232538835946016, -4.175477468143495 ], [ 120.232502903334648, -4.176570503097824 ], [ 120.232206459290893, -4.177475391539081 ], [ 120.231541705980632, -4.178747609166261 ], [ 120.230104401526049, -4.18061113548574 ], [ 120.23001456999765, -4.181336834440539 ], [ 120.230185249901623, -4.182277554307723 ], [ 120.229529479744201, -4.182609045801343 ], [ 120.229044389490795, -4.182644882711171 ], [ 120.228262855193606, -4.184454644525585 ], [ 120.227795731245862, -4.185135543927547 ], [ 120.227445388285062, -4.186604851145795 ], [ 120.22614283112307, -4.188468358772166 ], [ 120.225999100677612, -4.190331861959941 ], [ 120.225316381061702, -4.19103963364184 ], [ 120.227211826311176, -4.192087851284784 ], [ 120.228244888887914, -4.193216699482149 ], [ 120.230787121141972, -4.194605359710375 ], [ 120.23235917288919, -4.196791374680932 ], [ 120.238961790227478, -4.201351525551441 ], [ 120.239940953887171, -4.199452212513375 ], [ 120.242438270377022, -4.19678241561567 ], [ 120.244037271582741, -4.194820377847623 ], [ 120.245456609731647, -4.190923164928097 ], [ 120.247055610937394, -4.188109992265595 ], [ 120.248744443671526, -4.184096276181492 ], [ 120.251286675925599, -4.178953672390542 ], [ 120.247774263164672, -4.177582902967681 ], [ 120.24732510552262, -4.177251409348842 ], [ 120.23916840274282, -4.173846872185623 ] ] } },
{ "type": "Feature", "properties": { "FID": 136, "OBJECTID": 1395, "NAMOBJ": "Jaringan Drainase Tersier", "STSJRN": 1, "WADMPR": "Provinsi Sulawesi Selatan", "WADMKK": "Kabupaten Wajo", "REMARK": "Tidak Ada", "SBDATA": "Analisis Tim Penyusun, 2022", "SHAPE_Leng": 0.062175736347 }, "geometry": { "type": "LineString", "coordinates": [ [ 120.343786200731373, -4.182779271108426 ], [ 120.342483643569409, -4.182904700258401 ], [ 120.339914461856836, -4.185682054861305 ], [ 120.339438354756226, -4.186658606235632 ], [ 120.344585701334253, -4.187993523115618 ], [ 120.347792686898558, -4.189050703995242 ], [ 120.349948643580419, -4.187518687170916 ], [ 120.352230364402089, -4.186488381771815 ], [ 120.353263426978828, -4.186210647040853 ], [ 120.35354190471692, -4.186192728667731 ], [ 120.356829738656799, -4.187447013795744 ], [ 120.357018384866464, -4.185699973246118 ], [ 120.356874654421006, -4.184427766905466 ], [ 120.356012271748241, -4.180942627684258 ], [ 120.355724810857339, -4.179105979956296 ], [ 120.355410400507878, -4.178075663493545 ], [ 120.354071910734547, -4.17586271834212 ], [ 120.35367665200954, -4.17235962236988 ], [ 120.353811399302145, -4.171436809321309 ], [ 120.353065797616324, -4.170361685955831 ], [ 120.352661555738479, -4.16853397285877 ], [ 120.350784076794667, -4.169528464335794 ], [ 120.348717951641177, -4.172225232187536 ], [ 120.347810653204235, -4.173031572936659 ], [ 120.347100984129781, -4.175154932948043 ], [ 120.345169606268911, -4.178855120420468 ], [ 120.344271290984793, -4.182214839685047 ], [ 120.343786200731373, -4.182779271108426 ] ] } },
{ "type": "Feature", "properties": { "FID": 137, "OBJECTID": 1396, "NAMOBJ": "Jaringan Drainase Tersier", "STSJRN": 1, "WADMPR": "Provinsi Sulawesi Selatan", "WADMKK": "Kabupaten Wajo", "REMARK": "Tidak Ada", "SBDATA": "Analisis Tim Penyusun, 2022", "SHAPE_Leng": 0.13266758566100001 }, "geometry": { "type": "LineString", "coordinates": [ [ 120.232970027282377, -4.17338994633718 ], [ 120.233455117535826, -4.171320337694441 ], [ 120.233203589256277, -4.170227295431709 ], [ 120.233562915369916, -4.169367195533105 ], [ 120.234012073011968, -4.168820673233477 ], [ 120.232089678303964, -4.16727069808745 ], [ 120.230302030888552, -4.16691232189625 ], [ 120.228316754110651, -4.165855111180776 ], [ 120.226340460485602, -4.165416099533939 ], [ 120.224543829917351, -4.164340967935695 ], [ 120.222226176484327, -4.163731726044642 ], [ 120.220178017636528, -4.162638673234532 ], [ 120.21936055072797, -4.162459484104469 ], [ 120.218084943024522, -4.1618860786142 ], [ 120.217105779364829, -4.16096325327653 ], [ 120.216162548316532, -4.16110660485624 ], [ 120.21572237382729, -4.161420186345882 ], [ 120.213620316062446, -4.161536659438804 ], [ 120.211185881642493, -4.160461522542072 ], [ 120.209739594035057, -4.159216153802245 ], [ 120.207377024837825, -4.158158932751635 ], [ 120.206811086208816, -4.158158932751635 ], [ 120.205921754077565, -4.158454596408658 ], [ 120.204879708347988, -4.15797078309396 ], [ 120.204304786566141, -4.157881188003088 ], [ 120.203909527841134, -4.158069337682154 ], [ 120.20315494300246, -4.158974247415815 ], [ 120.201969166827425, -4.15917135632888 ], [ 120.195743841908495, -4.156895641331348 ], [ 120.194800610860156, -4.156232636513477 ], [ 120.194333486912399, -4.156134081695654 ], [ 120.194378402676605, -4.157370495790648 ], [ 120.194099924938541, -4.157854309473841 ], [ 120.193713649366373, -4.159341586714119 ], [ 120.193605851532283, -4.162602835411784 ], [ 120.193237542265777, -4.163382307688431 ], [ 120.19386636296467, -4.166688336693818 ], [ 120.193641784143651, -4.168525013470375 ], [ 120.191018703514004, -4.176364439247485 ], [ 120.190237169216829, -4.17726036863768 ], [ 120.192294311217466, -4.177726251516224 ], [ 120.193444154781147, -4.178496749515793 ], [ 120.194144840702734, -4.178684894261168 ], [ 120.19510603805675, -4.178693853533631 ], [ 120.196157066939179, -4.179159735560673 ], [ 120.201978149980263, -4.179114939223947 ], [ 120.202660869596201, -4.179939191410018 ], [ 120.20302019570984, -4.181507060024 ], [ 120.205274967072981, -4.182385065077778 ], [ 120.207314142767942, -4.183648315520783 ], [ 120.209461116296993, -4.185861238690971 ], [ 120.210134852760063, -4.186353994011075 ], [ 120.212191994760701, -4.187662033901565 ], [ 120.215452879242065, -4.189211968749601 ], [ 120.218695797417737, -4.19032290282062 ], [ 120.220285815470618, -4.191200897986076 ], [ 120.222127361803075, -4.19269707114937 ], [ 120.224283318484964, -4.191684690819208 ], [ 120.225190616921921, -4.191111306687827 ], [ 120.225972151219096, -4.19032290282062 ], [ 120.226205713192954, -4.188235420561566 ], [ 120.227418438826518, -4.186586932781695 ], [ 120.227759798634509, -4.185126584728734 ], [ 120.228235905735076, -4.184436726112274 ], [ 120.229008456879427, -4.182626964256461 ], [ 120.229520496591363, -4.182573208889875 ], [ 120.230158300443094, -4.182259635844614 ], [ 120.229978637386282, -4.181345793682695 ], [ 120.230077452067533, -4.180593216984529 ], [ 120.231514756522117, -4.17872969062246 ], [ 120.232170526679539, -4.177466432252699 ], [ 120.23246697072328, -4.176561543801109 ], [ 120.232502903334648, -4.1754685088343 ], [ 120.232772397919874, -4.174420268952531 ], [ 120.232673583238622, -4.174267960477168 ], [ 120.232970027282377, -4.17338994633718 ] ] } },
{ "type": "Feature", "properties": { "FID": 138, "OBJECTID": 1397, "NAMOBJ": "Jaringan Drainase Tersier", "STSJRN": 1, "WADMPR": "Provinsi Sulawesi Selatan", "WADMKK": "Kabupaten Wajo", "REMARK": "Tidak Ada", "SBDATA": "Analisis Tim Penyusun, 2022", "SHAPE_Leng": 0.080759801995599997 }, "geometry": { "type": "LineString", "coordinates": [ [ 120.111392036729654, -4.168623566737097 ], [ 120.111931025900134, -4.169295520499065 ], [ 120.112505947681953, -4.168874429542093 ], [ 120.113017987393917, -4.168856510772962 ], [ 120.114769702197933, -4.169134251648583 ], [ 120.115919545761614, -4.16915217041138 ], [ 120.122081988610688, -4.167010875365111 ], [ 120.123052169117543, -4.166114934284924 ], [ 120.124139130611297, -4.165631125677287 ], [ 120.124570321947687, -4.165631125677287 ], [ 120.125980676943755, -4.166455392015622 ], [ 120.127310183564248, -4.165792395246229 ], [ 120.127750358053476, -4.165371302413344 ], [ 120.128630707031903, -4.164914371637577 ], [ 120.130804630019469, -4.162755146147203 ], [ 120.131702945303587, -4.161008050647992 ], [ 120.135098577077571, -4.156823965161702 ], [ 120.135053661313364, -4.155641307421772 ], [ 120.136994022327059, -4.155963850617676 ], [ 120.137973185986766, -4.154852867943078 ], [ 120.137344365287859, -4.153186390997118 ], [ 120.136832325575924, -4.152630897899587 ], [ 120.136311302711121, -4.152335232059193 ], [ 120.135026711854835, -4.152236676754445 ], [ 120.133813986221284, -4.152783210562014 ], [ 120.1314424338712, -4.153437258719432 ], [ 120.130472253364346, -4.154458647908166 ], [ 120.130283607154695, -4.154924544291894 ], [ 120.130184792473443, -4.156358069900161 ], [ 120.129546988621698, -4.156985236534241 ], [ 120.125962710638078, -4.158893611937166 ], [ 120.124148113764136, -4.159655168906433 ], [ 120.123231832174355, -4.159852277649144 ], [ 120.121956224470907, -4.159816439699592 ], [ 120.120491970557779, -4.160192738088572 ], [ 120.119692469954927, -4.160147940670738 ], [ 120.119315177535583, -4.159923953543357 ], [ 120.117814991011116, -4.15844563690553 ], [ 120.117051423019603, -4.157406333851439 ], [ 120.11572191639911, -4.156367029427018 ], [ 120.11483258426783, -4.155883214831068 ], [ 120.113880370066653, -4.15570402416464 ], [ 120.111481868258053, -4.156295353209313 ], [ 120.110888980170557, -4.156196798399331 ], [ 120.110538637209757, -4.160452563061766 ], [ 120.111122542144415, -4.165442977805071 ], [ 120.11062846873817, -4.167476764323435 ], [ 120.111392036729654, -4.168623566737097 ] ] } },
{ "type": "Feature", "properties": { "FID": 139, "OBJECTID": 1398, "NAMOBJ": "Jaringan Drainase Tersier", "STSJRN": 1, "WADMPR": "Provinsi Sulawesi Selatan", "WADMKK": "Kabupaten Wajo", "REMARK": "Tidak Ada", "SBDATA": "Analisis Tim Penyusun, 2022", "SHAPE_Leng": 0.087501923189000005 }, "geometry": { "type": "LineString", "coordinates": [ [ 120.105175694963549, -4.177430595106149 ], [ 120.105705700981176, -4.177726251516224 ], [ 120.107062157060184, -4.174563618078818 ], [ 120.107484365243735, -4.17390062815031 ], [ 120.108391663680706, -4.172807589478282 ], [ 120.110826098100659, -4.170576710746619 ], [ 120.111913059594457, -4.169322398637595 ], [ 120.110592536126802, -4.167476764323435 ], [ 120.111086609533061, -4.165442977805071 ], [ 120.11050270459836, -4.160452563061766 ], [ 120.110853047559189, -4.15618783887054 ], [ 120.109775069218244, -4.155928012491311 ], [ 120.10621774069314, -4.154324254669413 ], [ 120.103909070412953, -4.152801129696837 ], [ 120.103298216019738, -4.152657776606858 ], [ 120.101690231661166, -4.15267569574453 ], [ 120.100809882682725, -4.152442746923062 ], [ 120.100225977748039, -4.15206644483544 ], [ 120.099156982559933, -4.150838982016903 ], [ 120.097351368838872, -4.149880305349543 ], [ 120.096039828524056, -4.149620476893428 ], [ 120.093659293021148, -4.14958463847898 ], [ 120.090811633570468, -4.148769314110926 ], [ 120.089149750294865, -4.1486528391325 ], [ 120.088916188320979, -4.149969901349071 ], [ 120.087613631159002, -4.151179446347633 ], [ 120.086823113709002, -4.153947953479097 ], [ 120.086966844154446, -4.154691596134428 ], [ 120.088188552940849, -4.156268474625994 ], [ 120.089733655229523, -4.15703899365109 ], [ 120.090757734653423, -4.157361536275197 ], [ 120.092069274968239, -4.158320203851035 ], [ 120.092374702164861, -4.159036963893502 ], [ 120.092446567387583, -4.159726844818579 ], [ 120.093407764741571, -4.160676550038834 ], [ 120.09645305355474, -4.162262376014292 ], [ 120.097108823712162, -4.162459484104469 ], [ 120.09827663358152, -4.163436064368714 ], [ 120.098959353197429, -4.164717264162187 ], [ 120.098932403738914, -4.166428513779082 ], [ 120.09862697654232, -4.167073591202501 ], [ 120.098635959695159, -4.167629074115324 ], [ 120.100666152237267, -4.169913717452711 ], [ 120.103154485574279, -4.171221784765911 ], [ 120.103729407356127, -4.171723508636951 ], [ 120.104358228054991, -4.173318271670159 ], [ 120.104169581845341, -4.174151489270187 ], [ 120.104690604710115, -4.176857200538701 ], [ 120.105175694963549, -4.177430595106149 ] ] } },
{ "type": "Feature", "properties": { "FID": 140, "OBJECTID": 1399, "NAMOBJ": "Jaringan Drainase Tersier", "STSJRN": 1, "WADMPR": "Provinsi Sulawesi Selatan", "WADMKK": "Kabupaten Wajo", "REMARK": "Tidak Ada", "SBDATA": "Analisis Tim Penyusun, 2022", "SHAPE_Leng": 0.0023175251507700002 }, "geometry": { "type": "LineString", "coordinates": [ [ 120.032645718923746, -4.145794716973922 ], [ 120.032340291727152, -4.146502528753642 ], [ 120.031971982460647, -4.146377093800917 ], [ 120.032322325421461, -4.146466690197752 ], [ 120.032609786312378, -4.145776797680132 ] ] } },
{ "type": "Feature", "properties": { "FID": 141, "OBJECTID": 1400, "NAMOBJ": "Jaringan Drainase Tersier", "STSJRN": 1, "WADMPR": "Provinsi Sulawesi Selatan", "WADMKK": "Kabupaten Wajo", "REMARK": "Tidak Ada", "SBDATA": "Analisis Tim Penyusun, 2022", "SHAPE_Leng": 0.021692669070499999 }, "geometry": { "type": "LineString", "coordinates": [ [ 120.021470676789292, -4.143474165048961 ], [ 120.021713221916002, -4.1424706810265 ], [ 120.021003552841563, -4.142372124491356 ], [ 120.019386585330125, -4.142811148962524 ], [ 120.014832126839636, -4.143196415134447 ], [ 120.014356019739068, -4.143438326355795 ], [ 120.014086525153843, -4.144029664585357 ], [ 120.014706362699869, -4.145015227318623 ], [ 120.018137927085206, -4.147111783955113 ], [ 120.019027259216486, -4.147380572865257 ], [ 120.020222018544374, -4.148204858286189 ], [ 120.021470676789292, -4.143474165048961 ] ] } },
{ "type": "Feature", "properties": { "FID": 142, "OBJECTID": 1401, "NAMOBJ": "Jaringan Drainase Tersier", "STSJRN": 1, "WADMPR": "Provinsi Sulawesi Selatan", "WADMKK": "Kabupaten Wajo", "REMARK": "Tidak Ada", "SBDATA": "Analisis Tim Penyusun, 2022", "SHAPE_Leng": 0.00294492763791 }, "geometry": { "type": "LineString", "coordinates": [ [ 120.032987078731693, -4.142237729196371 ], [ 120.032313342268623, -4.142524439131402 ], [ 120.0326816515351, -4.143312890916925 ], [ 120.033085893412945, -4.143124737721323 ], [ 120.032987078731693, -4.142237729196371 ] ] } },
{ "type": "Feature", "properties": { "FID": 143, "OBJECTID": 1402, "NAMOBJ": "Jaringan Drainase Tersier", "STSJRN": 1, "WADMPR": "Provinsi Sulawesi Selatan", "WADMKK": "Kabupaten Wajo", "REMARK": "Tidak Ada", "SBDATA": "Analisis Tim Penyusun, 2022", "SHAPE_Leng": 0.0205236401987 }, "geometry": { "type": "LineString", "coordinates": [ [ 120.052462554091406, -4.144316373870826 ], [ 120.050189816422588, -4.143205374810632 ], [ 120.047979960823653, -4.142372124491356 ], [ 120.047710466238414, -4.142936584480961 ], [ 120.045356880194021, -4.142918665122402 ], [ 120.044844840482085, -4.142658834377679 ], [ 120.042652951188842, -4.142345245434185 ], [ 120.042590069118944, -4.142685713424195 ], [ 120.040550893423998, -4.142372124491356 ], [ 120.039589696069982, -4.142031656366387 ], [ 120.038179341073914, -4.148285494857273 ] ] } },
{ "type": "Feature", "properties": { "FID": 144, "OBJECTID": 1403, "NAMOBJ": "Jaringan Drainase Tersier", "STSJRN": 1, "WADMPR": "Provinsi Sulawesi Selatan", "WADMKK": "Kabupaten Wajo", "REMARK": "Tidak Ada", "SBDATA": "Analisis Tim Penyusun, 2022", "SHAPE_Leng": 0.0020983011306600001 }, "geometry": { "type": "LineString", "coordinates": [ [ 120.032286392810107, -4.14228252763057 ], [ 120.032304359115784, -4.142488600395207 ], [ 120.032987078731693, -4.142201890447187 ], [ 120.032978095578855, -4.14200477729765 ], [ 120.032313342268623, -4.141986857917986 ], [ 120.032286392810107, -4.14228252763057 ] ] } },
{ "type": "Feature", "properties": { "FID": 145, "OBJECTID": 1404, "NAMOBJ": "Jaringan Drainase Tersier", "STSJRN": 1, "WADMPR": "Provinsi Sulawesi Selatan", "WADMKK": "Kabupaten Wajo", "REMARK": "Tidak Ada", "SBDATA": "Analisis Tim Penyusun, 2022", "SHAPE_Leng": 0.036776413989099997 }, "geometry": { "type": "LineString", "coordinates": [ [ 120.026609040214467, -4.140150119349776 ], [ 120.02589937114, -4.139612536523453 ], [ 120.023132560064894, -4.142058535434213 ], [ 120.022422890990455, -4.1424706810265 ], [ 120.021749154527356, -4.142479640710905 ], [ 120.020257951155727, -4.148231737144132 ], [ 120.022252211086482, -4.148966425573751 ], [ 120.024021892196188, -4.150274527671423 ], [ 120.024587830825197, -4.150856901195866 ], [ 120.025054954772926, -4.152353151204188 ], [ 120.026420394004774, -4.153258067497347 ], [ 120.027103113620726, -4.153526854315213 ], [ 120.027669052249706, -4.150614992245561 ], [ 120.027642102791177, -4.146493569114822 ], [ 120.029519581735002, -4.141619510545401 ], [ 120.02724684406617, -4.140642903286503 ], [ 120.026609040214467, -4.140150119349776 ] ] } },
{ "type": "Feature", "properties": { "FID": 146, "OBJECTID": 1405, "NAMOBJ": "Jaringan Drainase Tersier", "STSJRN": 1, "WADMPR": "Provinsi Sulawesi Selatan", "WADMKK": "Kabupaten Wajo", "REMARK": "Tidak Ada", "SBDATA": "Analisis Tim Penyusun, 2022", "SHAPE_Leng": 0.0040239269057 }, "geometry": { "type": "LineString", "coordinates": [ [ 120.030615526381624, -4.138618007332409 ], [ 120.030049587752643, -4.138546329504614 ], [ 120.029528564887841, -4.139657335106258 ], [ 120.030166368739572, -4.140033643101721 ], [ 120.030615526381624, -4.138618007332409 ] ] } },
{ "type": "Feature", "properties": { "FID": 147, "OBJECTID": 1406, "NAMOBJ": "Jaringan Drainase Tersier", "STSJRN": 1, "WADMPR": "Provinsi Sulawesi Selatan", "WADMKK": "Kabupaten Wajo", "REMARK": "Tidak Ada", "SBDATA": "Analisis Tim Penyusun, 2022", "SHAPE_Leng": 0.023174023385800002 }, "geometry": { "type": "LineString", "coordinates": [ [ 120.039329184637594, -4.138402973829558 ], [ 120.038430869353462, -4.138788242147419 ], [ 120.037164244802867, -4.139988844540213 ], [ 120.036697120855109, -4.140230756742236 ], [ 120.035017271273816, -4.138985356098022 ], [ 120.033382337456729, -4.138859919953316 ], [ 120.033157758635681, -4.140302434417524 ], [ 120.032726567299306, -4.140266595580691 ], [ 120.032313342268623, -4.141951019157436 ], [ 120.032978095578855, -4.141968938537913 ], [ 120.0330319944959, -4.140956492904671 ], [ 120.034136922295374, -4.141252163002273 ], [ 120.034451332644807, -4.140768339148681 ], [ 120.036454575728399, -4.140786258555941 ], [ 120.039571729764305, -4.141986857917986 ], [ 120.039796308585323, -4.141386558464664 ], [ 120.039724443362601, -4.139693173970675 ], [ 120.039347150943271, -4.138895758853832 ], [ 120.039329184637594, -4.138402973829558 ] ] } },
{ "type": "Feature", "properties": { "FID": 148, "OBJECTID": 1407, "NAMOBJ": "Jaringan Drainase Tersier", "STSJRN": 1, "WADMPR": "Provinsi Sulawesi Selatan", "WADMKK": "Kabupaten Wajo", "REMARK": "Tidak Ada", "SBDATA": "Analisis Tim Penyusun, 2022", "SHAPE_Leng": 0.0028096546117099999 }, "geometry": { "type": "LineString", "coordinates": [ [ 120.029905857307156, -4.138761362968536 ], [ 120.030058570905481, -4.138456732210745 ], [ 120.02904347463442, -4.138071463731595 ], [ 120.02893567680033, -4.138402973829558 ], [ 120.029905857307156, -4.138761362968536 ] ] } },
{ "type": "Feature", "properties": { "FID": 149, "OBJECTID": 1408, "NAMOBJ": "Jaringan Drainase Tersier", "STSJRN": 1, "WADMPR": "Provinsi Sulawesi Selatan", "WADMKK": "Kabupaten Wajo", "REMARK": "Tidak Ada", "SBDATA": "Analisis Tim Penyusun, 2022", "SHAPE_Leng": 0.0017977074245 }, "geometry": { "type": "LineString", "coordinates": [ [ 120.028899744188976, -4.138385054368352 ], [ 120.029007542023066, -4.138062503997291 ], [ 120.028495502311102, -4.137874349553504 ], [ 120.028369738171321, -4.138187940268313 ], [ 120.028899744188976, -4.138385054368352 ] ] } },
{ "type": "Feature", "properties": { "FID": 150, "OBJECTID": 1409, "NAMOBJ": "Jaringan Drainase Tersier", "STSJRN": 1, "WADMPR": "Provinsi Sulawesi Selatan", "WADMKK": "Kabupaten Wajo", "REMARK": "Tidak Ada", "SBDATA": "Analisis Tim Penyusun, 2022", "SHAPE_Leng": 0.00162168489712 }, "geometry": { "type": "LineString", "coordinates": [ [ 120.028333805559967, -4.138178980535328 ], [ 120.028468552852573, -4.137856430080334 ], [ 120.027992445752005, -4.137686195065014 ], [ 120.027956513140637, -4.138035624793773 ], [ 120.028333805559967, -4.138178980535328 ] ] } },
{ "type": "Feature", "properties": { "FID": 151, "OBJECTID": 1410, "NAMOBJ": "Jaringan Drainase Tersier", "STSJRN": 1, "WADMPR": "Provinsi Sulawesi Selatan", "WADMKK": "Kabupaten Wajo", "REMARK": "Tidak Ada", "SBDATA": "Analisis Tim Penyusun, 2022", "SHAPE_Leng": 0.0029031648416 }, "geometry": { "type": "LineString", "coordinates": [ [ 120.030489762241857, -4.137605557413406 ], [ 120.03006755405832, -4.138510490588283 ], [ 120.030624509534462, -4.138582168419322 ], [ 120.03090298727254, -4.137695154803574 ], [ 120.030489762241857, -4.137605557413406 ] ] } },
{ "type": "Feature", "properties": { "FID": 152, "OBJECTID": 1411, "NAMOBJ": "Jaringan Drainase Tersier", "STSJRN": 1, "WADMPR": "Provinsi Sulawesi Selatan", "WADMKK": "Kabupaten Wajo", "REMARK": "Tidak Ada", "SBDATA": "Analisis Tim Penyusun, 2022", "SHAPE_Leng": 0.0039311128774900004 }, "geometry": { "type": "LineString", "coordinates": [ [ 120.030453829630488, -4.137605557413406 ], [ 120.029295002913969, -4.137327805439476 ], [ 120.029052457787273, -4.138044584528379 ], [ 120.03006755405832, -4.138420893290359 ], [ 120.030453829630488, -4.137605557413406 ] ] } },
{ "type": "Feature", "properties": { "FID": 153, "OBJECTID": 1412, "NAMOBJ": "Jaringan Drainase Tersier", "STSJRN": 1, "WADMPR": "Provinsi Sulawesi Selatan", "WADMKK": "Kabupaten Wajo", "REMARK": "Tidak Ada", "SBDATA": "Analisis Tim Penyusun, 2022", "SHAPE_Leng": 0.0024802589778500001 }, "geometry": { "type": "LineString", "coordinates": [ [ 120.029016525175905, -4.138026665059063 ], [ 120.029259070302615, -4.137318845696759 ], [ 120.028764996896328, -4.137202369032225 ], [ 120.028513468616779, -4.137838510606761 ], [ 120.029016525175905, -4.138026665059063 ] ] } },
{ "type": "Feature", "properties": { "FID": 154, "OBJECTID": 1413, "NAMOBJ": "Jaringan Drainase Tersier", "STSJRN": 1, "WADMPR": "Provinsi Sulawesi Selatan", "WADMKK": "Kabupaten Wajo", "REMARK": "Tidak Ada", "SBDATA": "Analisis Tim Penyusun, 2022", "SHAPE_Leng": 0.0024834756623000002 }, "geometry": { "type": "LineString", "coordinates": [ [ 120.028001428904844, -4.137650356109758 ], [ 120.028477536005411, -4.137820591132781 ], [ 120.02872906428496, -4.137193409288091 ], [ 120.028145159350302, -4.136987335145014 ], [ 120.028001428904844, -4.137650356109758 ] ] } },
{ "type": "Feature", "properties": { "FID": 155, "OBJECTID": 1414, "NAMOBJ": "Jaringan Drainase Tersier", "STSJRN": 1, "WADMPR": "Provinsi Sulawesi Selatan", "WADMKK": "Kabupaten Wajo", "REMARK": "Tidak Ada", "SBDATA": "Analisis Tim Penyusun, 2022", "SHAPE_Leng": 0.00387408917558 }, "geometry": { "type": "LineString", "coordinates": [ [ 120.029519581735002, -4.13658414644916 ], [ 120.029303986066822, -4.137291966468004 ], [ 120.030471795936165, -4.137569718454502 ], [ 120.030678408451507, -4.136843979187776 ], [ 120.029519581735002, -4.13658414644916 ] ] } },
{ "type": "Feature", "properties": { "FID": 156, "OBJECTID": 1415, "NAMOBJ": "Jaringan Drainase Tersier", "STSJRN": 1, "WADMPR": "Provinsi Sulawesi Selatan", "WADMKK": "Kabupaten Wajo", "REMARK": "Tidak Ada", "SBDATA": "Analisis Tim Penyusun, 2022", "SHAPE_Leng": 0.0025134142235099998 }, "geometry": { "type": "LineString", "coordinates": [ [ 120.029483649123634, -4.136575186698033 ], [ 120.029007542023066, -4.136449750171609 ], [ 120.028773980049166, -4.137175489799517 ], [ 120.029268053455453, -4.137291966468004 ], [ 120.029483649123634, -4.136575186698033 ] ] } },
{ "type": "Feature", "properties": { "FID": 157, "OBJECTID": 1416, "NAMOBJ": "Jaringan Drainase Tersier", "STSJRN": 1, "WADMPR": "Provinsi Sulawesi Selatan", "WADMKK": "Kabupaten Wajo", "REMARK": "Tidak Ada", "SBDATA": "Analisis Tim Penyusun, 2022", "SHAPE_Leng": 0.0027646338896199999 }, "geometry": { "type": "LineString", "coordinates": [ [ 120.028145159350302, -4.136951496158137 ], [ 120.028738047437812, -4.137166530055079 ], [ 120.028971609411698, -4.136440790418962 ], [ 120.028306856101437, -4.136270555099411 ], [ 120.028145159350302, -4.136951496158137 ] ] } },
{ "type": "Feature", "properties": { "FID": 158, "OBJECTID": 1417, "NAMOBJ": "Jaringan Drainase Tersier", "STSJRN": 1, "WADMPR": "Provinsi Sulawesi Selatan", "WADMKK": "Kabupaten Wajo", "REMARK": "Tidak Ada", "SBDATA": "Analisis Tim Penyusun, 2022", "SHAPE_Leng": 0.0030937483546499998 }, "geometry": { "type": "LineString", "coordinates": [ [ 120.029241103996924, -4.135473136536675 ], [ 120.029016525175905, -4.136413911160412 ], [ 120.029501615429311, -4.136539347692509 ], [ 120.029833992084434, -4.135571693930588 ], [ 120.029241103996924, -4.135473136536675 ] ] } },
{ "type": "Feature", "properties": { "FID": 159, "OBJECTID": 1418, "NAMOBJ": "Jaringan Drainase Tersier", "STSJRN": 1, "WADMPR": "Provinsi Sulawesi Selatan", "WADMKK": "Kabupaten Wajo", "REMARK": "Tidak Ada", "SBDATA": "Analisis Tim Penyusun, 2022", "SHAPE_Leng": 0.0032619243814699999 }, "geometry": { "type": "LineString", "coordinates": [ [ 120.028315839254276, -4.136234716080106 ], [ 120.028980592564537, -4.136404951407359 ], [ 120.02920517138557, -4.135464176772984 ], [ 120.028522451769618, -4.135347699835785 ], [ 120.028315839254276, -4.136234716080106 ] ] } },
{ "type": "Feature", "properties": { "FID": 160, "OBJECTID": 1419, "NAMOBJ": "Jaringan Drainase Tersier", "STSJRN": 1, "WADMPR": "Provinsi Sulawesi Selatan", "WADMKK": "Kabupaten Wajo", "REMARK": "Tidak Ada", "SBDATA": "Analisis Tim Penyusun, 2022", "SHAPE_Leng": 0.015666540333099999 }, "geometry": { "type": "LineString", "coordinates": [ [ 120.036454575728399, -4.140096361083572 ], [ 120.036867800759111, -4.140132199928114 ], [ 120.038403919894947, -4.138761362968536 ], [ 120.039311218331918, -4.138340255713559 ], [ 120.038736296550056, -4.13774891323281 ], [ 120.038475785117669, -4.13703213387633 ], [ 120.038718330244379, -4.134523401021731 ], [ 120.038350020977902, -4.134532360796057 ], [ 120.037694250820479, -4.134102291514139 ], [ 120.036894750217627, -4.134182929522273 ], [ 120.03571795719543, -4.134487561923412 ], [ 120.035080153343699, -4.134998268921469 ], [ 120.034873540828357, -4.136010722172729 ], [ 120.034999304968139, -4.136808140194414 ], [ 120.034801675605635, -4.137713074280392 ], [ 120.035556260444267, -4.138286497324466 ], [ 120.0354304963045, -4.138537369775683 ] ] } },
{ "type": "Feature", "properties": { "FID": 161, "OBJECTID": 1420, "NAMOBJ": "Jaringan Drainase Tersier", "STSJRN": 1, "WADMPR": "Provinsi Sulawesi Selatan", "WADMKK": "Kabupaten Wajo", "REMARK": "Tidak Ada", "SBDATA": "Analisis Tim Penyusun, 2022", "SHAPE_Leng": 0.0042933594469399998 }, "geometry": { "type": "LineString", "coordinates": [ [ 120.028522451769618, -4.13531186077474 ], [ 120.029214154538408, -4.135428337717208 ], [ 120.029447716512266, -4.134209808856494 ], [ 120.028369738171321, -4.134057492617188 ], [ 120.028522451769618, -4.13531186077474 ] ] } },
{ "type": "Feature", "properties": { "FID": 162, "OBJECTID": 1421, "NAMOBJ": "Jaringan Drainase Tersier", "STSJRN": 1, "WADMPR": "Provinsi Sulawesi Selatan", "WADMKK": "Kabupaten Wajo", "REMARK": "Tidak Ada", "SBDATA": "Analisis Tim Penyusun, 2022", "SHAPE_Leng": 0.0046832547632900002 }, "geometry": { "type": "LineString", "coordinates": [ [ 120.033211657552727, -4.134120211072212 ], [ 120.032493005325449, -4.1338962165672 ], [ 120.032088763447575, -4.13522226311504 ], [ 120.032942162967487, -4.135679211073604 ], [ 120.033211657552727, -4.134120211072212 ] ] } },
{ "type": "Feature", "properties": { "FID": 163, "OBJECTID": 1422, "NAMOBJ": "Jaringan Drainase Tersier", "STSJRN": 1, "WADMPR": "Provinsi Sulawesi Selatan", "WADMKK": "Kabupaten Wajo", "REMARK": "Tidak Ada", "SBDATA": "Analisis Tim Penyusun, 2022", "SHAPE_Leng": 0.0037848974258400002 }, "geometry": { "type": "LineString", "coordinates": [ [ 120.032061813989046, -4.135204343581884 ], [ 120.032457072714081, -4.133887256785682 ], [ 120.031936049849278, -4.133734940484399 ], [ 120.031522824818595, -4.134917630996284 ], [ 120.032061813989046, -4.135204343581884 ] ] } },
{ "type": "Feature", "properties": { "FID": 164, "OBJECTID": 1423, "NAMOBJ": "Jaringan Drainase Tersier", "STSJRN": 1, "WADMPR": "Provinsi Sulawesi Selatan", "WADMKK": "Kabupaten Wajo", "REMARK": "Tidak Ada", "SBDATA": "Analisis Tim Penyusun, 2022", "SHAPE_Leng": 0.003592821439 }, "geometry": { "type": "LineString", "coordinates": [ [ 120.031486892207226, -4.134899711456241 ], [ 120.03190011723791, -4.13372598070106 ], [ 120.031316212303253, -4.133546785013 ], [ 120.030938919883894, -4.134568199892351 ], [ 120.031486892207226, -4.134899711456241 ] ] } },
{ "type": "Feature", "properties": { "FID": 165, "OBJECTID": 1424, "NAMOBJ": "Jaringan Drainase Tersier", "STSJRN": 1, "WADMPR": "Provinsi Sulawesi Selatan", "WADMKK": "Kabupaten Wajo", "REMARK": "Tidak Ada", "SBDATA": "Analisis Tim Penyusun, 2022", "SHAPE_Leng": 0.0180771834869 }, "geometry": { "type": "LineString", "coordinates": [ [ 120.038305105213695, -4.13195194160511 ], [ 120.036472542034076, -4.132104258248895 ], [ 120.035286765859041, -4.132364092456071 ], [ 120.033508101596496, -4.132426811045048 ], [ 120.033040977648739, -4.13550001582714 ], [ 120.033795562487413, -4.135813607481858 ], [ 120.034837608216989, -4.135983842899591 ], [ 120.035044220732331, -4.134980349383248 ], [ 120.035699990889754, -4.134451722823473 ], [ 120.037703233973318, -4.134066452396781 ], [ 120.03835900413074, -4.134496521698143 ], [ 120.038727313397217, -4.134487561923412 ], [ 120.039185454192136, -4.133466146940158 ], [ 120.038889010148353, -4.132659765760681 ], [ 120.038960875371089, -4.132202816061638 ], [ 120.038305105213695, -4.13195194160511 ] ] } },
{ "type": "Feature", "properties": { "FID": 166, "OBJECTID": 1425, "NAMOBJ": "Jaringan Drainase Tersier", "STSJRN": 1, "WADMPR": "Provinsi Sulawesi Selatan", "WADMKK": "Kabupaten Wajo", "REMARK": "Tidak Ada", "SBDATA": "Analisis Tim Penyusun, 2022", "SHAPE_Leng": 0.00763222538142 }, "geometry": { "type": "LineString", "coordinates": [ [ 120.03192706669644, -4.133690141566688 ], [ 120.033220640705565, -4.134084371955662 ], [ 120.033472168985142, -4.132041539634408 ], [ 120.031962999307794, -4.131593549386698 ], [ 120.031325195456091, -4.133510945870527 ], [ 120.03192706669644, -4.133690141566688 ] ] } },
{ "type": "Feature", "properties": { "FID": 167, "OBJECTID": 1426, "NAMOBJ": "Jaringan Drainase Tersier", "STSJRN": 1, "WADMPR": "Provinsi Sulawesi Selatan", "WADMKK": "Kabupaten Wajo", "REMARK": "Tidak Ada", "SBDATA": "Analisis Tim Penyusun, 2022", "SHAPE_Leng": 0.0042649363672700004 }, "geometry": { "type": "LineString", "coordinates": [ [ 120.029537548040679, -4.133734940484399 ], [ 120.029851958390111, -4.131736906293495 ], [ 120.028702114826444, -4.131414353216766 ], [ 120.028414653935528, -4.132417851246927 ] ] } },
{ "type": "Feature", "properties": { "FID": 168, "OBJECTID": 1427, "NAMOBJ": "Jaringan Drainase Tersier", "STSJRN": 1, "WADMPR": "Provinsi Sulawesi Selatan", "WADMKK": "Kabupaten Wajo", "REMARK": "Tidak Ada", "SBDATA": "Analisis Tim Penyusun, 2022", "SHAPE_Leng": 0.0036634412147600001 }, "geometry": { "type": "LineString", "coordinates": [ [ 120.03192706669644, -4.131584589579163 ], [ 120.031226380774839, -4.131369554167957 ], [ 120.030920953578217, -4.132489529629066 ], [ 120.031567740582801, -4.132632886373908 ], [ 120.03192706669644, -4.131584589579163 ] ] } },
{ "type": "Feature", "properties": { "FID": 169, "OBJECTID": 1428, "NAMOBJ": "Jaringan Drainase Tersier", "STSJRN": 1, "WADMPR": "Provinsi Sulawesi Selatan", "WADMKK": "Kabupaten Wajo", "REMARK": "Tidak Ada", "SBDATA": "Analisis Tim Penyusun, 2022", "SHAPE_Leng": 0.0099613473570600002 }, "geometry": { "type": "LineString", "coordinates": [ [ 120.031558757429949, -4.132668725556068 ], [ 120.030885020966849, -4.132507449223588 ], [ 120.031190448163471, -4.131360594357892 ], [ 120.030462812783327, -4.131145558885963 ], [ 120.03017535189241, -4.132238655263236 ], [ 120.030435863324811, -4.131136599073368 ], [ 120.030004671988436, -4.131011161686406 ], [ 120.029690261638976, -4.133018157497249 ], [ 120.031289262844723, -4.133501986084656 ], [ 120.031558757429949, -4.132668725556068 ] ] } },
{ "type": "Feature", "properties": { "FID": 170, "OBJECTID": 1429, "NAMOBJ": "Jaringan Drainase Tersier", "STSJRN": 1, "WADMPR": "Provinsi Sulawesi Selatan", "WADMKK": "Kabupaten Wajo", "REMARK": "Tidak Ada", "SBDATA": "Analisis Tim Penyusun, 2022", "SHAPE_Leng": 0.0037203742722300001 }, "geometry": { "type": "LineString", "coordinates": [ [ 120.028711097979283, -4.13137851397792 ], [ 120.02986094154295, -4.131701067069225 ], [ 120.029968739377068, -4.131002201872294 ], [ 120.028908727341815, -4.130688608314576 ], [ 120.028711097979283, -4.13137851397792 ] ] } },
{ "type": "Feature", "properties": { "FID": 171, "OBJECTID": 1430, "NAMOBJ": "Jaringan Drainase Tersier", "STSJRN": 1, "WADMPR": "Provinsi Sulawesi Selatan", "WADMKK": "Kabupaten Wajo", "REMARK": "Tidak Ada", "SBDATA": "Analisis Tim Penyusun, 2022", "SHAPE_Leng": 0.0046542685439400003 }, "geometry": { "type": "LineString", "coordinates": [ [ 120.032996061884546, -4.13069756813223 ], [ 120.032277409657254, -4.130652769042943 ], [ 120.031971982460647, -4.13155771015595 ], [ 120.033472168985142, -4.132005700423903 ], [ 120.032996061884546, -4.13069756813223 ] ] } },
{ "type": "Feature", "properties": { "FID": 172, "OBJECTID": 1431, "NAMOBJ": "Jaringan Drainase Tersier", "STSJRN": 1, "WADMPR": "Provinsi Sulawesi Selatan", "WADMKK": "Kabupaten Wajo", "REMARK": "Tidak Ada", "SBDATA": "Analisis Tim Penyusun, 2022", "SHAPE_Leng": 0.162763323312 }, "geometry": { "type": "LineString", "coordinates": [ [ 120.214312018831237, -4.160560076818707 ], [ 120.213728113896536, -4.161509781034274 ], [ 120.215713390674452, -4.161384348467672 ], [ 120.21615356516368, -4.161070766963759 ], [ 120.217114762517667, -4.160927415377525 ], [ 120.218111892483051, -4.161859200221597 ], [ 120.219369533880808, -4.162423646273562 ], [ 120.220187000789366, -4.162602835411784 ], [ 120.222235159637165, -4.163695888271656 ], [ 120.224561796223028, -4.164305130190455 ], [ 120.226358426791279, -4.165380261837668 ], [ 120.228334720416328, -4.165819273504504 ], [ 120.230319997194243, -4.166876484268148 ], [ 120.232107644609641, -4.16723486047568 ], [ 120.23405698877616, -4.168820673233477 ], [ 120.233589864828431, -4.169394073669184 ], [ 120.233239521867631, -4.170236254800699 ], [ 120.23349105014718, -4.171320337694441 ], [ 120.233347319701721, -4.17232378499017 ], [ 120.237452620550144, -4.174079814672687 ], [ 120.23849466627972, -4.173631848290067 ], [ 120.239590610926342, -4.173918546804389 ], [ 120.247334088675458, -4.177215572192469 ], [ 120.24778324631751, -4.177547065826452 ], [ 120.251304642231275, -4.17892679458175 ], [ 120.254251116363179, -4.173497458325442 ], [ 120.254700274005259, -4.172135638719865 ], [ 120.255984864861546, -4.169824123721443 ], [ 120.257449118774645, -4.168211434812245 ], [ 120.26156340277592, -4.164233454695075 ], [ 120.263144437675962, -4.161644173047748 ], [ 120.263216302898698, -4.160658631083012 ], [ 120.264141567641346, -4.159995629431048 ], [ 120.264500893754985, -4.159431181638944 ], [ 120.265605821554445, -4.156761248507915 ], [ 120.267528216262477, -4.155291885477333 ], [ 120.267779744542025, -4.154673677042543 ], [ 120.267815677153379, -4.151779738362542 ], [ 120.26861517775626, -4.149969901349071 ], [ 120.269261964760815, -4.149047062067093 ], [ 120.268444497852286, -4.148966425573751 ], [ 120.26714194069028, -4.14844676797475 ], [ 120.26659396836699, -4.147264097682086 ], [ 120.26601006343229, -4.14696842983232 ], [ 120.265156663912393, -4.146798196777724 ], [ 120.262066459335017, -4.145355694159155 ], [ 120.261293908190666, -4.145239218677579 ], [ 120.25887744007639, -4.145534887174223 ], [ 120.255778252346175, -4.142846987684107 ], [ 120.25311025595235, -4.14149407481814 ], [ 120.252176008056864, -4.141332800282447 ], [ 120.249121736090871, -4.140248676161665 ], [ 120.246274076640205, -4.14000676396512 ], [ 120.244405580849218, -4.139406463009903 ], [ 120.243677945469102, -4.138949517201562 ], [ 120.242429287224184, -4.137453241826861 ], [ 120.23962654353771, -4.135025148228039 ], [ 120.237488553161498, -4.134129170851096 ], [ 120.234479196959725, -4.134093331734952 ], [ 120.230050502609004, -4.130482532480581 ], [ 120.228792861211247, -4.132785202886904 ], [ 120.225352313673071, -4.138250658396376 ], [ 120.224355183707686, -4.140168038771032 ], [ 120.223474834729245, -4.141431356947055 ], [ 120.222486687916714, -4.142372124491356 ], [ 120.22180396830079, -4.143599600462253 ], [ 120.221453625339976, -4.144674760331474 ], [ 120.218129858788728, -4.151322799706116 ], [ 120.216566790194364, -4.156438705638206 ], [ 120.2152642330324, -4.15905488288621 ], [ 120.214312018831237, -4.160560076818707 ] ] } },
{ "type": "Feature", "properties": { "FID": 173, "OBJECTID": 1432, "NAMOBJ": "Jaringan Drainase Tersier", "STSJRN": 1, "WADMPR": "Provinsi Sulawesi Selatan", "WADMKK": "Kabupaten Wajo", "REMARK": "Tidak Ada", "SBDATA": "Analisis Tim Penyusun, 2022", "SHAPE_Leng": 0.0034115339809500001 }, "geometry": { "type": "LineString", "coordinates": [ [ 120.031235363927678, -4.131342674737457 ], [ 120.031936049849278, -4.13154875034801 ], [ 120.032250460198739, -4.130643809224783 ], [ 120.031477909054388, -4.130446693199641 ], [ 120.031235363927678, -4.131342674737457 ] ] } },
{ "type": "Feature", "properties": { "FID": 174, "OBJECTID": 1433, "NAMOBJ": "Jaringan Drainase Tersier", "STSJRN": 1, "WADMPR": "Provinsi Sulawesi Selatan", "WADMKK": "Kabupaten Wajo", "REMARK": "Tidak Ada", "SBDATA": "Analisis Tim Penyusun, 2022", "SHAPE_Leng": 0.0033476404505499999 }, "geometry": { "type": "LineString", "coordinates": [ [ 120.03119943131631, -4.131324755116618 ], [ 120.03144197644302, -4.130437733379153 ], [ 120.030669425298669, -4.130249577125527 ], [ 120.030471795936165, -4.131109719634975 ], [ 120.03119943131631, -4.131324755116618 ] ] } },
{ "type": "Feature", "properties": { "FID": 175, "OBJECTID": 1434, "NAMOBJ": "Jaringan Drainase Tersier", "STSJRN": 1, "WADMPR": "Provinsi Sulawesi Selatan", "WADMKK": "Kabupaten Wajo", "REMARK": "Tidak Ada", "SBDATA": "Analisis Tim Penyusun, 2022", "SHAPE_Leng": 0.00264345988985 }, "geometry": { "type": "LineString", "coordinates": [ [ 120.030013655141275, -4.130975322429347 ], [ 120.030435863324811, -4.131100759821974 ], [ 120.030642475840153, -4.130240617302813 ], [ 120.03020230135094, -4.130133099422351 ], [ 120.030013655141275, -4.130975322429347 ] ] } },
{ "type": "Feature", "properties": { "FID": 176, "OBJECTID": 1435, "NAMOBJ": "Jaringan Drainase Tersier", "STSJRN": 1, "WADMPR": "Provinsi Sulawesi Selatan", "WADMKK": "Kabupaten Wajo", "REMARK": "Tidak Ada", "SBDATA": "Analisis Tim Penyusun, 2022", "SHAPE_Leng": 0.0021748927512599998 }, "geometry": { "type": "LineString", "coordinates": [ [ 120.032493005325449, -4.13002558152732 ], [ 120.032295375962946, -4.130616929769693 ], [ 120.032978095578855, -4.130661728861003 ], [ 120.032780466216352, -4.130186858364404 ], [ 120.032493005325449, -4.13002558152732 ] ] } },
{ "type": "Feature", "properties": { "FID": 177, "OBJECTID": 1436, "NAMOBJ": "Jaringan Drainase Tersier", "STSJRN": 1, "WADMPR": "Provinsi Sulawesi Selatan", "WADMKK": "Kabupaten Wajo", "REMARK": "Tidak Ada", "SBDATA": "Analisis Tim Penyusun, 2022", "SHAPE_Leng": 0.0031618812931299999 }, "geometry": { "type": "LineString", "coordinates": [ [ 120.031711471028245, -4.129577590141213 ], [ 120.031486892207226, -4.130410853917081 ], [ 120.032259443351577, -4.130607969951127 ], [ 120.032466055866919, -4.130007661876733 ], [ 120.031711471028245, -4.129577590141213 ] ] } },
{ "type": "Feature", "properties": { "FID": 178, "OBJECTID": 1437, "NAMOBJ": "Jaringan Drainase Tersier", "STSJRN": 1, "WADMPR": "Provinsi Sulawesi Selatan", "WADMKK": "Kabupaten Wajo", "REMARK": "Tidak Ada", "SBDATA": "Analisis Tim Penyusun, 2022", "SHAPE_Leng": 0.0033066405335500002 }, "geometry": { "type": "LineString", "coordinates": [ [ 120.031675538416891, -4.129568630310911 ], [ 120.030867054661172, -4.129416313180302 ], [ 120.030678408451507, -4.130213737834064 ], [ 120.031450959595858, -4.130401894096188 ], [ 120.031675538416891, -4.129568630310911 ] ] } },
{ "type": "Feature", "properties": { "FID": 179, "OBJECTID": 1438, "NAMOBJ": "Jaringan Drainase Tersier", "STSJRN": 1, "WADMPR": "Provinsi Sulawesi Selatan", "WADMKK": "Kabupaten Wajo", "REMARK": "Tidak Ada", "SBDATA": "Analisis Tim Penyusun, 2022", "SHAPE_Leng": 0.00252387233818 }, "geometry": { "type": "LineString", "coordinates": [ [ 120.030211284503778, -4.130097260125626 ], [ 120.030642475840153, -4.130204778010945 ], [ 120.030831122049804, -4.12940735334818 ], [ 120.030390947560605, -4.129317755021388 ], [ 120.030211284503778, -4.130097260125626 ] ] } },
{ "type": "Feature", "properties": { "FID": 180, "OBJECTID": 1439, "NAMOBJ": "Jaringan Drainase Tersier", "STSJRN": 1, "WADMPR": "Provinsi Sulawesi Selatan", "WADMKK": "Kabupaten Wajo", "REMARK": "Tidak Ada", "SBDATA": "Analisis Tim Penyusun, 2022", "SHAPE_Leng": 0.0053986476419600003 }, "geometry": { "type": "LineString", "coordinates": [ [ 120.028917710494653, -4.130652769042943 ], [ 120.029977722529921, -4.130966362614828 ], [ 120.030355014949237, -4.129308795188154 ], [ 120.029357884983867, -4.129120638666843 ], [ 120.028917710494653, -4.130652769042943 ] ] } },
{ "type": "Feature", "properties": { "FID": 181, "OBJECTID": 1440, "NAMOBJ": "Jaringan Drainase Tersier", "STSJRN": 1, "WADMPR": "Provinsi Sulawesi Selatan", "WADMKK": "Kabupaten Wajo", "REMARK": "Tidak Ada", "SBDATA": "Analisis Tim Penyusun, 2022", "SHAPE_Leng": 0.0051052330531599997 }, "geometry": { "type": "LineString", "coordinates": [ [ 120.030858071508334, -4.129371514018677 ], [ 120.03168452156973, -4.129532790988692 ], [ 120.031891134085072, -4.128305293225732 ], [ 120.030750273674244, -4.127973778905795 ], [ 120.030399930713443, -4.129281915687841 ], [ 120.030858071508334, -4.129371514018677 ] ] } },
{ "type": "Feature", "properties": { "FID": 182, "OBJECTID": 1441, "NAMOBJ": "Jaringan Drainase Tersier", "STSJRN": 1, "WADMPR": "Provinsi Sulawesi Selatan", "WADMKK": "Kabupaten Wajo", "REMARK": "Tidak Ada", "SBDATA": "Analisis Tim Penyusun, 2022", "SHAPE_Leng": 0.0048925441629600001 }, "geometry": { "type": "LineString", "coordinates": [ [ 120.029366868136705, -4.129084799324394 ], [ 120.030363998102075, -4.129281915687841 ], [ 120.030714341062875, -4.127964819057389 ], [ 120.029699244791814, -4.127669144003257 ], [ 120.029366868136705, -4.129084799324394 ] ] } },
{ "type": "Feature", "properties": { "FID": 183, "OBJECTID": 1442, "NAMOBJ": "Jaringan Drainase Tersier", "STSJRN": 1, "WADMPR": "Provinsi Sulawesi Selatan", "WADMKK": "Kabupaten Wajo", "REMARK": "Tidak Ada", "SBDATA": "Analisis Tim Penyusun, 2022", "SHAPE_Leng": 0.0043722389004 }, "geometry": { "type": "LineString", "coordinates": [ [ 120.029330935525337, -4.129075839488528 ], [ 120.02966331218046, -4.127651224299469 ], [ 120.028998558870228, -4.127463067385261 ], [ 120.028648215909399, -4.128932482100925 ], [ 120.029330935525337, -4.129075839488528 ] ] } },
{ "type": "Feature", "properties": { "FID": 184, "OBJECTID": 1443, "NAMOBJ": "Jaringan Drainase Tersier", "STSJRN": 1, "WADMPR": "Provinsi Sulawesi Selatan", "WADMKK": "Kabupaten Wajo", "REMARK": "Tidak Ada", "SBDATA": "Analisis Tim Penyusun, 2022", "SHAPE_Leng": 0.0042682583009599996 }, "geometry": { "type": "LineString", "coordinates": [ [ 120.028612283298031, -4.128923522263341 ], [ 120.02896262625886, -4.127454107531091 ], [ 120.028360755018483, -4.127274910426464 ], [ 120.02804634466905, -4.128798084526533 ], [ 120.028612283298031, -4.128923522263341 ] ] } },
{ "type": "Feature", "properties": { "FID": 185, "OBJECTID": 1444, "NAMOBJ": "Jaringan Drainase Tersier", "STSJRN": 1, "WADMPR": "Provinsi Sulawesi Selatan", "WADMKK": "Kabupaten Wajo", "REMARK": "Tidak Ada", "SBDATA": "Analisis Tim Penyusun, 2022", "SHAPE_Leng": 0.0037467662537000001 }, "geometry": { "type": "LineString", "coordinates": [ [ 120.030759256827082, -4.127937939511564 ], [ 120.03190011723791, -4.128269453846467 ], [ 120.032097746600414, -4.127704983409624 ], [ 120.030947903036747, -4.127239071000686 ], [ 120.030759256827082, -4.127937939511564 ] ] } },
{ "type": "Feature", "properties": { "FID": 186, "OBJECTID": 1445, "NAMOBJ": "Jaringan Drainase Tersier", "STSJRN": 1, "WADMPR": "Provinsi Sulawesi Selatan", "WADMKK": "Kabupaten Wajo", "REMARK": "Tidak Ada", "SBDATA": "Analisis Tim Penyusun, 2022", "SHAPE_Leng": 0.00366988265417 }, "geometry": { "type": "LineString", "coordinates": [ [ 120.032313342268623, -4.127122592855733 ], [ 120.031118582940749, -4.126665639968236 ], [ 120.030956886189585, -4.12720323157329 ], [ 120.032106729753252, -4.127678103855002 ], [ 120.032313342268623, -4.127122592855733 ] ] } },
{ "type": "Feature", "properties": { "FID": 187, "OBJECTID": 1446, "NAMOBJ": "Jaringan Drainase Tersier", "STSJRN": 1, "WADMPR": "Provinsi Sulawesi Selatan", "WADMKK": "Kabupaten Wajo", "REMARK": "Tidak Ada", "SBDATA": "Analisis Tim Penyusun, 2022", "SHAPE_Leng": 0.028851763273899999 }, "geometry": { "type": "LineString", "coordinates": [ [ 120.035322698470409, -4.127418268113401 ], [ 120.03257385370101, -4.126540201874691 ], [ 120.031954016154955, -4.128206734928861 ], [ 120.031720454181098, -4.129541750819397 ], [ 120.032807415674881, -4.130159978893833 ], [ 120.033130809177152, -4.130930523355744 ], [ 120.034801675605635, -4.130831965384914 ], [ 120.034873540828357, -4.129989742225739 ], [ 120.034819641911312, -4.13086780464845 ], [ 120.033148775482843, -4.130966362614828 ], [ 120.033508101596496, -4.131960901408495 ], [ 120.033508101596496, -4.132390971851954 ], [ 120.035277782706203, -4.132328253260142 ], [ 120.037927812794379, -4.131889222978577 ], [ 120.038969858523927, -4.132175936659377 ], [ 120.039904106419414, -4.128475530255142 ], [ 120.035322698470409, -4.127418268113401 ] ] } },
{ "type": "Feature", "properties": { "FID": 188, "OBJECTID": 1447, "NAMOBJ": "Jaringan Drainase Tersier", "STSJRN": 1, "WADMPR": "Provinsi Sulawesi Selatan", "WADMKK": "Kabupaten Wajo", "REMARK": "Tidak Ada", "SBDATA": "Analisis Tim Penyusun, 2022", "SHAPE_Leng": 0.0049062935639299999 }, "geometry": { "type": "LineString", "coordinates": [ [ 120.030813155744127, -4.127597465185674 ], [ 120.031082650329353, -4.126656680105069 ], [ 120.030031621446966, -4.126262446025619 ], [ 120.029708227944653, -4.127633304595275 ], [ 120.030723324215714, -4.127928979662753 ], [ 120.030813155744127, -4.127597465185674 ] ] } },
{ "type": "Feature", "properties": { "FID": 189, "OBJECTID": 1448, "NAMOBJ": "Jaringan Drainase Tersier", "STSJRN": 1, "WADMPR": "Provinsi Sulawesi Selatan", "WADMKK": "Kabupaten Wajo", "REMARK": "Tidak Ada", "SBDATA": "Analisis Tim Penyusun, 2022", "SHAPE_Leng": 0.0041501689120700003 }, "geometry": { "type": "LineString", "coordinates": [ [ 120.029672295333299, -4.127624344743026 ], [ 120.029995688835598, -4.126244526290084 ], [ 120.029330935525337, -4.126101168391257 ], [ 120.029007542023066, -4.127427227967976 ], [ 120.029672295333299, -4.127624344743026 ] ] } },
{ "type": "Feature", "properties": { "FID": 190, "OBJECTID": 1449, "NAMOBJ": "Jaringan Drainase Tersier", "STSJRN": 1, "WADMPR": "Provinsi Sulawesi Selatan", "WADMKK": "Kabupaten Wajo", "REMARK": "Tidak Ada", "SBDATA": "Analisis Tim Penyusun, 2022", "SHAPE_Leng": 0.0037700533822000002 }, "geometry": { "type": "LineString", "coordinates": [ [ 120.032537921089656, -4.126522282145423 ], [ 120.031280279691885, -4.126101168391257 ], [ 120.031127566093588, -4.12663876037843 ], [ 120.0323313085743, -4.127086753423079 ], [ 120.032537921089656, -4.126522282145423 ] ] } },
{ "type": "Feature", "properties": { "FID": 191, "OBJECTID": 1450, "NAMOBJ": "Jaringan Drainase Tersier", "STSJRN": 1, "WADMPR": "Provinsi Sulawesi Selatan", "WADMKK": "Kabupaten Wajo", "REMARK": "Tidak Ada", "SBDATA": "Analisis Tim Penyusun, 2022", "SHAPE_Leng": 0.0039813542379000004 }, "geometry": { "type": "LineString", "coordinates": [ [ 120.029034491481582, -4.127167392144275 ], [ 120.029295002913969, -4.126092208521722 ], [ 120.028639232756561, -4.125948850595401 ], [ 120.028369738171321, -4.127239071000686 ], [ 120.028971609411698, -4.127418268113401 ], [ 120.029034491481582, -4.127167392144275 ] ] } },
{ "type": "Feature", "properties": { "FID": 192, "OBJECTID": 1451, "NAMOBJ": "Jaringan Drainase Tersier", "STSJRN": 1, "WADMPR": "Provinsi Sulawesi Selatan", "WADMKK": "Kabupaten Wajo", "REMARK": "Tidak Ada", "SBDATA": "Analisis Tim Penyusun, 2022", "SHAPE_Leng": 0.0069533509084800001 }, "geometry": { "type": "LineString", "coordinates": [ [ 120.028010412057682, -4.128789124687431 ], [ 120.028603300145193, -4.125939890724148 ], [ 120.028091260433257, -4.125823412388645 ], [ 120.027426507122996, -4.128663686929383 ], [ 120.028010412057682, -4.128789124687431 ] ] } },
{ "type": "Feature", "properties": { "FID": 193, "OBJECTID": 1452, "NAMOBJ": "Jaringan Drainase Tersier", "STSJRN": 1, "WADMPR": "Provinsi Sulawesi Selatan", "WADMKK": "Kabupaten Wajo", "REMARK": "Tidak Ada", "SBDATA": "Analisis Tim Penyusun, 2022", "SHAPE_Leng": 0.0068326663554600002 }, "geometry": { "type": "LineString", "coordinates": [ [ 120.033427253220935, -4.125886131494499 ], [ 120.032843348286249, -4.125805492643207 ], [ 120.032582836853848, -4.126504362415752 ], [ 120.035313715317571, -4.127382428694094 ], [ 120.035394563693131, -4.127104673139609 ], [ 120.034927439745402, -4.126620840651387 ], [ 120.033427253220935, -4.125886131494499 ] ] } },
{ "type": "Feature", "properties": { "FID": 194, "OBJECTID": 1453, "NAMOBJ": "Jaringan Drainase Tersier", "STSJRN": 1, "WADMPR": "Provinsi Sulawesi Selatan", "WADMKK": "Kabupaten Wajo", "REMARK": "Tidak Ada", "SBDATA": "Analisis Tim Penyusun, 2022", "SHAPE_Leng": 0.0033492441446199999 }, "geometry": { "type": "LineString", "coordinates": [ [ 120.03109163348222, -4.126620840651387 ], [ 120.031253330233355, -4.126092208521722 ], [ 120.030157385586733, -4.125715893909945 ], [ 120.030040604599805, -4.126226606554146 ], [ 120.03109163348222, -4.126620840651387 ] ] } },
{ "type": "Feature", "properties": { "FID": 195, "OBJECTID": 1454, "NAMOBJ": "Jaringan Drainase Tersier", "STSJRN": 1, "WADMPR": "Provinsi Sulawesi Selatan", "WADMKK": "Kabupaten Wajo", "REMARK": "Tidak Ada", "SBDATA": "Analisis Tim Penyusun, 2022", "SHAPE_Leng": 0.0066676900719900003 }, "geometry": { "type": "LineString", "coordinates": [ [ 120.027767866930986, -4.127041954129989 ], [ 120.028055327821889, -4.125814452515977 ], [ 120.027660069096868, -4.125715893909945 ], [ 120.026950400022429, -4.128493449940326 ], [ 120.027399557664467, -4.128654727088764 ], [ 120.027767866930986, -4.127041954129989 ] ] } },
{ "type": "Feature", "properties": { "FID": 196, "OBJECTID": 1455, "NAMOBJ": "Jaringan Drainase Tersier", "STSJRN": 1, "WADMPR": "Provinsi Sulawesi Selatan", "WADMKK": "Kabupaten Wajo", "REMARK": "Tidak Ada", "SBDATA": "Analisis Tim Penyusun, 2022", "SHAPE_Leng": 0.0076103417253900003 }, "geometry": { "type": "LineString", "coordinates": [ [ 120.027309726136068, -4.126925475956121 ], [ 120.0276241364855, -4.125706934036064 ], [ 120.026627006520144, -4.12546501740305 ], [ 120.026016152126928, -4.128152975852682 ], [ 120.026914467411061, -4.128484490097785 ], [ 120.027309726136068, -4.126925475956121 ] ] } },
{ "type": "Feature", "properties": { "FID": 197, "OBJECTID": 1456, "NAMOBJ": "Jaringan Drainase Tersier", "STSJRN": 1, "WADMPR": "Provinsi Sulawesi Selatan", "WADMKK": "Kabupaten Wajo", "REMARK": "Tidak Ada", "SBDATA": "Analisis Tim Penyusun, 2022", "SHAPE_Leng": 0.0040985161683899998 }, "geometry": { "type": "LineString", "coordinates": [ [ 120.032807415674881, -4.125796532770337 ], [ 120.031531807971433, -4.125411258141265 ], [ 120.031298245997561, -4.126065328912508 ], [ 120.032555887395333, -4.126486442685676 ], [ 120.032807415674881, -4.125796532770337 ] ] } },
{ "type": "Feature", "properties": { "FID": 198, "OBJECTID": 1457, "NAMOBJ": "Jaringan Drainase Tersier", "STSJRN": 1, "WADMPR": "Provinsi Sulawesi Selatan", "WADMKK": "Kabupaten Wajo", "REMARK": "Tidak Ada", "SBDATA": "Analisis Tim Penyusun, 2022", "SHAPE_Leng": 0.0050200406797000002 }, "geometry": { "type": "LineString", "coordinates": [ [ 120.029321952372499, -4.126065328912508 ], [ 120.030004671988436, -4.126217646686024 ], [ 120.030130436128218, -4.125706934036064 ], [ 120.028234990878715, -4.125214140816921 ], [ 120.028100243586096, -4.125787572897362 ], [ 120.029321952372499, -4.126065328912508 ] ] } },
{ "type": "Feature", "properties": { "FID": 199, "OBJECTID": 1458, "NAMOBJ": "Jaringan Drainase Tersier", "STSJRN": 1, "WADMPR": "Provinsi Sulawesi Selatan", "WADMKK": "Kabupaten Wajo", "REMARK": "Tidak Ada", "SBDATA": "Analisis Tim Penyusun, 2022", "SHAPE_Leng": 0.0072165472013000003 }, "geometry": { "type": "LineString", "coordinates": [ [ 120.026501242380348, -4.12618180721253 ], [ 120.02659107390879, -4.125456057526338 ], [ 120.025441230345109, -4.125169341418204 ], [ 120.025198685218385, -4.125984690079407 ], [ 120.025234617829739, -4.126576041332012 ], [ 120.025549028179199, -4.127794581918459 ], [ 120.025980219515574, -4.128144016006298 ], [ 120.026501242380348, -4.12618180721253 ] ] } },
{ "type": "Feature", "properties": { "FID": 200, "OBJECTID": 1459, "NAMOBJ": "Jaringan Drainase Tersier", "STSJRN": 1, "WADMPR": "Provinsi Sulawesi Selatan", "WADMKK": "Kabupaten Wajo", "REMARK": "Tidak Ada", "SBDATA": "Analisis Tim Penyusun, 2022", "SHAPE_Leng": 0.0038507761925099999 }, "geometry": { "type": "LineString", "coordinates": [ [ 120.030166368739572, -4.125680054413811 ], [ 120.031262313386208, -4.126056369042566 ], [ 120.031495875360065, -4.125402298263945 ], [ 120.030229250809469, -4.125008063561904 ], [ 120.030166368739572, -4.125680054413811 ] ] } },
{ "type": "Feature", "properties": { "FID": 201, "OBJECTID": 1460, "NAMOBJ": "Jaringan Drainase Tersier", "STSJRN": 1, "WADMPR": "Provinsi Sulawesi Selatan", "WADMKK": "Kabupaten Wajo", "REMARK": "Tidak Ada", "SBDATA": "Analisis Tim Penyusun, 2022", "SHAPE_Leng": 0.0042756162281000001 }, "geometry": { "type": "LineString", "coordinates": [ [ 120.032421140102713, -4.124801986253433 ], [ 120.031801302556659, -4.12464070832256 ], [ 120.031540791124272, -4.125375418631385 ], [ 120.032825381980558, -4.125769653151115 ], [ 120.033103859718636, -4.12501702344367 ], [ 120.032421140102713, -4.124801986253433 ] ] } },
{ "type": "Feature", "properties": { "FID": 202, "OBJECTID": 1461, "NAMOBJ": "Jaringan Drainase Tersier", "STSJRN": 1, "WADMPR": "Provinsi Sulawesi Selatan", "WADMKK": "Kabupaten Wajo", "REMARK": "Tidak Ada", "SBDATA": "Analisis Tim Penyusun, 2022", "SHAPE_Leng": 0.0066928497196199997 }, "geometry": { "type": "LineString", "coordinates": [ [ 120.026618023367305, -4.125420218018481 ], [ 120.028064310974727, -4.125778613024289 ], [ 120.028199058267347, -4.125205180937381 ], [ 120.025656826013289, -4.124425671030472 ], [ 120.025450213497948, -4.125133501897412 ], [ 120.026618023367305, -4.125420218018481 ] ] } },
{ "type": "Feature", "properties": { "FID": 203, "OBJECTID": 1462, "NAMOBJ": "Jaringan Drainase Tersier", "STSJRN": 1, "WADMPR": "Provinsi Sulawesi Selatan", "WADMKK": "Kabupaten Wajo", "REMARK": "Tidak Ada", "SBDATA": "Analisis Tim Penyusun, 2022", "SHAPE_Leng": 0.0052747906369100001 }, "geometry": { "type": "LineString", "coordinates": [ [ 120.028243974031554, -4.12517830129815 ], [ 120.030130436128218, -4.125671094539526 ], [ 120.030193318198101, -4.12499910368004 ], [ 120.028423637088366, -4.124416711142039 ], [ 120.028243974031554, -4.12517830129815 ] ] } },
{ "type": "Feature", "properties": { "FID": 204, "OBJECTID": 1463, "NAMOBJ": "Jaringan Drainase Tersier", "STSJRN": 1, "WADMPR": "Provinsi Sulawesi Selatan", "WADMKK": "Kabupaten Wajo", "REMARK": "Tidak Ada", "SBDATA": "Analisis Tim Penyusun, 2022", "SHAPE_Leng": 0.0043856960375000002 }, "geometry": { "type": "LineString", "coordinates": [ [ 120.030229250809469, -4.124972224033836 ], [ 120.031504858512903, -4.125366458753662 ], [ 120.031774353098143, -4.124631748436553 ], [ 120.030301116032192, -4.1242285534616 ], [ 120.030229250809469, -4.124972224033836 ] ] } },
{ "type": "Feature", "properties": { "FID": 205, "OBJECTID": 1464, "NAMOBJ": "Jaringan Drainase Tersier", "STSJRN": 1, "WADMPR": "Provinsi Sulawesi Selatan", "WADMKK": "Kabupaten Wajo", "REMARK": "Tidak Ada", "SBDATA": "Analisis Tim Penyusun, 2022", "SHAPE_Leng": 0.0026621132550599998 }, "geometry": { "type": "LineString", "coordinates": [ [ 120.032672668382261, -4.124112074875192 ], [ 120.032052830836207, -4.123941836910498 ], [ 120.03181926886235, -4.124604868777921 ], [ 120.032412156949874, -4.124766146716068 ], [ 120.032672668382261, -4.124112074875192 ] ] } },
{ "type": "Feature", "properties": { "FID": 206, "OBJECTID": 1465, "NAMOBJ": "Jaringan Drainase Tersier", "STSJRN": 1, "WADMPR": "Provinsi Sulawesi Selatan", "WADMKK": "Kabupaten Wajo", "REMARK": "Tidak Ada", "SBDATA": "Analisis Tim Penyusun, 2022", "SHAPE_Leng": 0.0063725544378299996 }, "geometry": { "type": "LineString", "coordinates": [ [ 120.025414280886594, -4.125124542016962 ], [ 120.025620893401936, -4.124416711142039 ], [ 120.023536801942768, -4.123771598909334 ], [ 120.023159509523452, -4.124891585089771 ], [ 120.025414280886594, -4.125124542016962 ] ] } },
{ "type": "Feature", "properties": { "FID": 207, "OBJECTID": 1466, "NAMOBJ": "Jaringan Drainase Tersier", "STSJRN": 1, "WADMPR": "Provinsi Sulawesi Selatan", "WADMKK": "Kabupaten Wajo", "REMARK": "Tidak Ada", "SBDATA": "Analisis Tim Penyusun, 2022", "SHAPE_Leng": 0.0026662138820500001 }, "geometry": { "type": "LineString", "coordinates": [ [ 120.031415026984504, -4.123762639013526 ], [ 120.031172481857794, -4.124425671030472 ], [ 120.031783336250982, -4.124595908891508 ], [ 120.032016898224839, -4.123932877016609 ], [ 120.031415026984504, -4.123762639013526 ] ] } },
{ "type": "Feature", "properties": { "FID": 208, "OBJECTID": 1467, "NAMOBJ": "Jaringan Drainase Tersier", "STSJRN": 1, "WADMPR": "Provinsi Sulawesi Selatan", "WADMKK": "Kabupaten Wajo", "REMARK": "Tidak Ada", "SBDATA": "Analisis Tim Penyusun, 2022", "SHAPE_Leng": 0.0080280137413999992 }, "geometry": { "type": "LineString", "coordinates": [ [ 120.03330148908114, -4.12464070832256 ], [ 120.032861314591926, -4.125769653151115 ], [ 120.033939292932871, -4.126011569691351 ], [ 120.034900490286887, -4.126567081467832 ], [ 120.03485557452268, -4.124748226946779 ], [ 120.034442349491968, -4.124470470471124 ], [ 120.034496248409042, -4.123950796804285 ], [ 120.033966242391386, -4.123753679117618 ], [ 120.03330148908114, -4.12464070832256 ] ] } },
{ "type": "Feature", "properties": { "FID": 209, "OBJECTID": 1468, "NAMOBJ": "Jaringan Drainase Tersier", "STSJRN": 1, "WADMPR": "Provinsi Sulawesi Selatan", "WADMKK": "Kabupaten Wajo", "REMARK": "Tidak Ada", "SBDATA": "Analisis Tim Penyusun, 2022", "SHAPE_Leng": 0.0067469498241500003 }, "geometry": { "type": "LineString", "coordinates": [ [ 120.025665809166142, -4.124389831476133 ], [ 120.028208041420186, -4.125169341418204 ], [ 120.028387704477012, -4.124407751253504 ], [ 120.025863438528631, -4.123726799429283 ], [ 120.025665809166142, -4.124389831476133 ] ] } },
{ "type": "Feature", "properties": { "FID": 210, "OBJECTID": 1469, "NAMOBJ": "Jaringan Drainase Tersier", "STSJRN": 1, "WADMPR": "Provinsi Sulawesi Selatan", "WADMKK": "Kabupaten Wajo", "REMARK": "Tidak Ada", "SBDATA": "Analisis Tim Penyusun, 2022", "SHAPE_Leng": 0.0033459119542 }, "geometry": { "type": "LineString", "coordinates": [ [ 120.030301116032192, -4.12419271389837 ], [ 120.031136549246426, -4.124416711142039 ], [ 120.031388077525975, -4.123753679117618 ], [ 120.030372981254914, -4.123466962395181 ], [ 120.030301116032192, -4.12419271389837 ] ] } },
{ "type": "Feature", "properties": { "FID": 211, "OBJECTID": 1470, "NAMOBJ": "Jaringan Drainase Tersier", "STSJRN": 1, "WADMPR": "Provinsi Sulawesi Selatan", "WADMKK": "Kabupaten Wajo", "REMARK": "Tidak Ada", "SBDATA": "Analisis Tim Penyusun, 2022", "SHAPE_Leng": 0.0062682767681 }, "geometry": { "type": "LineString", "coordinates": [ [ 120.028432620241219, -4.124380871587295 ], [ 120.030193318198101, -4.124963264151567 ], [ 120.03033704864356, -4.123458002495938 ], [ 120.028711097979283, -4.123162325764258 ], [ 120.028432620241219, -4.124380871587295 ] ] } },
{ "type": "Feature", "properties": { "FID": 212, "OBJECTID": 1471, "NAMOBJ": "Jaringan Drainase Tersier", "STSJRN": 1, "WADMPR": "Provinsi Sulawesi Selatan", "WADMKK": "Kabupaten Wajo", "REMARK": "Tidak Ada", "SBDATA": "Analisis Tim Penyusun, 2022", "SHAPE_Leng": 0.118789030834 }, "geometry": { "type": "LineString", "coordinates": [ [ 120.199471850337574, -4.143608560133869 ], [ 120.198088444800035, -4.143662318161438 ], [ 120.19814234371708, -4.144925630757272 ], [ 120.197693186075014, -4.145758878385938 ], [ 120.197459624101143, -4.147040106896967 ], [ 120.196318763690314, -4.148043585119328 ], [ 120.195438414711873, -4.150310366054561 ], [ 120.194360436370928, -4.151896212879717 ], [ 120.19432450375956, -4.156098243577029 ], [ 120.194818577165847, -4.156196798399331 ], [ 120.195761808214172, -4.15685980324734 ], [ 120.201969166827425, -4.159135518348354 ], [ 120.203136976696783, -4.158938409426323 ], [ 120.203882578382604, -4.158042459159322 ], [ 120.204295803413288, -4.157845349963889 ], [ 120.204897674653665, -4.157943904567768 ], [ 120.205921754077565, -4.158418758395532 ], [ 120.206954816654275, -4.158096216204068 ], [ 120.207655502575903, -4.158185811270494 ], [ 120.209757560340748, -4.159180315823757 ], [ 120.21120384794817, -4.16043464410085 ], [ 120.213692181285182, -4.161500821565894 ], [ 120.215237283573884, -4.159036963893502 ], [ 120.216324245067668, -4.156904600852096 ], [ 120.217348324491567, -4.15400171080299 ], [ 120.217626802229631, -4.153078876234567 ], [ 120.217671717993838, -4.152406908636733 ], [ 120.21809392617736, -4.151313840121974 ], [ 120.221426675881446, -4.144656841012299 ], [ 120.221768035689436, -4.143590640790535 ], [ 120.222459738458184, -4.142354205120011 ], [ 120.22344788527073, -4.141413437554402 ], [ 120.224319251096333, -4.140150119349776 ], [ 120.225316381061702, -4.138232738931721 ], [ 120.228756928599879, -4.132767283298659 ], [ 120.230023553150488, -4.130464612840314 ], [ 120.225675707175341, -4.127391388549073 ], [ 120.223645514633219, -4.126396844029235 ], [ 120.22173210307804, -4.126083248652084 ], [ 120.220294798623456, -4.125599415541599 ], [ 120.214186254691455, -4.124801986253433 ], [ 120.208949076585029, -4.122839769204249 ], [ 120.208122626523632, -4.12452422979657 ], [ 120.207296176462265, -4.125330619241763 ], [ 120.206802103055978, -4.126674599831302 ], [ 120.204852758889459, -4.129900143964705 ], [ 120.203622066950217, -4.132883760615019 ], [ 120.202687819054731, -4.136924616916914 ], [ 120.202517139150757, -4.140132199928114 ], [ 120.201879335299012, -4.142273567943933 ], [ 120.200792373805228, -4.1424706810265 ], [ 120.199471850337574, -4.143608560133869 ] ] } },
{ "type": "Feature", "properties": { "FID": 213, "OBJECTID": 1472, "NAMOBJ": "Jaringan Drainase Tersier", "STSJRN": 1, "WADMPR": "Provinsi Sulawesi Selatan", "WADMKK": "Kabupaten Wajo", "REMARK": "Tidak Ada", "SBDATA": "Analisis Tim Penyusun, 2022", "SHAPE_Leng": 0.00426891282046 }, "geometry": { "type": "LineString", "coordinates": [ [ 120.028720081132121, -4.123126486152943 ], [ 120.03033704864356, -4.123422162897956 ], [ 120.030390947560605, -4.122884568734301 ], [ 120.028836862119078, -4.12262473142486 ], [ 120.028720081132121, -4.123126486152943 ] ] } },
{ "type": "Feature", "properties": { "FID": 214, "OBJECTID": 1473, "NAMOBJ": "Jaringan Drainase Tersier", "STSJRN": 1, "WADMPR": "Provinsi Sulawesi Selatan", "WADMKK": "Kabupaten Wajo", "REMARK": "Tidak Ada", "SBDATA": "Analisis Tim Penyusun, 2022", "SHAPE_Leng": 0.0042226821411800002 }, "geometry": { "type": "LineString", "coordinates": [ [ 120.032061813989046, -4.123905997334337 ], [ 120.0326816515351, -4.124085195198981 ], [ 120.032969112426017, -4.123350483697145 ], [ 120.033076910260107, -4.122544092242591 ], [ 120.032546904242494, -4.122544092242591 ], [ 120.032061813989046, -4.123905997334337 ] ] } },
{ "type": "Feature", "properties": { "FID": 215, "OBJECTID": 1474, "NAMOBJ": "Jaringan Drainase Tersier", "STSJRN": 1, "WADMPR": "Provinsi Sulawesi Selatan", "WADMKK": "Kabupaten Wajo", "REMARK": "Tidak Ada", "SBDATA": "Analisis Tim Penyusun, 2022", "SHAPE_Leng": 0.0067159257520899998 }, "geometry": { "type": "LineString", "coordinates": [ [ 120.034011158155593, -4.122481372872947 ], [ 120.033112842871475, -4.122544092242591 ], [ 120.033005045037385, -4.1233594435976 ], [ 120.032448089561242, -4.124775106600561 ], [ 120.033121826024313, -4.124990143798073 ], [ 120.033939292932871, -4.123726799429283 ], [ 120.034011158155593, -4.122481372872947 ] ] } },
{ "type": "Feature", "properties": { "FID": 216, "OBJECTID": 1475, "NAMOBJ": "Jaringan Drainase Tersier", "STSJRN": 1, "WADMPR": "Provinsi Sulawesi Selatan", "WADMKK": "Kabupaten Wajo", "REMARK": "Tidak Ada", "SBDATA": "Analisis Tim Penyusun, 2022", "SHAPE_Leng": 0.0041180064289500001 }, "geometry": { "type": "LineString", "coordinates": [ [ 120.031765369945305, -4.122830809297938 ], [ 120.031432993290181, -4.123726799429283 ], [ 120.03203486453053, -4.123897037440043 ], [ 120.032510971631126, -4.122535132332945 ], [ 120.03181926886235, -4.122436573320174 ], [ 120.031765369945305, -4.122830809297938 ] ] } },
{ "type": "Feature", "properties": { "FID": 217, "OBJECTID": 1476, "NAMOBJ": "Jaringan Drainase Tersier", "STSJRN": 1, "WADMPR": "Provinsi Sulawesi Selatan", "WADMKK": "Kabupaten Wajo", "REMARK": "Tidak Ada", "SBDATA": "Analisis Tim Penyusun, 2022", "SHAPE_Leng": 0.0044838918172700002 }, "geometry": { "type": "LineString", "coordinates": [ [ 120.030426880171959, -4.122884568734301 ], [ 120.030372981254914, -4.123431122797604 ], [ 120.031397060678813, -4.123717839532969 ], [ 120.031783336250982, -4.122436573320174 ], [ 120.031244347080516, -4.122355934118818 ], [ 120.030426880171959, -4.122884568734301 ] ] } },
{ "type": "Feature", "properties": { "FID": 218, "OBJECTID": 1477, "NAMOBJ": "Jaringan Drainase Tersier", "STSJRN": 1, "WADMPR": "Provinsi Sulawesi Selatan", "WADMKK": "Kabupaten Wajo", "REMARK": "Tidak Ada", "SBDATA": "Analisis Tim Penyusun, 2022", "SHAPE_Leng": 0.00880552366051 }, "geometry": { "type": "LineString", "coordinates": [ [ 120.025872421681484, -4.123690959843422 ], [ 120.028396687629851, -4.124371911698357 ], [ 120.028800929507696, -4.12262473142486 ], [ 120.026402427699097, -4.121881058656032 ], [ 120.025872421681484, -4.123690959843422 ] ] } },
{ "type": "Feature", "properties": { "FID": 219, "OBJECTID": 1478, "NAMOBJ": "Jaringan Drainase Tersier", "STSJRN": 1, "WADMPR": "Provinsi Sulawesi Selatan", "WADMKK": "Kabupaten Wajo", "REMARK": "Tidak Ada", "SBDATA": "Analisis Tim Penyusun, 2022", "SHAPE_Leng": 0.0086602001352000003 }, "geometry": { "type": "LineString", "coordinates": [ [ 120.025836489070116, -4.123681999946706 ], [ 120.026366495087728, -4.121872098738913 ], [ 120.024318336239958, -4.121002986298516 ], [ 120.023563751401298, -4.123063766829254 ], [ 120.025836489070116, -4.123681999946706 ] ] } },
{ "type": "Feature", "properties": { "FID": 220, "OBJECTID": 1479, "NAMOBJ": "Jaringan Drainase Tersier", "STSJRN": 1, "WADMPR": "Provinsi Sulawesi Selatan", "WADMKK": "Kabupaten Wajo", "REMARK": "Tidak Ada", "SBDATA": "Analisis Tim Penyusun, 2022", "SHAPE_Leng": 0.0296866611033 }, "geometry": { "type": "LineString", "coordinates": [ [ 120.034765742994267, -4.122364894030484 ], [ 120.034047090766961, -4.122481372872947 ], [ 120.033975225544239, -4.123726799429283 ], [ 120.034541164173248, -4.123959756697973 ], [ 120.034711844077222, -4.12294728807213 ], [ 120.034451332644807, -4.124389831476133 ], [ 120.034711844077222, -4.124586949004994 ], [ 120.035053203885184, -4.122920408356523 ], [ 120.034738793535737, -4.124604868777921 ], [ 120.034891507134034, -4.124739267061983 ], [ 120.034963372356771, -4.125527736537202 ], [ 120.034864557675519, -4.126369964430331 ], [ 120.0354304963045, -4.127095713281395 ], [ 120.035349647928925, -4.127391388549073 ], [ 120.039913089572252, -4.128439690883564 ], [ 120.04005682001771, -4.12688067665393 ], [ 120.039796308585323, -4.124882625206592 ], [ 120.03938308355464, -4.1232160851782 ], [ 120.039311218331918, -4.120653549070208 ], [ 120.038808161772792, -4.120698348723443 ], [ 120.038206290532443, -4.121468902364072 ], [ 120.037784082348892, -4.121666020617318 ], [ 120.034765742994267, -4.122364894030484 ] ] } },
{ "type": "Feature", "properties": { "FID": 221, "OBJECTID": 1480, "NAMOBJ": "Jaringan Drainase Tersier", "STSJRN": 1, "WADMPR": "Provinsi Sulawesi Selatan", "WADMKK": "Kabupaten Wajo", "REMARK": "Tidak Ada", "SBDATA": "Analisis Tim Penyusun, 2022", "SHAPE_Leng": 0.083990641561900004 }, "geometry": { "type": "LineString", "coordinates": [ [ 120.041592939153574, -4.142497560079408 ], [ 120.042581085966106, -4.142649874695304 ], [ 120.042643968035989, -4.14230940668987 ], [ 120.044853823634938, -4.142622995647571 ], [ 120.045365863346873, -4.142882826404066 ], [ 120.047701483085575, -4.142900745763439 ], [ 120.047970977670801, -4.142336285748259 ], [ 120.050207782728265, -4.143178495781776 ], [ 120.052462554091406, -4.144280535215828 ], [ 120.052767981288028, -4.141377598767881 ], [ 120.052723065523821, -4.136207836814565 ], [ 120.052309840493109, -4.133528865441965 ], [ 120.052300857340271, -4.132220735662639 ], [ 120.051806783934012, -4.130151019070107 ], [ 120.051609154571508, -4.129980782400091 ], [ 120.051097114859544, -4.130043501177505 ], [ 120.050935418108409, -4.127875220567765 ], [ 120.051429491514668, -4.12619972694948 ], [ 120.05205831221356, -4.125456057526338 ], [ 120.052471537244244, -4.123090646540013 ], [ 120.053342903069847, -4.122517212513349 ], [ 120.054384948799424, -4.122140896208546 ], [ 120.054825123288637, -4.121728740051284 ], [ 120.055615640738665, -4.118852600920597 ], [ 120.053414768292583, -4.118807801163411 ], [ 120.050980333872616, -4.117723646270445 ], [ 120.049992187060084, -4.118377723366096 ], [ 120.048923191871978, -4.120098033160436 ], [ 120.048294371173114, -4.120420590832705 ], [ 120.047467921111718, -4.120510190162896 ], [ 120.046371976465082, -4.120124912971455 ], [ 120.043829744211038, -4.118718201641475 ], [ 120.043111091983732, -4.118565882431025 ], [ 120.042113962018348, -4.118001405102764 ], [ 120.041341410874026, -4.118574842385388 ], [ 120.039814274891, -4.120501230230331 ], [ 120.039347150943271, -4.120644589139257 ], [ 120.039419016166008, -4.123207125276129 ], [ 120.039832241196692, -4.124882625206592 ], [ 120.040110718934756, -4.127651224299469 ], [ 120.038942909065398, -4.132390971851954 ], [ 120.039212403650666, -4.133609503508427 ], [ 120.038754262855747, -4.134514441247303 ], [ 120.038511717729037, -4.137023174130269 ], [ 120.038763246008585, -4.137730993756804 ], [ 120.039329184637594, -4.138268577860623 ], [ 120.03938308355464, -4.138886799128856 ], [ 120.039760375973955, -4.139693173970675 ], [ 120.039832241196692, -4.141386558464664 ], [ 120.039607662375658, -4.14200477729765 ], [ 120.040559876576836, -4.142336285748259 ], [ 120.041592939153574, -4.142497560079408 ] ] } },
{ "type": "Feature", "properties": { "FID": 222, "OBJECTID": 1481, "NAMOBJ": "Jaringan Drainase Tersier", "STSJRN": 1, "WADMPR": "Provinsi Sulawesi Selatan", "WADMKK": "Kabupaten Wajo", "REMARK": "Tidak Ada", "SBDATA": "Analisis Tim Penyusun, 2022", "SHAPE_Leng": 0.023304243801400001 }, "geometry": { "type": "LineString", "coordinates": [ [ 120.034541164173248, -4.116648449876653 ], [ 120.034666928313015, -4.117992445141945 ], [ 120.034038107614123, -4.12102986607895 ], [ 120.034047090766961, -4.12244553323093 ], [ 120.036158131684644, -4.122096096636585 ], [ 120.037775099196054, -4.121630180938544 ], [ 120.038188324226766, -4.121442022598479 ], [ 120.038790195467101, -4.120671468931805 ], [ 120.039311218331918, -4.120617709345802 ], [ 120.039338167790433, -4.117445887341187 ], [ 120.039203420497813, -4.117248768042264 ], [ 120.038538667187566, -4.117257728011456 ], [ 120.038314088366533, -4.117042688723012 ], [ 120.038403919894947, -4.115886851552403 ], [ 120.038179341073914, -4.115555332054273 ], [ 120.036472542034076, -4.11473101270392 ], [ 120.034415400033438, -4.115008772580333 ], [ 120.034541164173248, -4.116648449876653 ] ] } },
{ "type": "Feature", "properties": { "FID": 223, "OBJECTID": 1482, "NAMOBJ": "Jaringan Drainase Tersier", "STSJRN": 1, "WADMPR": "Provinsi Sulawesi Selatan", "WADMKK": "Kabupaten Wajo", "REMARK": "Tidak Ada", "SBDATA": "Analisis Tim Penyusun, 2022", "SHAPE_Leng": 0.047189304752799997 }, "geometry": { "type": "LineString", "coordinates": [ [ 120.026411410851935, -4.121845218986952 ], [ 120.02807329412758, -4.122409693587297 ], [ 120.030399930713443, -4.122848729110462 ], [ 120.031226380774839, -4.122329054383215 ], [ 120.031406043831652, -4.120778988092908 ], [ 120.031262313386208, -4.122329054383215 ], [ 120.032421140102713, -4.1224903327832 ], [ 120.033328438539655, -4.11814476446216 ], [ 120.032457072714081, -4.1224903327832 ], [ 120.034011158155593, -4.12244553323093 ], [ 120.034002175002755, -4.12102986607895 ], [ 120.034630995701647, -4.117992445141945 ], [ 120.03450523156188, -4.116675329804198 ], [ 120.032115712906091, -4.117132288433591 ], [ 120.03450523156188, -4.116639489900604 ], [ 120.034379467422085, -4.115008772580333 ], [ 120.028639232756561, -4.114175492660498 ], [ 120.027929563682122, -4.1138887724865 ], [ 120.027651085944015, -4.115698691854186 ], [ 120.026887517952531, -4.117795325978388 ], [ 120.027183961996286, -4.1184583629708 ], [ 120.026411410851935, -4.121845218986952 ] ] } },
{ "type": "Feature", "properties": { "FID": 224, "OBJECTID": 1483, "NAMOBJ": "Jaringan Drainase Tersier", "STSJRN": 1, "WADMPR": "Provinsi Sulawesi Selatan", "WADMKK": "Kabupaten Wajo", "REMARK": "Tidak Ada", "SBDATA": "Analisis Tim Penyusun, 2022", "SHAPE_Leng": 0.110231059944 }, "geometry": { "type": "LineString", "coordinates": [ [ 120.121147740715202, -4.11657677006543 ], [ 120.117761092094071, -4.114999812585831 ], [ 120.116692096905965, -4.114166532656623 ], [ 120.110017614344954, -4.112401409927841 ], [ 120.108616242501725, -4.111505407046534 ], [ 120.10621774069314, -4.109050353991644 ], [ 120.103971952482837, -4.108091626841483 ], [ 120.101205141407732, -4.107365860662472 ], [ 120.099767836953149, -4.106666974088363 ], [ 120.097162722629207, -4.111845888260092 ], [ 120.097872391703646, -4.114005252569632 ], [ 120.097863408550808, -4.114515972733074 ], [ 120.097432217214433, -4.115125252499674 ], [ 120.096273390497927, -4.116101891153063 ], [ 120.09497083333595, -4.11814476446216 ], [ 120.094054551746154, -4.121755619807182 ], [ 120.094359978942748, -4.122911448451119 ], [ 120.093551495187057, -4.126316205229793 ], [ 120.092581314680203, -4.12628932562816 ], [ 120.09146740372789, -4.128376971979407 ], [ 120.091027229238662, -4.128690566450634 ], [ 120.090452307456829, -4.128744325490404 ], [ 120.089131783989188, -4.128144016006298 ], [ 120.088278384469263, -4.127920019813843 ], [ 120.086733282180589, -4.127866260718248 ], [ 120.086158360398741, -4.128135056159814 ], [ 120.084945634765177, -4.129568630310911 ], [ 120.083984437411161, -4.131817544542183 ], [ 120.083849690118555, -4.132346172858309 ], [ 120.084173083620826, -4.133000237914268 ], [ 120.083921555341277, -4.134066452396781 ], [ 120.102157355608909, -4.134729475805617 ], [ 120.103307199172576, -4.134550280344406 ], [ 120.108481495209119, -4.132767283298659 ], [ 120.109819984982451, -4.132498489426378 ], [ 120.111329154659757, -4.132507449223588 ], [ 120.113152734686537, -4.133125674986632 ], [ 120.114823601114978, -4.130392934275194 ], [ 120.115182927228645, -4.127696023558184 ], [ 120.115820731080362, -4.124981183916005 ], [ 120.117051423019603, -4.121486822207296 ], [ 120.120294341195276, -4.118332923582175 ], [ 120.12091417874133, -4.117284607918427 ], [ 120.121147740715202, -4.11657677006543 ] ] } },
{ "type": "Feature", "properties": { "FID": 225, "OBJECTID": 1484, "NAMOBJ": "Jaringan Drainase Tersier", "STSJRN": 1, "WADMPR": "Provinsi Sulawesi Selatan", "WADMKK": "Kabupaten Wajo", "REMARK": "Tidak Ada", "SBDATA": "Analisis Tim Penyusun, 2022", "SHAPE_Leng": 0.35245357525299997 }, "geometry": { "type": "LineString", "coordinates": [ [ 120.121291471160646, -4.116263170815442 ], [ 120.120950111352698, -4.117302527855903 ], [ 120.120330273806644, -4.118359803452829 ], [ 120.117087355630972, -4.121504742050115 ], [ 120.11585666369173, -4.124990143798073 ], [ 120.115209876687175, -4.127704983409624 ], [ 120.114859533726346, -4.130401894096188 ], [ 120.113179684145052, -4.133143594566778 ], [ 120.114006134206448, -4.134971389613986 ], [ 120.116817861045732, -4.138170020802241 ], [ 120.118362963334405, -4.139057033886075 ], [ 120.123061152270381, -4.140427870333661 ], [ 120.126124407389213, -4.140884815288617 ], [ 120.130247674543327, -4.140893774990978 ], [ 120.13192752412462, -4.14044578974863 ], [ 120.133373811732071, -4.139030154716315 ], [ 120.134406874308809, -4.137542839234259 ], [ 120.135583667331005, -4.136861898683849 ], [ 120.136032824973057, -4.136790220697123 ], [ 120.137101820161163, -4.13699629489148 ], [ 120.140335755183997, -4.138062503997291 ], [ 120.144980045202885, -4.139048074162923 ], [ 120.147261766024556, -4.140400991210448 ], [ 120.149300941719503, -4.142103333878558 ], [ 120.152409112602541, -4.144029664585357 ], [ 120.155247788900368, -4.146269578111307 ], [ 120.157825953765794, -4.14876035449781 ], [ 120.161059888788628, -4.150812103247698 ], [ 120.16212888397672, -4.151797657520151 ], [ 120.162739738369936, -4.152657776606858 ], [ 120.163117030789266, -4.153849398375782 ], [ 120.165371802152407, -4.154790151132521 ], [ 120.166512662563235, -4.153258067497347 ], [ 120.167042668580848, -4.152792170129477 ], [ 120.16869556870364, -4.15306095710605 ], [ 120.169647782904818, -4.152648817037871 ], [ 120.17085152538553, -4.151349678457933 ], [ 120.174094443561216, -4.150202850900265 ], [ 120.175280219736251, -4.149611517289968 ], [ 120.175819208906702, -4.149602557686408 ], [ 120.179214840680672, -4.14859012182931 ], [ 120.180274852715939, -4.147918150411232 ], [ 120.180777909275037, -4.147828554178969 ], [ 120.181775039240406, -4.147111783955113 ], [ 120.182736236594423, -4.147066985794533 ], [ 120.184883210123473, -4.147604563553863 ], [ 120.185224569931435, -4.147506007658698 ], [ 120.185646778114986, -4.146995308732324 ], [ 120.186320514578057, -4.145651362612236 ], [ 120.188251892438927, -4.143733995525847 ], [ 120.189069359347471, -4.142031656366387 ], [ 120.189329870779872, -4.141807664099006 ], [ 120.191288198099258, -4.141529913599387 ], [ 120.19421670592547, -4.14183454317444 ], [ 120.196228932161901, -4.142658834377679 ], [ 120.197998613271622, -4.143626479476799 ], [ 120.199462867184735, -4.143572721446794 ], [ 120.200774407499551, -4.142434842287868 ], [ 120.201753571159244, -4.142336285748259 ], [ 120.202481206539389, -4.140123240217131 ], [ 120.202651886443363, -4.136915657169638 ], [ 120.203586134338835, -4.132874800822059 ], [ 120.204322752871818, -4.13086780464845 ], [ 120.206766170444624, -4.126656680105069 ], [ 120.207269227003735, -4.125312699485208 ], [ 120.208095677065103, -4.124506310021825 ], [ 120.20834720534468, -4.124067275414335 ], [ 120.209488065755508, -4.121531621813587 ], [ 120.209523998366876, -4.121074665710986 ], [ 120.208877211362307, -4.119085559617296 ], [ 120.208859245056615, -4.118530042612563 ], [ 120.207987879231013, -4.118861560871732 ], [ 120.207071597641232, -4.118503162747658 ], [ 120.206182265509952, -4.117875965642108 ], [ 120.202849515805866, -4.117436927374114 ], [ 120.202014082591631, -4.117481727208474 ], [ 120.20054084552568, -4.117911805490028 ], [ 120.200316266704661, -4.117741566198037 ], [ 120.200226435176248, -4.116872449245128 ], [ 120.19714521375171, -4.114560772731788 ], [ 120.194602981497653, -4.113924612513894 ], [ 120.193111778125996, -4.112912131119426 ], [ 120.191782271505502, -4.112544770295368 ], [ 120.189240039251459, -4.112374529856059 ], [ 120.188494437565623, -4.112204289380383 ], [ 120.187685953809918, -4.111630847510557 ], [ 120.185772542254753, -4.111021565071816 ], [ 120.184721513372338, -4.110340601795085 ], [ 120.181550460419388, -4.110394362074921 ], [ 120.179565183641472, -4.110009079989329 ], [ 120.178451272689173, -4.10959691755213 ], [ 120.175172421902133, -4.112177409301954 ], [ 120.174849028399848, -4.112571650361407 ], [ 120.171722891211118, -4.118960120327549 ], [ 120.169117776887177, -4.122373853942048 ], [ 120.167581657751342, -4.124112074875192 ], [ 120.166782157148461, -4.125715893909945 ], [ 120.165722145113193, -4.127328669562099 ], [ 120.167554708292812, -4.124094155091152 ], [ 120.169090827428647, -4.122346974207051 ], [ 120.172172048853184, -4.11816268438027 ], [ 120.172890701080462, -4.116415490466579 ], [ 120.174822078941332, -4.11255373031748 ], [ 120.175145472443603, -4.112150529222617 ], [ 120.176897187247647, -4.110815484141551 ], [ 120.175352084958973, -4.109453556654474 ], [ 120.174139359325409, -4.108082666769224 ], [ 120.173690201683343, -4.10788554515407 ], [ 120.172675105412281, -4.107016417451933 ], [ 120.171516278695762, -4.106434011760971 ], [ 120.171354581944627, -4.106012887381192 ], [ 120.171300683027582, -4.105063116687762 ], [ 120.169593883987773, -4.104668871917101 ], [ 120.16656656148028, -4.103575737671197 ], [ 120.162964317190969, -4.103082930759519 ], [ 120.157457644499303, -4.100457608815477 ], [ 120.156568312368023, -4.100278405637924 ], [ 120.155975424280513, -4.103719099624769 ], [ 120.153334377345189, -4.111693567735165 ], [ 120.15297505123155, -4.112446210045463 ], [ 120.151438932095715, -4.114220292678362 ], [ 120.151016723912164, -4.114901252639664 ], [ 120.149857897195645, -4.118583802339651 ], [ 120.149435689012122, -4.120510190162896 ], [ 120.147701940513755, -4.122149856122634 ], [ 120.147396513317162, -4.123386323298359 ], [ 120.147666007902401, -4.122131936294356 ], [ 120.148088216085952, -4.121603301178404 ], [ 120.149211110191104, -4.120796907951678 ], [ 120.149552469999051, -4.120160752718066 ], [ 120.149821964584291, -4.118565882431025 ], [ 120.150980791300796, -4.114883332648141 ], [ 120.151411982637185, -4.114193412667946 ], [ 120.152948101773021, -4.112428289998718 ], [ 120.153307427886674, -4.11168460770338 ], [ 120.155948474821997, -4.103710139503424 ], [ 120.156532379756655, -4.100269445477992 ], [ 120.156020340044719, -4.100117122743774 ], [ 120.154385406227618, -4.100170883712106 ], [ 120.149507554234845, -4.09989311867013 ], [ 120.148007367710377, -4.100108162582032 ], [ 120.146525147491559, -4.100117122743774 ], [ 120.143093583106221, -4.099561592525937 ], [ 120.141817975402788, -4.099068783138591 ], [ 120.134802133033816, -4.097482830866789 ], [ 120.133885851444006, -4.097832278247689 ], [ 120.132161086098506, -4.098943340700581 ], [ 120.129762584289892, -4.099015022096139 ], [ 120.128585791267696, -4.098692455765517 ], [ 120.126061525319315, -4.099651194200089 ], [ 120.124139130611297, -4.099866238177075 ], [ 120.122998270200469, -4.102464681658499 ], [ 120.123016236506174, -4.10457927080571 ], [ 120.122270634820353, -4.107070177955822 ], [ 120.122001140235113, -4.112723970718505 ], [ 120.121291471160646, -4.116263170815442 ] ] } },
{ "type": "Feature", "properties": { "FID": 226, "OBJECTID": 1485, "NAMOBJ": "Jaringan Drainase Tersier", "STSJRN": 1, "WADMPR": "Provinsi Sulawesi Selatan", "WADMKK": "Kabupaten Wajo", "REMARK": "Tidak Ada", "SBDATA": "Analisis Tim Penyusun, 2022", "SHAPE_Leng": 0.032423627134000002 }, "geometry": { "type": "LineString", "coordinates": [ [ 120.326188204315486, -4.039400772529721 ], [ 120.329359257268408, -4.041309428628144 ], [ 120.329269425739994, -4.042044215224452 ], [ 120.330832494334388, -4.042402647468828 ], [ 120.33771358941074, -4.045691255912468 ], [ 120.340148023830693, -4.046300587891405 ], [ 120.337704606257901, -4.045727098982741 ], [ 120.330814528028696, -4.04242952988077 ], [ 120.329242476281479, -4.042071097648277 ], [ 120.329332307809878, -4.041336311076327 ], [ 120.326179221162647, -4.039427655041159 ] ] } },
{ "type": "Feature", "properties": { "FID": 227, "OBJECTID": 1486, "NAMOBJ": "Jaringan Drainase Tersier", "STSJRN": 1, "WADMPR": "Provinsi Sulawesi Selatan", "WADMKK": "Kabupaten Wajo", "REMARK": "Tidak Ada", "SBDATA": "Analisis Tim Penyusun, 2022", "SHAPE_Leng": 0.077347541412600002 }, "geometry": { "type": "LineString", "coordinates": [ [ 120.266531086297093, -4.01799305031069 ], [ 120.265075815536832, -4.018136427467751 ], [ 120.264815304104417, -4.023154612080639 ], [ 120.26455479267203, -4.024543568432682 ], [ 120.264896152480006, -4.026416415504869 ], [ 120.264950051397051, -4.028271336348006 ], [ 120.264339197003849, -4.031102994792834 ], [ 120.264994967161257, -4.036237590800196 ], [ 120.263243252357213, -4.040225169141983 ], [ 120.26444699483794, -4.040798661943338 ], [ 120.268812807118763, -4.043558590377288 ], [ 120.269333829983537, -4.043585472750896 ], [ 120.270905881730769, -4.042985099527961 ], [ 120.273151669941058, -4.042877569948542 ], [ 120.273627777041639, -4.039490380897719 ], [ 120.273897271626865, -4.038612218464607 ], [ 120.274903384745087, -4.037814702778485 ], [ 120.276367638658215, -4.037698211657617 ], [ 120.277400701234953, -4.037169520975867 ], [ 120.27836189858894, -4.035440072781306 ], [ 120.278173252379275, -4.032931022221696 ], [ 120.278236134449173, -4.031864673387802 ], [ 120.278586477409988, -4.030852088746474 ], [ 120.280922097148704, -4.027670951803597 ], [ 120.281254473803813, -4.026210312928 ], [ 120.28096701291291, -4.025000579359616 ], [ 120.281110743358354, -4.022706561139278 ], [ 120.280778366703245, -4.0209322769919 ], [ 120.280787349856084, -4.019373054401191 ], [ 120.278990719287833, -4.019122144740248 ], [ 120.2750830478019, -4.019059417312949 ], [ 120.274211681976325, -4.019561236596231 ], [ 120.273367265609252, -4.019597080818933 ], [ 120.271417921442705, -4.019274482757885 ], [ 120.269774004472779, -4.019175911102664 ], [ 120.269226032149447, -4.018907079255135 ], [ 120.267968390751676, -4.01787655635202 ], [ 120.266531086297093, -4.01799305031069 ] ] } },
{ "type": "Feature", "properties": { "FID": 228, "OBJECTID": 1487, "NAMOBJ": "Jaringan Drainase Tersier", "STSJRN": 1, "WADMPR": "Provinsi Sulawesi Selatan", "WADMKK": "Kabupaten Wajo", "REMARK": "Tidak Ada", "SBDATA": "Analisis Tim Penyusun, 2022", "SHAPE_Leng": 0.13089022575000001 }, "geometry": { "type": "LineString", "coordinates": [ [ 120.267474317345432, -3.990428324765589 ], [ 120.266468204227209, -3.990267020001715 ], [ 120.265947181362407, -3.990625474989527 ], [ 120.263548679553807, -3.990258058625014 ], [ 120.261374756566241, -3.990320788259858 ], [ 120.26053932335202, -3.990132599340952 ], [ 120.259380496635515, -3.990795741053935 ], [ 120.257314371482039, -3.990580668124605 ], [ 120.255895033333132, -3.99146784359505 ], [ 120.25502366750753, -3.991566418588157 ], [ 120.254367897350107, -3.992041370661792 ], [ 120.253577379900108, -3.992166829654237 ], [ 120.252643132004621, -3.992095138803759 ], [ 120.251115996021596, -3.992713472183269 ], [ 120.249840388318148, -3.993000235331619 ], [ 120.248861224658455, -3.993502070600158 ], [ 120.248861224658455, -3.993950137544908 ], [ 120.249238517077799, -3.995007574564481 ], [ 120.249139702396548, -3.995751364193953 ], [ 120.24632797555725, -3.998950548041805 ], [ 120.24481880587993, -4.001405935578537 ], [ 120.243650996010572, -4.002373750541659 ], [ 120.243210821521345, -4.003081688540337 ], [ 120.242276573625887, -4.003888199438475 ], [ 120.241854365442322, -4.004488601480019 ], [ 120.239851122358729, -4.005698365449713 ], [ 120.23838686844563, -4.006881244046103 ], [ 120.237802963510958, -4.008019315020421 ], [ 120.237263974340479, -4.009551675798611 ], [ 120.236491423196128, -4.010824160343551 ], [ 120.235260731256886, -4.012293787915509 ], [ 120.234919371448925, -4.013960557449614 ], [ 120.233625797439799, -4.014964201979556 ], [ 120.232691549544313, -4.0153226461555 ], [ 120.231963914164169, -4.015940961989035 ], [ 120.231586621744839, -4.016675771500874 ], [ 120.231281194548245, -4.017536035454365 ], [ 120.23098475050449, -4.019346171226926 ], [ 120.231424924993703, -4.020950199073307 ], [ 120.231541705980632, -4.022401886358407 ], [ 120.232143577221009, -4.023423442527171 ], [ 120.232520869640325, -4.024722788434597 ], [ 120.232637650627268, -4.028871720449369 ], [ 120.233041892505113, -4.031147799435821 ], [ 120.235476326925095, -4.0302069014146 ], [ 120.237551435231396, -4.028567047975692 ], [ 120.239105520672936, -4.026694205851993 ], [ 120.240506892516152, -4.025699536751718 ], [ 120.241602837162773, -4.025323175153607 ], [ 120.242878444866221, -4.024570451435483 ], [ 120.245025418395272, -4.024041752217492 ], [ 120.24735205498115, -4.023172534113169 ], [ 120.249211567619284, -4.021756692328731 ], [ 120.250900400353416, -4.021622276841582 ], [ 120.252858727672802, -4.021057731553474 ], [ 120.253451615760298, -4.020412536459686 ], [ 120.254152301681927, -4.020063055570666 ], [ 120.255284178939917, -4.018324609948147 ], [ 120.255562656677995, -4.018127466396172 ], [ 120.258401332975822, -4.017688373768258 ], [ 120.259164900967306, -4.017401619271427 ], [ 120.262596465352644, -4.018136427467751 ], [ 120.265039882925464, -4.018100583180848 ], [ 120.265300394357851, -4.014740174289662 ], [ 120.265201579676599, -4.013512501457567 ], [ 120.265354293274896, -4.011236373221947 ], [ 120.264985984008419, -4.010949616458991 ], [ 120.265012933466949, -4.010600131518075 ], [ 120.265210562829452, -4.009739860257551 ], [ 120.265731585694226, -4.009426219468582 ], [ 120.266962277633468, -4.006289804961702 ], [ 120.266854479799377, -4.005599792156147 ], [ 120.265920231903891, -4.004103268877116 ], [ 120.265533956331723, -4.002669471552253 ], [ 120.265776501458433, -4.000975795227842 ], [ 120.266180743336292, -3.999497186049821 ], [ 120.265983113973775, -3.998905741631538 ], [ 120.265992097126613, -3.998403909669198 ], [ 120.266809564035171, -3.995177839719902 ], [ 120.267150923843147, -3.991951757084021 ], [ 120.267474317345432, -3.990428324765589 ] ] } },
{ "type": "Feature", "properties": { "FID": 229, "OBJECTID": 1488, "NAMOBJ": "Jaringan Drainase Tersier", "STSJRN": 1, "WADMPR": "Provinsi Sulawesi Selatan", "WADMKK": "Kabupaten Wajo", "REMARK": "Tidak Ada", "SBDATA": "Analisis Tim Penyusun, 2022", "SHAPE_Leng": 0.085524776767100005 }, "geometry": { "type": "LineString", "coordinates": [ [ 119.931046260289804, -4.003538711480169 ], [ 119.924398727187324, -4.002302060583613 ], [ 119.923823805405505, -4.003180262137175 ], [ 119.922566164007733, -4.004067423974599 ], [ 119.922386500950921, -4.004067423974599 ], [ 119.921874461238957, -4.003735858551917 ], [ 119.921146825858827, -4.002938308741934 ], [ 119.920374274714476, -4.002911425026938 ], [ 119.919934100225277, -4.003422215460909 ], [ 119.918936970259892, -4.005465374009421 ], [ 119.91752661526381, -4.005546024900107 ], [ 119.917230171220055, -4.005868628383353 ], [ 119.916035411892182, -4.008718286959703 ], [ 119.91601744558649, -4.009587520460797 ], [ 119.91569405208422, -4.010618053826374 ], [ 119.915981512975137, -4.009578559295398 ], [ 119.915999479280813, -4.008700364609751 ], [ 119.917194238608687, -4.005850705970953 ], [ 119.917517632110972, -4.005510180060783 ], [ 119.919026801788306, -4.005330955840614 ], [ 119.919556807805918, -4.004049501522752 ], [ 119.920203594810502, -4.002983114931632 ], [ 119.920706651369599, -4.002812851397734 ], [ 119.921164792164518, -4.00290246378841 ], [ 119.922188871588418, -4.003950928030582 ], [ 119.922548197702056, -4.004031579070515 ], [ 119.923796855946975, -4.003153378430122 ], [ 119.924380760881647, -4.002266215602237 ], [ 119.926186374602736, -4.002570897893921 ], [ 119.927991988323825, -3.999156657497485 ], [ 119.924398727187324, -3.997839348344332 ], [ 119.924713137536784, -3.99718517362451 ], [ 119.925144328873145, -3.996710224528301 ], [ 119.925234160401558, -3.996065010221084 ], [ 119.925593486515226, -3.995446679367042 ], [ 119.925584503362387, -3.995177839719902 ], [ 119.924605339702694, -3.993654413388819 ], [ 119.924290929353234, -3.992256443208531 ], [ 119.924802969065198, -3.990025062796505 ], [ 119.924991615274848, -3.988582279463795 ], [ 119.924928733204965, -3.98799082717911 ], [ 119.924506525021442, -3.987408335876655 ], [ 119.92339261406913, -3.986628693025839 ], [ 119.923230917317966, -3.986225429192189 ], [ 119.923967535850949, -3.982811120809528 ], [ 119.920194611657664, -3.981986666267863 ], [ 119.915226928136462, -3.980086833093279 ], [ 119.914445393839301, -3.979477451712536 ], [ 119.913241651358575, -3.978921838884194 ], [ 119.912621813812521, -3.978186995535624 ], [ 119.911166543052261, -3.977039921681475 ], [ 119.910196362545406, -3.976591845523526 ], [ 119.908121254239092, -3.975283461748272 ], [ 119.904842403452051, -3.972415764020314 ] ] } },
{ "type": "Feature", "properties": { "FID": 230, "OBJECTID": 1489, "NAMOBJ": "Jaringan Drainase Tersier", "STSJRN": 1, "WADMPR": "Provinsi Sulawesi Selatan", "WADMKK": "Kabupaten Wajo", "REMARK": "Tidak Ada", "SBDATA": "Analisis Tim Penyusun, 2022", "SHAPE_Leng": 0.051232679307500001 }, "geometry": { "type": "LineString", "coordinates": [ [ 119.993254593715093, -3.95330051205373 ], [ 119.995347668327099, -3.953533518251565 ], [ 119.996946669532818, -3.953990568680176 ], [ 120.000566880127835, -3.954124995228867 ], [ 120.002156898180715, -3.95439384826085 ], [ 120.002525207447206, -3.954832974692205 ], [ 120.010035123222451, -3.957655924765499 ], [ 120.013826013721427, -3.958381824657875 ], [ 120.013700249581646, -3.95900914503991 ], [ 120.016368245975499, -3.960129358825474 ], [ 120.017248594953926, -3.958193628450584 ], [ 120.018991326605118, -3.958704446628003 ], [ 120.019961507111972, -3.955971117625059 ], [ 120.020608294116528, -3.956105543852483 ], [ 120.02112931698133, -3.954707510021274 ], [ 120.021389828413717, -3.954608930623646 ], [ 120.023069677995011, -3.954841936453688 ], [ 120.023195442134806, -3.954375924728097 ], [ 120.024318336239958, -3.954438657091034 ], [ 120.024992072703043, -3.951185529725148 ], [ 120.025584960790567, -3.950065303849495 ], [ 120.026402427699097, -3.945091482702839 ], [ 120.027210911454816, -3.942904784340798 ], [ 120.027507355498571, -3.941327490147825 ] ] } },
{ "type": "Feature", "properties": { "FID": 231, "OBJECTID": 1490, "NAMOBJ": "Jaringan Drainase Tersier", "STSJRN": 1, "WADMPR": "Provinsi Sulawesi Selatan", "WADMKK": "Kabupaten Wajo", "REMARK": "Tidak Ada", "SBDATA": "Analisis Tim Penyusun, 2022", "SHAPE_Leng": 0.0213424817708 }, "geometry": { "type": "LineString", "coordinates": [ [ 120.000773492643177, -3.934767348126315 ], [ 120.000000941498826, -3.934507450724892 ], [ 119.979519353020905, -3.935511191964972 ] ] } },
{ "type": "Feature", "properties": { "FID": 232, "OBJECTID": 1491, "NAMOBJ": "Jaringan Drainase Tersier", "STSJRN": 1, "WADMPR": "Provinsi Sulawesi Selatan", "WADMKK": "Kabupaten Wajo", "REMARK": "Tidak Ada", "SBDATA": "Analisis Tim Penyusun, 2022", "SHAPE_Leng": 0.22106812683300001 }, "geometry": { "type": "LineString", "coordinates": [ [ 120.194890442388569, -3.887213741216636 ], [ 120.194647897261859, -3.887312328562276 ], [ 120.193354323252706, -3.887204778730097 ], [ 120.191997867173697, -3.887482615768503 ], [ 120.189599365365098, -3.887652902940339 ], [ 120.187739852726992, -3.888970386738855 ], [ 120.187488324447415, -3.88932888537524 ], [ 120.187838667408229, -3.890709103701413 ], [ 120.187272728779234, -3.892671877816226 ], [ 120.18732662769628, -3.894141714796788 ], [ 120.187066116263878, -3.894141714796788 ], [ 120.186554076551928, -3.893621894694527 ], [ 120.18433523780017, -3.894518136049749 ], [ 120.1831045458609, -3.89434785026569 ], [ 120.182044533825675, -3.894966256369476 ], [ 120.181065370165967, -3.89579975952945 ], [ 120.179996374977875, -3.89587145868744 ], [ 120.17927772275057, -3.895737022761197 ], [ 120.178343474855083, -3.895235128446773 ], [ 120.177804485684618, -3.894742196239438 ], [ 120.177732620461896, -3.892501591658716 ], [ 120.177454142723789, -3.891273737819514 ], [ 120.177103799762989, -3.890449192630963 ], [ 120.176079720339089, -3.889526059560248 ], [ 120.17550479855727, -3.889490209711861 ], [ 120.175118522985088, -3.889696346319266 ], [ 120.173429690250956, -3.891040714261083 ], [ 120.170591013953114, -3.891811484246778 ], [ 120.170725761245762, -3.893209623350699 ], [ 120.170573047647437, -3.894016241008391 ], [ 120.170941356913943, -3.897914882121119 ], [ 120.170752710704278, -3.898255452210699 ], [ 120.169818462808792, -3.898524323236613 ], [ 120.168983029594557, -3.899734241789093 ], [ 120.168875231760467, -3.901365388488128 ], [ 120.170231687839475, -3.903659743319813 ], [ 120.170141856311076, -3.904708333089311 ], [ 120.170375418284934, -3.905685223234452 ], [ 120.170411350896302, -3.906975791957907 ], [ 120.170824575927014, -3.907889943602536 ], [ 120.171192885193491, -3.908338056789932 ], [ 120.172252897228759, -3.909028150630218 ], [ 120.172962566303212, -3.910892297385171 ], [ 120.17302544837311, -3.911896066997469 ], [ 120.17337579133391, -3.912433800223711 ], [ 120.174022578338452, -3.912828137703592 ], [ 120.174319022382235, -3.913670585334136 ], [ 120.17426512346519, -3.913957375823536 ], [ 120.173672235377651, -3.914755011355716 ], [ 120.173510538626516, -3.915337553679986 ], [ 120.173034431525949, -3.915946982139198 ], [ 120.172998498914581, -3.916153112252923 ], [ 120.173474606015162, -3.916654994056668 ], [ 120.173591387002091, -3.917425740526359 ], [ 120.172845785316255, -3.918841761259667 ], [ 120.172198998311714, -3.919612505714591 ], [ 120.172216964617391, -3.921145030368913 ], [ 120.171947470032165, -3.9216200228201 ], [ 120.171866621656591, -3.922426613156532 ], [ 120.171390514555995, -3.923027074345901 ], [ 120.171480346084408, -3.92485534157832 ], [ 120.171219834652021, -3.926405780751821 ], [ 120.171390514555995, -3.927149632049928 ], [ 120.170896441149736, -3.92920194122935 ], [ 120.170842542232691, -3.930322195201538 ], [ 120.172055267866256, -3.931397637599068 ], [ 120.173402740792426, -3.933154190531483 ], [ 120.173681218530504, -3.935233370849943 ], [ 120.174229190853822, -3.935699393312821 ], [ 120.178154828645418, -3.936255035139268 ], [ 120.178397373772128, -3.936980953740997 ], [ 120.179834678226726, -3.93688237223963 ], [ 120.180014341283552, -3.935322990574594 ], [ 120.182026567519955, -3.931666497981706 ], [ 120.182287078952371, -3.931433485655097 ], [ 120.182637421913171, -3.930591055930956 ], [ 120.183769299171161, -3.930743410305813 ], [ 120.184371170411538, -3.931182549230531 ], [ 120.186068986298508, -3.93090472667238 ], [ 120.186545093399076, -3.930608979976502 ], [ 120.186814587984344, -3.930223612912367 ], [ 120.18774883587983, -3.929936828004881 ], [ 120.188404606037224, -3.929506650458754 ], [ 120.191171417112315, -3.928628370613237 ], [ 120.191413962239025, -3.928126496000668 ], [ 120.192213462841877, -3.927481228198102 ], [ 120.193399239016941, -3.927185480288514 ], [ 120.19397416079876, -3.92617276695583 ], [ 120.195384515794828, -3.925796359917226 ], [ 120.19566299353292, -3.92523174904114 ], [ 120.195725875602804, -3.924138374513137 ], [ 120.195977403882353, -3.923197354306139 ], [ 120.196866736013632, -3.921100219746376 ], [ 120.196830803402278, -3.920625226999814 ], [ 120.196579275122701, -3.920087499036506 ], [ 120.19658825827554, -3.918151675505514 ], [ 120.198564551900617, -3.917613945951807 ], [ 120.1996515133944, -3.9171120647232 ], [ 120.201259497752957, -3.916036603934013 ], [ 120.201897301604703, -3.915929057779085 ], [ 120.204134106662153, -3.916135187897223 ], [ 120.205499545894014, -3.915803587247536 ], [ 120.206415827483823, -3.914548880897736 ], [ 120.206370911719617, -3.913374832539082 ], [ 120.206703288374726, -3.912738515565374 ], [ 120.209532981519715, -3.91069512821291 ], [ 120.210368414733935, -3.910623430320586 ], [ 120.210512145179408, -3.909547961199823 ], [ 120.211221814253847, -3.909063999645364 ], [ 120.21200334855105, -3.907970603993937 ], [ 120.212407590428882, -3.907074376987113 ], [ 120.2128657312238, -3.906644187683739 ], [ 120.213548450839724, -3.906375319257118 ], [ 120.214662361792023, -3.906760697308516 ], [ 120.215596609687523, -3.906823433253618 ], [ 120.216791369015397, -3.906447017512642 ], [ 120.219423432797853, -3.904815880683921 ], [ 120.220456495374592, -3.904627672384311 ], [ 120.22094158562804, -3.904089934152914 ], [ 120.221759052536598, -3.902288508568473 ], [ 120.222333974318417, -3.901598409186644 ], [ 120.223816194537207, -3.900038961742584 ], [ 120.22493010548952, -3.899770091201121 ], [ 120.225702656633871, -3.899097914471178 ], [ 120.225738589245225, -3.898488473771458 ], [ 120.225379263131586, -3.897735634650145 ], [ 120.223915009218459, -3.896866283873945 ], [ 120.221184130754736, -3.894518136049749 ], [ 120.220627175278608, -3.894320963033478 ], [ 120.219773775758682, -3.893335097259322 ], [ 120.219612079007547, -3.89294971305192 ], [ 120.219710893688799, -3.891166188492862 ], [ 120.217860364203503, -3.889606721713546 ], [ 120.218084943024522, -3.888620850421564 ], [ 120.219153938212628, -3.885815592165005 ], [ 120.21922580343535, -3.885143404295993 ], [ 120.218776645793312, -3.884480178407002 ], [ 120.218749696334783, -3.884130640228713 ], [ 120.219441399103545, -3.882768336203517 ], [ 120.220034287191069, -3.882499460149279 ], [ 120.220564293208682, -3.881881044899564 ], [ 120.22035768069334, -3.880393261428909 ], [ 120.220258866012088, -3.88021401023145 ], [ 120.219665977924592, -3.880025796433183 ], [ 120.219836657828566, -3.878296020038115 ], [ 120.219558180090502, -3.878045067728146 ], [ 120.218785628946151, -3.878170543892445 ], [ 120.218399353373982, -3.877821003102711 ], [ 120.217087813059152, -3.877587975829251 ], [ 120.216432042901758, -3.877632788771444 ], [ 120.215740340132967, -3.876951631793744 ], [ 120.21461744602783, -3.876422838498458 ], [ 120.214338968289752, -3.874504839703592 ], [ 120.213943709564745, -3.873707166027188 ], [ 120.213296922560176, -3.873169408068177 ], [ 120.212973529057891, -3.873133557525426 ], [ 120.212048264315243, -3.87345621235551 ], [ 120.211590123520352, -3.874083596395154 ], [ 120.210781639764647, -3.874764755682885 ], [ 120.20735007537931, -3.874908157568311 ], [ 120.207053631335555, -3.875257699562188 ], [ 120.206334979108249, -3.875454877033472 ], [ 120.203442403893376, -3.876826155448519 ], [ 120.202813583194498, -3.877650713947657 ], [ 120.201798486923451, -3.878322907781192 ], [ 120.200981020014893, -3.879165389964272 ], [ 120.19940896826769, -3.882884849133759 ], [ 120.198816080180165, -3.883781101905646 ], [ 120.198591501359132, -3.884032052511223 ], [ 120.197899798590356, -3.884238190452839 ], [ 120.197351826267052, -3.884605653615175 ], [ 120.196534359358495, -3.885340579459748 ], [ 120.19548333047608, -3.886801466737258 ], [ 120.194890442388569, -3.887213741216636 ] ] } },
{ "type": "Feature", "properties": { "FID": 233, "OBJECTID": 1492, "NAMOBJ": "Jaringan Drainase Tersier", "STSJRN": 1, "WADMPR": "Provinsi Sulawesi Selatan", "WADMKK": "Kabupaten Wajo", "REMARK": "Tidak Ada", "SBDATA": "Analisis Tim Penyusun, 2022", "SHAPE_Leng": 0.022586174781200001 }, "geometry": { "type": "LineString", "coordinates": [ [ 120.420394528161097, -3.702306657335001 ], [ 120.421211995069626, -3.702521803033089 ], [ 120.422316922869101, -3.702521803033089 ], [ 120.423385918057207, -3.702468016613469 ], [ 120.423888974616318, -3.702225977684741 ], [ 120.424041688214615, -3.701804650502838 ], [ 120.423978806144731, -3.701275750139677 ], [ 120.424401014328254, -3.700988888793651 ], [ 120.424149486048705, -3.700316557149888 ], [ 120.424499829009505, -3.699169109966111 ], [ 120.424158469201558, -3.698837425737731 ], [ 120.424625593149287, -3.697914087907725 ], [ 120.425002885568631, -3.697483794221526 ], [ 120.426278493272079, -3.69662320622266 ], [ 120.425029835027161, -3.697510687583032 ], [ 120.424652542607802, -3.697932016806784 ], [ 120.424194401812912, -3.698846390177969 ], [ 120.424535761620874, -3.699151181092076 ], [ 120.424185418660073, -3.700316557149888 ], [ 120.424436946939622, -3.700988888793651 ], [ 120.424005755603261, -3.701302643386103 ], [ 120.424077620825983, -3.701804650502838 ], [ 120.423915924074848, -3.702252870902311 ], [ 120.423394901210045, -3.702503874226913 ], [ 120.422325906021939, -3.702557660644355 ], [ 120.421203011916788, -3.702557660644355 ], [ 120.420385545008259, -3.702342514954979 ], [ 120.420008252588914, -3.70327481256469 ] ] } },
{ "type": "Feature", "properties": { "FID": 234, "OBJECTID": 1493, "NAMOBJ": "Jaringan Drainase Tersier", "STSJRN": 1, "WADMPR": "Provinsi Sulawesi Selatan", "WADMKK": "Kabupaten Wajo", "REMARK": "Tidak Ada", "SBDATA": "Analisis Tim Penyusun, 2022", "SHAPE_Leng": 0.0143117245951 }, "geometry": { "type": "LineString", "coordinates": [ [ 120.419891471601986, -3.697842372307862 ], [ 120.421876748379887, -3.697896159008303 ], [ 120.423826092546435, -3.696354272301739 ], [ 120.4240147387561, -3.696345307836303 ], [ 120.424302199647002, -3.696596312834238 ], [ 120.423179305541865, -3.697519652036686 ], [ 120.423161339236174, -3.697923052357301 ], [ 120.42150843911341, -3.699052572278394 ], [ 120.419047055234898, -3.699724904881311 ], [ 120.418301453549091, -3.700540667754506 ], [ 120.417573818168947, -3.70211840480629 ] ] } },
{ "type": "Feature", "properties": { "FID": 235, "OBJECTID": 1494, "NAMOBJ": "Jaringan Drainase Tersier", "STSJRN": 1, "WADMPR": "Provinsi Sulawesi Selatan", "WADMKK": "Kabupaten Wajo", "REMARK": "Tidak Ada", "SBDATA": "Analisis Tim Penyusun, 2022", "SHAPE_Leng": 0.0224235312017 }, "geometry": { "type": "LineString", "coordinates": [ [ 120.430195147910823, -3.681777931952381 ], [ 120.428542247788059, -3.683391560728198 ], [ 120.422828962581065, -3.686923604614253 ], [ 120.420924534178724, -3.688904770297456 ], [ 120.419657909628114, -3.688967522079526 ], [ 120.419765707462204, -3.690832144438646 ], [ 120.419002139470692, -3.693028449408054 ], [ 120.416936014317216, -3.695036494910532 ], [ 120.416091597950157, -3.696300485507767 ], [ 120.415893968587653, -3.696954891279476 ] ] } },
{ "type": "Feature", "properties": { "FID": 236, "OBJECTID": 1495, "NAMOBJ": "Jaringan Drainase Tersier", "STSJRN": 1, "WADMPR": "Provinsi Sulawesi Selatan", "WADMKK": "Kabupaten Wajo", "REMARK": "Tidak Ada", "SBDATA": "Analisis Tim Penyusun, 2022", "SHAPE_Leng": 0.085156288934 }, "geometry": { "type": "LineString", "coordinates": [ [ 120.349050328296329, -3.670240401078912 ], [ 120.34775675428719, -3.670455554534889 ], [ 120.346364365596784, -3.671029296830772 ], [ 120.345439100854136, -3.671683721186998 ], [ 120.345169606268911, -3.672221603860379 ], [ 120.343759251272857, -3.672060239092391 ], [ 120.34336399254785, -3.672212639151811 ], [ 120.342142283761447, -3.673243580046918 ], [ 120.34143261468698, -3.674830330227919 ], [ 120.340731928765365, -3.674964800452535 ], [ 120.34008514176081, -3.675413034388184 ], [ 120.339096994948278, -3.677994857471324 ], [ 120.338827500363038, -3.679231978382058 ], [ 120.337614774729488, -3.682037905675021 ], [ 120.337515960048236, -3.682593711310169 ], [ 120.337641724188003, -3.684261126133292 ], [ 120.338010033454495, -3.685130690688604 ], [ 120.338719702528948, -3.685829927549528 ], [ 120.339474287367594, -3.687622840065441 ], [ 120.33954615259033, -3.690787321831691 ], [ 120.340839726599455, -3.691244512316497 ], [ 120.341764991342103, -3.692176821595377 ], [ 120.343399925159218, -3.694229691460052 ], [ 120.343902981718301, -3.694382087723561 ], [ 120.347801670051396, -3.694068330681928 ], [ 120.348744901099707, -3.694740667063869 ], [ 120.34923897450598, -3.695413002936347 ], [ 120.350505599056589, -3.695466789784133 ], [ 120.352158499179353, -3.696766637613806 ], [ 120.353658685703849, -3.697707905542481 ], [ 120.355329552132304, -3.695717795030683 ], [ 120.356084136970978, -3.695628150307925 ], [ 120.356712957669842, -3.69483927635705 ], [ 120.358320942028428, -3.694893063239621 ], [ 120.358347891486957, -3.694444839118576 ], [ 120.357269913146013, -3.691728596102703 ], [ 120.35467378197491, -3.690321166585283 ], [ 120.35424259063852, -3.689899833748258 ], [ 120.353182578603253, -3.688268287686085 ], [ 120.352625623127111, -3.68773937925384 ], [ 120.35220341494356, -3.686556057554033 ], [ 120.350972723004318, -3.686349872551298 ], [ 120.349849828899167, -3.685847856692579 ], [ 120.349679148995193, -3.685641671525659 ], [ 120.34948151963269, -3.684772107469799 ], [ 120.349571351161103, -3.683597746416563 ], [ 120.348735917946868, -3.682369596176456 ], [ 120.348493372820158, -3.681652427369456 ], [ 120.34859218750141, -3.679088544161586 ], [ 120.349014395684961, -3.67803968072271 ], [ 120.351314082812308, -3.67726872048485 ], [ 120.351951886664011, -3.676712911527681 ], [ 120.352463926375975, -3.675547504524957 ], [ 120.352886134559512, -3.673915932163031 ], [ 120.35289511771235, -3.67201541554055 ], [ 120.351978836122541, -3.670832072958136 ], [ 120.349050328296329, -3.670240401078912 ] ] } },
{ "type": "Feature", "properties": { "FID": 237, "OBJECTID": 1496, "NAMOBJ": "Jaringan Drainase Tersier", "STSJRN": 1, "WADMPR": "Provinsi Sulawesi Selatan", "WADMKK": "Kabupaten Wajo", "REMARK": "Tidak Ada", "SBDATA": "Analisis Tim Penyusun, 2022", "SHAPE_Leng": 0.0260686261546 }, "geometry": { "type": "LineString", "coordinates": [ [ 120.322271549676714, -3.645766357970594 ], [ 120.322253583371023, -3.647173857665596 ], [ 120.3228554546114, -3.648115177887861 ], [ 120.3232057975722, -3.649818516735852 ], [ 120.32299020190402, -3.650921202794113 ], [ 120.324427506358603, -3.652167326059436 ], [ 120.325388703712619, -3.652696255555598 ], [ 120.326188204315486, -3.655591914898841 ], [ 120.326367867372312, -3.657420747561975 ], [ 120.327697373992805, -3.658496529738561 ], [ 120.327921952813824, -3.659141998424614 ], [ 120.327957885425192, -3.66006537643091 ], [ 120.328766369180897, -3.660943929378432 ], [ 120.329790448604797, -3.661401135163203 ], [ 120.330302488316732, -3.662701032687468 ], [ 120.33079656172302, -3.663212026369775 ], [ 120.33327591190718, -3.664879477408691 ], [ 120.334335923942447, -3.665202209508865 ], [ 120.334650334291879, -3.665426328954362 ], [ 120.334883896265751, -3.665874567676874 ] ] } },
{ "type": "Feature", "properties": { "FID": 238, "OBJECTID": 1497, "NAMOBJ": "Jaringan Drainase Tersier", "STSJRN": 1, "WADMPR": "Provinsi Sulawesi Selatan", "WADMKK": "Kabupaten Wajo", "REMARK": "Tidak Ada", "SBDATA": "Analisis Tim Penyusun, 2022", "SHAPE_Leng": 0.00155333889437 }, "geometry": { "type": "LineString", "coordinates": [ [ 120.028414653935528, -4.132471610034139 ], [ 120.028369738171321, -4.134021653497804 ] ] } },
{ "type": "Feature", "properties": { "FID": 239, "OBJECTID": 1498, "NAMOBJ": "Jaringan Drainase Tersier", "STSJRN": 1, "WADMPR": "Provinsi Sulawesi Selatan", "WADMKK": "Kabupaten Wajo", "REMARK": "Tidak Ada", "SBDATA": "Analisis Tim Penyusun, 2022", "SHAPE_Leng": 0.0014962872246899999 }, "geometry": { "type": "LineString", "coordinates": [ [ 120.028369738171321, -4.134021653497804 ], [ 120.029456699665118, -4.134173969743997 ], [ 120.029537548040679, -4.133779739399579 ] ] } },
{ "type": "Feature", "properties": { "FID": 240, "OBJECTID": 1499, "NAMOBJ": "Jaringan Drainase Tersier", "STSJRN": 1, "WADMPR": "Provinsi Sulawesi Selatan", "WADMKK": "Kabupaten Wajo", "REMARK": "Tidak Ada", "SBDATA": "Analisis Tim Penyusun, 2022", "SHAPE_Leng": 0.0028877130010799999 }, "geometry": { "type": "LineString", "coordinates": [ [ 120.031675538416891, -4.137041093622289 ], [ 120.030714341062875, -4.136852938935863 ], [ 120.030507728547533, -4.13757867819438 ], [ 120.031630622652685, -4.137802671658397 ] ] } },
{ "type": "Feature", "properties": { "FID": 241, "OBJECTID": 1500, "NAMOBJ": "Jaringan Drainase Tersier", "STSJRN": 1, "WADMPR": "Provinsi Sulawesi Selatan", "WADMKK": "Kabupaten Wajo", "REMARK": "Tidak Ada", "SBDATA": "Analisis Tim Penyusun, 2022", "SHAPE_Leng": 0.00255710849888 }, "geometry": { "type": "LineString", "coordinates": [ [ 120.031630622652685, -4.137838510606761 ], [ 120.030938919883894, -4.137704114542034 ], [ 120.03066044214583, -4.138582168419322 ], [ 120.031585706888478, -4.13864488651616 ] ] } },
{ "type": "Feature", "properties": { "FID": 242, "OBJECTID": 1501, "NAMOBJ": "Jaringan Drainase Tersier", "STSJRN": 1, "WADMPR": "Provinsi Sulawesi Selatan", "WADMKK": "Kabupaten Wajo", "REMARK": "Tidak Ada", "SBDATA": "Analisis Tim Penyusun, 2022", "SHAPE_Leng": 0.00178277121935 }, "geometry": { "type": "LineString", "coordinates": [ [ 120.032555887395333, -4.138716564335034 ], [ 120.033355387998199, -4.138824081051179 ], [ 120.033508101596496, -4.137856430080334 ] ] } },
{ "type": "Feature", "properties": { "FID": 243, "OBJECTID": 1502, "NAMOBJ": "Jaringan Drainase Tersier", "STSJRN": 1, "WADMPR": "Provinsi Sulawesi Selatan", "WADMKK": "Kabupaten Wajo", "REMARK": "Tidak Ada", "SBDATA": "Analisis Tim Penyusun, 2022", "SHAPE_Leng": 0.0038013742314499999 }, "geometry": { "type": "LineString", "coordinates": [ [ 120.031585706888478, -4.138680725426408 ], [ 120.030651458992992, -4.138618007332409 ], [ 120.030193318198101, -4.140051562525614 ], [ 120.03079518943845, -4.140490588284275 ], [ 120.031406043831652, -4.140616024170593 ] ] } },
{ "type": "Feature", "properties": { "FID": 244, "OBJECTID": 1503, "NAMOBJ": "Jaringan Drainase Tersier", "STSJRN": 1, "WADMPR": "Provinsi Sulawesi Selatan", "WADMKK": "Kabupaten Wajo", "REMARK": "Tidak Ada", "SBDATA": "Analisis Tim Penyusun, 2022", "SHAPE_Leng": 0.028340532630400001 }, "geometry": { "type": "LineString", "coordinates": [ [ 120.031406043831652, -4.140651862991604 ], [ 120.030786206285597, -4.140526427110967 ], [ 120.030184335045263, -4.140087401372185 ], [ 120.030058570905481, -4.140365152378077 ], [ 120.030157385586733, -4.140069481949102 ], [ 120.029510598582164, -4.139693173970675 ], [ 120.02872906428496, -4.141243203303969 ], [ 120.029555514346356, -4.141619510545401 ], [ 120.027678035402545, -4.146502528753642 ], [ 120.027704984861089, -4.150623951837635 ], [ 120.026923450563899, -4.154673677042543 ], [ 120.027633119638338, -4.15441385016446 ], [ 120.03305894395443, -4.156761248507915 ], [ 120.035439479457338, -4.158024540143593 ] ] } },
{ "type": "Feature", "properties": { "FID": 245, "OBJECTID": 1504, "NAMOBJ": "Jaringan Drainase Tersier", "STSJRN": 1, "WADMPR": "Provinsi Sulawesi Selatan", "WADMKK": "Kabupaten Wajo", "REMARK": "Tidak Ada", "SBDATA": "Analisis Tim Penyusun, 2022", "SHAPE_Leng": 0.097583275248400006 }, "geometry": { "type": "LineString", "coordinates": [ [ 120.017392325399371, -4.185843320309849 ], [ 120.018021146098278, -4.179733128444737 ], [ 120.018802680395467, -4.174402350309903 ], [ 120.018964377146602, -4.170782776115908 ], [ 120.018030129251116, -4.162961213565866 ], [ 120.018640983644332, -4.161868159685901 ], [ 120.019449467400023, -4.16087365852596 ], [ 120.026878534799692, -4.154709515225906 ], [ 120.027094130467873, -4.153562692550677 ], [ 120.026411410851935, -4.153284946183254 ], [ 120.025028005314397, -4.152380029920917 ], [ 120.024426134074048, -4.15066874979648 ], [ 120.022647469811488, -4.149280011890502 ], [ 120.021740171374518, -4.148733475657854 ], [ 120.020257951155727, -4.148276535238671 ], [ 120.019009292910809, -4.147407451751241 ], [ 120.018119960779529, -4.147147622481747 ], [ 120.015200436106156, -4.145382573114004 ], [ 120.014544665948733, -4.144925630757272 ], [ 120.014077542001004, -4.143913188908444 ], [ 120.014329070280553, -4.143411447334856 ], [ 120.014823143686797, -4.143160576428698 ], [ 120.019386585330125, -4.142775310239315 ], [ 120.02099456968871, -4.142336285748259 ], [ 120.022413907837617, -4.142434842287868 ], [ 120.023114593759217, -4.142031656366387 ], [ 120.025881404834323, -4.139576697655386 ], [ 120.02656412445026, -4.13852841004665 ], [ 120.025692758624658, -4.136915657169638 ], [ 120.024533931908152, -4.134057492617188 ], [ 120.025728691236026, -4.136906697422259 ], [ 120.026609040214467, -4.13852841004665 ], [ 120.025917337445691, -4.139585657372554 ], [ 120.027264810371861, -4.140616024170593 ], [ 120.028693131673606, -4.141225283907056 ], [ 120.029896874154318, -4.138797201873513 ], [ 120.028917710494653, -4.138429853020608 ], [ 120.028387704477012, -4.139666294822515 ], [ 120.028881777883285, -4.138420893290359 ], [ 120.028360755018483, -4.138223779199243 ], [ 120.027902614223592, -4.139146631112015 ], [ 120.028324822407114, -4.138214819466663 ], [ 120.027893631070754, -4.137990826119214 ], [ 120.028495502311102, -4.135329780305465 ], [ 120.028333805559967, -4.134182929522273 ], [ 120.028378721324174, -4.132426811045048 ] ] } },
{ "type": "Feature", "properties": { "FID": 246, "OBJECTID": 1505, "NAMOBJ": "Jaringan Drainase Tersier", "STSJRN": 1, "WADMPR": "Provinsi Sulawesi Selatan", "WADMKK": "Kabupaten Wajo", "REMARK": "Tidak Ada", "SBDATA": "Analisis Tim Penyusun, 2022", "SHAPE_Leng": 0.045445957145900003 }, "geometry": { "type": "LineString", "coordinates": [ [ 120.035421513151661, -4.158060378174645 ], [ 120.030947903036747, -4.15582049810245 ], [ 120.027435490275835, -4.154458647908166 ], [ 120.026878534799692, -4.154754312952821 ], [ 120.019476416858538, -4.160900536952202 ], [ 120.018667933102847, -4.1618860786142 ], [ 120.01806606186247, -4.162970173017628 ], [ 120.018964377146602, -4.170218336062616 ], [ 120.018928444535234, -4.17250297187237 ], [ 120.019377602177286, -4.172556727929057 ], [ 120.020473546823908, -4.173596010968415 ], [ 120.020743041409148, -4.174572577398341 ], [ 120.021111350675653, -4.175038461872669 ], [ 120.022225261627952, -4.175145973635167 ], [ 120.02285408232683, -4.175755206677806 ], [ 120.024129690030279, -4.176032945113824 ], [ 120.024614780283713, -4.178864079690987 ], [ 120.02498308955019, -4.178953672390542 ], [ 120.025126819995648, -4.179464350582544 ], [ 120.025800556458748, -4.17960769878718 ], [ 120.025710724930335, -4.182465698145637 ] ] } },
{ "type": "Feature", "properties": { "FID": 247, "OBJECTID": 1506, "NAMOBJ": "Jaringan Drainase Tersier", "STSJRN": 1, "WADMPR": "Provinsi Sulawesi Selatan", "WADMKK": "Kabupaten Wajo", "REMARK": "Tidak Ada", "SBDATA": "Analisis Tim Penyusun, 2022", "SHAPE_Leng": 0.0021104560741399998 }, "geometry": { "type": "LineString", "coordinates": [ [ 120.036185081143174, -4.151618465925773 ], [ 120.038287138908018, -4.15155574885813 ] ] } },
{ "type": "Feature", "properties": { "FID": 248, "OBJECTID": 1507, "NAMOBJ": "Jaringan Drainase Tersier", "STSJRN": 1, "WADMPR": "Provinsi Sulawesi Selatan", "WADMKK": "Kabupaten Wajo", "REMARK": "Tidak Ada", "SBDATA": "Analisis Tim Penyusun, 2022", "SHAPE_Leng": 0.00089965999214100003 }, "geometry": { "type": "LineString", "coordinates": [ [ 120.031621639499846, -4.138653846243874 ], [ 120.032519954783965, -4.13870760460803 ] ] } },
{ "type": "Feature", "properties": { "FID": 249, "OBJECTID": 1508, "NAMOBJ": "Jaringan Drainase Tersier", "STSJRN": 1, "WADMPR": "Provinsi Sulawesi Selatan", "WADMKK": "Kabupaten Wajo", "REMARK": "Tidak Ada", "SBDATA": "Analisis Tim Penyusun, 2022", "SHAPE_Leng": 0.00089756915152799997 }, "geometry": { "type": "LineString", "coordinates": [ [ 120.032510971631126, -4.138743443515439 ], [ 120.031621639499846, -4.138689685153717 ] ] } },
{ "type": "Feature", "properties": { "FID": 250, "OBJECTID": 1509, "NAMOBJ": "Jaringan Drainase Tersier", "STSJRN": 1, "WADMPR": "Provinsi Sulawesi Selatan", "WADMKK": "Kabupaten Wajo", "REMARK": "Tidak Ada", "SBDATA": "Analisis Tim Penyusun, 2022", "SHAPE_Leng": 0.00153646581145 }, "geometry": { "type": "LineString", "coordinates": [ [ 120.031747403639613, -4.142658834377679 ], [ 120.032268426504416, -4.142497560079408 ], [ 120.032277409657254, -4.141986857917986 ], [ 120.03181926886235, -4.141861422248962 ] ] } },
{ "type": "Feature", "properties": { "FID": 251, "OBJECTID": 1510, "NAMOBJ": "Jaringan Drainase Tersier", "STSJRN": 1, "WADMPR": "Provinsi Sulawesi Selatan", "WADMKK": "Kabupaten Wajo", "REMARK": "Tidak Ada", "SBDATA": "Analisis Tim Penyusun, 2022", "SHAPE_Leng": 0.0171859822915 }, "geometry": { "type": "LineString", "coordinates": [ [ 120.038170357921075, -4.148285494857273 ], [ 120.039176471039298, -4.148617000674144 ], [ 120.039832241196692, -4.149280011890502 ], [ 120.041610905459251, -4.149674234512053 ], [ 120.042392439756426, -4.149459204015601 ], [ 120.043506350708725, -4.148832031399888 ], [ 120.044575345896831, -4.148563242983561 ], [ 120.04538382965255, -4.148052544740574 ], [ 120.046219262866785, -4.148195898666672 ], [ 120.047458937958865, -4.148688677589229 ], [ 120.048249455408907, -4.147712079061838 ], [ 120.049614894640754, -4.147192420637756 ], [ 120.050629990911816, -4.145803676620663 ], [ 120.052237975270387, -4.144979388695301 ], [ 120.052462554091406, -4.144316373870826 ] ] } },
{ "type": "Feature", "properties": { "FID": 252, "OBJECTID": 1511, "NAMOBJ": "Jaringan Drainase Sekunder", "STSJRN": 1, "WADMPR": "Provinsi Sulawesi Selatan", "WADMKK": "Kabupaten Wajo", "REMARK": "Tidak Ada", "SBDATA": "Analisis Tim Penyusun, 2022", "SHAPE_Leng": 0.14064417968000001 }, "geometry": { "type": "LineString", "coordinates": [ [ 120.037460688846622, -4.15589217436332 ], [ 120.036912716523318, -4.156635815185375 ], [ 120.035556260444267, -4.157890147512634 ], [ 120.035304732164732, -4.158947368923848 ], [ 120.035601176208473, -4.159807480211949 ], [ 120.03642762626987, -4.161330591647297 ], [ 120.036571356715328, -4.161939835396652 ], [ 120.036966615440363, -4.165129397918054 ], [ 120.037541537222182, -4.168184556635729 ], [ 120.038475785117669, -4.179571861738478 ], [ 120.038628498715966, -4.180091498784329 ], [ 120.038996807982457, -4.180593216984529 ], [ 120.04290447946839, -4.184006684069846 ], [ 120.043668047459889, -4.184311297207626 ], [ 120.064841338706572, -4.188593787010687 ], [ 120.065892367589001, -4.188414603806645 ], [ 120.067114076375404, -4.187894972282864 ], [ 120.070267163022663, -4.186362953195843 ], [ 120.071102596236898, -4.185744769206353 ], [ 120.07496535195861, -4.183943969585596 ], [ 120.075872650395567, -4.183719989243713 ], [ 120.079834220798531, -4.184920523127734 ], [ 120.08344544824071, -4.18631815727098 ], [ 120.08579005113225, -4.187016973406866 ], [ 120.090901465098881, -4.189131336376576 ], [ 120.092347752706303, -4.190439371623771 ], [ 120.094952867030273, -4.193279413223085 ], [ 120.09782747593944, -4.195501268225119 ], [ 120.100558354403177, -4.19839504570634 ], [ 120.101968709399245, -4.199326786017923 ], [ 120.102363968124251, -4.199756819632675 ], [ 120.102732277390757, -4.200222689114534 ], [ 120.102929906753261, -4.200796066556467 ], [ 120.103630592674847, -4.204021306812903 ], [ 120.104169581845341, -4.205400988847782 ], [ 120.105229593880594, -4.206592530457486 ], [ 120.108750989794345, -4.211466185431349 ], [ 120.109766086065406, -4.212397910113364 ], [ 120.11297307162971, -4.214539080874361 ], [ 120.116305821333796, -4.216501068988938 ], [ 120.125163210035197, -4.219636656147764 ], [ 120.12909783097966, -4.222252622033344 ], [ 120.134460773225854, -4.224116044410199 ], [ 120.134882981409376, -4.224519188085542 ] ] } },
{ "type": "Feature", "properties": { "FID": 253, "OBJECTID": 1512, "NAMOBJ": "Jaringan Drainase Tersier", "STSJRN": 1, "WADMPR": "Provinsi Sulawesi Selatan", "WADMKK": "Kabupaten Wajo", "REMARK": "Tidak Ada", "SBDATA": "Analisis Tim Penyusun, 2022", "SHAPE_Leng": 0.0142433163794 }, "geometry": { "type": "LineString", "coordinates": [ [ 120.025674792318981, -4.182465698145637 ], [ 120.025764623847394, -4.1796166580491 ], [ 120.025108853689972, -4.179500187636159 ], [ 120.024947156938836, -4.178980550198413 ], [ 120.024587830825197, -4.178881998231717 ], [ 120.02409375741891, -4.176050863719224 ], [ 120.022836116021153, -4.175791043900881 ], [ 120.022207295322275, -4.17518181088606 ], [ 120.021093384369962, -4.175065339814673 ], [ 120.020716091950618, -4.174590496037082 ], [ 120.020446597365392, -4.173613929629445 ], [ 120.019359635871609, -4.172583605956021 ], [ 120.018928444535234, -4.172538809243902 ] ] } },
{ "type": "Feature", "properties": { "FID": 254, "OBJECTID": 1513, "NAMOBJ": "Jaringan Drainase Tersier", "STSJRN": 1, "WADMPR": "Provinsi Sulawesi Selatan", "WADMKK": "Kabupaten Wajo", "REMARK": "Tidak Ada", "SBDATA": "Analisis Tim Penyusun, 2022", "SHAPE_Leng": 0.013328449798799999 }, "geometry": { "type": "LineString", "coordinates": [ [ 120.017437241163577, -4.185744769206353 ], [ 120.018057078709631, -4.179742087705224 ], [ 120.018838613006821, -4.174402350309903 ], [ 120.018928444535234, -4.17250297187237 ] ] } },
{ "type": "Feature", "properties": { "FID": 255, "OBJECTID": 1514, "NAMOBJ": "Jaringan Drainase Tersier", "STSJRN": 1, "WADMPR": "Provinsi Sulawesi Selatan", "WADMKK": "Kabupaten Wajo", "REMARK": "Tidak Ada", "SBDATA": "Analisis Tim Penyusun, 2022", "SHAPE_Leng": 0.138271558485 }, "geometry": { "type": "LineString", "coordinates": [ [ 120.022836116021153, -4.126235566422165 ], [ 120.021722205068841, -4.131262036440494 ], [ 120.021416777872247, -4.133564704583629 ], [ 120.019745911443792, -4.134371084842683 ], [ 120.017464190622107, -4.13515954474722 ], [ 120.016107734543084, -4.136619985452657 ], [ 120.015730442123768, -4.137686195065014 ], [ 120.013637367511762, -4.141413437554402 ], [ 120.012819900603205, -4.141888301322568 ], [ 120.01232582719696, -4.142918665122402 ], [ 120.012864816367411, -4.145149622141612 ], [ 120.01287379952025, -4.145991829178789 ], [ 120.014203306140772, -4.148500525673257 ], [ 120.015227385564671, -4.149244173460604 ], [ 120.016565875338003, -4.150606032653387 ], [ 120.015595694831148, -4.15300719971806 ], [ 120.0156945095124, -4.15393899392476 ], [ 120.01504772250783, -4.156367029427018 ], [ 120.014814160533959, -4.156689572326051 ], [ 120.013053462577105, -4.156734369940479 ], [ 120.011086152104866, -4.156035526865514 ], [ 120.010601061851432, -4.156214717456607 ], [ 120.010071055833819, -4.156107203106838 ], [ 120.009783594942903, -4.156537260417951 ], [ 120.008552903003661, -4.156832924683264 ], [ 120.007403059439994, -4.157361536275197 ], [ 120.006801188199617, -4.158042459159322 ], [ 120.006855087116662, -4.158947368923848 ], [ 120.007447975204187, -4.16142914581518 ], [ 120.007133564854726, -4.162504281390808 ], [ 120.007492890968393, -4.166768971374044 ], [ 120.007663570872381, -4.167315495099866 ], [ 120.008256458959877, -4.167942653005727 ], [ 120.008292391571246, -4.169232804838921 ], [ 120.008499004086616, -4.169662854979422 ], [ 120.007870183387723, -4.17232378499017 ], [ 120.005390833203549, -4.177188694324117 ], [ 120.004950658714321, -4.180190050598996 ], [ 120.005345917439357, -4.180548420729709 ], [ 120.006630508295643, -4.181050138637453 ], [ 120.007151531160417, -4.1811576495759 ], [ 120.00880443128321, -4.181059097882886 ], [ 120.009765628637226, -4.18135475292475 ], [ 120.010466314558812, -4.181955021909054 ], [ 120.011238865703163, -4.182089410424633 ], [ 120.011652090733861, -4.182904700258401 ], [ 120.011670057039538, -4.183881255096326 ], [ 120.012451591336728, -4.184884686322023 ], [ 120.012460574489566, -4.185565585350032 ], [ 120.012200063057179, -4.1861389735459 ], [ 120.01139157930146, -4.187016973406866 ], [ 120.010358516724722, -4.187375340414007 ], [ 120.009666813955974, -4.187948727284088 ], [ 120.008624768226383, -4.188423562967821 ], [ 120.006953901797914, -4.1908873283973 ], [ 120.005372866897872, -4.192446215968516 ], [ 120.004267939098412, -4.193270454117545 ], [ 120.003261825980189, -4.196209035225183 ], [ 120.000477048599436, -4.202784966291368 ], [ 119.996237000458379, -4.211412432050268 ], [ 119.99601242163736, -4.211725993387562 ], [ 119.995248853645847, -4.212191855712479 ], [ 119.993254593715093, -4.215112447776119 ], [ 119.994368504667406, -4.217244652231289 ], [ 119.995033257977667, -4.217737387722787 ], [ 119.995635129218002, -4.217853852429663 ], [ 119.997422776633414, -4.21779114066659 ], [ 120.001860454136974, -4.218454093334378 ], [ 120.002228763403451, -4.218400340436445 ], [ 120.005345917439357, -4.215864991192918 ], [ 120.006414912627449, -4.214637628340692 ], [ 120.007654587719543, -4.212872730916299 ], [ 120.009567999274722, -4.209575855966041 ] ] } },
{ "type": "Feature", "properties": { "FID": 256, "OBJECTID": 1515, "NAMOBJ": "Jaringan Drainase Tersier", "STSJRN": 1, "WADMPR": "Provinsi Sulawesi Selatan", "WADMKK": "Kabupaten Wajo", "REMARK": "Tidak Ada", "SBDATA": "Analisis Tim Penyusun, 2022", "SHAPE_Leng": 0.002373521988 }, "geometry": { "type": "LineString", "coordinates": [ [ 120.22829878780496, -4.235314401847127 ], [ 120.229125237866356, -4.234284159726303 ], [ 120.230077452067533, -4.233845186579845 ] ] } },
{ "type": "Feature", "properties": { "FID": 257, "OBJECTID": 1516, "NAMOBJ": "Jaringan Drainase Tersier", "STSJRN": 1, "WADMPR": "Provinsi Sulawesi Selatan", "WADMKK": "Kabupaten Wajo", "REMARK": "Tidak Ada", "SBDATA": "Analisis Tim Penyusun, 2022", "SHAPE_Leng": 0.0024035095938800002 }, "geometry": { "type": "LineString", "coordinates": [ [ 120.228271838346444, -4.235296484604573 ], [ 120.22909828840784, -4.234257283826532 ], [ 120.230068468914695, -4.233809352026285 ] ] } },
{ "type": "Feature", "properties": { "FID": 258, "OBJECTID": 1517, "NAMOBJ": "Jaringan Drainase Tersier", "STSJRN": 1, "WADMPR": "Provinsi Sulawesi Selatan", "WADMKK": "Kabupaten Wajo", "REMARK": "Tidak Ada", "SBDATA": "Analisis Tim Penyusun, 2022", "SHAPE_Leng": 0.12800926531099999 }, "geometry": { "type": "LineString", "coordinates": [ [ 120.293435629056489, -3.971008796177385 ], [ 120.293354780680914, -3.972335109877575 ], [ 120.292564263230886, -3.972290302017092 ], [ 120.29251934746668, -3.973553882749399 ], [ 120.291369503902999, -3.973231266576207 ], [ 120.291351537597322, -3.972899688711171 ], [ 120.290965262025139, -3.972532264434794 ], [ 120.290920346260933, -3.972084185827526 ], [ 120.289869317378532, -3.9714389522056 ], [ 120.289608805946116, -3.971465836949919 ], [ 120.288979985247252, -3.972245494154174 ], [ 120.288225400408578, -3.972299263589383 ], [ 120.287632512321082, -3.972756303647175 ], [ 120.286123342643734, -3.973258151262126 ], [ 120.286024527962482, -3.974862269269215 ], [ 120.28560231977896, -3.976394691936856 ], [ 120.285332825193734, -3.976842768201989 ], [ 120.285287909429499, -3.977496959111604 ], [ 120.283877554433431, -3.978231803075643 ], [ 120.283608059848206, -3.978240764583356 ], [ 120.282053974406693, -3.978043611391185 ], [ 120.281604816764613, -3.977694112434577 ], [ 120.281038878135632, -3.976188576773096 ], [ 120.28073345093901, -3.97473680763812 ], [ 120.280302259602649, -3.974387307279415 ], [ 120.279942933489011, -3.973625575215195 ], [ 120.279296146484427, -3.973034112186033 ], [ 120.279466826388415, -3.97234407144938 ], [ 120.279305129637265, -3.971833261701172 ], [ 120.277867825182682, -3.970614486287915 ], [ 120.277598330597456, -3.970524870377675 ], [ 120.276816796300267, -3.971734684344942 ], [ 120.275253727705902, -3.971967685349778 ], [ 120.273879305321188, -3.976780037539535 ], [ 120.273214552010955, -3.978545455787545 ], [ 120.272891158508671, -3.978733647357366 ], [ 120.272181489434203, -3.980104756068239 ], [ 120.270645370298368, -3.981215979753854 ], [ 120.268848739730132, -3.984460027414701 ], [ 120.268183986419871, -3.985938663679038 ], [ 120.267555165720992, -3.986503233187678 ], [ 120.267501266803947, -3.990625474989527 ], [ 120.267186856454515, -3.991951757084021 ], [ 120.266845496646539, -3.995186801042894 ], [ 120.266028029737996, -3.998412870956934 ], [ 120.266216675947661, -3.999506147325603 ], [ 120.265812434069787, -4.000984756487453 ], [ 120.265569888943091, -4.002669471552253 ], [ 120.265956164515245, -4.004094307651632 ], [ 120.266890412410731, -4.005590830947053 ], [ 120.266998210244836, -4.006298766163141 ], [ 120.265857349833993, -4.009229073768206 ], [ 120.265758535152742, -4.009453102969495 ], [ 120.265246495440806, -4.009748821421181 ], [ 120.265039882925464, -4.010609092672274 ], [ 120.265021916619787, -4.010940655308526 ], [ 120.265390225886264, -4.011227412074629 ], [ 120.265237512287968, -4.013512501457567 ], [ 120.265336326969219, -4.014740174289662 ], [ 120.265075815536832, -4.018100583180848 ], [ 120.267977373904529, -4.017840712053697 ], [ 120.269252981607963, -4.018880196065509 ], [ 120.269791970778456, -4.019140066861448 ], [ 120.273780490639936, -4.019588119763404 ], [ 120.274193715670648, -4.01953435342817 ], [ 120.275074064649061, -4.019023573066612 ], [ 120.278990719287833, -4.019086300496668 ], [ 120.280805316161761, -4.019337210168641 ], [ 120.281847361891323, -4.019202794282543 ], [ 120.283257716887405, -4.01879954649131 ], [ 120.284614172966428, -4.018046816747541 ], [ 120.287713360696642, -4.018378376363143 ], [ 120.289833384767149, -4.019005650942852 ], [ 120.291962391990509, -4.018754741168865 ], [ 120.298070935922539, -4.020251237606447 ], [ 120.298870436525391, -4.020609679459191 ], [ 120.300011296936219, -4.021416173051564 ], [ 120.304484907051133, -4.022894742564662 ], [ 120.306802560484158, -4.024561490434648 ], [ 120.308671056275145, -4.024660061438414 ] ] } },
{ "type": "Feature", "properties": { "FID": 259, "OBJECTID": 1518, "NAMOBJ": "Jaringan Drainase Tersier", "STSJRN": 1, "WADMPR": "Provinsi Sulawesi Selatan", "WADMKK": "Kabupaten Wajo", "REMARK": "Tidak Ada", "SBDATA": "Analisis Tim Penyusun, 2022", "SHAPE_Leng": 0.047360875999300001 }, "geometry": { "type": "LineString", "coordinates": [ [ 120.275217795094548, -3.962782019022728 ], [ 120.273798456945613, -3.962997099206468 ], [ 120.273457097137651, -3.963543761088382 ], [ 120.273178619399587, -3.964843201816124 ], [ 120.273313366692207, -3.965389862477428 ], [ 120.273187602552426, -3.966698261936128 ], [ 120.274337446116093, -3.967146343466302 ], [ 120.274813553216674, -3.967719887470305 ], [ 120.274921351050764, -3.968185891680339 ], [ 120.274849485828042, -3.969978213114536 ], [ 120.273978120002454, -3.970040944294267 ], [ 120.273879305321188, -3.970318753747201 ], [ 120.273771507487098, -3.972684611105834 ], [ 120.275002199426339, -3.972899688711171 ], [ 120.275226778247387, -3.971940800621809 ], [ 120.276798829994576, -3.971707799609381 ], [ 120.277571381138927, -3.970497985602706 ], [ 120.277885791488373, -3.970578639924986 ], [ 120.279332079095795, -3.971806376968822 ], [ 120.279502758999769, -3.97234407144938 ], [ 120.279323095942956, -3.973016189057316 ], [ 120.279969882947526, -3.973607652099331 ], [ 120.280329209061165, -3.974360422630302 ], [ 120.280769383550407, -3.974709923000401 ], [ 120.281434136860639, -3.977183306000567 ], [ 120.281640749375981, -3.977676189407166 ], [ 120.28207194071237, -3.978007765351176 ], [ 120.283868571280593, -3.978195957043823 ], [ 120.285251976818131, -3.977470074563907 ], [ 120.285296892582338, -3.976833806679074 ], [ 120.285566387167592, -3.976376768881182 ], [ 120.285988595351128, -3.97485330772477 ], [ 120.285988595351128, -3.973338805314624 ], [ 120.286105376338057, -3.973231266576207 ], [ 120.287614546015391, -3.972720457377283 ], [ 120.288207434102901, -3.972263417299633 ], [ 120.288971002094414, -3.972209647862089 ], [ 120.289590839640439, -3.971429990623965 ], [ 120.289869317378532, -3.971403105878478 ], [ 120.290947295719448, -3.972057301103352 ], [ 120.291001194636522, -3.972523302865034 ], [ 120.29138747020869, -3.9728907271454 ], [ 120.29138747020869, -3.973204381889413 ], [ 120.29249239800815, -3.973518036514164 ], [ 120.292528330619518, -3.972263417299633 ], [ 120.293327831222399, -3.972308225161577 ], [ 120.293399696445121, -3.970972949831581 ] ] } },
{ "type": "Feature", "properties": { "FID": 260, "OBJECTID": 1519, "NAMOBJ": "Jaringan Drainase Tersier", "STSJRN": 1, "WADMPR": "Provinsi Sulawesi Selatan", "WADMKK": "Kabupaten Wajo", "REMARK": "Tidak Ada", "SBDATA": "Analisis Tim Penyusun, 2022", "SHAPE_Leng": 0.0041131530371999996 }, "geometry": { "type": "LineString", "coordinates": [ [ 120.323142915502316, -3.649684042733692 ], [ 120.322819522000032, -3.648133107787287 ], [ 120.322217650759669, -3.647182822624744 ], [ 120.322235617065346, -3.645793252889873 ] ] } },
{ "type": "Feature", "properties": { "FID": 261, "OBJECTID": 1520, "NAMOBJ": "Jaringan Drainase Tersier", "STSJRN": 1, "WADMPR": "Provinsi Sulawesi Selatan", "WADMKK": "Kabupaten Wajo", "REMARK": "Tidak Ada", "SBDATA": "Analisis Tim Penyusun, 2022", "SHAPE_Leng": 0.047004910057300002 }, "geometry": { "type": "LineString", "coordinates": [ [ 120.062379954828089, -3.930725486263158 ], [ 120.064464046287256, -3.927956217045676 ], [ 120.06487727131794, -3.927122745869977 ], [ 120.067886627519755, -3.927167556169413 ], [ 120.07020428095278, -3.927687355467047 ], [ 120.071192427765311, -3.926629832417399 ], [ 120.073689744255162, -3.925321369840613 ], [ 120.075468408517722, -3.922372840491657 ], [ 120.075782818867154, -3.921288424344883 ], [ 120.076025363993864, -3.921091257621581 ], [ 120.077848944020644, -3.920759658936602 ], [ 120.079474894684878, -3.919343641450525 ], [ 120.080579822484353, -3.918196486286056 ], [ 120.081325424170174, -3.916959707862096 ], [ 120.08231357098272, -3.91593801995919 ], [ 120.082385436205442, -3.914539918702758 ], [ 120.08266391394352, -3.913688509742599 ], [ 120.084712072791305, -3.912657855632779 ], [ 120.084765971708364, -3.912380026916617 ], [ 120.0839035890356, -3.911026730885118 ], [ 120.082403402511119, -3.907916830400532 ], [ 120.081630851366768, -3.905308806982901 ], [ 120.081675767130974, -3.903704554875212 ], [ 120.081190676877569, -3.901535672851095 ], [ 120.081621868213929, -3.899546032350865 ], [ 120.081612885061091, -3.898927629614262 ], [ 120.081927295410523, -3.898676683446463 ] ] } },
{ "type": "Feature", "properties": { "FID": 262, "OBJECTID": 1521, "NAMOBJ": "Jaringan Drainase Tersier", "STSJRN": 1, "WADMPR": "Provinsi Sulawesi Selatan", "WADMKK": "Kabupaten Wajo", "REMARK": "Tidak Ada", "SBDATA": "Analisis Tim Penyusun, 2022", "SHAPE_Leng": 0.090032905722299994 }, "geometry": { "type": "LineString", "coordinates": [ [ 120.358868914351731, -3.658388951579012 ], [ 120.359093493172779, -3.659168892943108 ], [ 120.35898569533866, -3.659697818309422 ], [ 120.359138408936985, -3.660764632928526 ], [ 120.358563487155138, -3.661625255560664 ], [ 120.358428739862532, -3.661947988834446 ], [ 120.358518571390931, -3.662342440455512 ], [ 120.358815015434686, -3.662638279057246 ], [ 120.360072656832457, -3.663095483976685 ], [ 120.360476898710317, -3.663445111110424 ], [ 120.36169860749672, -3.663346498342942 ], [ 120.363432355995059, -3.663812667693477 ], [ 120.363998294624068, -3.664682252179042 ], [ 120.366064419777544, -3.666242123261687 ], [ 120.366756122546306, -3.667138599664154 ], [ 120.36702561713156, -3.670240401078912 ], [ 120.366765105699145, -3.673422873994079 ], [ 120.367708336747469, -3.675995738167777 ], [ 120.367825117734412, -3.678102433270865 ], [ 120.370223619542998, -3.677734882568836 ], [ 120.376628607518782, -3.678308620183691 ], [ 120.379314570218298, -3.676820487481916 ], [ 120.379988306681398, -3.676255713577388 ], [ 120.381982566612152, -3.675341316973616 ], [ 120.384030725459922, -3.67411315535433 ], [ 120.388791796465767, -3.671701650614664 ], [ 120.390875887924935, -3.670509342890786 ], [ 120.392376074449402, -3.669308068837513 ], [ 120.391594540152212, -3.668779149152634 ], [ 120.390786056396493, -3.668537101056826 ], [ 120.389070274203846, -3.668366770876031 ], [ 120.387570087679364, -3.667775097364188 ], [ 120.386240581058857, -3.666044898332522 ], [ 120.385396164691798, -3.665345645960453 ], [ 120.382656303075223, -3.664718111314939 ], [ 120.380886621965516, -3.664780864799301 ], [ 120.379098974550104, -3.663749914141206 ], [ 120.377985063597805, -3.662889293551734 ], [ 120.377275394523366, -3.661750762958736 ], [ 120.374571465518144, -3.660603266092919 ], [ 120.373008396923794, -3.659366119387398 ], [ 120.367879016651457, -3.658747545393945 ], [ 120.367286128563947, -3.659419908410124 ], [ 120.364393553349075, -3.656900785713768 ], [ 120.364025244082598, -3.657124907237047 ], [ 120.363513204370634, -3.657851060587566 ], [ 120.362399293418321, -3.657994498216851 ], [ 120.361950135776269, -3.657985533365694 ], [ 120.361536910745585, -3.657779341764314 ], [ 120.36059367969726, -3.657008364051934 ] ] } },
{ "type": "Feature", "properties": { "FID": 263, "OBJECTID": 1522, "NAMOBJ": "Jaringan Drainase Tersier", "STSJRN": 1, "WADMPR": "Provinsi Sulawesi Selatan", "WADMKK": "Kabupaten Wajo", "REMARK": "Tidak Ada", "SBDATA": "Analisis Tim Penyusun, 2022", "SHAPE_Leng": 0.0093219857663399998 }, "geometry": { "type": "LineString", "coordinates": [ [ 120.360611646002937, -3.656972504607312 ], [ 120.361554877051262, -3.657752447204115 ], [ 120.362390310265482, -3.657958638811682 ], [ 120.363495238064942, -3.657815201176656 ], [ 120.363998294624068, -3.657098012657212 ], [ 120.364402536501913, -3.656864926264843 ], [ 120.367286128563947, -3.659384049061998 ], [ 120.367852067192928, -3.658711686018908 ] ] } },
{ "type": "Feature", "properties": { "FID": 264, "OBJECTID": 1523, "NAMOBJ": "Jaringan Drainase Tersier", "STSJRN": 1, "WADMPR": "Provinsi Sulawesi Selatan", "WADMKK": "Kabupaten Wajo", "REMARK": "Tidak Ada", "SBDATA": "Analisis Tim Penyusun, 2022", "SHAPE_Leng": 0.0070824546291499996 }, "geometry": { "type": "LineString", "coordinates": [ [ 120.081900345952008, -3.898694608175219 ], [ 120.081433222004279, -3.898300264054322 ], [ 120.080175580606507, -3.897816296016812 ], [ 120.079744389270118, -3.89725166628768 ], [ 120.079367096850788, -3.895064842807792 ], [ 120.079609641977498, -3.892904900923332 ] ] } },
{ "type": "Feature", "properties": { "FID": 265, "OBJECTID": 1524, "NAMOBJ": "Jaringan Drainase Tersier", "STSJRN": 1, "WADMPR": "Provinsi Sulawesi Selatan", "WADMKK": "Kabupaten Wajo", "REMARK": "Tidak Ada", "SBDATA": "Analisis Tim Penyusun, 2022", "SHAPE_Leng": 0.81823347701399995 }, "geometry": { "type": "MultiLineString", "coordinates": [ [ [ 120.195258751655047, -3.763549343812605 ], [ 120.196381645760198, -3.763683800502708 ], [ 120.197253011585801, -3.764051315349752 ], [ 120.198501669830719, -3.763836184726401 ], [ 120.199220322058025, -3.76388996738722 ], [ 120.199965923743832, -3.764311264782066 ], [ 120.200379148774545, -3.764840127180691 ], [ 120.201322379822841, -3.765368989258089 ], [ 120.20180747007629, -3.764902873545653 ], [ 120.202391375010947, -3.764849090947391 ], [ 120.202741717971776, -3.764571214136783 ], [ 120.205742091020724, -3.764499503977716 ], [ 120.206182265509952, -3.764642924289945 ], [ 120.208032794995219, -3.763836184726401 ], [ 120.2084819526373, -3.76402442402474 ], [ 120.208688565152642, -3.764374011185138 ], [ 120.210350448428244, -3.765718575878644 ], [ 120.210637909319189, -3.76556619198438 ], [ 120.210610959860659, -3.765279351640463 ], [ 120.210763673458956, -3.765135931433064 ], [ 120.213018444822097, -3.764956656140592 ], [ 120.213934726411907, -3.765413808063441 ], [ 120.214329985136914, -3.765942669792338 ], [ 120.214877957460217, -3.765826140964417 ], [ 120.21615356516368, -3.766005416077835 ], [ 120.216997981530739, -3.765691684605124 ], [ 120.217204594046081, -3.765360025496741 ], [ 120.218129858788728, -3.764705670669118 ], [ 120.219234786588203, -3.764338156098222 ], [ 120.219459365409222, -3.76396167759648 ], [ 120.220348697540501, -3.763414887101745 ], [ 120.220950568780879, -3.762688820504468 ], [ 120.222253125942842, -3.761908970522287 ], [ 120.222998727628678, -3.761738658364353 ], [ 120.224543829917351, -3.762921878984358 ], [ 120.224957054948035, -3.762894987624475 ], [ 120.226322494179925, -3.762034463669991 ], [ 120.227265725228222, -3.76225855853165 ], [ 120.228496417167463, -3.762186848182189 ], [ 120.228891675892498, -3.761882079131142 ], [ 120.229412698757272, -3.760788495188228 ], [ 120.2298528732465, -3.760349268464284 ], [ 120.230508643403894, -3.760169992186831 ], [ 120.231110514644271, -3.760259630330167 ], [ 120.231281194548245, -3.760689893289873 ], [ 120.2312272956312, -3.761514563368992 ], [ 120.230553559168101, -3.763244575238192 ], [ 120.230346946652759, -3.764642924289945 ], [ 120.230427795028334, -3.765835104720965 ], [ 120.230319997194243, -3.766722516162255 ], [ 120.231236278784039, -3.767341014510469 ], [ 120.232332223430674, -3.767511325572639 ], [ 120.233284437631838, -3.767197594642788 ], [ 120.235368529090977, -3.767027283519213 ], [ 120.236293793833624, -3.766130908635258 ], [ 120.23725499118764, -3.76556619198438 ], [ 120.237452620550144, -3.765476554387059 ], [ 120.238189239083127, -3.765602047020724 ], [ 120.23949179624509, -3.766417748698569 ], [ 120.240012819109893, -3.767242413353978 ], [ 120.241162662673574, -3.767358941992268 ], [ 120.2417825002196, -3.768022258559121 ], [ 120.242914377477589, -3.768237388147872 ], [ 120.24336353511967, -3.769268216689033 ], [ 120.243543198176482, -3.77011080606734 ], [ 120.244243884098083, -3.77022733432135 ], [ 120.246444756544179, -3.772351731290909 ], [ 120.248187488195384, -3.773436337023947 ], [ 120.248537831156185, -3.77410861262498 ], [ 120.249561910580084, -3.775076688576302 ], [ 120.250873450894886, -3.77767614643828 ], [ 120.251421423218218, -3.778231891591682 ], [ 120.251897530318786, -3.778375309638002 ], [ 120.252436519489279, -3.778034691739284 ], [ 120.253047373882467, -3.777236928242652 ], [ 120.253209070633602, -3.775560726147256 ], [ 120.254179251140457, -3.774628505399658 ], [ 120.255122482188781, -3.773212245041319 ], [ 120.255796218651852, -3.772764060902658 ], [ 120.257017927438284, -3.772602714556147 ], [ 120.258697777019577, -3.771437434497411 ], [ 120.259775755360522, -3.771168523492752 ], [ 120.260233896155412, -3.770684483474725 ], [ 120.260126098321322, -3.770245261743659 ], [ 120.260377626600885, -3.769635729177835 ], [ 120.261015430452602, -3.769062051078537 ], [ 120.263126471370285, -3.767914693744797 ], [ 120.263602578470852, -3.767027283519213 ], [ 120.264222416016906, -3.766471531199916 ], [ 120.263404949108349, -3.766211582412618 ], [ 120.262991724077665, -3.765754430908713 ], [ 120.262973757771988, -3.764293337237502 ], [ 120.260260845613928, -3.76398856892343 ], [ 120.259703890137786, -3.763567271372485 ], [ 120.258033023709316, -3.763370068193511 ], [ 120.25785336065249, -3.761792441154666 ], [ 120.258841507465036, -3.757176072906019 ], [ 120.258131838390597, -3.755365374223156 ], [ 120.258589979185487, -3.754352456984976 ], [ 120.25830251829457, -3.752712066399031 ], [ 120.256694533935985, -3.751833604600049 ], [ 120.256182494224049, -3.751206131345734 ], [ 120.256218426835403, -3.750632441118944 ], [ 120.25685623068712, -3.749870508204325 ], [ 120.256487921420643, -3.748212181330049 ], [ 120.256074696389945, -3.747835695871927 ], [ 120.255904016485971, -3.747091688418622 ], [ 120.25626334259961, -3.745227185033351 ] ], [ [ 120.056603787551211, -3.865318102977044 ], [ 120.056612770704049, -3.867101682095234 ], [ 120.056334292965971, -3.868186168066097 ], [ 120.056334292965971, -3.868858369417413 ], [ 120.057115827263146, -3.870346173178286 ], [ 120.057034978887572, -3.870946671546291 ], [ 120.056711585385301, -3.871412729687651 ], [ 120.056909214747805, -3.872246256108433 ], [ 120.059505345918922, -3.873653390246665 ], [ 120.059783823657, -3.874173222648557 ], [ 120.059855688879722, -3.875105335121078 ], [ 120.062056561325818, -3.877516275116802 ], [ 120.065155749056032, -3.87964936871085 ], [ 120.066602036663454, -3.880196085109612 ], [ 120.066934413318577, -3.881585280924374 ], [ 120.068551380830002, -3.882293321783036 ], [ 120.068713077581151, -3.882822111404089 ], [ 120.069575460253887, -3.884014127470443 ], [ 120.071354124516446, -3.885206141853095 ], [ 120.071479888656228, -3.885627379615671 ], [ 120.071354124516446, -3.886344379578866 ], [ 120.071030731014176, -3.886756654281701 ], [ 120.070356994551076, -3.889445397399231 ], [ 120.07052767445505, -3.889741158618552 ], [ 120.074920436194404, -3.890780803292942 ], [ 120.075450442212045, -3.891175150937275 ], [ 120.07763334835245, -3.891435061783741 ], [ 120.078046573383148, -3.891587423277142 ], [ 120.078980821278634, -3.892295455737759 ], [ 120.079187433793976, -3.892815276659 ], [ 120.079609641977498, -3.892904900923332 ], [ 120.080319311051966, -3.891040714261083 ], [ 120.079376080003641, -3.890368530558313 ], [ 120.078055556535986, -3.889893520418297 ], [ 120.077220123321752, -3.889033124011231 ], [ 120.076860797208099, -3.887563278117343 ], [ 120.077480634754139, -3.885690117136782 ], [ 120.076896729819467, -3.887563278117343 ], [ 120.077256055933105, -3.889015199076743 ], [ 120.078073522841663, -3.889857670585542 ], [ 120.079394046309318, -3.890341643199048 ], [ 120.080355243663334, -3.891031751815241 ], [ 120.079636591436028, -3.892931788200771 ], [ 120.079403029462156, -3.895064842807792 ], [ 120.079780321881472, -3.897242703907972 ], [ 120.080202530065037, -3.897789408895449 ], [ 120.081451188309956, -3.898264414579614 ], [ 120.081927295410523, -3.898667721081942 ], [ 120.082367469899765, -3.898506398504226 ], [ 120.083247818878178, -3.898452624304776 ], [ 120.085206146197564, -3.899017253227464 ], [ 120.085942764730547, -3.898802156539726 ], [ 120.08796397411983, -3.897816296016812 ], [ 120.089419244880091, -3.897726672275593 ], [ 120.089913318286349, -3.897475725749371 ], [ 120.090901465098881, -3.896391277400121 ], [ 120.091144010225591, -3.895710135573371 ], [ 120.091108077614223, -3.895082767613517 ], [ 120.091431471116522, -3.894804933081862 ], [ 120.093066404933609, -3.894984181177302 ], [ 120.094557608305237, -3.895557774826127 ], [ 120.097396284603079, -3.894778045864253 ], [ 120.097980189537736, -3.894007278594219 ], [ 120.098186802053107, -3.892600178385682 ], [ 120.098689858612204, -3.892510554088917 ], [ 120.099147999407094, -3.891999695415208 ], [ 120.099210881477006, -3.89110345137931 ], [ 120.099444443450878, -3.890377493011213 ], [ 120.100055297844065, -3.89001899482093 ], [ 120.100594287014545, -3.889284073054032 ], [ 120.101232090866262, -3.887670827903795 ], [ 120.101537518062869, -3.885743892151163 ], [ 120.100953613128183, -3.883888652174316 ], [ 120.100684118542958, -3.882033408119082 ], [ 120.099740887494619, -3.8805545874741 ], [ 120.09938156138098, -3.879210202822822 ], [ 120.098330532498565, -3.878009217392068 ], [ 120.096336272567811, -3.878331870362028 ], [ 120.095860165467244, -3.878179506474897 ], [ 120.095797283397346, -3.878009217392068 ], [ 120.095869148620082, -3.877731377235905 ], [ 120.096480003013269, -3.877077108120349 ], [ 120.096767463904186, -3.876082259590817 ], [ 120.096722548139979, -3.872954304788891 ], [ 120.097162722629207, -3.870848082291209 ], [ 120.097584930812729, -3.867522928876845 ], [ 120.097342385686034, -3.867003092392708 ], [ 120.095464906742208, -3.865147811307239 ], [ 120.09542897413084, -3.864511457922704 ], [ 120.095581687729137, -3.864206725146966 ], [ 120.096794413362701, -3.863247712461924 ], [ 120.0981418862889, -3.862450028187827 ], [ 120.101483619145824, -3.86123109346683 ], [ 120.10199565885776, -3.859841864261027 ], [ 120.103001771975983, -3.858855958284593 ], [ 120.103801272578849, -3.856364299898968 ], [ 120.105229593880594, -3.854392478732852 ], [ 120.105687734675485, -3.853325900832958 ], [ 120.107511314702265, -3.854042928139893 ], [ 120.110367957305755, -3.855674163011033 ], [ 120.111957975358649, -3.857511539199929 ], [ 120.113440195577439, -3.858506409527249 ], [ 120.11421274672179, -3.858891809431061 ], [ 120.115182927228645, -3.859035214001794 ], [ 120.11561411856502, -3.859304097506663 ], [ 120.116781928434378, -3.860523034994348 ], [ 120.117581429037244, -3.861975002365021 ], [ 120.118174317124755, -3.862396251692932 ], [ 120.119512806898086, -3.862441065438914 ], [ 120.121803510872596, -3.861921225840026 ], [ 120.122674876698184, -3.862019816133248 ], [ 120.12479490076872, -3.861177316894707 ], [ 120.126178306306258, -3.859958380346255 ], [ 120.12769645913643, -3.859689497048529 ], [ 120.129133763591014, -3.85856914905839 ], [ 120.129403258176254, -3.858766330411807 ], [ 120.12955597177455, -3.860612662681736 ], [ 120.130130893556398, -3.86123109346683 ], [ 120.130589034351289, -3.861482050758367 ], [ 120.132188035557036, -3.861607529376314 ], [ 120.133239064439451, -3.861356572121874 ], [ 120.134128396570716, -3.861992927872595 ], [ 120.135062644466203, -3.861473087999233 ], [ 120.13566451570658, -3.861482050758367 ], [ 120.136625713060553, -3.861257981751616 ], [ 120.136859275034453, -3.861051838213168 ], [ 120.136868258187292, -3.860621625449954 ], [ 120.136032824973057, -3.860487183916744 ], [ 120.13588011137476, -3.860263114647421 ], [ 120.135682482012257, -3.859528167029031 ], [ 120.135718414623625, -3.857681832401655 ], [ 120.134712301505402, -3.855181207748064 ], [ 120.134074497653671, -3.852447541558304 ], [ 120.134146362876393, -3.850305416668309 ], [ 120.134550604754267, -3.848396321742663 ], [ 120.13394873351389, -3.846424482115951 ], [ 120.133113300299655, -3.845438560591488 ], [ 120.132996519312726, -3.845080043390754 ], [ 120.133104317146817, -3.84400449088395 ], [ 120.132753974186016, -3.842193974433828 ], [ 120.132367698613848, -3.841181159100072 ], [ 120.132188035557036, -3.83956782245776 ], [ 120.133086350841126, -3.838277150948662 ], [ 120.134200261793438, -3.834889128958261 ], [ 120.134227211251968, -3.832504957284522 ], [ 120.134730267811079, -3.831850653369554 ], [ 120.136859275034453, -3.829842923164452 ], [ 120.137371314746389, -3.829609882746254 ], [ 120.137595893567408, -3.829332026780096 ], [ 120.136392151086696, -3.825576480843929 ], [ 120.136167572265663, -3.824025856836603 ], [ 120.136221471182708, -3.823272951682608 ], [ 120.136787409811717, -3.821749213038498 ], [ 120.136499948920786, -3.820575036118941 ], [ 120.136625713060553, -3.820001391848717 ], [ 120.137694708248659, -3.819831091132169 ], [ 120.139374557829981, -3.818603132333571 ], [ 120.143147482023281, -3.817348282111537 ], [ 120.143668504888083, -3.816129282997057 ], [ 120.143641555429554, -3.815179179546425 ], [ 120.144270376128418, -3.81411255272268 ], [ 120.145258522940964, -3.813296896023058 ], [ 120.147333631247278, -3.812042038050898 ], [ 120.14527648924664, -3.813323785816702 ], [ 120.144306308739786, -3.814130479234857 ], [ 120.143677488040922, -3.815197106036351 ], [ 120.143704437499437, -3.816129282997057 ], [ 120.143174431481796, -3.817375171778381 ], [ 120.13938354098282, -3.818638985170107 ], [ 120.137712674554351, -3.819866943917409 ], [ 120.136823342423085, -3.81992072309246 ], [ 120.136580797296361, -3.820198582109863 ], [ 120.136598763602038, -3.821059048173614 ], [ 120.136823342423085, -3.821749213038498 ], [ 120.136257403794076, -3.823281914843093 ], [ 120.136203504877031, -3.824016893683896 ], [ 120.136428083698064, -3.825567517707441 ], [ 120.137631826178776, -3.829332026780096 ], [ 120.134757217269609, -3.831877542581399 ], [ 120.134263143863322, -3.832513920348376 ], [ 120.134236194404806, -3.834898091997123 ], [ 120.133122283452494, -3.838295076955205 ], [ 120.13222396816839, -3.839576785447529 ], [ 120.132403631225216, -3.841181159100072 ], [ 120.132789906797385, -3.842185011471546 ], [ 120.133140249758185, -3.843995527940693 ], [ 120.13303245192408, -3.845071080458803 ], [ 120.133140249758185, -3.845411671806663 ], [ 120.133984666125258, -3.846406556280233 ], [ 120.134586537365635, -3.848396321742663 ], [ 120.134182295487761, -3.850305416668309 ], [ 120.134110430265025, -3.852438578703888 ], [ 120.134748234116771, -3.855172244922455 ], [ 120.13574536408214, -3.857672869602415 ], [ 120.135718414623625, -3.859528167029031 ], [ 120.135969942903174, -3.860388593445526 ], [ 120.136895207645821, -3.860603699913423 ], [ 120.136949106562867, -3.860917396748082 ], [ 120.136652662519111, -3.861275907274333 ], [ 120.137038938091266, -3.862270773191589 ], [ 120.138161832196417, -3.863668961158024 ], [ 120.13884455181234, -3.863910954995233 ], [ 120.139329642065775, -3.864412867919005 ], [ 120.14065016553343, -3.865291214820927 ], [ 120.141171188398204, -3.865990306602869 ], [ 120.141683228110168, -3.865999269314282 ], [ 120.142967818966454, -3.866617696172814 ], [ 120.144566820172173, -3.867854548536355 ], [ 120.144629702242085, -3.8680786158004 ], [ 120.144081729918767, -3.86962915964385 ], [ 120.144207494058534, -3.869898039790395 ], [ 120.145024960967092, -3.870606090434615 ], [ 120.145590899596073, -3.8706419410844 ], [ 120.146731760006901, -3.869951815809461 ], [ 120.147881603570582, -3.869539532909367 ], [ 120.148231946531411, -3.869611234297712 ], [ 120.149795015125761, -3.870866007611169 ], [ 120.150091459169516, -3.871475468264011 ], [ 120.150926892383751, -3.872362770488969 ], [ 120.151744359292309, -3.87395811962444 ], [ 120.153172680594054, -3.874388325617986 ], [ 120.155166940524808, -3.875553465751877 ], [ 120.155795761223672, -3.87662001569808 ], [ 120.156307800935636, -3.876978519579585 ], [ 120.155975424280513, -3.877507312527318 ], [ 120.15593050851632, -3.879039913947682 ], [ 120.157969684211238, -3.88139706743168 ], [ 120.1585446059931, -3.883090987355563 ], [ 120.15920037615048, -3.884085827631282 ], [ 120.160467000701118, -3.885717004644401 ], [ 120.161401248596576, -3.886541554461887 ], [ 120.16452738578532, -3.88826235148403 ], [ 120.165910791322858, -3.889723233699124 ], [ 120.166395881576307, -3.890816653086418 ], [ 120.167231314790513, -3.891596385717071 ], [ 120.168417090965576, -3.892268568440001 ], [ 120.17009694054687, -3.891668085233078 ], [ 120.170573047647437, -3.891775634495642 ], [ 120.173420707098117, -3.891004864477141 ], [ 120.175100556679396, -3.889669458938552 ], [ 120.175774293142496, -3.889418510010508 ], [ 120.176340231771491, -3.889588796791259 ], [ 120.17685227148344, -3.890072769559198 ], [ 120.177337361736861, -3.890843540430525 ], [ 120.17776855307325, -3.892501591658716 ], [ 120.177831435143133, -3.894724271426457 ], [ 120.17836144116076, -3.89519927884143 ], [ 120.179286705903408, -3.895701173177238 ], [ 120.179996374977875, -3.895835609109208 ], [ 120.181056387013129, -3.895763909948164 ], [ 120.182026567519955, -3.89493936915702 ], [ 120.183095562708061, -3.894312000622551 ], [ 120.184568799774041, -3.89442851195717 ], [ 120.186419329259309, -3.893603969857689 ], [ 120.186661874386047, -3.893586045020469 ], [ 120.187093065722408, -3.894114827557992 ], [ 120.18729967823775, -3.894114827557992 ], [ 120.187236796167866, -3.892671877816226 ], [ 120.187802734796875, -3.890709103701413 ], [ 120.18774883587983, -3.890189281480333 ], [ 120.187452391836047, -3.889526059560248 ], [ 120.18754222336446, -3.889113786211709 ], [ 120.189788011574763, -3.88755431563452 ], [ 120.191997867173697, -3.887446765833209 ], [ 120.193345340099867, -3.887168928782989 ], [ 120.194647897261859, -3.887276478619741 ], [ 120.194872476082892, -3.887177891269909 ], [ 120.19545638101755, -3.886774579264209 ], [ 120.196507409899979, -3.885313691940132 ], [ 120.197324876808523, -3.884578766072138 ], [ 120.197890815437518, -3.884211302898092 ], [ 120.198573535053455, -3.883996202429282 ], [ 120.199373035656322, -3.882866924068614 ], [ 120.200954070556364, -3.879147464820185 ], [ 120.20178052061776, -3.8782870574569 ], [ 120.202795616888821, -3.877623826183196 ], [ 120.203424437587685, -3.876799267657834 ], [ 120.207197361781013, -3.875087409890907 ], [ 120.207403974296355, -3.874495877082191 ], [ 120.206766170444624, -3.873474137620241 ], [ 120.207134479711129, -3.872828827850728 ], [ 120.208428053720255, -3.871860862273945 ], [ 120.209119756489002, -3.870686754394496 ], [ 120.209793492952102, -3.869987666486941 ], [ 120.210539094637937, -3.86949471953857 ], [ 120.210808589223163, -3.868634302359563 ], [ 120.211194864795331, -3.868481936726377 ], [ 120.212641152402753, -3.866716285920163 ], [ 120.212569287180031, -3.865551133627676 ], [ 120.212371657817528, -3.864959594158722 ], [ 120.212488438804456, -3.864385979734189 ], [ 120.212407590428882, -3.862907128256852 ], [ 120.210709774541911, -3.862450028187827 ], [ 120.209613829895289, -3.861840561046145 ], [ 120.209011958654912, -3.86123109346683 ], [ 120.208356188497518, -3.860845694624665 ], [ 120.207736350951464, -3.860675402057277 ], [ 120.207143462863968, -3.860782955261707 ], [ 120.205894804619035, -3.860469258377374 ], [ 120.205535478505382, -3.860218300786461 ], [ 120.205508529046853, -3.858479521155342 ], [ 120.205787006784917, -3.855871345036186 ], [ 120.206406844330971, -3.854670326537583 ], [ 120.20619124866279, -3.853039089740948 ], [ 120.206496675859384, -3.85061015442928 ], [ 120.206667355763372, -3.850215787894322 ], [ 120.208472969484461, -3.848100546089613 ], [ 120.210880454445899, -3.848450099123093 ], [ 120.212506405110133, -3.84976764388285 ], [ 120.214491681888049, -3.850197862138392 ], [ 120.215668474910245, -3.84982142117668 ], [ 120.217698667452368, -3.849902087111059 ], [ 120.221247012824634, -3.848996835631378 ], [ 120.223834160842884, -3.846863664973283 ], [ 120.226717752904918, -3.845680559616739 ], [ 120.227831663857231, -3.845967373187325 ], [ 120.23125424508973, -3.845465449375463 ], [ 120.232619684321577, -3.844542267306951 ], [ 120.233140707186379, -3.843923824391247 ], [ 120.235988366637031, -3.842292567012722 ], [ 120.236994479755253, -3.842059529989702 ], [ 120.237847879275165, -3.841163233154135 ], [ 120.239905021275774, -3.838259224941745 ], [ 120.240048751721261, -3.837076107653324 ], [ 120.239249251118395, -3.836511437460723 ], [ 120.237973643414946, -3.834315494275715 ], [ 120.237776014052443, -3.833526745958736 ], [ 120.238261104305849, -3.832800738342082 ], [ 120.238243138000172, -3.832513920348376 ], [ 120.23668905255866, -3.829663661309932 ], [ 120.236123113929651, -3.827673852203901 ], [ 120.235242764951209, -3.826078416337653 ], [ 120.234658860016538, -3.825495812612155 ], [ 120.234667843169376, -3.82482357705205 ], [ 120.235745821510321, -3.824151340964645 ], [ 120.237740081441075, -3.823622514872053 ], [ 120.238611447266649, -3.823228135878782 ], [ 120.241683685538348, -3.821193495918114 ], [ 120.242411320918492, -3.8205571097413 ], [ 120.242734714420777, -3.819642863985086 ], [ 120.242914377477589, -3.819687679976231 ], [ 120.242950310088958, -3.819947612678721 ], [ 120.2431569226043, -3.819929686287975 ], [ 120.243758793844663, -3.819490489597684 ], [ 120.243965406360019, -3.819131961520613 ], [ 120.244890671102667, -3.819140924724366 ], [ 120.247729347400465, -3.815770753516491 ], [ 120.2499392029994, -3.813870544771683 ], [ 120.250352428030112, -3.811970331825745 ], [ 120.250720737296589, -3.811082966794653 ], [ 120.250424293252834, -3.807569350815803 ], [ 120.250684804685221, -3.806923991219644 ], [ 120.251187861244318, -3.806637164577197 ], [ 120.251421423218218, -3.806287594477543 ], [ 120.250011068222122, -3.805427113627748 ], [ 120.248789359435733, -3.805203029932038 ], [ 120.247531718037962, -3.804575595273955 ], [ 120.246651369059521, -3.805041689635031 ], [ 120.246283059793043, -3.804987909529315 ], [ 120.24573508746974, -3.803768892899327 ], [ 120.245169148840731, -3.803204200787764 ], [ 120.245070334159479, -3.802684325183359 ], [ 120.245214064604937, -3.802352680237433 ], [ 120.246265093487352, -3.800757197363146 ], [ 120.247037644631703, -3.800084942459199 ], [ 120.247199341382853, -3.799780186730151 ], [ 120.247558667496492, -3.798328113836868 ], [ 120.24729815606409, -3.797270429574129 ], [ 120.24867257844879, -3.795379143467348 ], [ 120.249148685549386, -3.793953953569893 ], [ 120.248394100710726, -3.791928207909344 ], [ 120.246929846797613, -3.788934398109362 ], [ 120.24673221743511, -3.788844762925638 ], [ 120.244872704796975, -3.789006106249655 ], [ 120.243920490595812, -3.788620674925701 ], [ 120.244306766167966, -3.788100790542338 ], [ 120.245007452089595, -3.787724322345613 ], [ 120.245178131993569, -3.787276145707414 ], [ 120.245160165687892, -3.785985395692891 ], [ 120.245519491801531, -3.785322092853564 ], [ 120.24654357122543, -3.784183720580315 ], [ 120.248133589278339, -3.78290192953721 ], [ 120.249786489401103, -3.780795485593261 ], [ 120.251331591689805, -3.779540580385401 ], [ 120.252193974362541, -3.778231891591682 ], [ 120.251663968344928, -3.778375309638002 ], [ 120.250846501436371, -3.777703037340994 ], [ 120.249534961121554, -3.775094615898557 ], [ 120.248510881697655, -3.7741355036382 ], [ 120.248160538736855, -3.773463228057977 ], [ 120.246417807085649, -3.772378622358509 ], [ 120.244225917792406, -3.770254225454674 ], [ 120.243507265565128, -3.77012873349205 ], [ 120.243327602508302, -3.769286144131115 ], [ 120.242887428019074, -3.768264279342725 ], [ 120.241773517066761, -3.768058113494275 ], [ 120.241144696367883, -3.767394796954755 ], [ 120.240003835957054, -3.767278268321268 ], [ 120.239563661467827, -3.766561168694774 ], [ 120.239159419589981, -3.766202618659948 ], [ 120.238180255930288, -3.765637902055591 ], [ 120.237452620550144, -3.765512409427094 ], [ 120.236320743292154, -3.766157799895208 ], [ 120.235386495396682, -3.767054174751467 ], [ 120.233293420784676, -3.767233449611924 ], [ 120.232332223430674, -3.767547180528847 ], [ 120.231218312478362, -3.767376869473697 ], [ 120.230275081430037, -3.766731479909571 ], [ 120.230391862416965, -3.765835104720965 ], [ 120.230311014041391, -3.764642924289945 ], [ 120.230517626556733, -3.763235611454979 ], [ 120.231191363019832, -3.761505599567979 ], [ 120.231182379866993, -3.760376159902723 ], [ 120.230858986364723, -3.760232738888133 ], [ 120.22987982270503, -3.760385123715352 ], [ 120.229439648215788, -3.760815386613117 ], [ 120.228927608503852, -3.761908970522287 ], [ 120.22851438347314, -3.762222703357657 ], [ 120.227265725228222, -3.762294413704167 ], [ 120.226331477332764, -3.762070318851728 ], [ 120.224966038100874, -3.7629308427708 ], [ 120.224525863611674, -3.762957734129575 ], [ 120.222989744475839, -3.761774513558263 ], [ 120.222262109095681, -3.761944825709189 ], [ 120.220977518239394, -3.762715711870715 ], [ 120.220375646999031, -3.763441778445576 ], [ 120.219486314867765, -3.763979605147874 ], [ 120.21925275289388, -3.764374011185138 ], [ 120.218147825094405, -3.764732561973094 ], [ 120.217231543504624, -3.765386916780507 ], [ 120.217024930989254, -3.765718575878644 ], [ 120.216162548316532, -3.766041271096088 ], [ 120.214877957460217, -3.765861995990055 ], [ 120.214321001984075, -3.765987488568155 ], [ 120.213907776953391, -3.765440699345545 ], [ 120.213009461669259, -3.764992511202039 ], [ 120.210772656611809, -3.765171786487128 ], [ 120.210646892472028, -3.76528831540264 ], [ 120.210673841930557, -3.765584119502736 ], [ 120.210341465275405, -3.765754430908713 ], [ 120.208661615694112, -3.764400902499356 ], [ 120.20845500317877, -3.764051315349752 ], [ 120.208032794995219, -3.763872039833982 ], [ 120.206182265509952, -3.764678779364312 ], [ 120.205742091020724, -3.764535359057987 ], [ 120.202759684277453, -3.764607069214103 ], [ 120.202409341316638, -3.764884946013268 ], [ 120.201825436381966, -3.764938728609315 ], [ 120.201331362975708, -3.765413808063441 ], [ 120.200361182468868, -3.764875982246937 ], [ 120.199938974285303, -3.764338156098222 ], [ 120.199211338905187, -3.763925822492589 ], [ 120.198501669830719, -3.763872039833982 ], [ 120.197244028432962, -3.764087170448478 ], [ 120.196372662607359, -3.763719655616564 ], [ 120.195249768502208, -3.763567271372485 ] ], [ [ 120.046398925923612, -3.909135697671059 ], [ 120.054205285742611, -3.900263020461431 ], [ 120.054016639532946, -3.899357822870493 ], [ 120.052696116065292, -3.898022430585362 ], [ 120.052327806798786, -3.897950731610728 ], [ 120.049893372378833, -3.898524323236613 ], [ 120.049938288143039, -3.897619123773524 ], [ 120.050198799575426, -3.8966332618637 ], [ 120.05170796925276, -3.893191698505083 ], [ 120.051941531226632, -3.892304418170154 ], [ 120.053854942781811, -3.889983144993514 ], [ 120.053917824851695, -3.889660496478123 ], [ 120.052498486702774, -3.888056214525913 ], [ 120.052327806798786, -3.88755431563452 ], [ 120.051357626291932, -3.886613254407921 ], [ 120.049884389225994, -3.882096145907361 ], [ 120.049965237601555, -3.881011677768138 ], [ 120.052022379602192, -3.874782680919894 ], [ 120.05286679596928, -3.873339698125505 ], [ 120.054313083576702, -3.872739201454935 ], [ 120.056684635926771, -3.87138584172493 ], [ 120.057008029429056, -3.870937708887213 ], [ 120.05704396204041, -3.870184845185962 ], [ 120.056298360354617, -3.868858369417413 ], [ 120.056298360354617, -3.868186168066097 ], [ 120.056576838092681, -3.867101682095234 ], [ 120.056603787551211, -3.865318102977044 ] ] ] } },
{ "type": "Feature", "properties": { "FID": 266, "OBJECTID": 1525, "NAMOBJ": "Jaringan Drainase Tersier", "STSJRN": 1, "WADMPR": "Provinsi Sulawesi Selatan", "WADMKK": "Kabupaten Wajo", "REMARK": "Tidak Ada", "SBDATA": "Analisis Tim Penyusun, 2022", "SHAPE_Leng": 0.036316268869600002 }, "geometry": { "type": "LineString", "coordinates": [ [ 120.07960065882466, -3.892940750626394 ], [ 120.079160484335446, -3.892851126365878 ], [ 120.078953871820104, -3.892322343034659 ], [ 120.078028607077457, -3.891614310596644 ], [ 120.077624365199611, -3.891470911549373 ], [ 120.075441459059206, -3.891211000713969 ], [ 120.074902469888713, -3.890816653086418 ], [ 120.070509708149373, -3.889768045996979 ], [ 120.070321061939708, -3.889445397399231 ], [ 120.070994798402808, -3.886738729298813 ], [ 120.071318191905078, -3.886335417083087 ], [ 120.07144395604486, -3.885627379615671 ], [ 120.071327175057931, -3.88523302937614 ], [ 120.069557493948196, -3.884041015031471 ], [ 120.068677144969783, -3.882831073937184 ], [ 120.068524431371458, -3.882320209398879 ], [ 120.066907463860048, -3.881612168562763 ], [ 120.066575087204939, -3.880222972792227 ], [ 120.065137782750355, -3.879685218977346 ], [ 120.062029611867288, -3.877543162884683 ], [ 120.059828739421192, -3.875123260350869 ], [ 120.059747891045632, -3.874182185273375 ], [ 120.059487379613245, -3.873680278137354 ], [ 120.057052945193249, -3.872443434281485 ], [ 120.056873282136436, -3.87226418139879 ], [ 120.056684635926771, -3.871430654995657 ] ] } },
{ "type": "Feature", "properties": { "FID": 267, "OBJECTID": 1526, "NAMOBJ": "Jaringan Drainase Tersier", "STSJRN": 1, "WADMPR": "Provinsi Sulawesi Selatan", "WADMKK": "Kabupaten Wajo", "REMARK": "Tidak Ada", "SBDATA": "Analisis Tim Penyusun, 2022", "SHAPE_Leng": 0.049911468695200002 }, "geometry": { "type": "LineString", "coordinates": [ [ 120.046425875382127, -3.909153622176523 ], [ 120.05424121835398, -3.900280945156357 ], [ 120.054250201506818, -3.899832827668489 ], [ 120.054052572144315, -3.899339898155879 ], [ 120.052705099218144, -3.897986581098809 ], [ 120.052327806798786, -3.897914882121119 ], [ 120.049929304990201, -3.898506398504226 ], [ 120.049974220754393, -3.897619123773524 ], [ 120.050234732186794, -3.896642224249903 ], [ 120.051743901864128, -3.893209623350699 ], [ 120.051977463837986, -3.892322343034659 ], [ 120.053890875393179, -3.890001069907413 ], [ 120.053953757463063, -3.889651534017598 ], [ 120.052525436161289, -3.888029327092877 ], [ 120.052354756257316, -3.887536390668588 ], [ 120.051384575750461, -3.886595329421985 ], [ 120.049920321837348, -3.882096145907361 ], [ 120.050001170212923, -3.88102064032045 ], [ 120.05205831221356, -3.874791643538255 ], [ 120.052893745427795, -3.87336658602616 ], [ 120.054331049882379, -3.872775052014391 ], [ 120.056711585385301, -3.871412729687651 ] ] } },
{ "type": "Feature", "properties": { "FID": 268, "OBJECTID": 1527, "NAMOBJ": "Jaringan Drainase Tersier", "STSJRN": 1, "WADMPR": "Provinsi Sulawesi Selatan", "WADMKK": "Kabupaten Wajo", "REMARK": "Tidak Ada", "SBDATA": "Analisis Tim Penyusun, 2022", "SHAPE_Leng": 0.00088036046888400005 }, "geometry": { "type": "LineString", "coordinates": [ [ 120.032645718923746, -4.143330810266553 ], [ 120.032277409657254, -4.142533398815199 ] ] } },
{ "type": "Feature", "properties": { "FID": 269, "OBJECTID": 1528, "NAMOBJ": "Jaringan Drainase Tersier", "STSJRN": 1, "WADMPR": "Provinsi Sulawesi Selatan", "WADMKK": "Kabupaten Wajo", "REMARK": "Tidak Ada", "SBDATA": "Analisis Tim Penyusun, 2022", "SHAPE_Leng": 0.00058146686648100001 }, "geometry": { "type": "LineString", "coordinates": [ [ 120.031756386792452, -4.142694673106162 ], [ 120.032313342268623, -4.142524439131402 ] ] } },
{ "type": "Feature", "properties": { "FID": 270, "OBJECTID": 1529, "NAMOBJ": "Jaringan Drainase Tersier", "STSJRN": 1, "WADMPR": "Provinsi Sulawesi Selatan", "WADMKK": "Kabupaten Wajo", "REMARK": "Tidak Ada", "SBDATA": "Analisis Tim Penyusun, 2022", "SHAPE_Leng": 0.0010714213543100001 }, "geometry": { "type": "LineString", "coordinates": [ [ 120.032115712906091, -4.143617519805384 ], [ 120.033085893412945, -4.143169536105287 ] ] } },
{ "type": "Feature", "properties": { "FID": 271, "OBJECTID": 1530, "NAMOBJ": "Jaringan Drainase Tersier", "STSJRN": 1, "WADMPR": "Provinsi Sulawesi Selatan", "WADMKK": "Kabupaten Wajo", "REMARK": "Tidak Ada", "SBDATA": "Analisis Tim Penyusun, 2022", "SHAPE_Leng": 0.00063654786826199995 }, "geometry": { "type": "LineString", "coordinates": [ [ 120.032106729753252, -4.143581681118714 ], [ 120.0326816515351, -4.143312890916925 ] ] } },
{ "type": "Feature", "properties": { "FID": 272, "OBJECTID": 1531, "NAMOBJ": "Jaringan Drainase Tersier", "STSJRN": 1, "WADMPR": "Provinsi Sulawesi Selatan", "WADMKK": "Kabupaten Wajo", "REMARK": "Tidak Ada", "SBDATA": "Analisis Tim Penyusun, 2022", "SHAPE_Leng": 0.00240393195632 }, "geometry": { "type": "LineString", "coordinates": [ [ 120.032969112426017, -4.145454250322469 ], [ 120.03316674178852, -4.14520338006441 ], [ 120.033085893412945, -4.143124737721323 ] ] } },
{ "type": "Feature", "properties": { "FID": 273, "OBJECTID": 1532, "NAMOBJ": "Jaringan Drainase Tersier", "STSJRN": 1, "WADMPR": "Provinsi Sulawesi Selatan", "WADMKK": "Kabupaten Wajo", "REMARK": "Tidak Ada", "SBDATA": "Analisis Tim Penyusun, 2022", "SHAPE_Leng": 0.0057892373994000001 }, "geometry": { "type": "LineString", "coordinates": [ [ 120.034011158155593, -4.146377093800917 ], [ 120.03443336633913, -4.145454250322469 ], [ 120.034927439745402, -4.142739471514486 ], [ 120.035583209902796, -4.140831057072315 ] ] } },
{ "type": "Feature", "properties": { "FID": 274, "OBJECTID": 1533, "NAMOBJ": "Jaringan Drainase Tersier", "STSJRN": 1, "WADMPR": "Provinsi Sulawesi Selatan", "WADMKK": "Kabupaten Wajo", "REMARK": "Tidak Ada", "SBDATA": "Analisis Tim Penyusun, 2022", "SHAPE_Leng": 0.0057737352242800003 }, "geometry": { "type": "LineString", "coordinates": [ [ 120.033975225544239, -4.146359174520332 ], [ 120.0344064168806, -4.145445290671766 ], [ 120.034891507134034, -4.142730511833024 ], [ 120.03553829413859, -4.140831057072315 ] ] } },
{ "type": "Feature", "properties": { "FID": 275, "OBJECTID": 1534, "NAMOBJ": "Jaringan Drainase Tersier", "STSJRN": 1, "WADMPR": "Provinsi Sulawesi Selatan", "WADMKK": "Kabupaten Wajo", "REMARK": "Tidak Ada", "SBDATA": "Analisis Tim Penyusun, 2022", "SHAPE_Leng": 0.0064196748029800004 }, "geometry": { "type": "LineString", "coordinates": [ [ 120.03814340846256, -4.148276535238671 ], [ 120.039562746611452, -4.142022696676911 ] ] } },
{ "type": "Feature", "properties": { "FID": 276, "OBJECTID": 1535, "NAMOBJ": "Jaringan Drainase Tersier", "STSJRN": 1, "WADMPR": "Provinsi Sulawesi Selatan", "WADMKK": "Kabupaten Wajo", "REMARK": "Tidak Ada", "SBDATA": "Analisis Tim Penyusun, 2022", "SHAPE_Leng": 0.017813162832899999 }, "geometry": { "type": "LineString", "coordinates": [ [ 120.037478655152299, -4.155874255298713 ], [ 120.038835111231307, -4.157495928996288 ], [ 120.040739539633648, -4.160560076818707 ], [ 120.044260935547399, -4.164582872673383 ], [ 120.04686604987134, -4.168112881493858 ], [ 120.048456067924249, -4.169824123721443 ] ] } },
{ "type": "Feature", "properties": { "FID": 277, "OBJECTID": 1536, "NAMOBJ": "Jaringan Drainase Tersier", "STSJRN": 1, "WADMPR": "Provinsi Sulawesi Selatan", "WADMKK": "Kabupaten Wajo", "REMARK": "Tidak Ada", "SBDATA": "Analisis Tim Penyusun, 2022", "SHAPE_Leng": 0.024339421217100001 }, "geometry": { "type": "LineString", "coordinates": [ [ 120.053118324248828, -4.149154577378742 ], [ 120.052273907881741, -4.152129161862503 ], [ 120.052246958423225, -4.15282800839831 ], [ 120.051186946387958, -4.154700555680219 ], [ 120.050800670815789, -4.156214717456607 ], [ 120.049776591391904, -4.159001125906863 ], [ 120.049417265278251, -4.160721347426604 ], [ 120.049363366361206, -4.162432605731442 ], [ 120.049048956011745, -4.163848198795571 ], [ 120.049174720151527, -4.164224495257694 ], [ 120.049740658780536, -4.164788939613497 ], [ 120.051249828457841, -4.164555994372868 ], [ 120.051348643139093, -4.164708304730314 ], [ 120.050773721357274, -4.166562904952594 ], [ 120.048447084771411, -4.169851001841896 ] ] } },
{ "type": "Feature", "properties": { "FID": 278, "OBJECTID": 1537, "NAMOBJ": "Jaringan Drainase Tersier", "STSJRN": 1, "WADMPR": "Provinsi Sulawesi Selatan", "WADMKK": "Kabupaten Wajo", "REMARK": "Tidak Ada", "SBDATA": "Analisis Tim Penyusun, 2022", "SHAPE_Leng": 0.19669795338099999 }, "geometry": { "type": "LineString", "coordinates": [ [ 120.048384202701513, -4.169797245600071 ], [ 120.049560995723709, -4.170979882070743 ], [ 120.052291874187432, -4.172852386175068 ], [ 120.052938661192002, -4.173031572936659 ], [ 120.055822253254007, -4.173210759657364 ], [ 120.056999046276204, -4.173004694925027 ], [ 120.058355502355255, -4.17249401252923 ], [ 120.059137036652416, -4.172072923286414 ], [ 120.061814016199108, -4.169976433058522 ], [ 120.06261351680196, -4.169600139348589 ], [ 120.063862175046879, -4.169653895603894 ], [ 120.067410520419173, -4.170746938664261 ], [ 120.071084629931221, -4.170066026772424 ], [ 120.071650568560202, -4.169689733105391 ], [ 120.072189557730681, -4.168435419580817 ], [ 120.073626862185264, -4.166840646638413 ], [ 120.074076019827316, -4.166043258954422 ], [ 120.074273649189848, -4.164654548136935 ], [ 120.074120935591523, -4.162244457094556 ], [ 120.074767722596107, -4.160470482022276 ], [ 120.075073149792701, -4.159019044900386 ], [ 120.07563908842171, -4.154073387229148 ], [ 120.076654184692757, -4.152120202287514 ], [ 120.076842830902422, -4.147694159811524 ], [ 120.077247072780267, -4.144155099910542 ], [ 120.078172337522915, -4.142372124491356 ], [ 120.080022867008211, -4.140929613799411 ], [ 120.081002030667875, -4.139836529412122 ], [ 120.081550002991207, -4.138698644880924 ], [ 120.082484250886694, -4.13610031974328 ], [ 120.083930538494116, -4.134102291514139 ], [ 120.102157355608909, -4.134765314892998 ], [ 120.103316182325415, -4.13458611943989 ], [ 120.108490478361958, -4.132803122474745 ], [ 120.10982896813529, -4.132534328614613 ], [ 120.111320171506918, -4.132543288411418 ], [ 120.113143751533698, -4.133161514146519 ], [ 120.113970201595095, -4.134998268921469 ], [ 120.116799894740055, -4.138196900001199 ], [ 120.117877873081, -4.138877839403777 ], [ 120.123052169117543, -4.140454749455961 ], [ 120.126124407389213, -4.140920654097455 ], [ 120.130256657696165, -4.140929613799411 ], [ 120.131945490430297, -4.140472668870321 ], [ 120.133400761190586, -4.139057033886075 ], [ 120.134424840614486, -4.137569718454502 ], [ 120.135709431470772, -4.136870858431735 ], [ 120.137092837008311, -4.13703213387633 ], [ 120.140326772031145, -4.138089383199897 ], [ 120.144485971796612, -4.138922638028154 ], [ 120.145797512111443, -4.139513979632361 ], [ 120.147243799718865, -4.140427870333661 ], [ 120.149282975413826, -4.142139172632207 ], [ 120.152391146296864, -4.144065503251726 ], [ 120.155220839441853, -4.146296457035081 ], [ 120.157807987460103, -4.148787233336851 ], [ 120.161032939330099, -4.150838982016903 ], [ 120.162101934518205, -4.151824536255798 ], [ 120.162703805758554, -4.15267569574453 ], [ 120.163090081330736, -4.153876277041543 ], [ 120.165380785305246, -4.154834948854856 ], [ 120.166539612021751, -4.153275986621386 ], [ 120.167051651733686, -4.152819048831255 ], [ 120.168704551856493, -4.153096795362675 ], [ 120.169665749210495, -4.152684655313213 ], [ 120.170869491691221, -4.151385516792266 ], [ 120.174103426714055, -4.150238689286658 ], [ 120.17528920288909, -4.149647355703198 ], [ 120.175828192059541, -4.149638396100044 ], [ 120.179223823833524, -4.148617000674144 ], [ 120.180283835868778, -4.147953988901292 ], [ 120.180804858733566, -4.147855433049715 ], [ 120.181784022393259, -4.147138662850241 ], [ 120.1831045458609, -4.147156582113152 ], [ 120.184883210123473, -4.147640402058147 ], [ 120.185242536237112, -4.147541846167453 ], [ 120.18568271072634, -4.147013227998485 ], [ 120.186347464036587, -4.145669281908868 ], [ 120.188287825050281, -4.143751914865932 ], [ 120.189105291958839, -4.142049575745039 ], [ 120.189338853932711, -4.141843502866048 ], [ 120.191288198099258, -4.14156575237901 ], [ 120.194207722772632, -4.141870381940265 ], [ 120.196210965856224, -4.142685713424195 ], [ 120.197567421935233, -4.143527923085665 ], [ 120.198088444800035, -4.143662318161438 ] ] } },
{ "type": "Feature", "properties": { "FID": 279, "OBJECTID": 1538, "NAMOBJ": "Jaringan Drainase Tersier", "STSJRN": 1, "WADMPR": "Provinsi Sulawesi Selatan", "WADMKK": "Kabupaten Wajo", "REMARK": "Tidak Ada", "SBDATA": "Analisis Tim Penyusun, 2022", "SHAPE_Leng": 0.0129397928084 }, "geometry": { "type": "LineString", "coordinates": [ [ 120.049650827252123, -4.147210339899448 ], [ 120.048267421714584, -4.147738957936547 ], [ 120.047458937958865, -4.148733475657854 ], [ 120.046210279713947, -4.148231737144132 ], [ 120.045392812805389, -4.148088383224536 ], [ 120.04458432904967, -4.148599081444356 ], [ 120.043524317014416, -4.148867869848487 ], [ 120.042401422909265, -4.149495042435742 ], [ 120.041610905459251, -4.149710072922437 ], [ 120.039814274891, -4.149315850318775 ], [ 120.039158504733621, -4.1486528391325 ], [ 120.038188324226766, -4.148330292948764 ] ] } },
{ "type": "Feature", "properties": { "FID": 280, "OBJECTID": 1539, "NAMOBJ": "Jaringan Drainase Tersier", "STSJRN": 1, "WADMPR": "Provinsi Sulawesi Selatan", "WADMKK": "Kabupaten Wajo", "REMARK": "Tidak Ada", "SBDATA": "Analisis Tim Penyusun, 2022", "SHAPE_Leng": 0.00525957939993 }, "geometry": { "type": "LineString", "coordinates": [ [ 120.037936795947218, -4.152926563629208 ], [ 120.039257319414858, -4.153204310122785 ], [ 120.040020887406342, -4.149378567564337 ] ] } },
{ "type": "Feature", "properties": { "FID": 281, "OBJECTID": 1540, "NAMOBJ": "Jaringan Drainase Tersier", "STSJRN": 1, "WADMPR": "Provinsi Sulawesi Selatan", "WADMKK": "Kabupaten Wajo", "REMARK": "Tidak Ada", "SBDATA": "Analisis Tim Penyusun, 2022", "SHAPE_Leng": 0.0053315179433700002 }, "geometry": { "type": "LineString", "coordinates": [ [ 120.037927812794379, -4.152962401891938 ], [ 120.039284268873388, -4.153249107935174 ], [ 120.04005682001771, -4.149396486776443 ] ] } },
{ "type": "Feature", "properties": { "FID": 282, "OBJECTID": 1541, "NAMOBJ": "Jaringan Drainase Tersier", "STSJRN": 1, "WADMPR": "Provinsi Sulawesi Selatan", "WADMKK": "Kabupaten Wajo", "REMARK": "Tidak Ada", "SBDATA": "Analisis Tim Penyusun, 2022", "SHAPE_Leng": 0.132750209737 }, "geometry": { "type": "LineString", "coordinates": [ [ 120.130148859862075, -4.205535373331024 ], [ 120.130472253364346, -4.204164650514636 ], [ 120.132214985015551, -4.199425335408904 ], [ 120.13270905842181, -4.196701784023698 ], [ 120.133158216063862, -4.196038812840711 ], [ 120.135053661313364, -4.194703909697294 ], [ 120.135305189592913, -4.194363464235233 ], [ 120.136814359270247, -4.190591676955562 ], [ 120.138197764807785, -4.187841217277951 ], [ 120.138188781654947, -4.184472562938485 ], [ 120.139078113786226, -4.182062532723362 ], [ 120.139132012703271, -4.181094934863598 ], [ 120.138646922449837, -4.179294124555498 ], [ 120.137524028344686, -4.176749689010649 ], [ 120.136607746754876, -4.172037085893622 ], [ 120.135691465165095, -4.169492626826945 ], [ 120.135718414623625, -4.16863252612437 ], [ 120.136005875514527, -4.167736586891836 ], [ 120.136544864684993, -4.167279657490138 ], [ 120.138107933279372, -4.163982590409841 ], [ 120.138557090921424, -4.163722766601548 ], [ 120.139554220886794, -4.162244457094556 ], [ 120.140245923655584, -4.160443603581359 ], [ 120.141162205245365, -4.159744763795596 ], [ 120.141871874319833, -4.158741300454984 ], [ 120.141970689001084, -4.157728876325232 ], [ 120.141638312345961, -4.15703003413187 ], [ 120.141126272633997, -4.156447665164147 ], [ 120.1382247142663, -4.155121654217549 ], [ 120.137371314746389, -4.153168471871043 ], [ 120.136850291881615, -4.152604019191402 ], [ 120.135916043986114, -4.152200838458759 ], [ 120.135026711854835, -4.152200838458759 ], [ 120.133796019915593, -4.152756331859017 ], [ 120.131424467565523, -4.153401420478271 ], [ 120.131047175146207, -4.153706045476254 ], [ 120.130436320752992, -4.154440728810988 ], [ 120.130247674543327, -4.154915584748648 ], [ 120.130148859862075, -4.156349110373202 ], [ 120.129529022316021, -4.156958357974442 ], [ 120.125944744332386, -4.158857773944007 ], [ 120.124130147458459, -4.159619330947914 ], [ 120.123231832174355, -4.159816439699592 ], [ 120.121956224470907, -4.159780601748409 ], [ 120.120051796068566, -4.160174819121743 ], [ 120.119342126994113, -4.159897075083792 ], [ 120.117841940469631, -4.158418758395532 ], [ 120.11706938932528, -4.157379455305998 ], [ 120.115748865857626, -4.156340150846142 ], [ 120.114841567420669, -4.1558563362337 ], [ 120.113871386913814, -4.155668186026469 ], [ 120.111481868258053, -4.156259515098019 ], [ 120.109784052371083, -4.155901133895471 ], [ 120.106235706998817, -4.154288416468545 ], [ 120.10392703671863, -4.152765291426785 ], [ 120.103298216019738, -4.152621938330294 ], [ 120.101690231661166, -4.152639857468779 ], [ 120.100468522874777, -4.152236676754445 ], [ 120.09917494886561, -4.150803143657758 ], [ 120.097369335144549, -4.149844466946885 ], [ 120.096039828524056, -4.14958463847898 ], [ 120.093668276173986, -4.149548800062905 ], [ 120.090272644400017, -4.148643879518063 ], [ 120.086859046320356, -4.1486797179752 ], [ 120.085170213586196, -4.149118738943153 ], [ 120.084164100467987, -4.150337244840848 ], [ 120.083391549323665, -4.151994768226979 ], [ 120.079924052326959, -4.155587550209627 ], [ 120.079394046309318, -4.155444197625996 ], [ 120.077938775549043, -4.154378011967662 ], [ 120.077166224404692, -4.152953442326408 ], [ 120.076348757496149, -4.152783210562014 ] ] } },
{ "type": "Feature", "properties": { "FID": 283, "OBJECTID": 1542, "NAMOBJ": "Jaringan Drainase Tersier", "STSJRN": 1, "WADMPR": "Provinsi Sulawesi Selatan", "WADMKK": "Kabupaten Wajo", "REMARK": "Tidak Ada", "SBDATA": "Analisis Tim Penyusun, 2022", "SHAPE_Leng": 0.057951118550799999 }, "geometry": { "type": "LineString", "coordinates": [ [ 120.13012191040356, -4.205526414366195 ], [ 120.130436320752992, -4.20415569153405 ], [ 120.132179052404197, -4.199416376373875 ], [ 120.13268210896328, -4.196683865891019 ], [ 120.133131266605332, -4.19601193561872 ], [ 120.135026711854835, -4.194677032429367 ], [ 120.135269256981545, -4.194345546048909 ], [ 120.136787409811717, -4.19058271781922 ], [ 120.138170815349255, -4.187832258110106 ], [ 120.138152849043578, -4.184463603732086 ], [ 120.139042181174858, -4.182053573489399 ], [ 120.139096080091903, -4.181094934863598 ], [ 120.138619972991307, -4.179303083821001 ], [ 120.137488095733318, -4.176758648305216 ], [ 120.136571814143508, -4.172046045241975 ], [ 120.135655532553727, -4.169492626826945 ], [ 120.135682482012257, -4.168623566737097 ], [ 120.135978926056012, -4.167709708699087 ], [ 120.136508932073625, -4.16726173868466 ], [ 120.138072000668004, -4.163964671529265 ], [ 120.138458276240172, -4.163776523258576 ], [ 120.139087096939065, -4.162925375757801 ], [ 120.13951828827544, -4.162226538174412 ], [ 120.140218974197055, -4.160416725139524 ], [ 120.141135255786836, -4.159717885329917 ], [ 120.141701194415845, -4.158992166409949 ], [ 120.141988655306761, -4.15807829718956 ], [ 120.141826958555626, -4.157424252881223 ], [ 120.14110830632832, -4.156474543741357 ], [ 120.139536254581117, -4.155668186026469 ], [ 120.138440309934495, -4.155282925938262 ], [ 120.138000135445282, -4.154879746574648 ] ] } },
{ "type": "Feature", "properties": { "FID": 284, "OBJECTID": 1543, "NAMOBJ": "Jaringan Drainase Tersier", "STSJRN": 1, "WADMPR": "Provinsi Sulawesi Selatan", "WADMKK": "Kabupaten Wajo", "REMARK": "Tidak Ada", "SBDATA": "Analisis Tim Penyusun, 2022", "SHAPE_Leng": 0.066654197583899996 }, "geometry": { "type": "LineString", "coordinates": [ [ 120.101339888700352, -4.198959465450991 ], [ 120.101807012648109, -4.197239327812895 ], [ 120.102768210002111, -4.19488309145984 ], [ 120.104088733469766, -4.192517888885547 ], [ 120.104870267766955, -4.189812231709744 ], [ 120.106163841776095, -4.187169279404953 ], [ 120.106109942859035, -4.185592462931095 ], [ 120.105903330343679, -4.184974278333222 ], [ 120.105400273784582, -4.184230664329744 ], [ 120.105112812893665, -4.183209313824731 ], [ 120.105364341173214, -4.179383717205917 ], [ 120.105732650439691, -4.177762088649267 ], [ 120.107089106518714, -4.174581536717763 ], [ 120.107511314702265, -4.173918546804389 ], [ 120.108418613139222, -4.172834467496659 ], [ 120.112523913987644, -4.168910267079128 ], [ 120.115928528914452, -4.169188007935753 ], [ 120.122099954916365, -4.167046712987089 ], [ 120.12307013542322, -4.166150771947726 ], [ 120.124157096917003, -4.16566696336213 ], [ 120.12455235564201, -4.16566696336213 ], [ 120.125980676943755, -4.166500189074479 ], [ 120.127337133022763, -4.165819273504504 ], [ 120.127768324359167, -4.165398180686007 ], [ 120.12864867333758, -4.164941249925851 ], [ 120.130831579477984, -4.162782024509219 ], [ 120.131729894762117, -4.161034929069647 ], [ 120.135134509688925, -4.156841884204724 ], [ 120.13508061077188, -4.155668186026469 ], [ 120.137003005479912, -4.155999688742409 ], [ 120.138018101750959, -4.154852867943078 ] ] } },
{ "type": "Feature", "properties": { "FID": 285, "OBJECTID": 1544, "NAMOBJ": "Jaringan Drainase Tersier", "STSJRN": 1, "WADMPR": "Provinsi Sulawesi Selatan", "WADMKK": "Kabupaten Wajo", "REMARK": "Tidak Ada", "SBDATA": "Analisis Tim Penyusun, 2022", "SHAPE_Leng": 0.022516996102399999 }, "geometry": { "type": "LineString", "coordinates": [ [ 120.101312939241822, -4.198941547370134 ], [ 120.10178006318958, -4.197230368752773 ], [ 120.102732277390757, -4.194865173285433 ], [ 120.10406178401125, -4.192499970656907 ], [ 120.104843318308411, -4.189803272564471 ], [ 120.106127909164726, -4.187160320229415 ], [ 120.106074010247681, -4.185601422124577 ], [ 120.10587638088515, -4.184992196734232 ], [ 120.105364341173214, -4.184248582747768 ], [ 120.105076880282297, -4.183209313824731 ], [ 120.105328408561846, -4.179374757941336 ], [ 120.105705700981176, -4.177726251516224 ] ] } },
{ "type": "Feature", "properties": { "FID": 286, "OBJECTID": 1545, "NAMOBJ": "Jaringan Drainase Tersier", "STSJRN": 1, "WADMPR": "Provinsi Sulawesi Selatan", "WADMKK": "Kabupaten Wajo", "REMARK": "Tidak Ada", "SBDATA": "Analisis Tim Penyusun, 2022", "SHAPE_Leng": 0.039607746424499997 }, "geometry": { "type": "LineString", "coordinates": [ [ 120.105696717828337, -4.177762088649267 ], [ 120.105148745505034, -4.177457472966217 ], [ 120.104654672098746, -4.176875119125278 ], [ 120.104133649233972, -4.174151489270187 ], [ 120.104322295443637, -4.173318271670159 ], [ 120.103702457897583, -4.171741427340704 ], [ 120.103136519268602, -4.171248662838554 ], [ 120.10064818593159, -4.169940595570099 ], [ 120.098600027083791, -4.167638033513929 ], [ 120.098591043930952, -4.167055672392328 ], [ 120.098896471127546, -4.166428513779082 ], [ 120.098923420586075, -4.164726223593957 ], [ 120.09824968412299, -4.163453983261325 ], [ 120.097090857406485, -4.162486362476578 ], [ 120.096444070401901, -4.162289254393131 ], [ 120.093380815283055, -4.160712387949254 ], [ 120.092419617929067, -4.159744763795596 ], [ 120.092338769553464, -4.159045923389906 ], [ 120.092042325509709, -4.158338122860042 ], [ 120.090748751500584, -4.157397374336394 ], [ 120.089724672076684, -4.157074831726952 ], [ 120.088170586635172, -4.156295353209313 ], [ 120.086939894695931, -4.154709515225906 ], [ 120.086787181097634, -4.153947953479097 ], [ 120.087586681700486, -4.151152567590017 ], [ 120.08888923886245, -4.149951982149978 ], [ 120.089113817683497, -4.148617000674144 ] ] } },
{ "type": "Feature", "properties": { "FID": 287, "OBJECTID": 1546, "NAMOBJ": "Jaringan Drainase Tersier", "STSJRN": 1, "WADMPR": "Provinsi Sulawesi Selatan", "WADMKK": "Kabupaten Wajo", "REMARK": "Tidak Ada", "SBDATA": "Analisis Tim Penyusun, 2022", "SHAPE_Leng": 0.034016801257899999 }, "geometry": { "type": "LineString", "coordinates": [ [ 120.104277379679431, -4.191836995908417 ], [ 120.105508071618672, -4.192374543044915 ], [ 120.106235706998817, -4.192347665696868 ], [ 120.10734961795113, -4.192912089811732 ], [ 120.109532524091534, -4.193700491067595 ], [ 120.109990664886425, -4.193449636208826 ], [ 120.111302205201241, -4.191066511034856 ], [ 120.112182554179682, -4.189937659732782 ], [ 120.113206633603582, -4.189686803666592 ], [ 120.11472478643374, -4.189830149999982 ], [ 120.116728029517333, -4.189400110921001 ], [ 120.121318420619176, -4.187420136278363 ], [ 120.122620977781139, -4.186694442960139 ], [ 120.125001513284062, -4.185986667347334 ], [ 120.126905941686402, -4.184759257489124 ], [ 120.128765454324537, -4.185422238235448 ], [ 120.129609870691596, -4.186004585725174 ], [ 120.131855658901884, -4.186990095874715 ], [ 120.132026338805872, -4.186362953195843 ], [ 120.132798889950223, -4.184920523127734 ] ] } },
{ "type": "Feature", "properties": { "FID": 288, "OBJECTID": 1547, "NAMOBJ": "Jaringan Drainase Tersier", "STSJRN": 1, "WADMPR": "Provinsi Sulawesi Selatan", "WADMKK": "Kabupaten Wajo", "REMARK": "Tidak Ada", "SBDATA": "Analisis Tim Penyusun, 2022", "SHAPE_Leng": 0.034085281960300001 }, "geometry": { "type": "LineString", "coordinates": [ [ 120.104268396526592, -4.191872832395684 ], [ 120.105499088465834, -4.192410379507536 ], [ 120.106226723845978, -4.192383502160724 ], [ 120.107331651645438, -4.192947926249708 ], [ 120.109541507244373, -4.193736327469415 ], [ 120.110017614344954, -4.193467554415694 ], [ 120.111329154659757, -4.191084429296352 ], [ 120.112200520485359, -4.189973496307097 ], [ 120.113206633603582, -4.189722640252403 ], [ 120.11472478643374, -4.189865986579223 ], [ 120.116737012670171, -4.189426988370363 ], [ 120.121336386924852, -4.187447013795744 ], [ 120.122629960933992, -4.186730279683005 ], [ 120.125019479589739, -4.186022504102604 ], [ 120.126914924839241, -4.184795094300574 ], [ 120.12874748801886, -4.185458075016555 ], [ 120.129591904385904, -4.186031463291164 ], [ 120.131882608360414, -4.187034891761121 ], [ 120.13206227141724, -4.186371912380507 ], [ 120.132834822561577, -4.184938441529972 ] ] } },
{ "type": "Feature", "properties": { "FID": 289, "OBJECTID": 1548, "NAMOBJ": "Jaringan Drainase Tersier", "STSJRN": 1, "WADMPR": "Provinsi Sulawesi Selatan", "WADMKK": "Kabupaten Wajo", "REMARK": "Tidak Ada", "SBDATA": "Analisis Tim Penyusun, 2022", "SHAPE_Leng": 0.19091510961700001 }, "geometry": { "type": "LineString", "coordinates": [ [ 120.229107271560679, -4.234248325193068 ], [ 120.227005213795834, -4.23437374605213 ], [ 120.226511140389576, -4.234517084151881 ], [ 120.224984004406565, -4.2344902082602 ], [ 120.223438902117877, -4.235126270779611 ], [ 120.221085316073498, -4.236362559814367 ], [ 120.219459365409222, -4.236837365947503 ], [ 120.217465105478496, -4.237034455200178 ], [ 120.210440279956686, -4.236568607794735 ], [ 120.205795989937769, -4.235914629232912 ], [ 120.199319136739277, -4.23634464259609 ], [ 120.197333859961375, -4.235986298143374 ], [ 120.194046026021496, -4.235842960315808 ], [ 120.191422945391864, -4.235197939763106 ], [ 120.190533613260584, -4.234830636152524 ], [ 120.182915899651249, -4.229724202048236 ], [ 120.178154828645418, -4.228971672070517 ], [ 120.177561940557908, -4.228604365506443 ], [ 120.175792259448187, -4.226884293426574 ], [ 120.17461546642599, -4.226328852668868 ], [ 120.172729004329327, -4.225827163900538 ], [ 120.169755580738908, -4.225630071795604 ], [ 120.165811976641606, -4.224976083997636 ], [ 120.165138240178536, -4.225200052483691 ], [ 120.163557205278465, -4.226588655653459 ], [ 120.162362445950592, -4.227224724662019 ], [ 120.160601747993738, -4.227018674195267 ], [ 120.159604618028354, -4.22661553181931 ], [ 120.157295947748167, -4.225289639860002 ], [ 120.155292704664575, -4.224707321728999 ], [ 120.152948101773021, -4.224259384407659 ], [ 120.152022837030373, -4.224277301905478 ], [ 120.150819094549661, -4.22392791062334 ], [ 120.149983661335426, -4.22277223064606 ], [ 120.149004497675733, -4.222333250978812 ], [ 120.146570063255766, -4.222476591305624 ], [ 120.145644798513118, -4.222682642979034 ], [ 120.144674618006292, -4.222646807909328 ], [ 120.143695454346599, -4.223309756431011 ], [ 120.143336128232932, -4.223363508989026 ], [ 120.141898823778348, -4.223220168826045 ], [ 120.141099323175482, -4.222951405949083 ], [ 120.140003378528846, -4.222476591305624 ], [ 120.13976083340215, -4.222171993079501 ], [ 120.139482355664072, -4.21928726277667 ], [ 120.138718787672559, -4.21893786924839 ], [ 120.138170815349255, -4.21905433377528 ], [ 120.137820472388469, -4.219385809640842 ], [ 120.137074870702634, -4.219529150511861 ], [ 120.136347235322489, -4.220156266511483 ], [ 120.135134509688925, -4.220702752898165 ], [ 120.134110430265025, -4.221741971850871 ], [ 120.133769070457078, -4.222270539577506 ], [ 120.132987536159874, -4.222019693921609 ], [ 120.132789906797385, -4.220353360006763 ], [ 120.133472626413322, -4.215488719575585 ], [ 120.134685352046873, -4.212317280136909 ], [ 120.135709431470772, -4.211027199377179 ], [ 120.13849420885154, -4.208366401056355 ], [ 120.142617476005654, -4.203770455271438 ], [ 120.144521904407966, -4.201199222317985 ], [ 120.145725646888721, -4.200294361317821 ], [ 120.146920406216594, -4.200061426633062 ], [ 120.148447542199591, -4.198968424491266 ], [ 120.148959581911527, -4.19829649618526 ], [ 120.14991179611269, -4.196209035225183 ], [ 120.151034690217841, -4.194650155160515 ], [ 120.153603871930414, -4.192428297738232 ], [ 120.156361699852681, -4.190824614464453 ], [ 120.158212229337977, -4.189274682811762 ], [ 120.159398005513012, -4.189919741445007 ], [ 120.160871242578963, -4.189247805357165 ], [ 120.16353025581995, -4.189686803666592 ], [ 120.163979413462016, -4.18953449815858 ], [ 120.164491453173952, -4.189014867378646 ], [ 120.165785027183091, -4.186766116404231 ], [ 120.166332999506409, -4.1861389735459 ], [ 120.166647409855841, -4.185305768685525 ], [ 120.16896506328888, -4.185610381317957 ], [ 120.16998914271278, -4.186210647040853 ], [ 120.171938486879327, -4.187008014229585 ], [ 120.17302544837311, -4.186954259163746 ], [ 120.173762066906065, -4.187169279404953 ], [ 120.176223450784548, -4.188351889675535 ], [ 120.176816338872086, -4.189014867378646 ], [ 120.177220580749932, -4.189113418070331 ], [ 120.179520267877265, -4.188728174386788 ], [ 120.182457758856359, -4.186327116456158 ], [ 120.184802361747899, -4.184759257489124 ], [ 120.187353577154795, -4.180960546177482 ], [ 120.189518516989523, -4.17835340110807 ], [ 120.190210219758313, -4.177296205792007 ] ] } },
{ "type": "Feature", "properties": { "FID": 290, "OBJECTID": 1549, "NAMOBJ": "Jaringan Drainase Tersier", "STSJRN": 1, "WADMPR": "Provinsi Sulawesi Selatan", "WADMKK": "Kabupaten Wajo", "REMARK": "Tidak Ada", "SBDATA": "Analisis Tim Penyusun, 2022", "SHAPE_Leng": 0.22679363376600001 }, "geometry": { "type": "LineString", "coordinates": [ [ 120.229062355796472, -4.234293118359352 ], [ 120.227014196948673, -4.234409580579556 ], [ 120.226511140389576, -4.234552918672671 ], [ 120.224992987559403, -4.234526042782234 ], [ 120.223456868423568, -4.2351531466492 ], [ 120.221094299226337, -4.236389435641006 ], [ 120.219459365409222, -4.236873200360817 ], [ 120.217465105478496, -4.237070289604358 ], [ 120.210431296803847, -4.236604442220499 ], [ 120.205795989937769, -4.235950463688972 ], [ 120.199319136739277, -4.236380477032231 ], [ 120.197333859961375, -4.236022132596116 ], [ 120.194037042868644, -4.235878794775189 ], [ 120.191404979086187, -4.235233774252364 ], [ 120.190515646954907, -4.234866470658793 ], [ 120.182897933345558, -4.22975107810535 ], [ 120.17814584549258, -4.229007506847935 ], [ 120.177534991099392, -4.2286312416024 ], [ 120.175774293142496, -4.226911169582176 ], [ 120.174606483273152, -4.22636468756847 ], [ 120.172729004329327, -4.225862998823326 ], [ 120.169755580738908, -4.2256659067275 ], [ 120.165811976641606, -4.22501191895975 ], [ 120.165165189637065, -4.225235887435457 ], [ 120.163575171584156, -4.22661553181931 ], [ 120.16237142910343, -4.227260559520211 ], [ 120.160592764840885, -4.227054509062984 ], [ 120.159586651722677, -4.226651366705662 ], [ 120.157286964595329, -4.225325474807629 ], [ 120.155283721511736, -4.224743156703532 ], [ 120.152948101773021, -4.224295219402884 ], [ 120.152013853877534, -4.224313136899878 ], [ 120.150801128243984, -4.223963745633878 ], [ 120.149956711876897, -4.222799106944152 ], [ 120.148995514522895, -4.222369086062996 ], [ 120.146570063255766, -4.22251242638319 ], [ 120.145653781665956, -4.222718478047085 ], [ 120.144674618006292, -4.222682642979034 ], [ 120.143713420652276, -4.223336632710485 ], [ 120.143336128232932, -4.223399344025634 ], [ 120.14188984062551, -4.223256003869274 ], [ 120.141090340022629, -4.222987241004724 ], [ 120.13997642907033, -4.222503467613954 ], [ 120.13973388394362, -4.222189910625525 ], [ 120.139446423052703, -4.219305180389268 ], [ 120.138709804519721, -4.218973704489294 ], [ 120.138188781654947, -4.219081210202082 ], [ 120.137829455541308, -4.219421644861077 ], [ 120.137092837008311, -4.219564985725484 ], [ 120.136365201628166, -4.220192101696163 ], [ 120.135152475994616, -4.220729629267914 ], [ 120.134137379723555, -4.221759889406821 ], [ 120.133796019915593, -4.222297415892971 ], [ 120.133095333993978, -4.222163034306335 ], [ 120.132834822561577, -4.221741971850871 ], [ 120.132753974186016, -4.220353360006763 ], [ 120.133436693801954, -4.215479760725333 ], [ 120.134658402588357, -4.212299362363228 ], [ 120.135691465165095, -4.211000322671939 ], [ 120.138467259393011, -4.208339524259245 ], [ 120.142590526547139, -4.203743578315779 ], [ 120.144494954949451, -4.2011723452737 ], [ 120.145707680583001, -4.20026748424236 ], [ 120.146911423063756, -4.200025590521542 ], [ 120.148420592741061, -4.198941547370134 ], [ 120.148932632452997, -4.198278578089182 ], [ 120.149875863501336, -4.196191117081196 ], [ 120.151007740759326, -4.194632236980768 ], [ 120.153576922471899, -4.19239246127643 ], [ 120.156343733547004, -4.190797737063122 ], [ 120.158194263032271, -4.189238846205428 ], [ 120.15940698866585, -4.189883904868228 ], [ 120.160862259426125, -4.189211968749601 ], [ 120.16353025581995, -4.18965096707914 ], [ 120.163961447156339, -4.189507620712912 ], [ 120.164455520562598, -4.188996949069733 ], [ 120.165758077724561, -4.186748198043824 ], [ 120.166297066895055, -4.186121055171135 ], [ 120.166611477244487, -4.185269931897447 ], [ 120.168758450773538, -4.185502870990631 ], [ 120.171947470032165, -4.186972177519436 ], [ 120.173034431525949, -4.186918422451133 ], [ 120.173780033211756, -4.187133442702186 ], [ 120.176250400243077, -4.188325012189235 ], [ 120.176834305177763, -4.18897903076041 ], [ 120.177220580749932, -4.189077581456609 ], [ 120.179502301571588, -4.188692337755418 ], [ 120.182430809397829, -4.186300238900318 ], [ 120.184245406271742, -4.185180339920077 ], [ 120.185305418306996, -4.184105235392092 ], [ 120.18732662769628, -4.180942627684258 ], [ 120.189491567531007, -4.178326523278705 ], [ 120.189895809408853, -4.177556025111913 ], [ 120.190991754055474, -4.176355479948416 ], [ 120.193605851532283, -4.168516054081879 ], [ 120.193830430353302, -4.166688336693818 ], [ 120.193201609654409, -4.163373348241361 ], [ 120.193569918920915, -4.162593875955841 ], [ 120.193677716755005, -4.159341586714119 ], [ 120.194360436370928, -4.15723610304817 ], [ 120.19421670592547, -4.154843908399019 ], [ 120.19432450375956, -4.151887253302084 ], [ 120.195411465253343, -4.150292446863195 ], [ 120.196291814231785, -4.148016706254984 ], [ 120.197423691489774, -4.147031147264241 ], [ 120.197657253463646, -4.145740959091335 ], [ 120.198106411105726, -4.144925630757272 ], [ 120.198052512188681, -4.143662318161438 ] ] } },
{ "type": "Feature", "properties": { "FID": 291, "OBJECTID": 1550, "NAMOBJ": "Jaringan Drainase Tersier", "STSJRN": 1, "WADMPR": "Provinsi Sulawesi Selatan", "WADMKK": "Kabupaten Wajo", "REMARK": "Tidak Ada", "SBDATA": "Analisis Tim Penyusun, 2022", "SHAPE_Leng": 0.058419880892899997 }, "geometry": { "type": "LineString", "coordinates": [ [ 120.238979756533155, -4.201405279626737 ], [ 120.232332223430674, -4.196818251876095 ], [ 120.230760171683443, -4.194632236980768 ], [ 120.228226922582238, -4.19324357680031 ], [ 120.227193860005499, -4.192123687760551 ], [ 120.225289431603173, -4.191066511034856 ], [ 120.223465851576407, -4.192177442471119 ], [ 120.222118378650237, -4.192741866708907 ], [ 120.220267849164941, -4.191227775373547 ], [ 120.218677831112061, -4.190358739377284 ], [ 120.215964918954, -4.18948074326632 ], [ 120.212183011607863, -4.187688911410638 ], [ 120.209434166838463, -4.185897075451982 ], [ 120.207296176462265, -4.183684152383067 ], [ 120.205257000767304, -4.182420901997851 ], [ 120.202993246251324, -4.181524978504319 ], [ 120.202624936984847, -4.17994815066815 ], [ 120.201969166827425, -4.179150776293532 ], [ 120.196157066939179, -4.179195572628212 ], [ 120.195097054903911, -4.17872969062246 ], [ 120.194135857549895, -4.178720731350407 ], [ 120.193435171628309, -4.17853258661363 ], [ 120.192285328064628, -4.177762088649267 ], [ 120.190183270299784, -4.177278287215048 ] ] } },
{ "type": "Feature", "properties": { "FID": 292, "OBJECTID": 1551, "NAMOBJ": "Jaringan Drainase Tersier", "STSJRN": 1, "WADMPR": "Provinsi Sulawesi Selatan", "WADMKK": "Kabupaten Wajo", "REMARK": "Tidak Ada", "SBDATA": "Analisis Tim Penyusun, 2022", "SHAPE_Leng": 0.0343875978502 }, "geometry": { "type": "LineString", "coordinates": [ [ 120.229322867228859, -4.234131862948596 ], [ 120.229843890093662, -4.23190115965309 ], [ 120.231245261936891, -4.222825983241312 ], [ 120.232853246295448, -4.218203246445535 ], [ 120.233068841963629, -4.216823587109143 ], [ 120.233535965911386, -4.215399131068422 ], [ 120.234065971929013, -4.212836895394114 ], [ 120.234470213806873, -4.211958924584891 ], [ 120.234595977946654, -4.211027199377179 ], [ 120.238952807074639, -4.201387361602051 ] ] } },
{ "type": "Feature", "properties": { "FID": 293, "OBJECTID": 1552, "NAMOBJ": "Jaringan Drainase Tersier", "STSJRN": 1, "WADMPR": "Provinsi Sulawesi Selatan", "WADMKK": "Kabupaten Wajo", "REMARK": "Tidak Ada", "SBDATA": "Analisis Tim Penyusun, 2022", "SHAPE_Leng": 0.036567762905099999 }, "geometry": { "type": "LineString", "coordinates": [ [ 120.199417951420529, -4.219717285364927 ], [ 120.200262367787616, -4.21666232806577 ], [ 120.20078339065239, -4.215497678425733 ], [ 120.201573908102418, -4.214494286567353 ], [ 120.203343589212125, -4.211591609972766 ], [ 120.205346832295717, -4.2098177467225 ], [ 120.20904789126628, -4.205356194014885 ], [ 120.21133859524079, -4.204048183758986 ], [ 120.212380640970366, -4.203259792955458 ], [ 120.213359804630059, -4.202991023181112 ], [ 120.213853878036346, -4.202668499329597 ], [ 120.214536597652256, -4.201808435073365 ], [ 120.216117632552326, -4.200419787657731 ], [ 120.218004094648961, -4.19824274189579 ], [ 120.221103282379175, -4.195958181171958 ], [ 120.221255995977472, -4.195707327038158 ], [ 120.221399726422931, -4.194506809711025 ], [ 120.222136344955914, -4.192732907597205 ] ] } },
{ "type": "Feature", "properties": { "FID": 294, "OBJECTID": 1553, "NAMOBJ": "Jaringan Drainase Tersier", "STSJRN": 1, "WADMPR": "Provinsi Sulawesi Selatan", "WADMKK": "Kabupaten Wajo", "REMARK": "Tidak Ada", "SBDATA": "Analisis Tim Penyusun, 2022", "SHAPE_Leng": 0.036564033530700001 }, "geometry": { "type": "LineString", "coordinates": [ [ 120.19938201880916, -4.219708326563431 ], [ 120.200226435176248, -4.216644410392219 ], [ 120.200747458041022, -4.215479760725333 ], [ 120.201546958643902, -4.214476368843829 ], [ 120.203316639753595, -4.211573692182373 ], [ 120.205319882837188, -4.209790869975495 ], [ 120.209020941807751, -4.205329317113911 ], [ 120.21131164578226, -4.20401234783067 ], [ 120.212362674664689, -4.203232915982193 ], [ 120.213350821477221, -4.202964146198582 ], [ 120.213826928577816, -4.202641622335948 ], [ 120.214509648193726, -4.201781558050073 ], [ 120.216090683093796, -4.20039291058659 ], [ 120.21798612834327, -4.198215864749668 ], [ 120.221076332920646, -4.195931303947191 ], [ 120.221220063366104, -4.195698367960461 ], [ 120.221363793811562, -4.194488891527989 ], [ 120.222100412344545, -4.1927239484854 ] ] } },
{ "type": "Feature", "properties": { "FID": 295, "OBJECTID": 1554, "NAMOBJ": "Jaringan Drainase Tersier", "STSJRN": 1, "WADMPR": "Provinsi Sulawesi Selatan", "WADMKK": "Kabupaten Wajo", "REMARK": "Tidak Ada", "SBDATA": "Analisis Tim Penyusun, 2022", "SHAPE_Leng": 0.065934071593099997 }, "geometry": { "type": "LineString", "coordinates": [ [ 120.154421338838972, -4.020529030056064 ], [ 120.156514413450978, -4.014354846519236 ], [ 120.156496447145301, -4.011451440728121 ], [ 120.157861886377148, -4.009847394214635 ], [ 120.159110544622081, -4.004703670760893 ], [ 120.160628697452253, -4.002794928918422 ], [ 120.161778541015934, -4.001002679006378 ], [ 120.162218715505134, -3.999631605176264 ], [ 120.16280262043982, -3.996548920999087 ], [ 120.164159076518843, -3.99492692263642 ], [ 120.164293823811462, -3.993959098881307 ], [ 120.164168059671681, -3.992704510833269 ], [ 120.163781784099498, -3.991351345860668 ], [ 120.164221958588726, -3.989111001600333 ], [ 120.165731128266046, -3.987462104321867 ], [ 120.168785400232053, -3.98474679344345 ], [ 120.168929130677512, -3.984477950294428 ], [ 120.169378288319564, -3.98083959770572 ], [ 120.169387271472402, -3.977138498403531 ], [ 120.169638799751979, -3.975426846372901 ], [ 120.169620833446288, -3.974799538456053 ], [ 120.168893198066144, -3.971412067460404 ], [ 120.169009979053087, -3.969673518745191 ], [ 120.168641669786595, -3.967845350168099 ], [ 120.168560821411035, -3.966420451265389 ], [ 120.16869556870364, -3.965398824124602 ], [ 120.169000995900234, -3.964269655815658 ], [ 120.170968306372473, -3.962898520795863 ], [ 120.172522391813985, -3.961159954169091 ] ] } },
{ "type": "Feature", "properties": { "FID": 296, "OBJECTID": 1555, "NAMOBJ": "Jaringan Drainase Tersier", "STSJRN": 1, "WADMPR": "Provinsi Sulawesi Selatan", "WADMKK": "Kabupaten Wajo", "REMARK": "Tidak Ada", "SBDATA": "Analisis Tim Penyusun, 2022", "SHAPE_Leng": 0.065967561889300003 }, "geometry": { "type": "LineString", "coordinates": [ [ 120.154376423074766, -4.020537991101251 ], [ 120.15647848083961, -4.014345885406133 ], [ 120.156460514533933, -4.011433518438102 ], [ 120.157825953765794, -4.009829471889438 ], [ 120.159083595163551, -4.004694709541986 ], [ 120.160601747993738, -4.002777006438717 ], [ 120.161751591557405, -4.000984756487453 ], [ 120.162182782893765, -3.999622643901854 ], [ 120.162766687828466, -3.996539959690978 ], [ 120.164132127060313, -3.99491796131059 ], [ 120.164257891200094, -3.993959098881307 ], [ 120.164132127060313, -3.992713472183269 ], [ 120.16374585148813, -3.991360307225438 ], [ 120.164186025977358, -3.989102040211024 ], [ 120.165704178807516, -3.987435220099702 ], [ 120.168758450773538, -3.984719909132501 ], [ 120.168893198066144, -3.984460027414701 ], [ 120.169342355708196, -3.980830636226286 ], [ 120.169351338861034, -3.977138498403531 ], [ 120.169602867140611, -3.975417884834592 ], [ 120.169584900834934, -3.974808500001083 ], [ 120.16885726545479, -3.971412067460404 ], [ 120.168974046441718, -3.969673518745191 ], [ 120.168605737175241, -3.967845350168099 ], [ 120.168524888799666, -3.966420451265389 ], [ 120.168659636092286, -3.965389862477428 ], [ 120.168974046441718, -3.964242770837124 ], [ 120.170941356913943, -3.962871635772749 ], [ 120.172495442355469, -3.961142030782776 ] ] } },
{ "type": "Feature", "properties": { "FID": 297, "OBJECTID": 1556, "NAMOBJ": "Jaringan Drainase Tersier", "STSJRN": 1, "WADMPR": "Provinsi Sulawesi Selatan", "WADMKK": "Kabupaten Wajo", "REMARK": "Tidak Ada", "SBDATA": "Analisis Tim Penyusun, 2022", "SHAPE_Leng": 0.0305606233336 }, "geometry": { "type": "LineString", "coordinates": [ [ 120.194926374999937, -3.993806756149206 ], [ 120.191818204116871, -3.993018158025064 ], [ 120.190398865967964, -3.992355018106956 ], [ 120.189662247434981, -3.992211636432607 ], [ 120.188763932150863, -3.992283327272912 ], [ 120.185215586778583, -3.990876393387913 ], [ 120.184416086175744, -3.990858470647712 ], [ 120.183463871974567, -3.991145234443964 ], [ 120.182439792550667, -3.991673954930776 ], [ 120.181083336471659, -3.991969679800358 ], [ 120.180086206506274, -3.991960718442238 ], [ 120.179071110235228, -3.991190041278084 ], [ 120.178442289536321, -3.990912238867137 ], [ 120.174965809386791, -3.990284942754819 ], [ 120.17461546642599, -3.990016101417165 ], [ 120.173717151141858, -3.988806314308951 ], [ 120.173187145124245, -3.987739907899435 ], [ 120.17020473838096, -3.986628693025839 ], [ 120.16745589361156, -3.986350889072743 ], [ 120.167177415873468, -3.986126853558325 ] ] } },
{ "type": "Feature", "properties": { "FID": 298, "OBJECTID": 1557, "NAMOBJ": "Jaringan Drainase Tersier", "STSJRN": 1, "WADMPR": "Provinsi Sulawesi Selatan", "WADMKK": "Kabupaten Wajo", "REMARK": "Tidak Ada", "SBDATA": "Analisis Tim Penyusun, 2022", "SHAPE_Leng": 0.030577175220499998 }, "geometry": { "type": "LineString", "coordinates": [ [ 120.194917391847085, -3.99384260150048 ], [ 120.191809220964032, -3.993045042064499 ], [ 120.190389882815126, -3.992381902168108 ], [ 120.189662247434981, -3.992247481853542 ], [ 120.188763932150863, -3.992319172690717 ], [ 120.185206603625744, -3.990912238867137 ], [ 120.184416086175744, -3.99089431612772 ], [ 120.183481838280258, -3.991181079911455 ], [ 120.182448775703506, -3.991709800375186 ], [ 120.181092319624497, -3.992005525231857 ], [ 120.180068240200598, -3.991996563874129 ], [ 120.179053143929536, -3.991216925377381 ], [ 120.178424323230644, -3.990948084344798 ], [ 120.1749478430811, -3.990311826883746 ], [ 120.174588516967461, -3.99004298555489 ], [ 120.173690201683343, -3.988824237093924 ], [ 120.173160195665716, -3.987775753515507 ], [ 120.170195755228121, -3.986664538690371 ], [ 120.167437927305883, -3.986386734749386 ], [ 120.167150466414938, -3.986153737823278 ] ] } },
{ "type": "Feature", "properties": { "FID": 299, "OBJECTID": 1558, "NAMOBJ": "Jaringan Drainase Tersier", "STSJRN": 1, "WADMPR": "Provinsi Sulawesi Selatan", "WADMKK": "Kabupaten Wajo", "REMARK": "Tidak Ada", "SBDATA": "Analisis Tim Penyusun, 2022", "SHAPE_Leng": 0.0253320166426 }, "geometry": { "type": "LineString", "coordinates": [ [ 120.170195755228121, -4.039544145913768 ], [ 120.168596754022388, -4.038262745395243 ], [ 120.165093324414329, -4.036380964743 ], [ 120.164195009130211, -4.03568201653272 ], [ 120.165272987471155, -4.034167626680221 ], [ 120.166907921288242, -4.031156760364123 ], [ 120.167788270266684, -4.03061910449124 ], [ 120.168578787716712, -4.029274963253777 ], [ 120.169980159559927, -4.02769783470312 ], [ 120.170680845481556, -4.024946813381524 ], [ 120.171130003123608, -4.024014869197239 ], [ 120.171031188442356, -4.022258509951517 ], [ 120.172198998311714, -4.020063055570666 ] ] } },
{ "type": "Feature", "properties": { "FID": 300, "OBJECTID": 1559, "NAMOBJ": "Jaringan Drainase Tersier", "STSJRN": 1, "WADMPR": "Provinsi Sulawesi Selatan", "WADMKK": "Kabupaten Wajo", "REMARK": "Tidak Ada", "SBDATA": "Analisis Tim Penyusun, 2022", "SHAPE_Leng": 0.025371326243200001 }, "geometry": { "type": "LineString", "coordinates": [ [ 120.17017778892243, -4.039571028420458 ], [ 120.168569804563873, -4.038289627944383 ], [ 120.165075358108652, -4.036407847354458 ], [ 120.164150093366004, -4.03568201653272 ], [ 120.165237054859787, -4.034149704889916 ], [ 120.166449780493352, -4.03173025956996 ], [ 120.166880971829713, -4.031138838507422 ], [ 120.167761320808154, -4.030592221688263 ], [ 120.168551838258196, -4.029248080406368 ], [ 120.169953210101411, -4.027679912770203 ], [ 120.170644912870173, -4.024937852384831 ], [ 120.171085087359401, -4.02400590819029 ], [ 120.170995255830988, -4.022258509951517 ], [ 120.172163065700346, -4.020063055570666 ] ] } },
{ "type": "Feature", "properties": { "FID": 301, "OBJECTID": 1560, "NAMOBJ": "Jaringan Drainase Tersier", "STSJRN": 1, "WADMPR": "Provinsi Sulawesi Selatan", "WADMKK": "Kabupaten Wajo", "REMARK": "Tidak Ada", "SBDATA": "Analisis Tim Penyusun, 2022", "SHAPE_Leng": 0.0088063868907400002 }, "geometry": { "type": "LineString", "coordinates": [ [ 119.928036904088032, -3.999156657497485 ], [ 119.92622230721409, -4.002579859136079 ], [ 119.931064226595495, -4.003511827784888 ] ] } },
{ "type": "Feature", "properties": { "FID": 302, "OBJECTID": 1561, "NAMOBJ": "Unit Distribusi", "STSJRN": 1, "WADMPR": "Provinsi Sulawesi Selatan", "WADMKK": "Kabupaten Wajo", "REMARK": "Tidak Ada", "SBDATA": "Analisis Tim Penyusun, 2022", "SHAPE_Leng": 0.00960470898602 }, "geometry": { "type": "LineString", "coordinates": [ [ 120.0344064168806, -4.114981892596525 ], [ 120.034720827230061, -4.113342211868964 ], [ 120.035250833247673, -4.112428289998718 ], [ 120.035268799553364, -4.111792128078148 ], [ 120.035870670793727, -4.110914044593107 ], [ 120.035834738182373, -4.110331641748092 ], [ 120.035035237579493, -4.108163307415931 ], [ 120.035439479457338, -4.105941206613568 ] ] } },
{ "type": "Feature", "properties": { "FID": 303, "OBJECTID": 1562, "NAMOBJ": "Unit Distribusi", "STSJRN": 1, "WADMPR": "Provinsi Sulawesi Selatan", "WADMKK": "Kabupaten Wajo", "REMARK": "Tidak Ada", "SBDATA": "Analisis Tim Penyusun, 2022", "SHAPE_Leng": 1.8061699161099999e-05 }, "geometry": { "type": "LineString", "coordinates": [ [ 120.398403770005842, -3.666421418614089 ], [ 120.398421736311519, -3.666412453847324 ] ] } },
{ "type": "Feature", "properties": { "FID": 304, "OBJECTID": 1563, "NAMOBJ": "Jaringan Drainase Sekunder", "STSJRN": 1, "WADMPR": "Provinsi Sulawesi Selatan", "WADMKK": "Kabupaten Wajo", "REMARK": "Tidak Ada", "SBDATA": "Analisis Tim Penyusun, 2022", "SHAPE_Leng": 0.0053783091532300003 }, "geometry": { "type": "LineString", "coordinates": [ [ 120.398421736311519, -3.666412453847324 ], [ 120.397173078066601, -3.662557595811925 ], [ 120.396894600328523, -3.661266662897798 ] ] } },
{ "type": "Feature", "properties": { "FID": 305, "OBJECTID": 1564, "NAMOBJ": "Jalur Evakuasi Bencana", "STSJRN": 1, "WADMPR": "Provinsi Sulawesi Selatan", "WADMKK": "Kabupaten Wajo", "REMARK": "ruas Jalan Tarumpakkae - Bts. Kab. Luwu/Bts. Kab. Wajo", "SBDATA": "Analisis Tim Penyusun, 2022", "SHAPE_Leng": 0.0053820207508200003 }, "geometry": { "type": "LineString", "coordinates": [ [ 120.398403770005842, -3.666421418614089 ], [ 120.39715511176091, -3.66256656061732 ], [ 120.396876634022846, -3.661266662897798 ] ] } },
{ "type": "Feature", "properties": { "FID": 306, "OBJECTID": 1565, "NAMOBJ": "Unit Distribusi", "STSJRN": 1, "WADMPR": "Provinsi Sulawesi Selatan", "WADMKK": "Kabupaten Wajo", "REMARK": "Tidak Ada", "SBDATA": "Analisis Tim Penyusun, 2022", "SHAPE_Leng": 9.0308496587999993e-06 }, "geometry": { "type": "LineString", "coordinates": [ [ 120.398394786853004, -3.666421418614089 ], [ 120.398403770005842, -3.666421418614089 ] ] } },
{ "type": "Feature", "properties": { "FID": 307, "OBJECTID": 1566, "NAMOBJ": "Unit Distribusi", "STSJRN": 1, "WADMPR": "Provinsi Sulawesi Selatan", "WADMKK": "Kabupaten Wajo", "REMARK": "Tidak Ada", "SBDATA": "Analisis Tim Penyusun, 2022", "SHAPE_Leng": 9.0551538023900003e-06 }, "geometry": { "type": "LineString", "coordinates": [ [ 120.398394786853004, -3.666439348147352 ], [ 120.398403770005842, -3.666439348147352 ] ] } },
{ "type": "Feature", "properties": { "FID": 308, "OBJECTID": 1567, "NAMOBJ": "Jaringan Drainase Sekunder", "STSJRN": 1, "WADMPR": "Provinsi Sulawesi Selatan", "WADMKK": "Kabupaten Wajo", "REMARK": "Tidak Ada", "SBDATA": "Analisis Tim Penyusun, 2022", "SHAPE_Leng": 0.0054033866881599999 }, "geometry": { "type": "LineString", "coordinates": [ [ 120.398394786853004, -3.666439348147352 ], [ 120.397137145455233, -3.66256656061732 ], [ 120.396858667717169, -3.661266662897798 ] ] } },
{ "type": "Feature", "properties": { "FID": 309, "OBJECTID": 1568, "NAMOBJ": "Unit Distribusi", "STSJRN": 1, "WADMPR": "Provinsi Sulawesi Selatan", "WADMKK": "Kabupaten Wajo", "REMARK": "Tidak Ada", "SBDATA": "Analisis Tim Penyusun, 2022", "SHAPE_Leng": 1.0227472396e-05 }, "geometry": { "type": "LineString", "coordinates": [ [ 120.4219665799083, -3.69869399468161 ], [ 120.4219665799083, -3.698702959123296 ] ] } },
{ "type": "Feature", "properties": { "FID": 310, "OBJECTID": 1569, "NAMOBJ": "Jaringan Drainase Tersier", "STSJRN": 1, "WADMPR": "Provinsi Sulawesi Selatan", "WADMKK": "Kabupaten Wajo", "REMARK": "Tidak Ada", "SBDATA": "Analisis Tim Penyusun, 2022", "SHAPE_Leng": 0.00172796953156 }, "geometry": { "type": "LineString", "coordinates": [ [ 120.417537885557593, -3.702100475991945 ], [ 120.418265520937737, -3.70053170333141 ] ] } },
{ "type": "Feature", "properties": { "FID": 311, "OBJECTID": 1570, "NAMOBJ": "Unit Distribusi", "STSJRN": 1, "WADMPR": "Provinsi Sulawesi Selatan", "WADMKK": "Kabupaten Wajo", "REMARK": "Tidak Ada", "SBDATA": "Analisis Tim Penyusun, 2022", "SHAPE_Leng": 9.1359304851599999e-06 }, "geometry": { "type": "LineString", "coordinates": [ [ 120.421876748379887, -3.697923052357301 ], [ 120.421876748379887, -3.697932016806784 ] ] } },
{ "type": "Feature", "properties": { "FID": 312, "OBJECTID": 1571, "NAMOBJ": "Jaringan Drainase Tersier", "STSJRN": 1, "WADMPR": "Provinsi Sulawesi Selatan", "WADMKK": "Kabupaten Wajo", "REMARK": "Tidak Ada", "SBDATA": "Analisis Tim Penyusun, 2022", "SHAPE_Leng": 0.0062457833170100003 }, "geometry": { "type": "LineString", "coordinates": [ [ 120.4219665799083, -3.69869399468161 ], [ 120.423134389777658, -3.697896159008303 ], [ 120.423143372930497, -3.697501723129287 ], [ 120.42425728388281, -3.696605277297136 ], [ 120.423844058852112, -3.696390130162574 ], [ 120.421876748379887, -3.697932016806784 ] ] } },
{ "type": "Feature", "properties": { "FID": 313, "OBJECTID": 1572, "NAMOBJ": "Unit Distribusi", "STSJRN": 1, "WADMPR": "Provinsi Sulawesi Selatan", "WADMKK": "Kabupaten Wajo", "REMARK": "Tidak Ada", "SBDATA": "Analisis Tim Penyusun, 2022", "SHAPE_Leng": 9.2014748343399998e-06 }, "geometry": { "type": "LineString", "coordinates": [ [ 120.419990286283223, -3.699447007467286 ], [ 120.419990286283223, -3.699438043033125 ] ] } },
{ "type": "Feature", "properties": { "FID": 314, "OBJECTID": 1573, "NAMOBJ": "Jaringan Drainase Tersier", "STSJRN": 1, "WADMPR": "Provinsi Sulawesi Selatan", "WADMKK": "Kabupaten Wajo", "REMARK": "Tidak Ada", "SBDATA": "Analisis Tim Penyusun, 2022", "SHAPE_Leng": 0.0021309020128300001 }, "geometry": { "type": "LineString", "coordinates": [ [ 120.419990286283223, -3.699438043033125 ], [ 120.421490472807704, -3.699016714525244 ], [ 120.4219665799083, -3.69869399468161 ] ] } },
{ "type": "Feature", "properties": { "FID": 315, "OBJECTID": 1574, "NAMOBJ": "Unit Distribusi", "STSJRN": 1, "WADMPR": "Provinsi Sulawesi Selatan", "WADMKK": "Kabupaten Wajo", "REMARK": "Tidak Ada", "SBDATA": "Analisis Tim Penyusun, 2022", "SHAPE_Leng": 9.08770786329e-06 }, "geometry": { "type": "LineString", "coordinates": [ [ 120.419891471601986, -3.697878230108518 ], [ 120.419891471601986, -3.697869265658491 ] ] } },
{ "type": "Feature", "properties": { "FID": 316, "OBJECTID": 1575, "NAMOBJ": "Jaringan Drainase Tersier", "STSJRN": 1, "WADMPR": "Provinsi Sulawesi Selatan", "WADMKK": "Kabupaten Wajo", "REMARK": "Tidak Ada", "SBDATA": "Analisis Tim Penyusun, 2022", "SHAPE_Leng": 0.0019898034916800002 }, "geometry": { "type": "LineString", "coordinates": [ [ 120.421876748379887, -3.697932016806784 ], [ 120.419891471601986, -3.697878230108518 ] ] } },
{ "type": "Feature", "properties": { "FID": 317, "OBJECTID": 1576, "NAMOBJ": "Unit Distribusi", "STSJRN": 1, "WADMPR": "Provinsi Sulawesi Selatan", "WADMKK": "Kabupaten Wajo", "REMARK": "Tidak Ada", "SBDATA": "Analisis Tim Penyusun, 2022", "SHAPE_Leng": 0.0056661804826700002 }, "geometry": { "type": "LineString", "coordinates": [ [ 120.419891471601986, -3.697869265658491 ], [ 120.418454167147388, -3.697860301208372 ], [ 120.416657536579152, -3.701688113161814 ] ] } },
{ "type": "Feature", "properties": { "FID": 318, "OBJECTID": 1577, "NAMOBJ": "Unit Distribusi", "STSJRN": 1, "WADMPR": "Provinsi Sulawesi Selatan", "WADMKK": "Kabupaten Wajo", "REMARK": "Tidak Ada", "SBDATA": "Analisis Tim Penyusun, 2022", "SHAPE_Leng": 2.71356468558e-05 }, "geometry": { "type": "LineString", "coordinates": [ [ 120.419891471601986, -3.697869265658491 ], [ 120.419891471601986, -3.697842372307862 ] ] } },
{ "type": "Feature", "properties": { "FID": 319, "OBJECTID": 1578, "NAMOBJ": "Jaringan Drainase Tersier", "STSJRN": 1, "WADMPR": "Provinsi Sulawesi Selatan", "WADMKK": "Kabupaten Wajo", "REMARK": "Tidak Ada", "SBDATA": "Analisis Tim Penyusun, 2022", "SHAPE_Leng": 0.0025506694872599999 }, "geometry": { "type": "LineString", "coordinates": [ [ 120.419891471601986, -3.697878230108518 ], [ 120.418463150300241, -3.697869265658491 ], [ 120.417987043199631, -3.698882247938009 ] ] } },
{ "type": "Feature", "properties": { "FID": 320, "OBJECTID": 1579, "NAMOBJ": "Unit Distribusi", "STSJRN": 1, "WADMPR": "Provinsi Sulawesi Selatan", "WADMKK": "Kabupaten Wajo", "REMARK": "Tidak Ada", "SBDATA": "Analisis Tim Penyusun, 2022", "SHAPE_Leng": 9.0843922192199995e-06 }, "geometry": { "type": "LineString", "coordinates": [ [ 120.419020105776383, -3.699706976018521 ], [ 120.419029088929221, -3.699706976018521 ] ] } },
{ "type": "Feature", "properties": { "FID": 321, "OBJECTID": 1580, "NAMOBJ": "Jaringan Drainase Tersier", "STSJRN": 1, "WADMPR": "Provinsi Sulawesi Selatan", "WADMKK": "Kabupaten Wajo", "REMARK": "Tidak Ada", "SBDATA": "Analisis Tim Penyusun, 2022", "SHAPE_Leng": 0.00101275679797 }, "geometry": { "type": "LineString", "coordinates": [ [ 120.419020105776383, -3.699706976018521 ], [ 120.419990286283223, -3.699438043033125 ] ] } },
{ "type": "Feature", "properties": { "FID": 322, "OBJECTID": 1581, "NAMOBJ": "Unit Distribusi", "STSJRN": 1, "WADMPR": "Provinsi Sulawesi Selatan", "WADMKK": "Kabupaten Wajo", "REMARK": "Tidak Ada", "SBDATA": "Analisis Tim Penyusun, 2022", "SHAPE_Leng": 9.0293505161000007e-06 }, "geometry": { "type": "LineString", "coordinates": [ [ 120.418265520937737, -3.70053170333141 ], [ 120.418274504090576, -3.700540667754506 ] ] } },
{ "type": "Feature", "properties": { "FID": 323, "OBJECTID": 1582, "NAMOBJ": "Jaringan Drainase Tersier", "STSJRN": 1, "WADMPR": "Provinsi Sulawesi Selatan", "WADMKK": "Kabupaten Wajo", "REMARK": "Tidak Ada", "SBDATA": "Analisis Tim Penyusun, 2022", "SHAPE_Leng": 0.0011211267796100001 }, "geometry": { "type": "LineString", "coordinates": [ [ 120.418265520937737, -3.70053170333141 ], [ 120.419020105776383, -3.699706976018521 ] ] } },
{ "type": "Feature", "properties": { "FID": 324, "OBJECTID": 1583, "NAMOBJ": "Unit Distribusi", "STSJRN": 1, "WADMPR": "Provinsi Sulawesi Selatan", "WADMKK": "Kabupaten Wajo", "REMARK": "Tidak Ada", "SBDATA": "Analisis Tim Penyusun, 2022", "SHAPE_Leng": 2.70268777532e-05 }, "geometry": { "type": "LineString", "coordinates": [ [ 120.417430087723503, -3.699984873351013 ], [ 120.417457037182018, -3.700002802208181 ] ] } },
{ "type": "Feature", "properties": { "FID": 325, "OBJECTID": 1584, "NAMOBJ": "Jaringan Drainase Tersier", "STSJRN": 1, "WADMPR": "Provinsi Sulawesi Selatan", "WADMKK": "Kabupaten Wajo", "REMARK": "Tidak Ada", "SBDATA": "Analisis Tim Penyusun, 2022", "SHAPE_Leng": 0.0038312271105000002 }, "geometry": { "type": "LineString", "coordinates": [ [ 120.417430087723503, -3.699984873351013 ], [ 120.418436200841711, -3.697842372307862 ], [ 120.419891471601986, -3.697842372307862 ] ] } },
{ "type": "Feature", "properties": { "FID": 326, "OBJECTID": 1585, "NAMOBJ": "Jaringan Drainase Tersier", "STSJRN": 1, "WADMPR": "Provinsi Sulawesi Selatan", "WADMKK": "Kabupaten Wajo", "REMARK": "Tidak Ada", "SBDATA": "Analisis Tim Penyusun, 2022", "SHAPE_Leng": 0.0014350900724399999 }, "geometry": { "type": "LineString", "coordinates": [ [ 120.417987043199631, -3.698882247938009 ], [ 120.417376188806443, -3.700182090759905 ] ] } },
{ "type": "Feature", "properties": { "FID": 327, "OBJECTID": 1586, "NAMOBJ": "Unit Distribusi", "STSJRN": 1, "WADMPR": "Provinsi Sulawesi Selatan", "WADMKK": "Kabupaten Wajo", "REMARK": "Tidak Ada", "SBDATA": "Analisis Tim Penyusun, 2022", "SHAPE_Leng": 9.1206681643500007e-06 }, "geometry": { "type": "LineString", "coordinates": [ [ 120.420385545008259, -3.702315621740131 ], [ 120.420394528161097, -3.702306657335001 ] ] } },
{ "type": "Feature", "properties": { "FID": 328, "OBJECTID": 1587, "NAMOBJ": "Jaringan Drainase Tersier", "STSJRN": 1, "WADMPR": "Provinsi Sulawesi Selatan", "WADMKK": "Kabupaten Wajo", "REMARK": "Tidak Ada", "SBDATA": "Analisis Tim Penyusun, 2022", "SHAPE_Leng": 0.00102341203138 }, "geometry": { "type": "LineString", "coordinates": [ [ 120.419981303130385, -3.703229990586689 ], [ 120.420394528161097, -3.702306657335001 ] ] } },
{ "type": "Feature", "properties": { "FID": 329, "OBJECTID": 1588, "NAMOBJ": "Unit Distribusi", "STSJRN": 1, "WADMPR": "Provinsi Sulawesi Selatan", "WADMKK": "Kabupaten Wajo", "REMARK": "Tidak Ada", "SBDATA": "Analisis Tim Penyusun, 2022", "SHAPE_Leng": 2.6106041306300001e-05 }, "geometry": { "type": "LineString", "coordinates": [ [ 120.419981303130385, -3.703265848169271 ], [ 120.419990286283223, -3.70323895498247 ] ] } },
{ "type": "Feature", "properties": { "FID": 330, "OBJECTID": 1589, "NAMOBJ": "Jaringan Drainase Sekunder", "STSJRN": 1, "WADMPR": "Provinsi Sulawesi Selatan", "WADMKK": "Kabupaten Wajo", "REMARK": "Tidak Ada", "SBDATA": "Analisis Tim Penyusun, 2022", "SHAPE_Leng": 0.042256073072600001 }, "geometry": { "type": "LineString", "coordinates": [ [ 120.414375815757481, -3.699016714525244 ], [ 120.41405242225521, -3.69841609694432 ], [ 120.414097338019417, -3.696766637613806 ], [ 120.413666146683042, -3.696309449973656 ], [ 120.41130357748581, -3.697071429242959 ], [ 120.410647807328388, -3.697008678033755 ], [ 120.409345250166425, -3.696694921921132 ], [ 120.408123541380021, -3.695619185835151 ], [ 120.406659287466894, -3.695215784466562 ], [ 120.403164841011673, -3.690276343952545 ], [ 120.403344504068514, -3.688062103080435 ], [ 120.402293475186084, -3.686484341036766 ], [ 120.402293475186084, -3.684458347034788 ], [ 120.402140761587773, -3.683768073688315 ], [ 120.400658541368983, -3.68147313507745 ], [ 120.400505827770687, -3.680809753283155 ], [ 120.400640575063292, -3.679733997971877 ], [ 120.40159278926447, -3.678210009057421 ], [ 120.40156583980594, -3.677313543772749 ], [ 120.400640575063292, -3.675574398549879 ], [ 120.399023607551896, -3.668420559357685 ], [ 120.398421736311519, -3.666412453847324 ] ] } },
{ "type": "Feature", "properties": { "FID": 331, "OBJECTID": 1590, "NAMOBJ": "Jalur Evakuasi Bencana", "STSJRN": 1, "WADMPR": "Provinsi Sulawesi Selatan", "WADMKK": "Kabupaten Wajo", "REMARK": "ruas Jalan Tarumpakkae - Bts. Kab. Luwu/Bts. Kab. Wajo", "SBDATA": "Analisis Tim Penyusun, 2022", "SHAPE_Leng": 0.042264074124200003 }, "geometry": { "type": "LineString", "coordinates": [ [ 120.414357849451804, -3.699034643402001 ], [ 120.414034455949519, -3.69841609694432 ], [ 120.414088354866564, -3.696775602074982 ], [ 120.413666146683042, -3.696327378905161 ], [ 120.41130357748581, -3.697089358159058 ], [ 120.41063882417555, -3.697026606951123 ], [ 120.409336267013586, -3.696712850844844 ], [ 120.408114558227183, -3.695637114780608 ], [ 120.406650304314056, -3.695233713420172 ], [ 120.403146874705982, -3.690285308479273 ], [ 120.403326537762808, -3.688071067629501 ], [ 120.402284492033246, -3.68649330560174 ], [ 120.402275508880408, -3.684458347034788 ], [ 120.402122795282082, -3.683768073688315 ], [ 120.400640575063292, -3.681482099692907 ], [ 120.400487861464995, -3.680809753283155 ], [ 120.400631591910454, -3.679725033338825 ], [ 120.401574822958779, -3.678201044409037 ], [ 120.401547873500263, -3.677322508430058 ], [ 120.400631591910454, -3.675574398549879 ], [ 120.399005641246205, -3.668420559357685 ], [ 120.398403770005842, -3.666421418614089 ] ] } },
{ "type": "Feature", "properties": { "FID": 332, "OBJECTID": 1591, "NAMOBJ": "Unit Distribusi", "STSJRN": 1, "WADMPR": "Provinsi Sulawesi Selatan", "WADMKK": "Kabupaten Wajo", "REMARK": "Tidak Ada", "SBDATA": "Analisis Tim Penyusun, 2022", "SHAPE_Leng": 1.3053020268899999e-05 }, "geometry": { "type": "LineString", "coordinates": [ [ 120.419972319977546, -3.70327481256469 ], [ 120.419981303130385, -3.703265848169271 ] ] } },
{ "type": "Feature", "properties": { "FID": 333, "OBJECTID": 1592, "NAMOBJ": "Unit Distribusi", "STSJRN": 1, "WADMPR": "Provinsi Sulawesi Selatan", "WADMKK": "Kabupaten Wajo", "REMARK": "Tidak Ada", "SBDATA": "Analisis Tim Penyusun, 2022", "SHAPE_Leng": 1.8288336488499999e-05 }, "geometry": { "type": "LineString", "coordinates": [ [ 120.418822476413879, -3.702719019877081 ], [ 120.418840442719556, -3.702710055476033 ] ] } },
{ "type": "Feature", "properties": { "FID": 334, "OBJECTID": 1593, "NAMOBJ": "Jaringan Drainase Sekunder", "STSJRN": 1, "WADMPR": "Provinsi Sulawesi Selatan", "WADMKK": "Kabupaten Wajo", "REMARK": "Tidak Ada", "SBDATA": "Analisis Tim Penyusun, 2022", "SHAPE_Leng": 0.0012800697361400001 }, "geometry": { "type": "LineString", "coordinates": [ [ 120.419990286283223, -3.70323895498247 ], [ 120.418840442719556, -3.702710055476033 ] ] } },
{ "type": "Feature", "properties": { "FID": 335, "OBJECTID": 1594, "NAMOBJ": "Jalur Evakuasi Bencana", "STSJRN": 1, "WADMPR": "Provinsi Sulawesi Selatan", "WADMKK": "Kabupaten Wajo", "REMARK": "ruas Jalan Tarumpakkae - Bts. Kab. Luwu/Bts. Kab. Wajo", "SBDATA": "Analisis Tim Penyusun, 2022", "SHAPE_Leng": 0.0012868182499699999 }, "geometry": { "type": "LineString", "coordinates": [ [ 120.419981303130385, -3.703265848169271 ], [ 120.418822476413879, -3.702719019877081 ] ] } },
{ "type": "Feature", "properties": { "FID": 336, "OBJECTID": 1595, "NAMOBJ": "Unit Distribusi", "STSJRN": 1, "WADMPR": "Provinsi Sulawesi Selatan", "WADMKK": "Kabupaten Wajo", "REMARK": "Tidak Ada", "SBDATA": "Analisis Tim Penyusun, 2022", "SHAPE_Leng": 9.1441749650200003e-06 }, "geometry": { "type": "LineString", "coordinates": [ [ 120.418822476413879, -3.702727984278036 ], [ 120.418822476413879, -3.702719019877081 ] ] } },
{ "type": "Feature", "properties": { "FID": 337, "OBJECTID": 1596, "NAMOBJ": "Unit Distribusi", "STSJRN": 1, "WADMPR": "Provinsi Sulawesi Selatan", "WADMKK": "Kabupaten Wajo", "REMARK": "Tidak Ada", "SBDATA": "Analisis Tim Penyusun, 2022", "SHAPE_Leng": 1.8060583496599999e-05 }, "geometry": { "type": "LineString", "coordinates": [ [ 120.417537885557593, -3.70211840480629 ], [ 120.417546868710431, -3.702100475991945 ] ] } },
{ "type": "Feature", "properties": { "FID": 338, "OBJECTID": 1597, "NAMOBJ": "Jaringan Drainase Sekunder", "STSJRN": 1, "WADMPR": "Provinsi Sulawesi Selatan", "WADMKK": "Kabupaten Wajo", "REMARK": "Tidak Ada", "SBDATA": "Analisis Tim Penyusun, 2022", "SHAPE_Leng": 0.00142495785495 }, "geometry": { "type": "LineString", "coordinates": [ [ 120.418840442719556, -3.702710055476033 ], [ 120.417546868710431, -3.702100475991945 ] ] } },
{ "type": "Feature", "properties": { "FID": 339, "OBJECTID": 1598, "NAMOBJ": "Jalur Evakuasi Bencana", "STSJRN": 1, "WADMPR": "Provinsi Sulawesi Selatan", "WADMKK": "Kabupaten Wajo", "REMARK": "ruas Jalan Tarumpakkae - Bts. Kab. Luwu/Bts. Kab. Wajo", "SBDATA": "Analisis Tim Penyusun, 2022", "SHAPE_Leng": 0.0014225466452300001 }, "geometry": { "type": "LineString", "coordinates": [ [ 120.418822476413879, -3.702719019877081 ], [ 120.417537885557593, -3.70211840480629 ] ] } },
{ "type": "Feature", "properties": { "FID": 340, "OBJECTID": 1599, "NAMOBJ": "Unit Distribusi", "STSJRN": 1, "WADMPR": "Provinsi Sulawesi Selatan", "WADMKK": "Kabupaten Wajo", "REMARK": "Tidak Ada", "SBDATA": "Analisis Tim Penyusun, 2022", "SHAPE_Leng": 9.03029146267e-06 }, "geometry": { "type": "LineString", "coordinates": [ [ 120.417537885557593, -3.702127369213327 ], [ 120.417537885557593, -3.70211840480629 ] ] } },
{ "type": "Feature", "properties": { "FID": 341, "OBJECTID": 1600, "NAMOBJ": "Unit Distribusi", "STSJRN": 1, "WADMPR": "Provinsi Sulawesi Selatan", "WADMKK": "Kabupaten Wajo", "REMARK": "Tidak Ada", "SBDATA": "Analisis Tim Penyusun, 2022", "SHAPE_Leng": 1.8060496899699999e-05 }, "geometry": { "type": "LineString", "coordinates": [ [ 120.416657536579152, -3.701688113161814 ], [ 120.416648553426299, -3.701706041984509 ] ] } },
{ "type": "Feature", "properties": { "FID": 342, "OBJECTID": 1601, "NAMOBJ": "Jaringan Drainase Sekunder", "STSJRN": 1, "WADMPR": "Provinsi Sulawesi Selatan", "WADMKK": "Kabupaten Wajo", "REMARK": "Tidak Ada", "SBDATA": "Analisis Tim Penyusun, 2022", "SHAPE_Leng": 0.00097888631051000008 }, "geometry": { "type": "LineString", "coordinates": [ [ 120.417546868710431, -3.702100475991945 ], [ 120.416657536579152, -3.701688113161814 ] ] } },
{ "type": "Feature", "properties": { "FID": 343, "OBJECTID": 1602, "NAMOBJ": "Jalur Evakuasi Bencana", "STSJRN": 1, "WADMPR": "Provinsi Sulawesi Selatan", "WADMKK": "Kabupaten Wajo", "REMARK": "ruas Jalan Tarumpakkae - Bts. Kab. Luwu/Bts. Kab. Wajo", "SBDATA": "Analisis Tim Penyusun, 2022", "SHAPE_Leng": 0.00097895854840699997 }, "geometry": { "type": "LineString", "coordinates": [ [ 120.417537885557593, -3.70211840480629 ], [ 120.416648553426299, -3.701706041984509 ] ] } },
{ "type": "Feature", "properties": { "FID": 344, "OBJECTID": 1603, "NAMOBJ": "Unit Distribusi", "STSJRN": 1, "WADMPR": "Provinsi Sulawesi Selatan", "WADMKK": "Kabupaten Wajo", "REMARK": "Tidak Ada", "SBDATA": "Analisis Tim Penyusun, 2022", "SHAPE_Leng": 9.0302553461199993e-06 }, "geometry": { "type": "LineString", "coordinates": [ [ 120.416648553426299, -3.701706041984509 ], [ 120.416648553426299, -3.701715006395719 ] ] } },
{ "type": "Feature", "properties": { "FID": 345, "OBJECTID": 1604, "NAMOBJ": "Unit Distribusi", "STSJRN": 1, "WADMPR": "Provinsi Sulawesi Selatan", "WADMKK": "Kabupaten Wajo", "REMARK": "Tidak Ada", "SBDATA": "Analisis Tim Penyusun, 2022", "SHAPE_Leng": 1.8626338183100001e-05 }, "geometry": { "type": "LineString", "coordinates": [ [ 120.416190412631408, -3.701293678970718 ], [ 120.416199395784261, -3.701284714555243 ] ] } },
{ "type": "Feature", "properties": { "FID": 346, "OBJECTID": 1605, "NAMOBJ": "Jaringan Drainase Sekunder", "STSJRN": 1, "WADMPR": "Provinsi Sulawesi Selatan", "WADMKK": "Kabupaten Wajo", "REMARK": "Tidak Ada", "SBDATA": "Analisis Tim Penyusun, 2022", "SHAPE_Leng": 0.00061683230674699997 }, "geometry": { "type": "LineString", "coordinates": [ [ 120.416657536579152, -3.701688113161814 ], [ 120.416199395784261, -3.701284714555243 ] ] } },
{ "type": "Feature", "properties": { "FID": 347, "OBJECTID": 1606, "NAMOBJ": "Jalur Evakuasi Bencana", "STSJRN": 1, "WADMPR": "Provinsi Sulawesi Selatan", "WADMKK": "Kabupaten Wajo", "REMARK": "ruas Jalan Tarumpakkae - Bts. Kab. Luwu/Bts. Kab. Wajo", "SBDATA": "Analisis Tim Penyusun, 2022", "SHAPE_Leng": 0.00062049047371300005 }, "geometry": { "type": "LineString", "coordinates": [ [ 120.416648553426299, -3.701706041984509 ], [ 120.416190412631408, -3.701293678970718 ] ] } },
{ "type": "Feature", "properties": { "FID": 348, "OBJECTID": 1607, "NAMOBJ": "Unit Distribusi", "STSJRN": 1, "WADMPR": "Provinsi Sulawesi Selatan", "WADMKK": "Kabupaten Wajo", "REMARK": "Tidak Ada", "SBDATA": "Analisis Tim Penyusun, 2022", "SHAPE_Leng": 9.3131708789499996e-06 }, "geometry": { "type": "LineString", "coordinates": [ [ 120.41618142947857, -3.701302643386103 ], [ 120.416190412631408, -3.701293678970718 ] ] } },
{ "type": "Feature", "properties": { "FID": 349, "OBJECTID": 1608, "NAMOBJ": "Unit Distribusi", "STSJRN": 1, "WADMPR": "Provinsi Sulawesi Selatan", "WADMKK": "Kabupaten Wajo", "REMARK": "Tidak Ada", "SBDATA": "Analisis Tim Penyusun, 2022", "SHAPE_Leng": 0.0505678789652 }, "geometry": { "type": "LineString", "coordinates": [ [ 120.41618142947857, -3.701302643386103 ], [ 120.414106321172255, -3.69864917247181 ], [ 120.414016489643842, -3.696605277297136 ], [ 120.413531399390408, -3.696318414439454 ], [ 120.41130357748581, -3.697098322616972 ], [ 120.41063882417555, -3.697035571409673 ], [ 120.409336267013586, -3.696721815306564 ], [ 120.408105575074345, -3.695637114780608 ], [ 120.406641321161203, -3.695242677896842 ], [ 120.403137891553143, -3.690285308479273 ], [ 120.40331755460997, -3.688071067629501 ], [ 120.402275508880408, -3.686502270166626 ], [ 120.402266525727569, -3.684458347034788 ], [ 120.402113812129244, -3.683777038280662 ], [ 120.400631591910454, -3.681482099692907 ], [ 120.400478878312157, -3.680809753283155 ], [ 120.400622608757615, -3.679716068705684 ], [ 120.40156583980594, -3.678201044409037 ], [ 120.401538890347425, -3.677322508430058 ], [ 120.400622608757615, -3.675583363224673 ], [ 120.398763096119481, -3.667515119485125 ], [ 120.397146128608071, -3.66256656061732 ], [ 120.396867650870007, -3.661266662897798 ] ] } },
{ "type": "Feature", "properties": { "FID": 350, "OBJECTID": 1609, "NAMOBJ": "Unit Distribusi", "STSJRN": 1, "WADMPR": "Provinsi Sulawesi Selatan", "WADMKK": "Kabupaten Wajo", "REMARK": "Tidak Ada", "SBDATA": "Analisis Tim Penyusun, 2022", "SHAPE_Leng": 2.7014502063499999e-05 }, "geometry": { "type": "LineString", "coordinates": [ [ 120.415867019129138, -3.696945926820112 ], [ 120.415893968587653, -3.696954891279476 ] ] } },
{ "type": "Feature", "properties": { "FID": 351, "OBJECTID": 1610, "NAMOBJ": "Jaringan Drainase Tersier", "STSJRN": 1, "WADMPR": "Provinsi Sulawesi Selatan", "WADMKK": "Kabupaten Wajo", "REMARK": "Tidak Ada", "SBDATA": "Analisis Tim Penyusun, 2022", "SHAPE_Leng": 0.0021273945529 }, "geometry": { "type": "LineString", "coordinates": [ [ 120.415893968587653, -3.696954891279476 ], [ 120.415570575085354, -3.697824443406989 ], [ 120.414771074482516, -3.6987208880064 ] ] } },
{ "type": "Feature", "properties": { "FID": 352, "OBJECTID": 1611, "NAMOBJ": "Unit Distribusi", "STSJRN": 1, "WADMPR": "Provinsi Sulawesi Selatan", "WADMKK": "Kabupaten Wajo", "REMARK": "Tidak Ada", "SBDATA": "Analisis Tim Penyusun, 2022", "SHAPE_Leng": 0.00170337027142 }, "geometry": { "type": "LineString", "coordinates": [ [ 120.416199395784261, -3.701284714555243 ], [ 120.416657536579152, -3.700675134090063 ], [ 120.417016862692805, -3.699805584759382 ] ] } },
{ "type": "Feature", "properties": { "FID": 353, "OBJECTID": 1612, "NAMOBJ": "Unit Distribusi", "STSJRN": 1, "WADMPR": "Provinsi Sulawesi Selatan", "WADMKK": "Kabupaten Wajo", "REMARK": "Tidak Ada", "SBDATA": "Analisis Tim Penyusun, 2022", "SHAPE_Leng": 0.00044730516502599997 }, "geometry": { "type": "LineString", "coordinates": [ [ 120.417016862692805, -3.699805584759382 ], [ 120.417430087723503, -3.699984873351013 ] ] } },
{ "type": "Feature", "properties": { "FID": 354, "OBJECTID": 1613, "NAMOBJ": "Unit Distribusi", "STSJRN": 1, "WADMPR": "Provinsi Sulawesi Selatan", "WADMKK": "Kabupaten Wajo", "REMARK": "Tidak Ada", "SBDATA": "Analisis Tim Penyusun, 2022", "SHAPE_Leng": 2.8343053191900001e-05 }, "geometry": { "type": "LineString", "coordinates": [ [ 120.414753108176825, -3.698702959123296 ], [ 120.414771074482516, -3.6987208880064 ] ] } },
{ "type": "Feature", "properties": { "FID": 355, "OBJECTID": 1614, "NAMOBJ": "Jaringan Drainase Tersier", "STSJRN": 1, "WADMPR": "Provinsi Sulawesi Selatan", "WADMKK": "Kabupaten Wajo", "REMARK": "Tidak Ada", "SBDATA": "Analisis Tim Penyusun, 2022", "SHAPE_Leng": 0.00050081893146800005 }, "geometry": { "type": "LineString", "coordinates": [ [ 120.414771074482516, -3.6987208880064 ], [ 120.414393782063158, -3.699043607840243 ] ] } },
{ "type": "Feature", "properties": { "FID": 356, "OBJECTID": 1615, "NAMOBJ": "Unit Distribusi", "STSJRN": 1, "WADMPR": "Provinsi Sulawesi Selatan", "WADMKK": "Kabupaten Wajo", "REMARK": "Tidak Ada", "SBDATA": "Analisis Tim Penyusun, 2022", "SHAPE_Leng": 9.2113829117800004e-06 }, "geometry": { "type": "LineString", "coordinates": [ [ 120.22727470838106, -4.236057967047199 ], [ 120.22727470838106, -4.236049008434582 ] ] } },
{ "type": "Feature", "properties": { "FID": 357, "OBJECTID": 1616, "NAMOBJ": "Jaringan Drainase Sekunder", "STSJRN": 1, "WADMPR": "Provinsi Sulawesi Selatan", "WADMKK": "Kabupaten Wajo", "REMARK": "Tidak Ada", "SBDATA": "Analisis Tim Penyusun, 2022", "SHAPE_Leng": 0.000571370962576 }, "geometry": { "type": "LineString", "coordinates": [ [ 120.226870466503215, -4.236452145899532 ], [ 120.22727470838106, -4.236057967047199 ] ] } },
{ "type": "Feature", "properties": { "FID": 358, "OBJECTID": 1617, "NAMOBJ": "Unit Distribusi", "STSJRN": 1, "WADMPR": "Provinsi Sulawesi Selatan", "WADMKK": "Kabupaten Wajo", "REMARK": "Tidak Ada", "SBDATA": "Analisis Tim Penyusun, 2022", "SHAPE_Leng": 9.0407287930400005e-06 }, "geometry": { "type": "LineString", "coordinates": [ [ 120.228864726433969, -4.238109486603278 ], [ 120.228873709586807, -4.238109486603278 ] ] } },
{ "type": "Feature", "properties": { "FID": 359, "OBJECTID": 1618, "NAMOBJ": "Jaringan Drainase Tersier", "STSJRN": 1, "WADMPR": "Provinsi Sulawesi Selatan", "WADMKK": "Kabupaten Wajo", "REMARK": "Tidak Ada", "SBDATA": "Analisis Tim Penyusun, 2022", "SHAPE_Leng": 0.00260648765343 }, "geometry": { "type": "LineString", "coordinates": [ [ 120.228864726433969, -4.238109486603278 ], [ 120.227822680704392, -4.23693591058012 ], [ 120.22727470838106, -4.236066925659709 ] ] } },
{ "type": "Feature", "properties": { "FID": 360, "OBJECTID": 1619, "NAMOBJ": "Jaringan Drainase Sekunder", "STSJRN": 1, "WADMPR": "Provinsi Sulawesi Selatan", "WADMKK": "Kabupaten Wajo", "REMARK": "Tidak Ada", "SBDATA": "Analisis Tim Penyusun, 2022", "SHAPE_Leng": 0.027651259727799998 }, "geometry": { "type": "LineString", "coordinates": [ [ 120.256299275210978, -3.745245112969431 ], [ 120.260979497841234, -3.745567815756084 ], [ 120.26363851108222, -3.74647317571675 ], [ 120.264563775824868, -3.748758981349647 ], [ 120.26463564104759, -3.749251997467637 ], [ 120.265048866078303, -3.749592626623135 ], [ 120.265641754165813, -3.74904582712484 ], [ 120.266001080279452, -3.748974115689863 ], [ 120.267168890148838, -3.749619518392917 ], [ 120.267456351039741, -3.749520915233006 ], [ 120.267627030943729, -3.749368528509452 ], [ 120.267707879319289, -3.748669342025602 ], [ 120.267878559223277, -3.74839146006267 ], [ 120.268812807118763, -3.748032902560678 ], [ 120.270438757783012, -3.74847213548036 ], [ 120.270932831189285, -3.748310784637539 ], [ 120.271822163320564, -3.748382496126912 ], [ 120.273861339015497, -3.748758981349647 ], [ 120.276780863688899, -3.749628482315994 ], [ 120.278128336615069, -3.74953884308109 ], [ 120.279772253585023, -3.748588666626105 ] ] } },
{ "type": "Feature", "properties": { "FID": 361, "OBJECTID": 1620, "NAMOBJ": "Jaringan Drainase Tersier", "STSJRN": 1, "WADMPR": "Provinsi Sulawesi Selatan", "WADMKK": "Kabupaten Wajo", "REMARK": "Tidak Ada", "SBDATA": "Analisis Tim Penyusun, 2022", "SHAPE_Leng": 0.13178685141099999 }, "geometry": { "type": "LineString", "coordinates": [ [ 120.292366633868383, -3.746697274572288 ], [ 120.29737025000091, -3.747593669420416 ], [ 120.298178733756629, -3.747988082862594 ], [ 120.299930448560644, -3.749377492435102 ], [ 120.300846730150454, -3.749682265852525 ], [ 120.302903872151091, -3.750094606189331 ], [ 120.306865442554056, -3.750246992786321 ], [ 120.3086171573581, -3.751277842597603 ], [ 120.308841736179119, -3.751690182181644 ], [ 120.313827386005997, -3.75383255210547 ], [ 120.314519088774759, -3.753841515985325 ], [ 120.314546038233274, -3.752909271987595 ], [ 120.314959263263987, -3.752048738183511 ], [ 120.315471302975922, -3.750121497943672 ], [ 120.315336555683317, -3.749413348136784 ], [ 120.314779600207146, -3.748490063349947 ], [ 120.314824515971381, -3.747853623754559 ], [ 120.316037241604931, -3.746509031537494 ], [ 120.317833872173154, -3.746284932633744 ], [ 120.320825262069292, -3.745307860742821 ], [ 120.321121706113033, -3.744913446092503 ], [ 120.321615779519291, -3.743407497611317 ], [ 120.321777476270455, -3.740861721670951 ], [ 120.322550027414778, -3.738540039277302 ], [ 120.32275663993012, -3.738289046217824 ], [ 120.323636988908561, -3.737849808190873 ], [ 120.324714967249506, -3.736801014461315 ], [ 120.326053457022851, -3.736146638251216 ], [ 120.326188204315486, -3.735223339480871 ], [ 120.326763126097305, -3.734407608691112 ], [ 120.327454828866095, -3.731655632193607 ], [ 120.329368240421246, -3.728563009881252 ], [ 120.329682650770707, -3.728365798814013 ], [ 120.332081152579306, -3.728061017986731 ], [ 120.332449461845783, -3.727406635265382 ], [ 120.334138294579944, -3.726949463486215 ], [ 120.337363246449911, -3.727065997491707 ], [ 120.339150893865323, -3.726949463486215 ], [ 120.339600051507375, -3.723794075316522 ], [ 120.340318703734681, -3.723919573925667 ], [ 120.340687013001158, -3.721409598344219 ], [ 120.341333800005728, -3.721006208744302 ], [ 120.340722945612512, -3.720755210677802 ], [ 120.340004293385235, -3.71946436234927 ], [ 120.340076158607971, -3.718487260621176 ], [ 120.339779714564187, -3.717393622540209 ], [ 120.335845093619753, -3.714677449964542 ], [ 120.335701363174309, -3.714480235788559 ], [ 120.335773228397031, -3.713234199748841 ], [ 120.334677283750409, -3.713036985250403 ], [ 120.333320827671386, -3.71220330529305 ], [ 120.332296748247487, -3.708635504758522 ], [ 120.333248962448664, -3.707425317888716 ], [ 120.334291008178241, -3.705695196005828 ], [ 120.334731182667454, -3.705453157959639 ], [ 120.335306104449302, -3.704583613321538 ], [ 120.335584582187366, -3.703005880662643 ], [ 120.336060689287947, -3.702943129873744 ], [ 120.337291381227189, -3.70334652772477 ], [ 120.338333426956765, -3.703176204210092 ], [ 120.339528186284639, -3.703749925391965 ], [ 120.340534299402862, -3.703696139046961 ], [ 120.341612277743806, -3.703857498072167 ], [ 120.34143261468698, -3.702252870902311 ], [ 120.342043469080167, -3.699975908922293 ], [ 120.342106351150079, -3.699258754330851 ], [ 120.341711092425058, -3.698729852447816 ], [ 120.340552265708538, -3.697994767950636 ], [ 120.338863432974406, -3.694803418433525 ], [ 120.339366489533504, -3.693521496715655 ], [ 120.339213775935207, -3.692642975867728 ], [ 120.339878529245468, -3.690930754165985 ], [ 120.339393438992033, -3.690778357310029 ], [ 120.33790223562039, -3.689693649521153 ], [ 120.336635611069795, -3.689361961751064 ], [ 120.3351354245453, -3.688106925824862 ], [ 120.333096248850367, -3.687264257851476 ], [ 120.33262912490261, -3.686762242508962 ], [ 120.332413529234415, -3.686224368613186 ], [ 120.332350647164532, -3.684718319974512 ], [ 120.331721826465639, -3.68362464019848 ], [ 120.331128938378129, -3.683032976808576 ] ] } },
{ "type": "Feature", "properties": { "FID": 362, "OBJECTID": 1621, "NAMOBJ": "Jaringan Drainase Sekunder", "STSJRN": 1, "WADMPR": "Provinsi Sulawesi Selatan", "WADMKK": "Kabupaten Wajo", "REMARK": "Tidak Ada", "SBDATA": "Analisis Tim Penyusun, 2022", "SHAPE_Leng": 3.6981000604899998e-05 }, "geometry": { "type": "LineString", "coordinates": [ [ 120.25626334259961, -3.745227185033351 ], [ 120.256299275210978, -3.745245112969431 ] ] } },
{ "type": "Feature", "properties": { "FID": 363, "OBJECTID": 1622, "NAMOBJ": "Jaringan Drainase Tersier", "STSJRN": 1, "WADMPR": "Provinsi Sulawesi Selatan", "WADMKK": "Kabupaten Wajo", "REMARK": "Tidak Ada", "SBDATA": "Analisis Tim Penyusun, 2022", "SHAPE_Leng": 7.3103052050699994e-05 }, "geometry": { "type": "LineString", "coordinates": [ [ 120.25626334259961, -3.745227185033351 ], [ 120.256299275210978, -3.745245112969431 ] ] } },
{ "type": "Feature", "properties": { "FID": 364, "OBJECTID": 1623, "NAMOBJ": "Jaringan Drainase Sekunder", "STSJRN": 1, "WADMPR": "Provinsi Sulawesi Selatan", "WADMKK": "Kabupaten Wajo", "REMARK": "Tidak Ada", "SBDATA": "Analisis Tim Penyusun, 2022", "SHAPE_Leng": 0.0059410391579899999 }, "geometry": { "type": "LineString", "coordinates": [ [ 120.292366633868383, -3.746697274572288 ], [ 120.292429515938267, -3.745738131067737 ], [ 120.292914606191687, -3.745200293128542 ], [ 120.29389376985138, -3.744877590206388 ], [ 120.294280045423534, -3.74428596787347 ], [ 120.294675304148569, -3.743031010086328 ], [ 120.294666320995731, -3.741865690530925 ] ] } },
{ "type": "Feature", "properties": { "FID": 365, "OBJECTID": 1624, "NAMOBJ": "Jaringan Drainase Tersier", "STSJRN": 1, "WADMPR": "Provinsi Sulawesi Selatan", "WADMKK": "Kabupaten Wajo", "REMARK": "Tidak Ada", "SBDATA": "Analisis Tim Penyusun, 2022", "SHAPE_Leng": 0.109787460541 }, "geometry": { "type": "LineString", "coordinates": [ [ 120.256299275210978, -3.745245112969431 ], [ 120.255939949097339, -3.747082724469543 ], [ 120.256110629001313, -3.747808804047287 ], [ 120.256523854031997, -3.748194253454766 ], [ 120.256892163298488, -3.749870508204325 ], [ 120.256254359446771, -3.750650368944231 ], [ 120.256218426835403, -3.751197167438837 ], [ 120.2567214833945, -3.751806712898391 ], [ 120.258329467753086, -3.752685174724415 ], [ 120.25863489494968, -3.754352456984976 ], [ 120.258167771001951, -3.755365374223156 ], [ 120.25887744007639, -3.757176072906019 ], [ 120.257889293263858, -3.761801404952728 ], [ 120.258068956320685, -3.763352140629573 ], [ 120.259712873290624, -3.763540380032527 ], [ 120.260269828766766, -3.763952713820645 ], [ 120.263000707230503, -3.764257482147265 ], [ 120.263018673536195, -3.765736503393863 ], [ 120.263135454523123, -3.765879923502319 ], [ 120.263773258374854, -3.766346038691604 ], [ 120.265102764995348, -3.766677697424289 ], [ 120.265758535152742, -3.767421688175652 ], [ 120.266288541170397, -3.767699564076251 ], [ 120.266719732506758, -3.768362880383408 ], [ 120.266899395563584, -3.768398735304521 ], [ 120.268264834795431, -3.767842983861193 ], [ 120.269360779442067, -3.767708527813503 ], [ 120.270573505075646, -3.76845251768342 ], [ 120.271049612176213, -3.768524227516779 ], [ 120.272352169338191, -3.767260340837807 ], [ 120.272855225897317, -3.765754430908713 ], [ 120.272630647076255, -3.764087170448478 ], [ 120.27157961819384, -3.762742603236131 ], [ 120.271435887748382, -3.76190000672533 ], [ 120.271903011696139, -3.761021554176363 ], [ 120.272558781853533, -3.760582327569856 ], [ 120.27360082758311, -3.760564399948562 ], [ 120.274642873312686, -3.760842278037176 ], [ 120.275307626622947, -3.760152064557058 ], [ 120.275819666334883, -3.759936932971026 ], [ 120.277598330597456, -3.76029548558492 ], [ 120.277786976807121, -3.760376159902723 ], [ 120.277966639863934, -3.761433889156556 ], [ 120.281389221096433, -3.762016536078567 ], [ 120.282018041795325, -3.762294413704167 ], [ 120.282745677175441, -3.763432814664391 ], [ 120.282871441315223, -3.763298357935543 ], [ 120.28482078548177, -3.763244575238192 ], [ 120.286141308949425, -3.762850168689494 ], [ 120.287668444932436, -3.761855187739167 ], [ 120.296148541214521, -3.763002553059023 ], [ 120.297127704874214, -3.762724675659278 ], [ 120.299508240377122, -3.760779531379748 ], [ 120.300172993687383, -3.760752639953754 ], [ 120.301277921486857, -3.761254613102182 ], [ 120.302059455784018, -3.761191866474438 ], [ 120.302355899827802, -3.761030517982356 ], [ 120.303559642308514, -3.75766012043229 ], [ 120.304116597784656, -3.755186096921464 ], [ 120.305589834850608, -3.752918235876928 ], [ 120.306128824021087, -3.752729994181651 ], [ 120.307269684431915, -3.753178188627521 ], [ 120.307772740991012, -3.753160260854101 ], [ 120.308823769873442, -3.751618470963614 ], [ 120.30859020789957, -3.751304734315537 ], [ 120.306847476248365, -3.75028284845234 ], [ 120.302894888998253, -3.7501304618616 ], [ 120.300837746997615, -3.749718121541707 ], [ 120.299912482254967, -3.749404384211501 ], [ 120.298160767450952, -3.748023938621245 ], [ 120.297361266848071, -3.747629525195235 ], [ 120.292357650715545, -3.746733130383847 ] ] } },
{ "type": "Feature", "properties": { "FID": 366, "OBJECTID": 1625, "NAMOBJ": "Jaringan Drainase Sekunder", "STSJRN": 1, "WADMPR": "Provinsi Sulawesi Selatan", "WADMKK": "Kabupaten Wajo", "REMARK": "Tidak Ada", "SBDATA": "Analisis Tim Penyusun, 2022", "SHAPE_Leng": 3.9810209407500001e-05 }, "geometry": { "type": "LineString", "coordinates": [ [ 120.292357650715545, -3.746733130383847 ], [ 120.292366633868383, -3.746697274572288 ] ] } },
{ "type": "Feature", "properties": { "FID": 367, "OBJECTID": 1626, "NAMOBJ": "Jaringan Drainase Tersier", "STSJRN": 1, "WADMPR": "Provinsi Sulawesi Selatan", "WADMKK": "Kabupaten Wajo", "REMARK": "Tidak Ada", "SBDATA": "Analisis Tim Penyusun, 2022", "SHAPE_Leng": 6.1176315757e-05 }, "geometry": { "type": "LineString", "coordinates": [ [ 120.292357650715545, -3.746733130383847 ], [ 120.292366633868383, -3.746697274572288 ] ] } },
{ "type": "Feature", "properties": { "FID": 368, "OBJECTID": 1627, "NAMOBJ": "Unit Distribusi", "STSJRN": 1, "WADMPR": "Provinsi Sulawesi Selatan", "WADMKK": "Kabupaten Wajo", "REMARK": "Tidak Ada", "SBDATA": "Analisis Tim Penyusun, 2022", "SHAPE_Leng": 0.00064786368166400003 }, "geometry": { "type": "LineString", "coordinates": [ [ 120.353416140577153, -3.737670527300324 ], [ 120.353092747074854, -3.737930484579663 ], [ 120.353218511214621, -3.738127693498793 ] ] } },
{ "type": "Feature", "properties": { "FID": 369, "OBJECTID": 1628, "NAMOBJ": "Unit Distribusi", "STSJRN": 1, "WADMPR": "Provinsi Sulawesi Selatan", "WADMKK": "Kabupaten Wajo", "REMARK": "Tidak Ada", "SBDATA": "Analisis Tim Penyusun, 2022", "SHAPE_Leng": 9.0068622728399997e-06 }, "geometry": { "type": "LineString", "coordinates": [ [ 120.363064046728582, -3.753877371503826 ], [ 120.363055063575743, -3.753877371503826 ] ] } },
{ "type": "Feature", "properties": { "FID": 370, "OBJECTID": 1629, "NAMOBJ": "Jaringan Drainase Sekunder", "STSJRN": 1, "WADMPR": "Provinsi Sulawesi Selatan", "WADMKK": "Kabupaten Wajo", "REMARK": "Tidak Ada", "SBDATA": "Analisis Tim Penyusun, 2022", "SHAPE_Leng": 0.0309620305486 }, "geometry": { "type": "LineString", "coordinates": [ [ 120.406255045589049, -3.694740667063869 ], [ 120.403128908400305, -3.690285308479273 ], [ 120.403344504068514, -3.688223464949794 ], [ 120.402266525727569, -3.686502270166626 ], [ 120.402257542574731, -3.684458347034788 ], [ 120.402104828976405, -3.683777038280662 ], [ 120.400532777229202, -3.681231090425979 ], [ 120.400514810923525, -3.679967078399566 ], [ 120.401431092513334, -3.678541700984228 ], [ 120.40156583980594, -3.677546624833494 ], [ 120.401314311526392, -3.676721876191029 ], [ 120.400613625604777, -3.675583363224673 ], [ 120.398987674940528, -3.668429524104312 ], [ 120.398394786853004, -3.666439348147352 ] ] } },
{ "type": "Feature", "properties": { "FID": 371, "OBJECTID": 1630, "NAMOBJ": "Jaringan Drainase Sekunder", "STSJRN": 1, "WADMPR": "Provinsi Sulawesi Selatan", "WADMKK": "Kabupaten Wajo", "REMARK": "Tidak Ada", "SBDATA": "Analisis Tim Penyusun, 2022", "SHAPE_Leng": 0.086220611988999996 }, "geometry": { "type": "LineString", "coordinates": [ [ 120.362569973322323, -3.754953036374223 ], [ 120.363279642396762, -3.753339538571735 ], [ 120.364384570196236, -3.749117538553936 ], [ 120.365848824109335, -3.747512993921697 ], [ 120.365965605096292, -3.744850698290838 ], [ 120.367932915568502, -3.741587806408038 ], [ 120.368211393306595, -3.740601765260795 ], [ 120.368543769961718, -3.738154585620693 ], [ 120.368804281394105, -3.737616743026015 ], [ 120.370358366835617, -3.735994249200719 ], [ 120.37125668211975, -3.735483297485337 ], [ 120.373035346382309, -3.73509784248564 ], [ 120.376350129780718, -3.734084901795788 ], [ 120.377508956497223, -3.734013189136273 ], [ 120.378991176716013, -3.734201434855006 ], [ 120.384425984184944, -3.735196447269118 ], [ 120.385126670106544, -3.735008201763772 ], [ 120.386546008255465, -3.733421559471769 ], [ 120.388710948090207, -3.730481333408845 ], [ 120.394693727882427, -3.72478909951185 ], [ 120.396445442686456, -3.723462400334807 ], [ 120.396831718258639, -3.72296040553022 ], [ 120.398044443892204, -3.719706396554899 ], [ 120.398394786853004, -3.719294041942503 ], [ 120.402104828976405, -3.717788049545472 ], [ 120.412767831398924, -3.714220271580159 ], [ 120.414609377731352, -3.712992163767344 ], [ 120.417888228518393, -3.70934368741761 ], [ 120.419469263418449, -3.705757946599586 ], [ 120.420008252588914, -3.70403678584345 ], [ 120.419990286283223, -3.70323895498247 ] ] } },
{ "type": "Feature", "properties": { "FID": 372, "OBJECTID": 1631, "NAMOBJ": "Jalur Evakuasi Bencana", "STSJRN": 1, "WADMPR": "Provinsi Sulawesi Selatan", "WADMKK": "Kabupaten Wajo", "REMARK": "ruas Jalan Tarumpakkae - Bts. Kab. Luwu/Bts. Kab. Wajo", "SBDATA": "Analisis Tim Penyusun, 2022", "SHAPE_Leng": 0.086177732237600002 }, "geometry": { "type": "LineString", "coordinates": [ [ 120.362552007016646, -3.754935108637242 ], [ 120.363261676091085, -3.753330574686728 ], [ 120.364366603890545, -3.749108574625619 ], [ 120.365830857803658, -3.747512993921697 ], [ 120.365947638790615, -3.744850698290838 ], [ 120.367914949262811, -3.741578842402606 ], [ 120.368193427000918, -3.740601765260795 ], [ 120.368525803656027, -3.738145621580152 ], [ 120.368795298241267, -3.737598814933843 ], [ 120.37034040052994, -3.735976321075392 ], [ 120.371247698966897, -3.735465369349571 ], [ 120.373026363229471, -3.735079914341997 ], [ 120.37634114662788, -3.734066973631458 ], [ 120.377508956497223, -3.733995260970479 ], [ 120.378991176716013, -3.734183506693056 ], [ 120.384434967337782, -3.735178519127491 ], [ 120.385117686953706, -3.7349902736183 ], [ 120.386537025102626, -3.733412595382878 ], [ 120.388701964937354, -3.730472369289948 ], [ 120.39467576157675, -3.724771171157923 ], [ 120.396427476380765, -3.723444471953857 ], [ 120.3968227351058, -3.722951441334679 ], [ 120.398026477586512, -3.719697432326246 ], [ 120.398385803700151, -3.719276113476717 ], [ 120.402104828976405, -3.71777012104906 ], [ 120.412758848246071, -3.714202343011239 ], [ 120.414591411425661, -3.712983199470457 ], [ 120.417870262212702, -3.709334723083699 ], [ 120.419451297112772, -3.705748982229321 ], [ 120.419990286283223, -3.70403678584345 ], [ 120.419981303130385, -3.703265848169271 ] ] } },
{ "type": "Feature", "properties": { "FID": 373, "OBJECTID": 1632, "NAMOBJ": "Unit Distribusi", "STSJRN": 1, "WADMPR": "Provinsi Sulawesi Selatan", "WADMKK": "Kabupaten Wajo", "REMARK": "Tidak Ada", "SBDATA": "Analisis Tim Penyusun, 2022", "SHAPE_Leng": 9.4052617744200004e-06 }, "geometry": { "type": "LineString", "coordinates": [ [ 120.362552007016646, -3.754926144768614 ], [ 120.362552007016646, -3.754935108637242 ] ] } },
{ "type": "Feature", "properties": { "FID": 374, "OBJECTID": 1633, "NAMOBJ": "Unit Distribusi", "STSJRN": 1, "WADMPR": "Provinsi Sulawesi Selatan", "WADMKK": "Kabupaten Wajo", "REMARK": "Tidak Ada", "SBDATA": "Analisis Tim Penyusun, 2022", "SHAPE_Leng": 1.8073909547500001e-05 }, "geometry": { "type": "LineString", "coordinates": [ [ 120.361761489566604, -3.755965952915536 ], [ 120.361779455872295, -3.755974916773487 ] ] } },
{ "type": "Feature", "properties": { "FID": 375, "OBJECTID": 1634, "NAMOBJ": "Jaringan Drainase Sekunder", "STSJRN": 1, "WADMPR": "Provinsi Sulawesi Selatan", "WADMKK": "Kabupaten Wajo", "REMARK": "Tidak Ada", "SBDATA": "Analisis Tim Penyusun, 2022", "SHAPE_Leng": 0.00129445208483 }, "geometry": { "type": "LineString", "coordinates": [ [ 120.361779455872295, -3.755974916773487 ], [ 120.362569973322323, -3.754953036374223 ] ] } },
{ "type": "Feature", "properties": { "FID": 376, "OBJECTID": 1635, "NAMOBJ": "Jalur Evakuasi Bencana", "STSJRN": 1, "WADMPR": "Provinsi Sulawesi Selatan", "WADMKK": "Kabupaten Wajo", "REMARK": "ruas Jalan Tarumpakkae - Bts. Kab. Luwu/Bts. Kab. Wajo", "SBDATA": "Analisis Tim Penyusun, 2022", "SHAPE_Leng": 0.0012978647010599999 }, "geometry": { "type": "LineString", "coordinates": [ [ 120.361761489566604, -3.755965952915536 ], [ 120.362552007016646, -3.754935108637242 ] ] } },
{ "type": "Feature", "properties": { "FID": 377, "OBJECTID": 1636, "NAMOBJ": "Unit Distribusi", "STSJRN": 1, "WADMPR": "Provinsi Sulawesi Selatan", "WADMKK": "Kabupaten Wajo", "REMARK": "Tidak Ada", "SBDATA": "Analisis Tim Penyusun, 2022", "SHAPE_Leng": 9.0369540057200008e-06 }, "geometry": { "type": "LineString", "coordinates": [ [ 120.361761489566604, -3.755956989057494 ], [ 120.361761489566604, -3.755965952915536 ] ] } },
{ "type": "Feature", "properties": { "FID": 378, "OBJECTID": 1637, "NAMOBJ": "Unit Distribusi", "STSJRN": 1, "WADMPR": "Provinsi Sulawesi Selatan", "WADMKK": "Kabupaten Wajo", "REMARK": "Tidak Ada", "SBDATA": "Analisis Tim Penyusun, 2022", "SHAPE_Leng": 1.8044524794899999e-05 }, "geometry": { "type": "LineString", "coordinates": [ [ 120.361258433007492, -3.756476892671763 ], [ 120.361240466701801, -3.756467928818969 ] ] } },
{ "type": "Feature", "properties": { "FID": 379, "OBJECTID": 1638, "NAMOBJ": "Jaringan Drainase Sekunder", "STSJRN": 1, "WADMPR": "Provinsi Sulawesi Selatan", "WADMKK": "Kabupaten Wajo", "REMARK": "Tidak Ada", "SBDATA": "Analisis Tim Penyusun, 2022", "SHAPE_Leng": 0.000724914708274 }, "geometry": { "type": "LineString", "coordinates": [ [ 120.361258433007492, -3.756476892671763 ], [ 120.361779455872295, -3.755974916773487 ] ] } },
{ "type": "Feature", "properties": { "FID": 380, "OBJECTID": 1639, "NAMOBJ": "Jalur Evakuasi Bencana", "STSJRN": 1, "WADMPR": "Provinsi Sulawesi Selatan", "WADMKK": "Kabupaten Wajo", "REMARK": "ruas Jalan Tarumpakkae - Bts. Kab. Luwu/Bts. Kab. Wajo", "SBDATA": "Analisis Tim Penyusun, 2022", "SHAPE_Leng": 0.00072279781350299995 }, "geometry": { "type": "LineString", "coordinates": [ [ 120.361240466701801, -3.756467928818969 ], [ 120.361761489566604, -3.755965952915536 ] ] } },
{ "type": "Feature", "properties": { "FID": 381, "OBJECTID": 1640, "NAMOBJ": "Unit Distribusi", "STSJRN": 1, "WADMPR": "Provinsi Sulawesi Selatan", "WADMKK": "Kabupaten Wajo", "REMARK": "Tidak Ada", "SBDATA": "Analisis Tim Penyusun, 2022", "SHAPE_Leng": 9.0220902650299995e-06 }, "geometry": { "type": "LineString", "coordinates": [ [ 120.361240466701801, -3.756467928818969 ], [ 120.361240466701801, -3.756458964966082 ] ] } },
{ "type": "Feature", "properties": { "FID": 382, "OBJECTID": 1641, "NAMOBJ": "Unit Distribusi", "STSJRN": 1, "WADMPR": "Provinsi Sulawesi Selatan", "WADMKK": "Kabupaten Wajo", "REMARK": "Tidak Ada", "SBDATA": "Analisis Tim Penyusun, 2022", "SHAPE_Leng": 1.8043207241700001e-05 }, "geometry": { "type": "LineString", "coordinates": [ [ 120.360548763933053, -3.757023687518095 ], [ 120.360557747085892, -3.75703265136518 ] ] } },
{ "type": "Feature", "properties": { "FID": 383, "OBJECTID": 1642, "NAMOBJ": "Jaringan Drainase Sekunder", "STSJRN": 1, "WADMPR": "Provinsi Sulawesi Selatan", "WADMKK": "Kabupaten Wajo", "REMARK": "Tidak Ada", "SBDATA": "Analisis Tim Penyusun, 2022", "SHAPE_Leng": 0.00089086382357499996 }, "geometry": { "type": "LineString", "coordinates": [ [ 120.360557747085892, -3.75703265136518 ], [ 120.361258433007492, -3.756476892671763 ] ] } },
{ "type": "Feature", "properties": { "FID": 384, "OBJECTID": 1643, "NAMOBJ": "Jalur Evakuasi Bencana", "STSJRN": 1, "WADMPR": "Provinsi Sulawesi Selatan", "WADMKK": "Kabupaten Wajo", "REMARK": "ruas Jalan Tarumpakkae - Bts. Kab. Luwu/Bts. Kab. Wajo", "SBDATA": "Analisis Tim Penyusun, 2022", "SHAPE_Leng": 0.000890483113031 }, "geometry": { "type": "LineString", "coordinates": [ [ 120.360548763933053, -3.757023687518095 ], [ 120.361240466701801, -3.756467928818969 ] ] } },
{ "type": "Feature", "properties": { "FID": 385, "OBJECTID": 1644, "NAMOBJ": "Unit Distribusi", "STSJRN": 1, "WADMPR": "Provinsi Sulawesi Selatan", "WADMKK": "Kabupaten Wajo", "REMARK": "Tidak Ada", "SBDATA": "Analisis Tim Penyusun, 2022", "SHAPE_Leng": 9.0209826093199993e-06 }, "geometry": { "type": "LineString", "coordinates": [ [ 120.360539780780215, -3.757014723670918 ], [ 120.360548763933053, -3.757023687518095 ] ] } },
{ "type": "Feature", "properties": { "FID": 386, "OBJECTID": 1645, "NAMOBJ": "Unit Distribusi", "STSJRN": 1, "WADMPR": "Provinsi Sulawesi Selatan", "WADMKK": "Kabupaten Wajo", "REMARK": "Tidak Ada", "SBDATA": "Analisis Tim Penyusun, 2022", "SHAPE_Leng": 2.7069290011000001e-05 }, "geometry": { "type": "LineString", "coordinates": [ [ 120.361258433007492, -3.757964890959192 ], [ 120.361276399313169, -3.757946963284087 ] ] } },
{ "type": "Feature", "properties": { "FID": 387, "OBJECTID": 1646, "NAMOBJ": "Jaringan Drainase Tersier", "STSJRN": 1, "WADMPR": "Provinsi Sulawesi Selatan", "WADMKK": "Kabupaten Wajo", "REMARK": "Tidak Ada", "SBDATA": "Analisis Tim Penyusun, 2022", "SHAPE_Leng": 0.00116095012203 }, "geometry": { "type": "LineString", "coordinates": [ [ 120.361258433007492, -3.757964890959192 ], [ 120.360539780780215, -3.757050579059074 ] ] } },
{ "type": "Feature", "properties": { "FID": 388, "OBJECTID": 1647, "NAMOBJ": "Unit Distribusi", "STSJRN": 1, "WADMPR": "Provinsi Sulawesi Selatan", "WADMKK": "Kabupaten Wajo", "REMARK": "Tidak Ada", "SBDATA": "Analisis Tim Penyusun, 2022", "SHAPE_Leng": 9.02926989073e-06 }, "geometry": { "type": "LineString", "coordinates": [ [ 120.361276399313169, -3.757946963284087 ], [ 120.361285382466008, -3.757937999446396 ] ] } },
{ "type": "Feature", "properties": { "FID": 389, "OBJECTID": 1648, "NAMOBJ": "Jaringan Drainase Tersier", "STSJRN": 1, "WADMPR": "Provinsi Sulawesi Selatan", "WADMKK": "Kabupaten Wajo", "REMARK": "Tidak Ada", "SBDATA": "Analisis Tim Penyusun, 2022", "SHAPE_Leng": 0.00116194152336 }, "geometry": { "type": "LineString", "coordinates": [ [ 120.36056673023873, -3.75703265136518 ], [ 120.361285382466008, -3.757937999446396 ] ] } },
{ "type": "Feature", "properties": { "FID": 390, "OBJECTID": 1649, "NAMOBJ": "Unit Distribusi", "STSJRN": 1, "WADMPR": "Provinsi Sulawesi Selatan", "WADMKK": "Kabupaten Wajo", "REMARK": "Tidak Ada", "SBDATA": "Analisis Tim Penyusun, 2022", "SHAPE_Leng": 2.7127083616500002e-05 }, "geometry": { "type": "LineString", "coordinates": [ [ 120.362138781985934, -3.759085369922074 ], [ 120.362156748291611, -3.75906744227 ] ] } },
{ "type": "Feature", "properties": { "FID": 391, "OBJECTID": 1650, "NAMOBJ": "Jaringan Drainase Tersier", "STSJRN": 1, "WADMPR": "Provinsi Sulawesi Selatan", "WADMKK": "Kabupaten Wajo", "REMARK": "Tidak Ada", "SBDATA": "Analisis Tim Penyusun, 2022", "SHAPE_Leng": 0.00142469149405 }, "geometry": { "type": "LineString", "coordinates": [ [ 120.362138781985934, -3.759085369922074 ], [ 120.361258433007492, -3.757964890959192 ] ] } },
{ "type": "Feature", "properties": { "FID": 392, "OBJECTID": 1651, "NAMOBJ": "Jaringan Drainase Tersier", "STSJRN": 1, "WADMPR": "Provinsi Sulawesi Selatan", "WADMKK": "Kabupaten Wajo", "REMARK": "Tidak Ada", "SBDATA": "Analisis Tim Penyusun, 2022", "SHAPE_Leng": 0.107197661973 }, "geometry": { "type": "LineString", "coordinates": [ [ 120.361285382466008, -3.757937999446396 ], [ 120.364833727838302, -3.76225855853165 ], [ 120.367295111716786, -3.764356083641863 ], [ 120.36861563518444, -3.766283292430662 ], [ 120.369154624354906, -3.766794226138199 ], [ 120.375936904750006, -3.772136602720153 ], [ 120.378559985379653, -3.774045866924232 ], [ 120.379045075633059, -3.774260995022212 ], [ 120.380608144227423, -3.774234104012879 ], [ 120.387031098508885, -3.775067724915036 ], [ 120.394765593105163, -3.776367454832493 ], [ 120.394936273009137, -3.771724272810681 ], [ 120.395277632817098, -3.769223398082213 ], [ 120.404700960147522, -3.770361789979649 ], [ 120.404997404191278, -3.765368989258089 ], [ 120.402266525727569, -3.764660851827314 ], [ 120.402176694199127, -3.763970641372222 ], [ 120.398942759176322, -3.763755510728944 ], [ 120.399014624399058, -3.761908970522287 ], [ 120.398754112966643, -3.761765549759924 ], [ 120.398727163508113, -3.76008035403428 ], [ 120.399230220067238, -3.753993901928788 ], [ 120.399158354844502, -3.752783777527297 ], [ 120.397442572651826, -3.751134420087981 ], [ 120.394289486004581, -3.749933255645918 ], [ 120.392286242920989, -3.748337676446743 ], [ 120.391019618370393, -3.74788051557782 ], [ 120.389339768789071, -3.746894481517681 ], [ 120.386770587076498, -3.744474211386404 ], [ 120.385485996220211, -3.744348715715613 ], [ 120.384704461923022, -3.743909480726182 ], [ 120.383788180333212, -3.742421458512263 ], [ 120.383500719442296, -3.741390598267358 ], [ 120.383464786830942, -3.739795003496925 ], [ 120.382512572629764, -3.738952384861903 ], [ 120.382359859031467, -3.738602787530947 ], [ 120.381955617153622, -3.736711373913439 ], [ 120.382234094891686, -3.734766171769 ] ] } },
{ "type": "Feature", "properties": { "FID": 393, "OBJECTID": 1652, "NAMOBJ": "Jaringan Drainase Tersier", "STSJRN": 1, "WADMPR": "Provinsi Sulawesi Selatan", "WADMKK": "Kabupaten Wajo", "REMARK": "Tidak Ada", "SBDATA": "Analisis Tim Penyusun, 2022", "SHAPE_Leng": 0.105868870103 }, "geometry": { "type": "LineString", "coordinates": [ [ 120.382270027503054, -3.734766171769 ], [ 120.38199154976499, -3.736711373913439 ], [ 120.382395791642836, -3.738593823494986 ], [ 120.382539522088294, -3.73893445679704 ], [ 120.383500719442296, -3.739777075449294 ], [ 120.383536652053664, -3.741381634259909 ], [ 120.383815129791728, -3.74241249451536 ], [ 120.384731411381537, -3.743882588780896 ], [ 120.38549497937305, -3.744321823783817 ], [ 120.386788553382175, -3.744438355482299 ], [ 120.389357735094748, -3.746867589664108 ], [ 120.391028601523232, -3.747853623754559 ], [ 120.39230420922668, -3.748301820700954 ], [ 120.394307452310272, -3.749897399965559 ], [ 120.397460538957503, -3.751098564456897 ], [ 120.39919428745587, -3.752765849745783 ], [ 120.399266152678592, -3.753993901928788 ], [ 120.398763096119481, -3.76008035403428 ], [ 120.398790045577996, -3.761756585961493 ], [ 120.399050557010412, -3.76190000672533 ], [ 120.39897869178769, -3.763737583172938 ], [ 120.402203643657657, -3.763934786268699 ], [ 120.402293475186084, -3.764633960521124 ], [ 120.405033336802646, -3.765351061735301 ], [ 120.404727909606052, -3.770388681108813 ], [ 120.395304582275614, -3.769259252967854 ], [ 120.394972205620505, -3.771733236506446 ], [ 120.39478355941084, -3.776403309423327 ], [ 120.387031098508885, -3.775103579559545 ], [ 120.380608144227423, -3.774269958691804 ], [ 120.37903609248022, -3.774296849700028 ], [ 120.378542019073961, -3.774072757939394 ], [ 120.375918938444315, -3.772163493794411 ], [ 120.369127674896376, -3.766821117377655 ], [ 120.368579702573072, -3.766310183685905 ], [ 120.367259179105432, -3.764382974956636 ], [ 120.364806778379787, -3.762285449911176 ], [ 120.362138781985934, -3.759085369922074 ] ] } },
{ "type": "Feature", "properties": { "FID": 394, "OBJECTID": 1653, "NAMOBJ": "Jaringan Drainase Tersier", "STSJRN": 1, "WADMPR": "Provinsi Sulawesi Selatan", "WADMKK": "Kabupaten Wajo", "REMARK": "Tidak Ada", "SBDATA": "Analisis Tim Penyusun, 2022", "SHAPE_Leng": 0.070457438158600005 }, "geometry": { "type": "LineString", "coordinates": [ [ 120.39943683258258, -3.728760220904257 ], [ 120.400865153884325, -3.728634722985646 ], [ 120.404117055212836, -3.729871773115579 ], [ 120.406138264602106, -3.730848862204871 ], [ 120.407530653292497, -3.731781129680823 ], [ 120.408662530550487, -3.733036103566792 ], [ 120.409623727904489, -3.733645661664319 ], [ 120.410324413826118, -3.734712387316656 ], [ 120.41123171226306, -3.735519153755773 ], [ 120.41198629710172, -3.735850824187841 ], [ 120.412417488438095, -3.736397631923749 ], [ 120.413998523338165, -3.73729403731089 ], [ 120.414483613591571, -3.737769131794661 ], [ 120.418022975810999, -3.73736574970229 ], [ 120.419316549820152, -3.738011160961031 ], [ 120.420196898798579, -3.738817924366493 ], [ 120.42183183261568, -3.739445406501976 ], [ 120.422685232135606, -3.73949919066412 ], [ 120.423421850668561, -3.739149593551202 ], [ 120.424383048022577, -3.739328874139344 ], [ 120.425703571490232, -3.740404556898204 ], [ 120.426826465595383, -3.74038662886304 ], [ 120.425694588337393, -3.740440412967431 ], [ 120.424553727926551, -3.739427478447195 ], [ 120.423529648502651, -3.739203377731495 ], [ 120.422694215288445, -3.739535046770383 ], [ 120.421813866310004, -3.739481262610438 ], [ 120.420178932492888, -3.738853780500618 ], [ 120.419298583514475, -3.738038053086504 ], [ 120.41801399265816, -3.737401605895791 ], [ 120.414474630438733, -3.737796023927557 ], [ 120.413980557032474, -3.737320929458352 ], [ 120.412390538979565, -3.736424524098689 ], [ 120.411959347643204, -3.735877716379542 ], [ 120.41120476280453, -3.735546045957636 ], [ 120.410297464367588, -3.73473927954324 ], [ 120.409596778445973, -3.733672553923581 ], [ 120.408635581091957, -3.733062995844723 ], [ 120.407503703833967, -3.73180802199718 ], [ 120.406120298296429, -3.730884718664546 ], [ 120.404099088907159, -3.729898665490373 ], [ 120.400856170731487, -3.728670579535648 ], [ 120.399589546180877, -3.728822969856844 ], [ 120.397685117778565, -3.728518189188038 ], [ 120.396777819341594, -3.727899663388342 ], [ 120.395879504057461, -3.727801057785863 ], [ 120.393822362056824, -3.727227352243051 ], [ 120.393103709829518, -3.726420578190336 ] ] } },
{ "type": "Feature", "properties": { "FID": 395, "OBJECTID": 1654, "NAMOBJ": "Jaringan Drainase Tersier", "STSJRN": 1, "WADMPR": "Provinsi Sulawesi Selatan", "WADMKK": "Kabupaten Wajo", "REMARK": "Tidak Ada", "SBDATA": "Analisis Tim Penyusun, 2022", "SHAPE_Leng": 0.0069821477807600002 }, "geometry": { "type": "LineString", "coordinates": [ [ 120.393130659288076, -3.72639368570917 ], [ 120.393840328362515, -3.727191495634199 ], [ 120.395888487210314, -3.727765201200401 ], [ 120.396795785647271, -3.727863806806901 ], [ 120.397694100931403, -3.728482332631819 ], [ 120.39943683258258, -3.728760220904257 ] ] } },
{ "type": "Feature", "properties": { "FID": 396, "OBJECTID": 1655, "NAMOBJ": "Jaringan Drainase Tersier", "STSJRN": 1, "WADMPR": "Provinsi Sulawesi Selatan", "WADMKK": "Kabupaten Wajo", "REMARK": "Tidak Ada", "SBDATA": "Analisis Tim Penyusun, 2022", "SHAPE_Leng": 0.037882608920100001 }, "geometry": { "type": "LineString", "coordinates": [ [ 120.428030208076095, -3.723050047480601 ], [ 120.427338505307347, -3.72310383264645 ], [ 120.426197644896504, -3.722799049996535 ], [ 120.425550857891935, -3.722261198004059 ], [ 120.424957969804424, -3.72134684886303 ], [ 120.424625593149287, -3.721293063589882 ], [ 120.423960839839054, -3.721373741498372 ], [ 120.42323320445891, -3.722314983218088 ], [ 120.421580304336132, -3.722395661032975 ], [ 120.420134016728682, -3.723175546195803 ], [ 120.418436200841711, -3.723211402968289 ], [ 120.416873132247332, -3.7251297381671 ], [ 120.415579558238207, -3.726044083379189 ], [ 120.414959720692167, -3.727379742814363 ], [ 120.414681242954074, -3.727675559730353 ], [ 120.413908691809752, -3.727926555823463 ], [ 120.413055292289826, -3.727747272907123 ], [ 120.411492223695475, -3.726411614030038 ], [ 120.409713559432902, -3.725515197539019 ], [ 120.408905075677183, -3.725479340860382 ], [ 120.405572325973111, -3.725936513403554 ], [ 120.404359600339546, -3.72597237006356 ], [ 120.403470268208281, -3.725622767566164 ], [ 120.402473138242911, -3.724358818916769 ], [ 120.402041946906522, -3.72414367854035 ], [ 120.400847187578634, -3.72443053236389 ], [ 120.400550743534893, -3.724708421916296 ], [ 120.399149371691664, -3.724349854735469 ], [ 120.397891730293907, -3.724511209984917 ], [ 120.397065280232511, -3.724296069645745 ], [ 120.396517307909178, -3.724340890554076 ], [ 120.396292729088159, -3.724278141281774 ], [ 120.396014251350081, -3.723812003690352 ] ] } },
{ "type": "Feature", "properties": { "FID": 397, "OBJECTID": 1656, "NAMOBJ": "Jaringan Drainase Tersier", "STSJRN": 1, "WADMPR": "Provinsi Sulawesi Selatan", "WADMKK": "Kabupaten Wajo", "REMARK": "Tidak Ada", "SBDATA": "Analisis Tim Penyusun, 2022", "SHAPE_Leng": 0.048910311499199999 }, "geometry": { "type": "LineString", "coordinates": [ [ 120.396041200808611, -3.72378511112947 ], [ 120.396319678546675, -3.724251248735133 ], [ 120.396517307909178, -3.724305033827594 ], [ 120.397065280232511, -3.724260212917438 ], [ 120.397891730293907, -3.724475353265374 ], [ 120.399149371691664, -3.724313998009352 ], [ 120.400550743534893, -3.724672565204786 ], [ 120.400829221272957, -3.724403639821905 ], [ 120.40205093005936, -3.724107821805834 ], [ 120.402500087701426, -3.724331926372592 ], [ 120.403488234513972, -3.725595875060611 ], [ 120.404359600339546, -3.725936513403554 ], [ 120.405572325973111, -3.725900656742085 ], [ 120.408905075677183, -3.725443484180285 ], [ 120.40972254258574, -3.725479340860382 ], [ 120.411510190001152, -3.726384721548597 ], [ 120.413064275442665, -3.72772038046652 ], [ 120.413908691809752, -3.727890699243119 ], [ 120.414654293495559, -3.727648667287556 ], [ 120.415552608779677, -3.726026155050829 ], [ 120.416846182788802, -3.72510284564648 ], [ 120.418427217688873, -3.723175546195803 ], [ 120.420134016728682, -3.723139689421856 ], [ 120.421571321183293, -3.722359804227271 ], [ 120.423224221306057, -3.722288090611485 ], [ 120.423942873533363, -3.72134684886303 ], [ 120.424625593149287, -3.721257206739293 ], [ 120.424984919262954, -3.721319956226866 ], [ 120.425586790503303, -3.722234305395812 ], [ 120.426215611202196, -3.722772157404713 ], [ 120.427347488460185, -3.723067975869582 ], [ 120.428012241770418, -3.723014190701543 ], [ 120.4283985173426, -3.722548052440926 ], [ 120.428155972215876, -3.721104815108006 ], [ 120.42819190482723, -3.720396641887334 ], [ 120.430572440330153, -3.719114757268244 ], [ 120.42821885428576, -3.720414570330323 ], [ 120.42819190482723, -3.721095850893579 ], [ 120.428434449953969, -3.722548052440926 ], [ 120.428030208076095, -3.723050047480601 ] ] } },
{ "type": "Feature", "properties": { "FID": 398, "OBJECTID": 1657, "NAMOBJ": "Jaringan Drainase Tersier", "STSJRN": 1, "WADMPR": "Provinsi Sulawesi Selatan", "WADMKK": "Kabupaten Wajo", "REMARK": "Tidak Ada", "SBDATA": "Analisis Tim Penyusun, 2022", "SHAPE_Leng": 0.18631113052199999 }, "geometry": { "type": "LineString", "coordinates": [ [ 120.353416140577153, -3.737670527300324 ], [ 120.352131549720838, -3.73626317103668 ], [ 120.350236104471364, -3.735402620871502 ], [ 120.347810653204235, -3.732112801525015 ], [ 120.34708301782409, -3.731449457711403 ], [ 120.346723691710451, -3.730750256933222 ], [ 120.345897241649055, -3.727684523877768 ], [ 120.345142656810395, -3.727164603176601 ], [ 120.344316206748999, -3.727012212568014 ], [ 120.341217019018799, -3.727397671115133 ], [ 120.33895326450282, -3.726958427641032 ], [ 120.337363246449911, -3.727101854105675 ], [ 120.334497620693583, -3.726931535176309 ], [ 120.332458444998622, -3.727442491865463 ], [ 120.332099118884983, -3.728087910416917 ], [ 120.329691633923545, -3.728401655374983 ], [ 120.329080779530344, -3.728930539479432 ], [ 120.327490761477449, -3.731664596300432 ], [ 120.326799058708673, -3.734416572769844 ], [ 120.326224136926854, -3.735232303551273 ], [ 120.326080406481367, -3.73617353043385 ], [ 120.324732933555197, -3.73682790662389 ], [ 120.323663938367091, -3.737876700321294 ], [ 120.322783589388678, -3.738315938334775 ], [ 120.322585960026146, -3.73855796735023 ], [ 120.321813408881823, -3.740870685683719 ], [ 120.321642728977835, -3.743416461598035 ], [ 120.321148655571562, -3.744931374035009 ], [ 120.32083424522213, -3.745334752644326 ], [ 120.318552524400459, -3.74608772555097 ], [ 120.316055207910622, -3.746544887356767 ], [ 120.314851465429896, -3.747871551636825 ], [ 120.314815532818514, -3.748481099415199 ], [ 120.31537248829467, -3.749395420286127 ], [ 120.31550723558729, -3.750121497943672 ], [ 120.315462319823084, -3.750659332856736 ], [ 120.314581970844642, -3.752918235876928 ], [ 120.314546038233274, -3.753868407624339 ], [ 120.31380941970032, -3.753868407624339 ], [ 120.308823769873442, -3.751726037788452 ], [ 120.307664943156922, -3.753249899717519 ], [ 120.306119840868249, -3.752765849745783 ], [ 120.305616784309123, -3.752936163655314 ], [ 120.304152530396024, -3.755195060787423 ], [ 120.303595574919882, -3.757669084272837 ], [ 120.302490647120408, -3.760922952304373 ], [ 120.302239118840831, -3.761156011256557 ], [ 120.301268938334005, -3.761290468316006 ], [ 120.300164010534544, -3.760779531379748 ], [ 120.299741802350994, -3.760743676144905 ], [ 120.297145671179891, -3.762760530812614 ], [ 120.296148541214521, -3.763038408200921 ], [ 120.287668444932436, -3.761891042928282 ], [ 120.286150292102263, -3.762886023837662 ], [ 120.284829768634609, -3.763280430370129 ], [ 120.282880424468061, -3.763334213065265 ], [ 120.282763643481132, -3.763459706007671 ], [ 120.284048234337419, -3.764795308345807 ], [ 120.284344678381188, -3.765718575878644 ], [ 120.28492858331586, -3.766659769928456 ], [ 120.285189094748247, -3.767565108006397 ], [ 120.284973499080067, -3.768775211886984 ], [ 120.285755033377256, -3.771822873459004 ], [ 120.286365887770444, -3.773570792185777 ], [ 120.286913860093776, -3.774637469065456 ], [ 120.287309118818769, -3.775166325183874 ], [ 120.288090653115972, -3.775623471738549 ], [ 120.288414046618243, -3.775999945191075 ], [ 120.289213547221109, -3.77758651008988 ], [ 120.290821531579681, -3.777801637310484 ], [ 120.29103712724789, -3.777954019059476 ], [ 120.292034257213245, -3.779495762308679 ], [ 120.292788842051905, -3.780320414549615 ], [ 120.293768005711598, -3.781951789498379 ], [ 120.294010550838308, -3.782050388984809 ], [ 120.294360893799109, -3.781951789498379 ], [ 120.294531573703111, -3.780293523728041 ], [ 120.296175490673036, -3.778231891591682 ], [ 120.29816975060379, -3.77519321616434 ], [ 120.298556026175959, -3.774816742362021 ], [ 120.302122337853902, -3.774870524343774 ], [ 120.30339794555735, -3.7746643600623 ], [ 120.306389335453474, -3.773767993052148 ], [ 120.307709858921129, -3.773113644550651 ], [ 120.309677169393353, -3.771849764542969 ], [ 120.31106955808373, -3.771222305700339 ], [ 120.312273300564456, -3.771168523492752 ], [ 120.318175231981115, -3.768721429528038 ], [ 120.324292759065983, -3.768318061729937 ], [ 120.325092259668864, -3.769026196184765 ], [ 120.325604299380799, -3.769088942247895 ], [ 120.326340917913782, -3.768309097998966 ], [ 120.328236363163256, -3.767726455287729 ], [ 120.328919082779194, -3.76721552212754 ], [ 120.330113842107082, -3.766695624919752 ], [ 120.332431495540106, -3.766274328678731 ], [ 120.333554389645258, -3.766283292430662 ], [ 120.334030496745825, -3.766381893695824 ], [ 120.336204419733392, -3.767771273971677 ], [ 120.336716459445356, -3.767914693744797 ], [ 120.338782584598846, -3.767914693744797 ], [ 120.339941411315351, -3.767690600338909 ], [ 120.340839726599455, -3.767825056389368 ], [ 120.342528559333616, -3.768784175613151 ], [ 120.34438807197175, -3.770496245617153 ], [ 120.34528638725584, -3.770971322036461 ] ] } },
{ "type": "Feature", "properties": { "FID": 399, "OBJECTID": 1658, "NAMOBJ": "Jaringan Drainase Tersier", "STSJRN": 1, "WADMPR": "Provinsi Sulawesi Selatan", "WADMKK": "Kabupaten Wajo", "REMARK": "Tidak Ada", "SBDATA": "Analisis Tim Penyusun, 2022", "SHAPE_Leng": 0.166553345908 }, "geometry": { "type": "LineString", "coordinates": [ [ 120.398170208031971, -3.71946436234927 ], [ 120.395304582275614, -3.720728318023579 ], [ 120.392906080467029, -3.718146619397153 ], [ 120.388621116561794, -3.716416518517377 ], [ 120.386914317521956, -3.716156554879457 ], [ 120.385557861442933, -3.715591806022756 ], [ 120.38402174230707, -3.715439413412186 ], [ 120.383599534123547, -3.714820878428483 ], [ 120.382063414987712, -3.714094771590076 ], [ 120.38140764483029, -3.712006090564364 ], [ 120.378640833755213, -3.705793804079735 ], [ 120.37857795168533, -3.703588566347148 ], [ 120.374176206793138, -3.702781770681865 ], [ 120.373134161063561, -3.702369408169011 ], [ 120.36974751244243, -3.700334486000344 ], [ 120.365696110511038, -3.699258754330851 ], [ 120.365103222423542, -3.698882247938009 ], [ 120.364609149017255, -3.698183021355542 ], [ 120.363872530484301, -3.697663083282823 ], [ 120.360890123741015, -3.696372201232336 ], [ 120.359937909539838, -3.695574363469923 ], [ 120.358994678491513, -3.695045459389193 ], [ 120.357305845757381, -3.694803418433525 ], [ 120.35672194082268, -3.694875134279125 ], [ 120.356102103276655, -3.695655043725704 ], [ 120.355347518437995, -3.695753652917249 ], [ 120.353775466690792, -3.697689976638891 ], [ 120.353523938411243, -3.69772583444571 ], [ 120.350487632750912, -3.695493683206804 ], [ 120.349221008200303, -3.695448860835233 ], [ 120.34872693479403, -3.694767560508551 ], [ 120.347792686898558, -3.694104188635157 ], [ 120.343570605063192, -3.694373123238197 ], [ 120.343085514809758, -3.693996614771121 ], [ 120.341738041883573, -3.692203715117742 ], [ 120.340812777140926, -3.691271405867098 ], [ 120.339914461856836, -3.690948683206142 ], [ 120.339249708546575, -3.692642975867728 ], [ 120.339402422144872, -3.693530461209621 ], [ 120.338899365585775, -3.694794453952418 ], [ 120.340579215167068, -3.697967874603816 ], [ 120.341729058730735, -3.698702959123296 ], [ 120.342142283761447, -3.699249789894785 ], [ 120.342079401691564, -3.699984873351013 ], [ 120.341468547298348, -3.702261835307985 ], [ 120.34164821035516, -3.703884391240175 ], [ 120.340525316250023, -3.703731996610659 ], [ 120.33976174825851, -3.703830604903342 ], [ 120.338324443803927, -3.703212061794853 ], [ 120.337291381227189, -3.703382385302632 ], [ 120.336051706135095, -3.702978987467945 ], [ 120.335611531645895, -3.703032773856525 ], [ 120.335333053907817, -3.704601542085591 ], [ 120.33475813212597, -3.705471086706072 ], [ 120.33431795763677, -3.705722089117984 ], [ 120.333284895060018, -3.707443246595171 ], [ 120.332332680858855, -3.708644469099525 ], [ 120.333347777129916, -3.712185376683171 ], [ 120.334686266903248, -3.71301009236084 ], [ 120.335809161008399, -3.713198342570584 ], [ 120.335737295785663, -3.714471271506786 ], [ 120.335863059925444, -3.714650557124957 ], [ 120.339806664022731, -3.717366729783425 ], [ 120.340112091219325, -3.718478296380126 ], [ 120.340040225996603, -3.71944643388695 ], [ 120.340749895071042, -3.720728318023579 ], [ 120.341288884241521, -3.720853817069597 ], [ 120.341369732617096, -3.720997244528872 ], [ 120.341351766311419, -3.721149636178767 ], [ 120.340722945612512, -3.721427526766595 ], [ 120.340345653193197, -3.723955430667849 ], [ 120.339635984118729, -3.72382096787713 ], [ 120.339186826476677, -3.726958427641032 ], [ 120.341217019018799, -3.727361814513226 ], [ 120.344720448626859, -3.727012212568014 ], [ 120.34562774706383, -3.727379742814363 ], [ 120.345924191107585, -3.727666595582845 ], [ 120.346966236837162, -3.731234319069689 ], [ 120.347837602662764, -3.73208590921799 ], [ 120.350254070777041, -3.735375728665242 ], [ 120.352149516026515, -3.736236278856792 ], [ 120.353443090035668, -3.737643635163582 ], [ 120.3537575003851, -3.738450398907164 ], [ 120.353694618315217, -3.739579866901149 ], [ 120.354224624332844, -3.741820870517066 ], [ 120.35491632710162, -3.743299929763551 ], [ 120.355491248883439, -3.743972228595305 ], [ 120.356874654421006, -3.747477138142101 ], [ 120.359264173076767, -3.751295770409651 ], [ 120.360935039505208, -3.752963055322204 ], [ 120.361977085234798, -3.75324093583159 ], [ 120.362498108099601, -3.753689130015271 ], [ 120.363064046728582, -3.753850479865088 ] ] } },
{ "type": "Feature", "properties": { "FID": 400, "OBJECTID": 1659, "NAMOBJ": "Jaringan Drainase Tersier", "STSJRN": 1, "WADMPR": "Provinsi Sulawesi Selatan", "WADMKK": "Kabupaten Wajo", "REMARK": "Tidak Ada", "SBDATA": "Analisis Tim Penyusun, 2022", "SHAPE_Leng": 0.13232903257 }, "geometry": { "type": "LineString", "coordinates": [ [ 120.396122049184171, -3.697268647300114 ], [ 120.395187801288685, -3.697340362946385 ], [ 120.394487115367085, -3.696963855738749 ], [ 120.393454052790347, -3.696811459918779 ], [ 120.392861164702822, -3.696901104521933 ], [ 120.39216946193406, -3.696578383908169 ], [ 120.391046567828909, -3.696417023557248 ], [ 120.390471646047061, -3.696972820197931 ], [ 120.389501465540206, -3.696874211141939 ], [ 120.388827729077136, -3.696219805310696 ], [ 120.38856721764472, -3.695099246259263 ], [ 120.38762398659641, -3.694301407352023 ], [ 120.387129913190137, -3.693279455344328 ], [ 120.386698721853776, -3.693153952385063 ], [ 120.384947007049718, -3.693449780760662 ], [ 120.38460564724177, -3.693871111913265 ], [ 120.383752247721844, -3.69656045498174 ], [ 120.383500719442296, -3.696972820197931 ], [ 120.382979696577522, -3.697080393701053 ], [ 120.382557488393971, -3.69686524668176 ], [ 120.382180195974641, -3.696425988021958 ], [ 120.379664913179113, -3.694875134279125 ], [ 120.378344389711444, -3.694516554993159 ], [ 120.377571838567121, -3.694471732572223 ], [ 120.376835220034124, -3.694713773618373 ], [ 120.373223992591974, -3.694050401704769 ], [ 120.373035346382309, -3.693862147422739 ], [ 120.372783818102761, -3.691719631590542 ], [ 120.372514323517507, -3.690957647726085 ], [ 120.371831603901597, -3.690339095637746 ], [ 120.371562109316343, -3.689209564625998 ], [ 120.371238715814059, -3.688528259511994 ], [ 120.370547013045311, -3.688017280333747 ], [ 120.370017007027656, -3.687927634833592 ], [ 120.369810394512314, -3.686932569174799 ], [ 120.37009785540323, -3.685704423538042 ], [ 120.36988225973505, -3.685067938635746 ], [ 120.368696483560015, -3.684108728134015 ], [ 120.367977831332709, -3.682737144966135 ], [ 120.367789185123044, -3.681948259572342 ], [ 120.367914949262811, -3.679348518669192 ], [ 120.367780201970206, -3.67712528594843 ], [ 120.363773715803049, -3.67728664980028 ], [ 120.359497735050624, -3.676399148253695 ], [ 120.358734167059126, -3.676408112920198 ], [ 120.357763986552271, -3.676641194217645 ], [ 120.358141278971615, -3.677394225685288 ], [ 120.359389937216534, -3.678658241361639 ], [ 120.359210274159722, -3.679223013743955 ], [ 120.360018757915412, -3.680863541014615 ], [ 120.359362987758018, -3.681768967339901 ], [ 120.359560617120522, -3.68325709177527 ], [ 120.359264173076767, -3.684090798955913 ], [ 120.356865671268167, -3.68635883711763 ], [ 120.356093120123816, -3.687793166566408 ], [ 120.356793806045417, -3.688931663918886 ], [ 120.357943649609084, -3.68973847218329 ], [ 120.358150262124454, -3.690123946984319 ], [ 120.358168228430131, -3.690365989215761 ], [ 120.357440593049986, -3.692149928072197 ], [ 120.358383824098325, -3.694435874633846 ], [ 120.358347891486957, -3.69490202771973 ], [ 120.359273156229605, -3.695108210737292 ], [ 120.360908090046692, -3.696345307836303 ], [ 120.363890496789978, -3.69763618992594 ], [ 120.364636098475785, -3.69816509246156 ], [ 120.365121188729219, -3.698855354618116 ], [ 120.365830857803658, -3.69927668320271 ], [ 120.369756495595269, -3.700298628299069 ], [ 120.373152127369238, -3.702333550550121 ], [ 120.374194173098829, -3.702745913079675 ], [ 120.378631850602375, -3.703579601954907 ], [ 120.378676766366581, -3.705775875339841 ], [ 120.381443577441658, -3.711997126257469 ], [ 120.382090364446242, -3.714067878732737 ], [ 120.383626483582077, -3.714793985593269 ], [ 120.384039708612761, -3.715412520595823 ], [ 120.385566844595772, -3.715555948940284 ], [ 120.386923300674795, -3.71612069781994 ], [ 120.388630099714632, -3.716380661468426 ], [ 120.392681501645995, -3.718003191473979 ], [ 120.395322548581305, -3.720692461150004 ], [ 120.398206140643339, -3.719410576961215 ] ] } },
{ "type": "Feature", "properties": { "FID": 401, "OBJECTID": 1660, "NAMOBJ": "Jaringan Drainase Tersier", "STSJRN": 1, "WADMPR": "Provinsi Sulawesi Selatan", "WADMKK": "Kabupaten Wajo", "REMARK": "Tidak Ada", "SBDATA": "Analisis Tim Penyusun, 2022", "SHAPE_Leng": 0.094426251065200001 }, "geometry": { "type": "LineString", "coordinates": [ [ 120.398394786853004, -3.666448312913849 ], [ 120.397020364468304, -3.666744150157811 ], [ 120.394082873489225, -3.666672432047051 ], [ 120.392726417410202, -3.668976373478517 ], [ 120.391989798877219, -3.669783199812887 ], [ 120.390893854230612, -3.670536237067518 ], [ 120.384048691765628, -3.674149014111701 ], [ 120.382000532917829, -3.675377175681621 ], [ 120.380006272987075, -3.676282607580953 ], [ 120.379332536523975, -3.676847381468447 ], [ 120.376637590671621, -3.678344478772357 ], [ 120.370223619542998, -3.677770741180583 ], [ 120.367825117734412, -3.678138291867826 ], [ 120.367950881874179, -3.679348518669192 ], [ 120.367825117734412, -3.681948259572342 ], [ 120.368013763944063, -3.682728180363315 ], [ 120.36872343301853, -3.684081834366728 ], [ 120.369909209193565, -3.685050009476974 ], [ 120.370133788014599, -3.685704423538042 ], [ 120.369846327123682, -3.686932569174799 ], [ 120.370043956486185, -3.68791867028308 ], [ 120.370555996198149, -3.687990386684651 ], [ 120.371274648425427, -3.688510330422993 ], [ 120.371598041927726, -3.689191635550742 ], [ 120.371867536512951, -3.690321166585283 ], [ 120.372541272976036, -3.690939718686109 ], [ 120.372819750714129, -3.691701702565947 ], [ 120.373071278993677, -3.693853182932122 ], [ 120.373484504024361, -3.694104188635157 ], [ 120.376844203186963, -3.694677915689777 ], [ 120.377562855414268, -3.694435874633846 ], [ 120.378353372864282, -3.694480697056592 ], [ 120.379682879484804, -3.69483927635705 ], [ 120.382198162280332, -3.696399094627555 ], [ 120.382575454699648, -3.696838353300678 ], [ 120.382979696577522, -3.697044535868129 ], [ 120.383482753136619, -3.696945926820112 ], [ 120.383725298263329, -3.696542526054947 ], [ 120.38457869778324, -3.693862147422739 ], [ 120.384929040744041, -3.693422887276045 ], [ 120.386402277810021, -3.693082236400374 ], [ 120.387040081661723, -3.693162916882743 ], [ 120.387650936054939, -3.694283478379574 ], [ 120.388594167103264, -3.695072352824636 ], [ 120.388854678535665, -3.696201876377017 ], [ 120.389510448693045, -3.696838353300678 ], [ 120.390462662894222, -3.696936962360657 ], [ 120.39103758467607, -3.696381165697501 ], [ 120.392178445086898, -3.696542526054947 ], [ 120.39287014785566, -3.69686524668176 ], [ 120.394028974572166, -3.696820424379504 ], [ 120.394505081672776, -3.696927997901112 ], [ 120.394936273009137, -3.697241753931266 ], [ 120.395547127402352, -3.697331398490919 ], [ 120.396104082878495, -3.697232789474803 ], [ 120.396436459533604, -3.69686524668176 ], [ 120.397747999848448, -3.696354272301739 ], [ 120.399014624399058, -3.695448860835233 ], [ 120.399607512486554, -3.695269571326306 ], [ 120.399670394556438, -3.695108210737292 ], [ 120.400487861464995, -3.695430931885971 ], [ 120.400748372897382, -3.695744688445743 ], [ 120.402221609963362, -3.696659064072621 ], [ 120.40258991922984, -3.69656045498174 ], [ 120.402958228496317, -3.696811459918779 ], [ 120.403703830182153, -3.696336343370777 ], [ 120.404602145466271, -3.696802495457967 ], [ 120.406255045589049, -3.694731702582128 ] ] } },
{ "type": "Feature", "properties": { "FID": 402, "OBJECTID": 1661, "NAMOBJ": "Jaringan Drainase Tersier", "STSJRN": 1, "WADMPR": "Provinsi Sulawesi Selatan", "WADMKK": "Kabupaten Wajo", "REMARK": "Tidak Ada", "SBDATA": "Analisis Tim Penyusun, 2022", "SHAPE_Leng": 0.028261038314800001 }, "geometry": { "type": "LineString", "coordinates": [ [ 120.374679263352235, -3.660603266092919 ], [ 120.377302343981881, -3.661714903703939 ], [ 120.37801201305632, -3.662862399144978 ], [ 120.379116940855795, -3.663714054966502 ], [ 120.380904588271207, -3.664753970449399 ], [ 120.382656303075223, -3.664682252179042 ], [ 120.385414130997475, -3.665318751627531 ], [ 120.386267530517372, -3.666026968791351 ], [ 120.387588053985056, -3.667748203104345 ], [ 120.389079257356684, -3.668330911886465 ], [ 120.390795039549332, -3.668501242074095 ], [ 120.391603523305051, -3.668752254923004 ], [ 120.392403023907931, -3.669281174623803 ], [ 120.393157608746591, -3.668330911886465 ], [ 120.394073890336372, -3.666636572989514 ], [ 120.397020364468304, -3.66670829110315 ], [ 120.398385803700151, -3.666412453847324 ] ] } },
{ "type": "Feature", "properties": { "FID": 403, "OBJECTID": 1662, "NAMOBJ": "Unit Distribusi", "STSJRN": 1, "WADMPR": "Provinsi Sulawesi Selatan", "WADMKK": "Kabupaten Wajo", "REMARK": "Tidak Ada", "SBDATA": "Analisis Tim Penyusun, 2022", "SHAPE_Leng": 9.0430809805900007e-06 }, "geometry": { "type": "LineString", "coordinates": [ [ 120.401547873500263, -3.717976298735786 ], [ 120.401547873500263, -3.71796733448954 ] ] } },
{ "type": "Feature", "properties": { "FID": 404, "OBJECTID": 1663, "NAMOBJ": "Jaringan Drainase Sekunder", "STSJRN": 1, "WADMPR": "Provinsi Sulawesi Selatan", "WADMKK": "Kabupaten Wajo", "REMARK": "Tidak Ada", "SBDATA": "Analisis Tim Penyusun, 2022", "SHAPE_Leng": 0.0595640029292 }, "geometry": { "type": "LineString", "coordinates": [ [ 120.363055063575743, -3.753877371503826 ], [ 120.364348637584868, -3.749108574625619 ], [ 120.365812891497981, -3.747504029976936 ], [ 120.365875773567865, -3.745343716611309 ], [ 120.366055436624706, -3.744527995239808 ], [ 120.367519690537819, -3.742278034550833 ], [ 120.368022747096916, -3.741229246119242 ], [ 120.36850783735035, -3.738145621580152 ], [ 120.368777331935576, -3.737589850887622 ], [ 120.370331417377102, -3.735967357012591 ], [ 120.371238715814059, -3.735447441213437 ], [ 120.373026363229471, -3.73507095027004 ], [ 120.37634114662788, -3.734049045466762 ], [ 120.377508956497223, -3.733977332804319 ], [ 120.379000159868852, -3.734165578530741 ], [ 120.384434967337782, -3.735160590985498 ], [ 120.385108703800867, -3.734981309545426 ], [ 120.386519058796949, -3.733403631293894 ], [ 120.388683998631677, -3.73045444105188 ], [ 120.394666778423911, -3.724762206980821 ], [ 120.396418493227927, -3.723435507763246 ], [ 120.396804768800109, -3.722942477139048 ], [ 120.3981971574905, -3.719419541192785 ], [ 120.401547873500263, -3.71796733448954 ] ] } },
{ "type": "Feature", "properties": { "FID": 405, "OBJECTID": 1664, "NAMOBJ": "Unit Distribusi", "STSJRN": 1, "WADMPR": "Provinsi Sulawesi Selatan", "WADMKK": "Kabupaten Wajo", "REMARK": "Tidak Ada", "SBDATA": "Analisis Tim Penyusun, 2022", "SHAPE_Leng": 9.0228598634199998e-06 }, "geometry": { "type": "LineString", "coordinates": [ [ 120.415804137059226, -3.700827529245687 ], [ 120.415804137059226, -3.700836493665789 ] ] } },
{ "type": "Feature", "properties": { "FID": 406, "OBJECTID": 1665, "NAMOBJ": "Jaringan Drainase Sekunder", "STSJRN": 1, "WADMPR": "Provinsi Sulawesi Selatan", "WADMKK": "Kabupaten Wajo", "REMARK": "Tidak Ada", "SBDATA": "Analisis Tim Penyusun, 2022", "SHAPE_Leng": 0.030323994899299999 }, "geometry": { "type": "LineString", "coordinates": [ [ 120.401547873500263, -3.71796733448954 ], [ 120.412749865093232, -3.714184414441956 ], [ 120.414582428272823, -3.712965270876414 ], [ 120.417861279059863, -3.709325758749696 ], [ 120.419442313959934, -3.705740017858966 ], [ 120.419972319977546, -3.704027821455748 ], [ 120.419990286283223, -3.703337563330078 ], [ 120.416630587120622, -3.701715006395719 ], [ 120.415804137059226, -3.700836493665789 ] ] } },
{ "type": "Feature", "properties": { "FID": 407, "OBJECTID": 1666, "NAMOBJ": "Unit Distribusi", "STSJRN": 1, "WADMPR": "Provinsi Sulawesi Selatan", "WADMKK": "Kabupaten Wajo", "REMARK": "Tidak Ada", "SBDATA": "Analisis Tim Penyusun, 2022", "SHAPE_Leng": 1.8028736528099998e-05 }, "geometry": { "type": "LineString", "coordinates": [ [ 120.414357849451804, -3.699034643402001 ], [ 120.414375815757481, -3.699016714525244 ] ] } },
{ "type": "Feature", "properties": { "FID": 408, "OBJECTID": 1667, "NAMOBJ": "Jaringan Drainase Sekunder", "STSJRN": 1, "WADMPR": "Provinsi Sulawesi Selatan", "WADMKK": "Kabupaten Wajo", "REMARK": "Tidak Ada", "SBDATA": "Analisis Tim Penyusun, 2022", "SHAPE_Leng": 0.0029095094188599999 }, "geometry": { "type": "LineString", "coordinates": [ [ 120.416199395784261, -3.701284714555243 ], [ 120.414375815757481, -3.699016714525244 ] ] } },
{ "type": "Feature", "properties": { "FID": 409, "OBJECTID": 1668, "NAMOBJ": "Unit Distribusi", "STSJRN": 1, "WADMPR": "Provinsi Sulawesi Selatan", "WADMKK": "Kabupaten Wajo", "REMARK": "Tidak Ada", "SBDATA": "Analisis Tim Penyusun, 2022", "SHAPE_Leng": 9.0142834434799996e-06 }, "geometry": { "type": "LineString", "coordinates": [ [ 120.414348866298965, -3.699034643402001 ], [ 120.414357849451804, -3.699034643402001 ] ] } },
{ "type": "Feature", "properties": { "FID": 410, "OBJECTID": 1669, "NAMOBJ": "Unit Distribusi", "STSJRN": 1, "WADMPR": "Provinsi Sulawesi Selatan", "WADMKK": "Kabupaten Wajo", "REMARK": "Tidak Ada", "SBDATA": "Analisis Tim Penyusun, 2022", "SHAPE_Leng": 9.1931126381899992e-06 }, "geometry": { "type": "LineString", "coordinates": [ [ 120.406264028741887, -3.694731702582128 ], [ 120.406255045589049, -3.694740667063869 ] ] } },
{ "type": "Feature", "properties": { "FID": 411, "OBJECTID": 1670, "NAMOBJ": "Jaringan Drainase Sekunder", "STSJRN": 1, "WADMPR": "Provinsi Sulawesi Selatan", "WADMKK": "Kabupaten Wajo", "REMARK": "Tidak Ada", "SBDATA": "Analisis Tim Penyusun, 2022", "SHAPE_Leng": 0.0136019649596 }, "geometry": { "type": "LineString", "coordinates": [ [ 120.415804137059226, -3.700836493665789 ], [ 120.414097338019417, -3.69864917247181 ], [ 120.414070388560887, -3.696775602074982 ], [ 120.413746995058617, -3.696390130162574 ], [ 120.413414618403465, -3.696345307836303 ], [ 120.411312560638649, -3.697107287074795 ], [ 120.41063882417555, -3.697044535868129 ], [ 120.409327283860748, -3.696730779768194 ], [ 120.408105575074345, -3.695646079253201 ], [ 120.406865899982265, -3.695377145036011 ], [ 120.406255045589049, -3.694740667063869 ] ] } },
{ "type": "Feature", "properties": { "FID": 412, "OBJECTID": 1671, "NAMOBJ": "Unit Distribusi", "STSJRN": 1, "WADMPR": "Provinsi Sulawesi Selatan", "WADMKK": "Kabupaten Wajo", "REMARK": "Tidak Ada", "SBDATA": "Analisis Tim Penyusun, 2022", "SHAPE_Leng": 3.13458537038e-05 }, "geometry": { "type": "LineString", "coordinates": [ [ 120.396122049184171, -3.697268647300114 ], [ 120.396122049184171, -3.697232789474803 ] ] } },
{ "type": "Feature", "properties": { "FID": 413, "OBJECTID": 1672, "NAMOBJ": "Jaringan Drainase Tersier", "STSJRN": 1, "WADMPR": "Provinsi Sulawesi Selatan", "WADMKK": "Kabupaten Wajo", "REMARK": "Tidak Ada", "SBDATA": "Analisis Tim Penyusun, 2022", "SHAPE_Leng": 0.012728518882699999 }, "geometry": { "type": "LineString", "coordinates": [ [ 120.406273011894726, -3.694767560508551 ], [ 120.404611128619123, -3.696838353300678 ], [ 120.403694847029314, -3.696372201232336 ], [ 120.40296721164917, -3.696847317761129 ], [ 120.402580936077001, -3.696596312834238 ], [ 120.402212626810524, -3.696694921921132 ], [ 120.400730406591705, -3.695771581859987 ], [ 120.400469895159318, -3.695466789784133 ], [ 120.399688360862129, -3.695153033126072 ], [ 120.397765966154125, -3.696381165697501 ], [ 120.396463408992133, -3.696901104521933 ], [ 120.396122049184171, -3.697268647300114 ] ] } },
{ "type": "Feature", "properties": { "FID": 414, "OBJECTID": 1673, "NAMOBJ": "Unit Distribusi", "STSJRN": 1, "WADMPR": "Provinsi Sulawesi Selatan", "WADMKK": "Kabupaten Wajo", "REMARK": "Tidak Ada", "SBDATA": "Analisis Tim Penyusun, 2022", "SHAPE_Leng": 0.00098701312423500002 }, "geometry": { "type": "LineString", "coordinates": [ [ 120.359749263330173, -3.75906744227 ], [ 120.359201291006883, -3.75825173371077 ] ] } },
{ "type": "Feature", "properties": { "FID": 415, "OBJECTID": 1674, "NAMOBJ": "Unit Distribusi", "STSJRN": 1, "WADMPR": "Provinsi Sulawesi Selatan", "WADMKK": "Kabupaten Wajo", "REMARK": "Tidak Ada", "SBDATA": "Analisis Tim Penyusun, 2022", "SHAPE_Leng": 0.00186702870838 }, "geometry": { "type": "LineString", "coordinates": [ [ 120.359749263330173, -3.75906744227 ], [ 120.361258433007492, -3.757964890959192 ] ] } },
{ "type": "Feature", "properties": { "FID": 416, "OBJECTID": 1675, "NAMOBJ": "Jaringan Drainase Sekunder", "STSJRN": 1, "WADMPR": "Provinsi Sulawesi Selatan", "WADMKK": "Kabupaten Wajo", "REMARK": "Tidak Ada", "SBDATA": "Analisis Tim Penyusun, 2022", "SHAPE_Leng": 0.00182528652955 }, "geometry": { "type": "LineString", "coordinates": [ [ 120.359201291006883, -3.75825173371077 ], [ 120.360557747085892, -3.75703265136518 ] ] } },
{ "type": "Feature", "properties": { "FID": 417, "OBJECTID": 1676, "NAMOBJ": "Unit Distribusi", "STSJRN": 1, "WADMPR": "Provinsi Sulawesi Selatan", "WADMKK": "Kabupaten Wajo", "REMARK": "Tidak Ada", "SBDATA": "Analisis Tim Penyusun, 2022", "SHAPE_Leng": 1.80749387176e-05 }, "geometry": { "type": "LineString", "coordinates": [ [ 120.359201291006883, -3.75825173371077 ], [ 120.35919230785403, -3.75823380604156 ] ] } },
{ "type": "Feature", "properties": { "FID": 418, "OBJECTID": 1677, "NAMOBJ": "Jalur Evakuasi Bencana", "STSJRN": 1, "WADMPR": "Provinsi Sulawesi Selatan", "WADMKK": "Kabupaten Wajo", "REMARK": "ruas Jalan Tarumpakkae - Bts. Kab. Luwu/Bts. Kab. Wajo", "SBDATA": "Analisis Tim Penyusun, 2022", "SHAPE_Leng": 0.0018239383676099999 }, "geometry": { "type": "LineString", "coordinates": [ [ 120.35919230785403, -3.75823380604156 ], [ 120.360548763933053, -3.757023687518095 ] ] } },
{ "type": "Feature", "properties": { "FID": 419, "OBJECTID": 1678, "NAMOBJ": "Unit Distribusi", "STSJRN": 1, "WADMPR": "Provinsi Sulawesi Selatan", "WADMKK": "Kabupaten Wajo", "REMARK": "Tidak Ada", "SBDATA": "Analisis Tim Penyusun, 2022", "SHAPE_Leng": 9.0374371980600001e-06 }, "geometry": { "type": "LineString", "coordinates": [ [ 120.35919230785403, -3.75823380604156 ], [ 120.359183324701192, -3.758224842206817 ] ] } },
{ "type": "Feature", "properties": { "FID": 420, "OBJECTID": 1679, "NAMOBJ": "Unit Distribusi", "STSJRN": 1, "WADMPR": "Provinsi Sulawesi Selatan", "WADMKK": "Kabupaten Wajo", "REMARK": "Tidak Ada", "SBDATA": "Analisis Tim Penyusun, 2022", "SHAPE_Leng": 9.4281335173800001e-06 }, "geometry": { "type": "LineString", "coordinates": [ [ 120.357476525661355, -3.759228791125399 ], [ 120.357485508814193, -3.759228791125399 ] ] } },
{ "type": "Feature", "properties": { "FID": 421, "OBJECTID": 1680, "NAMOBJ": "Jaringan Drainase Sekunder", "STSJRN": 1, "WADMPR": "Provinsi Sulawesi Selatan", "WADMKK": "Kabupaten Wajo", "REMARK": "Tidak Ada", "SBDATA": "Analisis Tim Penyusun, 2022", "SHAPE_Leng": 0.0078839329356499999 }, "geometry": { "type": "LineString", "coordinates": [ [ 120.357476525661355, -3.759228791125399 ], [ 120.358886880657423, -3.758439974215229 ], [ 120.361330298230214, -3.756369326432154 ], [ 120.362740653226311, -3.75466619253836 ], [ 120.363055063575743, -3.753877371503826 ] ] } },
{ "type": "Feature", "properties": { "FID": 422, "OBJECTID": 1681, "NAMOBJ": "Unit Distribusi", "STSJRN": 1, "WADMPR": "Provinsi Sulawesi Selatan", "WADMKK": "Kabupaten Wajo", "REMARK": "Tidak Ada", "SBDATA": "Analisis Tim Penyusun, 2022", "SHAPE_Leng": 1.8054561045e-05 }, "geometry": { "type": "LineString", "coordinates": [ [ 120.356973469102257, -3.759578380209676 ], [ 120.356964485949419, -3.759569416388752 ] ] } },
{ "type": "Feature", "properties": { "FID": 423, "OBJECTID": 1682, "NAMOBJ": "Jaringan Drainase Sekunder", "STSJRN": 1, "WADMPR": "Provinsi Sulawesi Selatan", "WADMKK": "Kabupaten Wajo", "REMARK": "Tidak Ada", "SBDATA": "Analisis Tim Penyusun, 2022", "SHAPE_Leng": 0.00259804761231 }, "geometry": { "type": "LineString", "coordinates": [ [ 120.356973469102257, -3.759578380209676 ], [ 120.359201291006883, -3.75825173371077 ] ] } },
{ "type": "Feature", "properties": { "FID": 424, "OBJECTID": 1683, "NAMOBJ": "Jalur Evakuasi Bencana", "STSJRN": 1, "WADMPR": "Provinsi Sulawesi Selatan", "WADMKK": "Kabupaten Wajo", "REMARK": "ruas Jalan Tarumpakkae - Bts. Kab. Luwu/Bts. Kab. Wajo", "SBDATA": "Analisis Tim Penyusun, 2022", "SHAPE_Leng": 0.0025975413162199999 }, "geometry": { "type": "LineString", "coordinates": [ [ 120.356964485949419, -3.759569416388752 ], [ 120.35919230785403, -3.75823380604156 ] ] } },
{ "type": "Feature", "properties": { "FID": 425, "OBJECTID": 1684, "NAMOBJ": "Unit Distribusi", "STSJRN": 1, "WADMPR": "Provinsi Sulawesi Selatan", "WADMKK": "Kabupaten Wajo", "REMARK": "Tidak Ada", "SBDATA": "Analisis Tim Penyusun, 2022", "SHAPE_Leng": 9.0269833428100007e-06 }, "geometry": { "type": "LineString", "coordinates": [ [ 120.356964485949419, -3.759569416388752 ], [ 120.356955502796581, -3.759560452567738 ] ] } },
{ "type": "Feature", "properties": { "FID": 426, "OBJECTID": 1685, "NAMOBJ": "Unit Distribusi", "STSJRN": 1, "WADMPR": "Provinsi Sulawesi Selatan", "WADMKK": "Kabupaten Wajo", "REMARK": "Tidak Ada", "SBDATA": "Analisis Tim Penyusun, 2022", "SHAPE_Leng": 1.8018601774599999e-05 }, "geometry": { "type": "LineString", "coordinates": [ [ 120.351727307842992, -3.761657984172662 ], [ 120.351745274148669, -3.761666947972107 ] ] } },
{ "type": "Feature", "properties": { "FID": 427, "OBJECTID": 1686, "NAMOBJ": "Jaringan Drainase Sekunder", "STSJRN": 1, "WADMPR": "Provinsi Sulawesi Selatan", "WADMKK": "Kabupaten Wajo", "REMARK": "Tidak Ada", "SBDATA": "Analisis Tim Penyusun, 2022", "SHAPE_Leng": 0.0057380432286199996 }, "geometry": { "type": "LineString", "coordinates": [ [ 120.351745274148669, -3.761666947972107 ], [ 120.352149516026515, -3.761263576905777 ], [ 120.354539034682276, -3.760250666516247 ], [ 120.356479395695985, -3.759883150066224 ], [ 120.356973469102257, -3.759578380209676 ] ] } },
{ "type": "Feature", "properties": { "FID": 428, "OBJECTID": 1687, "NAMOBJ": "Jalur Evakuasi Bencana", "STSJRN": 1, "WADMPR": "Provinsi Sulawesi Selatan", "WADMKK": "Kabupaten Wajo", "REMARK": "ruas Jalan Tarumpakkae - Bts. Kab. Luwu/Bts. Kab. Wajo", "SBDATA": "Analisis Tim Penyusun, 2022", "SHAPE_Leng": 0.0057500424672600001 }, "geometry": { "type": "LineString", "coordinates": [ [ 120.351727307842992, -3.761657984172662 ], [ 120.352140532873676, -3.761245649298494 ], [ 120.354539034682276, -3.760232738888133 ], [ 120.356479395695985, -3.759865222430552 ], [ 120.356964485949419, -3.759569416388752 ] ] } },
{ "type": "Feature", "properties": { "FID": 429, "OBJECTID": 1688, "NAMOBJ": "Unit Distribusi", "STSJRN": 1, "WADMPR": "Provinsi Sulawesi Selatan", "WADMKK": "Kabupaten Wajo", "REMARK": "Tidak Ada", "SBDATA": "Analisis Tim Penyusun, 2022", "SHAPE_Leng": 9.0092104998299993e-06 }, "geometry": { "type": "LineString", "coordinates": [ [ 120.351718324690154, -3.761657984172662 ], [ 120.351727307842992, -3.761657984172662 ] ] } },
{ "type": "Feature", "properties": { "FID": 430, "OBJECTID": 1689, "NAMOBJ": "Jaringan Drainase Tersier", "STSJRN": 1, "WADMPR": "Provinsi Sulawesi Selatan", "WADMKK": "Kabupaten Wajo", "REMARK": "Tidak Ada", "SBDATA": "Analisis Tim Penyusun, 2022", "SHAPE_Leng": 0.102611485441 }, "geometry": { "type": "LineString", "coordinates": [ [ 120.359866044317116, -3.796876038500369 ], [ 120.36218369775014, -3.793936026637971 ], [ 120.362884383671755, -3.791453142974271 ], [ 120.363549136981987, -3.789974165561828 ], [ 120.363944395707023, -3.789768004873177 ], [ 120.365390683314445, -3.78975904136386 ], [ 120.365983571401983, -3.789597698180273 ], [ 120.366944768755971, -3.78730303631225 ], [ 120.373277891509019, -3.788324878676917 ], [ 120.366962735061648, -3.787338890450733 ], [ 120.366010520860499, -3.78962458871296 ], [ 120.365399666467283, -3.78979489540057 ], [ 120.363944395707023, -3.789812822418368 ], [ 120.363576086440517, -3.790001056082812 ], [ 120.362920316283123, -3.791471069957692 ], [ 120.362210647208656, -3.793953953569893 ], [ 120.359892993775631, -3.796974636285701 ], [ 120.359803162247218, -3.797539332475659 ], [ 120.360027741068251, -3.798310186995755 ], [ 120.359165358395515, -3.799807076945868 ], [ 120.360899106893854, -3.8015907927163 ], [ 120.361707590649559, -3.802200302787068 ], [ 120.361986068387637, -3.802594691426771 ], [ 120.362282512431392, -3.803992976968035 ], [ 120.363800665261564, -3.805669123953642 ], [ 120.365246952868986, -3.805445040320886 ], [ 120.367016633978693, -3.805445040320886 ], [ 120.36988225973505, -3.807013624525815 ], [ 120.368795298241267, -3.806565457901657 ], [ 120.367007650825855, -3.805480893706045 ], [ 120.365246952868986, -3.805480893706045 ], [ 120.364366603890545, -3.805713940673197 ], [ 120.363791682108726, -3.805704977329472 ], [ 120.362246579820024, -3.804010903691014 ], [ 120.361950135776269, -3.802603654802849 ], [ 120.361680641191043, -3.802218229547332 ], [ 120.360872157435324, -3.801617682875567 ], [ 120.359129425784147, -3.799816040350921 ], [ 120.36000977476256, -3.798166772253448 ], [ 120.359767229635864, -3.797539332475659 ], [ 120.359830111705747, -3.796885001935864 ], [ 120.359021627950028, -3.7956839007503 ], [ 120.358949762727306, -3.794724811290654 ], [ 120.358644335530713, -3.793918099705677 ], [ 120.358788065976171, -3.792672177000083 ], [ 120.358285009417074, -3.790664355335748 ], [ 120.358653318683551, -3.789490136041162 ], [ 120.358240093652867, -3.788271097529911 ], [ 120.356686008211327, -3.787168583279712 ], [ 120.355042091241401, -3.786872786534617 ], [ 120.35232917908337, -3.784649825943953 ], [ 120.35220341494356, -3.781216774791553 ], [ 120.351691375231624, -3.780096324344345 ], [ 120.350191188707157, -3.778895199857163 ], [ 120.344648583404137, -3.777039728164145 ] ] } },
{ "type": "Feature", "properties": { "FID": 431, "OBJECTID": 1690, "NAMOBJ": "Jaringan Drainase Tersier", "STSJRN": 1, "WADMPR": "Provinsi Sulawesi Selatan", "WADMKK": "Kabupaten Wajo", "REMARK": "Tidak Ada", "SBDATA": "Analisis Tim Penyusun, 2022", "SHAPE_Leng": 0.028735653992499999 }, "geometry": { "type": "LineString", "coordinates": [ [ 120.344657566556975, -3.777003873599602 ], [ 120.350209155012834, -3.778868308991399 ], [ 120.351718324690154, -3.780069433515821 ], [ 120.352239347554928, -3.781207811193721 ], [ 120.352356128541885, -3.78463189881922 ], [ 120.355060057547078, -3.786836932376827 ], [ 120.356694991364165, -3.787141692670699 ], [ 120.358267043111383, -3.788244206955155 ], [ 120.358689251294919, -3.789490136041162 ], [ 120.358320942028428, -3.790664355335748 ], [ 120.358823998587525, -3.792672177000083 ], [ 120.358680268142066, -3.793918099705677 ], [ 120.35898569533866, -3.794715847832738 ], [ 120.359057560561396, -3.795674937302336 ], [ 120.359866044317116, -3.796876038500369 ] ] } },
{ "type": "Feature", "properties": { "FID": 432, "OBJECTID": 1691, "NAMOBJ": "Jaringan Drainase Tersier", "STSJRN": 1, "WADMPR": "Provinsi Sulawesi Selatan", "WADMKK": "Kabupaten Wajo", "REMARK": "Tidak Ada", "SBDATA": "Analisis Tim Penyusun, 2022", "SHAPE_Leng": 0.038623522588499999 }, "geometry": { "type": "LineString", "coordinates": [ [ 120.326116339092735, -3.828507421446318 ], [ 120.328442975678627, -3.82944854703495 ], [ 120.329305358351363, -3.830479302444758 ], [ 120.331084022613936, -3.829968406440275 ], [ 120.332754889042377, -3.829977369530703 ], [ 120.335674413715779, -3.831321832031481 ], [ 120.336851206737975, -3.832361548250098 ], [ 120.339025129725542, -3.833257854320732 ], [ 120.342456694110879, -3.834306531230747 ], [ 120.339007163419865, -3.833293706544018 ], [ 120.336842223585137, -3.832388437445885 ], [ 120.335656447410102, -3.831348721259948 ], [ 120.332745905889539, -3.830013221891469 ], [ 120.331093005766775, -3.830004258801417 ], [ 120.329440105643982, -3.830542044038315 ], [ 120.328425009372921, -3.829484399417868 ], [ 120.326107355939897, -3.82854327386865 ], [ 120.325559383616593, -3.828928687313898 ], [ 120.323960382410874, -3.828874908704047 ] ] } },
{ "type": "Feature", "properties": { "FID": 433, "OBJECTID": 1692, "NAMOBJ": "Jaringan Drainase Tersier", "STSJRN": 1, "WADMPR": "Provinsi Sulawesi Selatan", "WADMKK": "Kabupaten Wajo", "REMARK": "Tidak Ada", "SBDATA": "Analisis Tim Penyusun, 2022", "SHAPE_Leng": 0.0022990234432400001 }, "geometry": { "type": "LineString", "coordinates": [ [ 120.323960382410874, -3.828839056295602 ], [ 120.325550400463754, -3.828892834907706 ], [ 120.326116339092735, -3.828507421446318 ] ] } },
{ "type": "Feature", "properties": { "FID": 434, "OBJECTID": 1693, "NAMOBJ": "Jaringan Drainase Tersier", "STSJRN": 1, "WADMPR": "Provinsi Sulawesi Selatan", "WADMKK": "Kabupaten Wajo", "REMARK": "Tidak Ada", "SBDATA": "Analisis Tim Penyusun, 2022", "SHAPE_Leng": 0.067101843497300001 }, "geometry": { "type": "LineString", "coordinates": [ [ 120.312048721743437, -3.848459062019501 ], [ 120.313602807184949, -3.848243952479676 ], [ 120.314249594189519, -3.848342544358839 ], [ 120.314644852914526, -3.848046768687114 ], [ 120.31502214533387, -3.847455217035568 ], [ 120.316585213928235, -3.847392476684797 ], [ 120.317321832461218, -3.846944331187778 ], [ 120.31766319226918, -3.847016034483141 ], [ 120.317968619465773, -3.847392476684797 ], [ 120.319163378793647, -3.847437291221534 ], [ 120.319352025003312, -3.847724104200829 ], [ 120.319226260863545, -3.849436017162504 ], [ 120.320609666401097, -3.849937938634996 ], [ 120.321094756654517, -3.850762523268857 ], [ 120.322136802384094, -3.851533329921657 ], [ 120.322648842096029, -3.851658810008366 ], [ 120.323160881807993, -3.852501318682811 ], [ 120.323861567729594, -3.853057015437032 ], [ 120.325388703712619, -3.853648563195879 ], [ 120.32581989504898, -3.853514120559537 ], [ 120.326287018996737, -3.852859832759339 ], [ 120.32719431743368, -3.853048052589037 ], [ 120.32943112249113, -3.853881597048534 ], [ 120.32990722959174, -3.854464181400829 ], [ 120.332880653182158, -3.85550386940705 ], [ 120.334677283750409, -3.856669035489332 ], [ 120.335629497951572, -3.85700065938999 ], [ 120.334659317444718, -3.856704886728073 ], [ 120.332871670029306, -3.855539720694932 ], [ 120.329889263286049, -3.85450003273255 ], [ 120.329413156185453, -3.853917448404814 ], [ 120.327176351127989, -3.853083903980449 ], [ 120.326304985302414, -3.852895684158683 ], [ 120.325837861354657, -3.853541009088506 ], [ 120.325388703712619, -3.853684414561982 ], [ 120.323843601423917, -3.853092866828066 ], [ 120.323133932349478, -3.852519244390226 ], [ 120.322630875790352, -3.851694661458314 ], [ 120.322118836078417, -3.851569181376891 ], [ 120.321076790348826, -3.850789411884774 ], [ 120.320582716942582, -3.849964827276958 ], [ 120.319199311405015, -3.849462905820316 ], [ 120.319316092391944, -3.847724104200829 ], [ 120.31914541248797, -3.847464179942444 ], [ 120.317959636312935, -3.847428328314374 ], [ 120.31763624281065, -3.847042923217346 ], [ 120.317330815614056, -3.846980182836214 ], [ 120.316594197081074, -3.847428328314374 ], [ 120.315040111639561, -3.847491068662507 ], [ 120.314671802373056, -3.848064694488324 ], [ 120.314258577342372, -3.848378395948434 ], [ 120.313602807184949, -3.848279804073419 ], [ 120.312210418494573, -3.84853972808293 ], [ 120.311617530407062, -3.848306692767737 ], [ 120.310809046651343, -3.847491068662507 ], [ 120.30993768082574, -3.847078774861633 ], [ 120.307072055069412, -3.846128705778367 ], [ 120.305859329435862, -3.844013453827112 ] ] } },
{ "type": "Feature", "properties": { "FID": 435, "OBJECTID": 1694, "NAMOBJ": "Jaringan Drainase Tersier", "STSJRN": 1, "WADMPR": "Provinsi Sulawesi Selatan", "WADMKK": "Kabupaten Wajo", "REMARK": "Tidak Ada", "SBDATA": "Analisis Tim Penyusun, 2022", "SHAPE_Leng": 0.0080246217224899993 }, "geometry": { "type": "LineString", "coordinates": [ [ 120.30589526204723, -3.843995527940693 ], [ 120.307099004527942, -3.846101817015314 ], [ 120.310827012957034, -3.847464179942444 ], [ 120.311635496712739, -3.848270841175126 ], [ 120.312048721743437, -3.848459062019501 ] ] } },
{ "type": "Feature", "properties": { "FID": 436, "OBJECTID": 1695, "NAMOBJ": "Jaringan Drainase Tersier", "STSJRN": 1, "WADMPR": "Provinsi Sulawesi Selatan", "WADMKK": "Kabupaten Wajo", "REMARK": "Tidak Ada", "SBDATA": "Analisis Tim Penyusun, 2022", "SHAPE_Leng": 0.13909003106199999 }, "geometry": { "type": "LineString", "coordinates": [ [ 120.332224883024764, -3.875652054458788 ], [ 120.337147650781731, -3.876772379866293 ], [ 120.341163120101754, -3.877265322575335 ], [ 120.337138667628892, -3.876808230254825 ], [ 120.332215899871926, -3.875687904894815 ], [ 120.330742662805974, -3.875678942285951 ], [ 120.330392319845146, -3.879138502247999 ], [ 120.3286136555826, -3.878797924434504 ], [ 120.32840704306723, -3.878986138506299 ], [ 120.327382963643359, -3.878869625038226 ], [ 120.326664311416053, -3.878645560631396 ], [ 120.325397686865458, -3.87793751671535 ], [ 120.324140045467686, -3.877695526886524 ], [ 120.323663938367091, -3.877776190170496 ], [ 120.3228554546114, -3.878215356803751 ], [ 120.321930189868752, -3.880805539038705 ], [ 120.32151696483804, -3.881459805267238 ], [ 120.317375731378263, -3.881648018745949 ], [ 120.31628876988448, -3.881558393285129 ], [ 120.31618097205039, -3.882302284321745 ], [ 120.316028258452093, -3.882427759853685 ], [ 120.314905364346941, -3.882320209398879 ], [ 120.314312476259417, -3.882517385222225 ], [ 120.312982969638924, -3.88407686511151 ], [ 120.312551778302549, -3.885250954391027 ], [ 120.313746537630436, -3.88585144216964 ], [ 120.315866561700929, -3.886281642106417 ], [ 120.317285899849864, -3.886756654281701 ], [ 120.320376104427211, -3.886810429228083 ], [ 120.321256453405653, -3.887679790385379 ], [ 120.32398733186939, -3.888835949710897 ], [ 120.32546955208818, -3.889275110589504 ], [ 120.325514467852386, -3.889830783209974 ], [ 120.325029377598952, -3.891668085233078 ], [ 120.325038360751819, -3.892698765101107 ], [ 120.325361754254089, -3.893344059680652 ], [ 120.325406670018296, -3.894240301331692 ], [ 120.325900743424555, -3.895602586813474 ], [ 120.326942789154131, -3.896077593732623 ], [ 120.327257199503563, -3.899895564131174 ], [ 120.327131435363796, -3.900881422215472 ], [ 120.326331934760944, -3.900935196259534 ], [ 120.326080406481367, -3.901428124836394 ], [ 120.326313968455253, -3.900908309237934 ], [ 120.327104485905267, -3.900854535192152 ], [ 120.327212283739357, -3.899895564131174 ], [ 120.326915839695602, -3.896086556124745 ], [ 120.325873793966025, -3.895629474004738 ], [ 120.325379720559766, -3.894249263743383 ], [ 120.325325821642721, -3.893353022101886 ], [ 120.325002428140422, -3.89270772752921 ], [ 120.324993444987584, -3.891668085233078 ], [ 120.325496501546709, -3.889364735230492 ], [ 120.321238487099976, -3.887715640310766 ], [ 120.320367121274373, -3.886846279190432 ], [ 120.317276916697011, -3.886792504246337 ], [ 120.315857578548091, -3.886317492091244 ], [ 120.313737554477584, -3.885887292172753 ], [ 120.312524828844005, -3.885277841912643 ], [ 120.309767000921767, -3.885143404295993 ], [ 120.309263944362669, -3.885188216837256 ], [ 120.308581224746732, -3.885546717081673 ], [ 120.307314600196122, -3.88541227950787 ], [ 120.305185592972762, -3.885896254673292 ], [ 120.303550659155675, -3.886953829068335 ], [ 120.303119467819286, -3.888011402137044 ], [ 120.302472680814731, -3.88840575107734 ], [ 120.301475550849347, -3.888450563445246 ], [ 120.30032570728568, -3.888145839296505 ], [ 120.298008053852655, -3.888396788603474 ], [ 120.296292271659965, -3.887993477180829 ], [ 120.295322091153125, -3.888423676024788 ], [ 120.291863577309257, -3.88932888537524 ], [ 120.290309491867745, -3.889158598541971 ], [ 120.286680298119904, -3.889221335800337 ], [ 120.286320972006237, -3.889257185660163 ], [ 120.285350791499411, -3.889777008456266 ], [ 120.282377367908964, -3.890180319025434 ], [ 120.281299389568019, -3.889732196158886 ], [ 120.280553787882198, -3.88982182075126 ], [ 120.277310869706525, -3.889275110589504 ] ] } },
{ "type": "Feature", "properties": { "FID": 437, "OBJECTID": 1696, "NAMOBJ": "Jaringan Drainase Tersier", "STSJRN": 1, "WADMPR": "Provinsi Sulawesi Selatan", "WADMKK": "Kabupaten Wajo", "REMARK": "Tidak Ada", "SBDATA": "Analisis Tim Penyusun, 2022", "SHAPE_Leng": 0.065158356721799995 }, "geometry": { "type": "LineString", "coordinates": [ [ 120.277319852859364, -3.88923926073044 ], [ 120.280562771035036, -3.889785970915455 ], [ 120.281308372720858, -3.889696346319266 ], [ 120.282377367908964, -3.89014446920488 ], [ 120.285350791499411, -3.889741158618552 ], [ 120.28630300570056, -3.889221335800337 ], [ 120.286671314967066, -3.889185485938986 ], [ 120.290309491867745, -3.889122748677951 ], [ 120.291854594156419, -3.889293035518464 ], [ 120.295304124847434, -3.88838782612951 ], [ 120.296292271659965, -3.887957627267256 ], [ 120.298008053852655, -3.888360938707052 ], [ 120.30032570728568, -3.888109989389412 ], [ 120.301475550849347, -3.888414713551111 ], [ 120.302472680814731, -3.888369901181299 ], [ 120.303092518360756, -3.887993477180829 ], [ 120.303523709697146, -3.886926941600144 ], [ 120.305176609819924, -3.885860404670561 ], [ 120.307305617043284, -3.885376429484571 ], [ 120.308572241593893, -3.885510867064087 ], [ 120.309254961209831, -3.885152366804436 ], [ 120.310907861332595, -3.885089629243335 ], [ 120.312515845691166, -3.885241991883631 ], [ 120.312947037027556, -3.884058940071681 ], [ 120.314285526800887, -3.882481535075951 ], [ 120.314896381194103, -3.882284359244233 ], [ 120.316010292146416, -3.882391909703605 ], [ 120.316145039439022, -3.882293321783036 ], [ 120.316270803578803, -3.881522543098137 ], [ 120.317375731378263, -3.881612168562763 ], [ 120.321498998532363, -3.881423955076061 ], [ 120.321903240410236, -3.88078761392942 ], [ 120.322828505152884, -3.878197431639514 ], [ 120.323654955214252, -3.877740339823014 ], [ 120.324140045467686, -3.877659676535619 ], [ 120.325415653171135, -3.87790166637471 ], [ 120.326673294568906, -3.878609710320789 ], [ 120.327391946796197, -3.878833774737125 ], [ 120.328398059914392, -3.878950288210141 ], [ 120.3286136555826, -3.878762074130361 ], [ 120.33036537038663, -3.879102651958307 ], [ 120.330706730194606, -3.875652054458788 ], [ 120.332224883024764, -3.875652054458788 ] ] } },
{ "type": "Feature", "properties": { "FID": 438, "OBJECTID": 1697, "NAMOBJ": "Jaringan Drainase Sekunder", "STSJRN": 1, "WADMPR": "Provinsi Sulawesi Selatan", "WADMKK": "Kabupaten Wajo", "REMARK": "Tidak Ada", "SBDATA": "Analisis Tim Penyusun, 2022", "SHAPE_Leng": 0.21281078571600001 }, "geometry": { "type": "LineString", "coordinates": [ [ 120.27098673010633, -3.934498488744087 ], [ 120.275020165732016, -3.929945790034732 ], [ 120.27666408270197, -3.925518535565595 ], [ 120.277831892571328, -3.919684202837075 ], [ 120.279332079095795, -3.917533286488942 ], [ 120.279754287279346, -3.916672918401235 ], [ 120.281586850458936, -3.908624849104209 ], [ 120.28344636309707, -3.905846544433434 ], [ 120.283545177778322, -3.905398429915251 ], [ 120.283365514721496, -3.904322954095477 ], [ 120.280535821576507, -3.898506398504226 ], [ 120.280445990048108, -3.895862496293025 ], [ 120.278999702440672, -3.893496420828647 ], [ 120.277283920247996, -3.891085526488864 ], [ 120.277212055025274, -3.890108619382802 ], [ 120.277409684387791, -3.888127914343149 ], [ 120.277050358274124, -3.886774579264209 ], [ 120.275442373915567, -3.884775941367848 ], [ 120.274912367897926, -3.883646664050532 ], [ 120.275361525539992, -3.881692831472793 ], [ 120.276412554422421, -3.880070609246097 ], [ 120.276726964771854, -3.878170543892445 ], [ 120.277652229514501, -3.876978519579585 ], [ 120.279098517121923, -3.875974708328326 ], [ 120.279448860082724, -3.875490727477859 ], [ 120.279394961165679, -3.874639279013196 ], [ 120.27890088775942, -3.873330735491762 ], [ 120.278945803523627, -3.872775052014391 ], [ 120.280077680781616, -3.869835301097169 ], [ 120.28051785527083, -3.866447404764023 ], [ 120.280993962371426, -3.865085072262374 ], [ 120.282988222302151, -3.861768859000703 ], [ 120.290327458173422, -3.853585823301564 ], [ 120.29327393230534, -3.851981473003521 ], [ 120.297046856498639, -3.850888003469207 ], [ 120.299337560473148, -3.849973790157424 ], [ 120.301682163364688, -3.847329736329404 ], [ 120.304952030998891, -3.844533304369347 ], [ 120.321885274104545, -3.834548533411925 ], [ 120.323924449799506, -3.830658564128431 ], [ 120.323924449799506, -3.821955366072245 ], [ 120.328002801189399, -3.812570871276738 ], [ 120.328173481093373, -3.810150784361851 ], [ 120.328784335486588, -3.808340196366073 ], [ 120.331317584587794, -3.803096640343612 ], [ 120.331991321050893, -3.801303964298618 ], [ 120.332485394457152, -3.800721343781495 ], [ 120.332341664011693, -3.800084942459199 ], [ 120.331155887836658, -3.799376833393812 ], [ 120.331209786753703, -3.798991406696236 ], [ 120.33225183248328, -3.797109087793005 ], [ 120.333213029837296, -3.796203780573005 ], [ 120.33542288543623, -3.794679994000141 ], [ 120.337192566545937, -3.792770775265256 ], [ 120.338908348738613, -3.790359596282707 ], [ 120.339249708546575, -3.789570807646749 ], [ 120.340372602651726, -3.788289024579285 ], [ 120.341387698922773, -3.786836932376827 ], [ 120.341657193508013, -3.785797161154989 ], [ 120.34180990710631, -3.78298260175668 ], [ 120.342546525639293, -3.78143190111172 ], [ 120.343561621910354, -3.780141142390032 ], [ 120.344621633945607, -3.777156255488678 ], [ 120.345421134548459, -3.773131571913421 ], [ 120.345259437797324, -3.771168523492752 ], [ 120.345789443814965, -3.769564019436117 ], [ 120.346256567762694, -3.769196506917013 ], [ 120.347837602662764, -3.768649719710935 ], [ 120.348735917946868, -3.76800433109099 ], [ 120.350011525650331, -3.765135931433064 ], [ 120.351134419755454, -3.763540380032527 ], [ 120.351745274148669, -3.761666947972107 ] ] } },
{ "type": "Feature", "properties": { "FID": 439, "OBJECTID": 1698, "NAMOBJ": "Jaringan Drainase Sekunder", "STSJRN": 1, "WADMPR": "Provinsi Sulawesi Selatan", "WADMKK": "Kabupaten Wajo", "REMARK": "Tidak Ada", "SBDATA": "Analisis Tim Penyusun, 2022", "SHAPE_Leng": 1.86460345522e-05 }, "geometry": { "type": "LineString", "coordinates": [ [ 120.27098673010633, -3.934498488744087 ], [ 120.270968763800653, -3.934489526763184 ] ] } },
{ "type": "Feature", "properties": { "FID": 440, "OBJECTID": 1699, "NAMOBJ": "Unit Distribusi", "STSJRN": 1, "WADMPR": "Provinsi Sulawesi Selatan", "WADMKK": "Kabupaten Wajo", "REMARK": "Tidak Ada", "SBDATA": "Analisis Tim Penyusun, 2022", "SHAPE_Leng": 1.8646032401499998e-05 }, "geometry": { "type": "LineString", "coordinates": [ [ 120.270977746953491, -3.934507450724892 ], [ 120.270959780647814, -3.934498488744087 ] ] } },
{ "type": "Feature", "properties": { "FID": 441, "OBJECTID": 1700, "NAMOBJ": "Jaringan Drainase Sekunder", "STSJRN": 1, "WADMPR": "Provinsi Sulawesi Selatan", "WADMKK": "Kabupaten Wajo", "REMARK": "Tidak Ada", "SBDATA": "Analisis Tim Penyusun, 2022", "SHAPE_Leng": 9.3157180802499992e-06 }, "geometry": { "type": "LineString", "coordinates": [ [ 120.270977746953491, -3.934507450724892 ], [ 120.27098673010633, -3.934498488744087 ] ] } },
{ "type": "Feature", "properties": { "FID": 442, "OBJECTID": 1701, "NAMOBJ": "Jalur Evakuasi Bencana", "STSJRN": 1, "WADMPR": "Provinsi Sulawesi Selatan", "WADMKK": "Kabupaten Wajo", "REMARK": "ruas Jalan Solo – Peneki – Kulampu", "SBDATA": "Analisis Tim Penyusun, 2022", "SHAPE_Leng": 1.8646036857799999e-05 }, "geometry": { "type": "LineString", "coordinates": [ [ 120.270977746953491, -3.934507450724892 ], [ 120.270959780647814, -3.934498488744087 ] ] } },
{ "type": "Feature", "properties": { "FID": 444, "OBJECTID": 1703, "NAMOBJ": "Jalur Evakuasi Bencana", "STSJRN": 1, "WADMPR": "Provinsi Sulawesi Selatan", "WADMKK": "Kabupaten Wajo", "REMARK": "ruas Jalan Tarumpakkae - Bts. Kab. Luwu/Bts. Kab. Wajo", "SBDATA": "Analisis Tim Penyusun, 2022", "SHAPE_Leng": 0.090322804345400007 }, "geometry": { "type": "LineString", "coordinates": [ [ 120.199956940590994, -3.970220176210086 ], [ 120.203972409911017, -3.965855868001596 ], [ 120.20805076130091, -3.963185294321357 ], [ 120.21007197069018, -3.961572191947135 ], [ 120.214707277556229, -3.958516250494038 ], [ 120.215740340132967, -3.958014393927682 ], [ 120.217294425574522, -3.957584230914442 ], [ 120.21798612834327, -3.957449804926982 ], [ 120.218956308850125, -3.957512537057179 ], [ 120.223861110301414, -3.958121934646078 ], [ 120.230921868434606, -3.959717120328681 ], [ 120.23281731368408, -3.959770890579037 ], [ 120.239527728856459, -3.960720831092654 ], [ 120.241809449678129, -3.961554268569751 ], [ 120.243183872062815, -3.961688693890661 ], [ 120.251726850414812, -3.958372862934688 ], [ 120.260359660295208, -3.954797127645305 ], [ 120.26059322226908, -3.954680624732174 ], [ 120.260961531535557, -3.954107071690302 ], [ 120.2635037637896, -3.949016771059591 ], [ 120.264303264392481, -3.946444723478549 ], [ 120.264231399169759, -3.943128831568665 ], [ 120.266037012890848, -3.939705383340415 ], [ 120.266845496646539, -3.938531370363194 ], [ 120.270959780647814, -3.934498488744087 ] ] } },
{ "type": "Feature", "properties": { "FID": 445, "OBJECTID": 1704, "NAMOBJ": "Unit Distribusi", "STSJRN": 1, "WADMPR": "Provinsi Sulawesi Selatan", "WADMKK": "Kabupaten Wajo", "REMARK": "Tidak Ada", "SBDATA": "Analisis Tim Penyusun, 2022", "SHAPE_Leng": 9.3233916628700002e-06 }, "geometry": { "type": "LineString", "coordinates": [ [ 120.270959780647814, -3.934498488744087 ], [ 120.270959780647814, -3.934489526763184 ] ] } },
{ "type": "Feature", "properties": { "FID": 446, "OBJECTID": 1705, "NAMOBJ": "Jalur Evakuasi Bencana", "STSJRN": 1, "WADMPR": "Provinsi Sulawesi Selatan", "WADMKK": "Kabupaten Wajo", "REMARK": "ruas Jalan Tarumpakkae - Bts. Kab. Luwu/Bts. Kab. Wajo", "SBDATA": "Analisis Tim Penyusun, 2022", "SHAPE_Leng": 9.3157162973699998e-06 }, "geometry": { "type": "LineString", "coordinates": [ [ 120.270959780647814, -3.934498488744087 ], [ 120.270968763800653, -3.934489526763184 ] ] } },
{ "type": "Feature", "properties": { "FID": 447, "OBJECTID": 1706, "NAMOBJ": "Jaringan Drainase Sekunder", "STSJRN": 1, "WADMPR": "Provinsi Sulawesi Selatan", "WADMKK": "Kabupaten Wajo", "REMARK": "Tidak Ada", "SBDATA": "Analisis Tim Penyusun, 2022", "SHAPE_Leng": 9.3233742338799999e-06 }, "geometry": { "type": "LineString", "coordinates": [ [ 120.270968763800653, -3.934489526763184 ], [ 120.270959780647814, -3.934480564782186 ] ] } },
{ "type": "Feature", "properties": { "FID": 448, "OBJECTID": 1707, "NAMOBJ": "Unit Distribusi", "STSJRN": 1, "WADMPR": "Provinsi Sulawesi Selatan", "WADMKK": "Kabupaten Wajo", "REMARK": "Tidak Ada", "SBDATA": "Analisis Tim Penyusun, 2022", "SHAPE_Leng": 0.31636368702500001 }, "geometry": { "type": "LineString", "coordinates": [ [ 120.270959780647814, -3.934480564782186 ], [ 120.274993216273486, -3.929927865974932 ], [ 120.27663713324344, -3.925509573488196 ], [ 120.277804943112798, -3.919675240697101 ], [ 120.279305129637265, -3.917515362162804 ], [ 120.279727337820816, -3.916663956228999 ], [ 120.281568884153245, -3.908615886845873 ], [ 120.283482295708438, -3.905631449494569 ], [ 120.28333856526298, -3.904331916399668 ], [ 120.280508872117991, -3.898515360870467 ], [ 120.280428023742417, -3.89587145868744 ], [ 120.278972752982156, -3.893514345667774 ], [ 120.277256970789466, -3.891094488934134 ], [ 120.277185105566744, -3.890108619382802 ], [ 120.277382734929276, -3.888127914343149 ], [ 120.277023408815609, -3.88678354175532 ], [ 120.275415424457037, -3.884793866392447 ], [ 120.274885418439396, -3.883655626574874 ], [ 120.275334576081477, -3.881683868927615 ], [ 120.276385604963892, -3.880061646683705 ], [ 120.276708998466177, -3.878161581309898 ], [ 120.277625280055986, -3.87696059438912 ], [ 120.279089533969085, -3.875947820510567 ], [ 120.279421910624208, -3.875481764866905 ], [ 120.279368011707163, -3.874648241633078 ], [ 120.278873938300904, -3.873330735491762 ], [ 120.278918854065111, -3.872775052014391 ], [ 120.280050731323101, -3.869826338426329 ], [ 120.2804909058123, -3.86643844205735 ], [ 120.281380237943594, -3.864224650607393 ], [ 120.282305502686242, -3.862718910611191 ], [ 120.284165015324348, -3.860290002962862 ], [ 120.2899052499899, -3.853944336921033 ], [ 120.290677801134223, -3.853299012297191 ], [ 120.293264949152501, -3.851954584425264 ], [ 120.297037873345801, -3.850861114856403 ], [ 120.29932857732031, -3.849955864396398 ], [ 120.301664197059011, -3.847311810512728 ], [ 120.304934064693214, -3.844515378493856 ], [ 120.321867307798868, -3.834539570369401 ], [ 120.323897500340976, -3.830649601045139 ], [ 120.323897500340976, -3.821946402897895 ], [ 120.327975851730869, -3.812561908004434 ], [ 120.328146531634843, -3.810150784361851 ], [ 120.328757386028059, -3.808331233049689 ], [ 120.331299618282117, -3.803087676972661 ], [ 120.331964371592377, -3.801286037519346 ], [ 120.332467428151475, -3.800712380385851 ], [ 120.332323697706016, -3.800102869263437 ], [ 120.331137921530981, -3.799385796803335 ], [ 120.331182837295174, -3.798982443282616 ], [ 120.332233866177603, -3.797091160926574 ], [ 120.333195063531619, -3.796176890245024 ], [ 120.335404919130553, -3.794662067083285 ], [ 120.337165617087408, -3.792752848308789 ], [ 120.338890382432936, -3.790341669276242 ], [ 120.339222759088045, -3.789552880623935 ], [ 120.340354636346035, -3.788271097529911 ], [ 120.341450580992671, -3.786648698024068 ], [ 120.341630244049483, -3.785788197604544 ], [ 120.34178295764778, -3.78298260175668 ], [ 120.342519576180763, -3.78141397392041 ], [ 120.343543655604662, -3.78013217878108 ], [ 120.344594684487092, -3.777147291848885 ], [ 120.345394185089944, -3.773131571913421 ], [ 120.345232488338794, -3.771159559791164 ], [ 120.34576249435645, -3.769546091999765 ], [ 120.346247584609856, -3.769169615750979 ], [ 120.347819636357087, -3.768631792255735 ], [ 120.348717951641177, -3.767986403622491 ], [ 120.349984576191787, -3.765118003905478 ], [ 120.351107470296938, -3.763522452472093 ], [ 120.351844088829921, -3.761442852958306 ], [ 120.354530051529437, -3.760223775073938 ], [ 120.356470412543132, -3.759856258612578 ], [ 120.358886880657423, -3.758448938047761 ], [ 120.361339281383053, -3.75637829028596 ], [ 120.362749636379149, -3.754675156409657 ], [ 120.363252692938246, -3.753330574686728 ], [ 120.364357620737707, -3.749108574625619 ], [ 120.36582187465082, -3.747504029976936 ], [ 120.365938655637777, -3.744841734318806 ], [ 120.367905966109973, -3.741578842402606 ], [ 120.368184443848079, -3.740601765260795 ], [ 120.368516820503189, -3.738145621580152 ], [ 120.368786315088414, -3.737598814933843 ], [ 120.37034040052994, -3.735976321075392 ], [ 120.371247698966897, -3.73545640528155 ], [ 120.373026363229471, -3.73507095027004 ], [ 120.37634114662788, -3.734058009549156 ], [ 120.377508956497223, -3.733986296887444 ], [ 120.378991176716013, -3.734174542611945 ], [ 120.384434967337782, -3.735169555056541 ], [ 120.385108703800867, -3.734981309545426 ], [ 120.386528041949788, -3.733403631293894 ], [ 120.388692981784516, -3.73046340517096 ], [ 120.39467576157675, -3.724762206980821 ], [ 120.396418493227927, -3.723444471953857 ], [ 120.396813751952962, -3.722942477139048 ], [ 120.398017494433674, -3.719697432326246 ], [ 120.398376820547313, -3.719267149243688 ], [ 120.402095845823567, -3.71777012104906 ], [ 120.412758848246071, -3.714193378726643 ], [ 120.414591411425661, -3.712974235173481 ], [ 120.417861279059863, -3.709325758749696 ], [ 120.419451297112772, -3.705740017858966 ], [ 120.420008252588914, -3.703857498072167 ], [ 120.419954353671869, -3.703221026190816 ], [ 120.41663957027346, -3.701706041984509 ], [ 120.41618142947857, -3.701302643386103 ] ] } },
{ "type": "Feature", "properties": { "FID": 449, "OBJECTID": 1708, "NAMOBJ": "Jaringan Drainase Sekunder", "STSJRN": 1, "WADMPR": "Provinsi Sulawesi Selatan", "WADMKK": "Kabupaten Wajo", "REMARK": "Tidak Ada", "SBDATA": "Analisis Tim Penyusun, 2022", "SHAPE_Leng": 9.32264765189e-06 }, "geometry": { "type": "LineString", "coordinates": [ [ 120.270959780647814, -3.934480564782186 ], [ 120.270950797494962, -3.934480564782186 ] ] } },
{ "type": "Feature", "properties": { "FID": 450, "OBJECTID": 1709, "NAMOBJ": "Jaringan Drainase Tersier", "STSJRN": 1, "WADMPR": "Provinsi Sulawesi Selatan", "WADMKK": "Kabupaten Wajo", "REMARK": "Tidak Ada", "SBDATA": "Analisis Tim Penyusun, 2022", "SHAPE_Leng": 0.118855195397 }, "geometry": { "type": "LineString", "coordinates": [ [ 120.216845267932442, -4.040072835048469 ], [ 120.220231916553573, -4.038307549643316 ], [ 120.224319251096333, -4.036784203821406 ], [ 120.225109768546332, -4.035986686339371 ], [ 120.226241645804322, -4.03440060991822 ], [ 120.227580135577682, -4.031649611268586 ], [ 120.229089305255002, -4.032599468532462 ], [ 120.230427795028334, -4.032671155828083 ], [ 120.231326110312452, -4.032294797455536 ], [ 120.233005959893745, -4.031165721292326 ], [ 120.2326017180159, -4.028871720449369 ], [ 120.232484937028971, -4.024731749433658 ], [ 120.232107644609641, -4.023441364553785 ], [ 120.231505773369278, -4.022410847383001 ], [ 120.231388992382335, -4.020959160113863 ], [ 120.230948817893136, -4.019355132285113 ], [ 120.231245261936891, -4.017527074376193 ], [ 120.231550689133485, -4.016666810413252 ], [ 120.231936964705639, -4.015914078701665 ], [ 120.232664600085783, -4.015295762847765 ], [ 120.233607831134123, -4.014937318660015 ], [ 120.234892421990409, -4.013942635214654 ], [ 120.235224798645518, -4.012275865643971 ], [ 120.236464473737598, -4.010797276887737 ], [ 120.237228041729111, -4.009533753466928 ], [ 120.237767030899604, -4.008001392655149 ], [ 120.238359918987101, -4.00686332165589 ], [ 120.239833156053052, -4.005662520617063 ], [ 120.241827415983806, -4.004470679037395 ], [ 120.242249624167357, -4.003870276982704 ], [ 120.243183872062815, -4.00306376606691 ], [ 120.243624046552057, -4.002346866808127 ], [ 120.244791856421415, -4.001388013068435 ], [ 120.245501525495854, -4.000079668771824 ], [ 120.246687301670889, -3.998502483828906 ], [ 120.24473795750437, -3.998475599968343 ], [ 120.244037271582741, -3.997552586887568 ], [ 120.242447253529861, -3.997149328419298 ], [ 120.241773517066761, -3.996369694818304 ], [ 120.240965033311042, -3.996620611460432 ], [ 120.23892585761611, -3.996459307913591 ], [ 120.238135340166082, -3.996638534074789 ], [ 120.237596350995588, -3.996459307913591 ], [ 120.235332596479608, -3.99543771804689 ], [ 120.235143950269958, -3.995106149132452 ], [ 120.235009202977338, -3.993358689126171 ], [ 120.233455117535826, -3.992740356232683 ], [ 120.229736092259571, -3.992731394882975 ], [ 120.228568282390214, -3.99356479998715 ], [ 120.225810454467961, -3.994039750904502 ], [ 120.2247953581969, -3.994012866897651 ], [ 120.223825177690046, -3.993618568029327 ], [ 120.222001597663294, -3.994944845287785 ], [ 120.219800725217198, -3.995715518926074 ], [ 120.218040027260315, -3.995133033103481 ], [ 120.216494924971641, -3.993923253535123 ], [ 120.216180514622209, -3.994012866897651 ], [ 120.214662361792023, -3.995141994426961 ], [ 120.213674214979491, -3.996620611460432 ], [ 120.213332855171529, -3.996746069752707 ], [ 120.211958432786844, -3.995715518926074 ], [ 120.209820442410631, -3.995016535889332 ], [ 120.207907030855452, -3.995661751021316 ], [ 120.20656854108212, -3.995357066161117 ], [ 120.205113270321846, -3.994254822927596 ], [ 120.203190875613828, -3.993717142764169 ], [ 120.200945087403525, -3.993690258746749 ], [ 120.198807097027313, -3.994039750904502 ], [ 120.194953324458453, -3.993851562838054 ] ] } },
{ "type": "Feature", "properties": { "FID": 451, "OBJECTID": 1710, "NAMOBJ": "Jaringan Drainase Tersier", "STSJRN": 1, "WADMPR": "Provinsi Sulawesi Selatan", "WADMKK": "Kabupaten Wajo", "REMARK": "Tidak Ada", "SBDATA": "Analisis Tim Penyusun, 2022", "SHAPE_Leng": 0.141732656535 }, "geometry": { "type": "LineString", "coordinates": [ [ 120.194962307611291, -3.99381571748717 ], [ 120.198807097027313, -3.994003905561839 ], [ 120.200945087403525, -3.993654413388819 ], [ 120.203190875613828, -3.993681297407414 ], [ 120.205131236627537, -3.994218977594329 ], [ 120.206586507387797, -3.995330182197432 ], [ 120.207907030855452, -3.99562590574952 ], [ 120.20958688043676, -3.994962767938759 ], [ 120.20982942556347, -3.994980690589342 ], [ 120.211976399092521, -3.995679673656627 ], [ 120.213332855171529, -3.996710224528301 ], [ 120.213656248673814, -3.996593727538161 ], [ 120.214644395486346, -3.995115110456227 ], [ 120.216162548316532, -3.993985982889921 ], [ 120.216494924971641, -3.993887408187371 ], [ 120.218057993566006, -3.995106149132452 ], [ 120.219800725217198, -3.995679673656627 ], [ 120.221983631357617, -3.994908999984663 ], [ 120.223825177690046, -3.993573761327756 ], [ 120.2247953581969, -3.993977021553814 ], [ 120.225801471315108, -3.994003905561839 ], [ 120.228559299237347, -3.993528954623741 ], [ 120.229727109106733, -3.99269554948317 ], [ 120.233455117535826, -3.992704510833269 ], [ 120.235036152435868, -3.993331805097009 ], [ 120.235179882881312, -3.995106149132452 ], [ 120.2353505627853, -3.995410834085847 ], [ 120.237614317301279, -3.99642346267665 ], [ 120.238135340166082, -3.996602688845684 ], [ 120.23892585761611, -3.99642346267665 ], [ 120.240965033311042, -3.996584766230542 ], [ 120.241773517066761, -3.996333849577447 ], [ 120.241980129582103, -3.996405540057594 ], [ 120.242465219835537, -3.997122444514363 ], [ 120.244064221041256, -3.997525702995854 ], [ 120.244746940657208, -3.998439754819554 ], [ 120.246723234282271, -3.998457677394145 ], [ 120.249112752938032, -3.995733441560209 ], [ 120.249211567619284, -3.995007574564481 ], [ 120.248825292047087, -3.993950137544908 ], [ 120.248825292047087, -3.993493109258767 ], [ 120.24983140516531, -3.992964389943555 ], [ 120.251107012868758, -3.992677626782681 ], [ 120.252643132004621, -3.992059293376171 ], [ 120.254358914197269, -3.992005525231857 ], [ 120.255005701201853, -3.991539534500301 ], [ 120.255877067027455, -3.991431998140078 ], [ 120.257314371482039, -3.990544822630909 ], [ 120.259371513482677, -3.990759895569625 ], [ 120.26053932335202, -3.990096753827701 ], [ 120.261374756566241, -3.990284942754819 ], [ 120.263557662706646, -3.990222213117237 ], [ 120.265938198209568, -3.990580668124605 ], [ 120.266459221074371, -3.990231174494328 ], [ 120.267474317345432, -3.990392479265243 ], [ 120.267519233109638, -3.986494271769934 ], [ 120.268157036961341, -3.985911779407052 ], [ 120.268812807118763, -3.984433143094381 ], [ 120.270618420839853, -3.981189095327552 ], [ 120.272154539975688, -3.980077871605653 ], [ 120.272864209050155, -3.978706762850024 ], [ 120.273187602552426, -3.978518571274062 ], [ 120.27384337270982, -3.976771076015938 ], [ 120.274445243950197, -3.974369384180104 ], [ 120.274957283662133, -3.973159574076142 ], [ 120.274993216273486, -3.972935534973276 ], [ 120.27373557487573, -3.972702534241753 ], [ 120.27384337270982, -3.970309792153406 ], [ 120.273960153696777, -3.970005097906433 ], [ 120.274813553216674, -3.969951328321764 ], [ 120.274885418439396, -3.968194853297185 ], [ 120.274786603758145, -3.967737810714013 ], [ 120.274310496657577, -3.967173228350383 ], [ 120.273151669941058, -3.966716185202001 ], [ 120.273277434080839, -3.965398824124602 ], [ 120.273142686788219, -3.964843201816124 ], [ 120.273430147679136, -3.9635347994211 ], [ 120.273771507487098, -3.962979175859958 ], [ 120.275199828788857, -3.962755133995828 ], [ 120.275568138055334, -3.96207404635621 ], [ 120.276403571269583, -3.96122268601813 ], [ 120.277337819165041, -3.957879968010047 ], [ 120.276161026142844, -3.957342264121306 ], [ 120.267123974384603, -3.956024888118647 ], [ 120.263710376304942, -3.955675379847954 ], [ 120.261967644653765, -3.954877783498648 ], [ 120.26059322226908, -3.954698548258336 ] ] } },
{ "type": "Feature", "properties": { "FID": 452, "OBJECTID": 1711, "NAMOBJ": "Jaringan Drainase Tersier", "STSJRN": 1, "WADMPR": "Provinsi Sulawesi Selatan", "WADMKK": "Kabupaten Wajo", "REMARK": "Tidak Ada", "SBDATA": "Analisis Tim Penyusun, 2022", "SHAPE_Leng": 0.022715931398299999 }, "geometry": { "type": "LineString", "coordinates": [ [ 120.260620171727595, -3.954662701205622 ], [ 120.261976627806618, -3.954841936453688 ], [ 120.263719359457795, -3.955639532837496 ], [ 120.272846242744464, -3.95679559814322 ], [ 120.276161026142844, -3.957306417182977 ], [ 120.277086290885492, -3.957664886496444 ], [ 120.277382734929276, -3.957879968010047 ], [ 120.27663713324344, -3.960747716185664 ], [ 120.276439503880937, -3.961249571094834 ], [ 120.275595087513864, -3.962091969722331 ], [ 120.275217795094548, -3.962782019022728 ] ] } },
{ "type": "Feature", "properties": { "FID": 453, "OBJECTID": 1712, "NAMOBJ": "Jaringan Drainase Tersier", "STSJRN": 1, "WADMPR": "Provinsi Sulawesi Selatan", "WADMKK": "Kabupaten Wajo", "REMARK": "Tidak Ada", "SBDATA": "Analisis Tim Penyusun, 2022", "SHAPE_Leng": 0.0275000183465 }, "geometry": { "type": "LineString", "coordinates": [ [ 120.329979094814462, -4.073953023299364 ], [ 120.329556886630911, -4.073854458298689 ], [ 120.327131435363796, -4.072528309842699 ], [ 120.322253583371023, -4.070548043553279 ], [ 120.320609666401097, -4.069669914861477 ], [ 120.314599937150319, -4.068155588643621 ], [ 120.312596694066755, -4.067483549469247 ], [ 120.30972208515756, -4.066130508897939 ], [ 120.308060201881958, -4.065055243247949 ], [ 120.304709485872181, -4.06359467177643 ] ] } },
{ "type": "Feature", "properties": { "FID": 454, "OBJECTID": 1713, "NAMOBJ": "Jaringan Drainase Tersier", "STSJRN": 1, "WADMPR": "Provinsi Sulawesi Selatan", "WADMKK": "Kabupaten Wajo", "REMARK": "Tidak Ada", "SBDATA": "Analisis Tim Penyusun, 2022", "SHAPE_Leng": 0.0274655386387 }, "geometry": { "type": "LineString", "coordinates": [ [ 120.304718469025033, -4.063558829498474 ], [ 120.308078168187635, -4.065019401034914 ], [ 120.30974903461609, -4.066094666732715 ], [ 120.312614660372432, -4.067456667890612 ], [ 120.314608920303158, -4.06812870708741 ], [ 120.320627632706788, -4.069634072853716 ], [ 120.323574106838677, -4.07109463337784 ], [ 120.327149401669473, -4.072492467962203 ], [ 120.329979094814462, -4.073953023299364 ] ] } },
{ "type": "Feature", "properties": { "FID": 455, "OBJECTID": 1714, "NAMOBJ": "Jaringan Drainase Sekunder", "STSJRN": 1, "WADMPR": "Provinsi Sulawesi Selatan", "WADMKK": "Kabupaten Wajo", "REMARK": "Tidak Ada", "SBDATA": "Analisis Tim Penyusun, 2022", "SHAPE_Leng": 1.8004635248900001e-05 }, "geometry": { "type": "LineString", "coordinates": [ [ 120.296543799939514, -4.085664251423694 ], [ 120.296561766245205, -4.085664251423694 ] ] } },
{ "type": "Feature", "properties": { "FID": 456, "OBJECTID": 1715, "NAMOBJ": "Jaringan Drainase Sekunder", "STSJRN": 1, "WADMPR": "Provinsi Sulawesi Selatan", "WADMKK": "Kabupaten Wajo", "REMARK": "Tidak Ada", "SBDATA": "Analisis Tim Penyusun, 2022", "SHAPE_Leng": 0.20369709823599999 }, "geometry": { "type": "LineString", "coordinates": [ [ 120.296543799939514, -4.085664251423694 ], [ 120.297828390795829, -4.080798781054688 ], [ 120.299337560473148, -4.079069426288931 ], [ 120.299607055058374, -4.078460119059713 ], [ 120.304664570107988, -4.063630514052791 ], [ 120.308194949174563, -4.052268432737916 ], [ 120.308859702484796, -4.050825759563809 ], [ 120.314743667595778, -4.0452611389455 ], [ 120.319361008156179, -4.041515527374781 ], [ 120.323529191074471, -4.039624793431162 ], [ 120.325478535241018, -4.039167790726607 ], [ 120.326152271704103, -4.039382850854934 ], [ 120.326340917913782, -4.038854161270621 ], [ 120.323672921519929, -4.036640829949806 ], [ 120.320501868567007, -4.034328922775183 ], [ 120.318094383605541, -4.033181927626336 ], [ 120.315327572530464, -4.029203275658714 ], [ 120.314590953997481, -4.028414711696065 ], [ 120.313503992503698, -4.027930819795107 ], [ 120.311240237987718, -4.027375239850239 ], [ 120.309775984074605, -4.026147586046419 ], [ 120.308662073122306, -4.02468694443737 ], [ 120.30869800573366, -4.023548896705192 ], [ 120.310368872162144, -4.020977082194679 ], [ 120.311473799961604, -4.018297726739319 ], [ 120.311410917891692, -4.015869273220749 ], [ 120.311500749420134, -4.015349529462351 ], [ 120.312120586966159, -4.013987440801319 ], [ 120.311581597795694, -4.011818847586866 ], [ 120.311689395629784, -4.009802588400903 ], [ 120.311994822826378, -4.008682442259404 ], [ 120.31346805989233, -4.00668409773215 ], [ 120.314420274093507, -4.004990429714143 ], [ 120.314950280111148, -4.004614058567397 ], [ 120.316333685648686, -4.004157036227945 ], [ 120.316630129692442, -4.003959889257634 ], [ 120.31674691067937, -4.003529750248506 ], [ 120.316567247622558, -4.003207145843342 ], [ 120.315606050268542, -4.002391673030189 ], [ 120.31123125483488, -3.999308999235758 ], [ 120.309470556878011, -3.995652789703513 ], [ 120.305491020169356, -3.99495380661332 ], [ 120.304377109217043, -3.994514701546958 ], [ 120.301619281294805, -3.993941176208411 ], [ 120.300119094770338, -3.992964389943555 ], [ 120.298448228341854, -3.990715088712036 ], [ 120.297990087546964, -3.989738298609152 ], [ 120.298232632673674, -3.988143170990109 ], [ 120.300397572508402, -3.980391523614549 ], [ 120.301897759032883, -3.979065222875775 ], [ 120.302104371548225, -3.978563378796047 ], [ 120.302005556866973, -3.977783727565789 ], [ 120.300792831233409, -3.976654576200303 ], [ 120.300119094770338, -3.976340922768669 ], [ 120.297513980446368, -3.975901807763871 ], [ 120.297109738568523, -3.975731538617441 ], [ 120.296301254812818, -3.975005653967091 ], [ 120.295043613415046, -3.974629269081988 ], [ 120.294675304148569, -3.972066262678173 ], [ 120.292402566479751, -3.969987174711933 ], [ 120.291962391990509, -3.969153745737971 ], [ 120.289977115212622, -3.966850609683652 ], [ 120.289761519544413, -3.966420451265389 ], [ 120.289599822793278, -3.965470517298491 ], [ 120.288144552033017, -3.961437766607298 ], [ 120.288360147701198, -3.958704446628003 ], [ 120.288261333019946, -3.957960623563247 ], [ 120.286868944329569, -3.954662701205622 ], [ 120.286078426879527, -3.953282588497338 ], [ 120.285377740957941, -3.950083227475412 ], [ 120.283545177778322, -3.948694145319263 ], [ 120.283329582110142, -3.948604527035805 ], [ 120.282251603769197, -3.948756878111925 ], [ 120.281425153707801, -3.948380481284832 ], [ 120.278694275244078, -3.945118368302628 ], [ 120.277885791488373, -3.943585887726258 ], [ 120.277562397986088, -3.942591118120335 ], [ 120.277400701234953, -3.940458184683092 ], [ 120.27631373974117, -3.939069086436222 ], [ 120.276511369103673, -3.937025763510486 ], [ 120.275478306526935, -3.936497008076834 ], [ 120.27381642325129, -3.936057871952966 ], [ 120.270959780647814, -3.934525374686214 ] ] } },
{ "type": "Feature", "properties": { "FID": 457, "OBJECTID": 1716, "NAMOBJ": "Jalur Evakuasi Bencana", "STSJRN": 1, "WADMPR": "Provinsi Sulawesi Selatan", "WADMKK": "Kabupaten Wajo", "REMARK": "ruas Jalan Doping – AtapangngE", "SBDATA": "Analisis Tim Penyusun, 2022", "SHAPE_Leng": 1.8004624986199999e-05 }, "geometry": { "type": "LineString", "coordinates": [ [ 120.296543799939514, -4.08568217207034 ], [ 120.296561766245205, -4.08568217207034 ] ] } },
{ "type": "Feature", "properties": { "FID": 458, "OBJECTID": 1717, "NAMOBJ": "Jaringan Drainase Sekunder", "STSJRN": 1, "WADMPR": "Provinsi Sulawesi Selatan", "WADMKK": "Kabupaten Wajo", "REMARK": "Tidak Ada", "SBDATA": "Analisis Tim Penyusun, 2022", "SHAPE_Leng": 1.80765461349e-05 }, "geometry": { "type": "LineString", "coordinates": [ [ 120.296543799939514, -4.08568217207034 ], [ 120.296543799939514, -4.085664251423694 ] ] } },
{ "type": "Feature", "properties": { "FID": 459, "OBJECTID": 1718, "NAMOBJ": "Jalur Evakuasi Bencana", "STSJRN": 1, "WADMPR": "Provinsi Sulawesi Selatan", "WADMKK": "Kabupaten Wajo", "REMARK": "ruas Jalan Solo – Peneki – Kulampu", "SBDATA": "Analisis Tim Penyusun, 2022", "SHAPE_Leng": 0.203725936385 }, "geometry": { "type": "LineString", "coordinates": [ [ 120.296561766245205, -4.085664251423694 ], [ 120.29784635710152, -4.080807741432379 ], [ 120.299355526778825, -4.079078386685913 ], [ 120.299625021364051, -4.078469079463491 ], [ 120.304682536413665, -4.063639474621634 ], [ 120.308212915480254, -4.052277393432821 ], [ 120.308868685637648, -4.050834720274695 ], [ 120.314752650748616, -4.045279060490351 ], [ 120.319369991309017, -4.041524488188664 ], [ 120.323538174227323, -4.039642715100605 ], [ 120.325478535241018, -4.039185712406145 ], [ 120.326170238009809, -4.039409733366966 ], [ 120.326358884219459, -4.03884520042724 ], [ 120.32369088782562, -4.036622908214077 ], [ 120.320510851719845, -4.034311000988436 ], [ 120.318103366758393, -4.03317296672036 ], [ 120.315336555683317, -4.029185353758961 ], [ 120.314599937150319, -4.028396789778938 ], [ 120.313512975656536, -4.027912897867322 ], [ 120.311249221140557, -4.027357317910218 ], [ 120.309793950380296, -4.026138625062942 ], [ 120.308680039427983, -4.024677983437816 ], [ 120.308715972039352, -4.023557857717168 ], [ 120.310377855314982, -4.020986043234939 ], [ 120.311491766267295, -4.018297726739319 ], [ 120.311428884197397, -4.015869273220749 ], [ 120.311509732572972, -4.015349529462351 ], [ 120.312138553271836, -4.013996401918359 ], [ 120.311599564101385, -4.011818847586866 ], [ 120.311707361935476, -4.009802588400903 ], [ 120.312003805979231, -4.008691403434626 ], [ 120.313486026198021, -4.00669305892927 ], [ 120.314429257246346, -4.004999390929813 ], [ 120.314959263263987, -4.004623019787188 ], [ 120.316342668801525, -4.004174958677438 ], [ 120.316648095998119, -4.003968850484587 ], [ 120.316764876985047, -4.003520789016746 ], [ 120.316585213928235, -4.00319818460805 ], [ 120.315624016574219, -4.002373750541659 ], [ 120.311249221140557, -3.99930003795782 ], [ 120.30947954003085, -3.995634867067615 ], [ 120.305491020169356, -3.994935883962151 ], [ 120.304377109217043, -3.994496778886195 ], [ 120.301628264447643, -3.993923253535123 ], [ 120.300137061076015, -3.992955428596294 ], [ 120.298466194647546, -3.990697165968316 ], [ 120.298008053852655, -3.989738298609152 ], [ 120.298250598979365, -3.988152132389875 ], [ 120.300415538814093, -3.980400485098763 ], [ 120.30191572533856, -3.97907418437442 ], [ 120.302122337853902, -3.978572340300153 ], [ 120.302014540019812, -3.977774766053106 ], [ 120.300801814386247, -3.976645614675342 ], [ 120.300119094770338, -3.976322999711829 ], [ 120.297513980446368, -3.975883884697481 ], [ 120.297118721721375, -3.975722577082445 ], [ 120.296310237965656, -3.974987730881221 ], [ 120.295061579720723, -3.974611345987936 ], [ 120.294684287301408, -3.972057301103352 ], [ 120.29241154963259, -3.969978213114536 ], [ 120.291971375143348, -3.969144784131529 ], [ 120.289986098365461, -3.966841648052223 ], [ 120.289779485850104, -3.966411489629293 ], [ 120.289617789098955, -3.965470517298491 ], [ 120.288162518338694, -3.961437766607298 ], [ 120.288378114006875, -3.958704446628003 ], [ 120.288279299325623, -3.957960623563247 ], [ 120.286886910635246, -3.954653739442203 ], [ 120.286096393185218, -3.953273626718997 ], [ 120.285395707263618, -3.950074265662502 ], [ 120.28355416093116, -3.948676221663345 ], [ 120.283329582110142, -3.948586603377954 ], [ 120.282260586922035, -3.948738954457363 ], [ 120.281434136860639, -3.948371519453536 ], [ 120.278703258396931, -3.945109406436128 ], [ 120.27790375779405, -3.943576925843231 ], [ 120.277580364291779, -3.942591118120335 ], [ 120.27741866754063, -3.940458184683092 ], [ 120.276331706046847, -3.939060124504519 ], [ 120.276547301715041, -3.937859224783328 ], [ 120.276520352256512, -3.93700783960298 ], [ 120.275487289679774, -3.936488046117438 ], [ 120.27381642325129, -3.936039948024625 ], [ 120.270977746953491, -3.934507450724892 ] ] } },
{ "type": "Feature", "properties": { "FID": 460, "OBJECTID": 1719, "NAMOBJ": "Jaringan Drainase Sekunder", "STSJRN": 1, "WADMPR": "Provinsi Sulawesi Selatan", "WADMKK": "Kabupaten Wajo", "REMARK": "Tidak Ada", "SBDATA": "Analisis Tim Penyusun, 2022", "SHAPE_Leng": 9.01791001295e-06 }, "geometry": { "type": "LineString", "coordinates": [ [ 120.296570749398043, -4.085664251423694 ], [ 120.296579732550882, -4.085673211747068 ] ] } },
{ "type": "Feature", "properties": { "FID": 461, "OBJECTID": 1720, "NAMOBJ": "Unit Distribusi", "STSJRN": 1, "WADMPR": "Provinsi Sulawesi Selatan", "WADMKK": "Kabupaten Wajo", "REMARK": "Tidak Ada", "SBDATA": "Analisis Tim Penyusun, 2022", "SHAPE_Leng": 0.20374034313600001 }, "geometry": { "type": "LineString", "coordinates": [ [ 120.296570749398043, -4.085664251423694 ], [ 120.297855340254358, -4.080807741432379 ], [ 120.299364509931664, -4.079078386685913 ], [ 120.299634004516903, -4.078469079463491 ], [ 120.304691519566504, -4.063639474621634 ], [ 120.308221898633093, -4.052277393432821 ], [ 120.308877668790487, -4.05084368098548 ], [ 120.314761633901469, -4.045279060490351 ], [ 120.319369991309017, -4.041533449002449 ], [ 120.323538174227323, -4.039651675935178 ], [ 120.325478535241018, -4.039194673245765 ], [ 120.326170238009809, -4.039418694204111 ], [ 120.326367867372312, -4.03884520042724 ], [ 120.32369088782562, -4.036622908214077 ], [ 120.320510851719845, -4.034302040094913 ], [ 120.318112349911232, -4.033164005814287 ], [ 120.315345538836155, -4.029185353758961 ], [ 120.314608920303158, -4.028387828820228 ], [ 120.313512975656536, -4.027903936903281 ], [ 120.311249221140557, -4.027357317910218 ], [ 120.309802933533135, -4.026129664079366 ], [ 120.308689022580822, -4.024669022438164 ], [ 120.30872495519219, -4.023557857717168 ], [ 120.310386838467821, -4.0209950042751 ], [ 120.311500749420134, -4.018306687809027 ], [ 120.31143786735025, -4.015869273220749 ], [ 120.311518715725811, -4.015358490564437 ], [ 120.312147536424675, -4.013996401918359 ], [ 120.311608547254224, -4.011818847586866 ], [ 120.311716345088314, -4.009802588400903 ], [ 120.312012789132069, -4.008691403434626 ], [ 120.313495009350859, -4.006702020126291 ], [ 120.314438240399184, -4.005008352145384 ], [ 120.314959263263987, -4.004631981006883 ], [ 120.316351651954363, -4.004183919902037 ], [ 120.316648095998119, -4.003977811711443 ], [ 120.3167738601379, -4.003520789016746 ], [ 120.316585213928235, -4.003189223372662 ], [ 120.315624016574219, -4.002373750541659 ], [ 120.311249221140557, -3.999291076679785 ], [ 120.309488523183703, -3.995634867067615 ], [ 120.305500003322194, -3.99492692263642 ], [ 120.304377109217043, -3.994487817555668 ], [ 120.301628264447643, -3.993914292198331 ], [ 120.300137061076015, -3.992946467248935 ], [ 120.298475177800384, -3.990697165968316 ], [ 120.298017037005494, -3.989738298609152 ], [ 120.298259582132204, -3.988152132389875 ], [ 120.300424521966931, -3.980400485098763 ], [ 120.301924708491399, -3.97907418437442 ], [ 120.30213132100674, -3.978572340300153 ], [ 120.30202352317265, -3.977765804540326 ], [ 120.300801814386247, -3.976636653150282 ], [ 120.300128077923176, -3.976314038183262 ], [ 120.297522963599206, -3.97587492316414 ], [ 120.297118721721375, -3.97571361554735 ], [ 120.296310237965656, -3.97497876933814 ], [ 120.295061579720723, -3.974611345987936 ], [ 120.294693270454246, -3.972048339528433 ], [ 120.292420532785428, -3.969978213114536 ], [ 120.291980358296186, -3.969144784131529 ], [ 120.289995081518313, -3.966841648052223 ], [ 120.289788469002943, -3.966411489629293 ], [ 120.289626772251808, -3.965461555652095 ], [ 120.288171501491533, -3.961437766607298 ], [ 120.288387097159713, -3.958704446628003 ], [ 120.288288282478462, -3.957960623563247 ], [ 120.286895893788085, -3.954653739442203 ], [ 120.286105376338057, -3.953273626718997 ], [ 120.285404690416456, -3.950065303849495 ], [ 120.283563144083999, -3.948667259835242 ], [ 120.283329582110142, -3.948577641548881 ], [ 120.282260586922035, -3.948729992629937 ], [ 120.281443120013478, -3.948362557622141 ], [ 120.278712241549769, -3.945100444569532 ], [ 120.277912740946888, -3.943576925843231 ], [ 120.277589347444618, -3.942582156226583 ], [ 120.277427650693483, -3.940458184683092 ], [ 120.276340689199685, -3.939060124504519 ], [ 120.27655628486788, -3.937859224783328 ], [ 120.27652933540935, -3.93700783960298 ], [ 120.275487289679774, -3.936479084157944 ], [ 120.273825406404143, -3.936030986060309 ], [ 120.270977746953491, -3.934507450724892 ] ] } },
{ "type": "Feature", "properties": { "FID": 462, "OBJECTID": 1721, "NAMOBJ": "Jaringan Drainase Sekunder", "STSJRN": 1, "WADMPR": "Provinsi Sulawesi Selatan", "WADMKK": "Kabupaten Wajo", "REMARK": "Tidak Ada", "SBDATA": "Analisis Tim Penyusun, 2022", "SHAPE_Leng": 8.9867195559200004e-06 }, "geometry": { "type": "LineString", "coordinates": [ [ 120.296561766245205, -4.085664251423694 ], [ 120.296570749398043, -4.085664251423694 ] ] } },
{ "type": "Feature", "properties": { "FID": 463, "OBJECTID": 1722, "NAMOBJ": "Jaringan Drainase Tersier", "STSJRN": 1, "WADMPR": "Provinsi Sulawesi Selatan", "WADMKK": "Kabupaten Wajo", "REMARK": "Tidak Ada", "SBDATA": "Analisis Tim Penyusun, 2022", "SHAPE_Leng": 0.031699247825500002 }, "geometry": { "type": "LineString", "coordinates": [ [ 120.301430635085154, -4.094911251855886 ], [ 120.302643360718704, -4.094938132515468 ], [ 120.30349676023863, -4.095135257324822 ], [ 120.3062186555495, -4.096326965365389 ], [ 120.30837461223139, -4.096694333651542 ], [ 120.311913974450817, -4.098217566208621 ], [ 120.312030755437746, -4.098450530932152 ], [ 120.311419901044559, -4.100493449446166 ], [ 120.311464816808765, -4.09994687965353 ], [ 120.311994822826378, -4.098450530932152 ], [ 120.311896008145141, -4.098253406939736 ], [ 120.308365629078551, -4.096730174450915 ], [ 120.306209672396662, -4.096362806181221 ], [ 120.303478793932939, -4.095171098194034 ], [ 120.300837746997615, -4.094830609871719 ], [ 120.298349413660617, -4.093853945196182 ], [ 120.296992957581594, -4.09360305866514 ] ] } },
{ "type": "Feature", "properties": { "FID": 464, "OBJECTID": 1723, "NAMOBJ": "Jaringan Drainase Tersier", "STSJRN": 1, "WADMPR": "Provinsi Sulawesi Selatan", "WADMKK": "Kabupaten Wajo", "REMARK": "Tidak Ada", "SBDATA": "Analisis Tim Penyusun, 2022", "SHAPE_Leng": 0.0046641189037299998 }, "geometry": { "type": "LineString", "coordinates": [ [ 120.296992957581594, -4.093567217725716 ], [ 120.298358396813455, -4.09381810426799 ], [ 120.300451471425447, -4.09468724632425 ], [ 120.301430635085154, -4.094911251855886 ] ] } },
{ "type": "Feature", "properties": { "FID": 465, "OBJECTID": 1724, "NAMOBJ": "Jaringan Drainase Tersier", "STSJRN": 1, "WADMPR": "Provinsi Sulawesi Selatan", "WADMKK": "Kabupaten Wajo", "REMARK": "Tidak Ada", "SBDATA": "Analisis Tim Penyusun, 2022", "SHAPE_Leng": 0.070780909385599999 }, "geometry": { "type": "LineString", "coordinates": [ [ 120.284039251184581, -4.177600821537681 ], [ 120.288036754198913, -4.178254849062562 ], [ 120.289689654321691, -4.17835340110807 ], [ 120.296211423284404, -4.177869600038571 ], [ 120.299930448560644, -4.177995029974133 ], [ 120.301574365530598, -4.173990221416611 ], [ 120.304161513548863, -4.171087394388903 ], [ 120.30497898045742, -4.169618058100765 ], [ 120.305320340265368, -4.168309988118278 ], [ 120.306272554466545, -4.166509148485944 ], [ 120.308033252423428, -4.159036963893502 ], [ 120.301771994893102, -4.158373960876833 ], [ 120.29874467238561, -4.158311244346379 ], [ 120.296768378760575, -4.157827430943676 ], [ 120.291935442531994, -4.157047953170209 ], [ 120.289968132059784, -4.157128588837691 ], [ 120.289752536391575, -4.158230608799887 ], [ 120.288378114006875, -4.160855739574625 ], [ 120.287946922670514, -4.162074227336726 ], [ 120.287138438914795, -4.163104564781818 ], [ 120.285072313761319, -4.164627669838868 ], [ 120.28433569522835, -4.165864070599589 ], [ 120.28331161580445, -4.166168690778515 ], [ 120.281164642275414, -4.168077043920472 ], [ 120.280311242755488, -4.168345825681046 ] ] } },
{ "type": "Feature", "properties": { "FID": 466, "OBJECTID": 1725, "NAMOBJ": "Jaringan Drainase Tersier", "STSJRN": 1, "WADMPR": "Provinsi Sulawesi Selatan", "WADMKK": "Kabupaten Wajo", "REMARK": "Tidak Ada", "SBDATA": "Analisis Tim Penyusun, 2022", "SHAPE_Leng": 0.064123657497700007 }, "geometry": { "type": "LineString", "coordinates": [ [ 120.280293276449811, -4.168318947509124 ], [ 120.281137692816884, -4.16805016573936 ], [ 120.283293649498773, -4.166141812532179 ], [ 120.284308745769835, -4.165837192342844 ], [ 120.285045364302789, -4.164600791539883 ], [ 120.287111489456265, -4.163086645881251 ], [ 120.287919973211984, -4.162056308412709 ], [ 120.288351164548359, -4.16083782062288 ], [ 120.289725586933059, -4.158221649294212 ], [ 120.289914233142738, -4.157666159743441 ], [ 120.28987830053137, -4.156734369940479 ], [ 120.290650851675707, -4.154261537816826 ], [ 120.291270689221747, -4.153858357931137 ], [ 120.291540183806987, -4.153204310122785 ], [ 120.292402566479751, -4.152693614881795 ], [ 120.293264949152501, -4.150937537496161 ], [ 120.294459708480389, -4.14780167530731 ], [ 120.295582602585526, -4.146386053441057 ], [ 120.297801441337313, -4.141807664099006 ], [ 120.298205683215159, -4.141377598767881 ], [ 120.29897823435951, -4.141028170514233 ], [ 120.300199943145913, -4.139298946372844 ], [ 120.300685033399319, -4.137507000272516 ], [ 120.301286904639696, -4.136019681930241 ], [ 120.300837746997615, -4.135804647722017 ], [ 120.300181976840221, -4.135876325797909 ], [ 120.298520093564591, -4.134801153978758 ], [ 120.297325334236717, -4.13458611943989 ], [ 120.297028890192962, -4.134191889300449 ], [ 120.295627518349733, -4.1338962165672 ], [ 120.294738186218453, -4.134084371955662 ], [ 120.294711236759937, -4.134523401021731 ], [ 120.294333944340579, -4.135123705677668 ], [ 120.294118348672399, -4.135186424048323 ], [ 120.29311223555419, -4.134648837853087 ], [ 120.292312734951338, -4.134765314892998 ], [ 120.290911363108094, -4.134272527299466 ], [ 120.290713733745591, -4.133708061134076 ], [ 120.289707620627368, -4.133376549071826 ], [ 120.28853981075801, -4.132614966782219 ], [ 120.287003691622175, -4.132516409020697 ], [ 120.286491651910239, -4.132050499436781 ], [ 120.285539437709076, -4.131683147456482 ], [ 120.285386724110779, -4.130912603725594 ], [ 120.285557404014753, -4.130106219949959 ], [ 120.285198077901086, -4.129873264484422 ], [ 120.284784852870402, -4.128878723073901 ], [ 120.284533324590853, -4.128699526290848 ], [ 120.28412908271298, -4.128824964043232 ], [ 120.283069070677755, -4.128126096313228 ] ] } },
{ "type": "Feature", "properties": { "FID": 467, "OBJECTID": 1726, "NAMOBJ": "Jaringan Drainase Tersier", "STSJRN": 1, "WADMPR": "Provinsi Sulawesi Selatan", "WADMKK": "Kabupaten Wajo", "REMARK": "Tidak Ada", "SBDATA": "Analisis Tim Penyusun, 2022", "SHAPE_Leng": 0.062405795743099998 }, "geometry": { "type": "LineString", "coordinates": [ [ 120.283078053830593, -4.128090256925873 ], [ 120.284138065865832, -4.128789124687431 ], [ 120.284542307743692, -4.128663686929383 ], [ 120.284811802328932, -4.128851843559022 ], [ 120.285234010512454, -4.129855344830393 ], [ 120.285593336626121, -4.130097260125626 ], [ 120.285422656722133, -4.130912603725594 ], [ 120.285566387167592, -4.131656268036609 ], [ 120.286509618215931, -4.13201466022668 ], [ 120.287021657927866, -4.132480569831651 ], [ 120.288548793910863, -4.132579127597628 ], [ 120.289725586933059, -4.133349669709352 ], [ 120.290731700051268, -4.133681181782841 ], [ 120.290920346260933, -4.134236688189804 ], [ 120.292330701257015, -4.134729475805617 ], [ 120.293121218707029, -4.134612998760439 ], [ 120.294118348672399, -4.135150584979985 ], [ 120.294306994882064, -4.135096826374438 ], [ 120.294675304148569, -4.134514441247303 ], [ 120.294711236759937, -4.134057492617188 ], [ 120.295627518349733, -4.133860377440524 ], [ 120.297037873345801, -4.13415605018714 ], [ 120.297343300542394, -4.134559240118429 ], [ 120.298529076717429, -4.134765314892998 ], [ 120.30019095999306, -4.13584944652021 ], [ 120.300837746997615, -4.135768808681639 ], [ 120.301304870945373, -4.135983842899591 ], [ 120.301951657949928, -4.135105786142284 ], [ 120.303469810780101, -4.134415883721911 ], [ 120.30455677227387, -4.133197353304788 ], [ 120.304835250011962, -4.132417851246927 ], [ 120.305652716920491, -4.131844423956591 ], [ 120.305697632684698, -4.131324755116618 ], [ 120.306748661567113, -4.130885724279612 ], [ 120.306991206693851, -4.130366054811605 ], [ 120.308491393218318, -4.129102718995821 ], [ 120.30859020789957, -4.125384378509007 ], [ 120.300846730150454, -4.124004556164892 ], [ 120.295429888987215, -4.121719780132448 ], [ 120.293911736157057, -4.120734188444215 ], [ 120.293417662750798, -4.120089073223228 ], [ 120.292321718104176, -4.119246838675052 ], [ 120.291126958776303, -4.119354358028726 ], [ 120.28743488295855, -4.11861068220183 ], [ 120.287156405220472, -4.118225404090472 ], [ 120.28719233783184, -4.117553406938207 ], [ 120.286886910635246, -4.117293567887215 ] ] } },
{ "type": "Feature", "properties": { "FID": 468, "OBJECTID": 1727, "NAMOBJ": "Jaringan Drainase Tersier", "STSJRN": 1, "WADMPR": "Provinsi Sulawesi Selatan", "WADMKK": "Kabupaten Wajo", "REMARK": "Tidak Ada", "SBDATA": "Analisis Tim Penyusun, 2022", "SHAPE_Leng": 0.22463937424700001 }, "geometry": { "type": "LineString", "coordinates": [ [ 120.286895893788085, -4.117257728011456 ], [ 120.287228270443208, -4.117544446972342 ], [ 120.28719233783184, -4.118216444132173 ], [ 120.287452849264227, -4.118583802339651 ], [ 120.291126958776303, -4.119318518245782 ], [ 120.292330701257015, -4.119210998887265 ], [ 120.293435629056489, -4.120062193410999 ], [ 120.293929702462734, -4.120707308653788 ], [ 120.295447855292892, -4.121683940456098 ], [ 120.300864696456145, -4.123968716591559 ], [ 120.30293980476246, -4.124416711142039 ], [ 120.31244398046843, -4.125939890724148 ], [ 120.312515845691166, -4.126056369042566 ], [ 120.312479913079798, -4.126692519557132 ], [ 120.312434997315592, -4.125975730208557 ], [ 120.308626140510938, -4.125393338386527 ], [ 120.308527325829687, -4.129120638666843 ], [ 120.307018156152367, -4.130392934275194 ], [ 120.306766627872804, -4.130912603725594 ], [ 120.305724582143213, -4.131351634547726 ], [ 120.305688649531859, -4.131871303370085 ], [ 120.304862199470477, -4.132444730640987 ], [ 120.304583721732385, -4.133215272883313 ], [ 120.30349676023863, -4.134442763048234 ], [ 120.301978607408444, -4.135132665445208 ], [ 120.30132283725105, -4.136019681930241 ], [ 120.300720966010687, -4.13752491975359 ], [ 120.300226892604428, -4.139316865813368 ], [ 120.299005183818025, -4.141055049616146 ], [ 120.298223649520835, -4.141404477857924 ], [ 120.297828390795829, -4.14182558348273 ], [ 120.295609552044056, -4.146403972721034 ], [ 120.294486657938904, -4.147819594555184 ], [ 120.293300881763869, -4.150946497084575 ], [ 120.292429515938267, -4.152720493586929 ], [ 120.291567133265502, -4.153240148372899 ], [ 120.291297638680277, -4.153876277041543 ], [ 120.290677801134223, -4.154279456918074 ], [ 120.290156778269449, -4.155757781368845 ], [ 120.289914233142738, -4.15674332946306 ], [ 120.289968132059784, -4.157092750764272 ], [ 120.291944425684832, -4.157012115093123 ], [ 120.296777361913414, -4.157791592902032 ], [ 120.29874467238561, -4.158275406326735 ], [ 120.301771994893102, -4.158338122860042 ], [ 120.308042235576266, -4.159001125906863 ], [ 120.309236994904154, -4.153741883703577 ], [ 120.309892765061548, -4.151690142568405 ], [ 120.310638366747369, -4.151636385087039 ], [ 120.311195322223512, -4.151027133375718 ], [ 120.310530568913279, -4.150238689286658 ], [ 120.311240237987718, -4.151036092963115 ], [ 120.310656333053046, -4.151672223408356 ], [ 120.309928697672902, -4.151717021307713 ], [ 120.309272927515508, -4.153750843260155 ], [ 120.308078168187635, -4.159010085403675 ], [ 120.310027512354154, -4.159099680366197 ], [ 120.313584840879273, -4.158848814445463 ], [ 120.315938426923651, -4.159144477843639 ], [ 120.31787878793736, -4.158472515414609 ], [ 120.320016778313573, -4.159126558852968 ], [ 120.322873420917077, -4.160246494986609 ], [ 120.31787878793736, -4.158508353425288 ], [ 120.315947410076504, -4.159180315823757 ], [ 120.313584840879273, -4.158884652439029 ], [ 120.309416657960966, -4.159153437338821 ], [ 120.308069185034796, -4.159045923389906 ], [ 120.306308487077914, -4.166518107897308 ], [ 120.305356272876736, -4.168318947509124 ], [ 120.305005929915936, -4.169635976852535 ], [ 120.304188463007378, -4.171105313107165 ], [ 120.301610298141966, -4.174008140068644 ], [ 120.299966381172013, -4.177995029974133 ], [ 120.304359142911366, -4.178505708790406 ], [ 120.305059828832981, -4.17853258661363 ], [ 120.306056958798365, -4.178281726894382 ], [ 120.310108360729728, -4.176328602050599 ], [ 120.311887024992288, -4.175683532226748 ], [ 120.31413281320259, -4.175235566759332 ], [ 120.314896381194103, -4.174079814672687 ], [ 120.315255707307742, -4.173855831513327 ], [ 120.315992325840725, -4.173685604269476 ], [ 120.317124203098714, -4.17376623823169 ], [ 120.321076790348826, -4.171875817605827 ], [ 120.317142169404406, -4.173802075545572 ], [ 120.315992325840725, -4.173721441587038 ], [ 120.315273673613419, -4.173882709495824 ], [ 120.314923330652618, -4.174106692647516 ], [ 120.314141796355429, -4.175271404006135 ], [ 120.311896008145141, -4.175719369453097 ], [ 120.310117343882567, -4.176364439247485 ], [ 120.306991206693851, -4.177923355727696 ], [ 120.305059828832981, -4.178568423709829 ], [ 120.300307740980003, -4.178048785654663 ], [ 120.296220406437243, -4.177905437165064 ], [ 120.289689654321691, -4.178389238212457 ], [ 120.288036754198913, -4.178290686171452 ], [ 120.284048234337419, -4.177636658676454 ] ] } },
{ "type": "Feature", "properties": { "FID": 469, "OBJECTID": 1728, "NAMOBJ": "Jaringan Drainase Tersier", "STSJRN": 1, "WADMPR": "Provinsi Sulawesi Selatan", "WADMKK": "Kabupaten Wajo", "REMARK": "Tidak Ada", "SBDATA": "Analisis Tim Penyusun, 2022", "SHAPE_Leng": 0.088109260702799994 }, "geometry": { "type": "LineString", "coordinates": [ [ 120.284434509909602, -4.201145468228489 ], [ 120.2828894076209, -4.201145468228489 ], [ 120.281712614598703, -4.200240607165973 ], [ 120.281083793899839, -4.200016631493406 ], [ 120.279421910624208, -4.200052467605336 ], [ 120.279080550816246, -4.200348115465967 ], [ 120.274660839618377, -4.199891205088681 ], [ 120.274220665129164, -4.200939410851102 ], [ 120.273268450928001, -4.201691967965744 ], [ 120.273079804718336, -4.202068246250762 ], [ 120.27271149545183, -4.202166795295406 ], [ 120.272558781853533, -4.202534114352091 ], [ 120.271750298097842, -4.202650581333934 ], [ 120.271067578481905, -4.20222054931451 ], [ 120.270052482210843, -4.202390770350556 ], [ 120.269288914219331, -4.202767048298382 ], [ 120.26896552071706, -4.203743578315779 ], [ 120.267950424445999, -4.203949634952151 ], [ 120.267815677153379, -4.204316953168843 ], [ 120.267249738524399, -4.20453196863 ], [ 120.266962277633468, -4.205015753200714 ], [ 120.266333456934589, -4.205329317113911 ], [ 120.265426158497633, -4.205400988847782 ], [ 120.264788354645887, -4.205607045045942 ], [ 120.264321230698158, -4.20592956768149 ], [ 120.263620544776543, -4.20581310118961 ], [ 120.263171387134491, -4.205400988847782 ], [ 120.263243252357213, -4.204729066083951 ], [ 120.261419672330447, -4.204523009653637 ], [ 120.25798810794511, -4.204451337839019 ], [ 120.257305388329186, -4.20403922477706 ], [ 120.255895033333132, -4.202811843280075 ], [ 120.251511254746632, -4.201548623809414 ], [ 120.249427163287464, -4.200572091043369 ], [ 120.244531344989014, -4.199586598021842 ], [ 120.241378258341754, -4.197920216081232 ], [ 120.239976886498539, -4.199479089616919 ], [ 120.239366032105323, -4.200527295933033 ], [ 120.234631910558022, -4.211036158278718 ], [ 120.234506146418241, -4.211967883475702 ], [ 120.234101904540367, -4.212845854274814 ], [ 120.233571898522754, -4.215408089919603 ], [ 120.233104774575025, -4.216832545943904 ], [ 120.232889178906817, -4.218212205264388 ], [ 120.231281194548245, -4.222834942006824 ], [ 120.22987982270503, -4.231910118313716 ], [ 120.229358799840227, -4.234104987043536 ] ] } },
{ "type": "Feature", "properties": { "FID": 470, "OBJECTID": 1729, "NAMOBJ": "Jaringan Drainase Tersier", "STSJRN": 1, "WADMPR": "Provinsi Sulawesi Selatan", "WADMKK": "Kabupaten Wajo", "REMARK": "Tidak Ada", "SBDATA": "Analisis Tim Penyusun, 2022", "SHAPE_Leng": 0.108764340116 }, "geometry": { "type": "LineString", "coordinates": [ [ 120.285072313761319, -4.183737907673421 ], [ 120.283697891376619, -4.183451212748908 ], [ 120.282862458162384, -4.185054911134537 ], [ 120.282260586922035, -4.185198258316372 ], [ 120.280041748170262, -4.184374011662461 ], [ 120.278640376327033, -4.183657274736507 ], [ 120.277256970789466, -4.183872295883162 ], [ 120.276125093531476, -4.183218273045477 ], [ 120.27497524996781, -4.183101803167787 ], [ 120.274597957548494, -4.181972940379129 ], [ 120.273079804718336, -4.180996383162698 ], [ 120.272989973189922, -4.180449868960095 ], [ 120.270438757783012, -4.179132857758945 ], [ 120.268678059826144, -4.178604260804391 ], [ 120.266656850436874, -4.178864079690987 ], [ 120.264545809519191, -4.178469871691341 ], [ 120.26363851108222, -4.178559464435933 ], [ 120.261123228286692, -4.179222450427792 ], [ 120.258509130809912, -4.17966145435716 ], [ 120.252580249934724, -4.179473309846101 ], [ 120.251322608536967, -4.178971590929225 ], [ 120.248771393130042, -4.184105235392092 ], [ 120.247091543548748, -4.188118951430258 ], [ 120.245492542343001, -4.190932124060538 ], [ 120.244073204194109, -4.194838296023055 ], [ 120.241405207800284, -4.197893338924003 ], [ 120.244549311294705, -4.199550761888514 ], [ 120.249436146440303, -4.200536254955306 ], [ 120.25152023789947, -4.201512787766214 ], [ 120.255912999638809, -4.202784966291368 ], [ 120.257323354634877, -4.20401234783067 ], [ 120.257997091097948, -4.204415501929238 ], [ 120.261419672330447, -4.204487173747151 ], [ 120.263252235510052, -4.20469323018694 ], [ 120.263198336593007, -4.205374111948354 ], [ 120.263629527929382, -4.205777265342451 ], [ 120.264321230698158, -4.205893731839688 ], [ 120.26477038834021, -4.20558016815362 ], [ 120.265417175344794, -4.20536515298167 ], [ 120.266324473781751, -4.205293481244503 ], [ 120.266944311327777, -4.204979917316886 ], [ 120.267222789065883, -4.2045050917006 ], [ 120.267788727694864, -4.204290076232029 ], [ 120.267932458140322, -4.203922758002669 ], [ 120.268947554411369, -4.203716701359194 ], [ 120.269261964760815, -4.202740171308131 ], [ 120.270043499058005, -4.202354934346055 ], [ 120.271067578481905, -4.202184713302185 ], [ 120.271759281250681, -4.202623704339668 ], [ 120.272531832395003, -4.202498278354178 ], [ 120.272693529146153, -4.202139918284466 ], [ 120.273052855259806, -4.202041369236424 ], [ 120.273241501469471, -4.201656131929131 ], [ 120.274193715670648, -4.200912533797864 ], [ 120.274651856465539, -4.199855368969343 ], [ 120.279080550816246, -4.200312279367615 ], [ 120.279412927471355, -4.200016631493406 ], [ 120.281083793899839, -4.199980795379827 ], [ 120.281739564057233, -4.20021373008866 ], [ 120.282898390773738, -4.201109632166768 ], [ 120.284434509909602, -4.201109632166768 ] ] } },
{ "type": "Feature", "properties": { "FID": 471, "OBJECTID": 1730, "NAMOBJ": "Jaringan Drainase Tersier", "STSJRN": 1, "WADMPR": "Provinsi Sulawesi Selatan", "WADMKK": "Kabupaten Wajo", "REMARK": "Tidak Ada", "SBDATA": "Analisis Tim Penyusun, 2022", "SHAPE_Leng": 0.078116212294799994 }, "geometry": { "type": "LineString", "coordinates": [ [ 120.273421164526297, -4.150435800382736 ], [ 120.269306880525022, -4.149047062067093 ], [ 120.268642127214775, -4.149987820547755 ], [ 120.267851609764747, -4.151788697941397 ], [ 120.267815677153379, -4.154673677042543 ], [ 120.267564148873831, -4.155309804555174 ], [ 120.265641754165813, -4.156779167552362 ], [ 120.2645278432135, -4.159449100622687 ], [ 120.264168517099861, -4.16002250788725 ], [ 120.263243252357213, -4.160676550038834 ], [ 120.26318037028733, -4.161662091981144 ], [ 120.261599335387288, -4.164251373569533 ], [ 120.257476068233174, -4.168238312987842 ], [ 120.256011814320061, -4.169842042468514 ], [ 120.254727223463775, -4.172144598067093 ], [ 120.254287048974547, -4.173506417657131 ], [ 120.251331591689805, -4.178935753851451 ], [ 120.252580249934724, -4.179437472791256 ], [ 120.258509130809912, -4.179625617310916 ], [ 120.261114245133854, -4.179186613361481 ], [ 120.26363851108222, -4.178523627339325 ], [ 120.264545809519191, -4.178434034590638 ], [ 120.266656850436874, -4.178828242608299 ], [ 120.268687042978982, -4.178568423709829 ], [ 120.270456724088689, -4.179105979956296 ], [ 120.273007939495614, -4.180422991202597 ], [ 120.273106754176851, -4.180969505423938 ], [ 120.274624907007009, -4.181946062673862 ], [ 120.275002199426339, -4.18306596627886 ], [ 120.276134076684329, -4.183182436161879 ], [ 120.277265953942319, -4.183836459029486 ], [ 120.278649359479871, -4.183621437872993 ], [ 120.280050731323101, -4.184338174831742 ], [ 120.282260586922035, -4.185162421523373 ], [ 120.282835508703855, -4.185028033535022 ], [ 120.283679925070942, -4.183415375875964 ], [ 120.28506333060848, -4.183702070813596 ] ] } },
{ "type": "Feature", "properties": { "FID": 472, "OBJECTID": 1731, "NAMOBJ": "Jaringan Drainase Tersier", "STSJRN": 1, "WADMPR": "Provinsi Sulawesi Selatan", "WADMKK": "Kabupaten Wajo", "REMARK": "Tidak Ada", "SBDATA": "Analisis Tim Penyusun, 2022", "SHAPE_Leng": 0.092007581932200003 }, "geometry": { "type": "LineString", "coordinates": [ [ 120.279403944318517, -4.136378072147592 ], [ 120.278604443715679, -4.135831527001237 ], [ 120.278325965977572, -4.135276021712076 ], [ 120.276475436492305, -4.134173969743997 ], [ 120.27404998522519, -4.133260071827858 ], [ 120.273861339015497, -4.133045036870961 ], [ 120.272019792683068, -4.132301373862132 ], [ 120.271417921442705, -4.131871303370085 ], [ 120.269226032149447, -4.130903643910369 ], [ 120.268776874507395, -4.130885724279612 ], [ 120.267644997249405, -4.130473572660499 ], [ 120.267043126009028, -4.13007038065202 ], [ 120.26431224754532, -4.128995200961188 ], [ 120.262542566435599, -4.127669144003257 ], [ 120.260242879308251, -4.126235566422165 ], [ 120.258589979185487, -4.12564421491606 ], [ 120.254870953909233, -4.123789518700647 ], [ 120.2495888600386, -4.123251924785474 ], [ 120.24878037628288, -4.124049355629285 ], [ 120.248268336570945, -4.12424647324261 ], [ 120.24468405858731, -4.123135446055924 ], [ 120.244558294447543, -4.124622788550442 ], [ 120.243695911774779, -4.128842883720526 ], [ 120.243749810691824, -4.129577590141213 ], [ 120.243516248717967, -4.130007661876733 ], [ 120.24357913078785, -4.130948442985488 ], [ 120.243417434036715, -4.131396433597545 ], [ 120.242689798656571, -4.131647308229784 ], [ 120.241620803468464, -4.13145019245399 ], [ 120.241018932228087, -4.132623926578114 ], [ 120.24054282512752, -4.133215272883313 ], [ 120.240327229459339, -4.134263567522203 ], [ 120.240021802262746, -4.134433803272895 ], [ 120.239824172900214, -4.135114745910026 ], [ 120.242456236682699, -4.137426362602665 ], [ 120.243695911774779, -4.138922638028154 ], [ 120.244423547154909, -4.139379583852008 ], [ 120.245465592884486, -4.139764851694644 ], [ 120.246848998422053, -4.140069481949102 ], [ 120.249130719243709, -4.140212837322398 ], [ 120.252184991209703, -4.141296961492272 ], [ 120.253119239105189, -4.141467195731141 ], [ 120.255796218651852, -4.142820108643071 ], [ 120.258895406382081, -4.145499048574459 ], [ 120.261293908190666, -4.14520338006441 ], [ 120.26207544248787, -4.145319855551266 ], [ 120.265174630218084, -4.146762358235242 ], [ 120.266028029737996, -4.146932591297557 ], [ 120.266611934672667, -4.147228259160734 ], [ 120.267159906995985, -4.148410929507046 ], [ 120.268453481005125, -4.148930587129623 ], [ 120.269387728900583, -4.149011223626624 ], [ 120.273403198220606, -4.150391002410676 ] ] } },
{ "type": "Feature", "properties": { "FID": 473, "OBJECTID": 1732, "NAMOBJ": "Jaringan Drainase Tersier", "STSJRN": 1, "WADMPR": "Provinsi Sulawesi Selatan", "WADMKK": "Kabupaten Wajo", "REMARK": "Tidak Ada", "SBDATA": "Analisis Tim Penyusun, 2022", "SHAPE_Leng": 0.481223133661 }, "geometry": { "type": "LineString", "coordinates": [ [ 120.149166194426897, -4.041183977191501 ], [ 120.147854654112052, -4.041246702912248 ], [ 120.146399383351792, -4.041864999042844 ], [ 120.144971062050047, -4.042017332799737 ], [ 120.144180544600019, -4.042590824333693 ], [ 120.143425959761345, -4.043558590377288 ], [ 120.141898823778348, -4.043952865100819 ], [ 120.141404750372089, -4.04422168866598 ], [ 120.140982542188539, -4.044911668741698 ], [ 120.14086576120161, -4.0467127827937 ], [ 120.140075243751596, -4.05124691286813 ], [ 120.139212861078846, -4.053065934195572 ], [ 120.137739624012866, -4.05503728273786 ], [ 120.131604130622335, -4.058881398563027 ], [ 120.130678865879688, -4.060198608867486 ], [ 120.130391404988785, -4.061264920396771 ], [ 120.130472253364346, -4.062770298980487 ], [ 120.13031055661321, -4.066354522394476 ], [ 120.131244804508697, -4.070682450921595 ], [ 120.130741747949585, -4.073836537388178 ], [ 120.130930394159236, -4.07888125792922 ], [ 120.12885528585295, -4.084427725838323 ], [ 120.128612740726211, -4.086434838867914 ], [ 120.128253414612573, -4.087644480455492 ], [ 120.126555598725602, -4.091613884100776 ], [ 120.124678119781777, -4.095323421870273 ], [ 120.124444557807919, -4.096452408213775 ], [ 120.124148113764136, -4.099830397518262 ], [ 120.126052542166477, -4.099615353531632 ], [ 120.128585791267696, -4.098656615054081 ], [ 120.129762584289892, -4.098979181399163 ], [ 120.132152102945668, -4.098907500000392 ], [ 120.133867885138329, -4.097805397685349 ], [ 120.134802133033816, -4.097438029909476 ], [ 120.141826958555626, -4.099032942444024 ], [ 120.143102566259074, -4.099534712021733 ], [ 120.146525147491559, -4.100081282096209 ], [ 120.148007367710377, -4.100063361771825 ], [ 120.149507554234845, -4.099857278012522 ], [ 120.154385406227618, -4.100135043066953 ], [ 120.156020340044719, -4.100081282096209 ], [ 120.156523396603816, -4.100224644676824 ], [ 120.156262885171429, -4.096282164343342 ], [ 120.155786778070834, -4.094095871419504 ], [ 120.155867626446394, -4.093728501940489 ], [ 120.157466627652155, -4.092151499335153 ], [ 120.159712415862444, -4.091255473744047 ], [ 120.160035809364729, -4.091004586398917 ], [ 120.161014973024422, -4.089992075957699 ], [ 120.162631940535817, -4.087474234712768 ], [ 120.163404491680168, -4.086900775102903 ], [ 120.165138240178536, -4.08624667223474 ], [ 120.165614347279103, -4.085691132393514 ], [ 120.165838926100136, -4.085135592167529 ], [ 120.165587397820588, -4.082250360936746 ], [ 120.164805863523398, -4.080718137650968 ], [ 120.163700935723924, -4.077492394863723 ], [ 120.164329756422816, -4.074651938412242 ], [ 120.163997379767707, -4.073155542492955 ], [ 120.163476356902905, -4.071874195272382 ], [ 120.163413474833007, -4.071264882591658 ], [ 120.164042295531914, -4.069920808871139 ], [ 120.164257891200094, -4.067510431046986 ], [ 120.164105177601797, -4.067152009936742 ], [ 120.162074985059675, -4.064840189945843 ], [ 120.160502933312486, -4.062519402744929 ], [ 120.160502933312486, -4.062134097659821 ], [ 120.161149720317027, -4.060395742197535 ], [ 120.161248534998279, -4.059427996297178 ], [ 120.160520899618163, -4.057268485059664 ], [ 120.160161573504496, -4.053657339263003 ], [ 120.160691579522137, -4.053245147898049 ], [ 120.162191766046618, -4.052743349431018 ], [ 120.164257891200094, -4.050915366668196 ], [ 120.166332999506409, -4.049965530856769 ], [ 120.167976916476334, -4.049633984131781 ], [ 120.169917277490043, -4.048065855889538 ], [ 120.167994882782025, -4.049660866303731 ], [ 120.166341982659247, -4.050001373737821 ], [ 120.164275857505771, -4.050951209507172 ], [ 120.162209732352295, -4.052770231499646 ], [ 120.160709545827828, -4.053280990633779 ], [ 120.160197506115864, -4.053657339263003 ], [ 120.160556832229531, -4.057268485059664 ], [ 120.161284467609647, -4.059419035681569 ], [ 120.161185652928395, -4.060404702802303 ], [ 120.160529882771002, -4.062143058245287 ], [ 120.16053886592384, -4.062510442163645 ], [ 120.162101934518205, -4.064822268834746 ], [ 120.164132127060313, -4.067134088877045 ], [ 120.164293823811462, -4.067501470521172 ], [ 120.164078228143268, -4.069929769370038 ], [ 120.163449407444375, -4.071264882591658 ], [ 120.163512289514259, -4.071865234795125 ], [ 120.164033312379061, -4.073137621566876 ], [ 120.164365689034184, -4.074651938412242 ], [ 120.163736868335292, -4.077492394863723 ], [ 120.164841796134752, -4.080700216893486 ], [ 120.165623330431956, -4.082241400575152 ], [ 120.165874858711504, -4.085135592167529 ], [ 120.165641296737633, -4.085709053039558 ], [ 120.165156206484212, -4.086273553185038 ], [ 120.16342245798586, -4.086936616340533 ], [ 120.162658889994347, -4.087501115621916 ], [ 120.161041922482937, -4.090009996507606 ], [ 120.160062758823244, -4.091031467189653 ], [ 120.159730382168135, -4.091291314786935 ], [ 120.157493577110671, -4.092178380087399 ], [ 120.155894575904924, -4.093746422406793 ], [ 120.155822710682202, -4.094086911190315 ], [ 120.156298817782798, -4.096273204138631 ], [ 120.156568312368023, -4.100242564997593 ], [ 120.157466627652155, -4.100430728341405 ], [ 120.162973300343808, -4.103047090244989 ], [ 120.166575544633119, -4.103539897178784 ], [ 120.169602867140611, -4.10464199158474 ], [ 120.171291699874743, -4.105027276262109 ], [ 120.171210851499168, -4.10381766095292 ], [ 120.171507295542924, -4.1025274026036 ], [ 120.171480346084408, -4.10200771462412 ], [ 120.172001368949211, -4.100332166595408 ], [ 120.174184275089615, -4.097106502747379 ], [ 120.174247157159513, -4.096102960230065 ], [ 120.174516651744739, -4.095484705731159 ], [ 120.175405983876018, -4.094570763423023 ], [ 120.175558697474315, -4.09258159126281 ], [ 120.176295316007284, -4.091855811000905 ], [ 120.17650192852264, -4.090260884164198 ], [ 120.177175664985725, -4.08894372309076 ], [ 120.178271609632347, -4.085950981721984 ], [ 120.178990261859653, -4.082841744580719 ], [ 120.179574166794325, -4.081515610954047 ], [ 120.179681964628415, -4.080512048915783 ], [ 120.179439419501705, -4.080001307039799 ], [ 120.178774666191472, -4.079427842090268 ], [ 120.178559070523264, -4.078504921077599 ], [ 120.17833449170223, -4.07522540676921 ], [ 120.178981278706814, -4.073451237715634 ], [ 120.179771796156842, -4.072859847161608 ], [ 120.180436549467075, -4.072904649491523 ], [ 120.180634178829578, -4.072734400624572 ], [ 120.180445532619913, -4.072080286221763 ], [ 120.179529251030118, -4.071076712405869 ], [ 120.179592133100002, -4.069186047622104 ], [ 120.179987391825023, -4.067250575757953 ], [ 120.182143348506912, -4.061721910620872 ], [ 120.180023324436391, -4.067259536286556 ], [ 120.17962806571137, -4.069186047622104 ], [ 120.179565183641472, -4.071058791433501 ], [ 120.180472482078443, -4.072062365271739 ], [ 120.180670111440946, -4.072743361092151 ], [ 120.180445532619913, -4.07294049135366 ], [ 120.179780779309681, -4.07289568902574 ], [ 120.17900822816533, -4.073478119094125 ], [ 120.178370424313599, -4.075234367209043 ], [ 120.178595003134618, -4.078504921077599 ], [ 120.178810598802841, -4.079409921303998 ], [ 120.17946636896022, -4.079983386266324 ], [ 120.179717897239769, -4.080503088534793 ], [ 120.179610099405679, -4.081524571323739 ], [ 120.179026194471021, -4.082850704935611 ], [ 120.178298559090877, -4.085968902362224 ], [ 120.177211597597079, -4.088952683377483 ], [ 120.176537861134008, -4.090278804708093 ], [ 120.176331248618638, -4.091873731509119 ], [ 120.175585646932845, -4.092590551508848 ], [ 120.175441916487387, -4.094588683870468 ], [ 120.174552584356107, -4.095502626158139 ], [ 120.174283089770867, -4.096111920436683 ], [ 120.174220207700984, -4.097124423138032 ], [ 120.173627319613459, -4.098145884741572 ], [ 120.172396627674217, -4.099651194200089 ], [ 120.171588143918498, -4.101604508200255 ], [ 120.171543228154292, -4.1025274026036 ], [ 120.171246784110537, -4.10381766095292 ], [ 120.17144441347304, -4.106201049365577 ], [ 120.171740857516795, -4.106595293379486 ], [ 120.172693071717958, -4.106989537198629 ], [ 120.17370816798902, -4.107858664930048 ], [ 120.174166308783938, -4.108055786551844 ], [ 120.175379034417503, -4.109426676483293 ], [ 120.176933119859015, -4.110797564058141 ], [ 120.178451272689173, -4.109561077330132 ], [ 120.179574166794325, -4.109973239785856 ], [ 120.181559443572226, -4.110358521888766 ], [ 120.184730496525177, -4.110304761606512 ], [ 120.185781525407592, -4.110985724913858 ], [ 120.187703920115595, -4.111603967412785 ], [ 120.188503420718476, -4.112168449275608 ], [ 120.192105665007787, -4.112589570404928 ], [ 120.193318390641338, -4.112965891225814 ], [ 120.194611964650491, -4.1138887724865 ], [ 120.197010466459091, -4.114444292729889 ], [ 120.200253384634763, -4.11685452929797 ], [ 120.200352199316015, -4.117732606234291 ], [ 120.200549828678518, -4.117875965642108 ], [ 120.202005099438793, -4.117445887341187 ], [ 120.204053258286592, -4.117508607107879 ], [ 120.20619124866279, -4.117840125792576 ], [ 120.207089563946923, -4.118467322926373 ], [ 120.207996862383865, -4.118825721066589 ], [ 120.208868228209454, -4.118494202792489 ], [ 120.209595863589612, -4.115546372065921 ], [ 120.209685695118011, -4.113467652043847 ], [ 120.210242650594154, -4.110797564058141 ], [ 120.208886194515145, -4.106066647952685 ], [ 120.208095677065103, -4.105125837428779 ], [ 120.207188378628175, -4.104606151140183 ], [ 120.207412957449193, -4.10343237569189 ], [ 120.207314142767942, -4.102751405938763 ], [ 120.208652632541273, -4.099283827272245 ], [ 120.207933980313967, -4.097097542551902 ], [ 120.207933980313967, -4.095896875450176 ], [ 120.207628553117374, -4.095493665944699 ], [ 120.207421940602032, -4.094741007657561 ], [ 120.20621819812132, -4.092877279329076 ], [ 120.205598360575266, -4.090986665871258 ], [ 120.204852758889459, -4.089508220958759 ], [ 120.204071224592269, -4.088648033572655 ], [ 120.204053258286592, -4.088101455691415 ], [ 120.204259870801934, -4.087456314106169 ], [ 120.205517512199691, -4.086058505557417 ], [ 120.205706158409356, -4.085637370452975 ], [ 120.206074467675862, -4.083334563951205 ], [ 120.205831922549123, -4.082931348125132 ], [ 120.204080207745108, -4.082707339245345 ], [ 120.202166796189928, -4.081667937225221 ], [ 120.201861368993335, -4.081210958325005 ], [ 120.201582891255256, -4.079642891494316 ], [ 120.201654756477993, -4.078917099524944 ], [ 120.20247222338655, -4.077743286433835 ], [ 120.202094930967192, -4.076694917567224 ], [ 120.202535105456434, -4.073092819249933 ], [ 120.202553071762111, -4.071103593863675 ], [ 120.202517139150757, -4.07002833485135 ], [ 120.202139846731399, -4.068549851364999 ], [ 120.202283577176857, -4.066883193999434 ], [ 120.202005099438793, -4.065825850442732 ], [ 120.201969166827425, -4.062868865337392 ], [ 120.202589004373479, -4.062053452386162 ], [ 120.20326274083655, -4.061766713570089 ], [ 120.204682078985456, -4.062178900586149 ], [ 120.205490562741176, -4.062573166230545 ], [ 120.207278210156574, -4.06298535283457 ], [ 120.208859245056615, -4.061471014059288 ], [ 120.209604846742451, -4.061318683965981 ], [ 120.209910273939045, -4.061103629667651 ], [ 120.210808589223163, -4.0597595390048 ], [ 120.211850634952754, -4.058755949850521 ], [ 120.212524371415824, -4.057340170172656 ], [ 120.212955562752214, -4.057035508398507 ], [ 120.214051507398835, -4.05689213811209 ], [ 120.214985755294336, -4.056031915859283 ], [ 120.216378143984713, -4.055709332278364 ], [ 120.21876766264046, -4.054365232638528 ], [ 120.220681074195653, -4.052815034945374 ], [ 120.22215431126159, -4.052053376030437 ], [ 120.222549569986597, -4.050413566755807 ], [ 120.223079576004238, -4.050028255897569 ], [ 120.223376020047994, -4.050010334457836 ] ] } },
{ "type": "Feature", "properties": { "FID": 474, "OBJECTID": 1733, "NAMOBJ": "Jaringan Drainase Tersier", "STSJRN": 1, "WADMPR": "Provinsi Sulawesi Selatan", "WADMKK": "Kabupaten Wajo", "REMARK": "Tidak Ada", "SBDATA": "Analisis Tim Penyusun, 2022", "SHAPE_Leng": 0.13720323973599999 }, "geometry": { "type": "LineString", "coordinates": [ [ 120.352688505197008, -4.168507094693281 ], [ 120.353101730227692, -4.17034376722061 ], [ 120.353847331913514, -4.171427849966008 ], [ 120.353712584620908, -4.17235962236988 ], [ 120.354098860193062, -4.175853759037323 ], [ 120.355446333119232, -4.178066704214019 ], [ 120.355760743468693, -4.17909702068854 ], [ 120.35604820435961, -4.180933668437492 ], [ 120.356910587032374, -4.184418807698555 ], [ 120.357054317477832, -4.185699973246118 ], [ 120.356865671268167, -4.187464932140152 ], [ 120.359731297024496, -4.189059663149133 ], [ 120.362543023863807, -4.190340821099157 ], [ 120.362686754309252, -4.190636472635739 ], [ 120.362767602684826, -4.19298376268604 ], [ 120.363046080422905, -4.193637777360452 ], [ 120.363944395707023, -4.194435136976416 ], [ 120.361411146605818, -4.198314414280928 ], [ 120.36032418511202, -4.199694106411952 ], [ 120.358320942028428, -4.203582316562365 ], [ 120.357916700150568, -4.206565653599162 ], [ 120.357871784386361, -4.208841224318989 ], [ 120.357674155023858, -4.210158185437581 ], [ 120.356605159835752, -4.214350944767589 ], [ 120.355320568979465, -4.217961358297437 ], [ 120.354574967293658, -4.220604206201126 ], [ 120.353802416149307, -4.220702752898165 ], [ 120.351915954052657, -4.221509043585889 ], [ 120.351116453449777, -4.221580713828713 ], [ 120.348816766322429, -4.22133882673266 ], [ 120.348331676069023, -4.221446332117989 ], [ 120.345142656810395, -4.22273639558049 ], [ 120.3419177049404, -4.222637849141642 ], [ 120.33679730782093, -4.219806873374172 ], [ 120.331101988919613, -4.219296221583019 ], [ 120.327886020202456, -4.218803487080278 ], [ 120.325065310210334, -4.217961358297437 ], [ 120.323672921519929, -4.217728428898456 ], [ 120.322217650759669, -4.218086781791037 ], [ 120.321292386017021, -4.218902034005834 ], [ 120.319136429335131, -4.220111472528306 ], [ 120.318570490706151, -4.220138348918523 ], [ 120.317115219945876, -4.219305180389268 ], [ 120.316414534024261, -4.219278303970214 ], [ 120.315668932338426, -4.219367892030105 ], [ 120.313108733778691, -4.220120431325149 ], [ 120.310252091175187, -4.220469824321367 ], [ 120.309470556878011, -4.22100735170084 ], [ 120.308419527995596, -4.222136157986215 ], [ 120.306622897427346, -4.224125003160816 ], [ 120.30442202498125, -4.226938045736847 ], [ 120.303811170588062, -4.227350146658443 ], [ 120.301430635085154, -4.228649158999188 ], [ 120.298699756621403, -4.229186680710162 ], [ 120.296750412454884, -4.229321061079642 ], [ 120.295941928699179, -4.22929418500761 ], [ 120.294199197047973, -4.228873126424077 ], [ 120.291540183806987, -4.226499068427227 ], [ 120.289276429291007, -4.225200052483691 ], [ 120.28732708512446, -4.223766653055433 ], [ 120.286563517132976, -4.223381426507536 ], [ 120.284425526756763, -4.222682642979034 ] ] } },
{ "type": "Feature", "properties": { "FID": 475, "OBJECTID": 1734, "NAMOBJ": "Jaringan Drainase Tersier", "STSJRN": 1, "WADMPR": "Provinsi Sulawesi Selatan", "WADMKK": "Kabupaten Wajo", "REMARK": "Tidak Ada", "SBDATA": "Analisis Tim Penyusun, 2022", "SHAPE_Leng": 0.17243041113800001 }, "geometry": { "type": "LineString", "coordinates": [ [ 120.284425526756763, -4.222646807909328 ], [ 120.286572500285814, -4.223345591470101 ], [ 120.287345051430137, -4.22373081803579 ], [ 120.289303378749523, -4.225164217530269 ], [ 120.291558150112664, -4.226472192257338 ], [ 120.29421716335365, -4.228837291640444 ], [ 120.295950911852017, -4.229258350243452 ], [ 120.296750412454884, -4.229285226316725 ], [ 120.298699756621403, -4.229150845941032 ], [ 120.301421651932301, -4.228613324205199 ], [ 120.303793204282385, -4.227314311804393 ], [ 120.30439507552272, -4.226911169582176 ], [ 120.306595947968816, -4.224098126908655 ], [ 120.308392578537067, -4.222109281665166 ], [ 120.309443607419496, -4.220980475340705 ], [ 120.310243108022334, -4.220442947942625 ], [ 120.313099750625852, -4.220084596137158 ], [ 120.315659949185587, -4.21933205680739 ], [ 120.316414534024261, -4.219242468743366 ], [ 120.317124203098714, -4.219269345163657 ], [ 120.318579473858989, -4.220102513731361 ], [ 120.319127446182293, -4.220075637339904 ], [ 120.32127441971133, -4.21887515757283 ], [ 120.322199684453977, -4.218050946509218 ], [ 120.323663938367091, -4.217692593600108 ], [ 120.325074293363173, -4.217925523009832 ], [ 120.327895003355295, -4.21876765183152 ], [ 120.331101988919613, -4.219260386356997 ], [ 120.336806290973769, -4.219771038171714 ], [ 120.3419177049404, -4.222602014069867 ], [ 120.345142656810395, -4.222700560513267 ], [ 120.348816766322429, -4.22130299160091 ], [ 120.351116453449777, -4.221544878708127 ], [ 120.351915954052657, -4.221473208461995 ], [ 120.35378444984363, -4.220666917737053 ], [ 120.354548017835143, -4.220568371035464 ], [ 120.355284636368097, -4.217952399475691 ], [ 120.356569227224384, -4.214341985904226 ], [ 120.35763822241249, -4.210149226525933 ], [ 120.357835851774993, -4.208841224318989 ], [ 120.3578807675392, -4.206556694646181 ], [ 120.358276026264235, -4.203600234536614 ], [ 120.350927807240112, -4.204684271212431 ], [ 120.349544401702573, -4.204684271212431 ], [ 120.343678402897282, -4.203824209179976 ], [ 120.337515960048236, -4.2023280573416 ], [ 120.336527813235705, -4.202372852348512 ], [ 120.334919828877105, -4.202928310220433 ], [ 120.333958631523103, -4.202892474240636 ], [ 120.331191820448026, -4.202139918284466 ], [ 120.329871296980372, -4.201441115674876 ], [ 120.327212283739357, -4.201387361602051 ], [ 120.326134305398412, -4.201055878071097 ], [ 120.325200057502954, -4.201279853445285 ], [ 120.322029004550004, -4.199846409939251 ], [ 120.320618649553936, -4.199738901570125 ], [ 120.319405923920385, -4.200034549549576 ], [ 120.318399810802163, -4.199962877322421 ], [ 120.31663911284528, -4.199514925753539 ], [ 120.314725701290101, -4.198672776107892 ], [ 120.312461946774121, -4.198036683751862 ], [ 120.310575484677486, -4.197660403522593 ], [ 120.308886651943325, -4.197570812965082 ], [ 120.304583721732385, -4.194703909697294 ], [ 120.304682536413665, -4.193422758897754 ], [ 120.304655586955136, -4.193145026629203 ], [ 120.304359142911366, -4.192849376041321 ], [ 120.302957771068137, -4.192840416930851 ], [ 120.301502500307876, -4.192267033647188 ], [ 120.300334690438518, -4.192114728641762 ], [ 120.296022777074739, -4.19209681040388 ], [ 120.292797825204744, -4.192320788347899 ], [ 120.289114732539858, -4.192007219208302 ], [ 120.287973872129029, -4.192213278942779 ], [ 120.28584486490567, -4.191854914152256 ] ] } },
{ "type": "Feature", "properties": { "FID": 476, "OBJECTID": 1735, "NAMOBJ": "Jaringan Drainase Tersier", "STSJRN": 1, "WADMPR": "Provinsi Sulawesi Selatan", "WADMKK": "Kabupaten Wajo", "REMARK": "Tidak Ada", "SBDATA": "Analisis Tim Penyusun, 2022", "SHAPE_Leng": 0.10366209136399999 }, "geometry": { "type": "LineString", "coordinates": [ [ 120.28584486490567, -4.191819077664168 ], [ 120.287973872129029, -4.192177442471119 ], [ 120.289114732539858, -4.191971382727196 ], [ 120.292797825204744, -4.192284951881168 ], [ 120.296022777074739, -4.192060973926881 ], [ 120.300334690438518, -4.192078892165585 ], [ 120.301511483460715, -4.192231197177993 ], [ 120.302957771068137, -4.192804580487945 ], [ 120.304368126064205, -4.192813539598825 ], [ 120.304682536413665, -4.193136067522122 ], [ 120.304610671190929, -4.194677032429367 ], [ 120.308895635096164, -4.197534976739199 ], [ 120.310575484677486, -4.197624567300823 ], [ 120.31247092992696, -4.198000847547364 ], [ 120.314734684442939, -4.198645898976578 ], [ 120.316657079150957, -4.199479089616919 ], [ 120.318408793955001, -4.199927041206374 ], [ 120.319396940767547, -4.199998713436822 ], [ 120.320618649553936, -4.199703065443792 ], [ 120.322505111650571, -4.19993600023554 ], [ 120.324059197092126, -4.196916801583787 ], [ 120.324499371581325, -4.194220118733139 ], [ 120.324175978079055, -4.192455175083505 ], [ 120.324912596612009, -4.190063087735703 ], [ 120.326170238009809, -4.187563483027064 ], [ 120.326197187468324, -4.185753728398094 ], [ 120.326358884219459, -4.185395360648543 ], [ 120.331030123696877, -4.187034891761121 ], [ 120.335117458239608, -4.188011441447512 ], [ 120.336994937183434, -4.187903931449992 ], [ 120.337740538869255, -4.188029359778995 ], [ 120.338737668834639, -4.187868094780869 ], [ 120.339887512398306, -4.18565517728332 ], [ 120.3408936255165, -4.184436726112274 ], [ 120.342465677263718, -4.182868863360457 ], [ 120.343768234425696, -4.182743434204744 ], [ 120.344244341526263, -4.182205880452826 ], [ 120.345133673657543, -4.178846161149846 ], [ 120.347065051518413, -4.175137014322187 ], [ 120.347783703745719, -4.173004694925027 ], [ 120.348691002182662, -4.172198354148308 ], [ 120.350766110488976, -4.169501586204309 ], [ 120.35265257258564, -4.16849813530458 ], [ 120.352149516026515, -4.163364388794188 ], [ 120.352688505197008, -4.168507094693281 ] ] } },
{ "type": "Feature", "properties": { "FID": 477, "OBJECTID": 1736, "NAMOBJ": "Jaringan Drainase Sekunder", "STSJRN": 1, "WADMPR": "Provinsi Sulawesi Selatan", "WADMKK": "Kabupaten Wajo", "REMARK": "Tidak Ada", "SBDATA": "Analisis Tim Penyusun, 2022", "SHAPE_Leng": 0.043164753770299998 }, "geometry": { "type": "LineString", "coordinates": [ [ 120.256694533935985, -4.071721867145444 ], [ 120.258221669918996, -4.072178851439769 ], [ 120.260647121186125, -4.072501428432476 ], [ 120.264500893754985, -4.073612525973107 ], [ 120.265228529135129, -4.074472729466834 ], [ 120.266153793877777, -4.075996004229918 ], [ 120.266701766201081, -4.076461946522298 ], [ 120.269468577276186, -4.076838284330544 ], [ 120.273223535163794, -4.078361554611571 ], [ 120.282197704852152, -4.08094214708575 ], [ 120.283841621822077, -4.08163209575225 ], [ 120.286698264425581, -4.082348924907661 ], [ 120.28843201292392, -4.083146396590912 ], [ 120.291791712086535, -4.084329162122699 ], [ 120.293013420872938, -4.085180393812919 ], [ 120.296543799939514, -4.085700092716586 ] ] } },
{ "type": "Feature", "properties": { "FID": 478, "OBJECTID": 1737, "NAMOBJ": "Jaringan Drainase Tersier", "STSJRN": 1, "WADMPR": "Provinsi Sulawesi Selatan", "WADMKK": "Kabupaten Wajo", "REMARK": "Tidak Ada", "SBDATA": "Analisis Tim Penyusun, 2022", "SHAPE_Leng": 0.095098742475600004 }, "geometry": { "type": "LineString", "coordinates": [ [ 120.256694533935985, -4.071721867145444 ], [ 120.256568769796203, -4.072053404796575 ], [ 120.255580622983672, -4.07294049135366 ], [ 120.254870953909233, -4.07434728318129 ], [ 120.254385863655799, -4.07490283086873 ], [ 120.253712127192713, -4.076139371117871 ], [ 120.252436519489279, -4.07661427375162 ], [ 120.252086176528451, -4.076936848965493 ], [ 120.251933462930154, -4.077429671958957 ], [ 120.250990231881815, -4.078666208321306 ], [ 120.250532091086924, -4.07992066355601 ], [ 120.249543944274393, -4.081237839443983 ], [ 120.249202584466445, -4.082241400575152 ], [ 120.248960039339707, -4.083594414042893 ], [ 120.249193601313593, -4.08544024330684 ], [ 120.249499028510186, -4.086157069060568 ], [ 120.249490045357348, -4.087071020967385 ], [ 120.249166651855077, -4.088665954152615 ], [ 120.249382247523258, -4.090637215501786 ], [ 120.249166651855077, -4.091999175055387 ], [ 120.248412067016403, -4.094284036209317 ], [ 120.247989858832881, -4.094624524764157 ], [ 120.247917993610145, -4.09523381971129 ], [ 120.248313252335151, -4.097088582356324 ], [ 120.248115622972648, -4.098011481973538 ], [ 120.248376134405035, -4.100807054896134 ], [ 120.247935959915836, -4.101416345132817 ], [ 120.247891044151629, -4.103360694692586 ], [ 120.246804082657846, -4.105824725352449 ], [ 120.246588486989637, -4.107088098122982 ], [ 120.247046627784556, -4.108441069581077 ], [ 120.247522734885123, -4.109319155789513 ], [ 120.247549684343639, -4.110035960140877 ], [ 120.247729347400465, -4.110851324307164 ], [ 120.248061724055603, -4.111469566910332 ], [ 120.248088673514133, -4.112016128812328 ], [ 120.247370021286827, -4.114498052732881 ], [ 120.24735205498115, -4.115071492539018 ], [ 120.246220177723146, -4.117177088285098 ], [ 120.244980502631066, -4.120537069959985 ], [ 120.244693041740163, -4.123099606443398 ], [ 120.248268336570945, -4.124210633680188 ], [ 120.248753426824365, -4.124022475950952 ], [ 120.249579876885761, -4.1232160851782 ], [ 120.254879937062071, -4.123753679117618 ], [ 120.258598962338326, -4.125608375416692 ], [ 120.260251862461089, -4.126208686817803 ], [ 120.262560532741276, -4.127642264447423 ], [ 120.264321230698158, -4.128968321450253 ], [ 120.267061092314719, -4.130043501177505 ], [ 120.267653980402244, -4.130437733379153 ], [ 120.268785857660234, -4.130849885016883 ], [ 120.269235015302286, -4.13086780464845 ], [ 120.271435887748382, -4.131835464151889 ], [ 120.272037758988759, -4.132274494463212 ], [ 120.273879305321188, -4.133018157497249 ], [ 120.274058968378029, -4.133224232672426 ], [ 120.276493402797982, -4.13414709040856 ], [ 120.278343932283263, -4.135249142414013 ], [ 120.278631393174194, -4.135813607481858 ], [ 120.279421910624208, -4.136351192886916 ] ] } },
{ "type": "Feature", "properties": { "FID": 479, "OBJECTID": 1738, "NAMOBJ": "Jaringan Drainase Sekunder", "STSJRN": 1, "WADMPR": "Provinsi Sulawesi Selatan", "WADMKK": "Kabupaten Wajo", "REMARK": "Tidak Ada", "SBDATA": "Analisis Tim Penyusun, 2022", "SHAPE_Leng": 3.6128438434499999e-05 }, "geometry": { "type": "LineString", "coordinates": [ [ 120.256658601324617, -4.07171290666649 ], [ 120.256694533935985, -4.071721867145444 ] ] } },
{ "type": "Feature", "properties": { "FID": 480, "OBJECTID": 1739, "NAMOBJ": "Jaringan Drainase Sekunder", "STSJRN": 1, "WADMPR": "Provinsi Sulawesi Selatan", "WADMKK": "Kabupaten Wajo", "REMARK": "Tidak Ada", "SBDATA": "Analisis Tim Penyusun, 2022", "SHAPE_Leng": 0.05993826743 }, "geometry": { "type": "LineString", "coordinates": [ [ 120.243327602508302, -4.062411875762946 ], [ 120.245744070622578, -4.064696821045906 ], [ 120.247253240299898, -4.066802549200757 ], [ 120.249265466536329, -4.06837064106102 ], [ 120.250954299270461, -4.068684259066816 ], [ 120.251816681943225, -4.069033718986582 ], [ 120.253972638625115, -4.070763095331812 ], [ 120.255203330564356, -4.071193198716544 ], [ 120.258230653071834, -4.072143009543709 ], [ 120.260647121186125, -4.072465586550783 ], [ 120.264518860060662, -4.073576684140907 ], [ 120.266513119991416, -4.076345460974518 ], [ 120.269486543581863, -4.07680244264211 ], [ 120.273232518316632, -4.078325712991067 ], [ 120.28220668800499, -4.080906305580384 ], [ 120.283850604974916, -4.081596254277679 ], [ 120.286707247578434, -4.082313083465092 ], [ 120.288440996076758, -4.08311055518395 ], [ 120.291809678392212, -4.084293320768561 ], [ 120.293031387178615, -4.085153512825986 ], [ 120.296543799939514, -4.085664251423694 ] ] } },
{ "type": "Feature", "properties": { "FID": 481, "OBJECTID": 1740, "NAMOBJ": "Jaringan Drainase Tersier", "STSJRN": 1, "WADMPR": "Provinsi Sulawesi Selatan", "WADMKK": "Kabupaten Wajo", "REMARK": "Tidak Ada", "SBDATA": "Analisis Tim Penyusun, 2022", "SHAPE_Leng": 0.10038034032199999 }, "geometry": { "type": "LineString", "coordinates": [ [ 120.308680039427983, -4.024695905436825 ], [ 120.308410544842758, -4.02477655442748 ], [ 120.30679357733132, -4.024597334437399 ], [ 120.304466940745456, -4.022930586640761 ], [ 120.299993330630542, -4.021452017192702 ], [ 120.2988524702197, -4.020636562591793 ], [ 120.2980619527697, -4.020287081798813 ], [ 120.291953408837671, -4.018790585427018 ], [ 120.289833384767149, -4.019041495189978 ], [ 120.287704377543804, -4.018414220637836 ], [ 120.284614172966428, -4.018082661036806 ], [ 120.282476182590216, -4.019140066861448 ], [ 120.280823282467452, -4.019373054401191 ], [ 120.280814299314613, -4.020923315951049 ], [ 120.281146675969723, -4.022706561139278 ], [ 120.281002945524264, -4.025000579359616 ], [ 120.281290406415181, -4.026201351945213 ], [ 120.280958029760058, -4.027679912770203 ], [ 120.278613426868517, -4.030870010609496 ], [ 120.278272067060527, -4.031873634308202 ], [ 120.278209184990644, -4.032931022221696 ], [ 120.278397831200309, -4.035449033662274 ], [ 120.277427650693483, -4.037187442699532 ], [ 120.276376621811053, -4.037734055081202 ], [ 120.274912367897926, -4.037850546196928 ], [ 120.273933204238233, -4.038630140156416 ], [ 120.273663709652993, -4.039499341733976 ], [ 120.273187602552426, -4.042904452344733 ], [ 120.270914864883608, -4.043020942717932 ], [ 120.269342813136376, -4.043621315914318 ], [ 120.268803823965925, -4.043594433541898 ], [ 120.264429028532248, -4.040825544408453 ], [ 120.262443751754347, -4.039920500926348 ], [ 120.26169815006854, -4.041425919230505 ], [ 120.260988480994072, -4.042259274590093 ], [ 120.260359660295208, -4.042653549945608 ], [ 120.259658974373579, -4.043047825109369 ], [ 120.258356417211616, -4.043460021666437 ], [ 120.255625538747879, -4.044938551070419 ], [ 120.25413433537625, -4.044965433398248 ], [ 120.253792975568288, -4.045126727346493 ], [ 120.252149058598334, -4.046891997903178 ], [ 120.249247500230638, -4.053746946053664 ], [ 120.245609323329958, -4.061067787279024 ], [ 120.244719991198679, -4.061614383532604 ], [ 120.243785743303192, -4.061695028850149 ], [ 120.243327602508302, -4.062411875762946 ] ] } },
{ "type": "Feature", "properties": { "FID": 482, "OBJECTID": 1741, "NAMOBJ": "Jaringan Drainase Sekunder", "STSJRN": 1, "WADMPR": "Provinsi Sulawesi Selatan", "WADMKK": "Kabupaten Wajo", "REMARK": "Tidak Ada", "SBDATA": "Analisis Tim Penyusun, 2022", "SHAPE_Leng": 3.6709992962099999e-05 }, "geometry": { "type": "LineString", "coordinates": [ [ 120.243300653049758, -4.062384994015211 ], [ 120.243327602508302, -4.062411875762946 ] ] } },
{ "type": "Feature", "properties": { "FID": 483, "OBJECTID": 1742, "NAMOBJ": "Jaringan Drainase Tersier", "STSJRN": 1, "WADMPR": "Provinsi Sulawesi Selatan", "WADMKK": "Kabupaten Wajo", "REMARK": "Tidak Ada", "SBDATA": "Analisis Tim Penyusun, 2022", "SHAPE_Leng": 0.032147829588199998 }, "geometry": { "type": "LineString", "coordinates": [ [ 120.241692668691186, -3.972801111482351 ], [ 120.242860478560544, -3.973034112186033 ], [ 120.245070334159479, -3.972989304363513 ], [ 120.246804082657846, -3.973625575215195 ], [ 120.2475407011908, -3.973392574678576 ], [ 120.247208324535691, -3.973616613657311 ], [ 120.246795099505007, -3.973661421445756 ], [ 120.24506135100664, -3.973025150621724 ], [ 120.242860478560544, -3.973069958442297 ], [ 120.241674702385509, -3.972836957748739 ], [ 120.240632656655933, -3.971824300123818 ], [ 120.239339082646794, -3.970955026658095 ], [ 120.238557548349604, -3.969162707344316 ], [ 120.237326856410363, -3.968096275506519 ], [ 120.23577277096885, -3.96783638854746 ], [ 120.231532722827794, -3.966142640501249 ], [ 120.230535592862424, -3.96560494198277 ], [ 120.230311014041391, -3.965085166415723 ], [ 120.230778137989134, -3.964117307592403 ], [ 120.231505773369278, -3.961509460124596 ], [ 120.231577638592, -3.959788813995045 ] ] } },
{ "type": "Feature", "properties": { "FID": 484, "OBJECTID": 1743, "NAMOBJ": "Jaringan Drainase Tersier", "STSJRN": 1, "WADMPR": "Provinsi Sulawesi Selatan", "WADMKK": "Kabupaten Wajo", "REMARK": "Tidak Ada", "SBDATA": "Analisis Tim Penyusun, 2022", "SHAPE_Leng": 0.019955226459100001 }, "geometry": { "type": "LineString", "coordinates": [ [ 120.231613571203368, -3.959788813995045 ], [ 120.231541705980632, -3.961518421813821 ], [ 120.230814070600488, -3.964135230914243 ], [ 120.230346946652759, -3.9650941280662 ], [ 120.230553559168101, -3.965578057047663 ], [ 120.231550689133485, -3.966106793944234 ], [ 120.235781754121689, -3.967800542063932 ], [ 120.237344822716054, -3.968060429034269 ], [ 120.238584497808134, -3.969144784131529 ], [ 120.239366032105323, -3.970937103484219 ], [ 120.240659606114448, -3.971797415391177 ], [ 120.241692668691186, -3.972801111482351 ] ] } },
{ "type": "Feature", "properties": { "FID": 485, "OBJECTID": 1744, "NAMOBJ": "Jaringan Drainase Tersier", "STSJRN": 1, "WADMPR": "Provinsi Sulawesi Selatan", "WADMKK": "Kabupaten Wajo", "REMARK": "Tidak Ada", "SBDATA": "Analisis Tim Penyusun, 2022", "SHAPE_Leng": 0.056306313695 }, "geometry": { "type": "LineString", "coordinates": [ [ 120.205068354557639, -3.965147897967022 ], [ 120.203110027238253, -3.962755133995828 ], [ 120.201897301604703, -3.961545306880915 ], [ 120.201690689089347, -3.960998643678295 ], [ 120.201897301604703, -3.959977009839708 ], [ 120.20043304769159, -3.959053953620439 ], [ 120.200316266704661, -3.958570020822394 ], [ 120.19951676610178, -3.957924776651684 ], [ 120.197756068144898, -3.957189914622694 ], [ 120.197666236616485, -3.957010679882568 ], [ 120.198097427952874, -3.955863576627416 ], [ 120.198088444800035, -3.955119751011581 ], [ 120.197324876808523, -3.954922592302671 ], [ 120.19648046044145, -3.95417876584224 ], [ 120.195025189681189, -3.953793409702661 ], [ 120.19408195863285, -3.953022696886111 ], [ 120.192905165610654, -3.952959964416023 ], [ 120.191000737208313, -3.951965206041762 ], [ 120.190695310011719, -3.952574607709932 ], [ 120.188701050080965, -3.952305754088001 ], [ 120.182826068122836, -3.950898752045031 ], [ 120.17938552058466, -3.949724754883512 ], [ 120.177409226959583, -3.949267702104255 ], [ 120.17677142310788, -3.948828572726305 ], [ 120.176061754033412, -3.94800408428707 ], [ 120.175199371360648, -3.947681458153162 ], [ 120.174732247412919, -3.947089976582065 ], [ 120.171911537420797, -3.945503728470655 ], [ 120.171776790128163, -3.946014554464359 ], [ 120.171651025988382, -3.949249778460722 ], [ 120.169971176407088, -3.95330947383178 ], [ 120.169306423096828, -3.958363901211404 ] ] } },
{ "type": "Feature", "properties": { "FID": 486, "OBJECTID": 1745, "NAMOBJ": "Jaringan Drainase Tersier", "STSJRN": 1, "WADMPR": "Provinsi Sulawesi Selatan", "WADMKK": "Kabupaten Wajo", "REMARK": "Tidak Ada", "SBDATA": "Analisis Tim Penyusun, 2022", "SHAPE_Leng": 0.13978509107199999 }, "geometry": { "type": "LineString", "coordinates": [ [ 120.169270490485474, -3.958363901211404 ], [ 120.169935243795734, -3.95330051205373 ], [ 120.171561194459969, -3.949500709434937 ], [ 120.171722891211118, -3.94864037435035 ], [ 120.171749840669634, -3.945871164743454 ], [ 120.172010352102049, -3.945207986962306 ], [ 120.17155221130713, -3.945055635235101 ], [ 120.169081844275809, -3.94491224534868 ], [ 120.168515905646828, -3.944293876180025 ], [ 120.167976916476334, -3.942859974887978 ], [ 120.166880971829713, -3.942367070747545 ], [ 120.16487772874612, -3.940834585098946 ], [ 120.164239924894417, -3.940601575337788 ], [ 120.16342245798586, -3.940870432748715 ], [ 120.161616844264785, -3.942940631901314 ], [ 120.161293450762486, -3.943496268891638 ], [ 120.160413101784044, -3.944275952429146 ], [ 120.160062758823244, -3.944921207217306 ], [ 120.161248534998279, -3.946211715290185 ], [ 120.161751591557405, -3.947000358125447 ], [ 120.163952464003501, -3.948479061422711 ], [ 120.164967560274533, -3.94898988558602 ], [ 120.165560448362058, -3.949097427475078 ], [ 120.166180285908112, -3.949724754883512 ], [ 120.166889954982551, -3.950056342036391 ], [ 120.166162319602435, -3.949751640333277 ], [ 120.165542482056381, -3.949133274768334 ], [ 120.164958577121695, -3.949025732883921 ], [ 120.163925514544971, -3.948505946912826 ], [ 120.161733625251728, -3.947036205509255 ], [ 120.161212602386925, -3.946238600853717 ], [ 120.160107674587451, -3.945091482702839 ], [ 120.160017843059038, -3.944768855437513 ], [ 120.160386152325529, -3.944249066802098 ], [ 120.16126650130397, -3.943469383239367 ], [ 120.161589894806241, -3.942913746231071 ], [ 120.16339550852733, -3.940852508924023 ], [ 120.164248908047256, -3.940565727676431 ], [ 120.164895695051797, -3.940807699360605 ], [ 120.167123516956423, -3.942465651599012 ], [ 120.168003865934864, -3.942824127323983 ], [ 120.168542855105343, -3.944275952429146 ], [ 120.169099810581486, -3.944885359742221 ], [ 120.171561194459969, -3.945019787765816 ], [ 120.172028318407726, -3.945172139499596 ], [ 120.173573420696414, -3.942492537283746 ], [ 120.174741230565758, -3.939929431430273 ], [ 120.175028691456674, -3.935878632652183 ], [ 120.174220207700984, -3.935735241183778 ], [ 120.173672235377651, -3.935314028602563 ], [ 120.173366808181058, -3.933163152526749 ], [ 120.172028318407726, -3.931424523641234 ], [ 120.170815592774176, -3.930331157227249 ], [ 120.170887457996898, -3.929076472690773 ], [ 120.165650279890471, -3.928009989351008 ], [ 120.165120273872859, -3.927696317521063 ], [ 120.163898565086456, -3.927920368840198 ], [ 120.162910418273924, -3.927902444736881 ], [ 120.162074985059675, -3.927750089843142 ], [ 120.161455147513621, -3.927373683515833 ], [ 120.16102395617726, -3.927355759400775 ], [ 120.157996633669768, -3.927902444736881 ], [ 120.154547102978754, -3.929569384698049 ], [ 120.153729636070224, -3.930205688858538 ], [ 120.153037933301434, -3.931845738188627 ], [ 120.152552843048028, -3.932410344588513 ], [ 120.15173537613947, -3.932293838537313 ], [ 120.149678234138833, -3.931621687923954 ], [ 120.148124148697306, -3.930949536768666 ], [ 120.146776675771108, -3.931021232917714 ], [ 120.145195640871066, -3.931845738188627 ], [ 120.14471055061766, -3.931944320286005 ], [ 120.143093583106221, -3.931361789541499 ], [ 120.141144238939688, -3.93140659961322 ], [ 120.140488468782294, -3.932338648558933 ], [ 120.140039311140242, -3.932679204644515 ], [ 120.139446423052703, -3.933620214157468 ], [ 120.136095707042941, -3.935771089053195 ], [ 120.135646549400889, -3.936290882986309 ], [ 120.133409744343439, -3.937886110616945 ], [ 120.131235821355858, -3.939705383340415 ], [ 120.130705815338217, -3.940762889794772 ], [ 120.130696832185379, -3.941497766369545 ], [ 120.129906314735365, -3.942662813266874 ], [ 120.129582921233066, -3.944105676776489 ], [ 120.128972066839879, -3.944733007955854 ], [ 120.128810370088743, -3.94570985127785 ], [ 120.128999016298408, -3.946077287459471 ], [ 120.130274624001856, -3.94691970150622 ], [ 120.131020225687678, -3.947690419991907 ], [ 120.131199888744504, -3.948272939302886 ], [ 120.130930394159236, -3.949724754883512 ] ] } },
{ "type": "Feature", "properties": { "FID": 487, "OBJECTID": 1746, "NAMOBJ": "Jaringan Drainase Tersier", "STSJRN": 1, "WADMPR": "Provinsi Sulawesi Selatan", "WADMKK": "Kabupaten Wajo", "REMARK": "Tidak Ada", "SBDATA": "Analisis Tim Penyusun, 2022", "SHAPE_Leng": 0.196680423947 }, "geometry": { "type": "LineString", "coordinates": [ [ 120.223843143995722, -3.958104011193983 ], [ 120.225028920170772, -3.951848702730683 ], [ 120.225001970712242, -3.950611974265779 ], [ 120.225379263131586, -3.949554480348112 ], [ 120.225702656633871, -3.949124312945165 ], [ 120.22730165783959, -3.94803096979257 ], [ 120.228164040512354, -3.94685696857474 ], [ 120.229179136783401, -3.946328219392538 ], [ 120.231299160853936, -3.94443726617316 ], [ 120.23249392018181, -3.942546308650607 ], [ 120.234506146418241, -3.940207250977895 ], [ 120.236320743292154, -3.936505970036134 ], [ 120.236338709597831, -3.935735241183778 ], [ 120.235117000811428, -3.935251294795644 ], [ 120.234937337754616, -3.934964511618132 ], [ 120.23555717530067, -3.932491002614422 ], [ 120.235934467719986, -3.931765080100281 ], [ 120.235943450872824, -3.931532067801225 ], [ 120.235305647021093, -3.930635866044097 ], [ 120.235566158453508, -3.929058548612293 ], [ 120.235880568802941, -3.928440167668901 ], [ 120.236060231859753, -3.927086897628696 ], [ 120.236742951475705, -3.92534825607858 ], [ 120.23676990093422, -3.924335540517417 ], [ 120.23725499118764, -3.923044998553876 ], [ 120.237075328130814, -3.922193598250415 ], [ 120.236733968322866, -3.9216200228201 ], [ 120.23666210310013, -3.920652113388902 ], [ 120.236257861222256, -3.919746937814207 ], [ 120.235691922593276, -3.917676681084216 ], [ 120.235979383484192, -3.916278582732076 ], [ 120.2353505627853, -3.914988028334066 ], [ 120.23532361332677, -3.914396523570089 ], [ 120.235566158453508, -3.913715396354578 ], [ 120.235952434025663, -3.912863986556195 ], [ 120.236383625362038, -3.912622006771355 ], [ 120.236464473737598, -3.912344178043304 ], [ 120.236248878069418, -3.91166304915892 ], [ 120.235063101894383, -3.910515883470603 ], [ 120.23497327036597, -3.909789941872292 ], [ 120.235072085047221, -3.909359753961839 ], [ 120.234766657850628, -3.908418717138237 ], [ 120.234092921387528, -3.907701735992435 ], [ 120.233706645815374, -3.907558339689727 ], [ 120.231317127159613, -3.907567301959365 ], [ 120.230867969517561, -3.907379094276871 ], [ 120.229870839552191, -3.906079563888325 ], [ 120.229179136783401, -3.905685223234452 ], [ 120.228478450861786, -3.904986164347204 ], [ 120.227364539909473, -3.904681446188505 ], [ 120.225531976729883, -3.903337100050345 ], [ 120.225055869629287, -3.902888984192651 ], [ 120.223519750493452, -3.900406418010142 ], [ 120.221786001995113, -3.902306433220188 ], [ 120.220968535086556, -3.904107858766178 ], [ 120.220474461680283, -3.904654559286838 ], [ 120.219432415950692, -3.904851729879061 ], [ 120.216809335321074, -3.906473904356882 ], [ 120.215605592840362, -3.906859282363 ], [ 120.214653378639184, -3.906796546420578 ], [ 120.213548450839724, -3.906411168385646 ], [ 120.21289268068233, -3.906671074521661 ], [ 120.21244352304025, -3.907092301536633 ], [ 120.212039281162404, -3.907988528524306 ], [ 120.211248763712376, -3.909090886405717 ], [ 120.210539094637937, -3.909574847944658 ], [ 120.210395364192451, -3.910650317030927 ], [ 120.209550947825406, -3.910722014920949 ], [ 120.206730237833256, -3.912765402207846 ], [ 120.206406844330971, -3.913383794746527 ], [ 120.206451760095177, -3.914557843092615 ], [ 120.205517512199691, -3.915839435972755 ], [ 120.204134106662153, -3.91617103660824 ], [ 120.201897301604703, -3.915964906498929 ], [ 120.201268480905796, -3.916063490470584 ], [ 120.199669479700077, -3.91714791339237 ], [ 120.198582518206294, -3.917649794599475 ], [ 120.196606224581231, -3.918178561974127 ], [ 120.196615207734069, -3.920087499036506 ], [ 120.196866736013632, -3.920607302739944 ], [ 120.196902668625, -3.921109181871075 ], [ 120.196013336493721, -3.923206316408348 ], [ 120.195761808214172, -3.924138374513137 ], [ 120.195689942991436, -3.92523174904114 ], [ 120.195411465253343, -3.925823246139897 ], [ 120.193992127104437, -3.92619965316638 ], [ 120.193426188475456, -3.927212366466444 ], [ 120.192231429147554, -3.927508114366503 ], [ 120.191449894850393, -3.928144420099174 ], [ 120.191189383418006, -3.928655256744676 ], [ 120.188422572342901, -3.929533536561887 ], [ 120.187766802185507, -3.92997267612371 ], [ 120.186832554290021, -3.930259461018868 ], [ 120.186572042857634, -3.930635866044097 ], [ 120.186077969451347, -3.930940574749602 ], [ 120.184362187258699, -3.931218397295808 ], [ 120.183751332865484, -3.93077925838997 ], [ 120.182655388218862, -3.93061794199913 ], [ 120.1823140284109, -3.931451409682532 ], [ 120.182062500131352, -3.931684422004133 ], [ 120.180041290742082, -3.935340914518367 ], [ 120.179861627685256, -3.936918220059659 ], [ 120.178388390619276, -3.937016801556782 ], [ 120.17814584549258, -3.936290882986309 ], [ 120.175064624068042, -3.935878632652183 ], [ 120.174777163177126, -3.939938393352611 ], [ 120.173609353307768, -3.942510461073085 ], [ 120.171920520573636, -3.945476842883339 ], [ 120.174759196871449, -3.947063091046096 ], [ 120.175217337666339, -3.947654572636344 ], [ 120.176088703491942, -3.947977198780698 ], [ 120.176798372566395, -3.948810649073291 ], [ 120.177427193265274, -3.949231854816805 ], [ 120.179394503737498, -3.949688907615806 ], [ 120.182835051275674, -3.950862904828046 ], [ 120.188701050080965, -3.952269906931825 ], [ 120.190686326858881, -3.952538760565378 ], [ 120.191000737208313, -3.951929358870865 ], [ 120.192914148763492, -3.952924117288128 ], [ 120.194090941785689, -3.952986849760928 ], [ 120.195043155986866, -3.953757562610802 ], [ 120.196498426747127, -3.954142918767046 ], [ 120.197342843114214, -3.954895707020548 ], [ 120.198106411105726, -3.955092865735855 ], [ 120.198133360564242, -3.955863576627416 ], [ 120.197702169227853, -3.957019641620495 ], [ 120.197783017603413, -3.957171991150426 ], [ 120.199534732407457, -3.957897891466993 ], [ 120.200352199316015, -3.958552097379996 ], [ 120.200459997150105, -3.959027068472413 ], [ 120.201924251063218, -3.959959086427774 ], [ 120.201726621700715, -3.96098968198344 ], [ 120.201933234216057, -3.961518421813821 ], [ 120.203136976696783, -3.962737210644075 ], [ 120.205095304016169, -3.965129974667136 ] ] } },
{ "type": "Feature", "properties": { "FID": 488, "OBJECTID": 1747, "NAMOBJ": "Jaringan Drainase Tersier", "STSJRN": 1, "WADMPR": "Provinsi Sulawesi Selatan", "WADMKK": "Kabupaten Wajo", "REMARK": "Tidak Ada", "SBDATA": "Analisis Tim Penyusun, 2022", "SHAPE_Leng": 0.27221174282100002 }, "geometry": { "type": "LineString", "coordinates": [ [ 120.130894461547882, -3.949715793066731 ], [ 120.131163956133136, -3.948281901135247 ], [ 120.13098429307631, -3.94770834366911 ], [ 120.130247674543327, -3.946946587046833 ], [ 120.128972066839879, -3.946104173027354 ], [ 120.128774437477375, -3.94570985127785 ], [ 120.12893613422851, -3.944724046085197 ], [ 120.129079864673969, -3.94443726617316 ], [ 120.129546988621698, -3.944078791143932 ], [ 120.129870382124011, -3.942653851373895 ], [ 120.130660899574011, -3.941488804464008 ], [ 120.130669882726849, -3.940753927881316 ], [ 120.131208871897343, -3.939687459490619 ], [ 120.133382794884909, -3.937859224783328 ], [ 120.135619599942373, -3.936263997101173 ], [ 120.136077740737264, -3.935744203151278 ], [ 120.139419473594188, -3.93359332818613 ], [ 120.140012361681684, -3.932661280643481 ], [ 120.140461519323765, -3.932311762546251 ], [ 120.141126272633997, -3.931379713570476 ], [ 120.143102566259074, -3.931325941482389 ], [ 120.14471055061766, -3.931908472251944 ], [ 120.145177674565389, -3.931818852160045 ], [ 120.146767692618269, -3.930985384843961 ], [ 120.148133131850159, -3.930913688691829 ], [ 120.149696200444509, -3.93158583987602 ], [ 120.151744359292309, -3.932257990518283 ], [ 120.152543859895189, -3.932374496574495 ], [ 120.15300200069008, -3.931827814169669 ], [ 120.153702686611695, -3.930178802777073 ], [ 120.154529136673062, -3.929542498596072 ], [ 120.15798765051693, -3.927875558581183 ], [ 120.16102395617726, -3.927319911169502 ], [ 120.161464130666474, -3.927346797343099 ], [ 120.162092951365366, -3.927714241628808 ], [ 120.162910418273924, -3.927866596529092 ], [ 120.163898565086456, -3.927884520633178 ], [ 120.165129257025697, -3.92766046930442 ], [ 120.16565926304331, -3.927983103198774 ], [ 120.170896441149736, -3.929040624533427 ], [ 120.171354581944627, -3.927149632049928 ], [ 120.171183902040653, -3.9264147428196 ], [ 120.17144441347304, -3.92485534157832 ], [ 120.171354581944627, -3.923027074345901 ], [ 120.171830689045223, -3.922408688935291 ], [ 120.171911537420797, -3.921611060700878 ], [ 120.172181032006023, -3.921136068244597 ], [ 120.172172048853184, -3.919603543573848 ], [ 120.172809852704901, -3.918823836961566 ], [ 120.173555454390723, -3.917416778362186 ], [ 120.173438673403794, -3.916672918401235 ], [ 120.172962566303212, -3.91617103660824 ], [ 120.172998498914581, -3.91593801995919 ], [ 120.173474606015162, -3.915319629306822 ], [ 120.173645285919136, -3.91473708697008 ], [ 120.174283089770867, -3.913670585334136 ], [ 120.173986645727098, -3.912855024343189 ], [ 120.173348841875381, -3.912460686875962 ], [ 120.172998498914581, -3.911913991443903 ], [ 120.17292663369183, -3.910901259619172 ], [ 120.172216964617391, -3.909046075137981 ], [ 120.171165935734976, -3.908364943573563 ], [ 120.170788643315646, -3.907907868134629 ], [ 120.170375418284934, -3.906984754233767 ], [ 120.17033948567358, -3.905685223234452 ], [ 120.170105923699708, -3.904708333089311 ], [ 120.170195755228121, -3.903668705631084 ], [ 120.168839299149099, -3.901374350823881 ], [ 120.168947096983189, -3.899716317082506 ], [ 120.169791513350276, -3.898497436137889 ], [ 120.170734744398601, -3.898228565103378 ], [ 120.170905424302575, -3.897905919748477 ], [ 120.170537115036069, -3.894016241008391 ], [ 120.170689828634394, -3.893209623350699 ], [ 120.17055508134176, -3.891811484246778 ], [ 120.170105923699708, -3.891703934988791 ], [ 120.168417090965576, -3.892304418170154 ], [ 120.167734371349638, -3.891972808108008 ], [ 120.166368932117777, -3.890843540430525 ], [ 120.165883841864343, -3.889750121078124 ], [ 120.164500436326804, -3.888289238909634 ], [ 120.161724642098875, -3.886810429228083 ], [ 120.160440051242574, -3.885743892151163 ], [ 120.158616471215822, -3.883324013110894 ], [ 120.157933751599884, -3.881414992528029 ], [ 120.155903559057762, -3.879057839094052 ], [ 120.155939491669159, -3.87749834993774 ], [ 120.156271868324268, -3.87699644476967 ], [ 120.155768811765157, -3.876637940895765 ], [ 120.155418468804356, -3.875885082265802 ], [ 120.154915412245259, -3.875401101364044 ], [ 120.153163697441215, -3.874415213485319 ], [ 120.151717409833779, -3.873985007505445 ], [ 120.150899942925236, -3.872380695776859 ], [ 120.150262139073519, -3.871753310474868 ], [ 120.149606368916096, -3.870722605040867 ], [ 120.148213980225719, -3.869647084989608 ], [ 120.147881603570582, -3.869575383604298 ], [ 120.146614979019972, -3.870041442500319 ], [ 120.145599882748911, -3.870677791732668 ], [ 120.145006994661415, -3.870632978422097 ], [ 120.144180544600019, -3.869924927800354 ], [ 120.144045797307399, -3.869638122316776 ], [ 120.144593769630731, -3.868069653110976 ], [ 120.144539870713658, -3.867872473919659 ], [ 120.142949852660777, -3.866653546991359 ], [ 120.141674244957329, -3.866035120158976 ], [ 120.141153222092527, -3.866017194736818 ], [ 120.140632199227738, -3.865318102977044 ], [ 120.139302692607245, -3.864439756102969 ], [ 120.138826585506649, -3.863946805928208 ], [ 120.13814386589074, -3.863704812101225 ], [ 120.137703691401498, -3.8630326066641 ], [ 120.137146735925356, -3.862611357652068 ], [ 120.136751477200363, -3.86145516248068 ], [ 120.136553847837831, -3.861257981751616 ], [ 120.135673498859418, -3.861517901793959 ], [ 120.135071627619041, -3.861508939035203 ], [ 120.134128396570716, -3.862028778886609 ], [ 120.133230081286612, -3.861392423162764 ], [ 120.132188035557036, -3.861643380406606 ], [ 120.130571068045597, -3.861517901793959 ], [ 120.130112927250707, -3.861257981751616 ], [ 120.129529022316021, -3.860630588218078 ], [ 120.129367325564886, -3.858784255987121 ], [ 120.129133763591014, -3.858605000216961 ], [ 120.127714425442122, -3.859725348159812 ], [ 120.126196272611935, -3.859994231446186 ], [ 120.124812867074397, -3.861213167943168 ], [ 120.122683859851037, -3.862055667146125 ], [ 120.121803510872596, -3.861957076857068 ], [ 120.119521790050925, -3.862476916433997 ], [ 120.118165333971916, -3.862432102689906 ], [ 120.117554479578729, -3.862001890626241 ], [ 120.116754978975848, -3.860540960532582 ], [ 120.11558716910649, -3.859330985852469 ], [ 120.115164960922968, -3.859071065140695 ], [ 120.114203763568952, -3.858927660576013 ], [ 120.113422229271762, -3.858542260688469 ], [ 120.111931025900134, -3.857538427602469 ], [ 120.110349991000064, -3.855710014291736 ], [ 120.107502331549426, -3.854078779489372 ], [ 120.105696717828337, -3.853370715057349 ], [ 120.105265526491962, -3.854410404400412 ], [ 120.103837205190217, -3.856382225524954 ], [ 120.103037704587351, -3.858873883858015 ], [ 120.10202260831629, -3.85985978981364 ], [ 120.101510568604354, -3.861257981751616 ], [ 120.098159852594591, -3.862485879182531 ], [ 120.095833216008714, -3.863964731394128 ], [ 120.095464906742208, -3.864520420649745 ], [ 120.095491856200738, -3.865129885866322 ], [ 120.097369335144549, -3.86697620429003 ], [ 120.097620863424098, -3.867522928876845 ], [ 120.097198655240575, -3.870857044951237 ], [ 120.096758480751333, -3.872954304788891 ], [ 120.09680339651554, -3.876091222195407 ], [ 120.096515935624637, -3.877095033308343 ], [ 120.095896098078597, -3.877758264996946 ], [ 120.095833216008714, -3.878000254807811 ], [ 120.096021862218379, -3.878233281967608 ], [ 120.096336272567811, -3.878296020038115 ], [ 120.097962223232059, -3.87793751671535 ], [ 120.098348498804242, -3.877973367054469 ], [ 120.09940851083951, -3.879192277679687 ], [ 120.099776820105987, -3.880536662359488 ], [ 120.100720051154312, -3.882024445577517 ], [ 120.100989545739552, -3.883879689652451 ], [ 120.101573450674238, -3.885734929649004 ], [ 120.101268023477616, -3.887679790385379 ], [ 120.100621236473074, -3.889301997982801 ], [ 120.100082247302581, -3.890045882190493 ], [ 120.099480376062232, -3.890395417916721 ], [ 120.099246814088374, -3.891112413824389 ], [ 120.099183932018477, -3.892017620286199 ], [ 120.098707824917881, -3.892537441378948 ], [ 120.098213751511636, -3.892618103243891 ], [ 120.098007138996266, -3.894016241008391 ], [ 120.097414250908756, -3.894804933081862 ], [ 120.094557608305237, -3.895593624416197 ], [ 120.09305742178077, -3.895020030791807 ], [ 120.091440454269375, -3.894840782704004 ], [ 120.091144010225591, -3.895091730016239 ], [ 120.091179942836959, -3.895710135573371 ], [ 120.090937397710249, -3.896409202177588 ], [ 120.090128913954558, -3.897350252458179 ], [ 120.089634840548271, -3.897681860401404 ], [ 120.087972957272669, -3.897852145510623 ], [ 120.085960731036238, -3.898838005991504 ], [ 120.085206146197564, -3.89905310267007 ], [ 120.083247818878178, -3.898488473771458 ], [ 120.082376453052603, -3.898542247968616 ], [ 120.081693733436666, -3.89885593071682 ], [ 120.081226609488922, -3.901535672851095 ], [ 120.081711699742343, -3.903695592564323 ], [ 120.081666783978136, -3.905308806982901 ], [ 120.082439335122487, -3.907898905868631 ], [ 120.083409515629342, -3.909834753100269 ] ] } },
{ "type": "Feature", "properties": { "FID": 489, "OBJECTID": 1748, "NAMOBJ": "Jaringan Drainase Tersier", "STSJRN": 1, "WADMPR": "Provinsi Sulawesi Selatan", "WADMKK": "Kabupaten Wajo", "REMARK": "Tidak Ada", "SBDATA": "Analisis Tim Penyusun, 2022", "SHAPE_Leng": 0.347848435723 }, "geometry": { "type": "LineString", "coordinates": [ [ 120.33147029818609, -3.798444638295023 ], [ 120.330616898666179, -3.798059211181078 ], [ 120.329952145355932, -3.79821158936298 ], [ 120.329449088796821, -3.798579089573344 ], [ 120.328910099626356, -3.799547138158824 ], [ 120.328595689276924, -3.800703416990113 ], [ 120.328227380010418, -3.80123225717929 ], [ 120.327481778324611, -3.801662499805813 ], [ 120.326700244027421, -3.801644573033995 ], [ 120.325092259668864, -3.802227192927325 ], [ 120.323385460629027, -3.802514021037875 ], [ 120.320816278916439, -3.804494925070478 ], [ 120.318561507553298, -3.804835532544886 ], [ 120.317654209116341, -3.80343724837071 ], [ 120.31688165797199, -3.803051823487922 ], [ 120.3164235171771, -3.803033896744992 ], [ 120.315543168198658, -3.804270841132303 ], [ 120.314420274093507, -3.805167176535314 ], [ 120.313198565307104, -3.805767720733586 ], [ 120.312183469036043, -3.806932954550681 ], [ 120.309057331847299, -3.809460610179111 ], [ 120.30713493713931, -3.809128967842434 ], [ 120.305437121252311, -3.809084151300649 ], [ 120.304224395618746, -3.80930823398624 ], [ 120.303200316194847, -3.809801215689135 ], [ 120.302894888998253, -3.809774325785352 ], [ 120.301834876962985, -3.809227564226149 ], [ 120.300532319801022, -3.808223673245785 ], [ 120.297837373948667, -3.807999590277817 ], [ 120.295905996087811, -3.806968807873895 ], [ 120.29365122472467, -3.806475824548836 ], [ 120.29260019584224, -3.804674192179057 ], [ 120.291710863710961, -3.80358962560241 ], [ 120.289527957570556, -3.802227192927325 ], [ 120.289078799928504, -3.801312927688116 ], [ 120.288683541203469, -3.800864758099153 ], [ 120.28694979270513, -3.800282137285326 ], [ 120.285701134460211, -3.800353844483652 ], [ 120.285350791499411, -3.800775124153411 ], [ 120.284856718093138, -3.800165613075337 ], [ 120.283724840835134, -3.800649636613725 ], [ 120.282718727716926, -3.800703416990113 ], [ 120.279781236737875, -3.799260309061541 ], [ 120.278263083907689, -3.79820262594126 ], [ 120.276969509898564, -3.798310186995755 ], [ 120.275271694011593, -3.797485551902054 ], [ 120.274472193408712, -3.797566222761204 ], [ 120.2729181079672, -3.797395917605268 ], [ 120.271157410010318, -3.796508537564935 ], [ 120.26996265068243, -3.796660916020562 ], [ 120.268740941896027, -3.797270429574129 ], [ 120.266773631423803, -3.796463720366986 ], [ 120.265255478593645, -3.796759513830461 ], [ 120.2641775002527, -3.79724353927937 ], [ 120.262991724077665, -3.797360063883947 ], [ 120.262093408793547, -3.796840184757456 ], [ 120.260242879308251, -3.796436830047099 ], [ 120.259452361858237, -3.794850299691723 ], [ 120.259290665107102, -3.794626213248457 ], [ 120.258940322146273, -3.794509688274984 ], [ 120.255993848014384, -3.795414997270923 ], [ 120.254700274005259, -3.796902928806577 ], [ 120.253828908179656, -3.797109087793005 ], [ 120.252921609742685, -3.797064270626231 ], [ 120.251331591689805, -3.796392012845428 ], [ 120.250082933444858, -3.796714696645539 ], [ 120.248969022492545, -3.795854206243932 ], [ 120.248385117557888, -3.795872133136046 ], [ 120.247334088675458, -3.797279393005531 ], [ 120.247594600107846, -3.798328113836868 ], [ 120.247226290841368, -3.799789150135483 ], [ 120.247064594090233, -3.800111832665416 ], [ 120.246292042945882, -3.800775124153411 ], [ 120.245249997216305, -3.80237060699453 ], [ 120.245106266770847, -3.8029532263972 ], [ 120.245762036928255, -3.803750966171314 ], [ 120.246310009251559, -3.804961019475197 ], [ 120.246642385906682, -3.805005836231594 ], [ 120.247531718037962, -3.80453974185112 ], [ 120.248798342588572, -3.805167176535314 ], [ 120.250029034527813, -3.805391260240352 ], [ 120.251457355829572, -3.806278631139789 ], [ 120.251214810702848, -3.806664054578984 ], [ 120.250720737296589, -3.806950881212475 ], [ 120.250451242711364, -3.807578314140123 ], [ 120.250756669907958, -3.811082966794653 ], [ 120.25038836064148, -3.811979295104216 ], [ 120.24996615245793, -3.813888471288909 ], [ 120.247756296858981, -3.815797643232724 ], [ 120.244908637408344, -3.819167814335061 ], [ 120.243974389512857, -3.819167814335061 ], [ 120.243785743303192, -3.819517379197428 ], [ 120.243174888909977, -3.819965539069095 ], [ 120.242923360630428, -3.819974502264141 ], [ 120.242887428019074, -3.819696643174179 ], [ 120.242752680726454, -3.819669753580054 ], [ 120.242438270377022, -3.82058399930762 ], [ 120.241701651844025, -3.821220385464487 ], [ 120.23862941357234, -3.823255025361359 ], [ 120.237758047746752, -3.823658367498808 ], [ 120.235754804663159, -3.824187193569283 ], [ 120.234703775780744, -3.824841503340494 ], [ 120.234694792627906, -3.825477886337397 ], [ 120.235269714409725, -3.826060490075083 ], [ 120.236159046541005, -3.82765592597472 ], [ 120.236716002017175, -3.829645735122415 ], [ 120.23827907061154, -3.832504957284522 ], [ 120.238297036917217, -3.832818664463495 ], [ 120.237811946663811, -3.833526745958736 ], [ 120.2380095760263, -3.834306531230747 ], [ 120.23927620057691, -3.836484548394624 ], [ 120.240084684332629, -3.837067144637309 ], [ 120.239940953887171, -3.838277150948662 ], [ 120.237874828733695, -3.841181159100072 ], [ 120.23701244606093, -3.842086418880222 ], [ 120.235997349789869, -3.842319455895897 ], [ 120.233158673492071, -3.843950713222995 ], [ 120.232637650627268, -3.844569156119198 ], [ 120.231272211395407, -3.845492338158592 ], [ 120.227840647010069, -3.846003224876863 ], [ 120.226726736057756, -3.845716411318341 ], [ 120.223852127148575, -3.846890553712297 ], [ 120.221264979130311, -3.849023724303058 ], [ 120.217707650605206, -3.849937938634996 ], [ 120.215668474910245, -3.849857272704014 ], [ 120.214491681888049, -3.850233713649872 ], [ 120.212497421957295, -3.849803495412448 ], [ 120.210871471293046, -3.848476987812035 ], [ 120.2084819526373, -3.848136397689391 ], [ 120.206703288374726, -3.850233713649872 ], [ 120.206523625317914, -3.850619117302951 ], [ 120.206227181274159, -3.853039089740948 ], [ 120.206442776942339, -3.854670326537583 ], [ 120.205822939396285, -3.855871345036186 ], [ 120.205544461658221, -3.858488483946072 ], [ 120.205571411116736, -3.860200375241416 ], [ 120.205903787771888, -3.860433407297499 ], [ 120.207152446016806, -3.860747104195078 ], [ 120.207745334104317, -3.860639550986108 ], [ 120.208374154803209, -3.860809843560685 ], [ 120.209029924960603, -3.861204205181194 ], [ 120.209631796200966, -3.861813672779813 ], [ 120.210727740847602, -3.862414177191608 ], [ 120.212434539887411, -3.862880240024313 ], [ 120.212524371415824, -3.864385979734189 ], [ 120.212407590428882, -3.864959594158722 ], [ 120.212605219791385, -3.865542170911529 ], [ 120.212686068166988, -3.866698360512407 ], [ 120.212407590428882, -3.867191309087578 ], [ 120.211212831101008, -3.868508824781283 ], [ 120.210835538681692, -3.868661190409633 ], [ 120.210575027249305, -3.869512644887174 ], [ 120.209811459257793, -3.870014554494057 ], [ 120.209146705947532, -3.870704679717872 ], [ 120.208463986331623, -3.87188775022158 ], [ 120.207161429169645, -3.872846753128746 ], [ 120.206811086208816, -3.873527913412155 ], [ 120.207439906907723, -3.874486914460696 ], [ 120.207368041684987, -3.874872307099233 ], [ 120.210772656611809, -3.87472890520773 ], [ 120.211572157214675, -3.874065671143335 ], [ 120.212030298009566, -3.873429324457703 ], [ 120.212964545905052, -3.873106669617366 ], [ 120.213305905713014, -3.873142520161256 ], [ 120.213970659023275, -3.873689240767394 ], [ 120.21437490090112, -3.874495877082191 ], [ 120.214644395486346, -3.876395950694948 ], [ 120.215758306438659, -3.87692474400705 ], [ 120.216584756500055, -3.877650713947657 ], [ 120.217087813059152, -3.877552125473787 ], [ 120.218408336526821, -3.877785152757129 ], [ 120.218794612098989, -3.87813469356169 ], [ 120.219342584422293, -3.877973367054469 ], [ 120.219719876841637, -3.878071955479207 ], [ 120.219899539898449, -3.87836772068442 ], [ 120.21970191053596, -3.880016833870315 ], [ 120.220276832317779, -3.880178159987394 ], [ 120.220384630151869, -3.880375336310875 ], [ 120.22060022582005, -3.881881044899564 ], [ 120.220061236649599, -3.882535310294792 ], [ 120.21946834856206, -3.882795223804231 ], [ 120.218785628946151, -3.884139602747913 ], [ 120.218803595251828, -3.88446225337574 ], [ 120.219261736046718, -3.885143404295993 ], [ 120.219189870823996, -3.885815592165005 ], [ 120.217887313662018, -3.889588796791259 ], [ 120.219746826300153, -3.891148263603753 ], [ 120.219683944230269, -3.893146886389374 ], [ 120.220645141584285, -3.894294075800408 ], [ 120.221202097060427, -3.894491248822977 ], [ 120.223932975524136, -3.896839396722211 ], [ 120.225172650616244, -3.897520537634545 ], [ 120.225549943035574, -3.897932806866114 ], [ 120.2258194376208, -3.898766307086419 ], [ 120.225675707175341, -3.89922338750157 ], [ 120.224948071795197, -3.899805940611619 ], [ 120.223834160842884, -3.900065848791999 ], [ 120.223546699951982, -3.900379530971623 ], [ 120.225082819087817, -3.902862097233585 ], [ 120.22738250621515, -3.904654559286838 ], [ 120.228496417167463, -3.904950315157806 ], [ 120.229206086241931, -3.90565833636494 ], [ 120.229897789010707, -3.906043714745632 ], [ 120.230894918976091, -3.907352207461638 ], [ 120.231326110312452, -3.907531452880241 ], [ 120.233347319701721, -3.907468716988088 ], [ 120.23411088769322, -3.907674849187543 ], [ 120.234793607309157, -3.908409754877697 ], [ 120.23510801765859, -3.909350791711358 ], [ 120.235009202977338, -3.909789941872292 ], [ 120.235099034505751, -3.910497958994264 ], [ 120.236275827527948, -3.911645124707117 ], [ 120.236500406348966, -3.912344178043304 ], [ 120.236410574820553, -3.912648893417566 ], [ 120.235979383484192, -3.912881910981923 ], [ 120.235593107912024, -3.913724358558378 ], [ 120.235359545938138, -3.914396523570089 ], [ 120.235386495396682, -3.914988028334066 ], [ 120.23601531609556, -3.916269620555616 ], [ 120.235727855204644, -3.917667718922732 ], [ 120.236293793833624, -3.919729013535506 ], [ 120.236698035711498, -3.920634189129607 ], [ 120.23676990093422, -3.921611060700878 ], [ 120.237111260742182, -3.922175674024176 ], [ 120.237290923798994, -3.923044998553876 ], [ 120.236805833545588, -3.924335540517417 ], [ 120.236778884087059, -3.925357218157709 ], [ 120.236087181318283, -3.927104821749529 ], [ 120.235916501414309, -3.928449129714831 ], [ 120.235602091064862, -3.929067510651581 ], [ 120.235341579632461, -3.930626904021662 ], [ 120.235979383484192, -3.931523105788423 ], [ 120.235970400331354, -3.931774042110483 ], [ 120.235593107912024, -3.932508926619119 ], [ 120.234982253518808, -3.934964511618132 ], [ 120.235134967117105, -3.935215446903855 ], [ 120.236374642209199, -3.935717317248493 ], [ 120.236356675903508, -3.936514931995337 ], [ 120.234542079029609, -3.94022517481649 ], [ 120.232520869640325, -3.942564232438787 ], [ 120.231326110312452, -3.944464151794119 ], [ 120.229206086241931, -3.946355104952299 ], [ 120.228182006818031, -3.946892815964738 ], [ 120.227328607298105, -3.948057855297199 ], [ 120.225720622939548, -3.949151198414381 ], [ 120.225415195742954, -3.949572403985062 ], [ 120.22503790332361, -3.950611974265779 ], [ 120.225064852782126, -3.951848702730683 ], [ 120.223879076607091, -3.958104011193983 ] ] } },
{ "type": "Feature", "properties": { "FID": 490, "OBJECTID": 1749, "NAMOBJ": "Jaringan Drainase Tersier", "STSJRN": 1, "WADMPR": "Provinsi Sulawesi Selatan", "WADMKK": "Kabupaten Wajo", "REMARK": "Tidak Ada", "SBDATA": "Analisis Tim Penyusun, 2022", "SHAPE_Leng": 0.25377683905800003 }, "geometry": { "type": "LineString", "coordinates": [ [ 120.345277404103001, -3.771007176850024 ], [ 120.344370105666059, -3.770523136742159 ], [ 120.342510593027924, -3.768811066791101 ], [ 120.340830743446617, -3.767860911332647 ], [ 120.339941411315351, -3.767726455287729 ], [ 120.338782584598846, -3.767950548684384 ], [ 120.336716459445356, -3.767950548684384 ], [ 120.336186453427715, -3.767807128917174 ], [ 120.334012530440148, -3.766417748698569 ], [ 120.333554389645258, -3.766319147437468 ], [ 120.332440478692945, -3.766310183685905 ], [ 120.330131808412759, -3.766731479909571 ], [ 120.328937049084885, -3.767251377095938 ], [ 120.328254329468933, -3.767753346498375 ], [ 120.326358884219459, -3.768344952922296 ], [ 120.325613282533638, -3.769124797139078 ], [ 120.325074293363173, -3.769053087355234 ], [ 120.324292759065983, -3.768353916652897 ], [ 120.318175231981115, -3.768757284434372 ], [ 120.312291266870133, -3.771195414596961 ], [ 120.311078541236583, -3.771249196802886 ], [ 120.309695135699044, -3.771885619320295 ], [ 120.307727825226806, -3.773149499275826 ], [ 120.306407301759165, -3.773794884075914 ], [ 120.303406928710189, -3.774700214723464 ], [ 120.30213132100674, -3.774906378996425 ], [ 120.298565009328797, -3.774852597016894 ], [ 120.296211423284404, -3.778249818848769 ], [ 120.294558523161641, -3.780311450942516 ], [ 120.294396826410491, -3.781960753088518 ], [ 120.294010550838308, -3.78208624334073 ], [ 120.293741056253083, -3.781969716678565 ], [ 120.29276189259339, -3.780338341763536 ], [ 120.292007307754716, -3.779522653154989 ], [ 120.29101017778936, -3.777980909953578 ], [ 120.290812548426842, -3.777837491842065 ], [ 120.289195580915433, -3.777613400995372 ], [ 120.288378114006875, -3.776026836145724 ], [ 120.288063703657443, -3.775650362704857 ], [ 120.287291152513092, -3.77519321616434 ], [ 120.286886910635246, -3.774655396396778 ], [ 120.286329955159076, -3.773579755862492 ], [ 120.285719100765888, -3.771831837153752 ], [ 120.284937566468699, -3.768784175613151 ], [ 120.284910617010183, -3.768488372600839 ], [ 120.285144178984041, -3.768031222293048 ], [ 120.285054347455628, -3.767179667157665 ], [ 120.283805689210709, -3.764508467747923 ], [ 120.282727710869764, -3.763468669788578 ], [ 120.28199109233681, -3.762321305082586 ], [ 120.281371254790756, -3.762052391261044 ], [ 120.277948673558257, -3.761460780561531 ], [ 120.277804943112798, -3.761236685494715 ], [ 120.277760027348592, -3.760394087527887 ], [ 120.275828649487735, -3.759972788239051 ], [ 120.275325592928638, -3.760178956001579 ], [ 120.274660839618377, -3.760869169460405 ], [ 120.27360082758311, -3.760600255190781 ], [ 120.272558781853533, -3.760618182811338 ], [ 120.271929961154669, -3.761048445594062 ], [ 120.27147182035975, -3.761908970522287 ], [ 120.27147182035975, -3.762357160252521 ], [ 120.271606567652356, -3.762724675659278 ], [ 120.272558781853533, -3.763800329617343 ], [ 120.272891158508671, -3.765763394665998 ], [ 120.272388101949559, -3.767278268321268 ], [ 120.271058595329066, -3.768551118702766 ], [ 120.270555538769969, -3.768479408871623 ], [ 120.269351796289214, -3.767744382761586 ], [ 120.268282801101122, -3.767869875068238 ], [ 120.267249738524399, -3.768344952922296 ], [ 120.266701766201081, -3.768398735304521 ], [ 120.266261591711867, -3.767726455287729 ], [ 120.265740568847065, -3.767448579395718 ], [ 120.265084798689671, -3.766704588667345 ], [ 120.264267331781113, -3.766480494949817 ], [ 120.263629527929382, -3.767045211007474 ], [ 120.263144437675962, -3.767941584949626 ], [ 120.261033396758279, -3.769088942247895 ], [ 120.260404576059415, -3.769662620329453 ], [ 120.260162030932676, -3.770245261743659 ], [ 120.260269828766766, -3.770693447181213 ], [ 120.259793721666199, -3.771195414596961 ], [ 120.258715743325254, -3.771473289291747 ], [ 120.257035893743961, -3.772638569302404 ], [ 120.255805201804719, -3.772790951957498 ], [ 120.255149431647297, -3.773248099762423 ], [ 120.254206200598972, -3.774646432731163 ], [ 120.253236020092118, -3.775578653459517 ], [ 120.253083306493821, -3.777254855520295 ], [ 120.252256856432425, -3.778196037076397 ], [ 120.251753799873327, -3.779074472274285 ], [ 120.251358541148335, -3.779567471230323 ], [ 120.249813438859633, -3.780822376399268 ], [ 120.248160538736855, -3.782928820277868 ], [ 120.246103396736217, -3.78465878950618 ], [ 120.24519609829926, -3.785985395692891 ], [ 120.245214064604937, -3.787285109242452 ], [ 120.245043384700963, -3.787742249406313 ], [ 120.244324732473657, -3.788127681121552 ], [ 120.243965406360019, -3.788611711404496 ], [ 120.244881687949814, -3.788970252180252 ], [ 120.246741200587962, -3.788808908849548 ], [ 120.246956796256143, -3.788907507555221 ], [ 120.248421050169242, -3.79191924442242 ], [ 120.249184618160754, -3.793944990103978 ], [ 120.248708511060158, -3.795397070369321 ], [ 120.248412067016403, -3.795827315905066 ], [ 120.248986988798222, -3.79581835245859 ], [ 120.250091916597697, -3.796678842895927 ], [ 120.251331591689805, -3.796356159082416 ], [ 120.253155171716557, -3.79708219749322 ], [ 120.254493661489889, -3.796965672851135 ], [ 120.254969768590485, -3.796642989144825 ], [ 120.255293162092755, -3.796024511703979 ], [ 120.255975881708707, -3.795388106918381 ], [ 120.258940322146273, -3.79447383443383 ], [ 120.259317614565632, -3.794590359412138 ], [ 120.259479311316767, -3.794823409321601 ], [ 120.260269828766766, -3.796400976285948 ], [ 120.262102391946385, -3.796804331013056 ], [ 120.263000707230503, -3.797324210161137 ], [ 120.2641775002527, -3.797207685551721 ], [ 120.265237512287968, -3.796723660082709 ], [ 120.266764648270964, -3.796427866606952 ], [ 120.268740941896027, -3.797234575847597 ], [ 120.269944684376753, -3.796625062268716 ], [ 120.271166393163156, -3.796472683806761 ], [ 120.272927091120039, -3.797360063883947 ], [ 120.274472193408712, -3.797530369046958 ], [ 120.275271694011593, -3.797449698184455 ], [ 120.275711868500792, -3.797557259332782 ], [ 120.276978493051402, -3.798274333312412 ], [ 120.278272067060527, -3.798166772253448 ], [ 120.279799203043552, -3.799233418828781 ], [ 120.282727710869764, -3.800667563406226 ], [ 120.283715857682296, -3.800613783027603 ], [ 120.284856718093138, -3.800129759469096 ], [ 120.285341808346573, -3.800739270572506 ], [ 120.285683168154534, -3.800317990885235 ], [ 120.286958775857968, -3.800246283683929 ], [ 120.28870150750916, -3.800837867916408 ], [ 120.289105749387019, -3.801295000909029 ], [ 120.289545923876233, -3.802200302787068 ], [ 120.29173781316949, -3.803562735504656 ], [ 120.292636128453609, -3.804656265469878 ], [ 120.293678174183185, -3.806448934541169 ], [ 120.295914979240649, -3.806932954550681 ], [ 120.297837373948667, -3.807963736997528 ], [ 120.300550286106699, -3.80818781997483 ], [ 120.301852843268676, -3.809191710997014 ], [ 120.302903872151091, -3.809738472578998 ], [ 120.303191333042008, -3.809765362483902 ], [ 120.304215412465908, -3.809272380760466 ], [ 120.305437121252311, -3.809048298065539 ], [ 120.307143920292148, -3.809093114609192 ], [ 120.309048348694461, -3.809424756959686 ], [ 120.312165502730366, -3.80690606455729 ], [ 120.313180599001427, -3.805740830703812 ], [ 120.314402307787816, -3.805140286486793 ], [ 120.315525201892967, -3.804243951055807 ], [ 120.316405550871409, -3.802998043258016 ], [ 120.316728944373693, -3.8029532263972 ], [ 120.317681158574857, -3.803410358268201 ], [ 120.318579473858989, -3.804799679132869 ], [ 120.320807295763601, -3.804459071644287 ], [ 120.323367494323335, -3.802478167529275 ], [ 120.325083276516011, -3.802191339406797 ], [ 120.326691260874583, -3.801608719489237 ], [ 120.327472795171772, -3.801626646261802 ], [ 120.328209413704741, -3.801205367008006 ], [ 120.328559756665555, -3.80069445359428 ], [ 120.328874167014988, -3.799538174750977 ], [ 120.329413156185453, -3.798552199319356 ], [ 120.329934179050255, -3.798175735675541 ], [ 120.330625881819017, -3.79802335748731 ], [ 120.331488264491767, -3.798408784617267 ] ] } },
{ "type": "Feature", "properties": { "FID": 491, "OBJECTID": 1750, "NAMOBJ": "Jaringan Drainase Tersier", "STSJRN": 1, "WADMPR": "Provinsi Sulawesi Selatan", "WADMKK": "Kabupaten Wajo", "REMARK": "Tidak Ada", "SBDATA": "Analisis Tim Penyusun, 2022", "SHAPE_Leng": 0.019856139338600001 }, "geometry": { "type": "LineString", "coordinates": [ [ 120.363055063575743, -3.753886335383221 ], [ 120.362480141793895, -3.753716021658977 ], [ 120.361959118929107, -3.753276791374749 ], [ 120.360917073199531, -3.752989946988267 ], [ 120.36056673023873, -3.752721030290387 ], [ 120.359237223618237, -3.75131369822133 ], [ 120.356838721809638, -3.747495066032083 ], [ 120.355455316272085, -3.743981192576242 ], [ 120.354880394490252, -3.743317857739096 ], [ 120.354188691721475, -3.741838798522884 ], [ 120.353658685703849, -3.739588830927027 ], [ 120.353721567773746, -3.738450398907164 ], [ 120.353416140577153, -3.737670527300324 ] ] } },
{ "type": "Feature", "properties": { "FID": 492, "OBJECTID": 1751, "NAMOBJ": "Jalur Evakuasi Bencana", "STSJRN": 1, "WADMPR": "Provinsi Sulawesi Selatan", "WADMKK": "Kabupaten Wajo", "REMARK": "ruas Jalan Anabanua – Tarumpakkae", "SBDATA": "Analisis Tim Penyusun, 2022", "SHAPE_Leng": 9.4448518006099997e-06 }, "geometry": { "type": "LineString", "coordinates": [ [ 120.199956940590994, -3.970220176210086 ], [ 120.199947957438155, -3.970211214615221 ] ] } },
{ "type": "Feature", "properties": { "FID": 493, "OBJECTID": 1752, "NAMOBJ": "Jaringan Drainase Sekunder", "STSJRN": 1, "WADMPR": "Provinsi Sulawesi Selatan", "WADMKK": "Kabupaten Wajo", "REMARK": "Tidak Ada", "SBDATA": "Analisis Tim Penyusun, 2022", "SHAPE_Leng": 0.25362573414799999 }, "geometry": { "type": "LineString", "coordinates": [ [ 120.024650712895081, -4.09373746217369 ], [ 120.036355761047147, -4.091936453284708 ], [ 120.036643221938064, -4.091784128964041 ], [ 120.037101362732969, -4.091022506926175 ], [ 120.037406789929562, -4.090843301635554 ], [ 120.038736296550056, -4.091067308242565 ], [ 120.040173601004668, -4.090932904285876 ], [ 120.04100005106605, -4.089821830713609 ], [ 120.0418624337388, -4.089553022359823 ], [ 120.042599052271797, -4.089732227939033 ], [ 120.043084142525203, -4.089624704596315 ], [ 120.044117205101941, -4.088809318777872 ], [ 120.045150267678679, -4.087734083463459 ], [ 120.047036729775343, -4.08792224974759 ], [ 120.047333173819098, -4.08782368646141 ], [ 120.047944028212285, -4.087268147712683 ], [ 120.048734545662313, -4.085269997096193 ], [ 120.049974220754393, -4.084454606849576 ], [ 120.050342530020885, -4.083200158698354 ], [ 120.050665923523184, -4.082832784225728 ], [ 120.052597301384026, -4.082465409584962 ], [ 120.056127680450629, -4.082994070600271 ], [ 120.056900231594952, -4.083003030953461 ], [ 120.057412271306916, -4.082841744580719 ], [ 120.059137036652416, -4.081605214646473 ], [ 120.06091570091499, -4.079723535005993 ], [ 120.062317072758205, -4.079445762876137 ], [ 120.063448950016195, -4.078764772732077 ], [ 120.064347265300327, -4.077393830296894 ], [ 120.064607776732714, -4.077196701126978 ], [ 120.067212891056641, -4.076739719683508 ], [ 120.068973589013538, -4.075736151680343 ], [ 120.069350881432854, -4.075449417735083 ], [ 120.070833101651672, -4.071883155749541 ], [ 120.071111579389736, -4.069651993857795 ], [ 120.071857181075544, -4.067402904730653 ], [ 120.072665664831263, -4.065673521171948 ], [ 120.074085002980155, -4.063487144937785 ], [ 120.075342644377926, -4.062841983604884 ], [ 120.079070652807033, -4.062241624678828 ], [ 120.080211513217876, -4.061049866084113 ], [ 120.082610015026475, -4.059454878143408 ], [ 120.0842539319964, -4.058585697995233 ], [ 120.087398035490821, -4.056166325646658 ], [ 120.087910075202785, -4.055574922414976 ], [ 120.090847566181836, -4.048944008079466 ], [ 120.091988426592664, -4.046963683935864 ], [ 120.093228101684758, -4.045503079767519 ], [ 120.099884617940077, -4.039544145913768 ], [ 120.100225977748039, -4.038890004643155 ], [ 120.100872764752609, -4.036336160388594 ], [ 120.101097343573642, -4.03595084283864 ], [ 120.101654299049812, -4.035493838065627 ], [ 120.102732277390757, -4.035090598346465 ], [ 120.103720424203289, -4.034499179729567 ], [ 120.105723667286853, -4.033755425403162 ], [ 120.107169954894303, -4.033728542703915 ], [ 120.108921669698319, -4.032671155828083 ], [ 120.113422229271762, -4.032196227376783 ], [ 120.116126158276955, -4.033155044908115 ], [ 120.119243312312861, -4.035090598346465 ], [ 120.119926031928799, -4.035180207190247 ], [ 120.12059976839187, -4.035063715691402 ], [ 120.121075875492465, -4.034812810867914 ], [ 120.122755725073759, -4.033137123095473 ], [ 120.125288974174993, -4.03163168942275 ], [ 120.12616932315342, -4.030368198295561 ], [ 120.12645678404435, -4.029131588057334 ], [ 120.126771194393783, -4.0287641890011 ], [ 120.12872053856033, -4.027590303099703 ], [ 120.130076994639353, -4.02731251305844 ], [ 120.13055310173992, -4.027061605842893 ], [ 120.131020225687678, -4.026497064325092 ], [ 120.131172939285975, -4.025224604230115 ], [ 120.131568198010982, -4.024274738355856 ], [ 120.132367698613848, -4.023575779740824 ], [ 120.13326601389798, -4.023280066300061 ], [ 120.134739250963932, -4.023038118859589 ], [ 120.135862145069069, -4.02337863745891 ], [ 120.137299449523653, -4.024946813381524 ], [ 120.137515045191847, -4.026075898175839 ], [ 120.13779352292994, -4.026676283896975 ], [ 120.139096080091903, -4.027473810513299 ], [ 120.140308805725468, -4.027608225034592 ], [ 120.14075796336752, -4.027464849544423 ], [ 120.141422716677781, -4.02691823025642 ], [ 120.141988655306761, -4.025735380704368 ], [ 120.142401880337474, -4.025314214161055 ], [ 120.143830201639219, -4.02457941243622 ], [ 120.145456152303467, -4.024059674230503 ], [ 120.146785658923946, -4.023432403540527 ], [ 120.147953468793304, -4.02338759847276 ], [ 120.148959581911527, -4.023100845980686 ], [ 120.149992644488265, -4.022312276107057 ], [ 120.151106555440577, -4.022070328379187 ], [ 120.153558956166208, -4.02076201719888 ], [ 120.157439678193626, -4.019937600856013 ], [ 120.159622584334045, -4.020098899771306 ], [ 120.161868372544333, -4.020502146919917 ], [ 120.163224828623356, -4.021030848434762 ], [ 120.16363805365404, -4.021039809474431 ], [ 120.164967560274533, -4.020788900326458 ], [ 120.165596380973426, -4.020511107965397 ], [ 120.166054521768316, -4.020152666069312 ], [ 120.166476729951867, -4.019382015459082 ], [ 120.166961820205287, -4.019014612004782 ], [ 120.168048781699071, -4.018315648878636 ], [ 120.168740484467847, -4.018252921389307 ], [ 120.169450153542286, -4.01833357101756 ], [ 120.171525261848615, -4.019892795596102 ], [ 120.172827819010578, -4.020027211368451 ], [ 120.175630562697052, -4.020627601547692 ], [ 120.176924136706177, -4.021245913359627 ], [ 120.177561940557908, -4.021039809474431 ], [ 120.178927379789769, -4.019319288051774 ], [ 120.179924509755139, -4.018512792385123 ], [ 120.180535364148326, -4.017697334844658 ], [ 120.183589636114348, -4.012410282670928 ], [ 120.187703920115595, -4.007911780822885 ], [ 120.192258378606113, -3.999918365905648 ], [ 120.193435171628309, -3.997319593130094 ], [ 120.196974533847737, -3.98877046873783 ], [ 120.198447770913674, -3.982757352060247 ], [ 120.198573535053455, -3.981475862496187 ], [ 120.198555568747764, -3.978043611391185 ], [ 120.199498799796103, -3.973670383003153 ], [ 120.199938974285303, -3.970211214615221 ] ] } },
{ "type": "Feature", "properties": { "FID": 494, "OBJECTID": 1753, "NAMOBJ": "Unit Distribusi", "STSJRN": 1, "WADMPR": "Provinsi Sulawesi Selatan", "WADMKK": "Kabupaten Wajo", "REMARK": "Tidak Ada", "SBDATA": "Analisis Tim Penyusun, 2022", "SHAPE_Leng": 1.01994733419e-05 }, "geometry": { "type": "LineString", "coordinates": [ [ 120.199956940590994, -3.970211214615221 ], [ 120.199947957438155, -3.970202253020256 ] ] } },
{ "type": "Feature", "properties": { "FID": 495, "OBJECTID": 1754, "NAMOBJ": "Jaringan Drainase Sekunder", "STSJRN": 1, "WADMPR": "Provinsi Sulawesi Selatan", "WADMKK": "Kabupaten Wajo", "REMARK": "Tidak Ada", "SBDATA": "Analisis Tim Penyusun, 2022", "SHAPE_Leng": 9.5781671245600004e-06 }, "geometry": { "type": "LineString", "coordinates": [ [ 120.199938974285303, -3.970211214615221 ], [ 120.199947957438155, -3.970202253020256 ] ] } },
{ "type": "Feature", "properties": { "FID": 496, "OBJECTID": 1755, "NAMOBJ": "Unit Distribusi", "STSJRN": 1, "WADMPR": "Provinsi Sulawesi Selatan", "WADMKK": "Kabupaten Wajo", "REMARK": "Tidak Ada", "SBDATA": "Analisis Tim Penyusun, 2022", "SHAPE_Leng": 0.090335046071500003 }, "geometry": { "type": "LineString", "coordinates": [ [ 120.199947957438155, -3.970211214615221 ], [ 120.203963426758179, -3.965846906359378 ], [ 120.208041778148058, -3.96317633265019 ], [ 120.210062987537341, -3.961563230258492 ], [ 120.214707277556229, -3.958507288772307 ], [ 120.215740340132967, -3.958005432200519 ], [ 120.217285442421669, -3.957575269182624 ], [ 120.217977145190432, -3.95744084319371 ], [ 120.218956308850125, -3.957503575324585 ], [ 120.223861110301414, -3.958112972920079 ], [ 120.230921868434606, -3.959708158619947 ], [ 120.23281731368408, -3.959761928870886 ], [ 120.239536712009297, -3.96071186939479 ], [ 120.241809449678129, -3.961545306880915 ], [ 120.243183872062815, -3.96167973220328 ], [ 120.251726850414812, -3.958363901211404 ], [ 120.260359660295208, -3.954788165883339 ], [ 120.260584239116227, -3.954671662968947 ], [ 120.260952548382718, -3.954098109920873 ], [ 120.263494780636762, -3.949016771059591 ], [ 120.264294281239643, -3.946444723478549 ], [ 120.264222416016906, -3.94311986968071 ], [ 120.266028029737996, -3.939696421415565 ], [ 120.266845496646539, -3.9385224084257 ], [ 120.270959780647814, -3.934480564782186 ] ] } },
{ "type": "Feature", "properties": { "FID": 497, "OBJECTID": 1756, "NAMOBJ": "Jalur Evakuasi Bencana", "STSJRN": 1, "WADMPR": "Provinsi Sulawesi Selatan", "WADMKK": "Kabupaten Wajo", "REMARK": "ruas Jalan Anabanua – Tarumpakkae", "SBDATA": "Analisis Tim Penyusun, 2022", "SHAPE_Leng": 9.19799019334e-06 }, "geometry": { "type": "LineString", "coordinates": [ [ 120.199947957438155, -3.970211214615221 ], [ 120.199938974285303, -3.970211214615221 ] ] } },
{ "type": "Feature", "properties": { "FID": 498, "OBJECTID": 1757, "NAMOBJ": "Jaringan Drainase Tersier", "STSJRN": 1, "WADMPR": "Provinsi Sulawesi Selatan", "WADMKK": "Kabupaten Wajo", "REMARK": "Tidak Ada", "SBDATA": "Analisis Tim Penyusun, 2022", "SHAPE_Leng": 0.0117244001058 }, "geometry": { "type": "LineString", "coordinates": [ [ 120.179906543449462, -4.018530714519714 ], [ 120.177948216130076, -4.01700733167371 ], [ 120.177696687850528, -4.016639927149794 ], [ 120.177463125876628, -4.015510829284859 ], [ 120.177184648138564, -4.015089657459041 ], [ 120.176807355719248, -4.015609401382921 ], [ 120.173717151141858, -4.017813828828922 ], [ 120.172225947770229, -4.020027211368451 ] ] } },
{ "type": "Feature", "properties": { "FID": 499, "OBJECTID": 1758, "NAMOBJ": "Jaringan Drainase Tersier", "STSJRN": 1, "WADMPR": "Provinsi Sulawesi Selatan", "WADMKK": "Kabupaten Wajo", "REMARK": "Tidak Ada", "SBDATA": "Analisis Tim Penyusun, 2022", "SHAPE_Leng": 0.0046128830406700003 }, "geometry": { "type": "LineString", "coordinates": [ [ 120.177202614444241, -4.015053813038298 ], [ 120.177499058488024, -4.015492907083932 ], [ 120.177732620461896, -4.016622004973664 ], [ 120.177975165588592, -4.016980448421474 ], [ 120.179933492907978, -4.018503831317681 ] ] } },
{ "type": "Feature", "properties": { "FID": 500, "OBJECTID": 1759, "NAMOBJ": "Jaringan Drainase Tersier", "STSJRN": 1, "WADMPR": "Provinsi Sulawesi Selatan", "WADMKK": "Kabupaten Wajo", "REMARK": "Tidak Ada", "SBDATA": "Analisis Tim Penyusun, 2022", "SHAPE_Leng": 0.0072008020576500003 }, "geometry": { "type": "LineString", "coordinates": [ [ 120.172181032006023, -4.020027211368451 ], [ 120.173690201683343, -4.017786945603261 ], [ 120.176780406260718, -4.015582518084631 ], [ 120.177202614444241, -4.015053813038298 ] ] } },
{ "type": "Feature", "properties": { "FID": 501, "OBJECTID": 1760, "NAMOBJ": "Jalur Evakuasi Bencana", "STSJRN": 1, "WADMPR": "Provinsi Sulawesi Selatan", "WADMKK": "Kabupaten Wajo", "REMARK": "ruas Jalan Doping – AtapangngE", "SBDATA": "Analisis Tim Penyusun, 2022", "SHAPE_Leng": 0.14338387630900001 }, "geometry": { "type": "LineString", "coordinates": [ [ 120.178945346095446, -4.019337210168641 ], [ 120.180068240200598, -4.019516431315636 ], [ 120.183427939363213, -4.019659808204869 ], [ 120.184425069328583, -4.019982406113463 ], [ 120.186670857538886, -4.020224354461138 ], [ 120.189482584378169, -4.020851627620692 ], [ 120.190794124692971, -4.022088250435567 ], [ 120.191890069339607, -4.023934220131153 ], [ 120.192303294370305, -4.024364348391325 ], [ 120.19295008137486, -4.02463317843857 ], [ 120.195168920126633, -4.024462919418951 ], [ 120.196444527830081, -4.025099150310228 ], [ 120.196767921332366, -4.025341097138415 ], [ 120.197172163210226, -4.025977327343481 ], [ 120.197774034450575, -4.027661990836894 ], [ 120.19876218126312, -4.028495360318244 ], [ 120.204987506182079, -4.030753518492791 ], [ 120.206856001973023, -4.031981165345288 ], [ 120.210305532664051, -4.034606710419212 ], [ 120.214545580805094, -4.036882773343443 ], [ 120.216126615705164, -4.038952730541279 ], [ 120.217698667452368, -4.041497605746718 ], [ 120.218749696334783, -4.042707314751957 ], [ 120.220743956265537, -4.044347139632536 ], [ 120.222702283584894, -4.045117766572432 ], [ 120.223277205366742, -4.045503079767519 ], [ 120.22355568310482, -4.046506685368775 ], [ 120.223376020047994, -4.049849041482387 ], [ 120.223474834729245, -4.050924327378089 ], [ 120.224058739663931, -4.051775594365309 ], [ 120.225325364214541, -4.052411803844469 ], [ 120.228173023665192, -4.052868799076969 ], [ 120.230966784198813, -4.053800710123292 ], [ 120.233688679509683, -4.056318656711985 ], [ 120.236051248706914, -4.058173509144306 ], [ 120.240147566402513, -4.060485348240733 ], [ 120.241513005634374, -4.061022984291002 ], [ 120.243004209006003, -4.062143058245287 ], [ 120.245726104316901, -4.0647057816029 ], [ 120.247235273994207, -4.066811509734341 ], [ 120.24925648338349, -4.068388562093213 ], [ 120.250945316117622, -4.068702180092033 ], [ 120.251798715637534, -4.06905164000402 ], [ 120.253963655472262, -4.070781016310764 ], [ 120.255194347411503, -4.071211119685922 ], [ 120.258221669918996, -4.072160930491939 ], [ 120.260647121186125, -4.07248350749183 ], [ 120.264509876907823, -4.073594605057207 ], [ 120.265237512287968, -4.074454808570097 ], [ 120.266171760183454, -4.075978083367124 ], [ 120.266701766201081, -4.076444025669891 ], [ 120.269477560429024, -4.076820363486527 ], [ 120.273232518316632, -4.078343633801518 ], [ 120.28220668800499, -4.080924226333266 ], [ 120.283850604974916, -4.081614175015166 ], [ 120.286698264425581, -4.082331004186577 ], [ 120.28843201292392, -4.083128475887631 ], [ 120.291800695239374, -4.08431124144583 ], [ 120.293022404025777, -4.085162473155063 ], [ 120.296543799939514, -4.08568217207034 ] ] } },
{ "type": "Feature", "properties": { "FID": 502, "OBJECTID": 1761, "NAMOBJ": "Jaringan Drainase Sekunder", "STSJRN": 1, "WADMPR": "Provinsi Sulawesi Selatan", "WADMKK": "Kabupaten Wajo", "REMARK": "Tidak Ada", "SBDATA": "Analisis Tim Penyusun, 2022", "SHAPE_Leng": 0.145012144058 }, "geometry": { "type": "LineString", "coordinates": [ [ 120.178963312401137, -4.019337210168641 ], [ 120.179951459213669, -4.018539675586863 ], [ 120.180562313606856, -4.017715256997166 ], [ 120.183616585572864, -4.012428204939518 ], [ 120.187739852726992, -4.007938664373595 ], [ 120.192294311217466, -3.999936288447902 ], [ 120.197001483306252, -3.988779430130758 ], [ 120.198483703525042, -3.982757352060247 ], [ 120.198609467664809, -3.981475862496187 ], [ 120.198591501359132, -3.978043611391185 ], [ 120.199534732407457, -3.973670383003153 ], [ 120.199903041673949, -3.970381484901054 ], [ 120.203981393063856, -3.965864829643715 ], [ 120.208059744453749, -3.963194255992425 ], [ 120.210080953843018, -3.961581153635681 ], [ 120.214716260709068, -3.958525212215673 ], [ 120.21574932328582, -3.958032317381718 ], [ 120.217294425574522, -3.957602154377788 ], [ 120.21798612834327, -3.95747669012622 ], [ 120.218956308850125, -3.957530460522076 ], [ 120.223861110301414, -3.958139858097787 ], [ 120.230921868434606, -3.959735043745853 ], [ 120.232808330531242, -3.959788813995045 ], [ 120.239527728856459, -3.96073875448809 ], [ 120.241800466525277, -3.961572191947135 ], [ 120.243183872062815, -3.961706617265132 ], [ 120.251735833567651, -3.958390786380965 ], [ 120.260368643448047, -3.954815051168949 ], [ 120.260602205421918, -3.954689586495304 ], [ 120.260979497841234, -3.954116033459634 ], [ 120.263521730095292, -3.949025732883921 ], [ 120.264321230698158, -3.946453685330642 ], [ 120.264249365475436, -3.943137793456525 ], [ 120.266045996043687, -3.939714345265167 ], [ 120.266863462952216, -3.938540332300593 ], [ 120.270977746953491, -3.934507450724892 ] ] } },
{ "type": "Feature", "properties": { "FID": 503, "OBJECTID": 1762, "NAMOBJ": "Jaringan Drainase Tersier", "STSJRN": 1, "WADMPR": "Provinsi Sulawesi Selatan", "WADMKK": "Kabupaten Wajo", "REMARK": "Tidak Ada", "SBDATA": "Analisis Tim Penyusun, 2022", "SHAPE_Leng": 0.0018585189032900001 }, "geometry": { "type": "LineString", "coordinates": [ [ 120.022827132868301, -4.126154927606349 ], [ 120.023123576912056, -4.124927424621476 ], [ 120.022539671977398, -4.124855745556449 ] ] } },
{ "type": "Feature", "properties": { "FID": 504, "OBJECTID": 1763, "NAMOBJ": "Jaringan Drainase Tersier", "STSJRN": 1, "WADMPR": "Provinsi Sulawesi Selatan", "WADMKK": "Kabupaten Wajo", "REMARK": "Tidak Ada", "SBDATA": "Analisis Tim Penyusun, 2022", "SHAPE_Leng": 0.00258607504521 }, "geometry": { "type": "LineString", "coordinates": [ [ 120.022539671977398, -4.124819906021509 ], [ 120.023123576912056, -4.124891585089771 ], [ 120.0235008693314, -4.123762639013526 ], [ 120.022737301339902, -4.123529681687053 ] ] } },
{ "type": "Feature", "properties": { "FID": 505, "OBJECTID": 1764, "NAMOBJ": "Jaringan Drainase Tersier", "STSJRN": 1, "WADMPR": "Provinsi Sulawesi Selatan", "WADMKK": "Kabupaten Wajo", "REMARK": "Tidak Ada", "SBDATA": "Analisis Tim Penyusun, 2022", "SHAPE_Leng": 0.0067291739955300002 }, "geometry": { "type": "LineString", "coordinates": [ [ 120.02274628449274, -4.123493842092303 ], [ 120.025629876554774, -4.124380871587295 ], [ 120.025827505917277, -4.123708879636554 ], [ 120.022916964396714, -4.122920408356523 ] ] } },
{ "type": "Feature", "properties": { "FID": 506, "OBJECTID": 1765, "NAMOBJ": "Jaringan Drainase Tersier", "STSJRN": 1, "WADMPR": "Provinsi Sulawesi Selatan", "WADMKK": "Kabupaten Wajo", "REMARK": "Tidak Ada", "SBDATA": "Analisis Tim Penyusun, 2022", "SHAPE_Leng": 0.00357791557009 }, "geometry": { "type": "LineString", "coordinates": [ [ 120.022925947549552, -4.122884568734301 ], [ 120.02352781878993, -4.123054806925466 ], [ 120.024282403628604, -4.120985066444391 ], [ 120.023563751401298, -4.120761068233733 ] ] } },
{ "type": "Feature", "properties": { "FID": 507, "OBJECTID": 1766, "NAMOBJ": "Jaringan Drainase Tersier", "STSJRN": 1, "WADMPR": "Provinsi Sulawesi Selatan", "WADMKK": "Kabupaten Wajo", "REMARK": "Tidak Ada", "SBDATA": "Analisis Tim Penyusun, 2022", "SHAPE_Leng": 0.022294695229299999 }, "geometry": { "type": "LineString", "coordinates": [ [ 120.023563751401298, -4.120725228514172 ], [ 120.024300369934281, -4.120958186662443 ], [ 120.02511783684281, -4.118727161594123 ], [ 120.024327319392796, -4.120967146589859 ], [ 120.026375478240581, -4.121836259069429 ], [ 120.027148029384932, -4.1184583629708 ], [ 120.026851585341177, -4.117795325978388 ], [ 120.027615153332661, -4.115689731867449 ], [ 120.027893631070754, -4.113870852472198 ], [ 120.025369365122359, -4.11213260916922 ], [ 120.022386958379101, -4.111155965649807 ] ] } },
{ "type": "Feature", "properties": { "FID": 508, "OBJECTID": 1767, "NAMOBJ": "Jaringan Drainase Tersier", "STSJRN": 1, "WADMPR": "Provinsi Sulawesi Selatan", "WADMKK": "Kabupaten Wajo", "REMARK": "Tidak Ada", "SBDATA": "Analisis Tim Penyusun, 2022", "SHAPE_Leng": 0.022380900826199999 }, "geometry": { "type": "LineString", "coordinates": [ [ 120.02239594153194, -4.111120125497893 ], [ 120.025387331428036, -4.112096769061219 ], [ 120.027839732153708, -4.113808132418969 ], [ 120.028648215909399, -4.114139652644392 ], [ 120.034379467422085, -4.114972932601722 ], [ 120.034693877771545, -4.113333251855715 ], [ 120.035223883789158, -4.112428289998718 ], [ 120.035241850094835, -4.111783168047471 ], [ 120.035843721335212, -4.11090508455256 ], [ 120.035807788723844, -4.110340601795085 ], [ 120.035008288120977, -4.108172267487284 ], [ 120.035412529998823, -4.105959126806077 ] ] } },
{ "type": "Feature", "properties": { "FID": 509, "OBJECTID": 1768, "NAMOBJ": "Jaringan Drainase Tersier", "STSJRN": 1, "WADMPR": "Provinsi Sulawesi Selatan", "WADMKK": "Kabupaten Wajo", "REMARK": "Tidak Ada", "SBDATA": "Analisis Tim Penyusun, 2022", "SHAPE_Leng": 0.013948069197699999 }, "geometry": { "type": "LineString", "coordinates": [ [ 120.024533931908152, -4.094812689429689 ], [ 120.027148029384932, -4.095421984233566 ], [ 120.032223510740209, -4.097375308565025 ], [ 120.034325568505025, -4.093594098430435 ], [ 120.034810658758474, -4.092178380087399 ] ] } },
{ "type": "Feature", "properties": { "FID": 510, "OBJECTID": 1769, "NAMOBJ": "Jaringan Drainase Tersier", "STSJRN": 1, "WADMPR": "Provinsi Sulawesi Selatan", "WADMKK": "Kabupaten Wajo", "REMARK": "Tidak Ada", "SBDATA": "Analisis Tim Penyusun, 2022", "SHAPE_Leng": 0.30106135631800002 }, "geometry": { "type": "LineString", "coordinates": [ [ 120.041691753834826, -4.118225404090472 ], [ 120.042113962018348, -4.11796556525888 ], [ 120.042464304979177, -4.118064124825677 ], [ 120.043120075136571, -4.118530042612563 ], [ 120.043838727363877, -4.118691321782926 ], [ 120.046389942770773, -4.120089073223228 ], [ 120.047467921111718, -4.12047435043203 ], [ 120.048285388020261, -4.120384751097801 ], [ 120.048905225566301, -4.120062193410999 ], [ 120.049965237601555, -4.118359803452829 ], [ 120.050980333872616, -4.117687806414052 ], [ 120.053423751445422, -4.118780921307891 ], [ 120.055660556502872, -4.118834681018027 ], [ 120.054852072747167, -4.12174665988865 ], [ 120.054402915105115, -4.122167775950511 ], [ 120.053360869375524, -4.122553052152136 ], [ 120.052498486702774, -4.123108566346681 ], [ 120.052094244824929, -4.12547397727966 ], [ 120.051465424126036, -4.126217646686024 ], [ 120.050935418108409, -4.128368012135551 ], [ 120.051124064318074, -4.13002558152732 ], [ 120.05170796925276, -4.129989742225739 ], [ 120.052004413296515, -4.130769246669828 ], [ 120.052336789951639, -4.132211775862189 ], [ 120.052345773104477, -4.133528865441965 ], [ 120.052758998135189, -4.136198877059182 ], [ 120.052803913899382, -4.141377598767881 ], [ 120.052498486702774, -4.144289494879729 ], [ 120.053450700903937, -4.14450452678292 ], [ 120.054447830869321, -4.145221299371198 ], [ 120.055355129306278, -4.145454250322469 ], [ 120.054034605838638, -4.14979070933985 ], [ 120.053145273707344, -4.149199375420944 ], [ 120.052309840493109, -4.152138121437392 ], [ 120.052282891034579, -4.152836967965265 ], [ 120.051222878999326, -4.154718474771494 ], [ 120.050836603427157, -4.156223676985094 ], [ 120.049803540850419, -4.159010085403675 ], [ 120.049453197889619, -4.160730306903852 ], [ 120.049390315819736, -4.162432605731442 ], [ 120.049102854928805, -4.163991549849976 ], [ 120.049740658780536, -4.164753101888659 ], [ 120.051249828457841, -4.164520156637419 ], [ 120.051384575750461, -4.164708304730314 ], [ 120.050800670815789, -4.166580823773993 ], [ 120.048483017382765, -4.169851001841896 ], [ 120.049587945182239, -4.170953003988903 ], [ 120.052309840493109, -4.172816548817843 ], [ 120.052938661192002, -4.172995735587612 ], [ 120.055813270101169, -4.173174922316494 ], [ 120.056990063123365, -4.172968857574753 ], [ 120.058346519202416, -4.172458175155652 ], [ 120.059119070346739, -4.172046045241975 ], [ 120.061796049893431, -4.169949554942359 ], [ 120.062604533649122, -4.169564301843009 ], [ 120.063871158199717, -4.169627017476702 ], [ 120.067410520419173, -4.17071110121098 ], [ 120.071363107669285, -4.169904758080043 ], [ 120.071776332699969, -4.169403033047673 ], [ 120.072153625119327, -4.168417500801678 ], [ 120.073599912726749, -4.166813768415039 ], [ 120.074040087215963, -4.166034299537649 ], [ 120.07423771657848, -4.164654548136935 ], [ 120.074085002980155, -4.162235497634535 ], [ 120.074731789984739, -4.160461522542072 ], [ 120.075037217181332, -4.159010085403675 ], [ 120.07561213896318, -4.154064427676234 ], [ 120.076618252081403, -4.152120202287514 ], [ 120.076806898291053, -4.147685200186216 ], [ 120.077211140168899, -4.144155099910542 ], [ 120.077435718989932, -4.143572721446794 ], [ 120.07846878156667, -4.141977898228 ], [ 120.080004900702534, -4.140902734693239 ], [ 120.081100845349155, -4.139621496240218 ], [ 120.082448318275326, -4.13608240022998 ], [ 120.083885622729909, -4.134084371955662 ], [ 120.084137151009458, -4.133000237914268 ], [ 120.083813757507187, -4.132346172858309 ], [ 120.083948504799807, -4.131808584737177 ], [ 120.084909702153809, -4.129550710650004 ], [ 120.085556489158364, -4.128690566450634 ], [ 120.086445821289644, -4.127911059964829 ], [ 120.087101591447066, -4.127794581918459 ], [ 120.089149750294865, -4.128108176619753 ], [ 120.090461290609682, -4.128708486130962 ], [ 120.09101824608581, -4.128654727088764 ], [ 120.091440454269375, -4.128359052291596 ], [ 120.092563348374512, -4.126262446025619 ], [ 120.093524545728528, -4.126307245362683 ], [ 120.094333029484218, -4.122902488545614 ], [ 120.094018619134786, -4.12174665988865 ], [ 120.094934900724596, -4.118135804502955 ], [ 120.096246441039398, -4.116075011206157 ], [ 120.097405267755917, -4.1150983725198 ], [ 120.09782747593944, -4.114507012733028 ], [ 120.097836459092278, -4.114014212575322 ], [ 120.097126790017839, -4.111836928230019 ], [ 120.099740887494619, -4.106631133734729 ], [ 120.101223107713409, -4.107330020340229 ], [ 120.103980935635676, -4.108055786551844 ], [ 120.106235706998817, -4.109014513745082 ], [ 120.108643191960255, -4.111478526944533 ], [ 120.110035580650631, -4.112374529856059 ], [ 120.116710063211642, -4.114130692640114 ], [ 120.117779058399748, -4.114972932601722 ], [ 120.120186543361186, -4.116128771099061 ], [ 120.12115672386804, -4.116549890134556 ], [ 120.121255538549292, -4.116254210835056 ], [ 120.121965207623759, -4.112715010698305 ], [ 120.122234702208985, -4.107070177955822 ], [ 120.122980303894778, -4.10457927080571 ], [ 120.122962337589101, -4.102464681658499 ], [ 120.124130147458459, -4.099740795864196 ], [ 120.124597271406216, -4.095475745517518 ], [ 120.126528649267073, -4.091604923843812 ], [ 120.128226465154057, -4.087635520154144 ], [ 120.128576808114857, -4.086425878553049 ], [ 120.128819353241582, -4.08441876550104 ], [ 120.130894461547882, -4.078872297530039 ], [ 120.130705815338217, -4.073836537388178 ], [ 120.131208871897343, -4.070682450921595 ], [ 120.130274624001856, -4.066354522394476 ], [ 120.130436320752992, -4.062770298980487 ], [ 120.130355472377417, -4.061264920396771 ], [ 120.130651916421172, -4.06018964826043 ], [ 120.131083107757561, -4.059481759988746 ], [ 120.129897331582526, -4.05895308353285 ], [ 120.128576808114857, -4.057707556276885 ], [ 120.12713950366026, -4.057223681860815 ], [ 120.126834076463666, -4.055861663429846 ], [ 120.125271007869287, -4.053657339263003 ], [ 120.124947614367017, -4.052268432737916 ], [ 120.123860652873233, -4.049660866303731 ], [ 120.123043185964704, -4.048469089156256 ], [ 120.122099954916365, -4.047626779437373 ], [ 120.121560965745886, -4.04742068224506 ], [ 120.120950111352698, -4.047814955088886 ], [ 120.120545869474824, -4.048666225346884 ], [ 120.119836200400385, -4.048343638828132 ], [ 120.118875003046369, -4.048388442518979 ], [ 120.117958721456574, -4.048021052180839 ], [ 120.117527530120199, -4.047689504659403 ], [ 120.117042439866765, -4.046721743550116 ], [ 120.117177187159371, -4.045897353544877 ], [ 120.11698854094972, -4.045171531215305 ], [ 120.114428342389985, -4.04274315795421 ], [ 120.114410376084294, -4.042295117812155 ], [ 120.115200893534336, -4.040377503206891 ], [ 120.114563089682591, -4.037850546196928 ], [ 120.114769702197933, -4.03595084283864 ], [ 120.114679870669534, -4.035045793920865 ], [ 120.114410376084294, -4.034275157413754 ], [ 120.114419359237147, -4.03354932468621 ], [ 120.114751735892256, -4.032706999473521 ] ] } },
{ "type": "Feature", "properties": { "FID": 511, "OBJECTID": 1770, "NAMOBJ": "Jaringan Drainase Tersier", "STSJRN": 1, "WADMPR": "Provinsi Sulawesi Selatan", "WADMKK": "Kabupaten Wajo", "REMARK": "Tidak Ada", "SBDATA": "Analisis Tim Penyusun, 2022", "SHAPE_Leng": 0.088616744081300006 }, "geometry": { "type": "LineString", "coordinates": [ [ 120.114787668503624, -4.032724921295648 ], [ 120.1144552918485, -4.033558285588033 ], [ 120.114446308695662, -4.034275157413754 ], [ 120.114715803280887, -4.035045793920865 ], [ 120.114805634809301, -4.03595084283864 ], [ 120.114599022293959, -4.037850546196928 ], [ 120.11523682614569, -4.040377503206891 ], [ 120.114437325542823, -4.042304078617421 ], [ 120.114464275001339, -4.042725236353282 ], [ 120.117015490408235, -4.045144648894315 ], [ 120.117213119770739, -4.045897353544877 ], [ 120.117078372478119, -4.0467127827937 ], [ 120.117554479578729, -4.047671583167889 ], [ 120.117976687762251, -4.047994169954428 ], [ 120.118883986199222, -4.048352599566501 ], [ 120.119836200400385, -4.048307795873669 ], [ 120.120536886321986, -4.048621421671411 ], [ 120.120923161894169, -4.047788072855632 ], [ 120.121569948898724, -4.047384839249739 ], [ 120.122126904374895, -4.047599897197872 ], [ 120.12307013542322, -4.048442206944722 ], [ 120.1236360740522, -4.049105301235283 ], [ 120.123896585484587, -4.049651905579847 ], [ 120.12498354697837, -4.052259472042913 ], [ 120.125306940480684, -4.053639417903678 ], [ 120.126870009075034, -4.055843742119398 ], [ 120.127166453118789, -4.057205760580578 ], [ 120.128594774420534, -4.057680674372485 ], [ 120.129915297888203, -4.058926201669911 ], [ 120.131101074063253, -4.059445917528099 ], [ 120.131586164316658, -4.058854516697702 ], [ 120.137712674554351, -4.055010400744617 ], [ 120.139185911620316, -4.053048012823139 ], [ 120.140039311140242, -4.051237952161811 ], [ 120.140829828590242, -4.046703822037186 ], [ 120.140946609577185, -4.04490270796526 ], [ 120.141377800913574, -4.044194806313476 ], [ 120.14188984062551, -4.04391702195206 ], [ 120.143407993455668, -4.043522747211093 ], [ 120.144153595141489, -4.042563941927099 ], [ 120.14495309574437, -4.041981489565395 ], [ 120.146390400198953, -4.04182915580177 ], [ 120.147845670959214, -4.041210859643845 ], [ 120.149157211274058, -4.041148133920325 ], [ 120.149866880348483, -4.040305816591674 ], [ 120.150441802130345, -4.037644446519269 ], [ 120.150648414645687, -4.0359060384605 ], [ 120.151609611999689, -4.033199849437987 ], [ 120.152184533781522, -4.032671155828083 ], [ 120.153370309956557, -4.03216038370882 ], [ 120.153576922471899, -4.031443510017612 ], [ 120.153046916454272, -4.029929112266841 ], [ 120.152157584322993, -4.024391231400043 ], [ 120.151115538593416, -4.023342793402526 ], [ 120.148977548217204, -4.023136690047716 ] ] } },
{ "type": "Feature", "properties": { "FID": 512, "OBJECTID": 1771, "NAMOBJ": "Jaringan Drainase Tersier", "STSJRN": 1, "WADMPR": "Provinsi Sulawesi Selatan", "WADMKK": "Kabupaten Wajo", "REMARK": "Tidak Ada", "SBDATA": "Analisis Tim Penyusun, 2022", "SHAPE_Leng": 0.022282681901800001 }, "geometry": { "type": "LineString", "coordinates": [ [ 120.149013480828572, -4.023100845980686 ], [ 120.151124521746254, -4.023306949344565 ], [ 120.152193516934361, -4.024373309394329 ], [ 120.15308284906564, -4.029929112266841 ], [ 120.153612855083267, -4.031443510017612 ], [ 120.153397259415073, -4.03218726645994 ], [ 120.152193516934361, -4.032698038562311 ], [ 120.151636561458218, -4.033208810343665 ], [ 120.150684347257041, -4.035914999336325 ], [ 120.150055526558148, -4.039920500926348 ], [ 120.149705183597348, -4.040664249604402 ], [ 120.149166194426897, -4.041183977191501 ] ] } },
{ "type": "Feature", "properties": { "FID": 513, "OBJECTID": 1772, "NAMOBJ": "Jaringan Drainase Sekunder", "STSJRN": 1, "WADMPR": "Provinsi Sulawesi Selatan", "WADMKK": "Kabupaten Wajo", "REMARK": "Tidak Ada", "SBDATA": "Analisis Tim Penyusun, 2022", "SHAPE_Leng": 0.041136043080699999 }, "geometry": { "type": "LineString", "coordinates": [ [ 120.223376020047994, -4.050046177336903 ], [ 120.223600598869027, -4.051237952161811 ], [ 120.224328234249171, -4.051972729750389 ], [ 120.225316381061702, -4.052429725231001 ], [ 120.229008456879427, -4.053092816253475 ], [ 120.230957801045975, -4.053818631479041 ], [ 120.233679696356845, -4.0563365780119 ], [ 120.236033282401237, -4.05819143040307 ], [ 120.240138583249674, -4.060503269448179 ], [ 120.241504022481536, -4.061040905486509 ], [ 120.242995225853164, -4.062160979415917 ], [ 120.245483559190163, -4.064463846529138 ], [ 120.247226290841368, -4.066829430801213 ], [ 120.249247500230638, -4.068397522609159 ], [ 120.251322608536967, -4.068854508790258 ], [ 120.251789732484696, -4.069069561021061 ], [ 120.253954672319423, -4.07078997680009 ], [ 120.256658601324617, -4.07171290666649 ] ] } },
{ "type": "Feature", "properties": { "FID": 514, "OBJECTID": 1773, "NAMOBJ": "Jaringan Drainase Tersier", "STSJRN": 1, "WADMPR": "Provinsi Sulawesi Selatan", "WADMKK": "Kabupaten Wajo", "REMARK": "Tidak Ada", "SBDATA": "Analisis Tim Penyusun, 2022", "SHAPE_Leng": 0.19976945013700001 }, "geometry": { "type": "LineString", "coordinates": [ [ 120.223376020047994, -4.050046177336903 ], [ 120.22309754230993, -4.050064098775842 ], [ 120.222576519445127, -4.050431488186606 ], [ 120.22218126072012, -4.052080258121999 ], [ 120.22069904050133, -4.052841917011619 ], [ 120.218785628946151, -4.054392114653229 ], [ 120.21639611029039, -4.05573621424836 ], [ 120.215003721600013, -4.056067758471436 ], [ 120.214069473704527, -4.056919020042733 ], [ 120.212973529057891, -4.057071350966137 ], [ 120.21255132087434, -4.057367052088388 ], [ 120.211886567564108, -4.058782831719126 ], [ 120.210835538681692, -4.05977746022836 ], [ 120.20993722339756, -4.061130511458076 ], [ 120.209622813048128, -4.061354526343464 ], [ 120.208877211362307, -4.061506856430006 ], [ 120.207296176462265, -4.063012234562299 ], [ 120.205481579588323, -4.062609008552301 ], [ 120.204664112679779, -4.062205782340751 ], [ 120.20326274083655, -4.061802555927671 ], [ 120.202606970679156, -4.062080334144943 ], [ 120.202005099438793, -4.062877825914695 ], [ 120.202050015203, -4.06581688989819 ], [ 120.202319509788225, -4.066883193999434 ], [ 120.202175779342767, -4.068549851364999 ], [ 120.202553071762111, -4.070019374353547 ], [ 120.202589004373479, -4.071103593863675 ], [ 120.202571038067802, -4.07310177971352 ], [ 120.20213086357856, -4.076694917567224 ], [ 120.202508155997904, -4.077743286433835 ], [ 120.201690689089347, -4.078935020322206 ], [ 120.201618823866625, -4.079633931103631 ], [ 120.201897301604703, -4.081201997951814 ], [ 120.202184762495605, -4.08163209575225 ], [ 120.204098174050785, -4.082671497818779 ], [ 120.205849888854814, -4.082895506708567 ], [ 120.20611040028723, -4.083334563951205 ], [ 120.205742091020724, -4.085646330776648 ], [ 120.205544461658221, -4.086085386514023 ], [ 120.204295803413288, -4.087474234712768 ], [ 120.204089190897946, -4.088110415987556 ], [ 120.204107157203637, -4.088639073282526 ], [ 120.204879708347988, -4.089490300397631 ], [ 120.20563429318662, -4.090977705607278 ], [ 120.206254130732674, -4.092859358843319 ], [ 120.2074578732134, -4.094723087213525 ], [ 120.207664485728742, -4.095475745517518 ], [ 120.207960929772497, -4.095887915241151 ], [ 120.207969912925336, -4.097088582356324 ], [ 120.208688565152642, -4.099283827272245 ], [ 120.20735007537931, -4.102760366070863 ], [ 120.207448890060562, -4.103441335816352 ], [ 120.207224311239528, -4.104597191028791 ], [ 120.208113643370794, -4.105098957111803 ], [ 120.208922127126513, -4.106048727762591 ], [ 120.210278583205522, -4.110788604016285 ], [ 120.20972162772938, -4.113476612055582 ], [ 120.209631796200966, -4.115546372065921 ], [ 120.208895177667983, -4.118512122702728 ], [ 120.20891314397366, -4.119076599668684 ], [ 120.209559930978244, -4.121074665710986 ], [ 120.209523998366876, -4.121540581734543 ], [ 120.208967042890706, -4.122812889485007 ], [ 120.214195237844294, -4.124766146716068 ], [ 120.220303781776295, -4.125563576040209 ], [ 120.221211080213266, -4.125913011109778 ], [ 120.223654497786072, -4.126361004563828 ], [ 120.224292301637803, -4.126620840651387 ], [ 120.225693673481018, -4.127364508983833 ], [ 120.229331850381698, -4.129864304657459 ], [ 120.234497163265402, -4.134057492617188 ], [ 120.237497536314351, -4.134093331734952 ], [ 120.239797223441684, -4.135096826374438 ], [ 120.239994852804216, -4.134415883721911 ], [ 120.24030028000081, -4.134254607744839 ], [ 120.240506892516152, -4.133197353304788 ], [ 120.240991982769572, -4.132606006986223 ], [ 120.241593854009935, -4.131423313026224 ], [ 120.242689798656571, -4.131611469001465 ], [ 120.24333658566114, -4.131468112071996 ], [ 120.243543198176482, -4.130939483170668 ], [ 120.243480316106599, -4.130007661876733 ], [ 120.24371387808047, -4.129568630310911 ], [ 120.243704894927617, -4.128574088518641 ], [ 120.244522361836175, -4.124613828664232 ], [ 120.244944570019712, -4.120528110027724 ], [ 120.246184245111792, -4.117168128314998 ], [ 120.247316122369782, -4.115053572551326 ], [ 120.247334088675458, -4.114489092732635 ], [ 120.248052740902764, -4.11200716878417 ], [ 120.248025791444249, -4.111487486978634 ], [ 120.247693414789097, -4.110860284348314 ], [ 120.247513751732285, -4.110044920191191 ], [ 120.247495785426594, -4.109328115847882 ], [ 120.247010695173188, -4.108458989717443 ], [ 120.246552554378269, -4.107088098122982 ], [ 120.246768150046478, -4.105815765254736 ], [ 120.247855111540233, -4.103351734567221 ], [ 120.247900027304468, -4.101407384985644 ], [ 120.248340201793681, -4.100807054896134 ], [ 120.248079690361294, -4.098011481973538 ], [ 120.248277319723798, -4.097088582356324 ], [ 120.247882060998791, -4.095224859494841 ], [ 120.247953926221513, -4.094606604317513 ], [ 120.248376134405035, -4.09426611575505 ], [ 120.249130719243709, -4.091990214802734 ], [ 120.24934631491189, -4.090637215501786 ], [ 120.249130719243709, -4.088665954152615 ], [ 120.24945411274598, -4.087071020967385 ], [ 120.249463095898832, -4.086157069060568 ], [ 120.249157668702239, -4.085449203632715 ], [ 120.248924106728339, -4.083603374389382 ], [ 120.248995971951089, -4.082985110246979 ], [ 120.249516994815878, -4.081219918698097 ], [ 120.25049615847557, -4.079902742780734 ], [ 120.250963282423299, -4.078648287518048 ], [ 120.251906513471624, -4.077402790712561 ], [ 120.252059227069921, -4.076918928123674 ], [ 120.252418553183588, -4.076587392477955 ], [ 120.253685177734198, -4.076121450258274 ], [ 120.254358914197269, -4.074884909981576 ], [ 120.254844004450703, -4.074329362281759 ], [ 120.255544690372304, -4.072922570422793 ], [ 120.256532837184835, -4.072026523370491 ], [ 120.256658601324617, -4.07171290666649 ] ] } },
{ "type": "Feature", "properties": { "FID": 515, "OBJECTID": 1774, "NAMOBJ": "Jaringan Drainase Sekunder", "STSJRN": 1, "WADMPR": "Provinsi Sulawesi Selatan", "WADMKK": "Kabupaten Wajo", "REMARK": "Tidak Ada", "SBDATA": "Analisis Tim Penyusun, 2022", "SHAPE_Leng": 3.6176448348300002e-05 }, "geometry": { "type": "LineString", "coordinates": [ [ 120.223376020047994, -4.050010334457836 ], [ 120.223376020047994, -4.050046177336903 ] ] } },
{ "type": "Feature", "properties": { "FID": 516, "OBJECTID": 1775, "NAMOBJ": "Jaringan Drainase Sekunder", "STSJRN": 1, "WADMPR": "Provinsi Sulawesi Selatan", "WADMKK": "Kabupaten Wajo", "REMARK": "Tidak Ada", "SBDATA": "Analisis Tim Penyusun, 2022", "SHAPE_Leng": 0.037532524134400003 }, "geometry": { "type": "LineString", "coordinates": [ [ 120.216863234238119, -4.040108678367162 ], [ 120.218300538692702, -4.042223431366447 ], [ 120.220097169260953, -4.043845335649789 ], [ 120.221112265532014, -4.044526355265356 ], [ 120.222711266737733, -4.045099845024014 ], [ 120.22328618851958, -4.045494118997622 ], [ 120.223573649410497, -4.046506685368775 ], [ 120.223393986353685, -4.049849041482387 ], [ 120.223492801034922, -4.050915366668196 ], [ 120.224067722816784, -4.051766633664847 ], [ 120.225334347367379, -4.052393882457539 ], [ 120.228182006818031, -4.052850877700168 ], [ 120.230975767351651, -4.053791749445271 ], [ 120.233697662662522, -4.056309696061878 ], [ 120.236060231859753, -4.058164548514776 ], [ 120.240156549555351, -4.060467427032889 ], [ 120.241521988787213, -4.061005063095095 ], [ 120.243300653049758, -4.062384994015211 ] ] } },
{ "type": "Feature", "properties": { "FID": 517, "OBJECTID": 1776, "NAMOBJ": "Jaringan Drainase Tersier", "STSJRN": 1, "WADMPR": "Provinsi Sulawesi Selatan", "WADMKK": "Kabupaten Wajo", "REMARK": "Tidak Ada", "SBDATA": "Analisis Tim Penyusun, 2022", "SHAPE_Leng": 0.11215589208 }, "geometry": { "type": "LineString", "coordinates": [ [ 120.243300653049758, -4.062384994015211 ], [ 120.243767776997515, -4.061668147078529 ], [ 120.24471100804584, -4.061578541166663 ], [ 120.245573390718576, -4.061049866084113 ], [ 120.249220550772122, -4.053729024696326 ], [ 120.252400586877911, -4.046452920814518 ], [ 120.254008571236469, -4.044956472622404 ], [ 120.255607572442202, -4.04490270796526 ], [ 120.258347434058777, -4.043424178495883 ], [ 120.259649991220741, -4.043011981920587 ], [ 120.260970514688395, -4.042232392172507 ], [ 120.261671200610024, -4.041399036785291 ], [ 120.262425785448656, -4.039884657599338 ], [ 120.263216302898698, -4.040207247485408 ], [ 120.264015803501565, -4.038585335926153 ], [ 120.264959034549904, -4.036237590800196 ], [ 120.264303264392481, -4.031102994792834 ], [ 120.264914118785697, -4.028271336348006 ], [ 120.264860219868623, -4.026425376485289 ], [ 120.264518860060662, -4.024543568432682 ], [ 120.264779371493049, -4.023154612080639 ], [ 120.265039882925464, -4.018136427467751 ], [ 120.262596465352644, -4.018172271753079 ], [ 120.259164900967306, -4.017437463589044 ], [ 120.258410316128661, -4.017724218073274 ], [ 120.255580622983672, -4.018163310681894 ], [ 120.255311128398446, -4.018342532086872 ], [ 120.254179251140457, -4.020089938721294 ], [ 120.253478565218828, -4.020439419598789 ], [ 120.252876693978479, -4.021084614671298 ], [ 120.250909383506254, -4.021658120973657 ], [ 120.249229533924961, -4.021783575423499 ], [ 120.247370021286827, -4.023208378177043 ], [ 120.245034401548111, -4.024068635236859 ], [ 120.242896411171913, -4.024606295437839 ], [ 120.241611820315626, -4.02535005813067 ], [ 120.240524858821829, -4.025735380704368 ], [ 120.239132470131452, -4.026721088783781 ], [ 120.237578384689911, -4.028593930845606 ], [ 120.235494293230772, -4.030233784230316 ], [ 120.232961044129539, -4.031219486859466 ], [ 120.231164413561316, -4.032429211180023 ], [ 120.230427795028334, -4.032706999473521 ], [ 120.229134221019194, -4.032644273092965 ], [ 120.227598101883359, -4.031694415881447 ], [ 120.226268595262852, -4.034418531702991 ], [ 120.225136718004862, -4.036013568963883 ], [ 120.22433721740201, -4.036811086419512 ], [ 120.22024988285925, -4.038343393039992 ], [ 120.216863234238119, -4.040108678367162 ] ] } },
{ "type": "Feature", "properties": { "FID": 518, "OBJECTID": 1777, "NAMOBJ": "Jaringan Drainase Sekunder", "STSJRN": 1, "WADMPR": "Provinsi Sulawesi Selatan", "WADMKK": "Kabupaten Wajo", "REMARK": "Tidak Ada", "SBDATA": "Analisis Tim Penyusun, 2022", "SHAPE_Leng": 3.6231982064100003e-05 }, "geometry": { "type": "LineString", "coordinates": [ [ 120.216845267932442, -4.040072835048469 ], [ 120.216863234238119, -4.040108678367162 ] ] } },
{ "type": "Feature", "properties": { "FID": 519, "OBJECTID": 1779, "NAMOBJ": "Jaringan Drainase Tersier", "STSJRN": 1, "WADMPR": "Provinsi Sulawesi Selatan", "WADMKK": "Kabupaten Wajo", "REMARK": "Tidak Ada", "SBDATA": "Analisis Tim Penyusun, 2022", "SHAPE_Leng": 9.2174665599499997e-06 }, "geometry": { "type": "LineString", "coordinates": [ [ 120.081927295410523, -3.898676683446463 ], [ 120.081927295410523, -3.898667721081942 ] ] } },
{ "type": "Feature", "properties": { "FID": 520, "OBJECTID": 1780, "NAMOBJ": "Unit Distribusi", "STSJRN": 1, "WADMPR": "Provinsi Sulawesi Selatan", "WADMKK": "Kabupaten Wajo", "REMARK": "Tidak Ada", "SBDATA": "Analisis Tim Penyusun, 2022", "SHAPE_Leng": 0.000116632296137 }, "geometry": { "type": "LineString", "coordinates": [ [ 120.083427481935018, -3.909861639835906 ], [ 120.08352629661627, -3.909816828609367 ] ] } },
{ "type": "Feature", "properties": { "FID": 521, "OBJECTID": 1781, "NAMOBJ": "Jaringan Drainase Tersier", "STSJRN": 1, "WADMPR": "Provinsi Sulawesi Selatan", "WADMKK": "Kabupaten Wajo", "REMARK": "Tidak Ada", "SBDATA": "Analisis Tim Penyusun, 2022", "SHAPE_Leng": 0.078773165225200004 }, "geometry": { "type": "LineString", "coordinates": [ [ 120.083427481935018, -3.909861639835906 ], [ 120.083930538494116, -3.911008806419705 ], [ 120.084765971708364, -3.912326253606073 ], [ 120.084918685306661, -3.911026730885118 ], [ 120.0852780114203, -3.910659279267515 ], [ 120.085565472311231, -3.910775788334441 ], [ 120.08785617628574, -3.913607849901487 ], [ 120.089122800836336, -3.912935684256799 ], [ 120.090784684111952, -3.911071542046976 ], [ 120.093317933213157, -3.910435223324059 ], [ 120.093767090855238, -3.910175318354619 ], [ 120.094863035501859, -3.908956452595326 ], [ 120.09556372142346, -3.908848905531495 ], [ 120.098689858612204, -3.909297018206456 ], [ 120.099372578228142, -3.909198433438511 ], [ 120.099965466315652, -3.907818245470334 ], [ 120.100181061983832, -3.907728622796465 ], [ 120.101070394115112, -3.907970603993937 ], [ 120.100172078830994, -3.907764471867162 ], [ 120.099992415774167, -3.907845132270627 ], [ 120.099390544533833, -3.909234282446377 ], [ 120.098689858612204, -3.909332867210106 ], [ 120.09556372142346, -3.908884754554304 ], [ 120.094881001807551, -3.908992301613539 ], [ 120.093785057160915, -3.910202205079333 ], [ 120.093335899518848, -3.910462110040437 ], [ 120.090802650417629, -3.911107390974736 ], [ 120.089140767142027, -3.912962570892943 ], [ 120.08785617628574, -3.913652660925286 ], [ 120.085547506005526, -3.910802675039894 ], [ 120.085107331516312, -3.910748901628126 ], [ 120.084954617918015, -3.911035693117682 ], [ 120.084739022249835, -3.912675780062915 ], [ 120.082690863402036, -3.913706434150681 ], [ 120.08242136881681, -3.914548880897736 ], [ 120.082340520441235, -3.915955944319111 ], [ 120.081352373628704, -3.916986594369014 ], [ 120.080606771942882, -3.918214410597599 ], [ 120.077866910326321, -3.920795507449428 ], [ 120.075944515618303, -3.921180878865211 ], [ 120.07550434112909, -3.922381802602709 ], [ 120.073716693713678, -3.92534825607858 ], [ 120.071219377223827, -3.926656718613227 ], [ 120.070213264105618, -3.927723203682536 ], [ 120.067886627519755, -3.927212366466444 ], [ 120.064904220776455, -3.927158594109718 ], [ 120.064499978898624, -3.927974141147838 ], [ 120.062406904286618, -3.930752372326998 ] ] } },
{ "type": "Feature", "properties": { "FID": 522, "OBJECTID": 1782, "NAMOBJ": "Jaringan Air Baku", "STSJRN": 1, "WADMPR": "Provinsi Sulawesi Selatan", "WADMKK": "Kabupaten Wajo", "REMARK": "Tidak Ada", "SBDATA": "Analisis Tim Penyusun, 2022", "SHAPE_Leng": 0.000269400694861 }, "geometry": { "type": "LineString", "coordinates": [ [ 120.083643077603213, -3.909772017380431 ], [ 120.083409515629342, -3.909834753100269 ] ] } },
{ "type": "Feature", "properties": { "FID": 523, "OBJECTID": 1783, "NAMOBJ": "Jaringan Drainase Tersier", "STSJRN": 1, "WADMPR": "Provinsi Sulawesi Selatan", "WADMKK": "Kabupaten Wajo", "REMARK": "Tidak Ada", "SBDATA": "Analisis Tim Penyusun, 2022", "SHAPE_Leng": 3.1595298461299998e-05 }, "geometry": { "type": "LineString", "coordinates": [ [ 120.083409515629342, -3.909834753100269 ], [ 120.083427481935018, -3.909861639835906 ] ] } },
{ "type": "Feature", "properties": { "FID": 524, "OBJECTID": 1784, "NAMOBJ": "Unit Distribusi", "STSJRN": 1, "WADMPR": "Provinsi Sulawesi Selatan", "WADMKK": "Kabupaten Wajo", "REMARK": "Tidak Ada", "SBDATA": "Analisis Tim Penyusun, 2022", "SHAPE_Leng": 9.1994169353700006e-06 }, "geometry": { "type": "LineString", "coordinates": [ [ 120.06239792113378, -3.930752372326998 ], [ 120.06239792113378, -3.930743410305813 ] ] } },
{ "type": "Feature", "properties": { "FID": 525, "OBJECTID": 1785, "NAMOBJ": "Jaringan Drainase Sekunder", "STSJRN": 1, "WADMPR": "Provinsi Sulawesi Selatan", "WADMKK": "Kabupaten Wajo", "REMARK": "Tidak Ada", "SBDATA": "Analisis Tim Penyusun, 2022", "SHAPE_Leng": 0.020587845905399998 }, "geometry": { "type": "LineString", "coordinates": [ [ 120.065901350741839, -3.950728477750556 ], [ 120.064580827274185, -3.945620232672311 ], [ 120.065110833291811, -3.94122890916142 ], [ 120.063035724985511, -3.932885330628713 ], [ 120.062784196705934, -3.931370751556035 ], [ 120.06239792113378, -3.930743410305813 ] ] } },
{ "type": "Feature", "properties": { "FID": 526, "OBJECTID": 1786, "NAMOBJ": "Jalur Evakuasi Bencana", "STSJRN": 1, "WADMPR": "Provinsi Sulawesi Selatan", "WADMKK": "Kabupaten Wajo", "REMARK": "ruas Jalan Ongkoe - Lonra", "SBDATA": "Analisis Tim Penyusun, 2022", "SHAPE_Leng": 9.1006066424599998e-06 }, "geometry": { "type": "LineString", "coordinates": [ [ 119.940658233829907, -3.954474504153438 ], [ 119.940649250677069, -3.954465542387983 ] ] } },
{ "type": "Feature", "properties": { "FID": 527, "OBJECTID": 1787, "NAMOBJ": "Jaringan Drainase Sekunder", "STSJRN": 1, "WADMPR": "Provinsi Sulawesi Selatan", "WADMKK": "Kabupaten Wajo", "REMARK": "Tidak Ada", "SBDATA": "Analisis Tim Penyusun, 2022", "SHAPE_Leng": 0.018206205782399999 }, "geometry": { "type": "LineString", "coordinates": [ [ 119.93905923262416, -3.936380502597154 ], [ 119.939292794598046, -3.938800228443142 ], [ 119.939490423960549, -3.944849512265588 ], [ 119.940586368607171, -3.952547722351663 ], [ 119.940757048511159, -3.954044339302267 ], [ 119.940658233829907, -3.954474504153438 ] ] } },
{ "type": "Feature", "properties": { "FID": 528, "OBJECTID": 1788, "NAMOBJ": "Unit Distribusi", "STSJRN": 1, "WADMPR": "Provinsi Sulawesi Selatan", "WADMKK": "Kabupaten Wajo", "REMARK": "Tidak Ada", "SBDATA": "Analisis Tim Penyusun, 2022", "SHAPE_Leng": 9.1006066424599998e-06 }, "geometry": { "type": "LineString", "coordinates": [ [ 119.940658233829907, -3.954483465918797 ], [ 119.940649250677069, -3.954474504153438 ] ] } },
{ "type": "Feature", "properties": { "FID": 529, "OBJECTID": 1789, "NAMOBJ": "Jaringan Drainase Sekunder", "STSJRN": 1, "WADMPR": "Provinsi Sulawesi Selatan", "WADMKK": "Kabupaten Wajo", "REMARK": "Tidak Ada", "SBDATA": "Analisis Tim Penyusun, 2022", "SHAPE_Leng": 9.1582995628200007e-06 }, "geometry": { "type": "LineString", "coordinates": [ [ 119.940658233829907, -3.954474504153438 ], [ 119.940658233829907, -3.954483465918797 ] ] } },
{ "type": "Feature", "properties": { "FID": 530, "OBJECTID": 1790, "NAMOBJ": "Unit Distribusi", "STSJRN": 1, "WADMPR": "Provinsi Sulawesi Selatan", "WADMKK": "Kabupaten Wajo", "REMARK": "Tidak Ada", "SBDATA": "Analisis Tim Penyusun, 2022", "SHAPE_Leng": 0.0182030385085 }, "geometry": { "type": "LineString", "coordinates": [ [ 119.939050249471308, -3.936380502597154 ], [ 119.939283811445208, -3.938800228443142 ], [ 119.939481440807711, -3.944849512265588 ], [ 119.940577385454333, -3.952547722351663 ], [ 119.940748065358306, -3.954044339302267 ], [ 119.940649250677069, -3.954465542387983 ] ] } },
{ "type": "Feature", "properties": { "FID": 531, "OBJECTID": 1791, "NAMOBJ": "Jalur Evakuasi Bencana", "STSJRN": 1, "WADMPR": "Provinsi Sulawesi Selatan", "WADMKK": "Kabupaten Wajo", "REMARK": "ruas Jalan Ongkoe - Lonra", "SBDATA": "Analisis Tim Penyusun, 2022", "SHAPE_Leng": 9.1006043314300008e-06 }, "geometry": { "type": "LineString", "coordinates": [ [ 119.940649250677069, -3.954465542387983 ], [ 119.940640267524216, -3.954465542387983 ] ] } },
{ "type": "Feature", "properties": { "FID": 532, "OBJECTID": 1792, "NAMOBJ": "Jalur Evakuasi Bencana", "STSJRN": 1, "WADMPR": "Provinsi Sulawesi Selatan", "WADMKK": "Kabupaten Wajo", "REMARK": "Tidak Ada", "SBDATA": "Analisis Tim Penyusun, 2022", "SHAPE_Leng": 2.2772518260199999e-05 }, "geometry": { "type": "LineString", "coordinates": [ [ 119.955687048533221, -3.958874719283773 ], [ 119.955678065380368, -3.958856795847974 ] ] } },
{ "type": "Feature", "properties": { "FID": 533, "OBJECTID": 1793, "NAMOBJ": "Jaringan Drainase Tersier", "STSJRN": 1, "WADMPR": "Provinsi Sulawesi Selatan", "WADMKK": "Kabupaten Wajo", "REMARK": "Tidak Ada", "SBDATA": "Analisis Tim Penyusun, 2022", "SHAPE_Leng": 0.0094271163353000006 }, "geometry": { "type": "LineString", "coordinates": [ [ 119.955678065380368, -3.958856795847974 ], [ 119.95704350461223, -3.961052413845388 ], [ 119.957241133974733, -3.962602785493553 ], [ 119.956630279581546, -3.964771508587826 ], [ 119.956666212192914, -3.966967110883393 ], [ 119.956261970315069, -3.967657156114261 ] ] } },
{ "type": "Feature", "properties": { "FID": 534, "OBJECTID": 1794, "NAMOBJ": "Jaringan Drainase Tersier", "STSJRN": 1, "WADMPR": "Provinsi Sulawesi Selatan", "WADMKK": "Kabupaten Wajo", "REMARK": "Tidak Ada", "SBDATA": "Analisis Tim Penyusun, 2022", "SHAPE_Leng": 0.0251212825699 }, "geometry": { "type": "LineString", "coordinates": [ [ 119.956217054550862, -3.967657156114261 ], [ 119.956630279581546, -3.966958149253227 ], [ 119.956594346970178, -3.964762546933853 ], [ 119.957205201363365, -3.962602785493553 ], [ 119.957007572000862, -3.961061375539563 ], [ 119.955678065380368, -3.958892642719186 ], [ 119.951069707972849, -3.958292207421643 ], [ 119.948356795814817, -3.957566307450708 ], [ 119.940658233829907, -3.95449242768406 ] ] } },
{ "type": "Feature", "properties": { "FID": 535, "OBJECTID": 1795, "NAMOBJ": "Jaringan Drainase Tersier", "STSJRN": 1, "WADMPR": "Provinsi Sulawesi Selatan", "WADMKK": "Kabupaten Wajo", "REMARK": "Tidak Ada", "SBDATA": "Analisis Tim Penyusun, 2022", "SHAPE_Leng": 0.015742955161100001 }, "geometry": { "type": "LineString", "coordinates": [ [ 119.940667216982746, -3.95445658062243 ], [ 119.948365778967656, -3.957530460522076 ], [ 119.951069707972849, -3.958256360524433 ], [ 119.955678065380368, -3.958856795847974 ] ] } },
{ "type": "Feature", "properties": { "FID": 536, "OBJECTID": 1796, "NAMOBJ": "Unit Distribusi", "STSJRN": 1, "WADMPR": "Provinsi Sulawesi Selatan", "WADMKK": "Kabupaten Wajo", "REMARK": "Tidak Ada", "SBDATA": "Analisis Tim Penyusun, 2022", "SHAPE_Leng": 0.000206550860419 }, "geometry": { "type": "LineString", "coordinates": [ [ 119.966251236274459, -3.959484115870109 ], [ 119.96645784878983, -3.959484115870109 ] ] } },
{ "type": "Feature", "properties": { "FID": 537, "OBJECTID": 1797, "NAMOBJ": "Jaringan Drainase Sekunder", "STSJRN": 1, "WADMPR": "Provinsi Sulawesi Selatan", "WADMKK": "Kabupaten Wajo", "REMARK": "Tidak Ada", "SBDATA": "Analisis Tim Penyusun, 2022", "SHAPE_Leng": 0.056009096384300003 }, "geometry": { "type": "LineString", "coordinates": [ [ 119.936400219383174, -3.997543625590427 ], [ 119.937235652597408, -3.997113483212522 ], [ 119.941897908921987, -3.988851121270652 ], [ 119.944700652608432, -3.984262875711944 ], [ 119.946012192923263, -3.981440016605571 ], [ 119.94762017728182, -3.978868069880915 ], [ 119.949542571989852, -3.974700961454301 ], [ 119.950997842750112, -3.972335109877575 ], [ 119.953288546724622, -3.97008575227687 ], [ 119.954923480541709, -3.968902820720834 ], [ 119.956235020856539, -3.96768404098172 ], [ 119.957681308463961, -3.968051467415963 ], [ 119.958229280787265, -3.96834720076871 ], [ 119.960142692342458, -3.970184329830035 ], [ 119.96158897994988, -3.970533831969136 ], [ 119.962756789819238, -3.967235959743174 ], [ 119.964319858413617, -3.967235959743174 ], [ 119.964786982361346, -3.967074650437804 ], [ 119.964867830736921, -3.966106793944234 ], [ 119.965721230256833, -3.963023984225502 ], [ 119.966251236274459, -3.959484115870109 ] ] } },
{ "type": "Feature", "properties": { "FID": 538, "OBJECTID": 1798, "NAMOBJ": "Jalur Evakuasi Bencana", "STSJRN": 1, "WADMPR": "Provinsi Sulawesi Selatan", "WADMKK": "Kabupaten Wajo", "REMARK": "Tidak Ada", "SBDATA": "Analisis Tim Penyusun, 2022", "SHAPE_Leng": 1.8063708122000002e-05 }, "geometry": { "type": "LineString", "coordinates": [ [ 119.965882927007968, -3.958516250494038 ], [ 119.965891910160821, -3.958507288772307 ] ] } },
{ "type": "Feature", "properties": { "FID": 539, "OBJECTID": 1799, "NAMOBJ": "Jaringan Drainase Sekunder", "STSJRN": 1, "WADMPR": "Provinsi Sulawesi Selatan", "WADMKK": "Kabupaten Wajo", "REMARK": "Tidak Ada", "SBDATA": "Analisis Tim Penyusun, 2022", "SHAPE_Leng": 0.056258014109 }, "geometry": { "type": "LineString", "coordinates": [ [ 119.965882927007968, -3.958516250494038 ], [ 119.964553420387475, -3.956679095511089 ], [ 119.964391723636339, -3.956069696860637 ], [ 119.965640381881272, -3.955944232376958 ], [ 119.96746396190801, -3.956132429095351 ], [ 119.972934701988308, -3.957028603358325 ], [ 119.975378119561114, -3.957700733419257 ], [ 119.978800700793599, -3.95787100628143 ], [ 119.981001573239695, -3.957485651859105 ], [ 119.985924340996689, -3.959313843339676 ], [ 119.986310616568858, -3.959242149632173 ], [ 119.987056218254679, -3.958534173937212 ], [ 119.988215044971199, -3.95787100628143 ], [ 119.988763017294488, -3.957781388989913 ], [ 119.990541681557062, -3.957915814923549 ], [ 119.991610676745168, -3.957351225855645 ], [ 119.991943053400277, -3.957046526833695 ], [ 119.993110863269635, -3.954008492221261 ], [ 119.99451223511285, -3.945190063231144 ], [ 119.998527704432888, -3.939821888354671 ], [ 120.000773492643177, -3.934767348126315 ] ] } },
{ "type": "Feature", "properties": { "FID": 540, "OBJECTID": 1800, "NAMOBJ": "Unit Distribusi", "STSJRN": 1, "WADMPR": "Provinsi Sulawesi Selatan", "WADMKK": "Kabupaten Wajo", "REMARK": "Tidak Ada", "SBDATA": "Analisis Tim Penyusun, 2022", "SHAPE_Leng": 1.0073552406100001e-05 }, "geometry": { "type": "LineString", "coordinates": [ [ 119.956235020856539, -3.967675079359331 ], [ 119.956235020856539, -3.967666117736845 ] ] } },
{ "type": "Feature", "properties": { "FID": 541, "OBJECTID": 1801, "NAMOBJ": "Jalur Evakuasi Bencana", "STSJRN": 1, "WADMPR": "Provinsi Sulawesi Selatan", "WADMKK": "Kabupaten Wajo", "REMARK": "ruas Jalan Anabanua – Malake – Batas Kab. Sidrap", "SBDATA": "Analisis Tim Penyusun, 2022", "SHAPE_Leng": 0.0222768195393 }, "geometry": { "type": "LineString", "coordinates": [ [ 119.934361043688213, -3.998090264536718 ], [ 119.936876326483741, -3.997373360926156 ], [ 119.937217686291731, -3.997095560608546 ], [ 119.94187994261631, -3.988842159878506 ], [ 119.944682686302741, -3.984253914269789 ], [ 119.945994226617586, -3.981431055132674 ], [ 119.946658979927818, -3.980382562130239 ] ] } },
{ "type": "Feature", "properties": { "FID": 542, "OBJECTID": 1802, "NAMOBJ": "Jalur Evakuasi Bencana", "STSJRN": 1, "WADMPR": "Provinsi Sulawesi Selatan", "WADMKK": "Kabupaten Wajo", "REMARK": "ruas Jalan Ongkoe - Lonra", "SBDATA": "Analisis Tim Penyusun, 2022", "SHAPE_Leng": 1.9143234024100001e-05 }, "geometry": { "type": "LineString", "coordinates": [ [ 119.956235020856539, -3.967666117736845 ], [ 119.956244004009378, -3.967648194491581 ] ] } },
{ "type": "Feature", "properties": { "FID": 543, "OBJECTID": 1803, "NAMOBJ": "Jaringan Drainase Sekunder", "STSJRN": 1, "WADMPR": "Provinsi Sulawesi Selatan", "WADMKK": "Kabupaten Wajo", "REMARK": "Tidak Ada", "SBDATA": "Analisis Tim Penyusun, 2022", "SHAPE_Leng": 0.020617861400699999 }, "geometry": { "type": "LineString", "coordinates": [ [ 119.956244004009378, -3.967648194491581 ], [ 119.957690291616814, -3.968024582560464 ], [ 119.958247247092956, -3.968320315922835 ], [ 119.960160658648135, -3.970157445043975 ], [ 119.961571013644189, -3.970497985602706 ], [ 119.962729840360709, -3.967200113233592 ], [ 119.964319858413617, -3.967200113233592 ], [ 119.964751049749978, -3.967065688808804 ], [ 119.964831898125553, -3.966097832304738 ], [ 119.965685297645479, -3.963015022552587 ], [ 119.966215303663091, -3.959573732977321 ], [ 119.966197337357414, -3.95914357077422 ], [ 119.965882927007968, -3.958516250494038 ] ] } },
{ "type": "Feature", "properties": { "FID": 544, "OBJECTID": 1804, "NAMOBJ": "Unit Distribusi", "STSJRN": 1, "WADMPR": "Provinsi Sulawesi Selatan", "WADMKK": "Kabupaten Wajo", "REMARK": "Tidak Ada", "SBDATA": "Analisis Tim Penyusun, 2022", "SHAPE_Leng": 2.07805928707e-05 }, "geometry": { "type": "LineString", "coordinates": [ [ 119.956235020856539, -3.967666117736845 ], [ 119.956235020856539, -3.967648194491581 ] ] } },
{ "type": "Feature", "properties": { "FID": 545, "OBJECTID": 1805, "NAMOBJ": "Jaringan Drainase Sekunder", "STSJRN": 1, "WADMPR": "Provinsi Sulawesi Selatan", "WADMKK": "Kabupaten Wajo", "REMARK": "Tidak Ada", "SBDATA": "Analisis Tim Penyusun, 2022", "SHAPE_Leng": 9.5490491350800002e-06 }, "geometry": { "type": "LineString", "coordinates": [ [ 119.956235020856539, -3.967648194491581 ], [ 119.956244004009378, -3.967648194491581 ] ] } },
{ "type": "Feature", "properties": { "FID": 546, "OBJECTID": 1806, "NAMOBJ": "Unit Distribusi", "STSJRN": 1, "WADMPR": "Provinsi Sulawesi Selatan", "WADMKK": "Kabupaten Wajo", "REMARK": "Tidak Ada", "SBDATA": "Analisis Tim Penyusun, 2022", "SHAPE_Leng": 1.8132897275800001e-05 }, "geometry": { "type": "LineString", "coordinates": [ [ 119.946641013622127, -3.980373600645832 ], [ 119.946658979927818, -3.980382562130239 ] ] } },
{ "type": "Feature", "properties": { "FID": 547, "OBJECTID": 1807, "NAMOBJ": "Jaringan Drainase Sekunder", "STSJRN": 1, "WADMPR": "Provinsi Sulawesi Selatan", "WADMKK": "Kabupaten Wajo", "REMARK": "Tidak Ada", "SBDATA": "Analisis Tim Penyusun, 2022", "SHAPE_Leng": 0.016224608028 }, "geometry": { "type": "LineString", "coordinates": [ [ 119.946641013622127, -3.980373600645832 ], [ 119.947593227823305, -3.978850146879043 ], [ 119.949506639378484, -3.974683038361807 ], [ 119.950647499789312, -3.972720457377283 ], [ 119.953261597266092, -3.970058867487599 ], [ 119.954905514236032, -3.968875935893048 ], [ 119.956235020856539, -3.967648194491581 ] ] } },
{ "type": "Feature", "properties": { "FID": 548, "OBJECTID": 1808, "NAMOBJ": "Jalur Evakuasi Bencana", "STSJRN": 1, "WADMPR": "Provinsi Sulawesi Selatan", "WADMKK": "Kabupaten Wajo", "REMARK": "ruas Jalan Anabanua – Malake – Batas Kab. Sidrap", "SBDATA": "Analisis Tim Penyusun, 2022", "SHAPE_Leng": 0.016200245687899999 }, "geometry": { "type": "LineString", "coordinates": [ [ 119.946658979927818, -3.980382562130239 ], [ 119.947602210976143, -3.978859108380028 ], [ 119.949524605684161, -3.974691999908102 ], [ 119.950665466095003, -3.972729418944903 ], [ 119.953279563571783, -3.970076790680543 ], [ 119.95491449738887, -3.968884897502407 ], [ 119.956235020856539, -3.967666117736845 ] ] } },
{ "type": "Feature", "properties": { "FID": 549, "OBJECTID": 1809, "NAMOBJ": "Unit Distribusi", "STSJRN": 1, "WADMPR": "Provinsi Sulawesi Selatan", "WADMKK": "Kabupaten Wajo", "REMARK": "Tidak Ada", "SBDATA": "Analisis Tim Penyusun, 2022", "SHAPE_Leng": 9.0664446700699994e-06 }, "geometry": { "type": "LineString", "coordinates": [ [ 119.946658979927818, -3.980382562130239 ], [ 119.946667963080657, -3.980382562130239 ] ] } },
{ "type": "Feature", "properties": { "FID": 550, "OBJECTID": 1810, "NAMOBJ": "Unit Distribusi", "STSJRN": 1, "WADMPR": "Provinsi Sulawesi Selatan", "WADMKK": "Kabupaten Wajo", "REMARK": "Tidak Ada", "SBDATA": "Analisis Tim Penyusun, 2022", "SHAPE_Leng": 9.0370312701799998e-06 }, "geometry": { "type": "LineString", "coordinates": [ [ 119.939472457654873, -3.979405759755746 ], [ 119.939481440807711, -3.979405759755746 ] ] } },
{ "type": "Feature", "properties": { "FID": 551, "OBJECTID": 1811, "NAMOBJ": "Jaringan Drainase Sekunder", "STSJRN": 1, "WADMPR": "Provinsi Sulawesi Selatan", "WADMKK": "Kabupaten Wajo", "REMARK": "Tidak Ada", "SBDATA": "Analisis Tim Penyusun, 2022", "SHAPE_Leng": 0.025904688082499999 }, "geometry": { "type": "LineString", "coordinates": [ [ 119.940658233829907, -3.954483465918797 ], [ 119.938044136353128, -3.96338245106245 ], [ 119.937145821068995, -3.967531693387884 ], [ 119.936750562343974, -3.971161143129685 ], [ 119.936912259095138, -3.972191724715462 ], [ 119.937361416737176, -3.973571805866432 ], [ 119.939481440807711, -3.979405759755746 ] ] } },
{ "type": "Feature", "properties": { "FID": 552, "OBJECTID": 1812, "NAMOBJ": "Unit Distribusi", "STSJRN": 1, "WADMPR": "Provinsi Sulawesi Selatan", "WADMKK": "Kabupaten Wajo", "REMARK": "Tidak Ada", "SBDATA": "Analisis Tim Penyusun, 2022", "SHAPE_Leng": 1.1823592696e-05 }, "geometry": { "type": "LineString", "coordinates": [ [ 119.936400219383174, -3.997543625590427 ], [ 119.936400219383174, -3.997534664293188 ] ] } },
{ "type": "Feature", "properties": { "FID": 553, "OBJECTID": 1813, "NAMOBJ": "Jaringan Drainase Sekunder", "STSJRN": 1, "WADMPR": "Provinsi Sulawesi Selatan", "WADMKK": "Kabupaten Wajo", "REMARK": "Tidak Ada", "SBDATA": "Analisis Tim Penyusun, 2022", "SHAPE_Leng": 0.0021261591572800001 }, "geometry": { "type": "LineString", "coordinates": [ [ 119.934352060535375, -3.998117148409919 ], [ 119.936400219383174, -3.997543625590427 ] ] } },
{ "type": "Feature", "properties": { "FID": 554, "OBJECTID": 1814, "NAMOBJ": "Jaringan Drainase Sekunder", "STSJRN": 1, "WADMPR": "Provinsi Sulawesi Selatan", "WADMKK": "Kabupaten Wajo", "REMARK": "Tidak Ada", "SBDATA": "Analisis Tim Penyusun, 2022", "SHAPE_Leng": 0.0196699070535 }, "geometry": { "type": "LineString", "coordinates": [ [ 119.939481440807711, -3.979405759755746 ], [ 119.939715002781568, -3.980875443622479 ], [ 119.93970601962873, -3.982255510230892 ], [ 119.936876326483741, -3.98960387786187 ], [ 119.93551088725188, -3.995832016040957 ], [ 119.934361043688213, -3.998090264536718 ] ] } },
{ "type": "Feature", "properties": { "FID": 555, "OBJECTID": 1815, "NAMOBJ": "Jalur Evakuasi Bencana", "STSJRN": 1, "WADMPR": "Provinsi Sulawesi Selatan", "WADMKK": "Kabupaten Wajo", "REMARK": "ruas Jalan Anabanua – Malake – Batas Kab. Sidrap", "SBDATA": "Analisis Tim Penyusun, 2022", "SHAPE_Leng": 1.3144391256099999e-05 }, "geometry": { "type": "LineString", "coordinates": [ [ 119.934352060535375, -3.998099225827882 ], [ 119.934361043688213, -3.998090264536718 ] ] } },
{ "type": "Feature", "properties": { "FID": 556, "OBJECTID": 1816, "NAMOBJ": "Unit Distribusi", "STSJRN": 1, "WADMPR": "Provinsi Sulawesi Selatan", "WADMKK": "Kabupaten Wajo", "REMARK": "Tidak Ada", "SBDATA": "Analisis Tim Penyusun, 2022", "SHAPE_Leng": 1.3138995261400001e-05 }, "geometry": { "type": "LineString", "coordinates": [ [ 119.934343077382536, -3.998108187118949 ], [ 119.934361043688213, -3.998108187118949 ] ] } },
{ "type": "Feature", "properties": { "FID": 557, "OBJECTID": 1817, "NAMOBJ": "Jaringan Drainase Sekunder", "STSJRN": 1, "WADMPR": "Provinsi Sulawesi Selatan", "WADMKK": "Kabupaten Wajo", "REMARK": "Tidak Ada", "SBDATA": "Analisis Tim Penyusun, 2022", "SHAPE_Leng": 1.31812624922e-05 }, "geometry": { "type": "LineString", "coordinates": [ [ 119.934361043688213, -3.998090264536718 ], [ 119.934361043688213, -3.998108187118949 ] ] } },
{ "type": "Feature", "properties": { "FID": 558, "OBJECTID": 1818, "NAMOBJ": "Unit Distribusi", "STSJRN": 1, "WADMPR": "Provinsi Sulawesi Selatan", "WADMKK": "Kabupaten Wajo", "REMARK": "Tidak Ada", "SBDATA": "Analisis Tim Penyusun, 2022", "SHAPE_Leng": 0.04559167599 }, "geometry": { "type": "LineString", "coordinates": [ [ 119.940649250677069, -3.954465542387983 ], [ 119.938035153200289, -3.963373489393421 ], [ 119.937136837916157, -3.967531693387884 ], [ 119.936741579191121, -3.971161143129685 ], [ 119.936903275942285, -3.972200686288825 ], [ 119.937352433584337, -3.973571805866432 ], [ 119.939283811445208, -3.978635070826156 ], [ 119.93970601962873, -3.980875443622479 ], [ 119.939697036475891, -3.982255510230892 ], [ 119.936867343330903, -3.989594916477937 ], [ 119.935501904099041, -3.995823054725015 ], [ 119.934352060535375, -3.998099225827882 ] ] } },
{ "type": "Feature", "properties": { "FID": 559, "OBJECTID": 1819, "NAMOBJ": "Jalur Evakuasi Bencana", "STSJRN": 1, "WADMPR": "Provinsi Sulawesi Selatan", "WADMKK": "Kabupaten Wajo", "REMARK": "ruas Jalan Anabanua – Malake – Batas Kab. Sidrap", "SBDATA": "Analisis Tim Penyusun, 2022", "SHAPE_Leng": 1.31390109355e-05 }, "geometry": { "type": "LineString", "coordinates": [ [ 119.934343077382536, -3.998099225827882 ], [ 119.934352060535375, -3.998099225827882 ] ] } },
{ "type": "Feature", "properties": { "FID": 560, "OBJECTID": 1820, "NAMOBJ": "Jaringan Drainase Tersier", "STSJRN": 1, "WADMPR": "Provinsi Sulawesi Selatan", "WADMKK": "Kabupaten Wajo", "REMARK": "Tidak Ada", "SBDATA": "Analisis Tim Penyusun, 2022", "SHAPE_Leng": 0.076499917355100006 }, "geometry": { "type": "LineString", "coordinates": [ [ 119.940882812650926, -4.017195514414573 ], [ 119.941583498572555, -4.017303047389863 ], [ 119.943047752485654, -4.017114864673804 ], [ 119.945149810250498, -4.018064738892371 ], [ 119.945104894486292, -4.019113183679501 ], [ 119.945509136364137, -4.019955522959288 ], [ 119.945581001586874, -4.020986043234939 ], [ 119.946434401106785, -4.021926951913956 ], [ 119.947467463683523, -4.022688639096499 ], [ 119.948123233840917, -4.023799805003264 ], [ 119.947817806644323, -4.02463317843857 ], [ 119.949309010015952, -4.026102781128047 ], [ 119.950934960680229, -4.029606518298754 ], [ 119.952381248287651, -4.030914815265324 ], [ 119.955794846367311, -4.032563624882282 ], [ 119.956378751301997, -4.033083357655181 ], [ 119.957923853590671, -4.035251894258153 ], [ 119.959046747695822, -4.035771625311249 ], [ 119.958992848778777, -4.036013568963883 ], [ 119.95975641677029, -4.036407847354458 ], [ 119.959684551547554, -4.036587064741429 ], [ 119.959936079827102, -4.036730438622523 ], [ 119.9596486189362, -4.036604986477951 ], [ 119.959720484158922, -4.036425769094935 ], [ 119.958956916167409, -4.036031490713063 ], [ 119.959010815084454, -4.035798507942879 ], [ 119.957896904132156, -4.035278776906988 ], [ 119.956351801843482, -4.033110240375772 ], [ 119.95577688006162, -4.032599468532462 ], [ 119.952363281981974, -4.030950658988207 ], [ 119.950908011221699, -4.029624440189226 ], [ 119.949282060557437, -4.026129664079366 ], [ 119.947790857185808, -4.024651100438565 ], [ 119.948087301229563, -4.023808766012481 ], [ 119.947440514225008, -4.02271552216052 ], [ 119.94640745164827, -4.021953835003108 ], [ 119.945545068975505, -4.021003965315163 ], [ 119.945473203752783, -4.019973445062169 ], [ 119.945068961874938, -4.019113183679501 ], [ 119.945113877639145, -4.018091622108876 ], [ 119.943038769332816, -4.017150709004018 ], [ 119.941583498572555, -4.01733889171181 ], [ 119.940864846345249, -4.017222397659723 ], [ 119.940361789786152, -4.016675771500874 ], [ 119.939786868004305, -4.016326289010681 ], [ 119.939652120711685, -4.015842389931016 ], [ 119.938753805427567, -4.01499108529821 ], [ 119.937729726003667, -4.013028600710024 ], [ 119.936669713968399, -4.012329632457408 ], [ 119.935654617697338, -4.012015992662465 ], [ 119.935169527443932, -4.011666508177681 ], [ 119.934944948622899, -4.010304413374407 ], [ 119.932977638150675, -4.009255957275601 ], [ 119.930156928158553, -4.008386723421974 ], [ 119.929402343319879, -4.007822168980803 ] ] } },
{ "type": "Feature", "properties": { "FID": 561, "OBJECTID": 1821, "NAMOBJ": "Jaringan Drainase Tersier", "STSJRN": 1, "WADMPR": "Provinsi Sulawesi Selatan", "WADMKK": "Kabupaten Wajo", "REMARK": "Tidak Ada", "SBDATA": "Analisis Tim Penyusun, 2022", "SHAPE_Leng": 0.015841982530499999 }, "geometry": { "type": "LineString", "coordinates": [ [ 119.929411326472717, -4.007786324241219 ], [ 119.930165911311391, -4.008350878707139 ], [ 119.932995604456352, -4.009220112598876 ], [ 119.934971898081429, -4.010286491059231 ], [ 119.935196476902448, -4.01164858589238 ], [ 119.935663600850177, -4.011980148106804 ], [ 119.936687680274076, -4.012302749051131 ], [ 119.937756675462182, -4.013001717326753 ], [ 119.938789738038921, -4.014973163085872 ], [ 119.939679070170214, -4.015824467737371 ], [ 119.93981381746282, -4.016299405736005 ], [ 119.940388739244668, -4.016648888237711 ], [ 119.940882812650926, -4.017195514414573 ] ] } },
{ "type": "Feature", "properties": { "FID": 562, "OBJECTID": 1822, "NAMOBJ": "Unit Distribusi", "STSJRN": 1, "WADMPR": "Provinsi Sulawesi Selatan", "WADMKK": "Kabupaten Wajo", "REMARK": "Tidak Ada", "SBDATA": "Analisis Tim Penyusun, 2022", "SHAPE_Leng": 9.3366497314199994e-06 }, "geometry": { "type": "LineString", "coordinates": [ [ 119.93130677172222, -4.003135455958264 ], [ 119.931315754875072, -4.003144417194243 ] ] } },
{ "type": "Feature", "properties": { "FID": 563, "OBJECTID": 1823, "NAMOBJ": "Jaringan Drainase Sekunder", "STSJRN": 1, "WADMPR": "Provinsi Sulawesi Selatan", "WADMKK": "Kabupaten Wajo", "REMARK": "Tidak Ada", "SBDATA": "Analisis Tim Penyusun, 2022", "SHAPE_Leng": 0.0058850737955699998 }, "geometry": { "type": "LineString", "coordinates": [ [ 119.934361043688213, -3.998108187118949 ], [ 119.931315754875072, -4.003144417194243 ] ] } },
{ "type": "Feature", "properties": { "FID": 564, "OBJECTID": 1824, "NAMOBJ": "Unit Distribusi", "STSJRN": 1, "WADMPR": "Provinsi Sulawesi Selatan", "WADMKK": "Kabupaten Wajo", "REMARK": "Tidak Ada", "SBDATA": "Analisis Tim Penyusun, 2022", "SHAPE_Leng": 1.8465669286000001e-05 }, "geometry": { "type": "LineString", "coordinates": [ [ 119.931055243442657, -4.003520789016746 ], [ 119.931073209748334, -4.003520789016746 ] ] } },
{ "type": "Feature", "properties": { "FID": 565, "OBJECTID": 1825, "NAMOBJ": "Jaringan Drainase Sekunder", "STSJRN": 1, "WADMPR": "Provinsi Sulawesi Selatan", "WADMKK": "Kabupaten Wajo", "REMARK": "Tidak Ada", "SBDATA": "Analisis Tim Penyusun, 2022", "SHAPE_Leng": 0.0701224393339 }, "geometry": { "type": "LineString", "coordinates": [ [ 119.939023300012792, -3.936380502597154 ], [ 119.939256861986678, -3.938800228443142 ], [ 119.939454491349181, -3.944849512265588 ], [ 119.940721115899791, -3.954044339302267 ], [ 119.938008203741731, -3.963373489393421 ], [ 119.937109888457641, -3.967522731763842 ], [ 119.936714629732606, -3.971161143129685 ], [ 119.936876326483741, -3.972209647862089 ], [ 119.937325484125822, -3.973580767424803 ], [ 119.939256861986678, -3.97864403232948 ], [ 119.939679070170214, -3.980875443622479 ], [ 119.939670087017362, -3.982246548766872 ], [ 119.936849377025226, -3.989585955093903 ], [ 119.935483937793364, -3.995814093408975 ], [ 119.934657487731997, -3.997543625590427 ], [ 119.931055243442657, -4.003520789016746 ] ] } },
{ "type": "Feature", "properties": { "FID": 566, "OBJECTID": 1826, "NAMOBJ": "Jalur Evakuasi Bencana", "STSJRN": 1, "WADMPR": "Provinsi Sulawesi Selatan", "WADMKK": "Kabupaten Wajo", "REMARK": "ruas Jalan Batas Kab. Wajo – Bilokka", "SBDATA": "Analisis Tim Penyusun, 2022", "SHAPE_Leng": 0.070127251002200006 }, "geometry": { "type": "LineString", "coordinates": [ [ 119.939041266318469, -3.936380502597154 ], [ 119.939274828292369, -3.938800228443142 ], [ 119.939472457654873, -3.944849512265588 ], [ 119.940739082205468, -3.954044339302267 ], [ 119.938026170047436, -3.963373489393421 ], [ 119.937127854763318, -3.967531693387884 ], [ 119.936732596038283, -3.971161143129685 ], [ 119.936894292789447, -3.972200686288825 ], [ 119.937343450431499, -3.973580767424803 ], [ 119.939274828292369, -3.978635070826156 ], [ 119.939697036475891, -3.980875443622479 ], [ 119.939688053323053, -3.982246548766872 ], [ 119.936858360178064, -3.989594916477937 ], [ 119.935492920946203, -3.995823054725015 ], [ 119.934675454037674, -3.997552586887568 ], [ 119.931073209748334, -4.003520789016746 ] ] } },
{ "type": "Feature", "properties": { "FID": 567, "OBJECTID": 1827, "NAMOBJ": "Unit Distribusi", "STSJRN": 1, "WADMPR": "Provinsi Sulawesi Selatan", "WADMKK": "Kabupaten Wajo", "REMARK": "Tidak Ada", "SBDATA": "Analisis Tim Penyusun, 2022", "SHAPE_Leng": 9.2328264422900003e-06 }, "geometry": { "type": "LineString", "coordinates": [ [ 119.931073209748334, -4.003520789016746 ], [ 119.931082192901172, -4.003520789016746 ] ] } },
{ "type": "Feature", "properties": { "FID": 568, "OBJECTID": 1828, "NAMOBJ": "Jaringan Drainase Sekunder", "STSJRN": 1, "WADMPR": "Provinsi Sulawesi Selatan", "WADMKK": "Kabupaten Wajo", "REMARK": "Tidak Ada", "SBDATA": "Analisis Tim Penyusun, 2022", "SHAPE_Leng": 0.036805635281599997 }, "geometry": { "type": "LineString", "coordinates": [ [ 119.966251236274459, -3.959484115870109 ], [ 119.966188354204562, -3.959000183323514 ], [ 119.965496651435814, -3.957790350719502 ], [ 119.964589352998843, -3.956661172027769 ], [ 119.96440968994203, -3.956105543852483 ], [ 119.965640381881272, -3.955980079374234 ], [ 119.967454978755171, -3.956168276084485 ], [ 119.972925718835469, -3.957055488571235 ], [ 119.975369136408261, -3.957736580340518 ], [ 119.978800700793599, -3.957906853195321 ], [ 119.980992590086856, -3.957521498789677 ], [ 119.985448233896093, -3.959269034773214 ], [ 119.986166886123399, -3.959349690191099 ], [ 119.987083167713209, -3.958561059101243 ], [ 119.988233011276876, -3.957906853195321 ], [ 119.988763017294488, -3.957817235907684 ], [ 119.9905506647099, -3.957960623563247 ], [ 119.991835255566187, -3.957234723301666 ], [ 119.992859334990086, -3.954815051168949 ], [ 119.993245610562255, -3.953336359165351 ] ] } },
{ "type": "Feature", "properties": { "FID": 569, "OBJECTID": 1829, "NAMOBJ": "Jaringan Drainase Tersier", "STSJRN": 1, "WADMPR": "Provinsi Sulawesi Selatan", "WADMKK": "Kabupaten Wajo", "REMARK": "Tidak Ada", "SBDATA": "Analisis Tim Penyusun, 2022", "SHAPE_Leng": 0.041039070741899997 }, "geometry": { "type": "LineString", "coordinates": [ [ 120.025028005314397, -3.951194491526055 ], [ 120.024345285698487, -3.954465542387983 ], [ 120.023213408440498, -3.954411771793214 ], [ 120.023078661147849, -3.954877783498648 ], [ 120.021380845260879, -3.954644777678685 ], [ 120.02115626643986, -3.9547343953095 ], [ 120.020635243575057, -3.95614139084278 ], [ 120.019988456570502, -3.955998002872289 ], [ 120.019018276063647, -3.958740293505812 ], [ 120.017266561259603, -3.958220513625672 ], [ 120.016377229128338, -3.960174167345362 ], [ 120.013673300123131, -3.959036030188518 ], [ 120.013799064262898, -3.958408709826854 ], [ 120.010017156916774, -3.9576917716887 ], [ 120.002507241141515, -3.954868821737555 ], [ 120.002138931875038, -3.954420733559251 ], [ 120.000566880127835, -3.954160842304836 ], [ 119.996937686379979, -3.954026415761958 ], [ 119.995338685174261, -3.953569365353112 ], [ 119.993245610562255, -3.953336359165351 ] ] } },
{ "type": "Feature", "properties": { "FID": 570, "OBJECTID": 1830, "NAMOBJ": "Jaringan Drainase Sekunder", "STSJRN": 1, "WADMPR": "Provinsi Sulawesi Selatan", "WADMKK": "Kabupaten Wajo", "REMARK": "Tidak Ada", "SBDATA": "Analisis Tim Penyusun, 2022", "SHAPE_Leng": 3.6379207852599998e-05 }, "geometry": { "type": "LineString", "coordinates": [ [ 119.993245610562255, -3.953336359165351 ], [ 119.993254593715093, -3.95330051205373 ] ] } },
{ "type": "Feature", "properties": { "FID": 571, "OBJECTID": 1831, "NAMOBJ": "Jaringan Drainase Sekunder", "STSJRN": 1, "WADMPR": "Provinsi Sulawesi Selatan", "WADMKK": "Kabupaten Wajo", "REMARK": "Tidak Ada", "SBDATA": "Analisis Tim Penyusun, 2022", "SHAPE_Leng": 0.039335801720099997 }, "geometry": { "type": "LineString", "coordinates": [ [ 120.027543288109925, -3.941336452055101 ], [ 120.030831122049804, -3.942089251921435 ], [ 120.032385207491359, -3.942734508407232 ], [ 120.038727313397217, -3.943594849609189 ], [ 120.047827247225356, -3.945288643747752 ], [ 120.053405785139731, -3.946435761626359 ], [ 120.061948763491728, -3.948470099592478 ], [ 120.062110460242863, -3.947815885724193 ], [ 120.065344395265697, -3.94905261835633 ] ] } },
{ "type": "Feature", "properties": { "FID": 572, "OBJECTID": 1832, "NAMOBJ": "Jaringan Drainase Tersier", "STSJRN": 1, "WADMPR": "Provinsi Sulawesi Selatan", "WADMKK": "Kabupaten Wajo", "REMARK": "Tidak Ada", "SBDATA": "Analisis Tim Penyusun, 2022", "SHAPE_Leng": 0.0102611326517 }, "geometry": { "type": "LineString", "coordinates": [ [ 120.027543288109925, -3.941336452055101 ], [ 120.02724684406617, -3.942913746231071 ], [ 120.026438360310465, -3.945100444569532 ], [ 120.025620893401936, -3.950083227475412 ], [ 120.025028005314397, -3.951194491526055 ] ] } },
{ "type": "Feature", "properties": { "FID": 573, "OBJECTID": 1833, "NAMOBJ": "Jaringan Drainase Sekunder", "STSJRN": 1, "WADMPR": "Provinsi Sulawesi Selatan", "WADMKK": "Kabupaten Wajo", "REMARK": "Tidak Ada", "SBDATA": "Analisis Tim Penyusun, 2022", "SHAPE_Leng": 3.6026716640699999e-05 }, "geometry": { "type": "LineString", "coordinates": [ [ 120.027507355498571, -3.941327490147825 ], [ 120.027543288109925, -3.941336452055101 ] ] } },
{ "type": "Feature", "properties": { "FID": 574, "OBJECTID": 1834, "NAMOBJ": "Unit Distribusi", "STSJRN": 1, "WADMPR": "Provinsi Sulawesi Selatan", "WADMKK": "Kabupaten Wajo", "REMARK": "Tidak Ada", "SBDATA": "Analisis Tim Penyusun, 2022", "SHAPE_Leng": 0.056303713108699999 }, "geometry": { "type": "LineString", "coordinates": [ [ 120.065892367589001, -3.950728477750556 ], [ 120.064571844121346, -3.945620232672311 ], [ 120.065101850138959, -3.94122890916142 ], [ 120.062694365177521, -3.931137739146767 ], [ 120.060466543272909, -3.928601484480931 ], [ 120.048042842893537, -3.910309751969564 ], [ 120.041853450585961, -3.905954091882194 ], [ 120.039185454192136, -3.904296067182328 ] ] } },
{ "type": "Feature", "properties": { "FID": 575, "OBJECTID": 1835, "NAMOBJ": "Jaringan Drainase Sekunder", "STSJRN": 1, "WADMPR": "Provinsi Sulawesi Selatan", "WADMKK": "Kabupaten Wajo", "REMARK": "Tidak Ada", "SBDATA": "Analisis Tim Penyusun, 2022", "SHAPE_Leng": 1.8083017279100002e-05 }, "geometry": { "type": "LineString", "coordinates": [ [ 120.065883384436162, -3.950728477750556 ], [ 120.065865418130471, -3.950728477750556 ] ] } },
{ "type": "Feature", "properties": { "FID": 576, "OBJECTID": 1836, "NAMOBJ": "Jalur Evakuasi Bencana", "STSJRN": 1, "WADMPR": "Provinsi Sulawesi Selatan", "WADMKK": "Kabupaten Wajo", "REMARK": "ruas Jalan Kalola (Bts. Kab. Pangkajene S) – Anabanua", "SBDATA": "Analisis Tim Penyusun, 2022", "SHAPE_Leng": 1.8181453813799999e-05 }, "geometry": { "type": "LineString", "coordinates": [ [ 120.065892367589001, -3.950746401362147 ], [ 120.065883384436162, -3.950728477750556 ] ] } },
{ "type": "Feature", "properties": { "FID": 577, "OBJECTID": 1837, "NAMOBJ": "Jaringan Drainase Sekunder", "STSJRN": 1, "WADMPR": "Provinsi Sulawesi Selatan", "WADMKK": "Kabupaten Wajo", "REMARK": "Tidak Ada", "SBDATA": "Analisis Tim Penyusun, 2022", "SHAPE_Leng": 9.0568145482000007e-06 }, "geometry": { "type": "LineString", "coordinates": [ [ 120.065892367589001, -3.950728477750556 ], [ 120.065883384436162, -3.950728477750556 ] ] } },
{ "type": "Feature", "properties": { "FID": 578, "OBJECTID": 1838, "NAMOBJ": "Unit Distribusi", "STSJRN": 1, "WADMPR": "Provinsi Sulawesi Selatan", "WADMKK": "Kabupaten Wajo", "REMARK": "Tidak Ada", "SBDATA": "Analisis Tim Penyusun, 2022", "SHAPE_Leng": 1.8176231891699999e-05 }, "geometry": { "type": "LineString", "coordinates": [ [ 120.065901350741839, -3.950746401362147 ], [ 120.065892367589001, -3.950728477750556 ] ] } },
{ "type": "Feature", "properties": { "FID": 579, "OBJECTID": 1839, "NAMOBJ": "Jalur Evakuasi Bencana", "STSJRN": 1, "WADMPR": "Provinsi Sulawesi Selatan", "WADMKK": "Kabupaten Wajo", "REMARK": "ruas Jalan Anabanua – Tarumpakkae", "SBDATA": "Analisis Tim Penyusun, 2022", "SHAPE_Leng": 8.9925575531100005e-06 }, "geometry": { "type": "LineString", "coordinates": [ [ 120.065901350741839, -3.950746401362147 ], [ 120.065892367589001, -3.950746401362147 ] ] } },
{ "type": "Feature", "properties": { "FID": 580, "OBJECTID": 1840, "NAMOBJ": "Unit Distribusi", "STSJRN": 1, "WADMPR": "Provinsi Sulawesi Selatan", "WADMKK": "Kabupaten Wajo", "REMARK": "Tidak Ada", "SBDATA": "Analisis Tim Penyusun, 2022", "SHAPE_Leng": 1.8089931389e-05 }, "geometry": { "type": "LineString", "coordinates": [ [ 120.065901350741839, -3.95076432497335 ], [ 120.065901350741839, -3.950746401362147 ] ] } },
{ "type": "Feature", "properties": { "FID": 581, "OBJECTID": 1841, "NAMOBJ": "Jaringan Drainase Sekunder", "STSJRN": 1, "WADMPR": "Provinsi Sulawesi Selatan", "WADMKK": "Kabupaten Wajo", "REMARK": "Tidak Ada", "SBDATA": "Analisis Tim Penyusun, 2022", "SHAPE_Leng": 1.8019872803199999e-05 }, "geometry": { "type": "LineString", "coordinates": [ [ 120.065892367589001, -3.95076432497335 ], [ 120.06587440128331, -3.95076432497335 ] ] } },
{ "type": "Feature", "properties": { "FID": 582, "OBJECTID": 1842, "NAMOBJ": "Jalur Evakuasi Bencana", "STSJRN": 1, "WADMPR": "Provinsi Sulawesi Selatan", "WADMKK": "Kabupaten Wajo", "REMARK": "ruas Jalan Impa-Impa – Anabanua", "SBDATA": "Analisis Tim Penyusun, 2022", "SHAPE_Leng": 1.8089910708800001e-05 }, "geometry": { "type": "LineString", "coordinates": [ [ 120.065892367589001, -3.95076432497335 ], [ 120.065892367589001, -3.950746401362147 ] ] } },
{ "type": "Feature", "properties": { "FID": 583, "OBJECTID": 1843, "NAMOBJ": "Jaringan Drainase Sekunder", "STSJRN": 1, "WADMPR": "Provinsi Sulawesi Selatan", "WADMKK": "Kabupaten Wajo", "REMARK": "Tidak Ada", "SBDATA": "Analisis Tim Penyusun, 2022", "SHAPE_Leng": 8.9929346303599995e-06 }, "geometry": { "type": "LineString", "coordinates": [ [ 120.065901350741839, -3.95076432497335 ], [ 120.065892367589001, -3.95076432497335 ] ] } },
{ "type": "Feature", "properties": { "FID": 584, "OBJECTID": 1844, "NAMOBJ": "Jalur Evakuasi Bencana", "STSJRN": 1, "WADMPR": "Provinsi Sulawesi Selatan", "WADMKK": "Kabupaten Wajo", "REMARK": "ruas Jalan Anabanua – Malake – Batas Kab. Sidrap", "SBDATA": "Analisis Tim Penyusun, 2022", "SHAPE_Leng": 2.05700574277e-05 }, "geometry": { "type": "LineString", "coordinates": [ [ 120.065335412112859, -3.949034694708154 ], [ 120.065353378418536, -3.949034694708154 ] ] } },
{ "type": "Feature", "properties": { "FID": 585, "OBJECTID": 1845, "NAMOBJ": "Jaringan Drainase Sekunder", "STSJRN": 1, "WADMPR": "Provinsi Sulawesi Selatan", "WADMKK": "Kabupaten Wajo", "REMARK": "Tidak Ada", "SBDATA": "Analisis Tim Penyusun, 2022", "SHAPE_Leng": 0.054507520368200002 }, "geometry": { "type": "LineString", "coordinates": [ [ 120.065335412112859, -3.949034694708154 ], [ 120.064544894662816, -3.945629194533299 ], [ 120.065074900680443, -3.941237871069759 ], [ 120.062676398871844, -3.931146701163714 ], [ 120.06043959381438, -3.928619408569231 ], [ 120.04802487658786, -3.910327676449927 ], [ 120.041835484280284, -3.90598097874223 ], [ 120.039167487886459, -3.904313991791188 ] ] } },
{ "type": "Feature", "properties": { "FID": 586, "OBJECTID": 1846, "NAMOBJ": "Jaringan Drainase Tersier", "STSJRN": 1, "WADMPR": "Provinsi Sulawesi Selatan", "WADMKK": "Kabupaten Wajo", "REMARK": "Tidak Ada", "SBDATA": "Analisis Tim Penyusun, 2022", "SHAPE_Leng": 0.030150587139099998 }, "geometry": { "type": "LineString", "coordinates": [ [ 120.045949768281559, -4.006388378172131 ], [ 120.039679527598395, -4.003511827784888 ], [ 120.039472915083053, -4.003556633943199 ], [ 120.036274912671573, -4.008825821051172 ], [ 120.033822511945942, -4.013763412843403 ], [ 120.035116085955067, -4.014471340980639 ], [ 120.034523197867557, -4.015752778958852 ], [ 120.034118955989683, -4.017186553332659 ], [ 120.038296122060856, -4.01733889171181 ], [ 120.04086530377343, -4.018459025978989 ] ] } },
{ "type": "Feature", "properties": { "FID": 587, "OBJECTID": 1847, "NAMOBJ": "Jaringan Drainase Tersier", "STSJRN": 1, "WADMPR": "Provinsi Sulawesi Selatan", "WADMKK": "Kabupaten Wajo", "REMARK": "Tidak Ada", "SBDATA": "Analisis Tim Penyusun, 2022", "SHAPE_Leng": 0.0069012323581799997 }, "geometry": { "type": "LineString", "coordinates": [ [ 120.039688510751233, -4.003475982856474 ], [ 120.045958751434398, -4.006352533369713 ] ] } },
{ "type": "Feature", "properties": { "FID": 588, "OBJECTID": 1848, "NAMOBJ": "Jaringan Drainase Tersier", "STSJRN": 1, "WADMPR": "Provinsi Sulawesi Selatan", "WADMKK": "Kabupaten Wajo", "REMARK": "Tidak Ada", "SBDATA": "Analisis Tim Penyusun, 2022", "SHAPE_Leng": 0.14921740097399999 }, "geometry": { "type": "LineString", "coordinates": [ [ 120.040847337467753, -4.018485909182499 ], [ 120.038296122060856, -4.017374736032181 ], [ 120.034029124461284, -4.017222397659723 ], [ 120.033463185832304, -4.017527074376193 ], [ 120.032699617840791, -4.018423181706264 ], [ 120.031918083543601, -4.018898118192024 ], [ 120.030112469822527, -4.019122144740248 ], [ 120.023599684012652, -4.017186553332659 ], [ 120.022629503505797, -4.017141747921613 ], [ 120.018362505906225, -4.0161201838822 ], [ 120.015847223110697, -4.015770701154072 ], [ 120.014607548018617, -4.016048495129657 ], [ 120.011705989650906, -4.017392658191777 ], [ 120.006711356671204, -4.016595121708729 ], [ 120.006208300112107, -4.018315648878636 ], [ 120.006226266417798, -4.019399937574569 ], [ 120.006414912627449, -4.020537991101251 ], [ 120.007088649090534, -4.021407212016034 ], [ 120.007304244758743, -4.022025523236512 ], [ 120.007465941509878, -4.022858898486989 ], [ 120.007394076287142, -4.024131362278598 ], [ 120.007510857274085, -4.02551135597441 ], [ 120.008418155711041, -4.025627848841681 ], [ 120.008597818767868, -4.025941483401485 ], [ 120.008759515519003, -4.027088488762544 ], [ 120.009406302523558, -4.027509654387814 ], [ 120.0092625720781, -4.028602891802047 ], [ 120.009846477012786, -4.029283924202715 ], [ 120.009810544401432, -4.029920151325011 ], [ 120.010223769432116, -4.030045604501646 ], [ 120.01036749987756, -4.030251706106966 ], [ 120.010160887362218, -4.030717674761217 ], [ 120.010574112392916, -4.031264291496034 ], [ 120.010475297711665, -4.031739220491841 ], [ 120.011445478218505, -4.032151422791581 ], [ 120.012074298917412, -4.031757142335306 ], [ 120.012604304935024, -4.031999087183419 ], [ 120.013664316970292, -4.032079735450119 ], [ 120.013951777861195, -4.032635312181063 ], [ 120.014068558848152, -4.033361145725075 ], [ 120.014436868114643, -4.033845034394225 ], [ 120.014535682795895, -4.034382688133054 ], [ 120.014715345852707, -4.034472297054931 ], [ 120.015730442123768, -4.034293079201292 ], [ 120.016017903014685, -4.034481257946575 ], [ 120.02112931698133, -4.039615832596292 ], [ 120.022009665959771, -4.040798661943338 ], [ 120.020841856090399, -4.039364929179749 ], [ 120.015990953556155, -4.034517101512162 ], [ 120.015730442123768, -4.034328922775183 ], [ 120.014715345852707, -4.034517101512162 ], [ 120.014508733337365, -4.034409570810654 ], [ 120.014409918656114, -4.033853995292787 ], [ 120.014032626236769, -4.033370106628974 ], [ 120.013915845249841, -4.032644273092965 ], [ 120.013646350664601, -4.032106618203909 ], [ 120.012595321782186, -4.032034930858496 ], [ 120.012074298917412, -4.031792986021051 ], [ 120.011445478218505, -4.032196227376783 ], [ 120.010448348253135, -4.031757142335306 ], [ 120.010538179781548, -4.031273252423051 ], [ 120.010124954750864, -4.030717674761217 ], [ 120.010331567266206, -4.030260667045143 ], [ 120.010205803126425, -4.030072487322695 ], [ 120.009774611790064, -4.029938073208572 ], [ 120.009810544401432, -4.029292885151555 ], [ 120.009226639466732, -4.028611852758388 ], [ 120.009379353065029, -4.027527576324481 ], [ 120.008723582907635, -4.027106410708486 ], [ 120.0085618861565, -4.025941483401485 ], [ 120.008391206252526, -4.025654731808685 ], [ 120.007483907815555, -4.025529277955075 ], [ 120.007358143675788, -4.024131362278598 ], [ 120.00743000889851, -4.022867859506555 ], [ 120.007268312147374, -4.022034484265244 ], [ 120.007052716479166, -4.021425134086996 ], [ 120.006387963168933, -4.020555913191328 ], [ 120.00619033380643, -4.019399937574569 ], [ 120.006172367500753, -4.018306687809027 ], [ 120.006693390365527, -4.016559277354109 ], [ 120.011705989650906, -4.017356813872192 ], [ 120.01458958171294, -4.016012650751025 ], [ 120.015847223110697, -4.015734856763238 ], [ 120.018362505906225, -4.016084339506716 ], [ 120.022629503505797, -4.017105903591005 ], [ 120.023608667165504, -4.017150709004018 ], [ 120.02966331218046, -4.019014612004782 ], [ 120.030516711700372, -4.019095261557711 ], [ 120.03190011723791, -4.018862273938598 ], [ 120.032672668382261, -4.018396298500686 ], [ 120.033445219526612, -4.017500191141081 ], [ 120.034083023378329, -4.017186553332659 ], [ 120.034487265256175, -4.015734856763238 ], [ 120.035071170190861, -4.014489263203995 ], [ 120.033777596181736, -4.013763412843403 ], [ 120.036238980060219, -4.008807898703576 ], [ 120.039167487886459, -4.003924044348841 ], [ 120.039445965624523, -4.003529750248506 ], [ 120.039688510751233, -4.003475982856474 ] ] } },
{ "type": "Feature", "properties": { "FID": 589, "OBJECTID": 1849, "NAMOBJ": "Jaringan Drainase Tersier", "STSJRN": 1, "WADMPR": "Provinsi Sulawesi Selatan", "WADMKK": "Kabupaten Wajo", "REMARK": "Tidak Ada", "SBDATA": "Analisis Tim Penyusun, 2022", "SHAPE_Leng": 0.0071441921202499998 }, "geometry": { "type": "LineString", "coordinates": [ [ 120.076779948832538, -4.186094177608222 ], [ 120.076492487941621, -4.186873626558062 ], [ 120.075935532465451, -4.186775075584281 ], [ 120.075576206351812, -4.187581401368806 ], [ 120.075378576989308, -4.187662033901565 ], [ 120.071533787573273, -4.186094177608222 ], [ 120.071336158210769, -4.185673095668746 ] ] } },
{ "type": "Feature", "properties": { "FID": 590, "OBJECTID": 1850, "NAMOBJ": "Jaringan Drainase Tersier", "STSJRN": 1, "WADMPR": "Provinsi Sulawesi Selatan", "WADMKK": "Kabupaten Wajo", "REMARK": "Tidak Ada", "SBDATA": "Analisis Tim Penyusun, 2022", "SHAPE_Leng": 0.0090610253571400002 }, "geometry": { "type": "LineString", "coordinates": [ [ 120.071372090822123, -4.18565517728332 ], [ 120.07155175387895, -4.186058340856233 ], [ 120.07547739167056, -4.187617238051058 ], [ 120.075917566159774, -4.186748198043824 ], [ 120.076465538483077, -4.186846749020988 ], [ 120.077184190710383, -4.184123153812987 ] ] } },
{ "type": "Feature", "properties": { "FID": 591, "OBJECTID": 1851, "NAMOBJ": "Jaringan Drainase Tersier", "STSJRN": 1, "WADMPR": "Provinsi Sulawesi Selatan", "WADMKK": "Kabupaten Wajo", "REMARK": "Tidak Ada", "SBDATA": "Analisis Tim Penyusun, 2022", "SHAPE_Leng": 0.00200996992303 }, "geometry": { "type": "LineString", "coordinates": [ [ 120.077211140168899, -4.184132113023281 ], [ 120.076779948832538, -4.186094177608222 ] ] } },
{ "type": "Feature", "properties": { "FID": 592, "OBJECTID": 1852, "NAMOBJ": "Jaringan Drainase Tersier", "STSJRN": 1, "WADMPR": "Provinsi Sulawesi Selatan", "WADMKK": "Kabupaten Wajo", "REMARK": "Tidak Ada", "SBDATA": "Analisis Tim Penyusun, 2022", "SHAPE_Leng": 0.108804454407 }, "geometry": { "type": "LineString", "coordinates": [ [ 120.110556603515434, -4.212989196351998 ], [ 120.110017614344954, -4.214574916318108 ], [ 120.10928997896481, -4.215945620801506 ], [ 120.108930652851171, -4.2162950156754 ], [ 120.106244690151655, -4.220604206201126 ], [ 120.102337018665722, -4.225325474807629 ], [ 120.103307199172576, -4.226929087018727 ], [ 120.103450929618035, -4.227645784141149 ], [ 120.101591416979915, -4.231641358449793 ], [ 120.100818865835564, -4.235386070813196 ], [ 120.09827663358152, -4.240779141455273 ], [ 120.097908324315014, -4.240922478367676 ], [ 120.096848312279747, -4.240591011717393 ], [ 120.096273390497927, -4.24156749414442 ], [ 120.095195412156983, -4.242866482615919 ], [ 120.094395911554102, -4.24281273141215 ], [ 120.093039455475093, -4.245724249561657 ], [ 120.090838583028997, -4.249316599895022 ], [ 120.088997036696568, -4.250212445251975 ], [ 120.088709575805623, -4.251233707689144 ], [ 120.087451934407866, -4.253285186916444 ], [ 120.086221242468625, -4.254772281980579 ], [ 120.085439708171435, -4.254351237283908 ], [ 120.084487493970286, -4.255641245839528 ], [ 120.085421741865744, -4.254324362082688 ], [ 120.086203276162948, -4.254736448398334 ], [ 120.087416001796498, -4.253267270090939 ], [ 120.088682626347108, -4.251215790815941 ], [ 120.088970087238039, -4.250185569906411 ], [ 120.090811633570468, -4.249289724518233 ], [ 120.093003522863725, -4.245706332560469 ], [ 120.094368962095587, -4.242794814343397 ], [ 120.095168462698453, -4.242839607014502 ], [ 120.096246441039398, -4.241549577046784 ], [ 120.09683034597407, -4.240555177476412 ], [ 120.097917307467853, -4.240886644142068 ], [ 120.098240700970152, -4.240761224339353 ], [ 120.100791916377048, -4.2353681535723 ], [ 120.101555484368561, -4.231632399786056 ], [ 120.103414997006666, -4.227645784141149 ], [ 120.103271266561208, -4.226938045736847 ], [ 120.102301086054354, -4.225307557334024 ], [ 120.106208757540287, -4.220586288618501 ], [ 120.108903703392642, -4.216277097993379 ], [ 120.109254046353442, -4.215927703111432 ], [ 120.109990664886425, -4.214556998596441 ], [ 120.110529654056919, -4.212971278593796 ] ] } },
{ "type": "Feature", "properties": { "FID": 593, "OBJECTID": 1853, "NAMOBJ": "Jaringan Drainase Tersier", "STSJRN": 1, "WADMPR": "Provinsi Sulawesi Selatan", "WADMKK": "Kabupaten Wajo", "REMARK": "Tidak Ada", "SBDATA": "Analisis Tim Penyusun, 2022", "SHAPE_Leng": 0.095695902641699998 }, "geometry": { "type": "LineString", "coordinates": [ [ 120.057681765892156, -4.231542813142982 ], [ 120.060152132923477, -4.232599934870789 ], [ 120.060727054705325, -4.233979566140919 ], [ 120.061517572155324, -4.234499166890865 ], [ 120.061948763491728, -4.235224815630206 ], [ 120.063377084793473, -4.235816084470182 ], [ 120.062550634732077, -4.237885521850883 ], [ 120.062685382024682, -4.239372646591912 ], [ 120.06239792113378, -4.241110608024852 ], [ 120.066341525231067, -4.243780252507566 ], [ 120.067033227999829, -4.244407348866337 ], [ 120.06748238564191, -4.24515090531739 ], [ 120.067922560131109, -4.246154257465345 ], [ 120.067751880227135, -4.248832842969517 ], [ 120.067500351947587, -4.25015869455991 ], [ 120.069665291782286, -4.250167653008849 ], [ 120.072162608272166, -4.250803702617348 ], [ 120.075109082404055, -4.251224749252594 ], [ 120.075980448229657, -4.2470501064951 ], [ 120.078423865802463, -4.244702979830233 ], [ 120.080229479523553, -4.24160332833845 ], [ 120.080004900702534, -4.239578693770135 ], [ 120.080561856178676, -4.236944869182461 ], [ 120.080696603471281, -4.233925814319289 ], [ 120.081612885061091, -4.232125126137692 ], [ 120.0825291666509, -4.228819374248006 ], [ 120.083355616712296, -4.227188889802171 ], [ 120.081936278563361, -4.226355728843723 ], [ 120.083643077603213, -4.221741971850871 ], [ 120.085394792407229, -4.218104699431326 ], [ 120.087137524058434, -4.213240044923505 ], [ 120.087227355586847, -4.212478540081462 ], [ 120.087631597464679, -4.211484103224218 ], [ 120.089509076408504, -4.207891577504177 ], [ 120.090955364015926, -4.206708996832844 ], [ 120.091988426592664, -4.206225213313455 ], [ 120.093048438627932, -4.203913799019303 ], [ 120.094072518051831, -4.202319098339908 ], [ 120.095500839353576, -4.199514925753539 ], [ 120.097953240079221, -4.195671490726752 ] ] } },
{ "type": "Feature", "properties": { "FID": 594, "OBJECTID": 1854, "NAMOBJ": "Jaringan Drainase Tersier", "STSJRN": 1, "WADMPR": "Provinsi Sulawesi Selatan", "WADMKK": "Kabupaten Wajo", "REMARK": "Tidak Ada", "SBDATA": "Analisis Tim Penyusun, 2022", "SHAPE_Leng": 0.117535844729 }, "geometry": { "type": "LineString", "coordinates": [ [ 120.097980189537736, -4.195698367960461 ], [ 120.095536771964944, -4.199532843821231 ], [ 120.094099467510347, -4.202337016343187 ], [ 120.093075388086461, -4.203931716985932 ], [ 120.092015376051194, -4.206243131226938 ], [ 120.090973330321617, -4.206735873686223 ], [ 120.089536025867034, -4.207909495379328 ], [ 120.087658546923208, -4.211502021016674 ], [ 120.087263288198201, -4.21248749896629 ], [ 120.087173456669788, -4.213257962675516 ], [ 120.085421741865744, -4.218113658251316 ], [ 120.083670027061729, -4.221750930628899 ], [ 120.081981194327568, -4.226355728843723 ], [ 120.083400532476503, -4.227188889802171 ], [ 120.082556116109416, -4.228828332944276 ], [ 120.081648817672459, -4.232143043453661 ], [ 120.08073253608265, -4.233934772956486 ], [ 120.08059778879003, -4.236953827784701 ], [ 120.080040833313888, -4.239578693770135 ], [ 120.080265412134921, -4.241612286886698 ], [ 120.078450815260993, -4.244729855366794 ], [ 120.076016380841025, -4.247068023465086 ], [ 120.075180947626791, -4.251197873942322 ], [ 120.074983318264287, -4.25128745830625 ], [ 120.072153625119327, -4.250839536382492 ], [ 120.069665291782286, -4.250203486803557 ], [ 120.068227987327703, -4.250275154387982 ], [ 120.067069160611197, -4.250122860763119 ], [ 120.066943396471416, -4.250185569906411 ], [ 120.06643135675948, -4.2520578834062 ], [ 120.065838468671956, -4.252147467670165 ], [ 120.064733540872481, -4.253097060227869 ], [ 120.06326030380653, -4.255578537140268 ], [ 120.061903847727521, -4.256796876668681 ], [ 120.061580454225222, -4.256886460381436 ], [ 120.056981079970527, -4.254252694874852 ], [ 120.056172596214836, -4.253688315380124 ], [ 120.055921067935259, -4.253321020566201 ], [ 120.054950887428433, -4.252980600826208 ], [ 120.053693246030647, -4.252039966552159 ], [ 120.05219305950618, -4.251520377603736 ], [ 120.049947271295878, -4.25128745830625 ], [ 120.048438101618558, -4.252425178822267 ], [ 120.048042842893537, -4.252908933493358 ], [ 120.047521820028763, -4.254458738079409 ], [ 120.04675825203725, -4.25575770483889 ], [ 120.045653324237776, -4.256062289830864 ], [ 120.043739912682625, -4.255901038967769 ], [ 120.043281771887706, -4.256035414689361 ], [ 120.042275658769483, -4.256008539546919 ], [ 120.041557006542206, -4.257459795896176 ], [ 120.041431242402439, -4.258427298608801 ], [ 120.040748522786501, -4.260514591984094 ], [ 120.040829371162062, -4.261186466329027 ], [ 120.040676657563765, -4.262180839282178 ], [ 120.04129649510979, -4.263739583485248 ], [ 120.041341410874026, -4.264957910086457 ], [ 120.041655821223458, -4.266059777334076 ], [ 120.041790568516078, -4.267358724498349 ], [ 120.041431242402439, -4.267994759894675 ], [ 120.040784455397855, -4.268514337714724 ] ] } },
{ "type": "Feature", "properties": { "FID": 595, "OBJECTID": 1855, "NAMOBJ": "Jaringan Drainase Tersier", "STSJRN": 1, "WADMPR": "Provinsi Sulawesi Selatan", "WADMKK": "Kabupaten Wajo", "REMARK": "Tidak Ada", "SBDATA": "Analisis Tim Penyusun, 2022", "SHAPE_Leng": 0.080338337956700007 }, "geometry": { "type": "LineString", "coordinates": [ [ 120.011032253187821, -4.218552640304262 ], [ 120.012146164140134, -4.218418258069503 ], [ 120.012289894585592, -4.218140534710667 ], [ 120.014185339835095, -4.218803487080278 ], [ 120.014993823590785, -4.219278303970214 ], [ 120.01709588135563, -4.219941255368665 ], [ 120.020015406029017, -4.220514618283871 ], [ 120.020168119627314, -4.220613164992281 ], [ 120.020365748989818, -4.221294032817712 ], [ 120.020437614212554, -4.221974900045954 ], [ 120.022800183409785, -4.222431797456339 ], [ 120.023698498693904, -4.22272743681384 ], [ 120.024551898213829, -4.223247045108621 ], [ 120.024731561270642, -4.225065671399819 ], [ 120.025791573305909, -4.225871957553766 ], [ 120.0262497141008, -4.227162013656196 ], [ 120.027875664765077, -4.228801456855154 ], [ 120.028531434922471, -4.228855209032467 ], [ 120.029303986066822, -4.228523737212976 ], [ 120.031540791124272, -4.228891043815269 ], [ 120.031630622652685, -4.228559572011108 ], [ 120.032528937936803, -4.22862228290385 ], [ 120.032933179814648, -4.228434150210397 ], [ 120.032987078731693, -4.227860793148656 ], [ 120.034397433727761, -4.228210182658639 ], [ 120.034711844077222, -4.227681618979875 ], [ 120.034909473439726, -4.226588655653459 ], [ 120.035385580540293, -4.226006338497919 ], [ 120.035394563693131, -4.224949207774963 ], [ 120.03571795719543, -4.223605395454007 ], [ 120.036301862130102, -4.222467632535974 ], [ 120.037236110025589, -4.221419455773053 ], [ 120.036589323021019, -4.220111472528306 ], [ 120.037343907859679, -4.217074434443428 ], [ 120.03835900413074, -4.215426007621654 ], [ 120.038745279702908, -4.214225520671117 ], [ 120.038367987283578, -4.210955528161145 ], [ 120.038484768270507, -4.210014842838853 ], [ 120.038287138908018, -4.209163745615253 ], [ 120.039014774288134, -4.207121108482747 ], [ 120.038484768270507, -4.206547735693096 ], [ 120.038206290532443, -4.206529817786619 ], [ 120.036733053466463, -4.205436824712248 ], [ 120.035691007736915, -4.205105342903074 ], [ 120.03305894395443, -4.204935122459784 ], [ 120.032537921089656, -4.204755943005628 ], [ 120.031325195456091, -4.203922758002669 ], [ 120.030355014949237, -4.203743578315779 ], [ 120.026797686424132, -4.203627111497215 ], [ 120.026456326616142, -4.203877963084809 ], [ 120.025890387987161, -4.203931716985932 ], [ 120.024390201462694, -4.203689824401682 ], [ 120.022575604588752, -4.203645029470435 ], [ 120.020392698448347, -4.203134367072294 ], [ 120.020320833225611, -4.203662947443243 ], [ 120.019045225522177, -4.203662947443243 ], [ 120.018012162945425, -4.203465849719707 ], [ 120.017293510718133, -4.203976511900705 ], [ 120.01345770445495, -4.202740171308131 ] ] } },
{ "type": "Feature", "properties": { "FID": 596, "OBJECTID": 1856, "NAMOBJ": "Jaringan Drainase Tersier", "STSJRN": 1, "WADMPR": "Provinsi Sulawesi Selatan", "WADMKK": "Kabupaten Wajo", "REMARK": "Tidak Ada", "SBDATA": "Analisis Tim Penyusun, 2022", "SHAPE_Leng": 0.13687732699899999 }, "geometry": { "type": "LineString", "coordinates": [ [ 120.013475670760627, -4.202713294316951 ], [ 120.017293510718133, -4.203940675969093 ], [ 120.018003179792586, -4.20343001376462 ], [ 120.019045225522177, -4.203627111497215 ], [ 120.020302866919934, -4.203627111497215 ], [ 120.02037473214267, -4.203098531101968 ], [ 120.022584587741605, -4.203609193523583 ], [ 120.024399184615532, -4.20365398845689 ], [ 120.025890387987161, -4.203895881052262 ], [ 120.026438360310465, -4.203851086132856 ], [ 120.026788703271279, -4.203591275549541 ], [ 120.030965869342424, -4.203779414256452 ], [ 120.033067927107268, -4.204908245544287 ], [ 120.036212030601689, -4.205168055688597 ], [ 120.036751019772154, -4.205409947814053 ], [ 120.03822425683812, -4.206493981972429 ], [ 120.038583582951759, -4.206583571504813 ], [ 120.039059690052369, -4.207121108482747 ], [ 120.038323071519372, -4.209163745615253 ], [ 120.038520700881875, -4.210014842838853 ], [ 120.038403919894947, -4.210946569258676 ], [ 120.038781212314262, -4.214225520671117 ], [ 120.038691380785863, -4.214834723235884 ], [ 120.037379840471047, -4.217083393275298 ], [ 120.036625255632373, -4.220120431325149 ], [ 120.037272042636957, -4.221428414554802 ], [ 120.03633779474147, -4.222485550075171 ], [ 120.03574490665396, -4.223614354210522 ], [ 120.0354304963045, -4.224949207774963 ], [ 120.035421513151661, -4.226015297226701 ], [ 120.034945406051079, -4.226606573097463 ], [ 120.03474777668859, -4.227681618979875 ], [ 120.035673041431238, -4.228201223955223 ], [ 120.036032367544877, -4.229312102389069 ], [ 120.035753889806799, -4.230575276737436 ], [ 120.036131182226129, -4.23122925981061 ], [ 120.036005418086347, -4.231542813142982 ], [ 120.035816771876682, -4.234400621947857 ], [ 120.036355761047147, -4.235224815630206 ], [ 120.036634238785211, -4.236595483614214 ], [ 120.037658318209111, -4.237088206805828 ], [ 120.039913089572252, -4.237930314806552 ], [ 120.041134798358655, -4.238154279545972 ], [ 120.041880400044491, -4.237984066349929 ], [ 120.042859563704184, -4.238225948248886 ], [ 120.043218889817823, -4.23802885929989 ], [ 120.04414415456047, -4.238414078562424 ], [ 120.044413649145696, -4.238673877491572 ], [ 120.047000797163975, -4.239292019420264 ], [ 120.048267421714584, -4.239972870827593 ], [ 120.048797427732211, -4.239659320911881 ], [ 120.049435231583942, -4.239578693770135 ], [ 120.049507096806664, -4.239435356608491 ], [ 120.0503694794794, -4.23704341380138 ], [ 120.05081863712148, -4.234552918672671 ], [ 120.052067295366399, -4.231704069093053 ], [ 120.052642217148232, -4.231847407687146 ], [ 120.05332493676417, -4.23103216907957 ], [ 120.053513582973821, -4.23103216907957 ], [ 120.055687505961401, -4.231999704914295 ], [ 120.0571517598745, -4.232340133901961 ], [ 120.057349389237032, -4.232196795399082 ], [ 120.058157872992723, -4.23000192126012 ], [ 120.058508215953552, -4.228129554324162 ], [ 120.059496362766083, -4.22548673205146 ], [ 120.05944246384901, -4.22437584813609 ], [ 120.0581758392984, -4.221571755048721 ], [ 120.056657686468256, -4.21947539768833 ], [ 120.054546645550573, -4.217334240525711 ], [ 120.053989690074431, -4.216214386103058 ], [ 120.052327806798786, -4.211170541789445 ], [ 120.052462554091406, -4.207425712605577 ], [ 120.053289004152802, -4.204361748061476 ], [ 120.053630363960764, -4.202113041272599 ], [ 120.055085634721053, -4.198404004753095 ], [ 120.057268540861472, -4.194327627862175 ], [ 120.058086007770001, -4.193440677105237 ], [ 120.058687879010364, -4.193127108414939 ], [ 120.061490622696809, -4.187993523115618 ] ] } },
{ "type": "Feature", "properties": { "FID": 597, "OBJECTID": 1857, "NAMOBJ": "Jaringan Drainase Tersier", "STSJRN": 1, "WADMPR": "Provinsi Sulawesi Selatan", "WADMKK": "Kabupaten Wajo", "REMARK": "Tidak Ada", "SBDATA": "Analisis Tim Penyusun, 2022", "SHAPE_Leng": 0.048276508737300002 }, "geometry": { "type": "LineString", "coordinates": [ [ 120.061526555308177, -4.188002482281616 ], [ 120.058714828468894, -4.193153985736181 ], [ 120.058112957228516, -4.193467554415694 ], [ 120.057295490319987, -4.194354505142122 ], [ 120.055112584179582, -4.198412963799745 ], [ 120.053666296572118, -4.202122000276657 ], [ 120.05332493676417, -4.204370707039693 ], [ 120.052498486702774, -4.207425712605577 ], [ 120.052417638327199, -4.211502021016674 ], [ 120.05424121835398, -4.216725039919949 ], [ 120.054573595009089, -4.217316322867655 ], [ 120.056684635926771, -4.219448521275169 ], [ 120.05820278875693, -4.22155383748843 ], [ 120.059478396460406, -4.224366889388371 ], [ 120.059532295377451, -4.225495690786245 ], [ 120.058328552896725, -4.228810415551632 ], [ 120.058193805604091, -4.230010879942717 ], [ 120.057681765892156, -4.231542813142982 ] ] } },
{ "type": "Feature", "properties": { "FID": 598, "OBJECTID": 1858, "NAMOBJ": "Unit Distribusi", "STSJRN": 1, "WADMPR": "Provinsi Sulawesi Selatan", "WADMKK": "Kabupaten Wajo", "REMARK": "Tidak Ada", "SBDATA": "Analisis Tim Penyusun, 2022", "SHAPE_Leng": 0.0567271713213 }, "geometry": { "type": "LineString", "coordinates": [ [ 120.013233125633917, -4.240591011717393 ], [ 120.01186768640207, -4.224438559367235 ], [ 120.009594948733238, -4.209584814884287 ], [ 120.01593705463911, -4.198188987602618 ], [ 120.0174192748579, -4.185843320309849 ] ] } },
{ "type": "Feature", "properties": { "FID": 599, "OBJECTID": 1859, "NAMOBJ": "Unit Distribusi", "STSJRN": 1, "WADMPR": "Provinsi Sulawesi Selatan", "WADMKK": "Kabupaten Wajo", "REMARK": "Tidak Ada", "SBDATA": "Analisis Tim Penyusun, 2022", "SHAPE_Leng": 0.025318667662499999 }, "geometry": { "type": "LineString", "coordinates": [ [ 120.0174192748579, -4.185843320309849 ], [ 120.01820080915509, -4.184275460374037 ], [ 120.018865562465351, -4.183370579782482 ], [ 120.019898625042089, -4.182600086573629 ], [ 120.021075418064285, -4.182062532723362 ], [ 120.02285408232683, -4.181847511079995 ], [ 120.025001055855881, -4.18240298353802 ], [ 120.02611496680818, -4.1825194535196 ], [ 120.03033704864356, -4.181775837185761 ], [ 120.036185081143174, -4.182815108010469 ], [ 120.037298992095472, -4.182465698145637 ], [ 120.038062560086985, -4.181695204046912 ], [ 120.038394936742108, -4.181041179391917 ], [ 120.03846680196483, -4.17960769878718 ] ] } },
{ "type": "Feature", "properties": { "FID": 600, "OBJECTID": 1860, "NAMOBJ": "Unit Distribusi", "STSJRN": 1, "WADMPR": "Provinsi Sulawesi Selatan", "WADMKK": "Kabupaten Wajo", "REMARK": "Tidak Ada", "SBDATA": "Analisis Tim Penyusun, 2022", "SHAPE_Leng": 0.0038592543895100001 }, "geometry": { "type": "LineString", "coordinates": [ [ 120.038996807982457, -4.132193856260985 ], [ 120.039931055877943, -4.1284665704124 ] ] } },
{ "type": "Feature", "properties": { "FID": 601, "OBJECTID": 1861, "NAMOBJ": "Unit Distribusi", "STSJRN": 1, "WADMPR": "Provinsi Sulawesi Selatan", "WADMKK": "Kabupaten Wajo", "REMARK": "Tidak Ada", "SBDATA": "Analisis Tim Penyusun, 2022", "SHAPE_Leng": 0.0104289327049 }, "geometry": { "type": "LineString", "coordinates": [ [ 120.039589696069982, -4.142013736987332 ], [ 120.039823258043853, -4.141386558464664 ], [ 120.039751392821117, -4.139693173970675 ], [ 120.039374100401801, -4.138886799128856 ], [ 120.039329184637594, -4.138277537592594 ], [ 120.038754262855747, -4.137730993756804 ], [ 120.038502734576198, -4.137023174130269 ], [ 120.038745279702908, -4.134505481472774 ], [ 120.039203420497813, -4.133609503508427 ], [ 120.038915959606882, -4.132650805965189 ], [ 120.038996807982457, -4.132193856260985 ] ] } },
{ "type": "Feature", "properties": { "FID": 602, "OBJECTID": 1862, "NAMOBJ": "Unit Distribusi", "STSJRN": 1, "WADMPR": "Provinsi Sulawesi Selatan", "WADMKK": "Kabupaten Wajo", "REMARK": "Tidak Ada", "SBDATA": "Balai Permukiman dan Prasarana Wilayah (BPPW) Sulawesi Selatan, 2022", "SHAPE_Leng": 0.024350443960299999 }, "geometry": { "type": "LineString", "coordinates": [ [ 120.048447084771411, -4.169851001841896 ], [ 120.050782704510112, -4.166571864363344 ], [ 120.051357626291932, -4.164708304730314 ], [ 120.051249828457841, -4.164547034939159 ], [ 120.049740658780536, -4.164779980182441 ], [ 120.049183703304365, -4.164224495257694 ], [ 120.049057939164598, -4.163848198795571 ], [ 120.049372349514059, -4.162432605731442 ], [ 120.049426248431104, -4.160721347426604 ], [ 120.049776591391904, -4.159001125906863 ], [ 120.050809653968642, -4.156214717456607 ], [ 120.051195929540796, -4.154709515225906 ], [ 120.052255941576064, -4.15282800839831 ], [ 120.052282891034579, -4.152138121437392 ], [ 120.053118324248828, -4.149154577378742 ] ] } },
{ "type": "Feature", "properties": { "FID": 603, "OBJECTID": 1863, "NAMOBJ": "Unit Distribusi", "STSJRN": 1, "WADMPR": "Provinsi Sulawesi Selatan", "WADMKK": "Kabupaten Wajo", "REMARK": "Tidak Ada", "SBDATA": "Balai Permukiman dan Prasarana Wilayah (BPPW) Sulawesi Selatan, 2022", "SHAPE_Leng": 2.0651471131400002e-06 }, "geometry": { "type": "LineString", "coordinates": [ [ 120.052480520397083, -4.144316373870826 ], [ 120.052471537244244, -4.144307414207229 ] ] } },
{ "type": "Feature", "properties": { "FID": 604, "OBJECTID": 1864, "NAMOBJ": "Unit Distribusi", "STSJRN": 1, "WADMPR": "Provinsi Sulawesi Selatan", "WADMKK": "Kabupaten Wajo", "REMARK": "Tidak Ada", "SBDATA": "Balai Permukiman dan Prasarana Wilayah (BPPW) Sulawesi Selatan, 2022", "SHAPE_Leng": 0.044345072932800003 }, "geometry": { "type": "LineString", "coordinates": [ [ 120.052480520397083, -4.144316373870826 ], [ 120.052785947593705, -4.141377598767881 ], [ 120.052741031829498, -4.136207836814565 ], [ 120.052327806798786, -4.133528865441965 ], [ 120.052318823645948, -4.132220735662639 ], [ 120.051824750239689, -4.130142059246278 ], [ 120.051609154571508, -4.129962862748491 ], [ 120.051115081165236, -4.130043501177505 ], [ 120.0509533844141, -4.127875220567765 ], [ 120.051447457820345, -4.126208686817803 ], [ 120.052076278519237, -4.12546501740305 ], [ 120.052480520397083, -4.123099606443398 ], [ 120.053351886222686, -4.122535132332945 ], [ 120.054393931952276, -4.122158816036625 ], [ 120.054843089594314, -4.121737699970017 ], [ 120.055642590197195, -4.118843640969362 ], [ 120.053414768292583, -4.118798841211672 ], [ 120.050980333872616, -4.117714686306499 ], [ 120.049983203907246, -4.118377723366096 ], [ 120.048923191871978, -4.120089073223228 ], [ 120.048294371173114, -4.120411630899129 ], [ 120.047467921111718, -4.120501230230331 ], [ 120.04638095961792, -4.120115953034549 ], [ 120.043829744211038, -4.118709241688725 ], [ 120.043111091983732, -4.118556922476562 ], [ 120.042455321826338, -4.118091004705414 ], [ 120.042113962018348, -4.117992445141945 ], [ 120.041691753834826, -4.118225404090472 ] ] } },
{ "type": "Feature", "properties": { "FID": 605, "OBJECTID": 1865, "NAMOBJ": "Jalur Evakuasi Bencana", "STSJRN": 1, "WADMPR": "Provinsi Sulawesi Selatan", "WADMKK": "Kabupaten Wajo", "REMARK": "ruas Jalan Jend. Achmad Yani (Sengkang)", "SBDATA": "Analisis Tim Penyusun, 2022", "SHAPE_Leng": 0.0040665167923800002 }, "geometry": { "type": "LineString", "coordinates": [ [ 120.031738420486775, -4.142685713424195 ], [ 120.031738420486775, -4.141986857917986 ], [ 120.03203486453053, -4.141377598767881 ], [ 120.032528937936803, -4.138734483788738 ] ] } },
{ "type": "Feature", "properties": { "FID": 606, "OBJECTID": 1866, "NAMOBJ": "Jalur Evakuasi Bencana", "STSJRN": 1, "WADMPR": "Provinsi Sulawesi Selatan", "WADMKK": "Kabupaten Wajo", "REMARK": "ruas Jalan Jend. Achmad Yani (Sengkang)", "SBDATA": "Analisis Tim Penyusun, 2022", "SHAPE_Leng": 0.00412052013206 }, "geometry": { "type": "LineString", "coordinates": [ [ 120.032528937936803, -4.138725524061937 ], [ 120.032870297744765, -4.136700623204596 ], [ 120.032798432522043, -4.136395991654205 ], [ 120.032582836853848, -4.136136158768663 ], [ 120.031208414469162, -4.135921124592049 ] ] } },
{ "type": "Feature", "properties": { "FID": 607, "OBJECTID": 1867, "NAMOBJ": "Jalur Evakuasi Bencana", "STSJRN": 1, "WADMPR": "Provinsi Sulawesi Selatan", "WADMKK": "Kabupaten Wajo", "REMARK": "ruas Jalan Salaonro – Ulugalung", "SBDATA": "Analisis Tim Penyusun, 2022", "SHAPE_Leng": 0.025346967876799999 }, "geometry": { "type": "LineString", "coordinates": [ [ 120.017410291705062, -4.185843320309849 ], [ 120.018191826002251, -4.184275460374037 ], [ 120.018856579312512, -4.183370579782482 ], [ 120.01988964188925, -4.182591127345813 ], [ 120.021075418064285, -4.182053573489399 ], [ 120.02285408232683, -4.181838551843573 ], [ 120.025001055855881, -4.182394024307951 ], [ 120.02611496680818, -4.182510494290862 ], [ 120.03033704864356, -4.181766877948522 ], [ 120.036185081143174, -4.182806148785112 ], [ 120.037290008942634, -4.182456738916285 ], [ 120.038053576934146, -4.181695204046912 ], [ 120.03838595358927, -4.181032220146277 ], [ 120.038457818811992, -4.179571861738478 ] ] } },
{ "type": "Feature", "properties": { "FID": 608, "OBJECTID": 1868, "NAMOBJ": "Jalur Evakuasi Bencana", "STSJRN": 1, "WADMPR": "Provinsi Sulawesi Selatan", "WADMKK": "Kabupaten Wajo", "REMARK": "ruas Jalan Salaonro – Ulugalung", "SBDATA": "Analisis Tim Penyusun, 2022", "SHAPE_Leng": 0.085129526352899998 }, "geometry": { "type": "LineString", "coordinates": [ [ 120.008813414436048, -4.268469546537192 ], [ 120.009612915038929, -4.264133748185254 ], [ 120.013610418053247, -4.245571955038312 ], [ 120.011858703249217, -4.224438559367235 ], [ 120.009585965580399, -4.209584814884287 ], [ 120.015928071486272, -4.198188987602618 ], [ 120.017410291705062, -4.185843320309849 ] ] } },
{ "type": "Feature", "properties": { "FID": 609, "OBJECTID": 1869, "NAMOBJ": "Jaringan Drainase Tersier", "STSJRN": 1, "WADMPR": "Provinsi Sulawesi Selatan", "WADMKK": "Kabupaten Wajo", "REMARK": "Tidak Ada", "SBDATA": "Analisis Tim Penyusun, 2022", "SHAPE_Leng": 0.085659320541599998 }, "geometry": { "type": "LineString", "coordinates": [ [ 120.013269058245285, -4.241415198801253 ], [ 120.012227012515709, -4.241361447496495 ], [ 120.007241362688831, -4.23965036234099 ], [ 120.00482489457454, -4.238333451290798 ], [ 120.001842487831283, -4.236998620794337 ], [ 120.000872307324428, -4.239381605166021 ], [ 119.997916850039672, -4.238190113898259 ], [ 119.996219034152702, -4.237733225782199 ], [ 119.995185971575964, -4.237670515627552 ], [ 119.994072060623651, -4.238091569425474 ], [ 119.993506121994642, -4.238862007696109 ], [ 119.993074930658267, -4.240053497928217 ], [ 119.992967132824177, -4.241101649470786 ], [ 119.992616789863376, -4.241872084740687 ], [ 119.991323215854223, -4.243726501367401 ], [ 119.991251350631501, -4.244201302976067 ], [ 119.989832012482594, -4.246423012283478 ], [ 119.988789966753018, -4.247041148009952 ], [ 119.98525060453359, -4.248582005925718 ], [ 119.984433137625032, -4.248582005925718 ], [ 119.982861085877829, -4.249137430698737 ], [ 119.981720225467001, -4.249038887623036 ], [ 119.981001573239695, -4.249450976764916 ], [ 119.978899515474879, -4.25219225979824 ], [ 119.978055099107806, -4.253679356972111 ], [ 119.977749671911212, -4.254602072450067 ], [ 119.977740688758345, -4.255309785514166 ], [ 119.976644744111738, -4.258731882544355 ], [ 119.979034262767499, -4.259690425319406 ], [ 119.982609557598281, -4.260631050245935 ], [ 119.984756531127331, -4.261500007489106 ], [ 119.987685038953543, -4.260729591838336 ], [ 119.990945923434907, -4.262118131115919 ], [ 119.993883414413986, -4.262969170078798 ], [ 119.997386844022046, -4.263820208099423 ], [ 119.999192457743121, -4.263972499014233 ], [ 120.003127078687569, -4.264716036576667 ], [ 120.005184220688207, -4.265226658341359 ], [ 120.006531693614392, -4.265844778970846 ], [ 120.009226639466732, -4.266265817375702 ] ] } },
{ "type": "Feature", "properties": { "FID": 610, "OBJECTID": 1870, "NAMOBJ": "Jaringan Drainase Tersier", "STSJRN": 1, "WADMPR": "Provinsi Sulawesi Selatan", "WADMKK": "Kabupaten Wajo", "REMARK": "Tidak Ada", "SBDATA": "Analisis Tim Penyusun, 2022", "SHAPE_Leng": 0.012341196496799999 }, "geometry": { "type": "LineString", "coordinates": [ [ 120.001842487831283, -4.236962786386834 ], [ 120.004842860880231, -4.238306575531722 ], [ 120.007250345841697, -4.239623486627699 ], [ 120.012235995668547, -4.241325613291248 ], [ 120.013269058245285, -4.241379364598496 ] ] } },
{ "type": "Feature", "properties": { "FID": 611, "OBJECTID": 1871, "NAMOBJ": "Jaringan Drainase Tersier", "STSJRN": 1, "WADMPR": "Provinsi Sulawesi Selatan", "WADMKK": "Kabupaten Wajo", "REMARK": "Tidak Ada", "SBDATA": "Analisis Tim Penyusun, 2022", "SHAPE_Leng": 0.051704432788099997 }, "geometry": { "type": "LineString", "coordinates": [ [ 119.972117235079779, -4.270180567661773 ], [ 119.975872192967387, -4.261231257931152 ], [ 119.977704756146977, -4.255300827125014 ], [ 119.977713739299816, -4.254593114052684 ], [ 119.978028149649276, -4.253670398563995 ], [ 119.978872566016335, -4.252165384521708 ], [ 119.980974623781179, -4.249424101392811 ], [ 119.981711242314162, -4.249003053774204 ], [ 119.982852102724991, -4.249101596854483 ], [ 119.984424154472194, -4.248546172055659 ], [ 119.985241621380752, -4.248546172055659 ], [ 119.988772000447341, -4.247005314068315 ], [ 119.989814046176917, -4.246396136805878 ], [ 119.991215418020133, -4.244192344457852 ], [ 119.991296266395707, -4.243708584319848 ], [ 119.992589840404861, -4.241854167650116 ], [ 119.992931200212823, -4.241083732362346 ], [ 119.993047981199751, -4.240044539361894 ], [ 119.993470189383274, -4.238853049115978 ], [ 119.99405409431796, -4.238064693657988 ], [ 119.995176988423111, -4.237634681251184 ], [ 119.99622801730554, -4.237697391408737 ], [ 119.997925833192511, -4.238154279545972 ], [ 120.000854341018751, -4.23933681229444 ], [ 120.001842487831283, -4.236962786386834 ] ] } },
{ "type": "Feature", "properties": { "FID": 612, "OBJECTID": 1872, "NAMOBJ": "Jaringan Drainase Tersier", "STSJRN": 1, "WADMPR": "Provinsi Sulawesi Selatan", "WADMKK": "Kabupaten Wajo", "REMARK": "Tidak Ada", "SBDATA": "Analisis Tim Penyusun, 2022", "SHAPE_Leng": 0.0058995471714899999 }, "geometry": { "type": "LineString", "coordinates": [ [ 120.035376597387454, -4.147004268365456 ], [ 120.035017271273816, -4.148554283368109 ], [ 120.034630995701647, -4.149262092675756 ], [ 120.034577096784602, -4.150910658730311 ], [ 120.034918456592564, -4.151322799706116 ], [ 120.036185081143174, -4.151618465925773 ] ] } },
{ "type": "Feature", "properties": { "FID": 613, "OBJECTID": 1873, "NAMOBJ": "Jaringan Drainase Tersier", "STSJRN": 1, "WADMPR": "Provinsi Sulawesi Selatan", "WADMKK": "Kabupaten Wajo", "REMARK": "Tidak Ada", "SBDATA": "Analisis Tim Penyusun, 2022", "SHAPE_Leng": 0.0080774096777400002 }, "geometry": { "type": "LineString", "coordinates": [ [ 120.038287138908018, -4.151591587183106 ], [ 120.035664058278385, -4.151591587183106 ], [ 120.034891507134034, -4.151358638041669 ], [ 120.034541164173248, -4.150928577907646 ], [ 120.034595063090293, -4.149253133068231 ], [ 120.034981338662448, -4.148536364136898 ], [ 120.035340664776086, -4.14698634909909 ] ] } },
{ "type": "Feature", "properties": { "FID": 614, "OBJECTID": 1874, "NAMOBJ": "Jaringan Drainase Tersier", "STSJRN": 1, "WADMPR": "Provinsi Sulawesi Selatan", "WADMKK": "Kabupaten Wajo", "REMARK": "Tidak Ada", "SBDATA": "Analisis Tim Penyusun, 2022", "SHAPE_Leng": 0.015813511979500001 }, "geometry": { "type": "LineString", "coordinates": [ [ 120.030831122049804, -4.143904229240277 ], [ 120.029726194250344, -4.146592125136257 ], [ 120.029636362721931, -4.147667280935293 ], [ 120.03031009918503, -4.149441284804921 ], [ 120.031208414469162, -4.150982335437211 ], [ 120.031828252015188, -4.151842455412388 ], [ 120.032259443351577, -4.151654304247902 ], [ 120.033804545640251, -4.152666736175744 ], [ 120.033606916277748, -4.153186390997118 ], [ 120.035906603405095, -4.153625409458821 ], [ 120.037694250820479, -4.153634369016721 ] ] } },
{ "type": "Feature", "properties": { "FID": 615, "OBJECTID": 1875, "NAMOBJ": "Jaringan Drainase Tersier", "STSJRN": 1, "WADMPR": "Provinsi Sulawesi Selatan", "WADMKK": "Kabupaten Wajo", "REMARK": "Tidak Ada", "SBDATA": "Analisis Tim Penyusun, 2022", "SHAPE_Leng": 0.015989263354499999 }, "geometry": { "type": "LineString", "coordinates": [ [ 120.037694250820479, -4.153670207247301 ], [ 120.035897620252257, -4.153661247689809 ], [ 120.033570983666394, -4.153222229248046 ], [ 120.033777596181736, -4.152684655313213 ], [ 120.032241477045901, -4.151690142568405 ], [ 120.03181926886235, -4.151887253302084 ], [ 120.031181465010633, -4.15100921420062 ], [ 120.030274166573662, -4.149459204015601 ], [ 120.029600430110563, -4.147667280935293 ], [ 120.029690261638976, -4.146583165498453 ], [ 120.030606543228785, -4.144128220913962 ], [ 120.030849088355495, -4.14381463255304 ] ] } },
{ "type": "Feature", "properties": { "FID": 616, "OBJECTID": 1876, "NAMOBJ": "Jaringan Drainase Tersier", "STSJRN": 1, "WADMPR": "Provinsi Sulawesi Selatan", "WADMKK": "Kabupaten Wajo", "REMARK": "Tidak Ada", "SBDATA": "Analisis Tim Penyusun, 2022", "SHAPE_Leng": 0.0013464187125 }, "geometry": { "type": "LineString", "coordinates": [ [ 120.031415026984504, -4.136378072147592 ], [ 120.032762499910675, -4.136378072147592 ] ] } },
{ "type": "Feature", "properties": { "FID": 617, "OBJECTID": 1877, "NAMOBJ": "Jaringan Drainase Tersier", "STSJRN": 1, "WADMPR": "Provinsi Sulawesi Selatan", "WADMKK": "Kabupaten Wajo", "REMARK": "Tidak Ada", "SBDATA": "Analisis Tim Penyusun, 2022", "SHAPE_Leng": 0.00134876716993 }, "geometry": { "type": "LineString", "coordinates": [ [ 120.032780466216352, -4.136413911160412 ], [ 120.031432993290181, -4.136413911160412 ] ] } },
{ "type": "Feature", "properties": { "FID": 618, "OBJECTID": 1878, "NAMOBJ": "Jaringan Drainase Tersier", "STSJRN": 1, "WADMPR": "Provinsi Sulawesi Selatan", "WADMKK": "Kabupaten Wajo", "REMARK": "Tidak Ada", "SBDATA": "Analisis Tim Penyusun, 2022", "SHAPE_Leng": 0.00082346603428299996 }, "geometry": { "type": "LineString", "coordinates": [ [ 120.029564497499209, -4.133815578529901 ], [ 120.029492632276472, -4.134182929522273 ], [ 120.029941789918524, -4.134245647967371 ] ] } },
{ "type": "Feature", "properties": { "FID": 619, "OBJECTID": 1879, "NAMOBJ": "Jaringan Drainase Tersier", "STSJRN": 1, "WADMPR": "Provinsi Sulawesi Selatan", "WADMKK": "Kabupaten Wajo", "REMARK": "Tidak Ada", "SBDATA": "Analisis Tim Penyusun, 2022", "SHAPE_Leng": 0.0034862050810599999 }, "geometry": { "type": "LineString", "coordinates": [ [ 120.029977722529921, -4.134281487076629 ], [ 120.029483649123634, -4.134218768634367 ], [ 120.029250087149762, -4.135437297481304 ], [ 120.029842975237273, -4.135535854879675 ], [ 120.03009450351685, -4.134415883721911 ] ] } },
{ "type": "Feature", "properties": { "FID": 620, "OBJECTID": 1880, "NAMOBJ": "Jaringan Drainase Tersier", "STSJRN": 1, "WADMPR": "Provinsi Sulawesi Selatan", "WADMKK": "Kabupaten Wajo", "REMARK": "Tidak Ada", "SBDATA": "Analisis Tim Penyusun, 2022", "SHAPE_Leng": 0.0022112351870800001 }, "geometry": { "type": "LineString", "coordinates": [ [ 120.030121452975365, -4.134451722823473 ], [ 120.029914840460009, -4.135374579130504 ], [ 120.031109599787911, -4.135795687962075 ] ] } },
{ "type": "Feature", "properties": { "FID": 621, "OBJECTID": 1881, "NAMOBJ": "Jaringan Drainase Tersier", "STSJRN": 1, "WADMPR": "Provinsi Sulawesi Selatan", "WADMKK": "Kabupaten Wajo", "REMARK": "Tidak Ada", "SBDATA": "Analisis Tim Penyusun, 2022", "SHAPE_Leng": 0.0046247671782900001 }, "geometry": { "type": "LineString", "coordinates": [ [ 120.031127566093588, -4.135840486760774 ], [ 120.029905857307156, -4.135410418188711 ], [ 120.029537548040679, -4.136548307444043 ], [ 120.03068739160436, -4.136808140194414 ], [ 120.031217397622001, -4.136028641687651 ] ] } },
{ "type": "Feature", "properties": { "FID": 622, "OBJECTID": 1882, "NAMOBJ": "Jaringan Drainase Tersier", "STSJRN": 1, "WADMPR": "Provinsi Sulawesi Selatan", "WADMKK": "Kabupaten Wajo", "REMARK": "Tidak Ada", "SBDATA": "Analisis Tim Penyusun, 2022", "SHAPE_Leng": 0.00185555939812 }, "geometry": { "type": "LineString", "coordinates": [ [ 120.031235363927678, -4.136064480716276 ], [ 120.030732307368552, -4.136817099942906 ], [ 120.0316575721112, -4.13699629489148 ] ] } },
{ "type": "Feature", "properties": { "FID": 623, "OBJECTID": 1883, "NAMOBJ": "Jaringan Drainase Tersier", "STSJRN": 1, "WADMPR": "Provinsi Sulawesi Selatan", "WADMKK": "Kabupaten Wajo", "REMARK": "Tidak Ada", "SBDATA": "Analisis Tim Penyusun, 2022", "SHAPE_Leng": 0.0074058985774900004 }, "geometry": { "type": "LineString", "coordinates": [ [ 120.023366122038794, -4.121486822207296 ], [ 120.022656452964327, -4.121092585563094 ], [ 120.021883901819976, -4.126378924296733 ], [ 120.022351025767733, -4.126441643358719 ], [ 120.022557638283075, -4.125715893909945 ] ] } },
{ "type": "Feature", "properties": { "FID": 624, "OBJECTID": 1884, "NAMOBJ": "Jaringan Drainase Tersier", "STSJRN": 1, "WADMPR": "Provinsi Sulawesi Selatan", "WADMKK": "Kabupaten Wajo", "REMARK": "Tidak Ada", "SBDATA": "Analisis Tim Penyusun, 2022", "SHAPE_Leng": 0.0030572921488899998 }, "geometry": { "type": "LineString", "coordinates": [ [ 120.022979846466598, -4.120035313597861 ], [ 120.021910851278506, -4.120232432206445 ], [ 120.022180345863759, -4.120743148374156 ], [ 120.023384088344471, -4.121450982520446 ] ] } },
{ "type": "Feature", "properties": { "FID": 625, "OBJECTID": 1885, "NAMOBJ": "Jaringan Drainase Tersier", "STSJRN": 1, "WADMPR": "Provinsi Sulawesi Selatan", "WADMKK": "Kabupaten Wajo", "REMARK": "Tidak Ada", "SBDATA": "Analisis Tim Penyusun, 2022", "SHAPE_Leng": 0.0038433042776699999 }, "geometry": { "type": "LineString", "coordinates": [ [ 120.022009665959771, -4.118377723366096 ], [ 120.021353895802363, -4.118225404090472 ], [ 120.02137186210804, -4.119013880025577 ], [ 120.021892884972814, -4.120196592463063 ], [ 120.022961880160921, -4.120008433783815 ] ] } },
{ "type": "Feature", "properties": { "FID": 626, "OBJECTID": 1886, "NAMOBJ": "Jaringan Drainase Tersier", "STSJRN": 1, "WADMPR": "Provinsi Sulawesi Selatan", "WADMKK": "Kabupaten Wajo", "REMARK": "Tidak Ada", "SBDATA": "Analisis Tim Penyusun, 2022", "SHAPE_Leng": 0.0032227824025100001 }, "geometry": { "type": "LineString", "coordinates": [ [ 120.021668306151795, -4.115671811893669 ], [ 120.021533558859176, -4.115922691489881 ], [ 120.021353895802363, -4.118189564256675 ], [ 120.022000682806905, -4.11834188353916 ] ] } },
{ "type": "Feature", "properties": { "FID": 627, "OBJECTID": 1887, "NAMOBJ": "Jaringan Drainase Tersier", "STSJRN": 1, "WADMPR": "Provinsi Sulawesi Selatan", "WADMKK": "Kabupaten Wajo", "REMARK": "Tidak Ada", "SBDATA": "Analisis Tim Penyusun, 2022", "SHAPE_Leng": 0.0056230003937400002 }, "geometry": { "type": "LineString", "coordinates": [ [ 120.022243227933643, -4.11192652852621 ], [ 120.021847969208608, -4.111845888260092 ], [ 120.02081490663187, -4.11582413165794 ], [ 120.021488643094969, -4.116012291326514 ], [ 120.021659322998957, -4.1156359719449 ] ] } },
{ "type": "Feature", "properties": { "FID": 628, "OBJECTID": 1888, "NAMOBJ": "Jaringan Drainase Tersier", "STSJRN": 1, "WADMPR": "Provinsi Sulawesi Selatan", "WADMKK": "Kabupaten Wajo", "REMARK": "Tidak Ada", "SBDATA": "Analisis Tim Penyusun, 2022", "SHAPE_Leng": 0.00041246829136599999 }, "geometry": { "type": "LineString", "coordinates": [ [ 120.021838986055769, -4.111810048139199 ], [ 120.022243227933643, -4.111890688408942 ] ] } },
{ "type": "Feature", "properties": { "FID": 629, "OBJECTID": 1889, "NAMOBJ": "Jaringan Drainase Tersier", "STSJRN": 1, "WADMPR": "Provinsi Sulawesi Selatan", "WADMKK": "Kabupaten Wajo", "REMARK": "Tidak Ada", "SBDATA": "Analisis Tim Penyusun, 2022", "SHAPE_Leng": 0.021749071781399999 }, "geometry": { "type": "LineString", "coordinates": [ [ 120.022575604588752, -4.125769653151115 ], [ 120.021865935514299, -4.128762245169518 ], [ 120.022342042614895, -4.126477482820488 ], [ 120.021847969208608, -4.126396844029235 ], [ 120.021874918667137, -4.125608375416692 ], [ 120.022297126850688, -4.123762639013526 ], [ 120.022629503505797, -4.121074665710986 ], [ 120.022036615418301, -4.120590829551438 ], [ 120.021335929496672, -4.119022839974894 ], [ 120.021479659942131, -4.116048131258343 ], [ 120.020778974020502, -4.115833091643165 ], [ 120.021838986055769, -4.111810048139199 ] ] } },
{ "type": "Feature", "properties": { "FID": 630, "OBJECTID": 1890, "NAMOBJ": "Jaringan Drainase Tersier", "STSJRN": 1, "WADMPR": "Provinsi Sulawesi Selatan", "WADMKK": "Kabupaten Wajo", "REMARK": "Tidak Ada", "SBDATA": "Analisis Tim Penyusun, 2022", "SHAPE_Leng": 0.0305118114837 }, "geometry": { "type": "LineString", "coordinates": [ [ 120.048563865758339, -4.094337797569709 ], [ 120.050055069129968, -4.094337797569709 ], [ 120.051555255654463, -4.095386143375592 ], [ 120.053594431349396, -4.095852074404046 ], [ 120.056181579367674, -4.097796437497701 ], [ 120.056999046276204, -4.097724755992905 ], [ 120.058005159394426, -4.09738426875739 ], [ 120.058768727385939, -4.097608273533909 ], [ 120.058005159394426, -4.097420109525848 ], [ 120.056495989717121, -4.097877079182916 ], [ 120.056172596214836, -4.097832278247689 ], [ 120.053576465043719, -4.095878955032026 ], [ 120.051546272501625, -4.095421984233566 ], [ 120.050046085977129, -4.094373638474634 ], [ 120.048554882605501, -4.094373638474634 ], [ 120.04605756611565, -4.093352172055475 ], [ 120.045752138919028, -4.092895199814432 ], [ 120.044512463826948, -4.091891652016932 ], [ 120.043946525197967, -4.090861222166422 ], [ 120.043290755040545, -4.090449049855087 ], [ 120.043084142525203, -4.089660545712158 ] ] } },
{ "type": "Feature", "properties": { "FID": 631, "OBJECTID": 1891, "NAMOBJ": "Jaringan Drainase Tersier", "STSJRN": 1, "WADMPR": "Provinsi Sulawesi Selatan", "WADMKK": "Kabupaten Wajo", "REMARK": "Tidak Ada", "SBDATA": "Analisis Tim Penyusun, 2022", "SHAPE_Leng": 0.0075984156281700002 }, "geometry": { "type": "LineString", "coordinates": [ [ 120.043111091983732, -4.089642625154437 ], [ 120.043326687651913, -4.090431129315002 ], [ 120.043973474656482, -4.090834341369971 ], [ 120.044539413285477, -4.091873731509119 ], [ 120.045779088377557, -4.092868319086248 ], [ 120.046075532421327, -4.093325291342634 ], [ 120.048563865758339, -4.094337797569709 ] ] } },
{ "type": "Feature", "properties": { "FID": 632, "OBJECTID": 1892, "NAMOBJ": "Jaringan Drainase Tersier", "STSJRN": 1, "WADMPR": "Provinsi Sulawesi Selatan", "WADMKK": "Kabupaten Wajo", "REMARK": "Tidak Ada", "SBDATA": "Analisis Tim Penyusun, 2022", "SHAPE_Leng": 0.0090310434544599999 }, "geometry": { "type": "LineString", "coordinates": [ [ 120.024605797130874, -4.093889786122769 ], [ 120.022737301339902, -4.09331633110482 ], [ 120.022351025767733, -4.093504496077863 ], [ 120.021964750195551, -4.093343211817962 ], [ 120.022333059462056, -4.091676605896715 ], [ 120.022566621435914, -4.089714307382915 ], [ 120.022494756213192, -4.088872040793357 ], [ 120.024066807960395, -4.089257333066515 ] ] } },
{ "type": "Feature", "properties": { "FID": 633, "OBJECTID": 1893, "NAMOBJ": "Jaringan Drainase Tersier", "STSJRN": 1, "WADMPR": "Provinsi Sulawesi Selatan", "WADMKK": "Kabupaten Wajo", "REMARK": "Tidak Ada", "SBDATA": "Analisis Tim Penyusun, 2022", "SHAPE_Leng": 0.0089158320772800004 }, "geometry": { "type": "LineString", "coordinates": [ [ 120.024075791113233, -4.089302134481604 ], [ 120.02253068882456, -4.08890788194286 ], [ 120.022602554047282, -4.089714307382915 ], [ 120.02236899207341, -4.091676605896715 ], [ 120.022000682806905, -4.093343211817962 ], [ 120.022431874143308, -4.093459694897816 ], [ 120.02274628449274, -4.093280490152559 ], [ 120.024614780283713, -4.093853945196182 ] ] } },
{ "type": "Feature", "properties": { "FID": 634, "OBJECTID": 1894, "NAMOBJ": "Jaringan Drainase Tersier", "STSJRN": 1, "WADMPR": "Provinsi Sulawesi Selatan", "WADMKK": "Kabupaten Wajo", "REMARK": "Tidak Ada", "SBDATA": "Analisis Tim Penyusun, 2022", "SHAPE_Leng": 0.063693680498999997 }, "geometry": { "type": "LineString", "coordinates": [ [ 120.075073149792701, -4.062940549953031 ], [ 120.072414136551714, -4.061686068259708 ], [ 120.071345141363608, -4.061659186487791 ], [ 120.069647325476609, -4.061318683965981 ], [ 120.065802536060588, -4.061417250500229 ], [ 120.065335412112859, -4.061220117419693 ], [ 120.063754377212788, -4.05990290878214 ], [ 120.061885881421844, -4.059768499616629 ], [ 120.060655189482603, -4.059141256548356 ], [ 120.060206031840522, -4.058711146734189 ], [ 120.059604160600173, -4.058048060321831 ], [ 120.058849575761499, -4.056408263207585 ], [ 120.058526182259229, -4.055996073245541 ], [ 120.05762786697511, -4.05503728273786 ], [ 120.056855315830759, -4.054759502097886 ], [ 120.056442090800061, -4.055171692690671 ], [ 120.054555628703412, -4.056372420610538 ], [ 120.053495616668144, -4.057510422290514 ], [ 120.053315953611332, -4.058522973618447 ], [ 120.053729178642016, -4.059929790612557 ], [ 120.053998673227269, -4.062510442163645 ], [ 120.052202042659019, -4.065601836799265 ], [ 120.051321693680578, -4.066497890999585 ], [ 120.050656940370345, -4.066497890999585 ], [ 120.048635730981061, -4.065978179684731 ], [ 120.047944028212285, -4.065978179684731 ], [ 120.04767453362706, -4.065691442264122 ], [ 120.047476904264556, -4.06510900656451 ], [ 120.046497740604863, -4.064347359245511 ], [ 120.044260935547399, -4.06461617602849 ], [ 120.043084142525203, -4.065028361588322 ], [ 120.041745652751871, -4.065189651532632 ], [ 120.040883270079107, -4.0655570340631 ], [ 120.040407162978539, -4.065539112967937 ], [ 120.038880026995514, -4.064598254912412 ], [ 120.037272042636957, -4.063137682613188 ], [ 120.035313715317571, -4.062331230517053 ], [ 120.031118582940749, -4.060252372507729 ], [ 120.030777223132759, -4.060557033068128 ], [ 120.029250087149762, -4.060485348240733 ], [ 120.028136176197464, -4.060341978566842 ], [ 120.026734804354234, -4.059723696556486 ], [ 120.026348528782052, -4.059687854106581 ] ] } },
{ "type": "Feature", "properties": { "FID": 635, "OBJECTID": 1895, "NAMOBJ": "Jaringan Drainase Tersier", "STSJRN": 1, "WADMPR": "Provinsi Sulawesi Selatan", "WADMKK": "Kabupaten Wajo", "REMARK": "Tidak Ada", "SBDATA": "Analisis Tim Penyusun, 2022", "SHAPE_Leng": 0.079896017014499998 }, "geometry": { "type": "LineString", "coordinates": [ [ 120.092087241273916, -4.046838233374499 ], [ 120.090560105290919, -4.045924235840891 ], [ 120.08785617628574, -4.044866864858515 ], [ 120.086706332722059, -4.04470557085854 ], [ 120.085772084826573, -4.043988708247992 ], [ 120.084846820083925, -4.042375765055997 ], [ 120.084622241262906, -4.040816583586847 ], [ 120.08363409445036, -4.03975024510895 ], [ 120.082879509611701, -4.039579989255822 ], [ 120.081981194327568, -4.03958895009109 ], [ 120.081002030667875, -4.039221555764032 ], [ 120.078890989750221, -4.039015456434553 ], [ 120.078343017426889, -4.039122986526031 ], [ 120.07695961188935, -4.038737670298953 ], [ 120.076151128133645, -4.03875559198799 ], [ 120.074983318264287, -4.038370275586461 ], [ 120.074246699731319, -4.038513649152588 ], [ 120.073366350752877, -4.038424040676727 ], [ 120.072737530053985, -4.038029763265397 ], [ 120.072423119704553, -4.036936538532238 ], [ 120.072135658813636, -4.036596025609739 ], [ 120.071372090822123, -4.036291356031714 ], [ 120.07066242174767, -4.035798507942879 ], [ 120.070105466271528, -4.035699938289216 ], [ 120.069467662419783, -4.03595084283864 ], [ 120.067473402489057, -4.035753703556332 ], [ 120.067150008986758, -4.036443690835017 ], [ 120.066054064340136, -4.037868467905555 ], [ 120.066134912715697, -4.038182097742481 ], [ 120.066404407300965, -4.038406118980368 ], [ 120.066548137746409, -4.040332699073122 ], [ 120.066772716567442, -4.041318389444304 ], [ 120.065901350741839, -4.041497605746718 ], [ 120.065497108863994, -4.042035254416313 ], [ 120.064796422942365, -4.042277196201322 ], [ 120.064338282147475, -4.043253923414104 ], [ 120.064401164217372, -4.043827414073228 ], [ 120.065218631125916, -4.044078316108991 ], [ 120.065425243641272, -4.044320257284194 ], [ 120.065371344724213, -4.04533282512252 ], [ 120.064122686479294, -4.045252178172927 ], [ 120.063305219570736, -4.046587332193471 ], [ 120.062595550496269, -4.047008487703071 ], [ 120.061436723779764, -4.047196663498269 ], [ 120.060807903080899, -4.048487010630114 ], [ 120.059918570949606, -4.049589180509877 ], [ 120.059092120888209, -4.049687748474789 ], [ 120.058301603438181, -4.049535416160319 ], [ 120.057367355542709, -4.050852641696167 ], [ 120.055840219559698, -4.051399244860381 ], [ 120.056783450608023, -4.053101776939244 ], [ 120.056648703315417, -4.053890316898063 ], [ 120.056864298983598, -4.054723659427709 ], [ 120.057654816433626, -4.055001440080003 ], [ 120.058553131717758, -4.05596919128419 ], [ 120.058885508372867, -4.05639034190926 ], [ 120.059640093211542, -4.058030139059886 ], [ 120.06067315578828, -4.059105414072593 ], [ 120.061894864574683, -4.059732657168714 ], [ 120.063772343518465, -4.059876026950828 ], [ 120.065362361571374, -4.061193235632253 ], [ 120.065811519213426, -4.061381408125532 ], [ 120.069647325476609, -4.061282841586904 ], [ 120.071345141363608, -4.06162334412384 ], [ 120.072423119704553, -4.061650225896952 ], [ 120.075118065556907, -4.062922628799718 ] ] } },
{ "type": "Feature", "properties": { "FID": 636, "OBJECTID": 1896, "NAMOBJ": "Jaringan Drainase Tersier", "STSJRN": 1, "WADMPR": "Provinsi Sulawesi Selatan", "WADMKK": "Kabupaten Wajo", "REMARK": "Tidak Ada", "SBDATA": "Analisis Tim Penyusun, 2022", "SHAPE_Leng": 0.053364943831099999 }, "geometry": { "type": "LineString", "coordinates": [ [ 120.052291874187432, -4.025278370189863 ], [ 120.053477650362467, -4.025117072299968 ], [ 120.054420881410792, -4.025376941106845 ], [ 120.056540905481313, -4.026756932691449 ], [ 120.059217885027991, -4.028952369026242 ], [ 120.059774840504147, -4.02959755735337 ], [ 120.060080267700741, -4.030386120169249 ], [ 120.060188065534845, -4.030753518492791 ], [ 120.060017385630857, -4.031846751546707 ], [ 120.060583324259838, -4.032832452220108 ], [ 120.060538408495631, -4.033504520175607 ], [ 120.060709088399648, -4.034042174139777 ], [ 120.061355875404189, -4.034992028606886 ], [ 120.062173342312747, -4.035834351450334 ], [ 120.06239792113378, -4.036613947346063 ], [ 120.062847078775818, -4.037268090451121 ], [ 120.063206404889485, -4.037456268507007 ], [ 120.066027114881607, -4.037841585342465 ], [ 120.067114076375404, -4.036416808224747 ], [ 120.067446453030541, -4.035717860045318 ], [ 120.069467662419783, -4.035914999336325 ], [ 120.070258179869825, -4.035664094775828 ], [ 120.072162608272166, -4.036569143004512 ], [ 120.072450069163068, -4.036918616803035 ], [ 120.072773462665353, -4.03801184156033 ], [ 120.073366350752877, -4.038388197283613 ], [ 120.074246699731319, -4.038477805763431 ], [ 120.074983318264287, -4.038334432190971 ], [ 120.076160111286484, -4.03871974860952 ], [ 120.076968595042203, -4.038701826919691 ], [ 120.078343017426889, -4.03908714316379 ], [ 120.078890989750221, -4.038979613067562 ], [ 120.080678637165605, -4.039149869046673 ], [ 120.081990177480421, -4.039553106749431 ], [ 120.083364599865135, -4.039615832596292 ], [ 120.083921555341277, -4.039929461757853 ], [ 120.08465817387426, -4.040798661943338 ], [ 120.085017499987899, -4.042653549945608 ], [ 120.085655303839644, -4.0438184532848 ], [ 120.086472770748173, -4.044517394484656 ], [ 120.086948877848769, -4.044759335528766 ], [ 120.087865159438579, -4.044831021750184 ], [ 120.09057807159661, -4.045888392779342 ], [ 120.092105207579607, -4.046811351108822 ] ] } },
{ "type": "Feature", "properties": { "FID": 637, "OBJECTID": 1897, "NAMOBJ": "Jaringan Drainase Tersier", "STSJRN": 1, "WADMPR": "Provinsi Sulawesi Selatan", "WADMKK": "Kabupaten Wajo", "REMARK": "Tidak Ada", "SBDATA": "Analisis Tim Penyusun, 2022", "SHAPE_Leng": 0.121189909278 }, "geometry": { "type": "LineString", "coordinates": [ [ 120.123905568637426, -4.032456093922253 ], [ 120.123142000645942, -4.03163168942275 ], [ 120.122297584278868, -4.030180018597997 ], [ 120.121623847815769, -4.028656657538618 ], [ 120.120617734697547, -4.028083156165336 ], [ 120.118803137823647, -4.027993546539244 ], [ 120.11731193445199, -4.027142254599184 ], [ 120.116323787639487, -4.025099150310228 ], [ 120.116440568626416, -4.023172534113169 ], [ 120.116772945281525, -4.022706561139278 ], [ 120.117078372478119, -4.022590067854162 ], [ 120.117276001840622, -4.022142016602342 ], [ 120.117267018687784, -4.020224354461138 ], [ 120.119449924828203, -4.018405259569311 ], [ 120.120366206417998, -4.014928357553305 ], [ 120.120141627596979, -4.012526777409734 ], [ 120.120545869474824, -4.011639624749582 ], [ 120.120060779221404, -4.010331296846434 ], [ 120.120420105335057, -4.009444141802621 ], [ 120.119324160688421, -4.00607473609772 ], [ 120.119710436260618, -4.004766399290502 ], [ 120.119845183553224, -4.00344013792649 ], [ 120.120411122182205, -4.002122835661042 ], [ 120.120393155876528, -4.001486586869145 ], [ 120.119431958522512, -3.999819791916242 ], [ 120.119036699797519, -3.998583135405306 ], [ 120.118569575849776, -3.99781246446202 ], [ 120.11682684419857, -3.997337515729173 ], [ 120.115272758757058, -3.996002281025254 ], [ 120.1144552918485, -3.995679673656627 ], [ 120.114060033123494, -3.994819386720005 ], [ 120.11211068895696, -3.994003905561839 ], [ 120.111697463926262, -3.992982312637782 ], [ 120.111257289437035, -3.99241774758161 ], [ 120.110763216030776, -3.991037698032104 ], [ 120.109819984982451, -3.991064582136389 ], [ 120.107951489191478, -3.990804702424768 ], [ 120.106280622763023, -3.99082262516614 ], [ 120.105364341173214, -3.989917526237979 ], [ 120.102759226849273, -3.989236461040414 ], [ 120.101807012648109, -3.987202223470755 ], [ 120.101393787617397, -3.987014033837625 ], [ 120.100423607110571, -3.988394090146661 ], [ 120.098950370044591, -3.989102040211024 ], [ 120.09816883574743, -3.989729337226684 ], [ 120.097656796035466, -3.989809989665375 ], [ 120.097288486768988, -3.989657646163423 ], [ 120.096614750305889, -3.989926487618394 ], [ 120.096363222026341, -3.990840547907122 ], [ 120.094485743082515, -3.992122022873422 ], [ 120.091889611911412, -3.995410834085847 ], [ 120.091557235256303, -3.995715518926074 ], [ 120.090730785194907, -3.996091894160686 ], [ 120.088583811665856, -3.99589474524981 ], [ 120.08640988867829, -3.994944845287785 ], [ 120.085457674477112, -3.994998613239531 ], [ 120.084298847760607, -3.995392911444662 ], [ 120.083912572188439, -3.995348104839987 ], [ 120.081945261716214, -3.994012866897651 ], [ 120.080759485541179, -3.99419209359335 ], [ 120.079726422964427, -3.994774580084007 ], [ 120.078522680483715, -3.995177839719902 ], [ 120.077777078797908, -3.995312259554485 ], [ 120.07660926892855, -3.995231607656379 ], [ 120.075279762308043, -3.994756657428922 ], [ 120.074013137757433, -3.994066634910471 ], [ 120.073312451835832, -3.992668665432289 ], [ 120.07165955171304, -3.991423036776089 ], [ 120.07041987662096, -3.989836873809846 ], [ 120.068425616690206, -3.988904889621468 ], [ 120.0669164470129, -3.98778471491928 ], [ 120.064886254470778, -3.986789998503914 ], [ 120.064652692496921, -3.986440503261417 ], [ 120.064446079981565, -3.985625013784516 ], [ 120.063844208741202, -3.98511421227167 ], [ 120.063386067946311, -3.984164299842847 ], [ 120.06336810164062, -3.983079964503229 ], [ 120.062981826068466, -3.981870167189944 ], [ 120.061526555308177, -3.981511708385244 ], [ 120.056478023411429, -3.979728373512156 ] ] } },
{ "type": "Feature", "properties": { "FID": 638, "OBJECTID": 1898, "NAMOBJ": "Jaringan Drainase Tersier", "STSJRN": 1, "WADMPR": "Provinsi Sulawesi Selatan", "WADMKK": "Kabupaten Wajo", "REMARK": "Tidak Ada", "SBDATA": "Analisis Tim Penyusun, 2022", "SHAPE_Leng": 0.121920595166 }, "geometry": { "type": "LineString", "coordinates": [ [ 120.134802133033816, -4.023038118859589 ], [ 120.134487722684383, -4.021021887394994 ], [ 120.135960959750321, -4.018548636653911 ], [ 120.135790279846347, -4.017186553332659 ], [ 120.136140622807147, -4.014964201979556 ], [ 120.136419100545211, -4.014220429812349 ], [ 120.137892337611191, -4.012580544206655 ], [ 120.13800911859812, -4.010286491059231 ], [ 120.138610989838469, -4.008539063442492 ], [ 120.138619972991307, -4.008064120931889 ], [ 120.138242680571992, -4.00652279616721 ], [ 120.138287596336198, -4.002570897893921 ], [ 120.137488095733318, -3.999022238293138 ], [ 120.137335382135021, -3.99745401261364 ], [ 120.137955219681075, -3.996047087594194 ], [ 120.137524028344686, -3.995401872765305 ], [ 120.136068757584411, -3.994120402919768 ], [ 120.13574536408214, -3.993546877305641 ], [ 120.136616729907715, -3.989899603476855 ], [ 120.13545790319121, -3.989003464922158 ], [ 120.133014485618403, -3.988528511091868 ], [ 120.129214611966589, -3.98706780230863 ], [ 120.128630707031903, -3.985983470797061 ], [ 120.128684605948948, -3.983958186623838 ], [ 120.128190532542689, -3.983429461173726 ], [ 120.124857782838603, -3.98288281246977 ], [ 120.12377082134482, -3.982972427036288 ], [ 120.122585045169785, -3.983698304665396 ], [ 120.12193825816523, -3.98514109656973 ], [ 120.120842313518608, -3.985383055212717 ], [ 120.119207379701493, -3.985239672321762 ], [ 120.118497710627054, -3.985768396608285 ], [ 120.117554479578729, -3.98706780230863 ], [ 120.117015490408235, -3.987148455008542 ], [ 120.116108191971279, -3.987686139472395 ], [ 120.11569496694058, -3.988313437568981 ], [ 120.115039196783172, -3.988869044054648 ], [ 120.113727656468356, -3.989003464922158 ], [ 120.112667644433088, -3.989720375844118 ], [ 120.111212373672828, -3.989801028283689 ], [ 120.110942879087602, -3.99014156071902 ], [ 120.110799148642144, -3.991019775295426 ], [ 120.111293222048403, -3.992399824875055 ], [ 120.11173339653763, -3.992964389943555 ], [ 120.112137638415476, -3.993977021553814 ], [ 120.114086982582023, -3.994783541411403 ], [ 120.11448224130703, -3.995652789703513 ], [ 120.115290725062735, -3.995966435768338 ], [ 120.116844810504261, -3.997310631830407 ], [ 120.118596525308305, -3.997785580578828 ], [ 120.119063649256034, -3.998565212833458 ], [ 120.11946789113388, -3.999801869371439 ], [ 120.120420105335057, -4.001477625615024 ], [ 120.120447054793573, -4.002131796908103 ], [ 120.119881116164592, -4.003449099159133 ], [ 120.119746368871972, -4.004766399290502 ], [ 120.11936009329979, -4.00607473609772 ], [ 120.120456037946411, -4.00943518063565 ], [ 120.120096711832772, -4.010331296846434 ], [ 120.120581802086193, -4.011639624749582 ], [ 120.120177560208347, -4.012526777409734 ], [ 120.120402139029366, -4.014928357553305 ], [ 120.119485857439557, -4.018423181706264 ], [ 120.117293968146313, -4.020242276558109 ], [ 120.11731193445199, -4.022150977629793 ], [ 120.117105321936648, -4.022616950921437 ], [ 120.116799894740055, -4.022733444202709 ], [ 120.116476501237784, -4.023190456145302 ], [ 120.116359720250841, -4.025099150310228 ], [ 120.117338883910534, -4.027115371681307 ], [ 120.118821104129324, -4.027957702686043 ], [ 120.120626717850399, -4.028047312316083 ], [ 120.121650797274299, -4.028638735626822 ], [ 120.12317793325731, -4.031613767576517 ], [ 120.123932518095955, -4.032438172094198 ] ] } },
{ "type": "Feature", "properties": { "FID": 639, "OBJECTID": 1899, "NAMOBJ": "Jaringan Drainase Tersier", "STSJRN": 1, "WADMPR": "Provinsi Sulawesi Selatan", "WADMKK": "Kabupaten Wajo", "REMARK": "Tidak Ada", "SBDATA": "Analisis Tim Penyusun, 2022", "SHAPE_Leng": 0.13775034785599999 }, "geometry": { "type": "LineString", "coordinates": [ [ 120.056487006564268, -3.979701489037282 ], [ 120.061535538461015, -3.981475862496187 ], [ 120.063008775526981, -3.981843282785007 ], [ 120.063404034251988, -3.983071003048188 ], [ 120.063422000557679, -3.984146376956288 ], [ 120.06388014135257, -3.985096289405808 ], [ 120.064473029440094, -3.985607090929787 ], [ 120.064913203929308, -3.986754152844855 ], [ 120.066934413318577, -3.987757830707666 ], [ 120.068443582995883, -3.988878005446499 ], [ 120.070446826079475, -3.989801028283689 ], [ 120.07168650117157, -3.99139615268354 ], [ 120.073141771931859, -3.99242670893474 ], [ 120.073617879032426, -3.993089848794934 ], [ 120.073941272534711, -3.993941176208411 ], [ 120.074471278552352, -3.994326513589435 ], [ 120.076618252081403, -3.995195762365787 ], [ 120.077768095645069, -3.995276414267417 ], [ 120.079717439811589, -3.994738734773446 ], [ 120.080741519235488, -3.994156248257342 ], [ 120.081954244869053, -3.993977021553814 ], [ 120.083921555341277, -3.995312259554485 ], [ 120.084451561358918, -3.995330182197432 ], [ 120.085619371228276, -3.994935883962151 ], [ 120.086535652818057, -3.99492692263642 ], [ 120.087487867019234, -3.995464602007053 ], [ 120.088592794818695, -3.995858899988196 ], [ 120.08988636882782, -3.996065010221084 ], [ 120.090721802042069, -3.996056048907688 ], [ 120.091539268950626, -3.995688634974135 ], [ 120.094333029484218, -3.992220597787987 ], [ 120.096336272567811, -3.990813663795503 ], [ 120.09658780084736, -3.989899603476855 ], [ 120.097279503616136, -3.989621800629446 ], [ 120.097656796035466, -3.989774144138046 ], [ 120.098150869441739, -3.989693491695836 ], [ 120.098932403738914, -3.989075156042506 ], [ 120.100396657652041, -3.98836720595498 ], [ 120.10097157943386, -3.987381451652729 ], [ 120.101384804464558, -3.986978188188334 ], [ 120.101842945259463, -3.987175339240088 ], [ 120.102786176307802, -3.989209576876296 ], [ 120.105382307478891, -3.989881680715342 ], [ 120.106289605915862, -3.990795741053935 ], [ 120.107951489191478, -3.990768856940849 ], [ 120.109819984982451, -3.991028736663814 ], [ 120.110763216030776, -3.991001852558355 ], [ 120.110915929629073, -3.990123637962785 ], [ 120.111194407367151, -3.989774144138046 ], [ 120.11265866128025, -3.989684530312879 ], [ 120.113718673315518, -3.98896761935964 ], [ 120.115021230477481, -3.988842159878506 ], [ 120.115668017482065, -3.988286553374662 ], [ 120.116090225665587, -3.987650293852415 ], [ 120.116997524102558, -3.987112609365113 ], [ 120.117527530120199, -3.987040918073566 ], [ 120.11847076116851, -3.985741512330733 ], [ 120.119189413395816, -3.985203826595117 ], [ 120.120842313518608, -3.985347209492322 ], [ 120.121920291859553, -3.985105250838788 ], [ 120.122558095711256, -3.983671420320181 ], [ 120.123600141440832, -3.982990349948421 ], [ 120.124857782838603, -3.982846966640429 ], [ 120.128208498848366, -3.983393615368199 ], [ 120.12872053856033, -3.983940263732788 ], [ 120.128666639643257, -3.985974509373651 ], [ 120.129232578272266, -3.987040918073566 ], [ 120.133023468771242, -3.98849266550863 ], [ 120.135466886344048, -3.98896761935964 ], [ 120.136652662519111, -3.989881680715342 ], [ 120.135781296693509, -3.99353791596474 ], [ 120.136095707042941, -3.99409351891556 ], [ 120.137541994650363, -3.995374988803086 ], [ 120.137991152292443, -3.996038126280602 ], [ 120.137371314746389, -3.99745401261364 ], [ 120.137524028344686, -3.999022238293138 ], [ 120.138323528947552, -4.002570897893921 ], [ 120.13827861318336, -4.00652279616721 ], [ 120.138655905602675, -4.008055159749791 ], [ 120.13860200668563, -4.008933355128496 ], [ 120.138045051209488, -4.010295452216869 ], [ 120.137928270222559, -4.012589505339133 ], [ 120.136455033156579, -4.014238352041213 ], [ 120.136176555418515, -4.014973163085872 ], [ 120.135826212457715, -4.017186553332659 ], [ 120.135996892361689, -4.018566558787714 ], [ 120.134523655295737, -4.021030848434762 ], [ 120.13483806564517, -4.023047079877185 ] ] } },
{ "type": "Feature", "properties": { "FID": 640, "OBJECTID": 1900, "NAMOBJ": "Jaringan Drainase Tersier", "STSJRN": 1, "WADMPR": "Provinsi Sulawesi Selatan", "WADMKK": "Kabupaten Wajo", "REMARK": "Tidak Ada", "SBDATA": "Analisis Tim Penyusun, 2022", "SHAPE_Leng": 0.0073680998704099996 }, "geometry": { "type": "LineString", "coordinates": [ [ 119.94662304731645, -3.980391523614549 ], [ 119.943919118311257, -3.979316144800983 ], [ 119.941152307236152, -3.979262375823445 ], [ 119.939481440807711, -3.979432644240274 ] ] } },
{ "type": "Feature", "properties": { "FID": 641, "OBJECTID": 1901, "NAMOBJ": "Jaringan Drainase Tersier", "STSJRN": 1, "WADMPR": "Provinsi Sulawesi Selatan", "WADMKK": "Kabupaten Wajo", "REMARK": "Tidak Ada", "SBDATA": "Analisis Tim Penyusun, 2022", "SHAPE_Leng": 0.0073946887750599996 }, "geometry": { "type": "LineString", "coordinates": [ [ 119.939472457654873, -3.979396798260708 ], [ 119.941152307236152, -3.97922652983647 ], [ 119.943928101464095, -3.979280298816347 ], [ 119.946641013622127, -3.980364639161325 ] ] } },
{ "type": "Feature", "properties": { "FID": 642, "OBJECTID": 1902, "NAMOBJ": "Jaringan Drainase Tersier", "STSJRN": 1, "WADMPR": "Provinsi Sulawesi Selatan", "WADMKK": "Kabupaten Wajo", "REMARK": "Tidak Ada", "SBDATA": "Analisis Tim Penyusun, 2022", "SHAPE_Leng": 0.0118105695862 }, "geometry": { "type": "LineString", "coordinates": [ [ 120.067401537266306, -3.950414814485039 ], [ 120.067410520419173, -3.949733716700196 ], [ 120.066637969274822, -3.94963513671134 ], [ 120.066655935580513, -3.949294587568827 ], [ 120.067069160611197, -3.948138511805861 ], [ 120.069252066751602, -3.944544808651773 ], [ 120.064904220776455, -3.943164679119521 ] ] } },
{ "type": "Feature", "properties": { "FID": 643, "OBJECTID": 1903, "NAMOBJ": "Jaringan Drainase Tersier", "STSJRN": 1, "WADMPR": "Provinsi Sulawesi Selatan", "WADMKK": "Kabupaten Wajo", "REMARK": "Tidak Ada", "SBDATA": "Analisis Tim Penyusun, 2022", "SHAPE_Leng": 0.0128226670063 }, "geometry": { "type": "LineString", "coordinates": [ [ 120.071731416935776, -3.948792725419889 ], [ 120.071434972892021, -3.94809370263535 ], [ 120.071363107669285, -3.945584385227389 ], [ 120.06928799936297, -3.944562732396857 ], [ 120.067105093222551, -3.948147473639673 ], [ 120.066691868191867, -3.94931251121139 ], [ 120.066664918733352, -3.949599289439762 ], [ 120.067446453030541, -3.949706831249852 ], [ 120.067437469877703, -3.95040585267571 ] ] } },
{ "type": "Feature", "properties": { "FID": 644, "OBJECTID": 1904, "NAMOBJ": "Jaringan Drainase Tersier", "STSJRN": 1, "WADMPR": "Provinsi Sulawesi Selatan", "WADMKK": "Kabupaten Wajo", "REMARK": "Tidak Ada", "SBDATA": "Analisis Tim Penyusun, 2022", "SHAPE_Leng": 0.010224792004600001 }, "geometry": { "type": "LineString", "coordinates": [ [ 120.064913203929308, -3.94311986968071 ], [ 120.069207150987395, -3.944491037414207 ], [ 120.071327175057931, -3.945494766608313 ], [ 120.071470905503375, -3.948084740800957 ], [ 120.07176734954713, -3.948765839939062 ] ] } },
{ "type": "Feature", "properties": { "FID": 645, "OBJECTID": 1905, "NAMOBJ": "Jaringan Drainase Tersier", "STSJRN": 1, "WADMPR": "Provinsi Sulawesi Selatan", "WADMKK": "Kabupaten Wajo", "REMARK": "Tidak Ada", "SBDATA": "Analisis Tim Penyusun, 2022", "SHAPE_Leng": 0.036626178474299997 }, "geometry": { "type": "LineString", "coordinates": [ [ 120.301816910657308, -3.977541766689149 ], [ 120.302760141705633, -3.972388879306943 ], [ 120.302796074317001, -3.968472663371219 ], [ 120.306128824021087, -3.968607087567041 ], [ 120.305985093575629, -3.966178487056709 ], [ 120.304664570107988, -3.964153154235694 ], [ 120.303972867339198, -3.962405628566602 ], [ 120.303721339059649, -3.962145739818367 ], [ 120.303173366736331, -3.961930659413254 ], [ 120.300514353495345, -3.961536345191981 ], [ 120.299238745791897, -3.961115145702581 ], [ 120.297540929904898, -3.961043452151115 ], [ 120.296498884175321, -3.960702907696828 ], [ 120.295079546026415, -3.96071186939479 ], [ 120.294621405231524, -3.96130334124562 ], [ 120.294208180200812, -3.961401919846318 ], [ 120.291899509920626, -3.960174167345362 ], [ 120.290435256007513, -3.958605867706023 ], [ 120.28956389018191, -3.958274283973231 ], [ 120.28832421508983, -3.958077126015111 ] ] } },
{ "type": "Feature", "properties": { "FID": 646, "OBJECTID": 1906, "NAMOBJ": "Jaringan Drainase Tersier", "STSJRN": 1, "WADMPR": "Provinsi Sulawesi Selatan", "WADMKK": "Kabupaten Wajo", "REMARK": "Tidak Ada", "SBDATA": "Analisis Tim Penyusun, 2022", "SHAPE_Leng": 0.088652378823199998 }, "geometry": { "type": "LineString", "coordinates": [ [ 120.288315231936991, -3.958041279108591 ], [ 120.289572873334762, -3.958238437075246 ], [ 120.290453222313204, -3.958570020822394 ], [ 120.291917476226303, -3.96014728223372 ], [ 120.29421716335365, -3.961366073083788 ], [ 120.294603438925833, -3.961267494478816 ], [ 120.295061579720723, -3.960676022602363 ], [ 120.296498884175321, -3.960667060904015 ], [ 120.297549913057736, -3.961007605373053 ], [ 120.299238745791897, -3.961079298927624 ], [ 120.300523336648183, -3.961500498435273 ], [ 120.30318234988917, -3.961894812673632 ], [ 120.303945917880682, -3.962324973446578 ], [ 120.304772367942078, -3.961823119189727 ], [ 120.305607801156285, -3.960882141637606 ], [ 120.308464443759803, -3.959663350074831 ], [ 120.309425641113805, -3.958776140382069 ], [ 120.310404804773498, -3.956231008311734 ], [ 120.310665316205899, -3.949823334861723 ], [ 120.310916844485433, -3.947385717420282 ], [ 120.311671429324107, -3.943218450442905 ], [ 120.310279040633731, -3.943057136462317 ], [ 120.308599191052409, -3.942205756601751 ], [ 120.306533065898932, -3.940771851708133 ], [ 120.304781351094917, -3.939087010299338 ], [ 120.302984720526666, -3.939741231038846 ], [ 120.302445731356201, -3.939830850278168 ], [ 120.301628264447643, -3.939669535640439 ], [ 120.301268938334005, -3.939158705747944 ], [ 120.30091859537319, -3.937160192804484 ], [ 120.301125207888532, -3.935170637036949 ], [ 120.30102639320728, -3.93487489185491 ], [ 120.299616038211212, -3.934068313552037 ], [ 120.299220779486205, -3.933485784292104 ], [ 120.298933318595303, -3.93331550643151 ], [ 120.297855340254358, -3.93289429262687 ], [ 120.290354407631952, -3.932571660632523 ], [ 120.28956389018191, -3.932257990518283 ], [ 120.288423029771081, -3.931523105788423 ], [ 120.28743488295855, -3.928520826078814 ], [ 120.285916730128392, -3.926585022089093 ], [ 120.285755033377256, -3.926181729026109 ], [ 120.284847734940286, -3.922865756456821 ], [ 120.285099263219834, -3.922148787684097 ], [ 120.285126212678364, -3.921046446996161 ], [ 120.284317728922673, -3.919173360705242 ], [ 120.284084166948787, -3.918904496299995 ], [ 120.279763270432184, -3.91661018319357 ] ] } },
{ "type": "Feature", "properties": { "FID": 647, "OBJECTID": 1907, "NAMOBJ": "Jaringan Drainase Tersier", "STSJRN": 1, "WADMPR": "Provinsi Sulawesi Selatan", "WADMKK": "Kabupaten Wajo", "REMARK": "Tidak Ada", "SBDATA": "Analisis Tim Penyusun, 2022", "SHAPE_Leng": 0.11624839218499999 }, "geometry": { "type": "LineString", "coordinates": [ [ 120.279772253585023, -3.916574334501365 ], [ 120.284102133254464, -3.918877609854716 ], [ 120.284344678381188, -3.919155436414248 ], [ 120.285162145289732, -3.921046446996161 ], [ 120.285135195831202, -3.922157749797554 ], [ 120.284883667551654, -3.922865756456821 ], [ 120.285790965988625, -3.92617276695583 ], [ 120.285943679586921, -3.926567097957099 ], [ 120.287461832417065, -3.928502901988396 ], [ 120.288449979229611, -3.931496219749437 ], [ 120.289581856487601, -3.932222142497711 ], [ 120.29036339078479, -3.932535812625441 ], [ 120.297855340254358, -3.932858444633665 ], [ 120.29895128490098, -3.933288620450341 ], [ 120.299247728944735, -3.933458898316429 ], [ 120.299642987669742, -3.93404142759516 ], [ 120.301062325818634, -3.934865929878058 ], [ 120.301161140499886, -3.935170637036949 ], [ 120.300954527984544, -3.937151230852226 ], [ 120.301304870945373, -3.939140781886373 ], [ 120.301646230753335, -3.939633687938918 ], [ 120.302436748203363, -3.939795002583598 ], [ 120.302975737373828, -3.939705383340415 ], [ 120.304790334247755, -3.93905116257272 ], [ 120.307620027392716, -3.941578423515033 ], [ 120.310297006939408, -3.943021288906826 ], [ 120.313692638713377, -3.943352878736146 ], [ 120.311707361935476, -3.943218450442905 ], [ 120.310952777096801, -3.947394679262219 ], [ 120.310701248817253, -3.949823334861723 ], [ 120.310440737384866, -3.956239970058097 ], [ 120.309452590572334, -3.958794063819615 ], [ 120.30823986493877, -3.95985154594802 ], [ 120.305625767461962, -3.960917988421104 ], [ 120.304790334247755, -3.961850004246918 ], [ 120.303972867339198, -3.96235185848746 ], [ 120.304691519566504, -3.964135230914243 ], [ 120.306012043034158, -3.966169525417989 ], [ 120.306164756632455, -3.968607087567041 ], [ 120.310171242799612, -3.96939570907514 ], [ 120.31564198287991, -3.970202253020256 ], [ 120.316782843290738, -3.970238099399529 ], [ 120.31564198287991, -3.970238099399529 ], [ 120.310162259646773, -3.969431555489431 ], [ 120.306146790326764, -3.968642934015566 ], [ 120.302832006928369, -3.968499548212133 ], [ 120.302796074317001, -3.972388879306943 ], [ 120.301843860115838, -3.977568651234507 ] ] } },
{ "type": "Feature", "properties": { "FID": 648, "OBJECTID": 1908, "NAMOBJ": "Jaringan Drainase Tersier", "STSJRN": 1, "WADMPR": "Provinsi Sulawesi Selatan", "WADMKK": "Kabupaten Wajo", "REMARK": "Tidak Ada", "SBDATA": "Analisis Tim Penyusun, 2022", "SHAPE_Leng": 0.014212823503799999 }, "geometry": { "type": "LineString", "coordinates": [ [ 120.009567999274722, -4.2096385683916 ], [ 120.007690520330897, -4.212899607556854 ], [ 120.006441862085978, -4.214655546060502 ], [ 120.004977608172837, -4.216214386103058 ], [ 120.005354900592195, -4.216545863180303 ], [ 120.008049846444536, -4.217325281696734 ], [ 120.008975111187183, -4.216805669439309 ], [ 120.010753775449757, -4.216814628274278 ] ] } },
{ "type": "Feature", "properties": { "FID": 649, "OBJECTID": 1909, "NAMOBJ": "Jaringan Drainase Tersier", "STSJRN": 1, "WADMPR": "Provinsi Sulawesi Selatan", "WADMKK": "Kabupaten Wajo", "REMARK": "Tidak Ada", "SBDATA": "Analisis Tim Penyusun, 2022", "SHAPE_Leng": 0.38624546405400001 }, "geometry": { "type": "LineString", "coordinates": [ [ 119.954330592454198, -4.25170850467724 ], [ 119.954591103886585, -4.251054538938381 ], [ 119.955713997991737, -4.250454323319891 ], [ 119.957627409546916, -4.247945954484678 ], [ 119.957959786202039, -4.246664891539767 ], [ 119.958408943844091, -4.242346887489463 ], [ 119.958750303652067, -4.241630203982882 ], [ 119.959235393905487, -4.24150478430087 ], [ 119.959019798237307, -4.241029981034528 ], [ 119.959100646612868, -4.240519343233771 ], [ 119.956675195345753, -4.23933681229444 ], [ 119.956747060568475, -4.234319994257879 ], [ 119.956432650219043, -4.230629028791676 ], [ 119.956747060568475, -4.227869751856006 ], [ 119.956729094262798, -4.226445316086518 ], [ 119.95725910028041, -4.224035415649989 ], [ 119.957115369834966, -4.22105214563233 ], [ 119.958004701966246, -4.219242468743366 ], [ 119.958714371040713, -4.216904216618279 ], [ 119.959046747695822, -4.216259180310947 ], [ 119.953378378253035, -4.213598399885307 ], [ 119.953198715196208, -4.213383386928039 ], [ 119.950908011221699, -4.207327164225932 ], [ 119.951411067780796, -4.204585722486021 ], [ 119.951006825902951, -4.204361748061476 ], [ 119.949749184505194, -4.201091714135288 ], [ 119.951042758514319, -4.204343830104732 ], [ 119.951447000392164, -4.204576763510276 ], [ 119.950943943833067, -4.207318205281709 ], [ 119.953046001597912, -4.21293544307615 ], [ 119.953396344558712, -4.213562564396558 ], [ 119.960609816290187, -4.216966928452935 ], [ 119.962550177303882, -4.21751341708357 ], [ 119.96430189210794, -4.217683634775263 ], [ 119.965640381881272, -4.220039802149848 ], [ 119.966520730859713, -4.220917763830107 ], [ 119.967158534711416, -4.22127611525101 ], [ 119.966754292833571, -4.223282880150608 ], [ 119.965927842772174, -4.226078008325278 ], [ 119.965011561182365, -4.227941421511093 ], [ 119.964221043732366, -4.228711869884681 ], [ 119.964140195356791, -4.229097093784228 ], [ 119.963385610518131, -4.230351309804621 ], [ 119.963628155644827, -4.231265094483593 ], [ 119.965685297645479, -4.232456596416009 ], [ 119.966592596082435, -4.232698480043056 ], [ 119.967553793436451, -4.232698480043056 ], [ 119.969305508240467, -4.233119536546891 ], [ 119.971748925813273, -4.234212490658175 ], [ 119.972781988390011, -4.234445415105325 ], [ 119.973249112337768, -4.23541294667376 ], [ 119.975351170102584, -4.233683931075759 ], [ 119.980166140025489, -4.230342351125961 ], [ 119.983274310908513, -4.227126178793449 ], [ 119.984513986000607, -4.225298598597065 ], [ 119.989948793469537, -4.221974900045954 ], [ 119.997350911410692, -4.21954706811888 ], [ 120.001878420442651, -4.218669104888916 ], [ 120.002156898180715, -4.218454093334378 ], [ 119.997422776633414, -4.217826975960394 ], [ 119.995266819951524, -4.217853852429663 ], [ 119.994341555208877, -4.217262569891 ], [ 119.993263576867932, -4.215193077462764 ], [ 119.992302379513916, -4.213858207129359 ], [ 119.989661332578621, -4.211063034982721 ], [ 119.988529455320631, -4.205956444561758 ], [ 119.988188095512669, -4.204997835259007 ], [ 119.987487409591054, -4.203797332226171 ], [ 119.983085664698862, -4.203483767696634 ], [ 119.981028522698224, -4.20438862499582 ], [ 119.97922290897715, -4.203851086132856 ], [ 119.977632890924241, -4.202793925287705 ], [ 119.972979617752515, -4.20028540229277 ], [ 119.972952668293985, -4.200097262742936 ], [ 119.973482674311626, -4.199488048651228 ], [ 119.973680303674129, -4.198780284623896 ], [ 119.969862463716638, -4.196728661221947 ], [ 119.970383486581412, -4.193557145443874 ], [ 119.971200953489969, -4.190304984541673 ], [ 119.969512120755809, -4.188701296913415 ], [ 119.970338570817205, -4.187375340414007 ], [ 119.970895526293347, -4.186792993944073 ], [ 119.969557036520015, -4.188701296913415 ], [ 119.971236886101337, -4.190296025402047 ], [ 119.97041941919278, -4.193566104546127 ], [ 119.970221789830276, -4.195366882013414 ], [ 119.969898396328006, -4.196719702155967 ], [ 119.973707253132659, -4.198762366538924 ], [ 119.973509623770155, -4.199497007685435 ], [ 119.972988600905353, -4.200115180797257 ], [ 119.97300656721103, -4.200258525217 ], [ 119.977650857229932, -4.202758089301733 ], [ 119.979240875282841, -4.203815250195477 ], [ 119.981037505851063, -4.204352789083155 ], [ 119.983076681546024, -4.203447931742369 ], [ 119.987460460132525, -4.203761496286321 ], [ 119.985825526315438, -4.201485910732734 ], [ 119.98366058648071, -4.199953918293564 ], [ 119.982043618969271, -4.197920216081232 ], [ 119.983049732087494, -4.194291791487474 ], [ 119.983831266384684, -4.193727368369115 ], [ 119.983750418009123, -4.191783241174437 ], [ 119.984774497433023, -4.188513154573948 ], [ 119.983786350620477, -4.191792200297024 ], [ 119.983867198996052, -4.193736327469415 ], [ 119.983085664698862, -4.194309709675029 ], [ 119.982088534733478, -4.197902297976516 ], [ 119.982429894541468, -4.197857502712926 ], [ 119.983615670716503, -4.198197946651737 ], [ 119.984127710428439, -4.198404004753095 ], [ 119.9851428066995, -4.199210318539811 ], [ 119.987577241119453, -4.200034549549576 ], [ 119.987667072647866, -4.199667229315813 ], [ 119.987990466150166, -4.199461171547991 ], [ 119.990406934264442, -4.199774737694814 ], [ 119.992077800692897, -4.200339156441532 ], [ 119.994350538361715, -4.201575500840733 ], [ 119.994961392754931, -4.201557582819955 ], [ 119.997925833192511, -4.202641622335948 ], [ 120.000000941498826, -4.203698783387622 ], [ 120.00323487652166, -4.196200076153241 ], [ 120.004240989639882, -4.193252535906157 ], [ 120.005345917439357, -4.192419338622936 ], [ 120.006926952339384, -4.190860450998124 ], [ 120.008606801920706, -4.188396685483983 ], [ 120.009648847650283, -4.187921849783938 ], [ 120.010340550419045, -4.187339503720678 ], [ 120.011373612995783, -4.186990095874715 ], [ 120.012173113598664, -4.186112095983601 ], [ 120.012424641878212, -4.185547666962145 ], [ 120.012415658725359, -4.184893645523604 ], [ 120.01163412442817, -4.183890214309387 ], [ 120.011616158122493, -4.182904700258401 ], [ 120.011211916244648, -4.182116288124984 ], [ 120.010448348253135, -4.181981899614013 ], [ 120.009747662331534, -4.181390589891942 ], [ 120.008795448130371, -4.181094934863598 ], [ 120.007151531160417, -4.181193486552105 ], [ 120.006621525142791, -4.181085975618573 ], [ 120.005318967980827, -4.180575298482909 ], [ 120.004914726102953, -4.180190050598996 ], [ 120.005354900592195, -4.17717973503446 ], [ 120.007834250776355, -4.172305866299702 ], [ 120.008463071475248, -4.169653895603894 ], [ 120.008256458959877, -4.169241764219248 ], [ 120.008220526348524, -4.167960571795687 ], [ 120.007636621413852, -4.167342373306091 ], [ 120.007456958357039, -4.166777930782446 ], [ 120.007097632243372, -4.162504281390808 ], [ 120.007412042592833, -4.16142914581518 ], [ 120.006819154505294, -4.158947368923848 ], [ 120.006765255588249, -4.158033499651509 ], [ 120.007376109981465, -4.157334657728228 ], [ 120.008534936697984, -4.156797086596404 ], [ 120.009765628637226, -4.156501422317652 ], [ 120.010053089528128, -4.156071364986991 ], [ 120.010601061851432, -4.156178879341646 ], [ 120.011095135257719, -4.155999688742409 ], [ 120.013053462577105, -4.156698531849139 ], [ 120.01480517738112, -4.156653734232674 ], [ 120.015020773049301, -4.156358069900161 ], [ 120.015658576901046, -4.15393003437032 ], [ 120.015559762219794, -4.152998240153039 ], [ 120.016529942726635, -4.150614992245561 ], [ 120.015209419258994, -4.14927105228318 ], [ 120.014167373529403, -4.148518444905282 ], [ 120.012837866908896, -4.146000788823298 ], [ 120.012828883756058, -4.145149622141612 ], [ 120.012289894585592, -4.14290970544297 ], [ 120.012792951144689, -4.141870381940265 ], [ 120.013601434900394, -4.141395518161344 ], [ 120.0156945095124, -4.137668275587588 ], [ 120.01607180193173, -4.136602065951112 ], [ 120.017437241163577, -4.135132665445208 ], [ 120.019727945138087, -4.134344205513931 ], [ 120.021389828413717, -4.133546785013 ], [ 120.021686272457472, -4.131253076629213 ], [ 120.022809166562624, -4.126190767081056 ] ] } },
{ "type": "Feature", "properties": { "FID": 650, "OBJECTID": 1910, "NAMOBJ": "Jaringan Drainase Tersier", "STSJRN": 1, "WADMPR": "Provinsi Sulawesi Selatan", "WADMKK": "Kabupaten Wajo", "REMARK": "Tidak Ada", "SBDATA": "Analisis Tim Penyusun, 2022", "SHAPE_Leng": 0.0020129466814000001 }, "geometry": { "type": "LineString", "coordinates": [ [ 120.033508101596496, -4.137856430080334 ], [ 120.033660815194793, -4.136664784204747 ], [ 120.032870297744765, -4.136602065951112 ] ] } },
{ "type": "Feature", "properties": { "FID": 651, "OBJECTID": 1911, "NAMOBJ": "Jaringan Drainase Tersier", "STSJRN": 1, "WADMPR": "Provinsi Sulawesi Selatan", "WADMKK": "Kabupaten Wajo", "REMARK": "Tidak Ada", "SBDATA": "Analisis Tim Penyusun, 2022", "SHAPE_Leng": 0.0076590416239299998 }, "geometry": { "type": "LineString", "coordinates": [ [ 120.032861314591926, -4.136566226946805 ], [ 120.033687764653322, -4.136646864704216 ], [ 120.033544034207864, -4.137829550869823 ], [ 120.034262686435142, -4.137596597673832 ], [ 120.034765742994267, -4.137695154803574 ], [ 120.034963372356771, -4.136808140194414 ], [ 120.034837608216989, -4.136019681930241 ], [ 120.033786579334574, -4.13584944652021 ], [ 120.0330319944959, -4.135535854879675 ], [ 120.032609786312378, -4.136136158768663 ] ] } },
{ "type": "Feature", "properties": { "FID": 652, "OBJECTID": 1912, "NAMOBJ": "Jaringan Drainase Tersier", "STSJRN": 1, "WADMPR": "Provinsi Sulawesi Selatan", "WADMKK": "Kabupaten Wajo", "REMARK": "Tidak Ada", "SBDATA": "Analisis Tim Penyusun, 2022", "SHAPE_Leng": 0.0031564809543300001 }, "geometry": { "type": "LineString", "coordinates": [ [ 120.032582836853848, -4.136118239256173 ], [ 120.03292419666181, -4.135706090357078 ], [ 120.031504858512903, -4.134953470075157 ], [ 120.031262313386208, -4.135939044108995 ] ] } },
{ "type": "Feature", "properties": { "FID": 653, "OBJECTID": 1913, "NAMOBJ": "Jaringan Drainase Tersier", "STSJRN": 1, "WADMPR": "Provinsi Sulawesi Selatan", "WADMKK": "Kabupaten Wajo", "REMARK": "Tidak Ada", "SBDATA": "Analisis Tim Penyusun, 2022", "SHAPE_Leng": 0.0021414173110799999 }, "geometry": { "type": "LineString", "coordinates": [ [ 120.031226380774839, -4.135912164833424 ], [ 120.031477909054388, -4.134935550535925 ], [ 120.030920953578217, -4.134595079213508 ], [ 120.030615526381624, -4.134953470075157 ] ] } },
{ "type": "Feature", "properties": { "FID": 654, "OBJECTID": 1914, "NAMOBJ": "Jaringan Drainase Tersier", "STSJRN": 1, "WADMPR": "Provinsi Sulawesi Selatan", "WADMKK": "Kabupaten Wajo", "REMARK": "Tidak Ada", "SBDATA": "Analisis Tim Penyusun, 2022", "SHAPE_Leng": 0.0039752710023000003 }, "geometry": { "type": "LineString", "coordinates": [ [ 120.030588576923108, -4.134926590766156 ], [ 120.030983835648101, -4.134460682598609 ], [ 120.031280279691885, -4.133537825227532 ], [ 120.029681278486137, -4.133053996661997 ], [ 120.029573480652047, -4.133770779616746 ] ] } },
{ "type": "Feature", "properties": { "FID": 655, "OBJECTID": 1915, "NAMOBJ": "Jaringan Drainase Tersier", "STSJRN": 1, "WADMPR": "Provinsi Sulawesi Selatan", "WADMKK": "Kabupaten Wajo", "REMARK": "Tidak Ada", "SBDATA": "Analisis Tim Penyusun, 2022", "SHAPE_Leng": 0.0011318047689900001 }, "geometry": { "type": "LineString", "coordinates": [ [ 120.031702487875407, -4.137005254637844 ], [ 120.032825381980558, -4.136861898683849 ] ] } },
{ "type": "Feature", "properties": { "FID": 656, "OBJECTID": 1916, "NAMOBJ": "Jaringan Drainase Tersier", "STSJRN": 1, "WADMPR": "Provinsi Sulawesi Selatan", "WADMKK": "Kabupaten Wajo", "REMARK": "Tidak Ada", "SBDATA": "Analisis Tim Penyusun, 2022", "SHAPE_Leng": 0.00111078317082 }, "geometry": { "type": "LineString", "coordinates": [ [ 120.03281639882772, -4.13689773767478 ], [ 120.031720454181098, -4.137041093622289 ] ] } },
{ "type": "Feature", "properties": { "FID": 657, "OBJECTID": 1917, "NAMOBJ": "Jaringan Drainase Tersier", "STSJRN": 1, "WADMPR": "Provinsi Sulawesi Selatan", "WADMKK": "Kabupaten Wajo", "REMARK": "Tidak Ada", "SBDATA": "Analisis Tim Penyusun, 2022", "SHAPE_Leng": 0.00098232612014900007 }, "geometry": { "type": "LineString", "coordinates": [ [ 120.032636735770893, -4.137990826119214 ], [ 120.031666555264053, -4.137847470343598 ] ] } },
{ "type": "Feature", "properties": { "FID": 658, "OBJECTID": 1918, "NAMOBJ": "Jaringan Drainase Tersier", "STSJRN": 1, "WADMPR": "Provinsi Sulawesi Selatan", "WADMKK": "Kabupaten Wajo", "REMARK": "Tidak Ada", "SBDATA": "Analisis Tim Penyusun, 2022", "SHAPE_Leng": 0.00098428414843499995 }, "geometry": { "type": "LineString", "coordinates": [ [ 120.031666555264053, -4.13781163139564 ], [ 120.032645718923746, -4.137954987177742 ] ] } },
{ "type": "Feature", "properties": { "FID": 659, "OBJECTID": 1919, "NAMOBJ": "Jaringan Drainase Tersier", "STSJRN": 1, "WADMPR": "Provinsi Sulawesi Selatan", "WADMKK": "Kabupaten Wajo", "REMARK": "Tidak Ada", "SBDATA": "Analisis Tim Penyusun, 2022", "SHAPE_Leng": 0.00071503328820899997 }, "geometry": { "type": "LineString", "coordinates": [ [ 120.03144197644302, -4.140624983875998 ], [ 120.032151645517459, -4.140696661515586 ] ] } },
{ "type": "Feature", "properties": { "FID": 660, "OBJECTID": 1920, "NAMOBJ": "Jaringan Drainase Tersier", "STSJRN": 1, "WADMPR": "Provinsi Sulawesi Selatan", "WADMKK": "Kabupaten Wajo", "REMARK": "Tidak Ada", "SBDATA": "Analisis Tim Penyusun, 2022", "SHAPE_Leng": 0.00071139026502599996 }, "geometry": { "type": "LineString", "coordinates": [ [ 120.032151645517459, -4.140732500332944 ], [ 120.03144197644302, -4.140660822696603 ] ] } },
{ "type": "Feature", "properties": { "FID": 661, "OBJECTID": 1921, "NAMOBJ": "Jaringan Drainase Tersier", "STSJRN": 1, "WADMPR": "Provinsi Sulawesi Selatan", "WADMKK": "Kabupaten Wajo", "REMARK": "Tidak Ada", "SBDATA": "Analisis Tim Penyusun, 2022", "SHAPE_Leng": 0.052286649578 }, "geometry": { "type": "LineString", "coordinates": [ [ 120.035466428915868, -4.158042459159322 ], [ 120.036706104007948, -4.158983206912933 ], [ 120.037918829641526, -4.160156900154509 ], [ 120.040443095589907, -4.163409186029032 ], [ 120.046488757452011, -4.171839980204043 ], [ 120.047045712928181, -4.172332744335251 ], [ 120.047979960823653, -4.172879264191914 ], [ 120.049929304990201, -4.173649766950279 ], [ 120.05283984651075, -4.174402350309903 ], [ 120.055876152171066, -4.174689048542846 ], [ 120.059909587796767, -4.174160448594415 ], [ 120.063143522819601, -4.173058450947372 ], [ 120.064455063134417, -4.173112206966036 ], [ 120.064922187082146, -4.173452661665454 ], [ 120.066745767108912, -4.175674572919906 ], [ 120.068578330288531, -4.177412676532262 ], [ 120.069800039074934, -4.178201093396154 ], [ 120.072297355564771, -4.180324439417213 ], [ 120.074354497565423, -4.181623530138749 ], [ 120.075064166639848, -4.182806148785112 ], [ 120.075881633548406, -4.183719989243713 ] ] } },
{ "type": "Feature", "properties": { "FID": 662, "OBJECTID": 1922, "NAMOBJ": "Jaringan Drainase Tersier", "STSJRN": 1, "WADMPR": "Provinsi Sulawesi Selatan", "WADMKK": "Kabupaten Wajo", "REMARK": "Tidak Ada", "SBDATA": "Analisis Tim Penyusun, 2022", "SHAPE_Leng": 0.052244421695899997 }, "geometry": { "type": "LineString", "coordinates": [ [ 120.07582773463136, -4.183719989243713 ], [ 120.075037217181332, -4.182833026460874 ], [ 120.074327548106893, -4.181650407855077 ], [ 120.072270406106256, -4.180360276431514 ], [ 120.069782072769243, -4.178227971229819 ], [ 120.068560363982854, -4.177439554392941 ], [ 120.066727800803235, -4.175701450840127 ], [ 120.064895237623617, -4.173479539661753 ], [ 120.064446079981565, -4.173148044309767 ], [ 120.06315250597244, -4.173094288293557 ], [ 120.059918570949606, -4.174196285890302 ], [ 120.055876152171066, -4.174724885814602 ], [ 120.052830863357912, -4.174438187594748 ], [ 120.049920321837348, -4.173685604269476 ], [ 120.047961994517962, -4.172915101546276 ], [ 120.047018763469666, -4.172368581714553 ], [ 120.046452824840657, -4.171857898905139 ], [ 120.040416146131378, -4.163436064368714 ], [ 120.037891880182983, -4.160174819121743 ], [ 120.036688137702271, -4.159010085403675 ], [ 120.035448462610177, -4.15807829718956 ] ] } },
{ "type": "Feature", "properties": { "FID": 663, "OBJECTID": 1923, "NAMOBJ": "Jaringan Drainase Tersier", "STSJRN": 1, "WADMPR": "Provinsi Sulawesi Selatan", "WADMKK": "Kabupaten Wajo", "REMARK": "Tidak Ada", "SBDATA": "Analisis Tim Penyusun, 2022", "SHAPE_Leng": 0.022452021019300002 }, "geometry": { "type": "LineString", "coordinates": [ [ 120.030462812783327, -4.047366917751483 ], [ 120.02724684406617, -4.046318509413259 ], [ 120.024713594964965, -4.053146580366602 ], [ 120.021794070291563, -4.059723696556486 ], [ 120.022306110003527, -4.059920830002517 ], [ 120.026312596170683, -4.059652011655084 ] ] } },
{ "type": "Feature", "properties": { "FID": 664, "OBJECTID": 1924, "NAMOBJ": "Jaringan Drainase Tersier", "STSJRN": 1, "WADMPR": "Provinsi Sulawesi Selatan", "WADMKK": "Kabupaten Wajo", "REMARK": "Tidak Ada", "SBDATA": "Analisis Tim Penyusun, 2022", "SHAPE_Leng": 0.0225835578273 }, "geometry": { "type": "LineString", "coordinates": [ [ 120.026312596170683, -4.059687854106581 ], [ 120.022306110003527, -4.059956672442078 ], [ 120.021758137680209, -4.059732657168714 ], [ 120.024686645506449, -4.053128658995956 ], [ 120.027219894607654, -4.046282666369156 ], [ 120.030480779089004, -4.047340035503356 ] ] } },
{ "type": "Feature", "properties": { "FID": 665, "OBJECTID": 1925, "NAMOBJ": "Jaringan Drainase Tersier", "STSJRN": 1, "WADMPR": "Provinsi Sulawesi Selatan", "WADMKK": "Kabupaten Wajo", "REMARK": "Tidak Ada", "SBDATA": "Analisis Tim Penyusun, 2022", "SHAPE_Leng": 0.075345229751699994 }, "geometry": { "type": "LineString", "coordinates": [ [ 120.02635751193489, -4.059652011655084 ], [ 120.026743787507087, -4.059687854106581 ], [ 120.028145159350302, -4.060306136144391 ], [ 120.029250087149762, -4.060449505824648 ], [ 120.030759256827082, -4.060521190655226 ], [ 120.030974852495262, -4.060216530081298 ], [ 120.031127566093588, -4.060216530081298 ], [ 120.035322698470409, -4.062295388182957 ], [ 120.037290008942634, -4.063101840314925 ], [ 120.038897993301205, -4.064562412679064 ], [ 120.040416146131378, -4.065503270776416 ], [ 120.040874286926268, -4.065521191872377 ], [ 120.042158877782555, -4.065064203800958 ], [ 120.043075159372364, -4.064992519374093 ], [ 120.044251952394561, -4.064580333795938 ], [ 120.046497740604863, -4.06431151700101 ], [ 120.047503853723072, -4.065091085459389 ], [ 120.047701483085575, -4.065673521171948 ], [ 120.047961994517962, -4.065951298055881 ], [ 120.048635730981061, -4.065942337512732 ], [ 120.050665923523184, -4.066462048850698 ], [ 120.051321693680578, -4.066462048850698 ], [ 120.052166110047651, -4.065574955157865 ], [ 120.053962740615901, -4.06250148158226 ], [ 120.053693246030647, -4.059938751222497 ], [ 120.053280020999964, -4.058531934244001 ], [ 120.053468667209629, -4.05749250101664 ], [ 120.054528679244882, -4.056345538661709 ], [ 120.056424124494384, -4.055144810701896 ], [ 120.056837349525068, -4.054732620095403 ], [ 120.056612770704049, -4.053890316898063 ], [ 120.056747517996655, -4.053119698310486 ], [ 120.055786320642653, -4.051363402041257 ], [ 120.055202415707981, -4.050816798852824 ], [ 120.053935791157386, -4.050314998879303 ], [ 120.052902728580634, -4.050431488186606 ], [ 120.050764738204435, -4.051453009086091 ], [ 120.049300484291322, -4.051542616121001 ], [ 120.044251952394561, -4.054168097836734 ], [ 120.042374473450735, -4.055404669889254 ], [ 120.03994902218362, -4.055234417327666 ], [ 120.037209160567073, -4.055834781464025 ], [ 120.03642762626987, -4.055870624084922 ], [ 120.035798805571005, -4.055449473188975 ], [ 120.028585333839516, -4.052940484580203 ] ] } },
{ "type": "Feature", "properties": { "FID": 666, "OBJECTID": 1926, "NAMOBJ": "Jaringan Drainase Tersier", "STSJRN": 1, "WADMPR": "Provinsi Sulawesi Selatan", "WADMKK": "Kabupaten Wajo", "REMARK": "Tidak Ada", "SBDATA": "Analisis Tim Penyusun, 2022", "SHAPE_Leng": 0.085513159856600005 }, "geometry": { "type": "LineString", "coordinates": [ [ 120.028594316992354, -4.052904641829381 ], [ 120.035807788723844, -4.055413630549396 ], [ 120.036436609422722, -4.055834781464025 ], [ 120.037200177414221, -4.055798938841538 ], [ 120.03994902218362, -4.05519857467855 ], [ 120.042365490297897, -4.05536882724769 ], [ 120.044233986088884, -4.054132255140334 ], [ 120.049282517985645, -4.051506773308227 ], [ 120.050755755051597, -4.051417166269347 ], [ 120.052893745427795, -4.050395645324607 ], [ 120.053944774310224, -4.050279156012143 ], [ 120.05445681402216, -4.050413566755807 ], [ 120.055220382013673, -4.050780956007894 ], [ 120.055822253254007, -4.051363402041257 ], [ 120.057340406084194, -4.050816798852824 ], [ 120.058292620285343, -4.049499573258631 ], [ 120.059604160600173, -4.049633984131781 ], [ 120.060161116076316, -4.049365162363157 ], [ 120.061409774321234, -4.047169781244489 ], [ 120.06258656734343, -4.046972644689503 ], [ 120.063278270112221, -4.046560449919465 ], [ 120.06388014135257, -4.045404511293196 ], [ 120.064104720173617, -4.045216335081641 ], [ 120.065209647973077, -4.045377628979936 ], [ 120.065416260488419, -4.045162570441741 ], [ 120.065308462654329, -4.044194806313476 ], [ 120.064383197911681, -4.043863257225952 ], [ 120.064266416924752, -4.043495864835406 ], [ 120.064778456636688, -4.042241352978469 ], [ 120.065479142558317, -4.041999411182765 ], [ 120.065883384436162, -4.04147072330388 ], [ 120.066736783956074, -4.041300467811884 ], [ 120.066512205135055, -4.040341659900075 ], [ 120.066368474689597, -4.038424040676727 ], [ 120.066107963257181, -4.038200019443787 ], [ 120.066027114881607, -4.03787742875972 ], [ 120.063197421736646, -4.037492111941277 ], [ 120.062820129317302, -4.037294973033204 ], [ 120.06237097167525, -4.036631869081989 ], [ 120.062146392854231, -4.035852273203469 ], [ 120.061328925945674, -4.035018911264321 ], [ 120.060682138941118, -4.034051135036164 ], [ 120.060502475884277, -4.033504520175607 ], [ 120.060556374801322, -4.032850374039468 ], [ 120.059981453019489, -4.031855712467304 ], [ 120.060143149770639, -4.030753518492791 ], [ 120.060044335089387, -4.030395081105945 ], [ 120.059738907892793, -4.029615479244041 ], [ 120.059190935569461, -4.028979251883423 ], [ 120.056522939175636, -4.026783815621164 ], [ 120.054402915105115, -4.0254127850737 ], [ 120.053477650362467, -4.025152916278262 ], [ 120.052282891034579, -4.025314214161055 ], [ 120.051142030623751, -4.024436036412601 ], [ 120.049291501138484, -4.023853571057082 ], [ 120.046533673216217, -4.022133055574792 ], [ 120.044862806787776, -4.021496822366908 ], [ 120.042410406062103, -4.020950199073307 ], [ 120.040856320620591, -4.020296042846658 ] ] } },
{ "type": "Feature", "properties": { "FID": 667, "OBJECTID": 1927, "NAMOBJ": "Jaringan Drainase Tersier", "STSJRN": 1, "WADMPR": "Provinsi Sulawesi Selatan", "WADMKK": "Kabupaten Wajo", "REMARK": "Tidak Ada", "SBDATA": "Analisis Tim Penyusun, 2022", "SHAPE_Leng": 0.0126711664342 }, "geometry": { "type": "LineString", "coordinates": [ [ 120.040856320620591, -4.020251237606447 ], [ 120.042419389214942, -4.020914354910099 ], [ 120.044871789940615, -4.021460978227741 ], [ 120.046551639521908, -4.02209721146361 ], [ 120.049309467444161, -4.023826688030616 ], [ 120.051159996929442, -4.024409153405363 ], [ 120.052291874187432, -4.025278370189863 ] ] } },
{ "type": "Feature", "properties": { "FID": 668, "OBJECTID": 1928, "NAMOBJ": "Jaringan Drainase Tersier", "STSJRN": 1, "WADMPR": "Provinsi Sulawesi Selatan", "WADMKK": "Kabupaten Wajo", "REMARK": "Tidak Ada", "SBDATA": "Analisis Tim Penyusun, 2022", "SHAPE_Leng": 0.0091702749390100008 }, "geometry": { "type": "LineString", "coordinates": [ [ 120.028387704477012, -4.132390971851954 ], [ 120.029321952372499, -4.129111678831382 ], [ 120.027426507122996, -4.128699526290848 ], [ 120.027327692441744, -4.129111678831382 ], [ 120.028495502311102, -4.129487991833642 ], [ 120.028082277280419, -4.130849885016883 ], [ 120.027471422887203, -4.131288915873726 ] ] } },
{ "type": "Feature", "properties": { "FID": 669, "OBJECTID": 1929, "NAMOBJ": "Jaringan Drainase Tersier", "STSJRN": 1, "WADMPR": "Provinsi Sulawesi Selatan", "WADMKK": "Kabupaten Wajo", "REMARK": "Tidak Ada", "SBDATA": "Analisis Tim Penyusun, 2022", "SHAPE_Leng": 0.00480090502517 }, "geometry": { "type": "LineString", "coordinates": [ [ 120.027453456581526, -4.131253076629213 ], [ 120.028055327821889, -4.130823005568775 ], [ 120.028450586546896, -4.129496951664854 ], [ 120.027318709288906, -4.129147518172618 ], [ 120.026995315786635, -4.130599010132459 ] ] } },
{ "type": "Feature", "properties": { "FID": 670, "OBJECTID": 1930, "NAMOBJ": "Jaringan Drainase Tersier", "STSJRN": 1, "WADMPR": "Provinsi Sulawesi Selatan", "WADMKK": "Kabupaten Wajo", "REMARK": "Tidak Ada", "SBDATA": "Analisis Tim Penyusun, 2022", "SHAPE_Leng": 0.0039083449527200003 }, "geometry": { "type": "LineString", "coordinates": [ [ 120.026959383175267, -4.130554211037607 ], [ 120.027390574511628, -4.128690566450634 ], [ 120.026941416869576, -4.128529289309476 ], [ 120.026555141297422, -4.129971822574342 ] ] } },
{ "type": "Feature", "properties": { "FID": 671, "OBJECTID": 1931, "NAMOBJ": "Jaringan Drainase Tersier", "STSJRN": 1, "WADMPR": "Provinsi Sulawesi Selatan", "WADMKK": "Kabupaten Wajo", "REMARK": "Tidak Ada", "SBDATA": "Analisis Tim Penyusun, 2022", "SHAPE_Leng": 0.0031426219004599999 }, "geometry": { "type": "LineString", "coordinates": [ [ 120.026537174991716, -4.129944943096486 ], [ 120.026905484258222, -4.12852032946734 ], [ 120.026483276074671, -4.128368012135551 ], [ 120.026186832030916, -4.129505911495966 ] ] } },
{ "type": "Feature", "properties": { "FID": 672, "OBJECTID": 1932, "NAMOBJ": "Jaringan Drainase Tersier", "STSJRN": 1, "WADMPR": "Provinsi Sulawesi Selatan", "WADMKK": "Kabupaten Wajo", "REMARK": "Tidak Ada", "SBDATA": "Analisis Tim Penyusun, 2022", "SHAPE_Leng": 0.00270863729737 }, "geometry": { "type": "LineString", "coordinates": [ [ 120.026168865725225, -4.129479032002329 ], [ 120.026447343463303, -4.128359052291596 ], [ 120.02600716897409, -4.128188815237205 ], [ 120.025935303751368, -4.129246076352674 ] ] } },
{ "type": "Feature", "properties": { "FID": 673, "OBJECTID": 1933, "NAMOBJ": "Jaringan Drainase Tersier", "STSJRN": 1, "WADMPR": "Provinsi Sulawesi Selatan", "WADMKK": "Kabupaten Wajo", "REMARK": "Tidak Ada", "SBDATA": "Analisis Tim Penyusun, 2022", "SHAPE_Leng": 0.0079314341921899994 }, "geometry": { "type": "LineString", "coordinates": [ [ 120.02589937114, -4.129210237015887 ], [ 120.025971236362736, -4.128179855391227 ], [ 120.025522078720684, -4.127812501619013 ], [ 120.025198685218385, -4.126576041332012 ], [ 120.025162752607017, -4.125975730208557 ], [ 120.025405297733727, -4.125160381538158 ], [ 120.023159509523452, -4.124927424621476 ], [ 120.02285408232683, -4.126190767081056 ] ] } },
{ "type": "Feature", "properties": { "FID": 674, "OBJECTID": 1934, "NAMOBJ": "Jaringan Drainase Tersier", "STSJRN": 1, "WADMPR": "Provinsi Sulawesi Selatan", "WADMKK": "Kabupaten Wajo", "REMARK": "Tidak Ada", "SBDATA": "Analisis Tim Penyusun, 2022", "SHAPE_Leng": 0.0024972059174800001 }, "geometry": { "type": "LineString", "coordinates": [ [ 120.031729437333937, -4.142757390877104 ], [ 120.031459942748711, -4.144253656223513 ], [ 120.032412156949874, -4.144361172187289 ] ] } },
{ "type": "Feature", "properties": { "FID": 675, "OBJECTID": 1935, "NAMOBJ": "Jaringan Drainase Tersier", "STSJRN": 1, "WADMPR": "Provinsi Sulawesi Selatan", "WADMKK": "Kabupaten Wajo", "REMARK": "Tidak Ada", "SBDATA": "Analisis Tim Penyusun, 2022", "SHAPE_Leng": 0.0016416079510099999 }, "geometry": { "type": "LineString", "coordinates": [ [ 120.032430123255551, -4.144397010838634 ], [ 120.031882150932233, -4.144405970501216 ], [ 120.030831122049804, -4.144092382250436 ] ] } },
{ "type": "Feature", "properties": { "FID": 676, "OBJECTID": 1936, "NAMOBJ": "Jaringan Drainase Tersier", "STSJRN": 1, "WADMPR": "Provinsi Sulawesi Selatan", "WADMKK": "Kabupaten Wajo", "REMARK": "Tidak Ada", "SBDATA": "Analisis Tim Penyusun, 2022", "SHAPE_Leng": 0.0022185336363599998 }, "geometry": { "type": "LineString", "coordinates": [ [ 120.030831122049804, -4.144056543585287 ], [ 120.031424010137343, -4.144244696559204 ], [ 120.031720454181098, -4.142676753742125 ] ] } },
{ "type": "Feature", "properties": { "FID": 677, "OBJECTID": 1937, "NAMOBJ": "Jaringan Drainase Tersier", "STSJRN": 1, "WADMPR": "Provinsi Sulawesi Selatan", "WADMKK": "Kabupaten Wajo", "REMARK": "Tidak Ada", "SBDATA": "Analisis Tim Penyusun, 2022", "SHAPE_Leng": 0.00261881646306 }, "geometry": { "type": "LineString", "coordinates": [ [ 120.031828252015188, -4.14182558348273 ], [ 120.032277409657254, -4.141942059467045 ], [ 120.03257385370101, -4.140929613799411 ], [ 120.032690634687953, -4.14025763587123 ], [ 120.032286392810107, -4.140203877612328 ] ] } },
{ "type": "Feature", "properties": { "FID": 678, "OBJECTID": 1938, "NAMOBJ": "Jaringan Drainase Tersier", "STSJRN": 1, "WADMPR": "Provinsi Sulawesi Selatan", "WADMKK": "Kabupaten Wajo", "REMARK": "Tidak Ada", "SBDATA": "Analisis Tim Penyusun, 2022", "SHAPE_Leng": 0.0030871823260299998 }, "geometry": { "type": "LineString", "coordinates": [ [ 120.032295375962946, -4.140168038771032 ], [ 120.033121826024313, -4.140275555290051 ], [ 120.033346404845332, -4.138859919953316 ], [ 120.032546904242494, -4.138752403242037 ] ] } },
{ "type": "Feature", "properties": { "FID": 679, "OBJECTID": 1939, "NAMOBJ": "Jaringan Drainase Tersier", "STSJRN": 1, "WADMPR": "Provinsi Sulawesi Selatan", "WADMKK": "Kabupaten Wajo", "REMARK": "Tidak Ada", "SBDATA": "Analisis Tim Penyusun, 2022", "SHAPE_Leng": 0.00048111485481400001 }, "geometry": { "type": "LineString", "coordinates": [ [ 120.031783336250982, -4.141852462557555 ], [ 120.031316212303253, -4.141727026867225 ] ] } },
{ "type": "Feature", "properties": { "FID": 680, "OBJECTID": 1940, "NAMOBJ": "Jaringan Drainase Tersier", "STSJRN": 1, "WADMPR": "Provinsi Sulawesi Selatan", "WADMKK": "Kabupaten Wajo", "REMARK": "Tidak Ada", "SBDATA": "Analisis Tim Penyusun, 2022", "SHAPE_Leng": 0.00048979867141800003 }, "geometry": { "type": "LineString", "coordinates": [ [ 120.031325195456091, -4.141691188094907 ], [ 120.03179231940382, -4.141816623790918 ] ] } },
{ "type": "Feature", "properties": { "FID": 681, "OBJECTID": 1941, "NAMOBJ": "Jaringan Drainase Tersier", "STSJRN": 1, "WADMPR": "Provinsi Sulawesi Selatan", "WADMKK": "Kabupaten Wajo", "REMARK": "Tidak Ada", "SBDATA": "Analisis Tim Penyusun, 2022", "SHAPE_Leng": 0.0045786638398700001 }, "geometry": { "type": "LineString", "coordinates": [ [ 120.032987078731693, -4.145481129273968 ], [ 120.033202674399888, -4.145212339717854 ], [ 120.03305894395443, -4.141001291411408 ] ] } },
{ "type": "Feature", "properties": { "FID": 682, "OBJECTID": 1942, "NAMOBJ": "Jaringan Drainase Tersier", "STSJRN": 1, "WADMPR": "Provinsi Sulawesi Selatan", "WADMKK": "Kabupaten Wajo", "REMARK": "Tidak Ada", "SBDATA": "Analisis Tim Penyusun, 2022", "SHAPE_Leng": 0.0070752109611000001 }, "geometry": { "type": "LineString", "coordinates": [ [ 120.039580712917143, -4.142031656366387 ], [ 120.036445592575561, -4.140822097369242 ], [ 120.034451332644807, -4.140804177962794 ], [ 120.034145905448213, -4.141288001794475 ], [ 120.03305894395443, -4.141001291411408 ] ] } },
{ "type": "Feature", "properties": { "FID": 683, "OBJECTID": 1943, "NAMOBJ": "Jaringan Drainase Tersier", "STSJRN": 1, "WADMPR": "Provinsi Sulawesi Selatan", "WADMKK": "Kabupaten Wajo", "REMARK": "Tidak Ada", "SBDATA": "Analisis Tim Penyusun, 2022", "SHAPE_Leng": 0.0016704696222900001 }, "geometry": { "type": "LineString", "coordinates": [ [ 120.417376188806443, -3.700182090759905 ], [ 120.41666651973199, -3.701697077573207 ] ] } },
{ "type": "Feature", "properties": { "FID": 684, "OBJECTID": 1944, "NAMOBJ": "Jaringan Drainase Tersier", "STSJRN": 1, "WADMPR": "Provinsi Sulawesi Selatan", "WADMKK": "Kabupaten Wajo", "REMARK": "Tidak Ada", "SBDATA": "Analisis Tim Penyusun, 2022", "SHAPE_Leng": 0.00186378194757 }, "geometry": { "type": "LineString", "coordinates": [ [ 120.41663957027346, -3.701670184338758 ], [ 120.417430087723503, -3.699984873351013 ] ] } },
{ "type": "Feature", "properties": { "FID": 686, "OBJECTID": 1946, "NAMOBJ": "Jaringan Drainase Tersier", "STSJRN": 1, "WADMPR": "Provinsi Sulawesi Selatan", "WADMKK": "Kabupaten Wajo", "REMARK": "Tidak Ada", "SBDATA": "Analisis Tim Penyusun, 2022", "SHAPE_Leng": 9.22229008606e-06 }, "geometry": { "type": "LineString", "coordinates": [ [ 120.048447084771411, -4.169851001841896 ], [ 120.048438101618558, -4.169851001841896 ] ] } },
{ "type": "Feature", "properties": { "FID": 687, "OBJECTID": 1947, "NAMOBJ": "Unit Distribusi", "STSJRN": 1, "WADMPR": "Provinsi Sulawesi Selatan", "WADMKK": "Kabupaten Wajo", "REMARK": "Tidak Ada", "SBDATA": "Balai Permukiman dan Prasarana Wilayah (BPPW) Sulawesi Selatan, 2022", "SHAPE_Leng": 9.0189806549299997e-06 }, "geometry": { "type": "LineString", "coordinates": [ [ 120.048384202701513, -4.169797245600071 ], [ 120.048384202701513, -4.169788286226076 ] ] } },
{ "type": "Feature", "properties": { "FID": 688, "OBJECTID": 1948, "NAMOBJ": "Jaringan Drainase Tersier", "STSJRN": 1, "WADMPR": "Provinsi Sulawesi Selatan", "WADMKK": "Kabupaten Wajo", "REMARK": "Tidak Ada", "SBDATA": "Analisis Tim Penyusun, 2022", "SHAPE_Leng": 0.017727030999400002 }, "geometry": { "type": "LineString", "coordinates": [ [ 120.037460688846622, -4.155901133895471 ], [ 120.038799178619954, -4.157522807537755 ], [ 120.040712590175133, -4.160577995776771 ], [ 120.044233986088884, -4.164600791539883 ], [ 120.046839100412811, -4.168130800279937 ], [ 120.048384202701513, -4.169797245600071 ] ] } },
{ "type": "Feature", "properties": { "FID": 689, "OBJECTID": 1949, "NAMOBJ": "Jalur Evakuasi Bencana", "STSJRN": 1, "WADMPR": "Provinsi Sulawesi Selatan", "WADMKK": "Kabupaten Wajo", "REMARK": "ruas Jalan Sultan Hasnuddin (Sengkang)", "SBDATA": "Analisis Tim Penyusun, 2022", "SHAPE_Leng": 0.010785804021800001 }, "geometry": { "type": "LineString", "coordinates": [ [ 120.035439479457338, -4.158051418667035 ], [ 120.03690373337048, -4.15661789613767 ], [ 120.03746967199946, -4.15584737670104 ], [ 120.037712217126156, -4.153625409458821 ], [ 120.038179341073914, -4.152335232059193 ], [ 120.038583582951759, -4.150014699345022 ], [ 120.03849375142336, -4.149002264016253 ], [ 120.038152391615398, -4.148303414094175 ] ] } },
{ "type": "Feature", "properties": { "FID": 690, "OBJECTID": 1950, "NAMOBJ": "Unit Distribusi", "STSJRN": 1, "WADMPR": "Provinsi Sulawesi Selatan", "WADMKK": "Kabupaten Wajo", "REMARK": "Tidak Ada", "SBDATA": "Balai Permukiman dan Prasarana Wilayah (BPPW) Sulawesi Selatan, 2022", "SHAPE_Leng": 9.0193750747000003e-06 }, "geometry": { "type": "LineString", "coordinates": [ [ 120.035439479457338, -4.158051418667035 ], [ 120.035448462610177, -4.158051418667035 ] ] } },
{ "type": "Feature", "properties": { "FID": 691, "OBJECTID": 1951, "NAMOBJ": "Unit Distribusi", "STSJRN": 1, "WADMPR": "Provinsi Sulawesi Selatan", "WADMKK": "Kabupaten Wajo", "REMARK": "Tidak Ada", "SBDATA": "Balai Permukiman dan Prasarana Wilayah (BPPW) Sulawesi Selatan, 2022", "SHAPE_Leng": 1.8038755644599999e-05 }, "geometry": { "type": "LineString", "coordinates": [ [ 120.0354304963045, -4.158042459159322 ], [ 120.035439479457338, -4.158051418667035 ] ] } },
{ "type": "Feature", "properties": { "FID": 692, "OBJECTID": 1952, "NAMOBJ": "Jaringan Drainase Sekunder", "STSJRN": 1, "WADMPR": "Provinsi Sulawesi Selatan", "WADMKK": "Kabupaten Wajo", "REMARK": "Tidak Ada", "SBDATA": "Analisis Tim Penyusun, 2022", "SHAPE_Leng": 0.017123221099799999 }, "geometry": { "type": "LineString", "coordinates": [ [ 120.038062560086985, -4.174751763767344 ], [ 120.037505604610814, -4.168193516028003 ], [ 120.036930682828995, -4.165129397918054 ], [ 120.036535424103974, -4.161948794860038 ], [ 120.036391693658516, -4.161348510587831 ], [ 120.03529574901188, -4.159126558852968 ], [ 120.0354304963045, -4.158042459159322 ] ] } },
{ "type": "Feature", "properties": { "FID": 694, "OBJECTID": 1954, "NAMOBJ": "Jaringan Drainase Sekunder", "STSJRN": 1, "WADMPR": "Provinsi Sulawesi Selatan", "WADMKK": "Kabupaten Wajo", "REMARK": "Tidak Ada", "SBDATA": "Analisis Tim Penyusun, 2022", "SHAPE_Leng": 0.011649827652000001 }, "geometry": { "type": "LineString", "coordinates": [ [ 120.032286392810107, -4.140176998481508 ], [ 120.032043847683369, -4.141377598767881 ], [ 120.031756386792452, -4.141995817607868 ], [ 120.031765369945305, -4.14278426992027 ], [ 120.033130809177152, -4.145731999443882 ], [ 120.033562000513541, -4.146171022049651 ], [ 120.038170357921075, -4.148285494857273 ] ] } },
{ "type": "Feature", "properties": { "FID": 695, "OBJECTID": 1955, "NAMOBJ": "Unit Distribusi", "STSJRN": 1, "WADMPR": "Provinsi Sulawesi Selatan", "WADMKK": "Kabupaten Wajo", "REMARK": "Tidak Ada", "SBDATA": "Analisis Tim Penyusun, 2022", "SHAPE_Leng": 1.13326374688e-05 }, "geometry": { "type": "LineString", "coordinates": [ [ 120.038161374768237, -4.148303414094175 ], [ 120.038170357921075, -4.148285494857273 ] ] } },
{ "type": "Feature", "properties": { "FID": 696, "OBJECTID": 1956, "NAMOBJ": "Jaringan Drainase Sekunder", "STSJRN": 1, "WADMPR": "Provinsi Sulawesi Selatan", "WADMKK": "Kabupaten Wajo", "REMARK": "Tidak Ada", "SBDATA": "Analisis Tim Penyusun, 2022", "SHAPE_Leng": 0.0078416963126399994 }, "geometry": { "type": "LineString", "coordinates": [ [ 120.038170357921075, -4.148285494857273 ], [ 120.038511717729037, -4.149002264016253 ], [ 120.03860154925745, -4.150023658943907 ], [ 120.038197307379605, -4.15234419163174 ], [ 120.037730183431847, -4.153625409458821 ], [ 120.037460688846622, -4.15589217436332 ] ] } },
{ "type": "Feature", "properties": { "FID": 699, "OBJECTID": 1959, "NAMOBJ": "Unit Distribusi", "STSJRN": 1, "WADMPR": "Provinsi Sulawesi Selatan", "WADMKK": "Kabupaten Wajo", "REMARK": "Tidak Ada", "SBDATA": "Analisis Tim Penyusun, 2022", "SHAPE_Leng": 3.9670026301900001e-05 }, "geometry": { "type": "LineString", "coordinates": [ [ 120.033382337456729, -4.146081425619299 ], [ 120.033346404845332, -4.146063506332008 ] ] } },
{ "type": "Feature", "properties": { "FID": 700, "OBJECTID": 1960, "NAMOBJ": "Jaringan Drainase Sekunder", "STSJRN": 1, "WADMPR": "Provinsi Sulawesi Selatan", "WADMKK": "Kabupaten Wajo", "REMARK": "Tidak Ada", "SBDATA": "Analisis Tim Penyusun, 2022", "SHAPE_Leng": 0.0040657239062200003 }, "geometry": { "type": "LineString", "coordinates": [ [ 120.032519954783965, -4.138734483788738 ], [ 120.032852331439088, -4.136700623204596 ], [ 120.032780466216352, -4.136404951407359 ], [ 120.032582836853848, -4.136154078280746 ], [ 120.031226380774839, -4.135956963625538 ] ] } },
{ "type": "Feature", "properties": { "FID": 701, "OBJECTID": 1961, "NAMOBJ": "Jalur Evakuasi Bencana", "STSJRN": 1, "WADMPR": "Provinsi Sulawesi Selatan", "WADMKK": "Kabupaten Wajo", "REMARK": "ruas Jalan A. Tandjung (Sengkang)", "SBDATA": "Analisis Tim Penyusun, 2022", "SHAPE_Leng": 3.9670021626599997e-05 }, "geometry": { "type": "LineString", "coordinates": [ [ 120.033355387998199, -4.146081425619299 ], [ 120.033391320609567, -4.146099344906181 ] ] } },
{ "type": "Feature", "properties": { "FID": 702, "OBJECTID": 1962, "NAMOBJ": "Jaringan Drainase Sekunder", "STSJRN": 1, "WADMPR": "Provinsi Sulawesi Selatan", "WADMKK": "Kabupaten Wajo", "REMARK": "Tidak Ada", "SBDATA": "Analisis Tim Penyusun, 2022", "SHAPE_Leng": 1.98701386857e-05 }, "geometry": { "type": "LineString", "coordinates": [ [ 120.033355387998199, -4.146081425619299 ], [ 120.033346404845332, -4.146063506332008 ] ] } },
{ "type": "Feature", "properties": { "FID": 703, "OBJECTID": 1963, "NAMOBJ": "Jalur Evakuasi Bencana", "STSJRN": 1, "WADMPR": "Provinsi Sulawesi Selatan", "WADMKK": "Kabupaten Wajo", "REMARK": "ruas Jalan AP. Pettarani (Sengkang)", "SBDATA": "Analisis Tim Penyusun, 2022", "SHAPE_Leng": 1.9870135465100001e-05 }, "geometry": { "type": "LineString", "coordinates": [ [ 120.033391320609567, -4.146099344906181 ], [ 120.033382337456729, -4.146081425619299 ] ] } },
{ "type": "Feature", "properties": { "FID": 704, "OBJECTID": 1964, "NAMOBJ": "Unit Distribusi", "STSJRN": 1, "WADMPR": "Provinsi Sulawesi Selatan", "WADMKK": "Kabupaten Wajo", "REMARK": "Tidak Ada", "SBDATA": "Analisis Tim Penyusun, 2022", "SHAPE_Leng": 1.9835008010199999e-05 }, "geometry": { "type": "LineString", "coordinates": [ [ 120.033400303762406, -4.146090385262791 ], [ 120.033382337456729, -4.146081425619299 ] ] } },
{ "type": "Feature", "properties": { "FID": 705, "OBJECTID": 1965, "NAMOBJ": "Jaringan Produksi", "STSJRN": 1, "WADMPR": "Provinsi Sulawesi Selatan", "WADMKK": "Kabupaten Wajo", "REMARK": "Tidak Ada", "SBDATA": "Analisis Tim Penyusun, 2022", "SHAPE_Leng": 0.00042317772043500002 }, "geometry": { "type": "LineString", "coordinates": [ [ 120.030938919883894, -4.141798704406992 ], [ 120.031037734565146, -4.141655349320966 ], [ 120.031280279691885, -4.141700147788139 ] ] } },
{ "type": "Feature", "properties": { "FID": 706, "OBJECTID": 1966, "NAMOBJ": "Jaringan Drainase Sekunder", "STSJRN": 1, "WADMPR": "Provinsi Sulawesi Selatan", "WADMKK": "Kabupaten Wajo", "REMARK": "Tidak Ada", "SBDATA": "Analisis Tim Penyusun, 2022", "SHAPE_Leng": 0.0060464204640900002 }, "geometry": { "type": "LineString", "coordinates": [ [ 120.033382337456729, -4.146117264192658 ], [ 120.031136549246426, -4.145113783524383 ], [ 120.030849088355495, -4.144809155212336 ], [ 120.030777223132759, -4.144226777230284 ], [ 120.031280279691885, -4.141718067174298 ] ] } },
{ "type": "Feature", "properties": { "FID": 707, "OBJECTID": 1967, "NAMOBJ": "Unit Distribusi", "STSJRN": 1, "WADMPR": "Provinsi Sulawesi Selatan", "WADMKK": "Kabupaten Wajo", "REMARK": "Tidak Ada", "SBDATA": "Analisis Tim Penyusun, 2022", "SHAPE_Leng": 1.7999641959400001e-05 }, "geometry": { "type": "LineString", "coordinates": [ [ 120.031280279691885, -4.141718067174298 ], [ 120.031298245997561, -4.141718067174298 ] ] } },
{ "type": "Feature", "properties": { "FID": 708, "OBJECTID": 1968, "NAMOBJ": "Jaringan Drainase Sekunder", "STSJRN": 1, "WADMPR": "Provinsi Sulawesi Selatan", "WADMKK": "Kabupaten Wajo", "REMARK": "Tidak Ada", "SBDATA": "Analisis Tim Penyusun, 2022", "SHAPE_Leng": 1.17466494775e-05 }, "geometry": { "type": "LineString", "coordinates": [ [ 120.031280279691885, -4.141718067174298 ], [ 120.031280279691885, -4.141700147788139 ] ] } },
{ "type": "Feature", "properties": { "FID": 709, "OBJECTID": 1969, "NAMOBJ": "Jaringan Produksi", "STSJRN": 1, "WADMPR": "Provinsi Sulawesi Selatan", "WADMKK": "Kabupaten Wajo", "REMARK": "Tidak Ada", "SBDATA": "Analisis Tim Penyusun, 2022", "SHAPE_Leng": 1.7999367596500001e-05 }, "geometry": { "type": "LineString", "coordinates": [ [ 120.031280279691885, -4.141700147788139 ], [ 120.031298245997561, -4.14170910748127 ] ] } },
{ "type": "Feature", "properties": { "FID": 710, "OBJECTID": 1970, "NAMOBJ": "Jalur Evakuasi Bencana", "STSJRN": 1, "WADMPR": "Provinsi Sulawesi Selatan", "WADMKK": "Kabupaten Wajo", "REMARK": "ruas Jalan Pallawa Rukka (Sengkang)", "SBDATA": "Analisis Tim Penyusun, 2022", "SHAPE_Leng": 0.00107841571119 }, "geometry": { "type": "LineString", "coordinates": [ [ 120.031298245997561, -4.14170910748127 ], [ 120.031424010137343, -4.140633943581301 ] ] } },
{ "type": "Feature", "properties": { "FID": 711, "OBJECTID": 1971, "NAMOBJ": "Jalur Evakuasi Bencana", "STSJRN": 1, "WADMPR": "Provinsi Sulawesi Selatan", "WADMKK": "Kabupaten Wajo", "REMARK": "ruas Jalan Pallawa Rukka (Sengkang)", "SBDATA": "Analisis Tim Penyusun, 2022", "SHAPE_Leng": 1.17701395971e-05 }, "geometry": { "type": "LineString", "coordinates": [ [ 120.031298245997561, -4.141718067174298 ], [ 120.031298245997561, -4.14170910748127 ] ] } },
{ "type": "Feature", "properties": { "FID": 712, "OBJECTID": 1972, "NAMOBJ": "Unit Distribusi", "STSJRN": 1, "WADMPR": "Provinsi Sulawesi Selatan", "WADMKK": "Kabupaten Wajo", "REMARK": "Tidak Ada", "SBDATA": "Analisis Tim Penyusun, 2022", "SHAPE_Leng": 8.9998180000299992e-06 }, "geometry": { "type": "LineString", "coordinates": [ [ 120.031298245997561, -4.141718067174298 ], [ 120.031307229150414, -4.141718067174298 ] ] } },
{ "type": "Feature", "properties": { "FID": 713, "OBJECTID": 1973, "NAMOBJ": "Jalur Evakuasi Bencana", "STSJRN": 1, "WADMPR": "Provinsi Sulawesi Selatan", "WADMKK": "Kabupaten Wajo", "REMARK": "ruas Jalan Lamaddukelleng", "SBDATA": "Analisis Tim Penyusun, 2022", "SHAPE_Leng": 8.9991999137299994e-06 }, "geometry": { "type": "LineString", "coordinates": [ [ 120.031432993290181, -4.140633943581301 ], [ 120.03144197644302, -4.140642903286503 ] ] } },
{ "type": "Feature", "properties": { "FID": 714, "OBJECTID": 1974, "NAMOBJ": "Jaringan Drainase Sekunder", "STSJRN": 1, "WADMPR": "Provinsi Sulawesi Selatan", "WADMKK": "Kabupaten Wajo", "REMARK": "Tidak Ada", "SBDATA": "Analisis Tim Penyusun, 2022", "SHAPE_Leng": 0.0070182917790699998 }, "geometry": { "type": "LineString", "coordinates": [ [ 120.033337421692494, -4.146054546688211 ], [ 120.031154515552117, -4.145086904560393 ], [ 120.030885020966849, -4.144791235896209 ], [ 120.030813155744127, -4.144226777230284 ], [ 120.03144197644302, -4.140642903286503 ] ] } },
{ "type": "Feature", "properties": { "FID": 715, "OBJECTID": 1975, "NAMOBJ": "Unit Distribusi", "STSJRN": 1, "WADMPR": "Provinsi Sulawesi Selatan", "WADMKK": "Kabupaten Wajo", "REMARK": "Tidak Ada", "SBDATA": "Analisis Tim Penyusun, 2022", "SHAPE_Leng": 0.0035541344572700001 }, "geometry": { "type": "LineString", "coordinates": [ [ 120.033346404845332, -4.146063506332008 ], [ 120.030965869342424, -4.144952509726743 ], [ 120.030804172591289, -4.144594123391991 ], [ 120.030822138896966, -4.144074462918065 ] ] } },
{ "type": "Feature", "properties": { "FID": 717, "OBJECTID": 1977, "NAMOBJ": "Jaringan Produksi", "STSJRN": 1, "WADMPR": "Provinsi Sulawesi Selatan", "WADMKK": "Kabupaten Wajo", "REMARK": "Tidak Ada", "SBDATA": "Analisis Tim Penyusun, 2022", "SHAPE_Leng": 0.00108329212565 }, "geometry": { "type": "LineString", "coordinates": [ [ 120.031298245997561, -4.14170910748127 ], [ 120.031432993290181, -4.140633943581301 ] ] } },
{ "type": "Feature", "properties": { "FID": 718, "OBJECTID": 1978, "NAMOBJ": "Jalur Evakuasi Bencana", "STSJRN": 1, "WADMPR": "Provinsi Sulawesi Selatan", "WADMKK": "Kabupaten Wajo", "REMARK": "ruas Jalan Lamaddukelleng", "SBDATA": "Analisis Tim Penyusun, 2022", "SHAPE_Leng": 4.4995978687499998e-06 }, "geometry": { "type": "LineString", "coordinates": [ [ 120.031424010137343, -4.140633943581301 ], [ 120.031432993290181, -4.140633943581301 ] ] } },
{ "type": "Feature", "properties": { "FID": 719, "OBJECTID": 1979, "NAMOBJ": "Jalur Evakuasi Bencana", "STSJRN": 1, "WADMPR": "Provinsi Sulawesi Selatan", "WADMKK": "Kabupaten Wajo", "REMARK": "ruas Jalan Lamaddukelleng", "SBDATA": "Analisis Tim Penyusun, 2022", "SHAPE_Leng": 1.8065822505e-05 }, "geometry": { "type": "LineString", "coordinates": [ [ 120.032151645517459, -4.140714580924468 ], [ 120.032169611823136, -4.140714580924468 ] ] } },
{ "type": "Feature", "properties": { "FID": 720, "OBJECTID": 1980, "NAMOBJ": "Jaringan Drainase Sekunder", "STSJRN": 1, "WADMPR": "Provinsi Sulawesi Selatan", "WADMKK": "Kabupaten Wajo", "REMARK": "Tidak Ada", "SBDATA": "Analisis Tim Penyusun, 2022", "SHAPE_Leng": 0.0058326483133599996 }, "geometry": { "type": "LineString", "coordinates": [ [ 120.033346404845332, -4.146063506332008 ], [ 120.032834365133397, -4.145301936246714 ], [ 120.031729437333937, -4.142793229601122 ], [ 120.031720454181098, -4.141977898228 ], [ 120.032151645517459, -4.140714580924468 ] ] } },
{ "type": "Feature", "properties": { "FID": 721, "OBJECTID": 1981, "NAMOBJ": "Unit Distribusi", "STSJRN": 1, "WADMPR": "Provinsi Sulawesi Selatan", "WADMKK": "Kabupaten Wajo", "REMARK": "Tidak Ada", "SBDATA": "Analisis Tim Penyusun, 2022", "SHAPE_Leng": 9.0099398387800002e-06 }, "geometry": { "type": "LineString", "coordinates": [ [ 120.032277409657254, -4.140176998481508 ], [ 120.032286392810107, -4.140176998481508 ] ] } },
{ "type": "Feature", "properties": { "FID": 722, "OBJECTID": 1982, "NAMOBJ": "Jaringan Drainase Sekunder", "STSJRN": 1, "WADMPR": "Provinsi Sulawesi Selatan", "WADMKK": "Kabupaten Wajo", "REMARK": "Tidak Ada", "SBDATA": "Analisis Tim Penyusun, 2022", "SHAPE_Leng": 0.0021743045688199999 }, "geometry": { "type": "LineString", "coordinates": [ [ 120.032870297744765, -4.136593106200186 ], [ 120.032555887395333, -4.138734483788738 ] ] } },
{ "type": "Feature", "properties": { "FID": 723, "OBJECTID": 1983, "NAMOBJ": "Jaringan Produksi", "STSJRN": 1, "WADMPR": "Provinsi Sulawesi Selatan", "WADMKK": "Kabupaten Wajo", "REMARK": "Tidak Ada", "SBDATA": "Analisis Tim Penyusun, 2022", "SHAPE_Leng": 0.0019785051096199999 }, "geometry": { "type": "LineString", "coordinates": [ [ 120.031432993290181, -4.140633943581301 ], [ 120.031612656347008, -4.138671765698999 ] ] } },
{ "type": "Feature", "properties": { "FID": 724, "OBJECTID": 1984, "NAMOBJ": "Jaringan Drainase Sekunder", "STSJRN": 1, "WADMPR": "Provinsi Sulawesi Selatan", "WADMKK": "Kabupaten Wajo", "REMARK": "Tidak Ada", "SBDATA": "Analisis Tim Penyusun, 2022", "SHAPE_Leng": 0.0019744761841399999 }, "geometry": { "type": "LineString", "coordinates": [ [ 120.03144197644302, -4.140642903286503 ], [ 120.031621639499846, -4.138671765698999 ] ] } },
{ "type": "Feature", "properties": { "FID": 725, "OBJECTID": 1985, "NAMOBJ": "Unit Distribusi", "STSJRN": 1, "WADMPR": "Provinsi Sulawesi Selatan", "WADMKK": "Kabupaten Wajo", "REMARK": "Tidak Ada", "SBDATA": "Analisis Tim Penyusun, 2022", "SHAPE_Leng": 0.0019741599072900001 }, "geometry": { "type": "LineString", "coordinates": [ [ 120.031432993290181, -4.140633943581301 ], [ 120.031612656347008, -4.138671765698999 ] ] } },
{ "type": "Feature", "properties": { "FID": 726, "OBJECTID": 1986, "NAMOBJ": "Jaringan Produksi", "STSJRN": 1, "WADMPR": "Provinsi Sulawesi Selatan", "WADMKK": "Kabupaten Wajo", "REMARK": "Tidak Ada", "SBDATA": "Analisis Tim Penyusun, 2022", "SHAPE_Leng": 9.0066742033700003e-06 }, "geometry": { "type": "LineString", "coordinates": [ [ 120.031612656347008, -4.138671765698999 ], [ 120.031621639499846, -4.138671765698999 ] ] } },
{ "type": "Feature", "properties": { "FID": 727, "OBJECTID": 1987, "NAMOBJ": "Jaringan Produksi", "STSJRN": 1, "WADMPR": "Provinsi Sulawesi Selatan", "WADMKK": "Kabupaten Wajo", "REMARK": "Tidak Ada", "SBDATA": "Analisis Tim Penyusun, 2022", "SHAPE_Leng": 0.00089851229117499998 }, "geometry": { "type": "LineString", "coordinates": [ [ 120.031621639499846, -4.138671765698999 ], [ 120.032519954783965, -4.138734483788738 ] ] } },
{ "type": "Feature", "properties": { "FID": 728, "OBJECTID": 1988, "NAMOBJ": "Unit Distribusi", "STSJRN": 1, "WADMPR": "Provinsi Sulawesi Selatan", "WADMKK": "Kabupaten Wajo", "REMARK": "Tidak Ada", "SBDATA": "Analisis Tim Penyusun, 2022", "SHAPE_Leng": 0.0014631403281900001 }, "geometry": { "type": "LineString", "coordinates": [ [ 120.033130809177152, -4.140293474708467 ], [ 120.033355387998199, -4.13884200050245 ] ] } },
{ "type": "Feature", "properties": { "FID": 729, "OBJECTID": 1989, "NAMOBJ": "Jaringan Produksi", "STSJRN": 1, "WADMPR": "Provinsi Sulawesi Selatan", "WADMKK": "Kabupaten Wajo", "REMARK": "Tidak Ada", "SBDATA": "Analisis Tim Penyusun, 2022", "SHAPE_Leng": 0.00062040399305600001 }, "geometry": { "type": "LineString", "coordinates": [ [ 120.0354304963045, -4.139272067211298 ], [ 120.03563710881987, -4.139110792222857 ], [ 120.035708974042592, -4.138761362968536 ] ] } },
{ "type": "Feature", "properties": { "FID": 730, "OBJECTID": 1990, "NAMOBJ": "Jaringan Drainase Tersier", "STSJRN": 1, "WADMPR": "Provinsi Sulawesi Selatan", "WADMKK": "Kabupaten Wajo", "REMARK": "Tidak Ada", "SBDATA": "Analisis Tim Penyusun, 2022", "SHAPE_Leng": 0.0013207665082499999 }, "geometry": { "type": "LineString", "coordinates": [ [ 120.0354304963045, -4.139272067211298 ], [ 120.036454575728399, -4.140096361083572 ] ] } },
{ "type": "Feature", "properties": { "FID": 731, "OBJECTID": 1991, "NAMOBJ": "Unit Distribusi", "STSJRN": 1, "WADMPR": "Provinsi Sulawesi Selatan", "WADMKK": "Kabupaten Wajo", "REMARK": "Tidak Ada", "SBDATA": "Analisis Tim Penyusun, 2022", "SHAPE_Leng": 9.0287347349500004e-06 }, "geometry": { "type": "LineString", "coordinates": [ [ 120.0354304963045, -4.138537369775683 ], [ 120.035421513151661, -4.13852841004665 ] ] } },
{ "type": "Feature", "properties": { "FID": 732, "OBJECTID": 1992, "NAMOBJ": "Jaringan Drainase Tersier", "STSJRN": 1, "WADMPR": "Provinsi Sulawesi Selatan", "WADMKK": "Kabupaten Wajo", "REMARK": "Tidak Ada", "SBDATA": "Analisis Tim Penyusun, 2022", "SHAPE_Leng": 0.0067382447545600004 }, "geometry": { "type": "LineString", "coordinates": [ [ 120.0354304963045, -4.138537369775683 ], [ 120.035223883789158, -4.13864488651616 ], [ 120.034972355509609, -4.138474651670331 ], [ 120.035313715317571, -4.138626967060428 ], [ 120.035520327832913, -4.138358175175781 ], [ 120.035376597387454, -4.138152101335764 ], [ 120.034684894618692, -4.137695154803574 ], [ 120.034262686435142, -4.137632436631522 ], [ 120.033535051055026, -4.137874349553504 ], [ 120.033391320609567, -4.138824081051179 ], [ 120.034972355509609, -4.138931597752724 ], [ 120.0354304963045, -4.139272067211298 ] ] } },
{ "type": "Feature", "properties": { "FID": 733, "OBJECTID": 1993, "NAMOBJ": "Jaringan Drainase Sekunder", "STSJRN": 1, "WADMPR": "Provinsi Sulawesi Selatan", "WADMKK": "Kabupaten Wajo", "REMARK": "Tidak Ada", "SBDATA": "Analisis Tim Penyusun, 2022", "SHAPE_Leng": 0.00146612914732 }, "geometry": { "type": "LineString", "coordinates": [ [ 120.032555887395333, -4.138734483788738 ], [ 120.032286392810107, -4.140176998481508 ] ] } },
{ "type": "Feature", "properties": { "FID": 734, "OBJECTID": 1994, "NAMOBJ": "Jaringan Produksi", "STSJRN": 1, "WADMPR": "Provinsi Sulawesi Selatan", "WADMKK": "Kabupaten Wajo", "REMARK": "Tidak Ada", "SBDATA": "Analisis Tim Penyusun, 2022", "SHAPE_Leng": 0.00081446415192200003 }, "geometry": { "type": "LineString", "coordinates": [ [ 120.032555887395333, -4.138734483788738 ], [ 120.033355387998199, -4.13884200050245 ] ] } },
{ "type": "Feature", "properties": { "FID": 735, "OBJECTID": 1995, "NAMOBJ": "Unit Distribusi", "STSJRN": 1, "WADMPR": "Provinsi Sulawesi Selatan", "WADMKK": "Kabupaten Wajo", "REMARK": "Tidak Ada", "SBDATA": "Analisis Tim Penyusun, 2022", "SHAPE_Leng": 0.0041549580385799997 }, "geometry": { "type": "LineString", "coordinates": [ [ 120.032537921089656, -4.138734483788738 ], [ 120.032879280897603, -4.136700623204596 ], [ 120.032807415674881, -4.136395991654205 ], [ 120.032591820006701, -4.136127199012469 ], [ 120.03119943131631, -4.135894245315869 ] ] } },
{ "type": "Feature", "properties": { "FID": 736, "OBJECTID": 1996, "NAMOBJ": "Jaringan Produksi", "STSJRN": 1, "WADMPR": "Provinsi Sulawesi Selatan", "WADMKK": "Kabupaten Wajo", "REMARK": "Tidak Ada", "SBDATA": "Analisis Tim Penyusun, 2022", "SHAPE_Leng": 1.64775187793e-05 }, "geometry": { "type": "LineString", "coordinates": [ [ 120.032537921089656, -4.138734483788738 ], [ 120.032555887395333, -4.138734483788738 ] ] } },
{ "type": "Feature", "properties": { "FID": 737, "OBJECTID": 1997, "NAMOBJ": "Jaringan Drainase Sekunder", "STSJRN": 1, "WADMPR": "Provinsi Sulawesi Selatan", "WADMKK": "Kabupaten Wajo", "REMARK": "Tidak Ada", "SBDATA": "Analisis Tim Penyusun, 2022", "SHAPE_Leng": 0.0020121329731000001 }, "geometry": { "type": "LineString", "coordinates": [ [ 120.032151645517459, -4.140714580924468 ], [ 120.032519954783965, -4.138734483788738 ] ] } },
{ "type": "Feature", "properties": { "FID": 738, "OBJECTID": 1998, "NAMOBJ": "Jaringan Produksi", "STSJRN": 1, "WADMPR": "Provinsi Sulawesi Selatan", "WADMKK": "Kabupaten Wajo", "REMARK": "Tidak Ada", "SBDATA": "Analisis Tim Penyusun, 2022", "SHAPE_Leng": 1.0697242212300001e-05 }, "geometry": { "type": "LineString", "coordinates": [ [ 120.032519954783965, -4.138734483788738 ], [ 120.032528937936803, -4.138734483788738 ] ] } },
{ "type": "Feature", "properties": { "FID": 739, "OBJECTID": 1999, "NAMOBJ": "Unit Distribusi", "STSJRN": 1, "WADMPR": "Provinsi Sulawesi Selatan", "WADMKK": "Kabupaten Wajo", "REMARK": "Tidak Ada", "SBDATA": "Analisis Tim Penyusun, 2022", "SHAPE_Leng": 9.1117530901600007e-06 }, "geometry": { "type": "LineString", "coordinates": [ [ 120.032870297744765, -4.136593106200186 ], [ 120.032861314591926, -4.136593106200186 ] ] } },
{ "type": "Feature", "properties": { "FID": 740, "OBJECTID": 2000, "NAMOBJ": "Jaringan Drainase Sekunder", "STSJRN": 1, "WADMPR": "Provinsi Sulawesi Selatan", "WADMKK": "Kabupaten Wajo", "REMARK": "Tidak Ada", "SBDATA": "Analisis Tim Penyusun, 2022", "SHAPE_Leng": 0.0020105548391600001 }, "geometry": { "type": "LineString", "coordinates": [ [ 120.031190448163471, -4.135876325797909 ], [ 120.031468925901549, -4.136019681930241 ], [ 120.032591820006701, -4.136127199012469 ], [ 120.032870297744765, -4.136593106200186 ] ] } },
{ "type": "Feature", "properties": { "FID": 741, "OBJECTID": 2001, "NAMOBJ": "Jaringan Drainase Sekunder", "STSJRN": 1, "WADMPR": "Provinsi Sulawesi Selatan", "WADMKK": "Kabupaten Wajo", "REMARK": "Tidak Ada", "SBDATA": "Analisis Tim Penyusun, 2022", "SHAPE_Leng": 0.0028730830968200002 }, "geometry": { "type": "LineString", "coordinates": [ [ 120.031621639499846, -4.138671765698999 ], [ 120.031720454181098, -4.137050053368148 ], [ 120.031208414469162, -4.135921124592049 ] ] } },
{ "type": "Feature", "properties": { "FID": 742, "OBJECTID": 2002, "NAMOBJ": "Unit Distribusi", "STSJRN": 1, "WADMPR": "Provinsi Sulawesi Selatan", "WADMKK": "Kabupaten Wajo", "REMARK": "Tidak Ada", "SBDATA": "Analisis Tim Penyusun, 2022", "SHAPE_Leng": 2.3060342309700001e-05 }, "geometry": { "type": "LineString", "coordinates": [ [ 120.03119943131631, -4.135894245315869 ], [ 120.031181465010633, -4.13588528555694 ] ] } },
{ "type": "Feature", "properties": { "FID": 743, "OBJECTID": 2003, "NAMOBJ": "Unit Distribusi", "STSJRN": 1, "WADMPR": "Provinsi Sulawesi Selatan", "WADMKK": "Kabupaten Wajo", "REMARK": "Tidak Ada", "SBDATA": "Analisis Tim Penyusun, 2022", "SHAPE_Leng": 9.1351738256099997e-06 }, "geometry": { "type": "LineString", "coordinates": [ [ 120.02239594153194, -4.111129085536021 ], [ 120.022386958379101, -4.111129085536021 ] ] } },
{ "type": "Feature", "properties": { "FID": 744, "OBJECTID": 2004, "NAMOBJ": "Jaringan Drainase Sekunder", "STSJRN": 1, "WADMPR": "Provinsi Sulawesi Selatan", "WADMKK": "Kabupaten Wajo", "REMARK": "Tidak Ada", "SBDATA": "Analisis Tim Penyusun, 2022", "SHAPE_Leng": 0.00918709123793 }, "geometry": { "type": "LineString", "coordinates": [ [ 120.023761380763801, -4.102903728170792 ], [ 120.024210538405839, -4.100170883712106 ], [ 120.02465969604792, -4.093773303105493 ] ] } },
{ "type": "Feature", "properties": { "FID": 745, "OBJECTID": 2005, "NAMOBJ": "Jalur Evakuasi Bencana", "STSJRN": 1, "WADMPR": "Provinsi Sulawesi Selatan", "WADMKK": "Kabupaten Wajo", "REMARK": "ruas Jalan Rusa", "SBDATA": "Analisis Tim Penyusun, 2022", "SHAPE_Leng": 9.1375597494699999e-06 }, "geometry": { "type": "LineString", "coordinates": [ [ 120.022386958379101, -4.111138045574052 ], [ 120.022377975226263, -4.111138045574052 ] ] } },
{ "type": "Feature", "properties": { "FID": 746, "OBJECTID": 2006, "NAMOBJ": "Jaringan Drainase Sekunder", "STSJRN": 1, "WADMPR": "Provinsi Sulawesi Selatan", "WADMKK": "Kabupaten Wajo", "REMARK": "Tidak Ada", "SBDATA": "Analisis Tim Penyusun, 2022", "SHAPE_Leng": 9.1966887459500005e-06 }, "geometry": { "type": "LineString", "coordinates": [ [ 120.022386958379101, -4.111138045574052 ], [ 120.02239594153194, -4.111129085536021 ] ] } },
{ "type": "Feature", "properties": { "FID": 747, "OBJECTID": 2007, "NAMOBJ": "Unit Distribusi", "STSJRN": 1, "WADMPR": "Provinsi Sulawesi Selatan", "WADMKK": "Kabupaten Wajo", "REMARK": "Tidak Ada", "SBDATA": "Analisis Tim Penyusun, 2022", "SHAPE_Leng": 0.0083362784477999993 }, "geometry": { "type": "LineString", "coordinates": [ [ 120.022377975226263, -4.111138045574052 ], [ 120.023276290510381, -4.105081036899984 ], [ 120.023752397610949, -4.102921648431474 ] ] } },
{ "type": "Feature", "properties": { "FID": 748, "OBJECTID": 2008, "NAMOBJ": "Jalur Evakuasi Bencana", "STSJRN": 1, "WADMPR": "Provinsi Sulawesi Selatan", "WADMKK": "Kabupaten Wajo", "REMARK": "ruas Jalan Rusa", "SBDATA": "Analisis Tim Penyusun, 2022", "SHAPE_Leng": 9.1375527360500004e-06 }, "geometry": { "type": "LineString", "coordinates": [ [ 120.022377975226263, -4.111138045574052 ], [ 120.02236899207341, -4.111138045574052 ] ] } },
{ "type": "Feature", "properties": { "FID": 749, "OBJECTID": 2009, "NAMOBJ": "Unit Distribusi", "STSJRN": 1, "WADMPR": "Provinsi Sulawesi Selatan", "WADMKK": "Kabupaten Wajo", "REMARK": "Tidak Ada", "SBDATA": "Analisis Tim Penyusun, 2022", "SHAPE_Leng": 9.0820002045400004e-06 }, "geometry": { "type": "LineString", "coordinates": [ [ 120.023761380763801, -4.102903728170792 ], [ 120.023752397610949, -4.102903728170792 ] ] } },
{ "type": "Feature", "properties": { "FID": 750, "OBJECTID": 2010, "NAMOBJ": "Jaringan Drainase Sekunder", "STSJRN": 1, "WADMPR": "Provinsi Sulawesi Selatan", "WADMKK": "Kabupaten Wajo", "REMARK": "Tidak Ada", "SBDATA": "Analisis Tim Penyusun, 2022", "SHAPE_Leng": 0.0083270438564500004 }, "geometry": { "type": "LineString", "coordinates": [ [ 120.02239594153194, -4.111129085536021 ], [ 120.02328527366322, -4.105081036899984 ], [ 120.023761380763801, -4.102921648431474 ] ] } },
{ "type": "Feature", "properties": { "FID": 751, "OBJECTID": 2011, "NAMOBJ": "Jaringan Produksi", "STSJRN": 1, "WADMPR": "Provinsi Sulawesi Selatan", "WADMKK": "Kabupaten Wajo", "REMARK": "Tidak Ada", "SBDATA": "Analisis Tim Penyusun, 2022", "SHAPE_Leng": 0.0021188302711799998 }, "geometry": { "type": "LineString", "coordinates": [ [ 120.023725448152433, -4.102912688301184 ], [ 120.021623390387589, -4.102679724878345 ] ] } },
{ "type": "Feature", "properties": { "FID": 752, "OBJECTID": 2012, "NAMOBJ": "Jaringan Drainase Sekunder", "STSJRN": 1, "WADMPR": "Provinsi Sulawesi Selatan", "WADMKK": "Kabupaten Wajo", "REMARK": "Tidak Ada", "SBDATA": "Analisis Tim Penyusun, 2022", "SHAPE_Leng": 1.8283063150699999e-05 }, "geometry": { "type": "LineString", "coordinates": [ [ 120.023761380763801, -4.102921648431474 ], [ 120.023761380763801, -4.102903728170792 ] ] } },
{ "type": "Feature", "properties": { "FID": 753, "OBJECTID": 2013, "NAMOBJ": "Unit Distribusi", "STSJRN": 1, "WADMPR": "Provinsi Sulawesi Selatan", "WADMKK": "Kabupaten Wajo", "REMARK": "Tidak Ada", "SBDATA": "Analisis Tim Penyusun, 2022", "SHAPE_Leng": 9.0161587750400005e-06 }, "geometry": { "type": "LineString", "coordinates": [ [ 120.023752397610949, -4.102921648431474 ], [ 120.02374341445811, -4.102921648431474 ] ] } },
{ "type": "Feature", "properties": { "FID": 754, "OBJECTID": 2014, "NAMOBJ": "Jalur Evakuasi Bencana", "STSJRN": 1, "WADMPR": "Provinsi Sulawesi Selatan", "WADMKK": "Kabupaten Wajo", "REMARK": "ruas Jalan Malingkaan (Sengkang)", "SBDATA": "Analisis Tim Penyusun, 2022", "SHAPE_Leng": 0.00704265937158 }, "geometry": { "type": "LineString", "coordinates": [ [ 120.02374341445811, -4.102912688301184 ], [ 120.024192572100162, -4.100170883712106 ], [ 120.024489016143946, -4.095923756076651 ] ] } },
{ "type": "Feature", "properties": { "FID": 755, "OBJECTID": 2015, "NAMOBJ": "Jaringan Produksi", "STSJRN": 1, "WADMPR": "Provinsi Sulawesi Selatan", "WADMKK": "Kabupaten Wajo", "REMARK": "Tidak Ada", "SBDATA": "Analisis Tim Penyusun, 2022", "SHAPE_Leng": 1.8163985390899999e-05 }, "geometry": { "type": "LineString", "coordinates": [ [ 120.023761380763801, -4.102921648431474 ], [ 120.02374341445811, -4.102912688301184 ] ] } },
{ "type": "Feature", "properties": { "FID": 756, "OBJECTID": 2016, "NAMOBJ": "Jalur Evakuasi Bencana", "STSJRN": 1, "WADMPR": "Provinsi Sulawesi Selatan", "WADMKK": "Kabupaten Wajo", "REMARK": "ruas Jalan Malingkaan (Sengkang)", "SBDATA": "Analisis Tim Penyusun, 2022", "SHAPE_Leng": 9.0233004355500002e-06 }, "geometry": { "type": "LineString", "coordinates": [ [ 120.02374341445811, -4.102921648431474 ], [ 120.02374341445811, -4.102912688301184 ] ] } },
{ "type": "Feature", "properties": { "FID": 757, "OBJECTID": 2017, "NAMOBJ": "Jaringan Drainase Sekunder", "STSJRN": 1, "WADMPR": "Provinsi Sulawesi Selatan", "WADMKK": "Kabupaten Wajo", "REMARK": "Tidak Ada", "SBDATA": "Analisis Tim Penyusun, 2022", "SHAPE_Leng": 0.0430660812733 }, "geometry": { "type": "LineString", "coordinates": [ [ 120.031280279691885, -4.141700147788139 ], [ 120.031702487875407, -4.137175489799517 ], [ 120.030911970425379, -4.135428337717208 ], [ 120.027516338651409, -4.131414353216766 ], [ 120.026052084738296, -4.129398393515955 ], [ 120.024183588947324, -4.127696023558184 ], [ 120.022872048632507, -4.126271405893233 ], [ 120.022557638283075, -4.125724853783727 ], [ 120.0224767899075, -4.1242285534616 ], [ 120.02352781878993, -4.120743148374156 ], [ 120.02204559857114, -4.118512122702728 ], [ 120.021964750195551, -4.11807308478569 ], [ 120.022162379558068, -4.117078528608454 ], [ 120.021632373540427, -4.11545677217686 ], [ 120.023249341051852, -4.105072076793922 ], [ 120.023725448152433, -4.102921648431474 ] ] } },
{ "type": "Feature", "properties": { "FID": 758, "OBJECTID": 2018, "NAMOBJ": "Jaringan Produksi", "STSJRN": 1, "WADMPR": "Provinsi Sulawesi Selatan", "WADMKK": "Kabupaten Wajo", "REMARK": "Tidak Ada", "SBDATA": "Analisis Tim Penyusun, 2022", "SHAPE_Leng": 1.8034515861099999e-05 }, "geometry": { "type": "LineString", "coordinates": [ [ 120.02374341445811, -4.102912688301184 ], [ 120.023725448152433, -4.102912688301184 ] ] } },
{ "type": "Feature", "properties": { "FID": 759, "OBJECTID": 2019, "NAMOBJ": "Unit Distribusi", "STSJRN": 1, "WADMPR": "Provinsi Sulawesi Selatan", "WADMKK": "Kabupaten Wajo", "REMARK": "Tidak Ada", "SBDATA": "Analisis Tim Penyusun, 2022", "SHAPE_Leng": 1.8032342683000001e-05 }, "geometry": { "type": "LineString", "coordinates": [ [ 120.02374341445811, -4.102921648431474 ], [ 120.023725448152433, -4.102921648431474 ] ] } },
{ "type": "Feature", "properties": { "FID": 760, "OBJECTID": 2020, "NAMOBJ": "Jaringan Drainase Sekunder", "STSJRN": 1, "WADMPR": "Provinsi Sulawesi Selatan", "WADMKK": "Kabupaten Wajo", "REMARK": "Tidak Ada", "SBDATA": "Analisis Tim Penyusun, 2022", "SHAPE_Leng": 9.08241766935e-06 }, "geometry": { "type": "LineString", "coordinates": [ [ 120.023725448152433, -4.102921648431474 ], [ 120.023725448152433, -4.102912688301184 ] ] } },
{ "type": "Feature", "properties": { "FID": 761, "OBJECTID": 2021, "NAMOBJ": "Unit Distribusi", "STSJRN": 1, "WADMPR": "Provinsi Sulawesi Selatan", "WADMKK": "Kabupaten Wajo", "REMARK": "Tidak Ada", "SBDATA": "Analisis Tim Penyusun, 2022", "SHAPE_Leng": 0.0064031974904100002 }, "geometry": { "type": "LineString", "coordinates": [ [ 120.039149521580768, -4.104158145447482 ], [ 120.039320201484756, -4.104337347754726 ], [ 120.039787325432485, -4.104373188211349 ], [ 120.039320201484756, -4.105860565742296 ], [ 120.038134425309721, -4.105932246517162 ], [ 120.037775099196054, -4.106227929645438 ], [ 120.037370857318209, -4.106326490663855 ], [ 120.036409659964193, -4.106344410847715 ], [ 120.035448462610177, -4.105950166709873 ] ] } },
{ "type": "Feature", "properties": { "FID": 762, "OBJECTID": 2022, "NAMOBJ": "Jaringan Drainase Tersier", "STSJRN": 1, "WADMPR": "Provinsi Sulawesi Selatan", "WADMKK": "Kabupaten Wajo", "REMARK": "Tidak Ada", "SBDATA": "Analisis Tim Penyusun, 2022", "SHAPE_Leng": 0.017335800962299999 }, "geometry": { "type": "LineString", "coordinates": [ [ 120.034846591369842, -4.092169419836751 ], [ 120.034352517963555, -4.093612018899745 ], [ 120.032250460198739, -4.097393228949656 ], [ 120.032358258032829, -4.097724755992905 ], [ 120.033831495098781, -4.09910462383155 ], [ 120.034657945160177, -4.099310707784886 ], [ 120.035691007736915, -4.099185265384834 ], [ 120.036149148531806, -4.099292787443225 ], [ 120.035906603405095, -4.101864352363393 ], [ 120.035457445763029, -4.103969982981591 ], [ 120.035448462610177, -4.105950166709873 ] ] } },
{ "type": "Feature", "properties": { "FID": 763, "OBJECTID": 2023, "NAMOBJ": "Jaringan Drainase Tersier", "STSJRN": 1, "WADMPR": "Provinsi Sulawesi Selatan", "WADMKK": "Kabupaten Wajo", "REMARK": "Tidak Ada", "SBDATA": "Analisis Tim Penyusun, 2022", "SHAPE_Leng": 1.86563504493e-05 }, "geometry": { "type": "LineString", "coordinates": [ [ 120.035448462610177, -4.105950166709873 ], [ 120.035448462610177, -4.10596808690218 ] ] } },
{ "type": "Feature", "properties": { "FID": 764, "OBJECTID": 2024, "NAMOBJ": "Unit Distribusi", "STSJRN": 1, "WADMPR": "Provinsi Sulawesi Selatan", "WADMKK": "Kabupaten Wajo", "REMARK": "Tidak Ada", "SBDATA": "Analisis Tim Penyusun, 2022", "SHAPE_Leng": 3.7879911678299999e-05 }, "geometry": { "type": "LineString", "coordinates": [ [ 120.035448462610177, -4.105950166709873 ], [ 120.035412529998823, -4.105941206613568 ] ] } },
{ "type": "Feature", "properties": { "FID": 765, "OBJECTID": 2025, "NAMOBJ": "Jaringan Drainase Tersier", "STSJRN": 1, "WADMPR": "Provinsi Sulawesi Selatan", "WADMKK": "Kabupaten Wajo", "REMARK": "Tidak Ada", "SBDATA": "Analisis Tim Penyusun, 2022", "SHAPE_Leng": 0.0195776133171 }, "geometry": { "type": "LineString", "coordinates": [ [ 120.035412529998823, -4.105941206613568 ], [ 120.035421513151661, -4.103961022863062 ], [ 120.035870670793727, -4.101855392221244 ], [ 120.036113215920437, -4.099319667955565 ], [ 120.035691007736915, -4.099221106072571 ], [ 120.034657945160177, -4.099346548466999 ], [ 120.03381352879309, -4.099140464522903 ], [ 120.0323313085743, -4.097751636557957 ], [ 120.032214527587342, -4.097411149333885 ], [ 120.02713904623208, -4.095457825089936 ], [ 120.024533931908152, -4.094848530313347 ] ] } },
{ "type": "Feature", "properties": { "FID": 766, "OBJECTID": 2026, "NAMOBJ": "Jaringan Produksi", "STSJRN": 1, "WADMPR": "Provinsi Sulawesi Selatan", "WADMKK": "Kabupaten Wajo", "REMARK": "Tidak Ada", "SBDATA": "Analisis Tim Penyusun, 2022", "SHAPE_Leng": 0.0065685312566899998 }, "geometry": { "type": "LineString", "coordinates": [ [ 120.035412529998823, -4.105959126806077 ], [ 120.036409659964193, -4.10636233103117 ], [ 120.037370857318209, -4.106344410847715 ], [ 120.037784082348892, -4.106245849831511 ], [ 120.03814340846256, -4.105950166709873 ], [ 120.039347150943271, -4.10591432632405 ], [ 120.039544780305775, -4.105627603179522 ], [ 120.039832241196692, -4.104346307869033 ], [ 120.039149521580768, -4.104158145447482 ] ] } },
{ "type": "Feature", "properties": { "FID": 767, "OBJECTID": 2027, "NAMOBJ": "Jaringan Drainase Tersier", "STSJRN": 1, "WADMPR": "Provinsi Sulawesi Selatan", "WADMKK": "Kabupaten Wajo", "REMARK": "Tidak Ada", "SBDATA": "Analisis Tim Penyusun, 2022", "SHAPE_Leng": 1.94623713366e-05 }, "geometry": { "type": "LineString", "coordinates": [ [ 120.035412529998823, -4.105959126806077 ], [ 120.035412529998823, -4.105941206613568 ] ] } },
{ "type": "Feature", "properties": { "FID": 768, "OBJECTID": 2028, "NAMOBJ": "Jalur Evakuasi Bencana", "STSJRN": 1, "WADMPR": "Provinsi Sulawesi Selatan", "WADMKK": "Kabupaten Wajo", "REMARK": "ruas Jalan Bts. Kota Sengkang - Impa Impa", "SBDATA": "Analisis Tim Penyusun, 2022", "SHAPE_Leng": 2.0214152376900001e-05 }, "geometry": { "type": "LineString", "coordinates": [ [ 120.024641729742243, -4.093782263338194 ], [ 120.024641729742243, -4.093764342872693 ] ] } },
{ "type": "Feature", "properties": { "FID": 769, "OBJECTID": 2029, "NAMOBJ": "Jaringan Drainase Sekunder", "STSJRN": 1, "WADMPR": "Provinsi Sulawesi Selatan", "WADMKK": "Kabupaten Wajo", "REMARK": "Tidak Ada", "SBDATA": "Analisis Tim Penyusun, 2022", "SHAPE_Leng": 2.0140771980899999e-05 }, "geometry": { "type": "LineString", "coordinates": [ [ 120.024623763436551, -4.093782263338194 ], [ 120.024641729742243, -4.093782263338194 ] ] } },
{ "type": "Feature", "properties": { "FID": 770, "OBJECTID": 2030, "NAMOBJ": "Unit Distribusi", "STSJRN": 1, "WADMPR": "Provinsi Sulawesi Selatan", "WADMKK": "Kabupaten Wajo", "REMARK": "Tidak Ada", "SBDATA": "Analisis Tim Penyusun, 2022", "SHAPE_Leng": 0.0070453156091899996 }, "geometry": { "type": "LineString", "coordinates": [ [ 120.023752397610949, -4.102921648431474 ], [ 120.024201555253001, -4.100170883712106 ], [ 120.024497999296784, -4.095923756076651 ] ] } },
{ "type": "Feature", "properties": { "FID": 771, "OBJECTID": 2031, "NAMOBJ": "Jaringan Drainase Sekunder", "STSJRN": 1, "WADMPR": "Provinsi Sulawesi Selatan", "WADMKK": "Kabupaten Wajo", "REMARK": "Tidak Ada", "SBDATA": "Analisis Tim Penyusun, 2022", "SHAPE_Leng": 1.0070384411799999e-05 }, "geometry": { "type": "LineString", "coordinates": [ [ 120.024641729742243, -4.093782263338194 ], [ 120.024650712895081, -4.093773303105493 ] ] } },
{ "type": "Feature", "properties": { "FID": 772, "OBJECTID": 2032, "NAMOBJ": "Jalur Evakuasi Bencana", "STSJRN": 1, "WADMPR": "Provinsi Sulawesi Selatan", "WADMKK": "Kabupaten Wajo", "REMARK": "ruas Jalan Impa-Impa – Anabanua", "SBDATA": "Analisis Tim Penyusun, 2022", "SHAPE_Leng": 1.9043114864e-05 }, "geometry": { "type": "LineString", "coordinates": [ [ 120.024641729742243, -4.093764342872693 ], [ 120.024641729742243, -4.09373746217369 ] ] } },
{ "type": "Feature", "properties": { "FID": 773, "OBJECTID": 2033, "NAMOBJ": "Jaringan Drainase Sekunder", "STSJRN": 1, "WADMPR": "Provinsi Sulawesi Selatan", "WADMKK": "Kabupaten Wajo", "REMARK": "Tidak Ada", "SBDATA": "Analisis Tim Penyusun, 2022", "SHAPE_Leng": 1.8972277087899999e-05 }, "geometry": { "type": "LineString", "coordinates": [ [ 120.024623763436551, -4.093746422406793 ], [ 120.024641729742243, -4.09373746217369 ] ] } },
{ "type": "Feature", "properties": { "FID": 774, "OBJECTID": 2034, "NAMOBJ": "Unit Distribusi", "STSJRN": 1, "WADMPR": "Provinsi Sulawesi Selatan", "WADMKK": "Kabupaten Wajo", "REMARK": "Tidak Ada", "SBDATA": "Analisis Tim Penyusun, 2022", "SHAPE_Leng": 1.9985485909399999e-05 }, "geometry": { "type": "LineString", "coordinates": [ [ 120.024650712895081, -4.093773303105493 ], [ 120.024650712895081, -4.093755382639793 ] ] } },
{ "type": "Feature", "properties": { "FID": 775, "OBJECTID": 2035, "NAMOBJ": "Jaringan Drainase Sekunder", "STSJRN": 1, "WADMPR": "Provinsi Sulawesi Selatan", "WADMKK": "Kabupaten Wajo", "REMARK": "Tidak Ada", "SBDATA": "Analisis Tim Penyusun, 2022", "SHAPE_Leng": 9.4861409756299992e-06 }, "geometry": { "type": "LineString", "coordinates": [ [ 120.024641729742243, -4.09373746217369 ], [ 120.024650712895081, -4.09373746217369 ] ] } },
{ "type": "Feature", "properties": { "FID": 776, "OBJECTID": 2036, "NAMOBJ": "Jalur Evakuasi Bencana", "STSJRN": 1, "WADMPR": "Provinsi Sulawesi Selatan", "WADMKK": "Kabupaten Wajo", "REMARK": "ruas Jalan Impa Impa – Tarumpakkae", "SBDATA": "Analisis Tim Penyusun, 2022", "SHAPE_Leng": 9.4861433338299992e-06 }, "geometry": { "type": "LineString", "coordinates": [ [ 120.024641729742243, -4.093764342872693 ], [ 120.024650712895081, -4.093755382639793 ] ] } },
{ "type": "Feature", "properties": { "FID": 777, "OBJECTID": 2037, "NAMOBJ": "Unit Distribusi", "STSJRN": 1, "WADMPR": "Provinsi Sulawesi Selatan", "WADMKK": "Kabupaten Wajo", "REMARK": "Tidak Ada", "SBDATA": "Analisis Tim Penyusun, 2022", "SHAPE_Leng": 1.90431149091e-05 }, "geometry": { "type": "LineString", "coordinates": [ [ 120.024650712895081, -4.093755382639793 ], [ 120.024650712895081, -4.09373746217369 ] ] } },
{ "type": "Feature", "properties": { "FID": 778, "OBJECTID": 2038, "NAMOBJ": "Jaringan Drainase Tersier", "STSJRN": 1, "WADMPR": "Provinsi Sulawesi Selatan", "WADMKK": "Kabupaten Wajo", "REMARK": "Tidak Ada", "SBDATA": "Analisis Tim Penyusun, 2022", "SHAPE_Leng": 0.016263974965799999 }, "geometry": { "type": "LineString", "coordinates": [ [ 120.035448462610177, -4.10596808690218 ], [ 120.035044220732331, -4.108163307415931 ], [ 120.035843721335212, -4.110331641748092 ], [ 120.03587965394658, -4.110914044593107 ], [ 120.035277782706203, -4.111801088108724 ], [ 120.035259816400526, -4.112437250022142 ], [ 120.034729810382899, -4.113342211868964 ], [ 120.034415400033438, -4.114972932601722 ], [ 120.036122199073276, -4.114713092708567 ], [ 120.036795935536375, -4.11477581269054 ], [ 120.038412903047785, -4.115752451772501 ], [ 120.038323071519372, -4.11685452929797 ], [ 120.038421886200624, -4.117150208374496 ], [ 120.039320201484756, -4.117293567887215 ] ] } },
{ "type": "Feature", "properties": { "FID": 779, "OBJECTID": 2039, "NAMOBJ": "Unit Distribusi", "STSJRN": 1, "WADMPR": "Provinsi Sulawesi Selatan", "WADMKK": "Kabupaten Wajo", "REMARK": "Tidak Ada", "SBDATA": "Balai Permukiman dan Prasarana Wilayah (BPPW) Sulawesi Selatan, 2022", "SHAPE_Leng": 0.0029478811292400001 }, "geometry": { "type": "LineString", "coordinates": [ [ 120.041691753834826, -4.118225404090472 ], [ 120.041143781511494, -4.118368763409515 ], [ 120.04062275864672, -4.117454847308161 ], [ 120.039320201484756, -4.117293567887215 ] ] } },
{ "type": "Feature", "properties": { "FID": 780, "OBJECTID": 2040, "NAMOBJ": "Jaringan Drainase Tersier", "STSJRN": 1, "WADMPR": "Provinsi Sulawesi Selatan", "WADMKK": "Kabupaten Wajo", "REMARK": "Tidak Ada", "SBDATA": "Analisis Tim Penyusun, 2022", "SHAPE_Leng": 0.0067476347456999998 }, "geometry": { "type": "LineString", "coordinates": [ [ 120.039320201484756, -4.117293567887215 ], [ 120.039347150943271, -4.120608749414449 ], [ 120.039787325432485, -4.12047435043203 ], [ 120.041691753834826, -4.118225404090472 ] ] } },
{ "type": "Feature", "properties": { "FID": 781, "OBJECTID": 2041, "NAMOBJ": "Unit Distribusi", "STSJRN": 1, "WADMPR": "Provinsi Sulawesi Selatan", "WADMKK": "Kabupaten Wajo", "REMARK": "Tidak Ada", "SBDATA": "Balai Permukiman dan Prasarana Wilayah (BPPW) Sulawesi Selatan, 2022", "SHAPE_Leng": 9.9434686019499996e-06 }, "geometry": { "type": "LineString", "coordinates": [ [ 120.039320201484756, -4.117293567887215 ], [ 120.039311218331918, -4.117293567887215 ] ] } },
{ "type": "Feature", "properties": { "FID": 782, "OBJECTID": 2042, "NAMOBJ": "Jalur Evakuasi Bencana", "STSJRN": 1, "WADMPR": "Provinsi Sulawesi Selatan", "WADMKK": "Kabupaten Wajo", "REMARK": "ruas Jalan Bts. Kab. Wajo/Bts. Kab. Bone – Ulugalung (Tampangeng)", "SBDATA": "Analisis Tim Penyusun, 2022", "SHAPE_Leng": 3.2116062086e-05 }, "geometry": { "type": "LineString", "coordinates": [ [ 120.038457818811992, -4.179571861738478 ], [ 120.03846680196483, -4.17960769878718 ] ] } },
{ "type": "Feature", "properties": { "FID": 783, "OBJECTID": 2043, "NAMOBJ": "Unit Distribusi", "STSJRN": 1, "WADMPR": "Provinsi Sulawesi Selatan", "WADMKK": "Kabupaten Wajo", "REMARK": "Tidak Ada", "SBDATA": "Analisis Tim Penyusun, 2022", "SHAPE_Leng": 3.24644813477e-05 }, "geometry": { "type": "LineString", "coordinates": [ [ 120.03846680196483, -4.17960769878718 ], [ 120.03846680196483, -4.179571861738478 ] ] } },
{ "type": "Feature", "properties": { "FID": 784, "OBJECTID": 2044, "NAMOBJ": "Jaringan Drainase Tersier", "STSJRN": 1, "WADMPR": "Provinsi Sulawesi Selatan", "WADMKK": "Kabupaten Wajo", "REMARK": "Tidak Ada", "SBDATA": "Analisis Tim Penyusun, 2022", "SHAPE_Leng": 0.0087118637958500007 }, "geometry": { "type": "LineString", "coordinates": [ [ 120.052489503549936, -4.144325333534322 ], [ 120.053441717751099, -4.144540365427766 ], [ 120.05442986456363, -4.145257137983553 ], [ 120.055310213542072, -4.14546320997307 ], [ 120.054007656380108, -4.149754870933127 ], [ 120.053118324248828, -4.149154577378742 ] ] } },
{ "type": "Feature", "properties": { "FID": 785, "OBJECTID": 2045, "NAMOBJ": "Unit Distribusi", "STSJRN": 1, "WADMPR": "Provinsi Sulawesi Selatan", "WADMKK": "Kabupaten Wajo", "REMARK": "Tidak Ada", "SBDATA": "Balai Permukiman dan Prasarana Wilayah (BPPW) Sulawesi Selatan, 2022", "SHAPE_Leng": 0.00429979053986 }, "geometry": { "type": "LineString", "coordinates": [ [ 120.049650827252123, -4.147210339899448 ], [ 120.050638974064654, -4.145821595913843 ], [ 120.052246958423225, -4.144997308007166 ], [ 120.052480520397083, -4.144316373870826 ] ] } },
{ "type": "Feature", "properties": { "FID": 786, "OBJECTID": 2046, "NAMOBJ": "Jaringan Drainase Tersier", "STSJRN": 1, "WADMPR": "Provinsi Sulawesi Selatan", "WADMKK": "Kabupaten Wajo", "REMARK": "Tidak Ada", "SBDATA": "Analisis Tim Penyusun, 2022", "SHAPE_Leng": 0.0042727676532000004 }, "geometry": { "type": "LineString", "coordinates": [ [ 120.052489503549936, -4.144325333534322 ], [ 120.052264924728902, -4.145006267662945 ], [ 120.050647957217492, -4.145830555560281 ], [ 120.049650827252123, -4.147210339899448 ] ] } },
{ "type": "Feature", "properties": { "FID": 787, "OBJECTID": 2047, "NAMOBJ": "Unit Distribusi", "STSJRN": 1, "WADMPR": "Provinsi Sulawesi Selatan", "WADMKK": "Kabupaten Wajo", "REMARK": "Tidak Ada", "SBDATA": "Balai Permukiman dan Prasarana Wilayah (BPPW) Sulawesi Selatan, 2022", "SHAPE_Leng": 0.0040588015176400002 }, "geometry": { "type": "LineString", "coordinates": [ [ 120.053118324248828, -4.149154577378742 ], [ 120.051878649156734, -4.148034625497982 ], [ 120.049650827252123, -4.147210339899448 ] ] } },
{ "type": "Feature", "properties": { "FID": 788, "OBJECTID": 2048, "NAMOBJ": "Unit Distribusi", "STSJRN": 1, "WADMPR": "Provinsi Sulawesi Selatan", "WADMKK": "Kabupaten Wajo", "REMARK": "Tidak Ada", "SBDATA": "Analisis Tim Penyusun, 2022", "SHAPE_Leng": 0.0170711689151 }, "geometry": { "type": "LineString", "coordinates": [ [ 120.022126446946714, -4.079947544718172 ], [ 120.022386958379101, -4.077465513619423 ], [ 120.022952897008082, -4.075825756017267 ], [ 120.023473919872885, -4.074813226428969 ], [ 120.023815279680846, -4.073531881848412 ], [ 120.025611910249097, -4.063325854652939 ] ] } },
{ "type": "Feature", "properties": { "FID": 789, "OBJECTID": 2049, "NAMOBJ": "Jalur Evakuasi Bencana", "STSJRN": 1, "WADMPR": "Provinsi Sulawesi Selatan", "WADMKK": "Kabupaten Wajo", "REMARK": "ruas Jalan Impa-Impa – Anabanua", "SBDATA": "Analisis Tim Penyusun, 2022", "SHAPE_Leng": 0.019435547236000002 }, "geometry": { "type": "LineString", "coordinates": [ [ 120.02239594153194, -4.08163209575225 ], [ 120.022135430099553, -4.080037148585552 ], [ 120.022413907837617, -4.077662642723412 ], [ 120.022728318187049, -4.07656051120339 ], [ 120.023734431305272, -4.074293520481499 ], [ 120.025746657541703, -4.062662772031946 ] ] } },
{ "type": "Feature", "properties": { "FID": 790, "OBJECTID": 2050, "NAMOBJ": "Jaringan Drainase Sekunder", "STSJRN": 1, "WADMPR": "Provinsi Sulawesi Selatan", "WADMKK": "Kabupaten Wajo", "REMARK": "Tidak Ada", "SBDATA": "Analisis Tim Penyusun, 2022", "SHAPE_Leng": 0.021948982146199999 }, "geometry": { "type": "LineString", "coordinates": [ [ 120.023725448152433, -4.102912688301184 ], [ 120.024309353087119, -4.098737256652552 ], [ 120.024731561270642, -4.091569082814955 ], [ 120.022943913855244, -4.085198314470375 ], [ 120.022324076309204, -4.081318482795513 ] ] } },
{ "type": "Feature", "properties": { "FID": 791, "OBJECTID": 2051, "NAMOBJ": "Unit Distribusi", "STSJRN": 1, "WADMPR": "Provinsi Sulawesi Selatan", "WADMKK": "Kabupaten Wajo", "REMARK": "Tidak Ada", "SBDATA": "Analisis Tim Penyusun, 2022", "SHAPE_Leng": 0.00067318146213299996 }, "geometry": { "type": "LineString", "coordinates": [ [ 120.025611910249097, -4.063325854652939 ], [ 120.025746657541703, -4.062662772031946 ] ] } },
{ "type": "Feature", "properties": { "FID": 792, "OBJECTID": 2052, "NAMOBJ": "Unit Distribusi", "STSJRN": 1, "WADMPR": "Provinsi Sulawesi Selatan", "WADMKK": "Kabupaten Wajo", "REMARK": "Tidak Ada", "SBDATA": "Analisis Tim Penyusun, 2022", "SHAPE_Leng": 0.012407840976400001 }, "geometry": { "type": "LineString", "coordinates": [ [ 120.024650712895081, -4.09373746217369 ], [ 120.024758510729171, -4.091569082814955 ], [ 120.022970863313759, -4.085189354141698 ], [ 120.02239594153194, -4.08163209575225 ] ] } },
{ "type": "Feature", "properties": { "FID": 793, "OBJECTID": 2053, "NAMOBJ": "Jaringan Drainase Sekunder", "STSJRN": 1, "WADMPR": "Provinsi Sulawesi Selatan", "WADMKK": "Kabupaten Wajo", "REMARK": "Tidak Ada", "SBDATA": "Analisis Tim Penyusun, 2022", "SHAPE_Leng": 0.0170686182315 }, "geometry": { "type": "LineString", "coordinates": [ [ 120.022126446946714, -4.079947544718172 ], [ 120.02239594153194, -4.077662642723412 ], [ 120.022719335034211, -4.076551550778335 ], [ 120.023716464999595, -4.074293520481499 ], [ 120.025611910249097, -4.063325854652939 ] ] } },
{ "type": "Feature", "properties": { "FID": 794, "OBJECTID": 2054, "NAMOBJ": "Jaringan Drainase Sekunder", "STSJRN": 1, "WADMPR": "Provinsi Sulawesi Selatan", "WADMKK": "Kabupaten Wajo", "REMARK": "Tidak Ada", "SBDATA": "Analisis Tim Penyusun, 2022", "SHAPE_Leng": 0.000144833202058 }, "geometry": { "type": "LineString", "coordinates": [ [ 120.022126446946714, -4.080090910901182 ], [ 120.022126446946714, -4.079947544718172 ] ] } },
{ "type": "Feature", "properties": { "FID": 795, "OBJECTID": 2055, "NAMOBJ": "Unit Distribusi", "STSJRN": 1, "WADMPR": "Provinsi Sulawesi Selatan", "WADMKK": "Kabupaten Wajo", "REMARK": "Tidak Ada", "SBDATA": "Analisis Tim Penyusun, 2022", "SHAPE_Leng": 0.00014354999835499999 }, "geometry": { "type": "LineString", "coordinates": [ [ 120.022126446946714, -4.080090910901182 ], [ 120.022126446946714, -4.079947544718172 ] ] } },
{ "type": "Feature", "properties": { "FID": 796, "OBJECTID": 2056, "NAMOBJ": "Jaringan Drainase Sekunder", "STSJRN": 1, "WADMPR": "Provinsi Sulawesi Selatan", "WADMKK": "Kabupaten Wajo", "REMARK": "Tidak Ada", "SBDATA": "Analisis Tim Penyusun, 2022", "SHAPE_Leng": 0.0012424802341 }, "geometry": { "type": "LineString", "coordinates": [ [ 120.022324076309204, -4.081318482795513 ], [ 120.022126446946714, -4.080090910901182 ] ] } },
{ "type": "Feature", "properties": { "FID": 797, "OBJECTID": 2057, "NAMOBJ": "Unit Distribusi", "STSJRN": 1, "WADMPR": "Provinsi Sulawesi Selatan", "WADMKK": "Kabupaten Wajo", "REMARK": "Tidak Ada", "SBDATA": "Analisis Tim Penyusun, 2022", "SHAPE_Leng": 0.00124616416854 }, "geometry": { "type": "LineString", "coordinates": [ [ 120.022324076309204, -4.081318482795513 ], [ 120.022126446946714, -4.080090910901182 ] ] } },
{ "type": "Feature", "properties": { "FID": 798, "OBJECTID": 2058, "NAMOBJ": "Jalur Evakuasi Bencana", "STSJRN": 1, "WADMPR": "Provinsi Sulawesi Selatan", "WADMKK": "Kabupaten Wajo", "REMARK": "ruas Jalan Impa-Impa – Anabanua", "SBDATA": "Analisis Tim Penyusun, 2022", "SHAPE_Leng": 0.012409074022800001 }, "geometry": { "type": "LineString", "coordinates": [ [ 120.024641729742243, -4.09373746217369 ], [ 120.024749527576333, -4.091569082814955 ], [ 120.022961880160921, -4.085198314470375 ], [ 120.02239594153194, -4.08163209575225 ] ] } },
{ "type": "Feature", "properties": { "FID": 799, "OBJECTID": 2059, "NAMOBJ": "Unit Distribusi", "STSJRN": 1, "WADMPR": "Provinsi Sulawesi Selatan", "WADMKK": "Kabupaten Wajo", "REMARK": "Tidak Ada", "SBDATA": "Analisis Tim Penyusun, 2022", "SHAPE_Leng": 0.00031327474100800002 }, "geometry": { "type": "LineString", "coordinates": [ [ 120.02239594153194, -4.08163209575225 ], [ 120.022324076309204, -4.081318482795513 ] ] } },
{ "type": "Feature", "properties": { "FID": 800, "OBJECTID": 2060, "NAMOBJ": "Unit Distribusi", "STSJRN": 1, "WADMPR": "Provinsi Sulawesi Selatan", "WADMKK": "Kabupaten Wajo", "REMARK": "Tidak Ada", "SBDATA": "Analisis Tim Penyusun, 2022", "SHAPE_Leng": 1.7244367078900001e-05 }, "geometry": { "type": "LineString", "coordinates": [ [ 120.039580712917143, -4.142031656366387 ], [ 120.039589696069982, -4.142013736987332 ] ] } },
{ "type": "Feature", "properties": { "FID": 801, "OBJECTID": 2061, "NAMOBJ": "Jaringan Drainase Tersier", "STSJRN": 1, "WADMPR": "Provinsi Sulawesi Selatan", "WADMKK": "Kabupaten Wajo", "REMARK": "Tidak Ada", "SBDATA": "Analisis Tim Penyusun, 2022", "SHAPE_Leng": 9.0480200638799995e-06 }, "geometry": { "type": "LineString", "coordinates": [ [ 120.039589696069982, -4.142031656366387 ], [ 120.039580712917143, -4.142031656366387 ] ] } },
{ "type": "Feature", "properties": { "FID": 802, "OBJECTID": 2062, "NAMOBJ": "Jalur Evakuasi Bencana", "STSJRN": 1, "WADMPR": "Provinsi Sulawesi Selatan", "WADMKK": "Kabupaten Wajo", "REMARK": "ruas Jalan Jend. Achmad Yani (Sengkang)", "SBDATA": "Analisis Tim Penyusun, 2022", "SHAPE_Leng": 4.5456700591899999e-06 }, "geometry": { "type": "LineString", "coordinates": [ [ 120.032528937936803, -4.138734483788738 ], [ 120.032528937936803, -4.138725524061937 ] ] } },
{ "type": "Feature", "properties": { "FID": 803, "OBJECTID": 2063, "NAMOBJ": "Jaringan Produksi", "STSJRN": 1, "WADMPR": "Provinsi Sulawesi Selatan", "WADMKK": "Kabupaten Wajo", "REMARK": "Tidak Ada", "SBDATA": "Analisis Tim Penyusun, 2022", "SHAPE_Leng": 8.9184904237599994e-06 }, "geometry": { "type": "LineString", "coordinates": [ [ 120.032528937936803, -4.138734483788738 ], [ 120.032537921089656, -4.138734483788738 ] ] } },
{ "type": "Feature", "properties": { "FID": 804, "OBJECTID": 2064, "NAMOBJ": "Jaringan Drainase Tersier", "STSJRN": 1, "WADMPR": "Provinsi Sulawesi Selatan", "WADMKK": "Kabupaten Wajo", "REMARK": "Tidak Ada", "SBDATA": "Analisis Tim Penyusun, 2022", "SHAPE_Leng": 3.6189591911099997e-05 }, "geometry": { "type": "LineString", "coordinates": [ [ 120.198052512188681, -4.143662318161438 ], [ 120.198052512188681, -4.143626479476799 ] ] } },
{ "type": "Feature", "properties": { "FID": 805, "OBJECTID": 2065, "NAMOBJ": "Jalur Evakuasi Bencana", "STSJRN": 1, "WADMPR": "Provinsi Sulawesi Selatan", "WADMKK": "Kabupaten Wajo", "REMARK": "ruas Jalan Jend. Achmad Yani (Sengkang)", "SBDATA": "Analisis Tim Penyusun, 2022", "SHAPE_Leng": 2.2961024297099999e-05 }, "geometry": { "type": "LineString", "coordinates": [ [ 120.031190448163471, -4.135903205074697 ], [ 120.031172481857794, -4.13588528555694 ] ] } },
{ "type": "Feature", "properties": { "FID": 806, "OBJECTID": 2066, "NAMOBJ": "Jaringan Drainase Sekunder", "STSJRN": 1, "WADMPR": "Provinsi Sulawesi Selatan", "WADMKK": "Kabupaten Wajo", "REMARK": "Tidak Ada", "SBDATA": "Analisis Tim Penyusun, 2022", "SHAPE_Leng": 2.29977704058e-05 }, "geometry": { "type": "LineString", "coordinates": [ [ 120.031208414469162, -4.135921124592049 ], [ 120.03119943131631, -4.135894245315869 ] ] } },
{ "type": "Feature", "properties": { "FID": 807, "OBJECTID": 2067, "NAMOBJ": "Unit Distribusi", "STSJRN": 1, "WADMPR": "Provinsi Sulawesi Selatan", "WADMKK": "Kabupaten Wajo", "REMARK": "Tidak Ada", "SBDATA": "Analisis Tim Penyusun, 2022", "SHAPE_Leng": 0.00166020519393 }, "geometry": { "type": "LineString", "coordinates": [ [ 120.031612656347008, -4.138671765698999 ], [ 120.031702487875407, -4.137023174130269 ] ] } },
{ "type": "Feature", "properties": { "FID": 808, "OBJECTID": 2068, "NAMOBJ": "Jalur Evakuasi Bencana", "STSJRN": 1, "WADMPR": "Provinsi Sulawesi Selatan", "WADMKK": "Kabupaten Wajo", "REMARK": "ruas Jalan Jend. Achmad Yani (Sengkang)", "SBDATA": "Analisis Tim Penyusun, 2022", "SHAPE_Leng": 2.2951817124099999e-05 }, "geometry": { "type": "LineString", "coordinates": [ [ 120.031208414469162, -4.135921124592049 ], [ 120.031190448163471, -4.135903205074697 ] ] } },
{ "type": "Feature", "properties": { "FID": 809, "OBJECTID": 2069, "NAMOBJ": "Unit Distribusi", "STSJRN": 1, "WADMPR": "Provinsi Sulawesi Selatan", "WADMKK": "Kabupaten Wajo", "REMARK": "Tidak Ada", "SBDATA": "Analisis Tim Penyusun, 2022", "SHAPE_Leng": 0.0050124154566099999 }, "geometry": { "type": "LineString", "coordinates": [ [ 120.424275250188487, -3.696605277297136 ], [ 120.423844058852112, -3.696381165697501 ], [ 120.421885731532726, -3.697923052357301 ], [ 120.419891471601986, -3.697869265658491 ] ] } },
{ "type": "Feature", "properties": { "FID": 810, "OBJECTID": 2070, "NAMOBJ": "Unit Distribusi", "STSJRN": 1, "WADMPR": "Provinsi Sulawesi Selatan", "WADMKK": "Kabupaten Wajo", "REMARK": "Tidak Ada", "SBDATA": "Analisis Tim Penyusun, 2022", "SHAPE_Leng": 0.00100339170636 }, "geometry": { "type": "LineString", "coordinates": [ [ 120.419990286283223, -3.70323895498247 ], [ 120.420367578702582, -3.702306657335001 ] ] } },
{ "type": "Feature", "properties": { "FID": 811, "OBJECTID": 2071, "NAMOBJ": "Unit Distribusi", "STSJRN": 1, "WADMPR": "Provinsi Sulawesi Selatan", "WADMKK": "Kabupaten Wajo", "REMARK": "Tidak Ada", "SBDATA": "Analisis Tim Penyusun, 2022", "SHAPE_Leng": 0.00100512504415 }, "geometry": { "type": "LineString", "coordinates": [ [ 120.033355387998199, -4.13884200050245 ], [ 120.033517084749349, -4.137847470343598 ] ] } },
{ "type": "Feature", "properties": { "FID": 812, "OBJECTID": 2072, "NAMOBJ": "Unit Distribusi", "STSJRN": 1, "WADMPR": "Provinsi Sulawesi Selatan", "WADMKK": "Kabupaten Wajo", "REMARK": "Tidak Ada", "SBDATA": "Analisis Tim Penyusun, 2022", "SHAPE_Leng": 0.0102517262506 }, "geometry": { "type": "LineString", "coordinates": [ [ 120.023563751401298, -4.120734188444215 ], [ 120.022072548029655, -4.118503162747658 ], [ 120.021991699654066, -4.11807308478569 ], [ 120.022189329016598, -4.117078528608454 ], [ 120.021659322998957, -4.11545677217686 ], [ 120.022377975226263, -4.111138045574052 ] ] } },
{ "type": "Feature", "properties": { "FID": 813, "OBJECTID": 2073, "NAMOBJ": "Unit Distribusi", "STSJRN": 1, "WADMPR": "Provinsi Sulawesi Selatan", "WADMKK": "Kabupaten Wajo", "REMARK": "Tidak Ada", "SBDATA": "Analisis Tim Penyusun, 2022", "SHAPE_Leng": 0.0052522379016000003 }, "geometry": { "type": "LineString", "coordinates": [ [ 120.038161374768237, -4.148303414094175 ], [ 120.033400303762406, -4.146090385262791 ] ] } },
{ "type": "Feature", "properties": { "FID": 814, "OBJECTID": 2074, "NAMOBJ": "Unit Distribusi", "STSJRN": 1, "WADMPR": "Provinsi Sulawesi Selatan", "WADMKK": "Kabupaten Wajo", "REMARK": "Tidak Ada", "SBDATA": "Analisis Tim Penyusun, 2022", "SHAPE_Leng": 0.0038132418000200001 }, "geometry": { "type": "LineString", "coordinates": [ [ 120.033400303762406, -4.146090385262791 ], [ 120.032861314591926, -4.145292976594285 ], [ 120.031747403639613, -4.142676753742125 ] ] } },
{ "type": "Feature", "properties": { "FID": 815, "OBJECTID": 2075, "NAMOBJ": "Unit Distribusi", "STSJRN": 1, "WADMPR": "Provinsi Sulawesi Selatan", "WADMKK": "Kabupaten Wajo", "REMARK": "Tidak Ada", "SBDATA": "Analisis Tim Penyusun, 2022", "SHAPE_Leng": 0.0066877783433700001 }, "geometry": { "type": "LineString", "coordinates": [ [ 120.039311218331918, -4.117293567887215 ], [ 120.038421886200624, -4.117159168344796 ], [ 120.038314088366533, -4.11685452929797 ], [ 120.038403919894947, -4.115752451772501 ], [ 120.036795935536375, -4.11478477268756 ], [ 120.036122199073276, -4.114722052706295 ], [ 120.0344064168806, -4.114981892596525 ] ] } },
{ "type": "Feature", "properties": { "FID": 816, "OBJECTID": 2076, "NAMOBJ": "Unit Distribusi", "STSJRN": 1, "WADMPR": "Provinsi Sulawesi Selatan", "WADMKK": "Kabupaten Wajo", "REMARK": "Tidak Ada", "SBDATA": "Analisis Tim Penyusun, 2022", "SHAPE_Leng": 0.0034933416056600001 }, "geometry": { "type": "LineString", "coordinates": [ [ 120.030822138896966, -4.144074462918065 ], [ 120.031432993290181, -4.140633943581301 ] ] } },
{ "type": "Feature", "properties": { "FID": 817, "OBJECTID": 2077, "NAMOBJ": "Unit Distribusi", "STSJRN": 1, "WADMPR": "Provinsi Sulawesi Selatan", "WADMKK": "Kabupaten Wajo", "REMARK": "Tidak Ada", "SBDATA": "Analisis Tim Penyusun, 2022", "SHAPE_Leng": 0.000850112038485 }, "geometry": { "type": "LineString", "coordinates": [ [ 120.032286392810107, -4.140176998481508 ], [ 120.033130809177152, -4.140293474708467 ] ] } },
{ "type": "Feature", "properties": { "FID": 818, "OBJECTID": 2078, "NAMOBJ": "Unit Distribusi", "STSJRN": 1, "WADMPR": "Provinsi Sulawesi Selatan", "WADMKK": "Kabupaten Wajo", "REMARK": "Tidak Ada", "SBDATA": "Analisis Tim Penyusun, 2022", "SHAPE_Leng": 0.00191893669105 }, "geometry": { "type": "LineString", "coordinates": [ [ 120.024506982449623, -4.095690790617207 ], [ 120.024650712895081, -4.093773303105493 ] ] } },
{ "type": "Feature", "properties": { "FID": 819, "OBJECTID": 2079, "NAMOBJ": "Unit Distribusi", "STSJRN": 1, "WADMPR": "Provinsi Sulawesi Selatan", "WADMKK": "Kabupaten Wajo", "REMARK": "Tidak Ada", "SBDATA": "Analisis Tim Penyusun, 2022", "SHAPE_Leng": 0.00023499306275400001 }, "geometry": { "type": "LineString", "coordinates": [ [ 120.024497999296784, -4.095923756076651 ], [ 120.024506982449623, -4.095690790617207 ] ] } },
{ "type": "Feature", "properties": { "FID": 820, "OBJECTID": 2080, "NAMOBJ": "Unit Distribusi", "STSJRN": 1, "WADMPR": "Provinsi Sulawesi Selatan", "WADMKK": "Kabupaten Wajo", "REMARK": "Tidak Ada", "SBDATA": "Analisis Tim Penyusun, 2022", "SHAPE_Leng": 0.0012294999355699999 }, "geometry": { "type": "LineString", "coordinates": [ [ 120.031702487875407, -4.137023174130269 ], [ 120.031190448163471, -4.135903205074697 ] ] } },
{ "type": "Feature", "properties": { "FID": 821, "OBJECTID": 2081, "NAMOBJ": "Jaringan Sistem Pengelolaan Air Limbah Domestik", "STSJRN": 1, "WADMPR": "Provinsi Sulawesi Selatan", "WADMKK": "Kabupaten Wajo", "REMARK": "Tidak Ada", "SBDATA": "Analisis Tim Penyusun, 2022", "SHAPE_Leng": 0.085130122386600005 }, "geometry": { "type": "LineString", "coordinates": [ [ 120.008813414436048, -4.268469546537192 ], [ 120.009612915038929, -4.264133748185254 ], [ 120.013610418053247, -4.245571955038312 ], [ 120.011849720096379, -4.224438559367235 ], [ 120.009576982427561, -4.209575855966041 ], [ 120.015928071486272, -4.198180028553397 ], [ 120.017401308552223, -4.185843320309849 ] ] } },
{ "type": "Feature", "properties": { "FID": 822, "OBJECTID": 2082, "NAMOBJ": "Jaringan Sistem Pengelolaan Air Limbah Domestik", "STSJRN": 1, "WADMPR": "Provinsi Sulawesi Selatan", "WADMKK": "Kabupaten Wajo", "REMARK": "Tidak Ada", "SBDATA": "Analisis Tim Penyusun, 2022", "SHAPE_Leng": 0.14110819299800001 }, "geometry": { "type": "LineString", "coordinates": [ [ 120.017401308552223, -4.185843320309849 ], [ 120.018182842849413, -4.184266501165383 ], [ 120.018856579312512, -4.183361620563478 ], [ 120.01988964188925, -4.182591127345813 ], [ 120.021075418064285, -4.182044614255334 ], [ 120.02285408232683, -4.181829592607051 ], [ 120.025001055855881, -4.182394024307951 ], [ 120.02611496680818, -4.182501535062022 ], [ 120.03033704864356, -4.181757918711178 ], [ 120.036185081143174, -4.182797189559651 ], [ 120.037290008942634, -4.18244777968683 ], [ 120.038053576934146, -4.18168624480875 ], [ 120.038376970436417, -4.181032220146277 ], [ 120.038457818811992, -4.179571861738478 ], [ 120.038610532410289, -4.180091498784329 ], [ 120.038987824829604, -4.180602176235186 ], [ 120.042383456603588, -4.183639356304956 ], [ 120.043668047459889, -4.184329215623806 ], [ 120.064841338706572, -4.188602746169813 ], [ 120.065901350741839, -4.188432522128895 ], [ 120.067114076375404, -4.187903931449992 ], [ 120.070267163022663, -4.186371912380507 ], [ 120.071111579389736, -4.185753728398094 ], [ 120.075594172657503, -4.183755826102717 ], [ 120.076348757496149, -4.18382749981581 ], [ 120.079834220798531, -4.184929482328903 ], [ 120.083436465087871, -4.186327116456158 ], [ 120.08579005113225, -4.187025932584044 ], [ 120.091269774365387, -4.189400110921001 ], [ 120.094943883877434, -4.193288372328522 ], [ 120.097818492786601, -4.195510227305077 ], [ 120.100549371250338, -4.198404004753095 ], [ 120.101959726246406, -4.199335745053982 ], [ 120.102579563792432, -4.200052467605336 ], [ 120.102911940447569, -4.200796066556467 ], [ 120.103621609522008, -4.204030265795033 ], [ 120.104160598692502, -4.205409947814053 ], [ 120.105220610727756, -4.206601489410056 ], [ 120.108742006641506, -4.211475144327836 ], [ 120.109757102912567, -4.21240686899912 ], [ 120.11297307162971, -4.214548039735453 ], [ 120.116305821333796, -4.216510027827416 ], [ 120.125154226882358, -4.219645614950085 ], [ 120.12909783097966, -4.222270539577506 ], [ 120.134451790073015, -4.224125003160816 ], [ 120.134873998256538, -4.224528146831504 ] ] } },
{ "type": "Feature", "properties": { "FID": 823, "OBJECTID": 2083, "NAMOBJ": "Jaringan Sistem Pengelolaan Air Limbah Domestik", "STSJRN": 1, "WADMPR": "Provinsi Sulawesi Selatan", "WADMKK": "Kabupaten Wajo", "REMARK": "Tidak Ada", "SBDATA": "Analisis Tim Penyusun, 2022", "SHAPE_Leng": 0.0048332144363500001 }, "geometry": { "type": "LineString", "coordinates": [ [ 120.038448835659153, -4.179571861738478 ], [ 120.038080526392676, -4.174751763767344 ] ] } },
{ "type": "Feature", "properties": { "FID": 824, "OBJECTID": 2084, "NAMOBJ": "Jaringan Sistem Pengelolaan Air Limbah Domestik", "STSJRN": 1, "WADMPR": "Provinsi Sulawesi Selatan", "WADMKK": "Kabupaten Wajo", "REMARK": "Tidak Ada", "SBDATA": "Analisis Tim Penyusun, 2022", "SHAPE_Leng": 0.0451965674788 }, "geometry": { "type": "LineString", "coordinates": [ [ 120.038080526392676, -4.174751763767344 ], [ 120.037523570916505, -4.168184556635729 ], [ 120.036939665981834, -4.165129397918054 ], [ 120.036553390409651, -4.161939835396652 ], [ 120.036409659964193, -4.161339551117615 ], [ 120.035583209902796, -4.159816439699592 ], [ 120.035277782706203, -4.158947368923848 ], [ 120.03553829413859, -4.157881188003088 ], [ 120.036894750217627, -4.15661789613767 ], [ 120.03746967199946, -4.15584737670104 ], [ 120.037712217126156, -4.153616449900821 ], [ 120.038179341073914, -4.152335232059193 ], [ 120.038583582951759, -4.150014699345022 ], [ 120.038547650340405, -4.149297931104841 ], [ 120.038152391615398, -4.148303414094175 ], [ 120.033391320609567, -4.146099344906181 ], [ 120.032852331439088, -4.145301936246714 ], [ 120.031774353098143, -4.142900745763439 ], [ 120.031693504722568, -4.142354205120011 ], [ 120.032097746600414, -4.14104608991561 ], [ 120.032843348286249, -4.13658414644916 ], [ 120.032582836853848, -4.136145118524754 ], [ 120.031459942748711, -4.136046561202166 ], [ 120.031172481857794, -4.135894245315869 ] ] } },
{ "type": "Feature", "properties": { "FID": 825, "OBJECTID": 2085, "NAMOBJ": "Jaringan Sistem Pengelolaan Air Limbah Domestik", "STSJRN": 1, "WADMPR": "Provinsi Sulawesi Selatan", "WADMKK": "Kabupaten Wajo", "REMARK": "Tidak Ada", "SBDATA": "Analisis Tim Penyusun, 2022", "SHAPE_Leng": 0.0228598171734 }, "geometry": { "type": "LineString", "coordinates": [ [ 120.039329184637594, -4.120617709345802 ], [ 120.039347150943271, -4.117436927374114 ], [ 120.039203420497813, -4.117230848103577 ], [ 120.038538667187566, -4.117248768042264 ], [ 120.038323071519372, -4.1170337287514 ], [ 120.038412903047785, -4.115886851552403 ], [ 120.038188324226766, -4.115546372065921 ], [ 120.036472542034076, -4.114722052706295 ], [ 120.034397433727761, -4.114990852591228 ], [ 120.028648215909399, -4.114157572652646 ], [ 120.02783074900087, -4.113826052434681 ], [ 120.025369365122359, -4.11212364914237 ], [ 120.02236899207341, -4.111138045574052 ] ] } },
{ "type": "Feature", "properties": { "FID": 826, "OBJECTID": 2086, "NAMOBJ": "Jaringan Sistem Pengelolaan Air Limbah Domestik", "STSJRN": 1, "WADMPR": "Provinsi Sulawesi Selatan", "WADMKK": "Kabupaten Wajo", "REMARK": "Tidak Ada", "SBDATA": "Analisis Tim Penyusun, 2022", "SHAPE_Leng": 0.153478720327 }, "geometry": { "type": "LineString", "coordinates": [ [ 120.199947957438155, -3.970220176210086 ], [ 120.199328119892115, -3.970094713873098 ], [ 120.195959437576676, -3.970990873004678 ], [ 120.195043155986866, -3.970659294239386 ], [ 120.193830430353302, -3.96982586594392 ], [ 120.192447024815763, -3.969261285007688 ], [ 120.189644281129304, -3.968625010791498 ], [ 120.188745965845172, -3.968185891680339 ], [ 120.184856260664944, -3.967065688808804 ], [ 120.182017584367117, -3.967370384140257 ], [ 120.180706044052314, -3.96783638854746 ], [ 120.180050273894921, -3.967800542063932 ], [ 120.179026194471021, -3.967334537636506 ], [ 120.178047030811328, -3.966545914160513 ], [ 120.1755317480158, -3.963400374400218 ], [ 120.171300683027582, -3.960227937566026 ], [ 120.17017778892243, -3.959770890579037 ], [ 120.169773547044585, -3.958534173937212 ], [ 120.169468119847977, -3.958408709826854 ], [ 120.16463518361941, -3.958659638028557 ], [ 120.15989207891927, -3.960057665188606 ], [ 120.158607488062984, -3.961428804917198 ], [ 120.158041549433975, -3.961688693890661 ], [ 120.154636934507153, -3.961688693890661 ], [ 120.153801501292946, -3.96130334124562 ], [ 120.152795388174724, -3.960344439698814 ], [ 120.151349100567273, -3.960443018413746 ], [ 120.150450785283184, -3.960174167345362 ], [ 120.147791772042169, -3.958883681001528 ], [ 120.146480231727352, -3.958578982543446 ], [ 120.144872247368795, -3.957727618610349 ], [ 120.143291212468725, -3.957413957993309 ], [ 120.141817975402788, -3.957602154377788 ], [ 120.139437439899865, -3.956123467347826 ], [ 120.138000135445282, -3.954644777678685 ], [ 120.13656283099067, -3.953506632924388 ], [ 120.135934010291805, -3.952574607709932 ], [ 120.134137379723555, -3.951759084787947 ], [ 120.13305940138261, -3.950567165228817 ], [ 120.131020225687678, -3.949778525782169 ], [ 120.12807375155576, -3.948927152810967 ], [ 120.124669136628938, -3.948703107147076 ], [ 120.123842686567542, -3.948496985082885 ], [ 120.122315550584545, -3.947726267345923 ], [ 120.120626717850399, -3.947170633184752 ], [ 120.119836200400385, -3.946256524562255 ], [ 120.11946789113388, -3.945369300525367 ], [ 120.118632457919674, -3.944930169085835 ], [ 120.117922788845206, -3.945046673367925 ], [ 120.117545496425876, -3.94531552934116 ], [ 120.116395652862209, -3.946758388244267 ], [ 120.115326657674103, -3.947081014736838 ], [ 120.114868516879184, -3.947063091046096 ], [ 120.113763589079724, -3.946355104952299 ], [ 120.111850177524559, -3.947089976582065 ], [ 120.109909816510864, -3.94691970150622 ], [ 120.108265899540925, -3.946023516321093 ], [ 120.106693847793707, -3.946274448270405 ], [ 120.105499088465834, -3.946839044879161 ], [ 120.104519924806141, -3.94864037435035 ], [ 120.104133649233972, -3.948963000111578 ], [ 120.103792289426011, -3.949025732883921 ], [ 120.101663282202651, -3.948945076461466 ], [ 120.101160225643525, -3.948667259835242 ], [ 120.100917680516815, -3.94817435914053 ], [ 120.101312939241822, -3.946256524562255 ], [ 120.101124293032157, -3.945817393591734 ], [ 120.100414623957718, -3.945566461504347 ], [ 120.09975885380031, -3.945691927557516 ], [ 120.098905454280384, -3.946140020449845 ], [ 120.096147626358146, -3.948057855297199 ], [ 120.094225231650128, -3.948568679719713 ], [ 120.08603259625896, -3.948577641548881 ], [ 120.081118811654832, -3.948183320973955 ], [ 120.079618625130337, -3.947780038374046 ], [ 120.078396916343934, -3.947036205509255 ], [ 120.076267909120574, -3.946928663353189 ], [ 120.073285502377317, -3.947717305507565 ], [ 120.071102596236898, -3.949294587568827 ], [ 120.069844954839141, -3.949850220308292 ], [ 120.065883384436162, -3.950746401362147 ] ] } },
{ "type": "Feature", "properties": { "FID": 827, "OBJECTID": 2087, "NAMOBJ": "Jaringan Sistem Pengelolaan Air Limbah Domestik", "STSJRN": 1, "WADMPR": "Provinsi Sulawesi Selatan", "WADMKK": "Kabupaten Wajo", "REMARK": "Tidak Ada", "SBDATA": "Analisis Tim Penyusun, 2022", "SHAPE_Leng": 0.14549561073600001 }, "geometry": { "type": "LineString", "coordinates": [ [ 119.939041266318469, -3.936380502597154 ], [ 119.939274828292369, -3.938800228443142 ], [ 119.939472457654873, -3.944849512265588 ], [ 119.940748065358306, -3.954044339302267 ], [ 119.938026170047436, -3.963373489393421 ], [ 119.937127854763318, -3.967531693387884 ], [ 119.936741579191121, -3.971161143129685 ], [ 119.936894292789447, -3.972200686288825 ], [ 119.937343450431499, -3.973580767424803 ], [ 119.939274828292369, -3.978635070826156 ], [ 119.93970601962873, -3.980875443622479 ], [ 119.939697036475891, -3.982255510230892 ], [ 119.936867343330903, -3.989594916477937 ], [ 119.935501904099041, -3.995823054725015 ], [ 119.934675454037674, -3.997552586887568 ], [ 119.930956428761405, -4.003744819781323 ], [ 119.929689804210796, -4.00716800223612 ], [ 119.928521994341438, -4.009739860257551 ], [ 119.927632662210158, -4.011343906982111 ], [ 119.926761296384583, -4.012562621941408 ], [ 119.926392987118078, -4.013584190432815 ], [ 119.924973648969171, -4.015098618563981 ], [ 119.924695171231107, -4.016272522460445 ], [ 119.9247400869953, -4.017079020342014 ], [ 119.924434659798706, -4.018064738892371 ], [ 119.924290929353234, -4.019543314484287 ], [ 119.924470592410074, -4.020457341691032 ], [ 119.925063480497585, -4.021855263671881 ], [ 119.925144328873145, -4.02337863745891 ], [ 119.923617192890163, -4.027429005667933 ], [ 119.922808709134443, -4.029041978546724 ], [ 119.921856494933266, -4.032429211180023 ], [ 119.921515135125318, -4.032393367522333 ], [ 119.921515135125318, -4.03332530210849 ], [ 119.921856494933266, -4.034391649025687 ], [ 119.921685815029292, -4.034714241094624 ], [ 119.920509022007096, -4.035816429696803 ], [ 119.919880201308231, -4.036981342853512 ], [ 119.918954936565584, -4.037456268507007 ], [ 119.916843895647901, -4.039176751566425 ], [ 119.915604220555807, -4.041192938009049 ], [ 119.915478456416039, -4.042761079554742 ], [ 119.915182012372256, -4.043442100081359 ], [ 119.913843522598924, -4.044893747188723 ], [ 119.913232668205737, -4.046273705607883 ], [ 119.912199605628999, -4.046121372651064 ], [ 119.910852132702828, -4.046497724609981 ], [ 119.909908901654489, -4.046533567644567 ], [ 119.906665983478817, -4.045234256627483 ], [ 119.906450387810636, -4.045861510482139 ], [ 119.905444274692414, -4.047295231754493 ], [ 119.905075965425908, -4.048137541818299 ], [ 119.905120881190143, -4.050180588119265 ], [ 119.904887319216257, -4.052976327329437 ], [ 119.904303414281586, -4.05451756404335 ], [ 119.903441031608821, -4.055592843731385 ], [ 119.902596615241748, -4.055978151938074 ], [ 119.899739972638258, -4.058083902844525 ], [ 119.898895556271185, -4.058325839831114 ], [ 119.898123005126834, -4.058137666625587 ], [ 119.897548083345001, -4.059929790612557 ] ] } },
{ "type": "Feature", "properties": { "FID": 828, "OBJECTID": 2088, "NAMOBJ": "Jaringan Sistem Pengelolaan Air Limbah Domestik", "STSJRN": 1, "WADMPR": "Provinsi Sulawesi Selatan", "WADMKK": "Kabupaten Wajo", "REMARK": "Tidak Ada", "SBDATA": "Analisis Tim Penyusun, 2022", "SHAPE_Leng": 0.115411311281 }, "geometry": { "type": "LineString", "coordinates": [ [ 119.934343077382536, -3.998108187118949 ], [ 119.936876326483741, -3.997373360926156 ], [ 119.93722666944457, -3.997104521910583 ], [ 119.94187994261631, -3.988842159878506 ], [ 119.94469166945558, -3.984253914269789 ], [ 119.945994226617586, -3.981440016605571 ], [ 119.947611194128982, -3.978868069880915 ], [ 119.949524605684161, -3.974691999908102 ], [ 119.950665466095003, -3.972729418944903 ], [ 119.951788360200155, -3.971483760112313 ], [ 119.956235020856539, -3.967675079359331 ], [ 119.957681308463961, -3.96804250579756 ], [ 119.958238263940103, -3.968338239153516 ], [ 119.960151675495297, -3.97017536823478 ], [ 119.961579996797042, -3.970515908786115 ], [ 119.962747806666385, -3.967218036488577 ], [ 119.964715117138624, -3.967164266722453 ], [ 119.964858847584068, -3.966106793944234 ], [ 119.965703263951156, -3.963023984225502 ], [ 119.966233269968768, -3.959313843339676 ], [ 119.965487668282975, -3.957790350719502 ], [ 119.964571386693166, -3.956661172027769 ], [ 119.96440968994203, -3.956087620356755 ], [ 119.965640381881272, -3.955962155875789 ], [ 119.967454978755171, -3.956150352590111 ], [ 119.972925718835469, -3.957046526833695 ], [ 119.975378119561114, -3.957727618610349 ], [ 119.978800700793599, -3.957897891466993 ], [ 119.980992590086856, -3.957503575324585 ], [ 119.985924340996689, -3.959340728478389 ], [ 119.986319599721696, -3.95926007305963 ], [ 119.987074184560356, -3.958552097379996 ], [ 119.988224028124037, -3.957897891466993 ], [ 119.988763017294488, -3.957808274178386 ], [ 119.9905506647099, -3.95794270010766 ], [ 119.991826272413348, -3.957225761566066 ], [ 119.993137812728165, -3.954017453991657 ], [ 119.99453918457138, -3.945199025096775 ], [ 119.998554653891404, -3.93983981220157 ], [ 120.000791458948868, -3.934776310104228 ] ] } },
{ "type": "Feature", "properties": { "FID": 829, "OBJECTID": 2089, "NAMOBJ": "Jaringan Sistem Pengelolaan Air Limbah Domestik", "STSJRN": 1, "WADMPR": "Provinsi Sulawesi Selatan", "WADMKK": "Kabupaten Wajo", "REMARK": "Tidak Ada", "SBDATA": "Analisis Tim Penyusun, 2022", "SHAPE_Leng": 0.025169655162 }, "geometry": { "type": "LineString", "coordinates": [ [ 119.956235020856539, -3.967675079359331 ], [ 119.956639262734384, -3.966958149253227 ], [ 119.956603330123016, -3.964771508587826 ], [ 119.957214184516218, -3.962602785493553 ], [ 119.957016555153714, -3.961052413845388 ], [ 119.955687048533221, -3.958883681001528 ], [ 119.951069707972849, -3.958283245697486 ], [ 119.948356795814817, -3.957557345718695 ], [ 119.940649250677069, -3.954474504153438 ] ] } },
{ "type": "Feature", "properties": { "FID": 830, "OBJECTID": 2090, "NAMOBJ": "Jaringan Sistem Pengelolaan Air Limbah Domestik", "STSJRN": 1, "WADMPR": "Provinsi Sulawesi Selatan", "WADMKK": "Kabupaten Wajo", "REMARK": "Tidak Ada", "SBDATA": "Analisis Tim Penyusun, 2022", "SHAPE_Leng": 0.067051299535299994 }, "geometry": { "type": "LineString", "coordinates": [ [ 120.000791458948868, -3.934776310104228 ], [ 120.00767255402522, -3.936595589623829 ], [ 120.008139677972949, -3.936909258104797 ], [ 120.010852590131009, -3.937993653942728 ], [ 120.013655333817454, -3.938074311427945 ], [ 120.016170616612982, -3.93865683747798 ], [ 120.017257578106765, -3.938746456834101 ], [ 120.030831122049804, -3.942089251921435 ], [ 120.032385207491359, -3.94274347029934 ], [ 120.038727313397217, -3.943603811492023 ], [ 120.047827247225356, -3.945297605612319 ], [ 120.053405785139731, -3.946435761626359 ], [ 120.061957746644566, -3.948479061422711 ], [ 120.062110460242863, -3.947824847561488 ], [ 120.065353378418536, -3.949061580180273 ] ] } },
{ "type": "Feature", "properties": { "FID": 831, "OBJECTID": 2091, "NAMOBJ": "Jaringan Sistem Pengelolaan Air Limbah Domestik", "STSJRN": 1, "WADMPR": "Provinsi Sulawesi Selatan", "WADMKK": "Kabupaten Wajo", "REMARK": "Tidak Ada", "SBDATA": "Analisis Tim Penyusun, 2022", "SHAPE_Leng": 0.41512026526099999 }, "geometry": { "type": "LineString", "coordinates": [ [ 120.226861483350376, -4.236443187291483 ], [ 120.228271838346444, -4.235323360468248 ], [ 120.229385749298743, -4.236004215369952 ], [ 120.230239148818669, -4.234848553405866 ], [ 120.23009541837321, -4.233827269303271 ], [ 120.237677199371191, -4.232250547340771 ], [ 120.247612566413537, -4.232205754056289 ], [ 120.279745304126507, -4.228917919901285 ], [ 120.28062565310492, -4.228380398003878 ], [ 120.282027024948164, -4.226355728843723 ], [ 120.284326712075512, -4.224053333152982 ], [ 120.284461459368131, -4.200706476358945 ], [ 120.286015544809644, -4.190349780238272 ], [ 120.285701134460211, -4.187196156930949 ], [ 120.283679925070942, -4.175988148598535 ], [ 120.27779595995996, -4.162808902870316 ], [ 120.277858842029843, -4.15773783583651 ], [ 120.277158156108229, -4.156107203106838 ], [ 120.274499142867242, -4.153365582235482 ], [ 120.273052855259806, -4.149351688745421 ], [ 120.272352169338191, -4.148975385184528 ], [ 120.2723342030325, -4.147344734349186 ], [ 120.27279234382739, -4.146448770919197 ], [ 120.273142686788219, -4.146117264192658 ], [ 120.273789473792775, -4.144208857900957 ], [ 120.275298643470109, -4.142327326062231 ], [ 120.279871068266274, -4.135777768441886 ], [ 120.281461086319155, -4.132910639993287 ], [ 120.284766886564725, -4.123045847021578 ], [ 120.289213547221109, -4.110931964673899 ], [ 120.291297638680277, -4.108969713434616 ], [ 120.291091026164935, -4.107742183948819 ], [ 120.291064076706405, -4.105645523379073 ], [ 120.291243739763232, -4.104373188211349 ], [ 120.291665947946754, -4.103826621073059 ], [ 120.292366633868383, -4.10343237569189 ], [ 120.294163264436605, -4.101308823360101 ], [ 120.295402939528685, -4.098531172551406 ], [ 120.296471934716791, -4.096550970437993 ], [ 120.29693007551171, -4.094221314617628 ], [ 120.297100755415684, -4.09089706322695 ], [ 120.297379233153762, -4.090216082802711 ], [ 120.297433132070807, -4.089615744317104 ], [ 120.297406182612278, -4.088307542477292 ], [ 120.296642614620765, -4.086712608579053 ], [ 120.296543799939514, -4.085852418193507 ], [ 120.297567879363413, -4.081614175015166 ], [ 120.297855340254358, -4.080807741432379 ], [ 120.299355526778825, -4.079078386685913 ], [ 120.299625021364051, -4.078469079463491 ], [ 120.304682536413665, -4.063639474621634 ], [ 120.30859020789957, -4.051327559220542 ], [ 120.308877668790487, -4.050834720274695 ], [ 120.31289313811051, -4.046927840920314 ], [ 120.316818775902107, -4.043513786419297 ], [ 120.319369991309017, -4.041533449002449 ], [ 120.323538174227323, -4.039642715100605 ], [ 120.325478535241018, -4.039194673245765 ], [ 120.326170238009809, -4.039409733366966 ], [ 120.326367867372312, -4.03884520042724 ], [ 120.32369088782562, -4.036622908214077 ], [ 120.320510851719845, -4.034311000988436 ], [ 120.318112349911232, -4.03317296672036 ], [ 120.315345538836155, -4.029185353758961 ], [ 120.314599937150319, -4.028396789778938 ], [ 120.313512975656536, -4.027912897867322 ], [ 120.311249221140557, -4.027357317910218 ], [ 120.309793950380296, -4.026129664079366 ], [ 120.308689022580822, -4.024677983437816 ], [ 120.308715972039352, -4.023557857717168 ], [ 120.310386838467821, -4.020986043234939 ], [ 120.311491766267295, -4.018306687809027 ], [ 120.311428884197397, -4.015869273220749 ], [ 120.311518715725811, -4.015358490564437 ], [ 120.312147536424675, -4.013996401918359 ], [ 120.311599564101385, -4.011818847586866 ], [ 120.311716345088314, -4.009802588400903 ], [ 120.312012789132069, -4.008691403434626 ], [ 120.313486026198021, -4.00669305892927 ], [ 120.314438240399184, -4.004999390929813 ], [ 120.314959263263987, -4.004631981006883 ], [ 120.316342668801525, -4.004174958677438 ], [ 120.316648095998119, -4.003977811711443 ], [ 120.3167738601379, -4.003520789016746 ], [ 120.316585213928235, -4.00319818460805 ], [ 120.315624016574219, -4.002373750541659 ], [ 120.311249221140557, -3.99930003795782 ], [ 120.309488523183703, -3.995634867067615 ], [ 120.305500003322194, -3.99492692263642 ], [ 120.304377109217043, -3.994487817555668 ], [ 120.301628264447643, -3.993923253535123 ], [ 120.300137061076015, -3.992955428596294 ], [ 120.298475177800384, -3.990697165968316 ], [ 120.298017037005494, -3.989738298609152 ], [ 120.298250598979365, -3.988152132389875 ], [ 120.300424521966931, -3.980400485098763 ], [ 120.30191572533856, -3.97907418437442 ], [ 120.30213132100674, -3.978572340300153 ], [ 120.30202352317265, -3.977774766053106 ], [ 120.300801814386247, -3.976636653150282 ], [ 120.300128077923176, -3.976322999711829 ], [ 120.297522963599206, -3.975883884697481 ], [ 120.297118721721375, -3.97571361554735 ], [ 120.296310237965656, -3.97497876933814 ], [ 120.295061579720723, -3.974611345987936 ], [ 120.294693270454246, -3.972048339528433 ], [ 120.292420532785428, -3.969978213114536 ], [ 120.291980358296186, -3.969144784131529 ], [ 120.289995081518313, -3.966841648052223 ], [ 120.289779485850104, -3.966411489629293 ], [ 120.289617789098955, -3.965461555652095 ], [ 120.288171501491533, -3.961437766607298 ], [ 120.288387097159713, -3.958704446628003 ], [ 120.288279299325623, -3.957960623563247 ], [ 120.286886910635246, -3.954653739442203 ], [ 120.286105376338057, -3.953273626718997 ], [ 120.285395707263618, -3.950074265662502 ], [ 120.283563144083999, -3.948676221663345 ], [ 120.283329582110142, -3.948586603377954 ], [ 120.282260586922035, -3.948729992629937 ], [ 120.281443120013478, -3.948362557622141 ], [ 120.278712241549769, -3.945109406436128 ], [ 120.27790375779405, -3.943576925843231 ], [ 120.277580364291779, -3.942591118120335 ], [ 120.277427650693483, -3.940458184683092 ], [ 120.276340689199685, -3.939060124504519 ], [ 120.276547301715041, -3.937859224783328 ], [ 120.27652933540935, -3.93700783960298 ], [ 120.275487289679774, -3.936479084157944 ], [ 120.273825406404143, -3.936039948024625 ], [ 120.270959780647814, -3.934498488744087 ] ] } },
{ "type": "Feature", "properties": { "FID": 832, "OBJECTID": 2092, "NAMOBJ": "Jaringan Sistem Pengelolaan Air Limbah Domestik", "STSJRN": 1, "WADMPR": "Provinsi Sulawesi Selatan", "WADMKK": "Kabupaten Wajo", "REMARK": "Tidak Ada", "SBDATA": "Analisis Tim Penyusun, 2022", "SHAPE_Leng": 0.00378675155128 }, "geometry": { "type": "LineString", "coordinates": [ [ 120.039329184637594, -4.120617709345802 ], [ 120.039796308585323, -4.12047435043203 ], [ 120.041323444568349, -4.118556922476562 ], [ 120.041871416891638, -4.11807308478569 ], [ 120.041817517974593, -4.117983485181025 ] ] } },
{ "type": "Feature", "properties": { "FID": 833, "OBJECTID": 2093, "NAMOBJ": "Jaringan Sistem Pengelolaan Air Limbah Domestik", "STSJRN": 1, "WADMPR": "Provinsi Sulawesi Selatan", "WADMKK": "Kabupaten Wajo", "REMARK": "Tidak Ada", "SBDATA": "Analisis Tim Penyusun, 2022", "SHAPE_Leng": 0.0040856798569700002 }, "geometry": { "type": "LineString", "coordinates": [ [ 120.011014286882144, -4.218588475562939 ], [ 120.012164130445811, -4.218445134518315 ], [ 120.012289894585592, -4.218176369988353 ], [ 120.014176356682256, -4.21883036351576 ], [ 120.014499750184527, -4.219126004244687 ], [ 120.014427884961805, -4.219305180389268 ] ] } },
{ "type": "Feature", "properties": { "FID": 834, "OBJECTID": 2094, "NAMOBJ": "Jaringan Sistem Pengelolaan Air Limbah Domestik", "STSJRN": 1, "WADMPR": "Provinsi Sulawesi Selatan", "WADMKK": "Kabupaten Wajo", "REMARK": "Tidak Ada", "SBDATA": "Analisis Tim Penyusun, 2022", "SHAPE_Leng": 0.0024026119837599999 }, "geometry": { "type": "LineString", "coordinates": [ [ 120.099830719023032, -4.197624567300823 ], [ 120.101366838158867, -4.195796917809479 ] ] } },
{ "type": "Feature", "properties": { "FID": 835, "OBJECTID": 2095, "NAMOBJ": "Jaringan Sistem Pengelolaan Air Limbah Domestik", "STSJRN": 1, "WADMPR": "Provinsi Sulawesi Selatan", "WADMKK": "Kabupaten Wajo", "REMARK": "Tidak Ada", "SBDATA": "Analisis Tim Penyusun, 2022", "SHAPE_Leng": 0.0013063907300700001 }, "geometry": { "type": "LineString", "coordinates": [ [ 120.229655243883983, -4.235654829376822 ], [ 120.230427795028334, -4.236246097888142 ], [ 120.230257115124346, -4.236523814760193 ] ] } },
{ "type": "Feature", "properties": { "FID": 836, "OBJECTID": 2096, "NAMOBJ": "Jaringan Sistem Pengelolaan Air Limbah Domestik", "STSJRN": 1, "WADMPR": "Provinsi Sulawesi Selatan", "WADMKK": "Kabupaten Wajo", "REMARK": "Tidak Ada", "SBDATA": "Analisis Tim Penyusun, 2022", "SHAPE_Leng": 0.00067058909375699997 }, "geometry": { "type": "LineString", "coordinates": [ [ 120.273367265609252, -4.152182919310304 ], [ 120.273960153696777, -4.15186933414651 ] ] } },
{ "type": "Feature", "properties": { "FID": 837, "OBJECTID": 2097, "NAMOBJ": "Jaringan Sistem Pengelolaan Air Limbah Domestik", "STSJRN": 1, "WADMPR": "Provinsi Sulawesi Selatan", "WADMKK": "Kabupaten Wajo", "REMARK": "Tidak Ada", "SBDATA": "Analisis Tim Penyusun, 2022", "SHAPE_Leng": 0.00081773651532399995 }, "geometry": { "type": "LineString", "coordinates": [ [ 120.296004810769062, -4.095314461654826 ], [ 120.296022777074739, -4.095197978844888 ], [ 120.29671447984353, -4.095251740143889 ] ] } },
{ "type": "Feature", "properties": { "FID": 838, "OBJECTID": 2098, "NAMOBJ": "Jaringan Sistem Pengelolaan Air Limbah Domestik", "STSJRN": 1, "WADMPR": "Provinsi Sulawesi Selatan", "WADMKK": "Kabupaten Wajo", "REMARK": "Tidak Ada", "SBDATA": "Analisis Tim Penyusun, 2022", "SHAPE_Leng": 0.0051837502390900004 }, "geometry": { "type": "LineString", "coordinates": [ [ 120.326367867372312, -4.03884520042724 ], [ 120.330131808412759, -4.039804010107778 ], [ 120.330571982901972, -4.038594296772405 ] ] } },
{ "type": "Feature", "properties": { "FID": 839, "OBJECTID": 2099, "NAMOBJ": "Jaringan Sistem Pengelolaan Air Limbah Domestik", "STSJRN": 1, "WADMPR": "Provinsi Sulawesi Selatan", "WADMKK": "Kabupaten Wajo", "REMARK": "Tidak Ada", "SBDATA": "Analisis Tim Penyusun, 2022", "SHAPE_Leng": 0.004393237136 }, "geometry": { "type": "LineString", "coordinates": [ [ 120.147953468793304, -4.02339655948651 ], [ 120.147028204050685, -4.027169137516171 ], [ 120.146534130644412, -4.027061605842893 ] ] } },
{ "type": "Feature", "properties": { "FID": 840, "OBJECTID": 2100, "NAMOBJ": "Jaringan Sistem Pengelolaan Air Limbah Domestik", "STSJRN": 1, "WADMPR": "Provinsi Sulawesi Selatan", "WADMKK": "Kabupaten Wajo", "REMARK": "Tidak Ada", "SBDATA": "Analisis Tim Penyusun, 2022", "SHAPE_Leng": 0.0062058430519499998 }, "geometry": { "type": "LineString", "coordinates": [ [ 120.03529574901188, -4.017715256997166 ], [ 120.035385580540293, -4.017240319822665 ], [ 120.038296122060856, -4.017374736032181 ], [ 120.04086530377343, -4.018485909182499 ] ] } },
{ "type": "Feature", "properties": { "FID": 841, "OBJECTID": 2101, "NAMOBJ": "Jaringan Sistem Pengelolaan Air Limbah Domestik", "STSJRN": 1, "WADMPR": "Provinsi Sulawesi Selatan", "WADMKK": "Kabupaten Wajo", "REMARK": "Tidak Ada", "SBDATA": "Analisis Tim Penyusun, 2022", "SHAPE_Leng": 0.0056603086859500001 }, "geometry": { "type": "LineString", "coordinates": [ [ 120.056460057105753, -3.979710450529004 ], [ 120.059469413307554, -3.980749982906994 ], [ 120.06010721715927, -3.978357264174735 ] ] } },
{ "type": "Feature", "properties": { "FID": 842, "OBJECTID": 2102, "NAMOBJ": "Jaringan Sistem Pengelolaan Air Limbah Domestik", "STSJRN": 1, "WADMPR": "Provinsi Sulawesi Selatan", "WADMKK": "Kabupaten Wajo", "REMARK": "Tidak Ada", "SBDATA": "Analisis Tim Penyusun, 2022", "SHAPE_Leng": 0.0028052504788700001 }, "geometry": { "type": "LineString", "coordinates": [ [ 119.92939336016704, -4.007795285426263 ], [ 119.930156928158553, -4.008368801064752 ], [ 119.930839647774462, -4.00861075285409 ], [ 119.931091176054011, -4.007633984080465 ], [ 119.931198973888101, -4.007660867640308 ] ] } },
{ "type": "Feature", "properties": { "FID": 843, "OBJECTID": 2103, "NAMOBJ": "Jaringan Sistem Pengelolaan Air Limbah Domestik", "STSJRN": 1, "WADMPR": "Provinsi Sulawesi Selatan", "WADMKK": "Kabupaten Wajo", "REMARK": "Tidak Ada", "SBDATA": "Analisis Tim Penyusun, 2022", "SHAPE_Leng": 0.039733289540499997 }, "geometry": { "type": "LineString", "coordinates": [ [ 120.169279473638312, -3.958381824657875 ], [ 120.169953210101411, -3.95330947383178 ], [ 120.171633059682705, -3.949249778460722 ], [ 120.171803739586679, -3.945718813137871 ], [ 120.173591387002091, -3.942501499178464 ], [ 120.174759196871449, -3.939938393352611 ], [ 120.175046657762351, -3.935860708719983 ], [ 120.174229190853822, -3.935717317248493 ], [ 120.173690201683343, -3.935305066630435 ], [ 120.173384774486749, -3.933163152526749 ], [ 120.172046284713417, -3.931415561627275 ], [ 120.170824575927014, -3.930322195201538 ], [ 120.170905424302575, -3.929067510651581 ], [ 120.165650279890471, -3.927992065249616 ], [ 120.165120273872859, -3.927678393412934 ], [ 120.164437554256907, -3.927741127789703 ], [ 120.164401621645553, -3.928341585157306 ] ] } },
{ "type": "Feature", "properties": { "FID": 844, "OBJECTID": 2104, "NAMOBJ": "Jaringan Sistem Pengelolaan Air Limbah Domestik", "STSJRN": 1, "WADMPR": "Provinsi Sulawesi Selatan", "WADMKK": "Kabupaten Wajo", "REMARK": "Tidak Ada", "SBDATA": "Analisis Tim Penyusun, 2022", "SHAPE_Leng": 0.00161388586977 }, "geometry": { "type": "LineString", "coordinates": [ [ 120.327230250045048, -3.808151966702381 ], [ 120.32719431743368, -3.808268489832377 ], [ 120.328604672429762, -3.808770435442796 ] ] } },
{ "type": "Feature", "properties": { "FID": 845, "OBJECTID": 2105, "NAMOBJ": "Jaringan Sistem Pengelolaan Air Limbah Domestik", "STSJRN": 1, "WADMPR": "Provinsi Sulawesi Selatan", "WADMKK": "Kabupaten Wajo", "REMARK": "Tidak Ada", "SBDATA": "Analisis Tim Penyusun, 2022", "SHAPE_Leng": 0.0028517135158099998 }, "geometry": { "type": "LineString", "coordinates": [ [ 120.402239576269039, -3.684288019895162 ], [ 120.403946375308863, -3.684162515666152 ], [ 120.405069269414014, -3.684323878243055 ] ] } },
{ "type": "Feature", "properties": { "FID": 846, "OBJECTID": 2106, "NAMOBJ": "Jaringan Sistem Pengelolaan Air Limbah Domestik", "STSJRN": 1, "WADMPR": "Provinsi Sulawesi Selatan", "WADMKK": "Kabupaten Wajo", "REMARK": "Tidak Ada", "SBDATA": "Analisis Tim Penyusun, 2022", "SHAPE_Leng": 0.71092703946299995 }, "geometry": { "type": "LineString", "coordinates": [ [ 120.024641729742243, -4.093755382639793 ], [ 120.036355761047147, -4.091954373791117 ], [ 120.036661188243741, -4.091793089218999 ], [ 120.03711932903866, -4.091031467189653 ], [ 120.037415773082415, -4.090852261901039 ], [ 120.038736296550056, -4.091076268505543 ], [ 120.040182584157506, -4.090950824814738 ], [ 120.041009034218888, -4.089830790990515 ], [ 120.0418624337388, -4.089561982639735 ], [ 120.042599052271797, -4.089741188216941 ], [ 120.043093125678041, -4.089633664875426 ], [ 120.044126188254779, -4.088818279066098 ], [ 120.045150267678679, -4.087743043763703 ], [ 120.047036729775343, -4.087940170343775 ], [ 120.047333173819098, -4.087832646760654 ], [ 120.047953011365124, -4.087277108018138 ], [ 120.048743528815152, -4.08527895742397 ], [ 120.049983203907246, -4.084463567186458 ], [ 120.050351513173723, -4.083200158698354 ], [ 120.050665923523184, -4.082850704935611 ], [ 120.052606284536864, -4.082483330303046 ], [ 120.056127680450629, -4.083011991306551 ], [ 120.056900231594952, -4.083020951659542 ], [ 120.057421254459769, -4.082859665290402 ], [ 120.059146019805254, -4.081614175015166 ], [ 120.060924684067828, -4.079741455785267 ], [ 120.062317072758205, -4.079454723268923 ], [ 120.063457933169033, -4.078773733132457 ], [ 120.064356248453166, -4.077402790712561 ], [ 120.064616759885553, -4.077214621962604 ], [ 120.067212891056641, -4.076757640529321 ], [ 120.068982572166377, -4.075754072548527 ], [ 120.069359864585692, -4.075458378172421 ], [ 120.070851067957349, -4.071892116226597 ], [ 120.071129545695428, -4.069651993857795 ], [ 120.071866164228382, -4.067402904730653 ], [ 120.072674647984101, -4.065673521171948 ], [ 120.074093986133008, -4.063496105508219 ], [ 120.075351627530793, -4.062850944182486 ], [ 120.079070652807033, -4.06225954584727 ], [ 120.080220496370714, -4.061058826681618 ], [ 120.082618998179314, -4.059472799373733 ], [ 120.0842539319964, -4.05859465862009 ], [ 120.08740701864366, -4.056175286298355 ], [ 120.087919058355624, -4.055574922414976 ], [ 120.090856549334674, -4.048952968811188 ], [ 120.091997409745517, -4.046972644689503 ], [ 120.093237084837597, -4.045512040537317 ], [ 120.099893601092916, -4.039553106749431 ], [ 120.100234960900877, -4.038898965486041 ], [ 120.100881747905461, -4.036336160388594 ], [ 120.101115309879319, -4.035959803713972 ], [ 120.101654299049812, -4.035502798946002 ], [ 120.102732277390757, -4.035099559231288 ], [ 120.103729407356127, -4.034517101512162 ], [ 120.105723667286853, -4.033773347202164 ], [ 120.107169954894303, -4.033746464503513 ], [ 120.108930652851171, -4.032689077651001 ], [ 120.113422229271762, -4.032205188293528 ], [ 120.116117175124117, -4.033164005814287 ], [ 120.119243312312861, -4.035099559231288 ], [ 120.119926031928799, -4.035198128957817 ], [ 120.12059976839187, -4.035072676576521 ], [ 120.121084858645304, -4.034821771755801 ], [ 120.122764708226597, -4.033146084001844 ], [ 120.125297957327831, -4.031640650345716 ], [ 120.126187289459097, -4.030377159232454 ], [ 120.126465767197189, -4.029140549007852 ], [ 120.126771194393783, -4.028773149955665 ], [ 120.128729521713169, -4.027608225034592 ], [ 120.130076994639353, -4.027330434999447 ], [ 120.130562084892759, -4.027079527789425 ], [ 120.131029208840516, -4.026506025304623 ], [ 120.131181922438813, -4.025224604230115 ], [ 120.13157718116382, -4.024283699359846 ], [ 120.132367698613848, -4.023593701764087 ], [ 120.13326601389798, -4.023297988329829 ], [ 120.134739250963932, -4.023047079877185 ], [ 120.135853161916231, -4.02339655948651 ], [ 120.137290466370814, -4.024955774378119 ], [ 120.137506062039009, -4.026075898175839 ], [ 120.137784539777101, -4.026685244874534 ], [ 120.139096080091903, -4.027482771482076 ], [ 120.140308805725468, -4.027626146969086 ], [ 120.14075796336752, -4.027473810513299 ], [ 120.141431699830619, -4.026927191231316 ], [ 120.142006621612438, -4.025744341692284 ], [ 120.142410863490312, -4.02533213614606 ], [ 120.143839184792057, -4.02458837343686 ], [ 120.145456152303467, -4.024077596243117 ], [ 120.146794642076799, -4.023441364553785 ], [ 120.147953468793304, -4.02339655948651 ], [ 120.148968565064365, -4.023109806997591 ], [ 120.150001627641103, -4.022321237132636 ], [ 120.151106555440577, -4.022079289407426 ], [ 120.153558956166208, -4.020779939284029 ], [ 120.157448661346464, -4.019955522959288 ], [ 120.159622584334045, -4.02010786082122 ], [ 120.161868372544333, -4.020511107965397 ], [ 120.163224828623356, -4.021048770514001 ], [ 120.16363805365404, -4.021057731553474 ], [ 120.164976543427372, -4.020806822411018 ], [ 120.165605364126264, -4.020529030056064 ], [ 120.166063504921155, -4.020161627118635 ], [ 120.166485713104706, -4.019390976516876 ], [ 120.166961820205287, -4.019023573066612 ], [ 120.168057764851909, -4.01833357101756 ], [ 120.168740484467847, -4.018270843529607 ], [ 120.169441170389447, -4.018342532086872 ], [ 120.171516278695762, -4.019910717700362 ], [ 120.17281883585774, -4.020045133469753 ], [ 120.175621579544199, -4.020645523635796 ], [ 120.176924136706177, -4.021263835434137 ], [ 120.177570923710746, -4.021057731553474 ], [ 120.178936362942608, -4.019328249110256 ], [ 120.179933492907978, -4.018521753452468 ], [ 120.180544347301165, -4.017706295920961 ], [ 120.183598619267187, -4.012419243805273 ], [ 120.187721886421301, -4.007920742006553 ], [ 120.192276344911789, -3.999927327176823 ], [ 120.193453137933986, -3.997319593130094 ], [ 120.196983517000575, -3.988779430130758 ], [ 120.198465737219365, -3.982757352060247 ], [ 120.198582518206294, -3.981475862496187 ], [ 120.198564551900617, -3.978043611391185 ], [ 120.199507782948942, -3.973670383003153 ], [ 120.199956940590994, -3.970211214615221 ], [ 120.203972409911017, -3.965846906359378 ], [ 120.208041778148058, -3.96317633265019 ], [ 120.21007197069018, -3.961563230258492 ], [ 120.214707277556229, -3.958507288772307 ], [ 120.215740340132967, -3.958014393927682 ], [ 120.217294425574522, -3.957584230914442 ], [ 120.21798612834327, -3.957449804926982 ], [ 120.218956308850125, -3.957512537057179 ], [ 120.223861110301414, -3.958112972920079 ], [ 120.230921868434606, -3.959708158619947 ], [ 120.23281731368408, -3.959761928870886 ], [ 120.239527728856459, -3.96071186939479 ], [ 120.241809449678129, -3.961545306880915 ], [ 120.243183872062815, -3.96167973220328 ], [ 120.251726850414812, -3.958372862934688 ], [ 120.26059322226908, -3.954671662968947 ], [ 120.263494780636762, -3.949016771059591 ], [ 120.264348180156688, -3.946077287459471 ], [ 120.264150550794184, -3.943308069307479 ], [ 120.266028029737996, -3.939705383340415 ], [ 120.267168890148838, -3.938119121138577 ], [ 120.271355039372807, -3.934086237522807 ], [ 120.275002199426339, -3.929927865974932 ], [ 120.276646116396279, -3.925509573488196 ], [ 120.277813926265637, -3.919675240697101 ], [ 120.279314112790118, -3.917524324325923 ], [ 120.279727337820816, -3.916663956228999 ], [ 120.281568884153245, -3.908615886845873 ], [ 120.283482295708438, -3.905631449494569 ], [ 120.283347548415819, -3.904331916399668 ], [ 120.28051785527083, -3.898515360870467 ], [ 120.280428023742417, -3.89587145868744 ], [ 120.278981736134995, -3.893514345667774 ], [ 120.277265953942319, -3.891094488934134 ], [ 120.277185105566744, -3.890108619382802 ], [ 120.277391718082114, -3.888127914343149 ], [ 120.277023408815609, -3.88678354175532 ], [ 120.275415424457037, -3.884784903880195 ], [ 120.274894401592235, -3.883655626574874 ], [ 120.275343559234315, -3.881683868927615 ], [ 120.276385604963892, -3.880061646683705 ], [ 120.276708998466177, -3.878161581309898 ], [ 120.277634263208824, -3.87696059438912 ], [ 120.279089533969085, -3.87595678311658 ], [ 120.279430893777047, -3.875481764866905 ], [ 120.279376994860002, -3.874648241633078 ], [ 120.278873938300904, -3.873330735491762 ], [ 120.27892783721795, -3.872775052014391 ], [ 120.280050731323101, -3.869826338426329 ], [ 120.280499888965153, -3.86643844205735 ], [ 120.281380237943594, -3.864233613337464 ], [ 120.282305502686242, -3.862718910611191 ], [ 120.284173998477215, -3.860290002962862 ], [ 120.2899052499899, -3.853944336921033 ], [ 120.290677801134223, -3.85330797514254 ], [ 120.293264949152501, -3.851963547284778 ], [ 120.297037873345801, -3.850870077727432 ], [ 120.29932857732031, -3.849955864396398 ], [ 120.301664197059011, -3.847320773421114 ], [ 120.304943047846052, -3.844515378493856 ], [ 120.321867307798868, -3.834539570369401 ], [ 120.323906483493829, -3.830649601045139 ], [ 120.323906483493829, -3.821946402897895 ], [ 120.327975851730869, -3.812570871276738 ], [ 120.328155514787696, -3.810150784361851 ], [ 120.328766369180897, -3.808331233049689 ], [ 120.331299618282117, -3.803087676972661 ], [ 120.331973354745216, -3.801295000909029 ], [ 120.332467428151475, -3.800712380385851 ], [ 120.332323697706016, -3.800102869263437 ], [ 120.331137921530981, -3.799385796803335 ], [ 120.331182837295174, -3.798982443282616 ], [ 120.332242849330441, -3.797100124359837 ], [ 120.333195063531619, -3.796185853687777 ], [ 120.335404919130553, -3.794662067083285 ], [ 120.337174600240246, -3.792752848308789 ], [ 120.338890382432936, -3.790341669276242 ], [ 120.339231742240884, -3.789552880623935 ], [ 120.340354636346035, -3.788271097529911 ], [ 120.341450580992671, -3.786648698024068 ], [ 120.341639227202322, -3.785797161154989 ], [ 120.34178295764778, -3.78298260175668 ], [ 120.342519576180763, -3.78141397392041 ], [ 120.343543655604662, -3.78013217878108 ], [ 120.34460366763993, -3.777147291848885 ], [ 120.345394185089944, -3.773131571913421 ], [ 120.345241471491647, -3.771159559791164 ], [ 120.34576249435645, -3.769546091999765 ], [ 120.346247584609856, -3.769178579473083 ], [ 120.347819636357087, -3.768631792255735 ], [ 120.348717951641177, -3.767986403622491 ], [ 120.349984576191787, -3.765126967669318 ], [ 120.351107470296938, -3.763531416252355 ], [ 120.351844088829921, -3.761442852958306 ], [ 120.354539034682276, -3.760223775073938 ], [ 120.356470412543132, -3.759856258612578 ], [ 120.358886880657423, -3.758457901880203 ], [ 120.361339281383053, -3.756387254139675 ], [ 120.362749636379149, -3.754675156409657 ], [ 120.363252692938246, -3.753330574686728 ], [ 120.364357620737707, -3.749108574625619 ], [ 120.36582187465082, -3.747504029976936 ], [ 120.365947638790615, -3.744841734318806 ], [ 120.367905966109973, -3.741578842402606 ], [ 120.368193427000918, -3.740601765260795 ], [ 120.368516820503189, -3.738145621580152 ], [ 120.368786315088414, -3.737598814933843 ], [ 120.37034040052994, -3.735976321075392 ], [ 120.371247698966897, -3.735465369349571 ], [ 120.373026363229471, -3.735079914341997 ], [ 120.37634114662788, -3.734066973631458 ], [ 120.377508956497223, -3.733986296887444 ], [ 120.378991176716013, -3.734183506693056 ], [ 120.384434967337782, -3.735169555056541 ], [ 120.385117686953706, -3.7349902736183 ], [ 120.386528041949788, -3.733403631293894 ], [ 120.388692981784516, -3.73046340517096 ], [ 120.39467576157675, -3.724771171157923 ], [ 120.396427476380765, -3.723444471953857 ], [ 120.396813751952962, -3.722942477139048 ], [ 120.398026477586512, -3.719697432326246 ], [ 120.398385803700151, -3.719276113476717 ], [ 120.402104828976405, -3.71777012104906 ], [ 120.412758848246071, -3.714193378726643 ], [ 120.414591411425661, -3.712974235173481 ], [ 120.417870262212702, -3.709325758749696 ], [ 120.418229588326369, -3.708644469099525 ], [ 120.419451297112772, -3.705748982229321 ], [ 120.419990286283223, -3.70403678584345 ], [ 120.419963336824708, -3.703221026190816 ], [ 120.416334143076867, -3.701481931674746 ], [ 120.414205135853507, -3.698837425737731 ], [ 120.414034455949519, -3.69841609694432 ], [ 120.414079371713726, -3.696775602074982 ], [ 120.413755978211455, -3.696381165697501 ], [ 120.413405635250626, -3.696336343370777 ], [ 120.41130357748581, -3.697098322616972 ], [ 120.41063882417555, -3.697035571409673 ], [ 120.409336267013586, -3.696721815306564 ], [ 120.408114558227183, -3.695637114780608 ], [ 120.406650304314056, -3.695233713420172 ], [ 120.403137891553143, -3.690285308479273 ], [ 120.403326537762808, -3.688071067629501 ], [ 120.402275508880408, -3.68649330560174 ], [ 120.402275508880408, -3.684458347034788 ], [ 120.402122795282082, -3.683777038280662 ], [ 120.400631591910454, -3.681482099692907 ], [ 120.400478878312157, -3.680809753283155 ], [ 120.400622608757615, -3.679725033338825 ], [ 120.401574822958779, -3.678201044409037 ], [ 120.401538890347425, -3.677322508430058 ], [ 120.400622608757615, -3.675583363224673 ], [ 120.398763096119481, -3.667515119485125 ], [ 120.397146128608071, -3.66256656061732 ], [ 120.396867650870007, -3.661266662897798 ] ] } },
{ "type": "Feature", "properties": { "FID": 847, "OBJECTID": 2107, "NAMOBJ": "Jaringan Sistem Pengelolaan Air Limbah Domestik", "STSJRN": 1, "WADMPR": "Provinsi Sulawesi Selatan", "WADMKK": "Kabupaten Wajo", "REMARK": "Tidak Ada", "SBDATA": "Analisis Tim Penyusun, 2022", "SHAPE_Leng": 0.143408210699 }, "geometry": { "type": "LineString", "coordinates": [ [ 120.178945346095446, -4.019328249110256 ], [ 120.180068240200598, -4.019507470259222 ], [ 120.183427939363213, -4.019659808204869 ], [ 120.184425069328583, -4.019973445062169 ], [ 120.186670857538886, -4.020215393412504 ], [ 120.189482584378169, -4.020842666578954 ], [ 120.190794124692971, -4.022088250435567 ], [ 120.191890069339607, -4.023925259123318 ], [ 120.192303294370305, -4.024364348391325 ], [ 120.19295008137486, -4.02463317843857 ], [ 120.195168920126633, -4.024462919418951 ], [ 120.196444527830081, -4.025099150310228 ], [ 120.196776904485205, -4.02533213614606 ], [ 120.197181146363079, -4.02596836635813 ], [ 120.197783017603413, -4.027661990836894 ], [ 120.19876218126312, -4.028486399360618 ], [ 120.204987506182079, -4.030744557560046 ], [ 120.206864985125861, -4.031981165345288 ], [ 120.210305532664051, -4.034606710419212 ], [ 120.214545580805094, -4.036882773343443 ], [ 120.216135598858003, -4.038943769698986 ], [ 120.217707650605206, -4.041488644932538 ], [ 120.218758679487621, -4.042707314751957 ], [ 120.220752939418375, -4.044347139632536 ], [ 120.222702283584894, -4.045117766572432 ], [ 120.223277205366742, -4.045503079767519 ], [ 120.223564666257658, -4.046506685368775 ], [ 120.223376020047994, -4.049849041482387 ], [ 120.223483817882084, -4.050915366668196 ], [ 120.224058739663931, -4.051775594365309 ], [ 120.225325364214541, -4.052402843151054 ], [ 120.228173023665192, -4.052859838388618 ], [ 120.230966784198813, -4.053800710123292 ], [ 120.233688679509683, -4.056318656711985 ], [ 120.236051248706914, -4.058173509144306 ], [ 120.240147566402513, -4.060485348240733 ], [ 120.241513005634374, -4.061022984291002 ], [ 120.243013192158841, -4.062143058245287 ], [ 120.24573508746974, -4.0647057816029 ], [ 120.247244257147045, -4.066811509734341 ], [ 120.24925648338349, -4.068379601577166 ], [ 120.250945316117622, -4.068693219579474 ], [ 120.251807698790373, -4.06905164000402 ], [ 120.253972638625115, -4.070772055821338 ], [ 120.255194347411503, -4.071211119685922 ], [ 120.258221669918996, -4.072151970017874 ], [ 120.260647121186125, -4.07248350749183 ], [ 120.264518860060662, -4.073585644599108 ], [ 120.265246495440806, -4.074454808570097 ], [ 120.266171760183454, -4.075978083367124 ], [ 120.266701766201081, -4.076444025669891 ], [ 120.269477560429024, -4.076811403064368 ], [ 120.273232518316632, -4.078343633801518 ], [ 120.28220668800499, -4.080915265956874 ], [ 120.283850604974916, -4.081614175015166 ], [ 120.286698264425581, -4.082322043825885 ], [ 120.28843201292392, -4.083119515535841 ], [ 120.291800695239374, -4.08431124144583 ], [ 120.293022404025777, -4.085162473155063 ], [ 120.296561766245205, -4.08568217207034 ] ] } },
{ "type": "Feature", "properties": { "FID": 848, "OBJECTID": 2108, "NAMOBJ": "Jalur Evakuasi Bencana", "STSJRN": 1, "WADMPR": "Provinsi Sulawesi Selatan", "WADMKK": "Kabupaten Wajo", "REMARK": "ruas Jalan Tarumpakkae - Bts. Kab. Luwu/Bts. Kab. Wajo", "SBDATA": "Analisis Tim Penyusun, 2022", "SHAPE_Leng": 0.0029137880328199998 }, "geometry": { "type": "LineString", "coordinates": [ [ 120.416190412631408, -3.701293678970718 ], [ 120.414357849451804, -3.699034643402001 ] ] } },
{ "type": "Feature", "properties": { "FID": 849, "OBJECTID": 2109, "NAMOBJ": "Jalur Evakuasi Bencana", "STSJRN": 1, "WADMPR": "Provinsi Sulawesi Selatan", "WADMKK": "Kabupaten Wajo", "REMARK": "ruas Jalan Tarumpakkae - Bts. Kab. Luwu/Bts. Kab. Wajo", "SBDATA": "Analisis Tim Penyusun, 2022", "SHAPE_Leng": 0.0029914585878800001 }, "geometry": { "type": "LineString", "coordinates": [ [ 120.415822103364903, -3.700827529245687 ], [ 120.415067518526257, -3.701508824914912 ], [ 120.415004636456374, -3.703489958027503 ] ] } },
{ "type": "Feature", "properties": { "FID": 850, "OBJECTID": 2110, "NAMOBJ": "Jaringan Sistem Pengelolaan Air Limbah Domestik", "STSJRN": 1, "WADMPR": "Provinsi Sulawesi Selatan", "WADMKK": "Kabupaten Wajo", "REMARK": "Tidak Ada", "SBDATA": "Analisis Tim Penyusun, 2022", "SHAPE_Leng": 0.23822380149399999 }, "geometry": { "type": "LineString", "coordinates": [ [ 120.033391320609567, -4.146099344906181 ], [ 120.031145532399265, -4.14510482386982 ], [ 120.03079518943845, -4.144594123391991 ], [ 120.031352144914607, -4.141395518161344 ], [ 120.031720454181098, -4.137166530055079 ], [ 120.030929936731056, -4.135428337717208 ], [ 120.027525321804248, -4.131405393407206 ], [ 120.026061067891135, -4.129389433683631 ], [ 120.024192572100162, -4.127687063706644 ], [ 120.022881031785346, -4.126262446025619 ], [ 120.022566621435914, -4.125715893909945 ], [ 120.022485773060353, -4.124237513352155 ], [ 120.023545785095607, -4.120734188444215 ], [ 120.022063564876817, -4.118503162747658 ], [ 120.021982716501228, -4.11807308478569 ], [ 120.022171362710907, -4.117078528608454 ], [ 120.021641356693266, -4.11545677217686 ], [ 120.023267307357543, -4.105072076793922 ], [ 120.024183588947324, -4.100170883712106 ], [ 120.024749527576333, -4.091685566152877 ], [ 120.022952897008082, -4.085198314470375 ], [ 120.022135430099553, -4.080037148585552 ], [ 120.022404924684778, -4.077662642723412 ], [ 120.022728318187049, -4.07656051120339 ], [ 120.023734431305272, -4.074293520481499 ], [ 120.026555141297422, -4.058585697995233 ], [ 120.035933552863625, -4.031407666316457 ], [ 120.038799178619954, -4.023486169618596 ], [ 120.039517830847259, -4.022150977629793 ], [ 120.040829371162062, -4.020466302737006 ], [ 120.040640724952397, -4.018996689880826 ], [ 120.044090255643425, -4.010635976134279 ], [ 120.051609154571508, -3.993394534497015 ], [ 120.055256314625026, -3.982622930171678 ], [ 120.057286507167149, -3.977756843027449 ], [ 120.0584094012723, -3.975892846230724 ], [ 120.059667042670057, -3.974476922770127 ], [ 120.060412644355864, -3.972550187574024 ], [ 120.061652319447944, -3.970623447878403 ], [ 120.062838095622979, -3.968472663371219 ], [ 120.062865045081537, -3.968185891680339 ], [ 120.064823372400895, -3.965067243114478 ], [ 120.065577957239569, -3.964162115896275 ], [ 120.068147138952142, -3.957718656880082 ], [ 120.068120189493612, -3.957333302386869 ], [ 120.067185941598126, -3.955612647578635 ], [ 120.066817632331649, -3.95449242768406 ], [ 120.064616759885553, -3.945987668893574 ], [ 120.064598793579862, -3.945055635235101 ], [ 120.06509286698612, -3.941237871069759 ], [ 120.063008775526981, -3.932885330628713 ], [ 120.062766230400257, -3.931370751556035 ], [ 120.062496735815031, -3.930886802633192 ], [ 120.060771970469531, -3.929040624533427 ], [ 120.058687879010364, -3.925984563457742 ] ] } },
{ "type": "Feature", "properties": { "FID": 851, "OBJECTID": 2111, "NAMOBJ": "Jalur Evakuasi Bencana", "STSJRN": 1, "WADMPR": "Provinsi Sulawesi Selatan", "WADMKK": "Kabupaten Wajo", "REMARK": "ruas Jalan Anabanua – Malake – Batas Kab. Sidrap", "SBDATA": "Analisis Tim Penyusun, 2022", "SHAPE_Leng": 0.067027341235799995 }, "geometry": { "type": "LineString", "coordinates": [ [ 120.000791458948868, -3.934758386148307 ], [ 120.007681537178058, -3.936568703748534 ], [ 120.008148661125787, -3.93688237223963 ], [ 120.010861573283847, -3.937975730056062 ], [ 120.013655333817454, -3.938056387543016 ], [ 120.016170616612982, -3.938638913605597 ], [ 120.017257578106765, -3.938728532963649 ], [ 120.030831122049804, -3.942071328123013 ], [ 120.032394190644197, -3.942716584622722 ], [ 120.038727313397217, -3.943576925843231 ], [ 120.047827247225356, -3.94527072001833 ], [ 120.053405785139731, -3.946417837921688 ], [ 120.061939780338889, -3.948452175931723 ], [ 120.062101477090025, -3.947797962049313 ], [ 120.065335412112859, -3.949034694708154 ] ] } },
{ "type": "Feature", "properties": { "FID": 852, "OBJECTID": 2112, "NAMOBJ": "Jaringan Drainase Tersier", "STSJRN": 1, "WADMPR": "Provinsi Sulawesi Selatan", "WADMKK": "Kabupaten Wajo", "REMARK": "Tidak Ada", "SBDATA": "Analisis Tim Penyusun, 2022", "SHAPE_Leng": 0.071060225404099994 }, "geometry": { "type": "LineString", "coordinates": [ [ 120.04073055648081, -4.262583963085998 ], [ 120.040631741799558, -4.261912089962197 ], [ 120.040793438550693, -4.261186466329027 ], [ 120.040712590175133, -4.260505633655531 ], [ 120.041395309791071, -4.258418340255931 ], [ 120.041521073930852, -4.257450837532043 ], [ 120.04223972615813, -4.255990622784769 ], [ 120.042006164184258, -4.254279570078573 ], [ 120.041727686446194, -4.254127277245094 ], [ 120.041548023389367, -4.253706232195835 ], [ 120.041727686446194, -4.251529336036849 ], [ 120.040919202690475, -4.251063497376908 ], [ 120.040739539633648, -4.250776827292396 ], [ 120.040937168996152, -4.250060151614727 ], [ 120.041548023389367, -4.249495769049678 ], [ 120.041709720140503, -4.249083679931734 ], [ 120.040236483074565, -4.247990746856848 ], [ 120.039320201484756, -4.247587615413683 ], [ 120.038682397633011, -4.246691767008008 ], [ 120.037927812794379, -4.246154257465345 ], [ 120.037604419292066, -4.244640270241291 ], [ 120.037909846488688, -4.243233782408208 ], [ 120.037909846488688, -4.242113965422759 ], [ 120.037074413274453, -4.241164359347059 ], [ 120.036176097990321, -4.240582053157303 ], [ 120.03574490665396, -4.239901202286644 ], [ 120.03577185611249, -4.239014303542438 ], [ 120.036140165378967, -4.238288658358485 ], [ 120.036598306173858, -4.236676111067049 ], [ 120.036319828435779, -4.235233774252364 ], [ 120.035780839265328, -4.234409580579556 ], [ 120.035969485474979, -4.231533854478105 ], [ 120.03609524961476, -4.23122925981061 ], [ 120.03571795719543, -4.230575276737436 ], [ 120.035996434933509, -4.229321061079642 ], [ 120.035646091972708, -4.22822810006516 ], [ 120.034738793535737, -4.227708495107833 ], [ 120.0344064168806, -4.228246017471269 ], [ 120.033005045037385, -4.227905586684378 ], [ 120.032960129273178, -4.228461026312258 ], [ 120.032537921089656, -4.228658117697428 ], [ 120.0316575721112, -4.228595406807583 ], [ 120.03154977427711, -4.228926878596416 ], [ 120.02931296921966, -4.228559572011108 ], [ 120.028549401228148, -4.228891043815269 ], [ 120.028037361516212, -4.228926878596416 ], [ 120.026213781489432, -4.22717993108695 ], [ 120.025764623847394, -4.225889875014332 ], [ 120.024704611812126, -4.225083588879014 ], [ 120.024569864519506, -4.223336632710485 ], [ 120.024219521558692, -4.223067869873863 ], [ 120.022791200256947, -4.22245867376622 ], [ 120.020410664754024, -4.222001776371657 ], [ 120.020329816378464, -4.221311950384003 ], [ 120.01999743972334, -4.220550453452012 ], [ 120.017086898202777, -4.21997709056327 ], [ 120.014984840437947, -4.219314139195411 ], [ 120.014176356682256, -4.21883036351576 ], [ 120.012289894585592, -4.218185328807517 ], [ 120.012164130445811, -4.218454093334378 ], [ 120.011041236340674, -4.218588475562939 ] ] } },
{ "type": "Feature", "properties": { "FID": 853, "OBJECTID": 2113, "NAMOBJ": "Jaringan Drainase Tersier", "STSJRN": 1, "WADMPR": "Provinsi Sulawesi Selatan", "WADMKK": "Kabupaten Wajo", "REMARK": "Tidak Ada", "SBDATA": "Analisis Tim Penyusun, 2022", "SHAPE_Leng": 0.023239486535199999 }, "geometry": { "type": "LineString", "coordinates": [ [ 120.414366832604642, -3.699016714525244 ], [ 120.415543625626839, -3.697797550055002 ], [ 120.416064648491641, -3.69628255657572 ], [ 120.416909064858686, -3.695009601474001 ], [ 120.418975190012176, -3.69301052040989 ], [ 120.419729774850836, -3.690832144438646 ], [ 120.419630960169584, -3.688940628459182 ], [ 120.420906567873033, -3.688877876675214 ], [ 120.422810996275373, -3.686887746371163 ], [ 120.42605391445106, -3.684960363677693 ], [ 120.428524281482382, -3.683355702342737 ], [ 120.428865641290329, -3.682979189208172 ] ] } },
{ "type": "Feature", "properties": { "FID": 854, "OBJECTID": 2114, "NAMOBJ": "Jaringan Drainase Tersier", "STSJRN": 1, "WADMPR": "Provinsi Sulawesi Selatan", "WADMKK": "Kabupaten Wajo", "REMARK": "Tidak Ada", "SBDATA": "Analisis Tim Penyusun, 2022", "SHAPE_Leng": 0.042727987574299998 }, "geometry": { "type": "LineString", "coordinates": [ [ 119.904878336063405, -3.972397840878164 ], [ 119.908139220544768, -3.975247615588218 ], [ 119.910214328851083, -3.976555999420365 ], [ 119.911184509357938, -3.977004075597804 ], [ 119.912648763271051, -3.978160111010443 ], [ 119.913268600817105, -3.978894954382993 ], [ 119.914463360144978, -3.979441605734921 ], [ 119.915244894442139, -3.980059948630107 ], [ 119.920212577963341, -3.98195082039949 ], [ 119.921892427544634, -3.982398893641934 ], [ 119.923275833082201, -3.982524354106104 ], [ 119.924003468462317, -3.982784236435327 ], [ 119.923266849929362, -3.986225429192189 ], [ 119.923419563527659, -3.986601808776417 ], [ 119.924533474479958, -3.987381451652729 ], [ 119.924964665816333, -3.987981865777583 ], [ 119.925027547886216, -3.988591240858774 ], [ 119.924838901676551, -3.990034024175746 ], [ 119.924326861964602, -3.992256443208531 ], [ 119.924641272314048, -3.993645452049095 ], [ 119.925611452820903, -3.995159917073628 ], [ 119.925629419126594, -3.995446679367042 ], [ 119.925270093012927, -3.996073971534383 ], [ 119.925171278331675, -3.996728147140699 ], [ 119.924443642951559, -3.997821425756222 ], [ 119.928036904088032, -3.999156657497485 ] ] } },
{ "type": "Feature", "properties": { "FID": 855, "OBJECTID": 2115, "NAMOBJ": "Jaringan Drainase Tersier", "STSJRN": 1, "WADMPR": "Provinsi Sulawesi Selatan", "WADMKK": "Kabupaten Wajo", "REMARK": "Tidak Ada", "SBDATA": "Analisis Tim Penyusun, 2022", "SHAPE_Leng": 0.125042713513 }, "geometry": { "type": "LineString", "coordinates": [ [ 120.331164870989497, -3.683024012208733 ], [ 120.331748775924169, -3.683606711010627 ], [ 120.3323865797759, -3.684709355391649 ], [ 120.332449461845783, -3.6862154040455 ], [ 120.332665057513964, -3.686744313384344 ], [ 120.333123198308883, -3.687228399622126 ], [ 120.335153390850977, -3.688071067629501 ], [ 120.336653577375472, -3.689326103606342 ], [ 120.337920201926082, -3.689657791389815 ], [ 120.339510219978962, -3.690778357310029 ], [ 120.339438354756226, -3.687631804618938 ], [ 120.338683769917594, -3.685847856692579 ], [ 120.337776471480623, -3.684825894961833 ], [ 120.33748002743684, -3.682593711310169 ], [ 120.33757884211812, -3.682028941065159 ], [ 120.338791567751684, -3.679223013743955 ], [ 120.339070045489748, -3.677985892820778 ], [ 120.34005819230228, -3.675395105035083 ], [ 120.340713962459674, -3.674937906409232 ], [ 120.341405665228464, -3.674803436180563 ], [ 120.342115334302918, -3.673216685951738 ], [ 120.343346026242159, -3.672185745025568 ], [ 120.343759251272857, -3.672024380251099 ], [ 120.345151639963234, -3.672185745025568 ], [ 120.345663679675198, -3.671432709161859 ], [ 120.347127933588297, -3.670643813766353 ], [ 120.3486999853355, -3.670177647977822 ], [ 120.351987819275379, -3.670796214067523 ], [ 120.352931050323704, -3.672006450829914 ], [ 120.352922067170866, -3.673915932163031 ], [ 120.352715454655524, -3.67491101236512 ], [ 120.351987819275379, -3.676730840854287 ], [ 120.351736290995831, -3.677035639351448 ], [ 120.351323065965147, -3.677304579115349 ], [ 120.348933547309386, -3.67814725651684 ], [ 120.348628120112778, -3.679097508801041 ], [ 120.348529305431526, -3.681652427369456 ], [ 120.348771850558222, -3.682351666963321 ], [ 120.349607283772471, -3.683579817228168 ], [ 120.349517452244058, -3.684772107469799 ], [ 120.349867795204858, -3.685811998406113 ], [ 120.350981706157157, -3.686314014285074 ], [ 120.352221381249251, -3.686529163860736 ], [ 120.352661555738479, -3.687712485596334 ], [ 120.353209528061782, -3.688241394044583 ], [ 120.35426954009705, -3.689872940156132 ], [ 120.354691748280601, -3.690285308479273 ], [ 120.357233980534645, -3.691621021950795 ], [ 120.357422626744309, -3.692087176514943 ], [ 120.358114329513086, -3.690132911512585 ], [ 120.357916700150568, -3.689765365779487 ], [ 120.356766856586887, -3.688949592999387 ], [ 120.356057187512448, -3.687793166566408 ], [ 120.356838721809638, -3.686331943418367 ], [ 120.359228240465399, -3.684072869777451 ], [ 120.359524684509154, -3.68325709177527 ], [ 120.35932705514665, -3.681760002727332 ], [ 120.359973842151206, -3.680863541014615 ], [ 120.359165358395515, -3.679231978382058 ], [ 120.35935400460518, -3.678667206005423 ], [ 120.358114329513086, -3.677421119654512 ], [ 120.357719070788065, -3.676623264889236 ], [ 120.358725183906273, -3.676372254253644 ], [ 120.359506718203477, -3.676363289586781 ], [ 120.363773715803049, -3.677250791169059 ], [ 120.367780201970206, -3.677089427310718 ], [ 120.367672404136115, -3.676004702838335 ], [ 120.366729173087776, -3.67343183869049 ], [ 120.366989684520163, -3.670240401078912 ], [ 120.366720189934938, -3.667156529183035 ], [ 120.366046453471867, -3.66626901756684 ], [ 120.363980328318391, -3.664709146531099 ], [ 120.363405406536543, -3.663848526864231 ], [ 120.361689624343882, -3.663382357532376 ], [ 120.360467915557479, -3.663480970295905 ], [ 120.360054690526766, -3.663131343176175 ], [ 120.358797049129009, -3.662665173470737 ], [ 120.358482638779577, -3.662369334877892 ], [ 120.358392807251164, -3.661939024022856 ], [ 120.359102476325631, -3.660755668105089 ], [ 120.358949762727306, -3.659697818309422 ], [ 120.359057560561396, -3.659168892943108 ], [ 120.358832981740363, -3.658406881273168 ] ] } },
{ "type": "Feature", "properties": { "FID": 856, "OBJECTID": 2116, "NAMOBJ": "Jaringan Drainase Tersier", "STSJRN": 1, "WADMPR": "Provinsi Sulawesi Selatan", "WADMKK": "Kabupaten Wajo", "REMARK": "Tidak Ada", "SBDATA": "Analisis Tim Penyusun, 2022", "SHAPE_Leng": 0.046296295563299998 }, "geometry": { "type": "LineString", "coordinates": [ [ 120.009217656313893, -4.266301650420777 ], [ 120.006522710461539, -4.265880612035563 ], [ 120.005175237535369, -4.26526249143491 ], [ 120.003118095534731, -4.264751869694032 ], [ 119.999192457743121, -4.264008332166273 ], [ 119.997377860869207, -4.263856041258563 ], [ 119.993874431261148, -4.263005003277617 ], [ 119.99092795712923, -4.262153964354408 ], [ 119.987685038953543, -4.260765425141534 ], [ 119.984756531127331, -4.261535840756403 ], [ 119.982600574445442, -4.260666883553724 ], [ 119.979025279614646, -4.259726258671016 ], [ 119.976635760958899, -4.258767715940613 ], [ 119.975593715229323, -4.262109172806036 ], [ 119.972153167691147, -4.270189525877518 ] ] } },
{ "type": "Feature", "properties": { "FID": 857, "OBJECTID": 2117, "NAMOBJ": "Jaringan Drainase Tersier", "STSJRN": 1, "WADMPR": "Provinsi Sulawesi Selatan", "WADMKK": "Kabupaten Wajo", "REMARK": "Tidak Ada", "SBDATA": "Analisis Tim Penyusun, 2022", "SHAPE_Leng": 0.071739695953300001 }, "geometry": { "type": "LineString", "coordinates": [ [ 120.010762758602596, -4.216850463613118 ], [ 120.008975111187183, -4.216841504778562 ], [ 120.008049846444536, -4.217361117012026 ], [ 120.005345917439357, -4.216572739693884 ], [ 120.004950658714321, -4.2162412626281 ], [ 120.001896386748328, -4.218704940142218 ], [ 119.99735989456353, -4.219582903331674 ], [ 119.990505748945694, -4.221750930628899 ], [ 119.984531952306284, -4.225325474807629 ], [ 119.983301260367043, -4.227153054940665 ], [ 119.980193089484004, -4.23036922716163 ], [ 119.975369136408261, -4.233710806995439 ], [ 119.971461464922356, -4.236774655720211 ], [ 119.963726970326078, -4.240465591866691 ], [ 119.958768269957758, -4.241657079626378 ], [ 119.958444876455459, -4.242355846029087 ], [ 119.957995718813407, -4.246664891539767 ], [ 119.957654359005446, -4.247954912959319 ], [ 119.955740947450266, -4.250481198656088 ], [ 119.954618053345115, -4.25107245581533 ], [ 119.954366525065566, -4.251717463108166 ] ] } }
]
}
