{"type":"FeatureCollection","name":"wajo_satuan_pendidikan","features":[{"type":"Feature","properties":{"npsn":"69767851","nama_sekolah":"KB ANGGREK","bentuk_pendidikan":"KB","status_sekolah":"SWASTA","akreditasi":"B","alamat_jalan":"Tippulu Desa Sappa","nama_dusun":"Sappa","rt":0.0,"rw":0.0,"kecamatan":"Kec. Belawa","kabupaten":"Kab. Wajo","provinsi":"Prov. Sulawesi Selatan","kode_pos":"90953","latitude":-3.956583,"longitude":119.964346,"nomor_telepon":"081241914777","email":null,"website":"http://","daya_listrik":null,"luas_tanah_milik":270,"sumber_listrik":null,"akses_internet":null,"akses_internet_2":null,"waktu_penyelenggaraan":null,"semester_id":"20261","semester_keterangan":"2026/2027 Gasal","sekolah_id":"7F9D7F63-ABC5-49C9-B1DB-FE00435022C9","koordinat_valid":true,"validasi":"verified_official","sumber_data":"Kemendikdasmen - Sekolah Kita","sumber_koordinat":"Kemendikdasmen - Sekolah Kita API full-detail","tanggal_pengambilan":"2026-09-30"},"geometry":{"type":"Point","coordinates":[119.964346,-3.956583]}},{"type":"Feature","properties":{"npsn":"69847398","nama_sekolah":"KB TOSAGENAE","bentuk_pendidikan":"KB","status_sekolah":"SWASTA","akreditasi":"B","alamat_jalan":"Jl. Sekolah No. 28 Tancung Purai","nama_dusun":"Tancung Purai","rt":1.0,"rw":1.0,"kecamatan":"Kec. Belawa","kabupaten":"Kab. Wajo","provinsi":"Prov. Sulawesi Selatan","kode_pos":"90953","latitude":-4.0375,"longitude":119.9586,"nomor_telepon":"082334449933","email":"wahyunidewi845@gmail.com","website":"http://","daya_listrik":900.0,"luas_tanah_milik":256,"sumber_listrik":"PLN","akses_internet":"Tidak Ada","akses_internet_2":"Dedicated","waktu_penyelenggaraan":"Pagi/5 hari","semester_id":"20261","semester_keterangan":"2026/2027 Gasal","sekolah_id":"BAD32FA5-96A6-4FFB-8D9A-5F25BBD4B2DA","koordinat_valid":true,"validasi":"verified_official","sumber_data":"Kemendikdasmen - Sekolah Kita","sumber_koordinat":"Kemendikdasmen - Sekolah Kita API full-detail","tanggal_pengambilan":"2026-09-30"},"geometry":{"type":"Point","coordinates":[119.9586,-4.0375]}},{"type":"Feature","properties":{"npsn":"69847403","nama_sekolah":"KB TUNAS HARAPAN ","bentuk_pendidikan":"KB","status_sekolah":"SWASTA","akreditasi":"B","alamat_jalan":"WELE","nama_dusun":"dusun wele 1","rt":null,"rw":null,"kecamatan":"Kec. Belawa","kabupaten":"Kab. Wajo","provinsi":"Prov. Sulawesi Selatan","kode_pos":"90953","latitude":-3.951058,"longitude":119.99336,"nomor_telepon":"085240615721","email":"tunas.harapan.wele@gamil.com","website":"http://","daya_listrik":450.0,"luas_tanah_milik":72,"sumber_listrik":"PLN","akses_internet":"Seluler","akses_internet_2":"Shared","waktu_penyelenggaraan":"Pagi/5 hari","semester_id":"20261","semester_keterangan":"2026/2027 Gasal","sekolah_id":"D8972C49-3DD4-45BD-AFED-7ED1DF05F852","koordinat_valid":true,"validasi":"verified_official","sumber_data":"Kemendikdasmen - Sekolah Kita","sumber_koordinat":"Kemendikdasmen - Sekolah Kita API full-detail","tanggal_pengambilan":"2026-09-30"},"geometry":{"type":"Point","coordinates":[119.99336,-3.951058]}},{"type":"Feature","properties":{"npsn":"69890754","nama_sekolah":"KB BINA BANGSA","bentuk_pendidikan":"KB","status_sekolah":"SWASTA","akreditasi":"A","alamat_jalan":"Cellue","nama_dusun":"CELLUE","rt":1.0,"rw":1.0,"kecamatan":"Kec. Bola","kabupaten":"Kab. Wajo","provinsi":"Prov. Sulawesi Selatan","kode_pos":"90984","latitude":-4.147347,"longitude":120.185114,"nomor_telepon":"085240237333","email":"bina.bangsa655@gmail.com","website":"http://","daya_listrik":450.0,"luas_tanah_milik":96,"sumber_listrik":"PLN","akses_internet":"Tidak Ada","akses_internet_2":"Dedicated","waktu_penyelenggaraan":"Pagi/5 hari","semester_id":"20261","semester_keterangan":"2026/2027 Gasal","sekolah_id":"93FF07E8-E4DC-4954-98E0-FAE029918360","koordinat_valid":true,"validasi":"verified_official","sumber_data":"Kemendikdasmen - Sekolah Kita","sumber_koordinat":"Kemendikdasmen - Sekolah Kita API full-detail","tanggal_pengambilan":"2026-09-30"},"geometry":{"type":"Point","coordinates":[120.185114,-4.147347]}},{"type":"Feature","properties":{"npsn":"69767827","nama_sekolah":"KB MATTIRODECENG","bentuk_pendidikan":"KB","status_sekolah":"SWASTA","akreditasi":"B","alamat_jalan":"Desa Ujung Tanah Kec. Bola","nama_dusun":"Ujung tanah","rt":2.0,"rw":2.0,"kecamatan":"Kec. Bola","kabupaten":"Kab. Wajo","provinsi":"Prov. Sulawesi Selatan","kode_pos":"90984","latitude":-5.443757,"longitude":114.421127,"nomor_telepon":"082349351836","email":"kbmattirodecengbola@gmail.com","website":"http://","daya_listrik":0.0,"luas_tanah_milik":0,"sumber_listrik":"Tidak Ada","akses_internet":"Seluler","akses_internet_2":"Broadband","waktu_penyelenggaraan":"Pagi/5 hari","semester_id":"20261","semester_keterangan":"2026/2027 Gasal","sekolah_id":"D47D7519-4EC4-4800-BB62-CB462FB0B990","koordinat_valid":true,"validasi":"verified_official","sumber_data":"Kemendikdasmen - Sekolah Kita","sumber_koordinat":"Kemendikdasmen - Sekolah Kita API full-detail","tanggal_pengambilan":"2026-09-30"},"geometry":{"type":"Point","coordinates":[114.421127,-5.443757]}},{"type":"Feature","properties":{"npsn":"69767829","nama_sekolah":"KB MERPATI II","bentuk_pendidikan":"KB","status_sekolah":"SWASTA","akreditasi":"B","alamat_jalan":"Desa Lattimu","nama_dusun":"Bakke Maccilereng","rt":1.0,"rw":2.0,"kecamatan":"Kec. Bola","kabupaten":"Kab. Wajo","provinsi":"Prov. Sulawesi Selatan","kode_pos":"90984","latitude":4.1932,"longitude":120.2816,"nomor_telepon":"085341442875","email":"kbmerpati2@gmail.com","website":"http://","daya_listrik":900.0,"luas_tanah_milik":72,"sumber_listrik":"PLN","akses_internet":"Seluler","akses_internet_2":"Shared","waktu_penyelenggaraan":"Pagi/5 hari","semester_id":"20261","semester_keterangan":"2026/2027 Gasal","sekolah_id":"6649CCA3-2E0B-4C63-AF59-CACEE57ABB67","koordinat_valid":true,"validasi":"verified_official","sumber_data":"Kemendikdasmen - Sekolah Kita","sumber_koordinat":"Kemendikdasmen - Sekolah Kita API full-detail","tanggal_pengambilan":"2026-09-30"},"geometry":{"type":"Point","coordinates":[120.2816,4.1932]}},{"type":"Feature","properties":{"npsn":"69915091","nama_sekolah":"KB PERTIWI","bentuk_pendidikan":"KB","status_sekolah":"SWASTA","akreditasi":"B","alamat_jalan":"LAKALUKKU","nama_dusun":"Lakalukku","rt":null,"rw":null,"kecamatan":"Kec. Bola","kabupaten":"Kab. Wajo","provinsi":"Prov. Sulawesi Selatan","kode_pos":"90984","latitude":-4.167978,"longitude":120.193462,"nomor_telepon":"085242574584","email":"indoabang1997@gmail.com","website":"http://","daya_listrik":900.0,"luas_tanah_milik":0,"sumber_listrik":"PLN","akses_internet":"Wireless","akses_internet_2":"Shared","waktu_penyelenggaraan":"Pagi/5 hari","semester_id":"20261","semester_keterangan":"2026/2027 Gasal","sekolah_id":"49D69B91-21D1-444C-B62B-68557BFE9F7A","koordinat_valid":true,"validasi":"verified_official","sumber_data":"Kemendikdasmen - Sekolah Kita","sumber_koordinat":"Kemendikdasmen - Sekolah Kita API full-detail","tanggal_pengambilan":"2026-09-30"},"geometry":{"type":"Point","coordinates":[120.193462,-4.167978]}},{"type":"Feature","properties":{"npsn":"69768048","nama_sekolah":"KB ANUGRAH II","bentuk_pendidikan":"KB","status_sekolah":"SWASTA","akreditasi":"B","alamat_jalan":"Dusun Paojepe ","nama_dusun":"PAOJEPE","rt":0.0,"rw":0.0,"kecamatan":"Kec. Keera","kabupaten":"Kab. Wajo","provinsi":"Prov. Sulawesi Selatan","kode_pos":"90993","latitude":-3.7657,"longitude":120.3299,"nomor_telepon":"081355316535","email":"paudkb.ang2@gmail.com","website":"http://","daya_listrik":450.0,"luas_tanah_milik":221,"sumber_listrik":"PLN","akses_internet":"Seluler","akses_internet_2":"Dedicated","waktu_penyelenggaraan":"Pagi/5 hari","semester_id":"20261","semester_keterangan":"2026/2027 Gasal","sekolah_id":"3E311BE0-977E-4EF0-AC28-9FE9518B1F1E","koordinat_valid":true,"validasi":"verified_official","sumber_data":"Kemendikdasmen - Sekolah Kita","sumber_koordinat":"Kemendikdasmen - Sekolah Kita API full-detail","tanggal_pengambilan":"2026-09-30"},"geometry":{"type":"Point","coordinates":[120.3299,-3.7657]}},{"type":"Feature","properties":{"npsn":"69847388","nama_sekolah":"KB CAHAYA","bentuk_pendidikan":"KB","status_sekolah":"SWASTA","akreditasi":"B","alamat_jalan":"Kelurahan Macanang","nama_dusun":"watang macanang","rt":1.0,"rw":1.0,"kecamatan":"Kec. Majauleng","kabupaten":"Kab. Wajo","provinsi":"Prov. Sulawesi Selatan","kode_pos":"90991","latitude":-4.0072,"longitude":120.1386,"nomor_telepon":"085241076984","email":"srir4hayu28@gmail.com","website":"http://","daya_listrik":900.0,"luas_tanah_milik":250,"sumber_listrik":"PLN","akses_internet":"Seluler","akses_internet_2":"Dedicated","waktu_penyelenggaraan":"Pagi/5 hari","semester_id":"20261","semester_keterangan":"2026/2027 Gasal","sekolah_id":"BC10B4C3-FD2A-415D-8926-5ABBFD3BEA44","koordinat_valid":true,"validasi":"verified_official","sumber_data":"Kemendikdasmen - Sekolah Kita","sumber_koordinat":"Kemendikdasmen - Sekolah Kita API full-detail","tanggal_pengambilan":"2026-09-30"},"geometry":{"type":"Point","coordinates":[120.1386,-4.0072]}},{"type":"Feature","properties":{"npsn":"69883207","nama_sekolah":"KB JABAL RAHMAH","bentuk_pendidikan":"KB","status_sekolah":"SWASTA","akreditasi":"B","alamat_jalan":"Desa Botto Benteng","nama_dusun":"BOTTODONGGA","rt":null,"rw":null,"kecamatan":"Kec. Majauleng","kabupaten":"Kab. Wajo","provinsi":"Prov. Sulawesi Selatan","kode_pos":"90991","latitude":-3.969408,"longitude":120.192447,"nomor_telepon":null,"email":"kbjabalrahma@gmail.com","website":"http://","daya_listrik":0.0,"luas_tanah_milik":200,"sumber_listrik":"Tidak Ada","akses_internet":"Tidak Ada","akses_internet_2":"Dedicated","waktu_penyelenggaraan":"Pagi/5 hari","semester_id":"20261","semester_keterangan":"2026/2027 Gasal","sekolah_id":"C7CE98F2-378A-4008-A7E8-57FCE13A1AE4","koordinat_valid":true,"validasi":"verified_official","sumber_data":"Kemendikdasmen - Sekolah Kita","sumber_koordinat":"Kemendikdasmen - Sekolah Kita API full-detail","tanggal_pengambilan":"2026-09-30"},"geometry":{"type":"Point","coordinates":[120.192447,-3.969408]}},{"type":"Feature","properties":{"npsn":"69767839","nama_sekolah":"KB PABBATA I ","bentuk_pendidikan":"KB","status_sekolah":"SWASTA","akreditasi":"B","alamat_jalan":"Limpua Desa Tua","nama_dusun":"LIMPUA","rt":0.0,"rw":0.0,"kecamatan":"Kec. Majauleng","kabupaten":"Kab. Wajo","provinsi":"Prov. Sulawesi Selatan","kode_pos":"90991","latitude":-4.1351,"longitude":120.0913,"nomor_telepon":"082348827536","email":"kbpabbata1@gmail.com","website":"http://","daya_listrik":900.0,"luas_tanah_milik":0,"sumber_listrik":"PLN","akses_internet":"Seluler","akses_internet_2":"Broadband","waktu_penyelenggaraan":"Pagi/6 hari","semester_id":"20261","semester_keterangan":"2026/2027 Gasal","sekolah_id":"EAA934B8-7945-4F84-BC77-6DC337F3F46B","koordinat_valid":true,"validasi":"verified_official","sumber_data":"Kemendikdasmen - Sekolah Kita","sumber_koordinat":"Kemendikdasmen - Sekolah Kita API full-detail","tanggal_pengambilan":"2026-09-30"},"geometry":{"type":"Point","coordinates":[120.0913,-4.1351]}},{"type":"Feature","properties":{"npsn":"69851483","nama_sekolah":"KB PABBATA II","bentuk_pendidikan":"KB","status_sekolah":"SWASTA","akreditasi":"B","alamat_jalan":"T U A","nama_dusun":"PAUNG","rt":null,"rw":null,"kecamatan":"Kec. Majauleng","kabupaten":"Kab. Wajo","provinsi":"Prov. Sulawesi Selatan","kode_pos":"90991","latitude":-4.07963,"longitude":120.107002,"nomor_telepon":null,"email":null,"website":"http://","daya_listrik":900.0,"luas_tanah_milik":40,"sumber_listrik":"Menumpang","akses_internet":"Seluler","akses_internet_2":"Broadband","waktu_penyelenggaraan":"Pagi/5 hari","semester_id":"20261","semester_keterangan":"2026/2027 Gasal","sekolah_id":"8A45C7BD-D41E-4979-9C5A-93FB42E4633D","koordinat_valid":true,"validasi":"verified_official","sumber_data":"Kemendikdasmen - Sekolah Kita","sumber_koordinat":"Kemendikdasmen - Sekolah Kita API full-detail","tanggal_pengambilan":"2026-09-30"},"geometry":{"type":"Point","coordinates":[120.107002,-4.07963]}},{"type":"Feature","properties":{"npsn":"69890755","nama_sekolah":"KB PERMATA BUNDA","bentuk_pendidikan":"KB","status_sekolah":"SWASTA","akreditasi":"B","alamat_jalan":"Watan Rumpia","nama_dusun":"TENGNGA","rt":7.0,"rw":7.0,"kecamatan":"Kec. Majauleng","kabupaten":"Kab. Wajo","provinsi":"Prov. Sulawesi Selatan","kode_pos":"90991","latitude":-4.0413,"longitude":120.1693,"nomor_telepon":"085342462018","email":"kbpermatabunda777@gmail.com","website":"http://","daya_listrik":900.0,"luas_tanah_milik":285,"sumber_listrik":"PLN","akses_internet":"Wireless","akses_internet_2":"Dedicated","waktu_penyelenggaraan":"Pagi/5 hari","semester_id":"20261","semester_keterangan":"2026/2027 Gasal","sekolah_id":"02B0C59A-056A-46D7-A1F8-913F67B605D7","koordinat_valid":true,"validasi":"verified_official","sumber_data":"Kemendikdasmen - Sekolah Kita","sumber_koordinat":"Kemendikdasmen - Sekolah Kita API full-detail","tanggal_pengambilan":"2026-09-30"},"geometry":{"type":"Point","coordinates":[120.1693,-4.0413]}},{"type":"Feature","properties":{"npsn":"69767840","nama_sekolah":"KB PRIMA ","bentuk_pendidikan":"KB","status_sekolah":"SWASTA","akreditasi":"B","alamat_jalan":"Tosora","nama_dusun":"LECE-LECENG","rt":1.0,"rw":1.0,"kecamatan":"Kec. Majauleng","kabupaten":"Kab. Wajo","provinsi":"Prov. Sulawesi Selatan","kode_pos":"90991","latitude":-4.1206,"longitude":120.1177,"nomor_telepon":"08124110574","email":"primatosora2020@gmail.com","website":"http://","daya_listrik":900.0,"luas_tanah_milik":345,"sumber_listrik":"PLN","akses_internet":"Seluler","akses_internet_2":"Broadband","waktu_penyelenggaraan":"Pagi/5 hari","semester_id":"20261","semester_keterangan":"2026/2027 Gasal","sekolah_id":"52651D6B-DEBD-48B7-8D3B-C0213FBC86D1","koordinat_valid":true,"validasi":"verified_official","sumber_data":"Kemendikdasmen - Sekolah Kita","sumber_koordinat":"Kemendikdasmen - Sekolah Kita API full-detail","tanggal_pengambilan":"2026-09-30"},"geometry":{"type":"Point","coordinates":[120.1177,-4.1206]}},{"type":"Feature","properties":{"npsn":"69847387","nama_sekolah":"KB ROSADA","bentuk_pendidikan":"KB","status_sekolah":"SWASTA","akreditasi":"B","alamat_jalan":"Bottotanre","nama_dusun":"SANRANGENG","rt":null,"rw":null,"kecamatan":"Kec. Majauleng","kabupaten":"Kab. Wajo","provinsi":"Prov. Sulawesi Selatan","kode_pos":"90991","latitude":-4.0385,"longitude":120.2166,"nomor_telepon":"085319446451","email":"kbrosada26@gmail.com","website":"http://","daya_listrik":900.0,"luas_tanah_milik":748,"sumber_listrik":"PLN","akses_internet":"Seluler","akses_internet_2":"Broadband","waktu_penyelenggaraan":"Pagi/5 hari","semester_id":"20261","semester_keterangan":"2026/2027 Gasal","sekolah_id":"211B7D70-32CC-4F41-A074-123D17859652","koordinat_valid":true,"validasi":"verified_official","sumber_data":"Kemendikdasmen - Sekolah Kita","sumber_koordinat":"Kemendikdasmen - Sekolah Kita API full-detail","tanggal_pengambilan":"2026-09-30"},"geometry":{"type":"Point","coordinates":[120.2166,-4.0385]}},{"type":"Feature","properties":{"npsn":"69847405","nama_sekolah":"KB ANNISA","bentuk_pendidikan":"KB","status_sekolah":"SWASTA","akreditasi":"B","alamat_jalan":"Desa Mattirowalie","nama_dusun":"Salodua","rt":null,"rw":null,"kecamatan":"Kec. Maniang Pajo","kabupaten":"Kab. Wajo","provinsi":"Prov. Sulawesi Selatan","kode_pos":"90952","latitude":-3.9448,"longitude":120.0677,"nomor_telepon":"085331491492","email":"kbannisa22@gmail.com","website":"http://","daya_listrik":900.0,"luas_tanah_milik":238,"sumber_listrik":"PLN","akses_internet":"Seluler","akses_internet_2":"Dedicated","waktu_penyelenggaraan":"Pagi/5 hari","semester_id":"20261","semester_keterangan":"2026/2027 Gasal","sekolah_id":"8A1B2F24-6232-400E-BD17-69D720C3337E","koordinat_valid":true,"validasi":"verified_official","sumber_data":"Kemendikdasmen - Sekolah Kita","sumber_koordinat":"Kemendikdasmen - Sekolah Kita API full-detail","tanggal_pengambilan":"2026-09-30"},"geometry":{"type":"Point","coordinates":[120.0677,-3.9448]}},{"type":"Feature","properties":{"npsn":"69883209","nama_sekolah":"KB MELATI IV","bentuk_pendidikan":"KB","status_sekolah":"SWASTA","akreditasi":"B","alamat_jalan":"Lawatanae Desa Sogi","nama_dusun":"Lawatanae","rt":1.0,"rw":2.0,"kecamatan":"Kec. Maniang Pajo","kabupaten":"Kab. Wajo","provinsi":"Prov. Sulawesi Selatan","kode_pos":"90952","latitude":-3.8984,"longitude":120.0822,"nomor_telepon":"085342553653","email":"kb.melatiivsogi@gmai.com","website":"http://","daya_listrik":1300.0,"luas_tanah_milik":90,"sumber_listrik":"PLN","akses_internet":"Seluler","akses_internet_2":"Shared","waktu_penyelenggaraan":"Pagi/5 hari","semester_id":"20261","semester_keterangan":"2026/2027 Gasal","sekolah_id":"6AF8A800-9C49-462D-88E5-1C240271EC6B","koordinat_valid":true,"validasi":"verified_official","sumber_data":"Kemendikdasmen - Sekolah Kita","sumber_koordinat":"Kemendikdasmen - Sekolah Kita API full-detail","tanggal_pengambilan":"2026-09-30"},"geometry":{"type":"Point","coordinates":[120.0822,-3.8984]}},{"type":"Feature","properties":{"npsn":"69851480","nama_sekolah":"KB DHARMA BAKTI","bentuk_pendidikan":"KB","status_sekolah":"SWASTA","akreditasi":"C","alamat_jalan":"Tonrong Lagosi Desa Tonrong Tengnga","nama_dusun":"TONRONG LAGOSI","rt":2.0,"rw":1.0,"kecamatan":"Kec. Pammana","kabupaten":"Kab. Wajo","provinsi":"Prov. Sulawesi Selatan","kode_pos":"90971","latitude":-4.1696,"longitude":120.1439,"nomor_telepon":"082310742129","email":"kbdharmabaktipmn@gmail.com","website":"http://","daya_listrik":900.0,"luas_tanah_milik":105,"sumber_listrik":"Menumpang","akses_internet":"Seluler","akses_internet_2":"Dedicated","waktu_penyelenggaraan":"Pagi/5 hari","semester_id":"20261","semester_keterangan":"2026/2027 Gasal","sekolah_id":"8881D821-8D15-4004-98FF-71B930E7C194","koordinat_valid":true,"validasi":"verified_official","sumber_data":"Kemendikdasmen - Sekolah Kita","sumber_koordinat":"Kemendikdasmen - Sekolah Kita API full-detail","tanggal_pengambilan":"2026-09-30"},"geometry":{"type":"Point","coordinates":[120.1439,-4.1696]}},{"type":"Feature","properties":{"npsn":"69847360","nama_sekolah":"KB HARAPAN BUNDA","bentuk_pendidikan":"KB","status_sekolah":"SWASTA","akreditasi":"B","alamat_jalan":"Pattiromusu","nama_dusun":"PATTIROMUSU","rt":2.0,"rw":1.0,"kecamatan":"Kec. Pammana","kabupaten":"Kab. Wajo","provinsi":"Prov. Sulawesi Selatan","kode_pos":"90971","latitude":-4.2254,"longitude":120.0356,"nomor_telepon":"085230452912","email":"kbhabunda1@gmail.com","website":"http://","daya_listrik":900.0,"luas_tanah_milik":120,"sumber_listrik":"PLN","akses_internet":"Seluler","akses_internet_2":"Broadband","waktu_penyelenggaraan":"Pagi/5 hari","semester_id":"20261","semester_keterangan":"2026/2027 Gasal","sekolah_id":"E565346A-0AED-4105-BDF7-6B6AA49CD9CE","koordinat_valid":true,"validasi":"verified_official","sumber_data":"Kemendikdasmen - Sekolah Kita","sumber_koordinat":"Kemendikdasmen - Sekolah Kita API full-detail","tanggal_pengambilan":"2026-09-30"},"geometry":{"type":"Point","coordinates":[120.0356,-4.2254]}},{"type":"Feature","properties":{"npsn":"69847363","nama_sekolah":"KB KAMBOJA","bentuk_pendidikan":"KB","status_sekolah":"SWASTA","akreditasi":"B","alamat_jalan":"LIMPORIATTANG","nama_dusun":"LIMPORIATTANG","rt":1.0,"rw":1.0,"kecamatan":"Kec. Pammana","kabupaten":"Kab. Wajo","provinsi":"Prov. Sulawesi Selatan","kode_pos":"90971","latitude":-4.1691,"longitude":120.1338,"nomor_telepon":"085299846891","email":"kb.kamboja.pammna@gmail.com","website":"http://","daya_listrik":3000.0,"luas_tanah_milik":540,"sumber_listrik":"Menumpang","akses_internet":"Seluler","akses_internet_2":"Broadband","waktu_penyelenggaraan":"Pagi/5 hari","semester_id":"20261","semester_keterangan":"2026/2027 Gasal","sekolah_id":"223B237C-7DCB-49AD-AA57-F46D6B96A67B","koordinat_valid":true,"validasi":"verified_official","sumber_data":"Kemendikdasmen - Sekolah Kita","sumber_koordinat":"Kemendikdasmen - Sekolah Kita API full-detail","tanggal_pengambilan":"2026-09-30"},"geometry":{"type":"Point","coordinates":[120.1338,-4.1691]}},{"type":"Feature","properties":{"npsn":"69851479","nama_sekolah":"KB MUTIARA IBU","bentuk_pendidikan":"KB","status_sekolah":"SWASTA","akreditasi":"B","alamat_jalan":"Bocco-Bocco","nama_dusun":"BOCCO-BOCCO","rt":null,"rw":null,"kecamatan":"Kec. Pammana","kabupaten":"Kab. Wajo","provinsi":"Prov. Sulawesi Selatan","kode_pos":"90971","latitude":-4.2219,"longitude":120.0586,"nomor_telepon":"082395284778","email":"kbmutiaraibuwecudai@gmail.com","website":"http://","daya_listrik":450.0,"luas_tanah_milik":368,"sumber_listrik":"Menumpang","akses_internet":"Seluler","akses_internet_2":"Broadband","waktu_penyelenggaraan":"Pagi/5 hari","semester_id":"20261","semester_keterangan":"2026/2027 Gasal","sekolah_id":"E7C33343-0FEB-494F-AC5A-B7625E43D014","koordinat_valid":true,"validasi":"verified_official","sumber_data":"Kemendikdasmen - Sekolah Kita","sumber_koordinat":"Kemendikdasmen - Sekolah Kita API full-detail","tanggal_pengambilan":"2026-09-30"},"geometry":{"type":"Point","coordinates":[120.0586,-4.2219]}},{"type":"Feature","properties":{"npsn":"69767823","nama_sekolah":"KB NURUL IKHSAN ","bentuk_pendidikan":"KB","status_sekolah":"SWASTA","akreditasi":"B","alamat_jalan":"Tonrong Baletapa Desa Lagosi","nama_dusun":"Tonrong Baletapa","rt":0.0,"rw":0.0,"kecamatan":"Kec. Pammana","kabupaten":"Kab. Wajo","provinsi":"Prov. Sulawesi Selatan","kode_pos":"90971","latitude":-5.443757,"longitude":114.421127,"nomor_telepon":"081342728399","email":"kb.nurulikhsan@gmail.com","website":"http://","daya_listrik":900.0,"luas_tanah_milik":0,"sumber_listrik":"PLN","akses_internet":"Seluler","akses_internet_2":"Dedicated","waktu_penyelenggaraan":"Pagi/5 hari","semester_id":"20261","semester_keterangan":"2026/2027 Gasal","sekolah_id":"4830160A-DC1A-484E-BC25-0EE21C8E9058","koordinat_valid":true,"validasi":"verified_official","sumber_data":"Kemendikdasmen - Sekolah Kita","sumber_koordinat":"Kemendikdasmen - Sekolah Kita API full-detail","tanggal_pengambilan":"2026-09-30"},"geometry":{"type":"Point","coordinates":[114.421127,-5.443757]}},{"type":"Feature","properties":{"npsn":"69847362","nama_sekolah":"KB TUNAS HARAPAN","bentuk_pendidikan":"KB","status_sekolah":"SWASTA","akreditasi":"B","alamat_jalan":"JL. Bajo Tosampa","nama_dusun":"TOSAMPA","rt":1.0,"rw":2.0,"kecamatan":"Kec. Pammana","kabupaten":"Kab. Wajo","provinsi":"Prov. Sulawesi Selatan","kode_pos":"90971","latitude":-4.1705,"longitude":120.0661,"nomor_telepon":"085299289684","email":"abotnanang@gmail.com","website":"http://","daya_listrik":900.0,"luas_tanah_milik":0,"sumber_listrik":"PLN","akses_internet":"Fibre Optic","akses_internet_2":"Dedicated","waktu_penyelenggaraan":"Pagi/5 hari","semester_id":"20261","semester_keterangan":"2026/2027 Gasal","sekolah_id":"E38E1A69-F8F7-48CE-A0E8-1745C24D6B54","koordinat_valid":true,"validasi":"verified_official","sumber_data":"Kemendikdasmen - Sekolah Kita","sumber_koordinat":"Kemendikdasmen - Sekolah Kita API full-detail","tanggal_pengambilan":"2026-09-30"},"geometry":{"type":"Point","coordinates":[120.0661,-4.1705]}},{"type":"Feature","properties":{"npsn":"69847361","nama_sekolah":"KB. DEWA DEWI","bentuk_pendidikan":"KB","status_sekolah":"SWASTA","akreditasi":"B","alamat_jalan":"Desa Lempa","nama_dusun":"PALAGUNA","rt":null,"rw":null,"kecamatan":"Kec. Pammana","kabupaten":"Kab. Wajo","provinsi":"Prov. Sulawesi Selatan","kode_pos":"90971","latitude":-5.443757,"longitude":114.421127,"nomor_telepon":"085246768399","email":"kbdewadewi1@gmail.com","website":"http://","daya_listrik":0.0,"luas_tanah_milik":105,"sumber_listrik":"Tidak Ada","akses_internet":"Tidak Ada","akses_internet_2":"Dedicated","waktu_penyelenggaraan":"Pagi/5 hari","semester_id":"20261","semester_keterangan":"2026/2027 Gasal","sekolah_id":"A7CABAAA-C6A9-4FC8-914D-19AB78268CAD","koordinat_valid":true,"validasi":"verified_official","sumber_data":"Kemendikdasmen - Sekolah Kita","sumber_koordinat":"Kemendikdasmen - Sekolah Kita API full-detail","tanggal_pengambilan":"2026-09-30"},"geometry":{"type":"Point","coordinates":[114.421127,-5.443757]}},{"type":"Feature","properties":{"npsn":"69847382","nama_sekolah":"KB PEPAYA II","bentuk_pendidikan":"KB","status_sekolah":"SWASTA","akreditasi":"B","alamat_jalan":"Lebong Luang Desa Benteng","nama_dusun":"LEBONG LUANG","rt":1.0,"rw":1.0,"kecamatan":"Kec. Penrang","kabupaten":"Kab. Wajo","provinsi":"Prov. Sulawesi Selatan","kode_pos":"90983","latitude":-4.1025,"longitude":120.2566,"nomor_telepon":null,"email":null,"website":"http://","daya_listrik":450.0,"luas_tanah_milik":0,"sumber_listrik":"Menumpang","akses_internet":"Seluler","akses_internet_2":"Broadband","waktu_penyelenggaraan":"Pagi/5 hari","semester_id":"20261","semester_keterangan":"2026/2027 Gasal","sekolah_id":"F0D0F306-09E8-4F5C-BA67-19E6E200FA4A","koordinat_valid":true,"validasi":"verified_official","sumber_data":"Kemendikdasmen - Sekolah Kita","sumber_koordinat":"Kemendikdasmen - Sekolah Kita API full-detail","tanggal_pengambilan":"2026-09-30"},"geometry":{"type":"Point","coordinates":[120.2566,-4.1025]}},{"type":"Feature","properties":{"npsn":"69767871","nama_sekolah":"KB ALAUDDIN ","bentuk_pendidikan":"KB","status_sekolah":"SWASTA","akreditasi":"B","alamat_jalan":"Desa Tangkoro","nama_dusun":"Tangkoro Utara","rt":0.0,"rw":0.0,"kecamatan":"Kec. Pitumpanua","kabupaten":"Kab. Wajo","provinsi":"Prov. Sulawesi Selatan","kode_pos":"90992","latitude":-5.443757,"longitude":114.421127,"nomor_telepon":"082290562779","email":"kbalauddin1@gmail.com","website":"http://","daya_listrik":0.0,"luas_tanah_milik":220,"sumber_listrik":"Tidak Ada","akses_internet":"Tidak Ada","akses_internet_2":"Dedicated","waktu_penyelenggaraan":"Pagi/5 hari","semester_id":"20261","semester_keterangan":"2026/2027 Gasal","sekolah_id":"F36C255C-B626-4A3A-AB25-43EE84430EBA","koordinat_valid":true,"validasi":"verified_official","sumber_data":"Kemendikdasmen - Sekolah Kita","sumber_koordinat":"Kemendikdasmen - Sekolah Kita API full-detail","tanggal_pengambilan":"2026-09-30"},"geometry":{"type":"Point","coordinates":[114.421127,-5.443757]}},{"type":"Feature","properties":{"npsn":"69767878","nama_sekolah":"KB MARIO ","bentuk_pendidikan":"KB","status_sekolah":"SWASTA","akreditasi":"B","alamat_jalan":"Jl. Poros Palopo - Makassar Desa Bau-Bau","nama_dusun":"BAU BAU","rt":0.0,"rw":0.0,"kecamatan":"Kec. Pitumpanua","kabupaten":"Kab. Wajo","provinsi":"Prov. Sulawesi Selatan","kode_pos":"90992","latitude":-3.6799,"longitude":120.4008,"nomor_telepon":"085255879366","email":"pkbmario@gmail.com","website":"http://","daya_listrik":0.0,"luas_tanah_milik":900,"sumber_listrik":"Tidak Ada","akses_internet":"Tidak Ada","akses_internet_2":"Dedicated","waktu_penyelenggaraan":"Pagi/5 hari","semester_id":"20261","semester_keterangan":"2026/2027 Gasal","sekolah_id":"598FC14E-33D0-4495-8DE3-CB2470F54246","koordinat_valid":true,"validasi":"verified_official","sumber_data":"Kemendikdasmen - Sekolah Kita","sumber_koordinat":"Kemendikdasmen - Sekolah Kita API full-detail","tanggal_pengambilan":"2026-09-30"},"geometry":{"type":"Point","coordinates":[120.4008,-3.6799]}},{"type":"Feature","properties":{"npsn":"69767880","nama_sekolah":"KB TPK AL HIDAYAH MARANNU","bentuk_pendidikan":"KB","status_sekolah":"SWASTA","akreditasi":"B","alamat_jalan":"JAUH PANDANG","nama_dusun":"panette","rt":1.0,"rw":1.0,"kecamatan":"Kec. Pitumpanua","kabupaten":"Kab. Wajo","provinsi":"Prov. Sulawesi Selatan","kode_pos":"90992","latitude":-3.658694,"longitude":120.357596,"nomor_telepon":"082131989715","email":"kb_alhidayahjauh@gmail.com","website":"http://","daya_listrik":1300.0,"luas_tanah_milik":180,"sumber_listrik":"Menumpang","akses_internet":"Seluler","akses_internet_2":"Dedicated","waktu_penyelenggaraan":"Pagi/5 hari","semester_id":"20261","semester_keterangan":"2026/2027 Gasal","sekolah_id":"58EAFC7E-87BD-47F4-9EF6-04598B8F8E00","koordinat_valid":true,"validasi":"verified_official","sumber_data":"Kemendikdasmen - Sekolah Kita","sumber_koordinat":"Kemendikdasmen - Sekolah Kita API full-detail","tanggal_pengambilan":"2026-09-30"},"geometry":{"type":"Point","coordinates":[120.357596,-3.658694]}},{"type":"Feature","properties":{"npsn":"69926744","nama_sekolah":"KB AL HIDAYAH","bentuk_pendidikan":"KB","status_sekolah":"SWASTA","akreditasi":"B","alamat_jalan":"Cellamata Desa Mallusesalo ","nama_dusun":"Cellamata","rt":8.0,"rw":4.0,"kecamatan":"Kec. Sabbangparu","kabupaten":"Kab. Wajo","provinsi":"Prov. Sulawesi Selatan","kode_pos":"90961","latitude":-4.1908,"longitude":120.007,"nomor_telepon":"082347347069","email":"alhidayahmallusesalokb@gmail.com","website":"http://","daya_listrik":900.0,"luas_tanah_milik":0,"sumber_listrik":"Menumpang","akses_internet":"Seluler","akses_internet_2":"Shared","waktu_penyelenggaraan":"Pagi/5 hari","semester_id":"20261","semester_keterangan":"2026/2027 Gasal","sekolah_id":"DCE60AC4-2996-4BA5-8B06-BD20D9EE8200","koordinat_valid":true,"validasi":"verified_official","sumber_data":"Kemendikdasmen - Sekolah Kita","sumber_koordinat":"Kemendikdasmen - Sekolah Kita API full-detail","tanggal_pengambilan":"2026-09-30"},"geometry":{"type":"Point","coordinates":[120.007,-4.1908]}},{"type":"Feature","properties":{"npsn":"69847355","nama_sekolah":"KB KARTIKA","bentuk_pendidikan":"KB","status_sekolah":"SWASTA","akreditasi":"C","alamat_jalan":"Benteng Lompoe","nama_dusun":"TOBAKU","rt":3.0,"rw":1.0,"kecamatan":"Kec. Sabbangparu","kabupaten":"Kab. Wajo","provinsi":"Prov. Sulawesi Selatan","kode_pos":"90991","latitude":-5.4438,"longitude":114.4211,"nomor_telepon":"085298410590","email":"kb.kartikabentenglompoe@gmail.com","website":"http://","daya_listrik":900.0,"luas_tanah_milik":24,"sumber_listrik":"PLN","akses_internet":"Seluler","akses_internet_2":"Broadband","waktu_penyelenggaraan":"Pagi/5 hari","semester_id":"20261","semester_keterangan":"2026/2027 Gasal","sekolah_id":"A22FB8AF-D520-4366-A5FA-3EC181DE5060","koordinat_valid":true,"validasi":"verified_official","sumber_data":"Kemendikdasmen - Sekolah Kita","sumber_koordinat":"Kemendikdasmen - Sekolah Kita API full-detail","tanggal_pengambilan":"2026-09-30"},"geometry":{"type":"Point","coordinates":[114.4211,-5.4438]}},{"type":"Feature","properties":{"npsn":"69767807","nama_sekolah":"KB PALLIMAE II","bentuk_pendidikan":"KB","status_sekolah":"SWASTA","akreditasi":"C","alamat_jalan":"Pallimae","nama_dusun":"DUSUN MANNYILI","rt":2.0,"rw":2.0,"kecamatan":"Kec. Sabbangparu","kabupaten":"Kab. Wajo","provinsi":"Prov. Sulawesi Selatan","kode_pos":"90961","latitude":-5.443757,"longitude":114.421127,"nomor_telepon":"085342255350","email":"kbpallimae2@gmail.com","website":"http://","daya_listrik":450.0,"luas_tanah_milik":450,"sumber_listrik":"PLN","akses_internet":"Seluler","akses_internet_2":"Shared","waktu_penyelenggaraan":"Sehari Penuh/5 hari","semester_id":"20261","semester_keterangan":"2026/2027 Gasal","sekolah_id":"B41C7533-CB85-40C9-8A43-F4639BCC78E9","koordinat_valid":true,"validasi":"verified_official","sumber_data":"Kemendikdasmen - Sekolah Kita","sumber_koordinat":"Kemendikdasmen - Sekolah Kita API full-detail","tanggal_pengambilan":"2026-09-30"},"geometry":{"type":"Point","coordinates":[114.421127,-5.443757]}},{"type":"Feature","properties":{"npsn":"69767808","nama_sekolah":"KB SENTOSA ","bentuk_pendidikan":"KB","status_sekolah":"SWASTA","akreditasi":"C","alamat_jalan":"Salojampu Desa Sompe","nama_dusun":"SALOJAMPU","rt":0.0,"rw":0.0,"kecamatan":"Kec. Sabbangparu","kabupaten":"Kab. Wajo","provinsi":"Prov. Sulawesi Selatan","kode_pos":"90961","latitude":-4.2145,"longitude":120.0108,"nomor_telepon":"082347365493","email":"kelompokbermainsentosa@gmail.com","website":"http://","daya_listrik":450.0,"luas_tanah_milik":0,"sumber_listrik":"Menumpang","akses_internet":"Wireless","akses_internet_2":"Shared","waktu_penyelenggaraan":"Pagi/5 hari","semester_id":"20261","semester_keterangan":"2026/2027 Gasal","sekolah_id":"B49EE8B5-AF35-4170-9C9A-51AE0FBB6F4A","koordinat_valid":true,"validasi":"verified_official","sumber_data":"Kemendikdasmen - Sekolah Kita","sumber_koordinat":"Kemendikdasmen - Sekolah Kita API full-detail","tanggal_pengambilan":"2026-09-30"},"geometry":{"type":"Point","coordinates":[120.0108,-4.2145]}},{"type":"Feature","properties":{"npsn":"69847379","nama_sekolah":"KB SAYANG IBU","bentuk_pendidikan":"KB","status_sekolah":"SWASTA","akreditasi":"C","alamat_jalan":"Lasifai Desa Sakkoli","nama_dusun":"LASIPAE","rt":null,"rw":null,"kecamatan":"Kec. Sajo Anging","kabupaten":"Kab. Wajo","provinsi":"Prov. Sulawesi Selatan","kode_pos":"90982","latitude":-3.95721,"longitude":120.219164,"nomor_telepon":"081245444607","email":"kbsayangibusakkoli@gmail.com","website":"http://","daya_listrik":0.0,"luas_tanah_milik":600,"sumber_listrik":"Tidak Ada","akses_internet":"Seluler","akses_internet_2":"Shared","waktu_penyelenggaraan":"Pagi/5 hari","semester_id":"20261","semester_keterangan":"2026/2027 Gasal","sekolah_id":"E380332E-EA08-4BE1-9E0B-D2B6954707FD","koordinat_valid":true,"validasi":"verified_official","sumber_data":"Kemendikdasmen - Sekolah Kita","sumber_koordinat":"Kemendikdasmen - Sekolah Kita API full-detail","tanggal_pengambilan":"2026-09-30"},"geometry":{"type":"Point","coordinates":[120.219164,-3.95721]}},{"type":"Feature","properties":{"npsn":"69883205","nama_sekolah":"KB BABUL RAHMAH","bentuk_pendidikan":"KB","status_sekolah":"SWASTA","akreditasi":"C","alamat_jalan":"Desa Parigi","nama_dusun":"LAMAKKOJO","rt":null,"rw":null,"kecamatan":"Kec. Takkalala","kabupaten":"Kab. Wajo","provinsi":"Prov. Sulawesi Selatan","kode_pos":"90981","latitude":-4.156894,"longitude":120.262946,"nomor_telepon":"085230777854","email":"rosmiatiarafah@gmail.com","website":"http://","daya_listrik":900.0,"luas_tanah_milik":0,"sumber_listrik":"PLN","akses_internet":"Wireless","akses_internet_2":"Shared","waktu_penyelenggaraan":"Pagi/5 hari","semester_id":"20261","semester_keterangan":"2026/2027 Gasal","sekolah_id":"0C83A1A4-EEEA-4C84-B715-B6EBDA076590","koordinat_valid":true,"validasi":"verified_official","sumber_data":"Kemendikdasmen - Sekolah Kita","sumber_koordinat":"Kemendikdasmen - Sekolah Kita API full-detail","tanggal_pengambilan":"2026-09-30"},"geometry":{"type":"Point","coordinates":[120.262946,-4.156894]}},{"type":"Feature","properties":{"npsn":"69847395","nama_sekolah":"KB ANGGREK","bentuk_pendidikan":"KB","status_sekolah":"SWASTA","akreditasi":"C","alamat_jalan":"JLN. MESJID TAQWA DUSUN BACU-BACU","nama_dusun":"Bacu-Bacu","rt":null,"rw":null,"kecamatan":"Kec. Tanasitolo","kabupaten":"Kab. Wajo","provinsi":"Prov. Sulawesi Selatan","kode_pos":"90951","latitude":-4.0181,"longitude":120.0469,"nomor_telepon":"085211828373","email":"kbanggrek12@yahoo.co.id","website":"http://","daya_listrik":0.0,"luas_tanah_milik":72,"sumber_listrik":"Tidak Ada","akses_internet":"Seluler","akses_internet_2":"Broadband","waktu_penyelenggaraan":"Pagi/5 hari","semester_id":"20261","semester_keterangan":"2026/2027 Gasal","sekolah_id":"D938411D-941F-416D-956B-A54DD73967D3","koordinat_valid":true,"validasi":"verified_official","sumber_data":"Kemendikdasmen - Sekolah Kita","sumber_koordinat":"Kemendikdasmen - Sekolah Kita API full-detail","tanggal_pengambilan":"2026-09-30"},"geometry":{"type":"Point","coordinates":[120.0469,-4.0181]}},{"type":"Feature","properties":{"npsn":"69847392","nama_sekolah":"KB KAE INDAH","bentuk_pendidikan":"KB","status_sekolah":"SWASTA","akreditasi":"B","alamat_jalan":"Desa Wewangrewu","nama_dusun":"KAE","rt":1.0,"rw":1.0,"kecamatan":"Kec. Tanasitolo","kabupaten":"Kab. Wajo","provinsi":"Prov. Sulawesi Selatan","kode_pos":"90951","latitude":-4.067892,"longitude":120.071495,"nomor_telepon":"085399974600","email":null,"website":"http://","daya_listrik":0.0,"luas_tanah_milik":300,"sumber_listrik":"Tidak Ada","akses_internet":"Tidak Ada","akses_internet_2":"Shared","waktu_penyelenggaraan":"Pagi/5 hari","semester_id":"20261","semester_keterangan":"2026/2027 Gasal","sekolah_id":"35F50519-6513-4AA0-B8FB-DA1B66794738","koordinat_valid":true,"validasi":"verified_official","sumber_data":"Kemendikdasmen - Sekolah Kita","sumber_koordinat":"Kemendikdasmen - Sekolah Kita API full-detail","tanggal_pengambilan":"2026-09-30"},"geometry":{"type":"Point","coordinates":[120.071495,-4.067892]}},{"type":"Feature","properties":{"npsn":"69981797","nama_sekolah":"KB AISYIYAH IFOJI RANTING AMESSANGENG","bentuk_pendidikan":"KB","status_sekolah":"SWASTA","akreditasi":"B","alamat_jalan":"Jl. A. Pallawarukka Kel. Maddukkelleng","nama_dusun":null,"rt":null,"rw":null,"kecamatan":"Kec. Tempe","kabupaten":"Kab. Wajo","provinsi":"Prov. Sulawesi Selatan","kode_pos":"90915","latitude":-4.1411,"longitude":120.0315,"nomor_telepon":"085244587606","email":"kb.aisyiyahifoji_rtgames@yahoo.com","website":"http://","daya_listrik":900.0,"luas_tanah_milik":418,"sumber_listrik":"PLN","akses_internet":"Wireless","akses_internet_2":"Dedicated","waktu_penyelenggaraan":"Pagi/5 hari","semester_id":"20261","semester_keterangan":"2026/2027 Gasal","sekolah_id":"8A7A5734-7FC5-4C1D-9ADB-D71438E25E17","koordinat_valid":true,"validasi":"verified_official","sumber_data":"Kemendikdasmen - Sekolah Kita","sumber_koordinat":"Kemendikdasmen - Sekolah Kita API full-detail","tanggal_pengambilan":"2026-09-30"},"geometry":{"type":"Point","coordinates":[120.0315,-4.1411]}},{"type":"Feature","properties":{"npsn":"69883202","nama_sekolah":"KB FASTABIQUL KHAIRAT","bentuk_pendidikan":"KB","status_sekolah":"SWASTA","akreditasi":"B","alamat_jalan":"Jl. H. Andi Ninnong No. 51 Kel. Teddaopu ","nama_dusun":null,"rt":null,"rw":null,"kecamatan":"Kec. Tempe","kabupaten":"Kab. Wajo","provinsi":"Prov. Sulawesi Selatan","kode_pos":"90912","latitude":-4.130207,"longitude":120.026568,"nomor_telepon":"082348224576","email":null,"website":"http://","daya_listrik":1300.0,"luas_tanah_milik":0,"sumber_listrik":"PLN","akses_internet":"Fibre Optic","akses_internet_2":"Dedicated","waktu_penyelenggaraan":"Pagi/5 hari","semester_id":"20261","semester_keterangan":"2026/2027 Gasal","sekolah_id":"D4838373-DD0B-4294-8180-6565E97F366D","koordinat_valid":true,"validasi":"verified_official","sumber_data":"Kemendikdasmen - Sekolah Kita","sumber_koordinat":"Kemendikdasmen - Sekolah Kita API full-detail","tanggal_pengambilan":"2026-09-30"},"geometry":{"type":"Point","coordinates":[120.026568,-4.130207]}},{"type":"Feature","properties":{"npsn":"69767815","nama_sekolah":"KB FIEQFAND","bentuk_pendidikan":"KB","status_sekolah":"SWASTA","akreditasi":"A","alamat_jalan":"BTN BULUPABBULU BLOK A.11 NO. 10","nama_dusun":"TANETE","rt":1.0,"rw":1.0,"kecamatan":"Kec. Tempe","kabupaten":"Kab. Wajo","provinsi":"Prov. Sulawesi Selatan","kode_pos":"90911","latitude":-4.119669,"longitude":120.034073,"nomor_telepon":"085299329729","email":"kb_fieqfand@yahoo.id","website":"http://0","daya_listrik":220.0,"luas_tanah_milik":80,"sumber_listrik":"PLN","akses_internet":"Fibre Optic","akses_internet_2":"Dedicated","waktu_penyelenggaraan":"Pagi/5 hari","semester_id":"20261","semester_keterangan":"2026/2027 Gasal","sekolah_id":"A22BED24-7796-490D-B334-70F72D35D769","koordinat_valid":true,"validasi":"verified_official","sumber_data":"Kemendikdasmen - Sekolah Kita","sumber_koordinat":"Kemendikdasmen - Sekolah Kita API full-detail","tanggal_pengambilan":"2026-09-30"},"geometry":{"type":"Point","coordinates":[120.034073,-4.119669]}},{"type":"Feature","properties":{"npsn":"69767816","nama_sekolah":"KB TUNAS BANGSA ","bentuk_pendidikan":"KB","status_sekolah":"SWASTA","akreditasi":"C","alamat_jalan":"Jl. Lacilellang No. 101 Kel. Teddaopu","nama_dusun":"TANAPUTE","rt":0.0,"rw":0.0,"kecamatan":"Kec. Tempe","kabupaten":"Kab. Wajo","provinsi":"Prov. Sulawesi Selatan","kode_pos":"90912","latitude":-4.126514,"longitude":120.029502,"nomor_telepon":"082293699967","email":"playgroup-tunasbangsa@yahoo.com","website":"http://","daya_listrik":1300.0,"luas_tanah_milik":0,"sumber_listrik":"PLN","akses_internet":"Fibre Optic","akses_internet_2":"Dedicated","waktu_penyelenggaraan":"Pagi/5 hari","semester_id":"20261","semester_keterangan":"2026/2027 Gasal","sekolah_id":"9044648B-048E-441C-90DA-7D37CC50C632","koordinat_valid":true,"validasi":"verified_official","sumber_data":"Kemendikdasmen - Sekolah Kita","sumber_koordinat":"Kemendikdasmen - Sekolah Kita API full-detail","tanggal_pengambilan":"2026-09-30"},"geometry":{"type":"Point","coordinates":[120.029502,-4.126514]}},{"type":"Feature","properties":{"npsn":"69993706","nama_sekolah":"MA AS`ADIYAH NO 25  BOLAASERAE","bentuk_pendidikan":"MA","status_sekolah":"SWASTA","akreditasi":"B","alamat_jalan":"JL. MESJID HILALUDDIN BOLA ASERAE","nama_dusun":null,"rt":null,"rw":null,"kecamatan":"Kec. Belawa","kabupaten":"Kab. Wajo","provinsi":"Prov. Sulawesi Selatan","kode_pos":null,"latitude":-4.0064,"longitude":119.9157,"nomor_telepon":null,"email":null,"website":null,"daya_listrik":null,"luas_tanah_milik":0,"sumber_listrik":null,"akses_internet":null,"akses_internet_2":null,"waktu_penyelenggaraan":null,"semester_id":"20261","semester_keterangan":"2026/2027 Gasal","sekolah_id":"FFFC0018-8128-4780-94B8-5D896D753513","koordinat_valid":true,"validasi":"verified_official","sumber_data":"Kemendikdasmen - Sekolah Kita","sumber_koordinat":"Kemendikdasmen - Sekolah Kita API full-detail","tanggal_pengambilan":"2026-09-30"},"geometry":{"type":"Point","coordinates":[119.9157,-4.0064]}},{"type":"Feature","properties":{"npsn":"40319639","nama_sekolah":"MAN WAJO","bentuk_pendidikan":"MA","status_sekolah":"NEGERI","akreditasi":"A","alamat_jalan":"JL. SULTAN HASANUDDIN","nama_dusun":null,"rt":null,"rw":null,"kecamatan":"Kec. Belawa","kabupaten":"Kab. Wajo","provinsi":"Prov. Sulawesi Selatan","kode_pos":null,"latitude":-4.0291,"longitude":119.9804,"nomor_telepon":null,"email":null,"website":null,"daya_listrik":null,"luas_tanah_milik":0,"sumber_listrik":null,"akses_internet":null,"akses_internet_2":null,"waktu_penyelenggaraan":null,"semester_id":"20261","semester_keterangan":"2026/2027 Gasal","sekolah_id":"110B85A5-F368-4E3A-8042-2F6E5B560ECB","koordinat_valid":true,"validasi":"verified_official","sumber_data":"Kemendikdasmen - Sekolah Kita","sumber_koordinat":"Kemendikdasmen - Sekolah Kita API full-detail","tanggal_pengambilan":"2026-09-30"},"geometry":{"type":"Point","coordinates":[119.9804,-4.0291]}},{"type":"Feature","properties":{"npsn":"60729999","nama_sekolah":"MAS AS`ADIYAH NO. 15 ONGKOE","bentuk_pendidikan":"MA","status_sekolah":"SWASTA","akreditasi":"B","alamat_jalan":"JL.KEMAKMURAN NO. 100 ONGKOE","nama_dusun":null,"rt":null,"rw":null,"kecamatan":"Kec. Belawa","kabupaten":"Kab. Wajo","provinsi":"Prov. Sulawesi Selatan","kode_pos":null,"latitude":-4.037275,"longitude":119.924599,"nomor_telepon":null,"email":null,"website":null,"daya_listrik":null,"luas_tanah_milik":0,"sumber_listrik":null,"akses_internet":null,"akses_internet_2":null,"waktu_penyelenggaraan":null,"semester_id":"20261","semester_keterangan":"2026/2027 Gasal","sekolah_id":"E6D77972-461B-4CB3-911D-21DF7A8002C9","koordinat_valid":true,"validasi":"verified_official","sumber_data":"Kemendikdasmen - Sekolah Kita","sumber_koordinat":"Kemendikdasmen - Sekolah Kita API full-detail","tanggal_pengambilan":"2026-09-30"},"geometry":{"type":"Point","coordinates":[119.924599,-4.037275]}},{"type":"Feature","properties":{"npsn":"60729997","nama_sekolah":"MAS AS`ADIYAH NO. 7 LONGKA","bentuk_pendidikan":"MA","status_sekolah":"SWASTA","akreditasi":"C","alamat_jalan":"JL. POROS PALOPO MAKASSAR KM. 246","nama_dusun":null,"rt":null,"rw":null,"kecamatan":"Kec. Keera","kabupaten":"Kab. Wajo","provinsi":"Prov. Sulawesi Selatan","kode_pos":null,"latitude":-3.8503,"longitude":120.3005,"nomor_telepon":null,"email":null,"website":null,"daya_listrik":null,"luas_tanah_milik":0,"sumber_listrik":null,"akses_internet":null,"akses_internet_2":null,"waktu_penyelenggaraan":null,"semester_id":"20261","semester_keterangan":"2026/2027 Gasal","sekolah_id":"514D40A5-9777-48F1-912E-00A953ADABF2","koordinat_valid":true,"validasi":"verified_official","sumber_data":"Kemendikdasmen - Sekolah Kita","sumber_koordinat":"Kemendikdasmen - Sekolah Kita API full-detail","tanggal_pengambilan":"2026-09-30"},"geometry":{"type":"Point","coordinates":[120.3005,-3.8503]}},{"type":"Feature","properties":{"npsn":"40319640","nama_sekolah":"MAS AS`ADIYAH NO. 1 ATAPANGE","bentuk_pendidikan":"MA","status_sekolah":"SWASTA","akreditasi":"A","alamat_jalan":"JL. MADDUKKELLENG NO. 44 ATAPANGE","nama_dusun":null,"rt":null,"rw":null,"kecamatan":"Kec. Majauleng","kabupaten":"Kab. Wajo","provinsi":"Prov. Sulawesi Selatan","kode_pos":null,"latitude":-4.0181,"longitude":120.1788,"nomor_telepon":null,"email":null,"website":null,"daya_listrik":null,"luas_tanah_milik":0,"sumber_listrik":null,"akses_internet":null,"akses_internet_2":null,"waktu_penyelenggaraan":null,"semester_id":"20261","semester_keterangan":"2026/2027 Gasal","sekolah_id":"3C7E6539-C0FC-45CD-BC5B-87D9C8244E37","koordinat_valid":true,"validasi":"verified_official","sumber_data":"Kemendikdasmen - Sekolah Kita","sumber_koordinat":"Kemendikdasmen - Sekolah Kita API full-detail","tanggal_pengambilan":"2026-09-30"},"geometry":{"type":"Point","coordinates":[120.1788,-4.0181]}},{"type":"Feature","properties":{"npsn":"60729994","nama_sekolah":"MAS AS`ADIYAH PUTERA SENGKANG","bentuk_pendidikan":"MA","status_sekolah":"SWASTA","akreditasi":"A","alamat_jalan":"MACANANG","nama_dusun":null,"rt":null,"rw":null,"kecamatan":"Kec. Majauleng","kabupaten":"Kab. Wajo","provinsi":"Prov. Sulawesi Selatan","kode_pos":null,"latitude":-4.012684,"longitude":120.169024,"nomor_telepon":null,"email":null,"website":null,"daya_listrik":null,"luas_tanah_milik":0,"sumber_listrik":null,"akses_internet":null,"akses_internet_2":null,"waktu_penyelenggaraan":null,"semester_id":"20261","semester_keterangan":"2026/2027 Gasal","sekolah_id":"10EC4CDB-0D53-402D-B6D3-B99E55E7A70B","koordinat_valid":true,"validasi":"verified_official","sumber_data":"Kemendikdasmen - Sekolah Kita","sumber_koordinat":"Kemendikdasmen - Sekolah Kita API full-detail","tanggal_pengambilan":"2026-09-30"},"geometry":{"type":"Point","coordinates":[120.169024,-4.012684]}},{"type":"Feature","properties":{"npsn":"60729995","nama_sekolah":"MAS DDI PARIA","bentuk_pendidikan":"MA","status_sekolah":"SWASTA","akreditasi":"B","alamat_jalan":"JL. MAKMUR PARIA","nama_dusun":null,"rt":null,"rw":null,"kecamatan":"Kec. Majauleng","kabupaten":"Kab. Wajo","provinsi":"Prov. Sulawesi Selatan","kode_pos":null,"latitude":-4.0232,"longitude":120.1453,"nomor_telepon":null,"email":null,"website":null,"daya_listrik":null,"luas_tanah_milik":0,"sumber_listrik":null,"akses_internet":null,"akses_internet_2":null,"waktu_penyelenggaraan":null,"semester_id":"20261","semester_keterangan":"2026/2027 Gasal","sekolah_id":"8B5B82F8-C9D8-4512-9240-79ADF61AA28C","koordinat_valid":true,"validasi":"verified_official","sumber_data":"Kemendikdasmen - Sekolah Kita","sumber_koordinat":"Kemendikdasmen - Sekolah Kita API full-detail","tanggal_pengambilan":"2026-09-30"},"geometry":{"type":"Point","coordinates":[120.1453,-4.0232]}},{"type":"Feature","properties":{"npsn":"60729998","nama_sekolah":"MAS DAARUL MU`MININ AS`ADIYAH DOPING","bentuk_pendidikan":"MA","status_sekolah":"SWASTA","akreditasi":"C","alamat_jalan":"JL. KH. M. AS`AD NO. 7 DOPING","nama_dusun":null,"rt":null,"rw":null,"kecamatan":"Kec. Penrang","kabupaten":"Kab. Wajo","provinsi":"Prov. Sulawesi Selatan","kode_pos":null,"latitude":-4.032631,"longitude":120.275683,"nomor_telepon":null,"email":null,"website":null,"daya_listrik":null,"luas_tanah_milik":0,"sumber_listrik":null,"akses_internet":null,"akses_internet_2":null,"waktu_penyelenggaraan":null,"semester_id":"20261","semester_keterangan":"2026/2027 Gasal","sekolah_id":"50B49340-3272-4B82-A9A7-145F40B2D5D0","koordinat_valid":true,"validasi":"verified_official","sumber_data":"Kemendikdasmen - Sekolah Kita","sumber_koordinat":"Kemendikdasmen - Sekolah Kita API full-detail","tanggal_pengambilan":"2026-09-30"},"geometry":{"type":"Point","coordinates":[120.275683,-4.032631]}},{"type":"Feature","properties":{"npsn":"40319641","nama_sekolah":"MAS AL-MUBARAK DDI TOBARAKKA","bentuk_pendidikan":"MA","status_sekolah":"SWASTA","akreditasi":"B","alamat_jalan":"JL.POROS MAKASSAR-PALOPO KM.100","nama_dusun":null,"rt":null,"rw":null,"kecamatan":"Kec. Pitumpanua","kabupaten":"Kab. Wajo","provinsi":"Prov. Sulawesi Selatan","kode_pos":null,"latitude":-3.738868,"longitude":120.415226,"nomor_telepon":null,"email":null,"website":null,"daya_listrik":null,"luas_tanah_milik":0,"sumber_listrik":null,"akses_internet":null,"akses_internet_2":null,"waktu_penyelenggaraan":null,"semester_id":"20261","semester_keterangan":"2026/2027 Gasal","sekolah_id":"B8FF9543-24B7-49E0-9EA2-8982B5531A30","koordinat_valid":true,"validasi":"verified_official","sumber_data":"Kemendikdasmen - Sekolah Kita","sumber_koordinat":"Kemendikdasmen - Sekolah Kita API full-detail","tanggal_pengambilan":"2026-09-30"},"geometry":{"type":"Point","coordinates":[120.415226,-3.738868]}},{"type":"Feature","properties":{"npsn":"60729996","nama_sekolah":"MAS MUHAMMADIYAH JAUH PANDANG","bentuk_pendidikan":"MA","status_sekolah":"SWASTA","akreditasi":"B","alamat_jalan":"Jauhpandang","nama_dusun":null,"rt":null,"rw":null,"kecamatan":"Kec. Pitumpanua","kabupaten":"Kab. Wajo","provinsi":"Prov. Sulawesi Selatan","kode_pos":null,"latitude":-3.6589,"longitude":120.3571,"nomor_telepon":null,"email":null,"website":null,"daya_listrik":null,"luas_tanah_milik":0,"sumber_listrik":null,"akses_internet":null,"akses_internet_2":null,"waktu_penyelenggaraan":null,"semester_id":"20261","semester_keterangan":"2026/2027 Gasal","sekolah_id":"2C0B56F3-7755-45D5-92AC-B3335CD77B2B","koordinat_valid":true,"validasi":"verified_official","sumber_data":"Kemendikdasmen - Sekolah Kita","sumber_koordinat":"Kemendikdasmen - Sekolah Kita API full-detail","tanggal_pengambilan":"2026-09-30"},"geometry":{"type":"Point","coordinates":[120.3571,-3.6589]}},{"type":"Feature","properties":{"npsn":"40319642","nama_sekolah":"MAS AS`ADIYAH PUTRI SENGKANG","bentuk_pendidikan":"MA","status_sekolah":"SWASTA","akreditasi":"A","alamat_jalan":"JL. VETERAN NO. 46 SENGKANG","nama_dusun":null,"rt":null,"rw":null,"kecamatan":"Kec. Tempe","kabupaten":"Kab. Wajo","provinsi":"Prov. Sulawesi Selatan","kode_pos":null,"latitude":-4.1272,"longitude":120.0328,"nomor_telepon":null,"email":null,"website":null,"daya_listrik":null,"luas_tanah_milik":0,"sumber_listrik":null,"akses_internet":null,"akses_internet_2":null,"waktu_penyelenggaraan":null,"semester_id":"20261","semester_keterangan":"2026/2027 Gasal","sekolah_id":"910AE986-2857-436F-9B66-758A96D2AD53","koordinat_valid":true,"validasi":"verified_official","sumber_data":"Kemendikdasmen - Sekolah Kita","sumber_koordinat":"Kemendikdasmen - Sekolah Kita API full-detail","tanggal_pengambilan":"2026-09-30"},"geometry":{"type":"Point","coordinates":[120.0328,-4.1272]}},{"type":"Feature","properties":{"npsn":"60729992","nama_sekolah":"MAS MUHAMMADIYAH SENGKANG","bentuk_pendidikan":"MA","status_sekolah":"SWASTA","akreditasi":"C","alamat_jalan":"TEMPE","nama_dusun":null,"rt":null,"rw":null,"kecamatan":"Kec. Tempe","kabupaten":"Kab. Wajo","provinsi":"Prov. Sulawesi Selatan","kode_pos":null,"latitude":-4.120498,"longitude":120.054934,"nomor_telepon":null,"email":null,"website":null,"daya_listrik":null,"luas_tanah_milik":0,"sumber_listrik":null,"akses_internet":null,"akses_internet_2":null,"waktu_penyelenggaraan":null,"semester_id":"20261","semester_keterangan":"2026/2027 Gasal","sekolah_id":"95976FCE-9DEF-4FC2-9996-BCB61CD523AD","koordinat_valid":true,"validasi":"verified_official","sumber_data":"Kemendikdasmen - Sekolah Kita","sumber_koordinat":"Kemendikdasmen - Sekolah Kita API full-detail","tanggal_pengambilan":"2026-09-30"},"geometry":{"type":"Point","coordinates":[120.054934,-4.120498]}},{"type":"Feature","properties":{"npsn":"60729993","nama_sekolah":"MAS NURUL AS`ADIYAH CALLACCU","bentuk_pendidikan":"MA","status_sekolah":"SWASTA","akreditasi":"A","alamat_jalan":"JL.H. ANDI NINNONG NO. 8 SENGKANG","nama_dusun":null,"rt":null,"rw":null,"kecamatan":"Kec. Tempe","kabupaten":"Kab. Wajo","provinsi":"Prov. Sulawesi Selatan","kode_pos":null,"latitude":-4.120719,"longitude":120.065922,"nomor_telepon":null,"email":null,"website":null,"daya_listrik":null,"luas_tanah_milik":0,"sumber_listrik":null,"akses_internet":null,"akses_internet_2":null,"waktu_penyelenggaraan":null,"semester_id":"20261","semester_keterangan":"2026/2027 Gasal","sekolah_id":"A18E5909-6FCE-4DFC-925D-C6344CBA2A0A","koordinat_valid":true,"validasi":"verified_official","sumber_data":"Kemendikdasmen - Sekolah Kita","sumber_koordinat":"Kemendikdasmen - Sekolah Kita API full-detail","tanggal_pengambilan":"2026-09-30"},"geometry":{"type":"Point","coordinates":[120.065922,-4.120719]}},{"type":"Feature","properties":{"npsn":"60723821","nama_sekolah":"MIS AS`ADIYAH NO. 1 PUTERA BELAWA","bentuk_pendidikan":"MI","status_sekolah":"SWASTA","akreditasi":"B","alamat_jalan":"JL. KH. M. YUNUS MARTAN NO. 17 MENGE BELAWA","nama_dusun":null,"rt":null,"rw":null,"kecamatan":"Kec. Belawa","kabupaten":"Kab. Wajo","provinsi":"Prov. Sulawesi Selatan","kode_pos":null,"latitude":-3.942883,"longitude":120.000219,"nomor_telepon":null,"email":null,"website":null,"daya_listrik":null,"luas_tanah_milik":0,"sumber_listrik":null,"akses_internet":null,"akses_internet_2":null,"waktu_penyelenggaraan":null,"semester_id":"20261","semester_keterangan":"2026/2027 Gasal","sekolah_id":"72A70F22-305E-473F-B5F0-F50E3A3772A3","koordinat_valid":true,"validasi":"verified_official","sumber_data":"Kemendikdasmen - Sekolah Kita","sumber_koordinat":"Kemendikdasmen - Sekolah Kita API full-detail","tanggal_pengambilan":"2026-09-30"},"geometry":{"type":"Point","coordinates":[120.000219,-3.942883]}},{"type":"Feature","properties":{"npsn":"60723822","nama_sekolah":"MIS AS`ADIYAH NO. 1 PUTERI BELAWA","bentuk_pendidikan":"MI","status_sekolah":"SWASTA","akreditasi":"B","alamat_jalan":"JL. KH. M. YUNUS MARTAN NO. 16 MENGE BELAWA","nama_dusun":null,"rt":null,"rw":null,"kecamatan":"Kec. Belawa","kabupaten":"Kab. Wajo","provinsi":"Prov. Sulawesi Selatan","kode_pos":null,"latitude":-4.020088,"longitude":119.898688,"nomor_telepon":null,"email":null,"website":null,"daya_listrik":null,"luas_tanah_milik":0,"sumber_listrik":null,"akses_internet":null,"akses_internet_2":null,"waktu_penyelenggaraan":null,"semester_id":"20261","semester_keterangan":"2026/2027 Gasal","sekolah_id":"743CDBBA-EC3E-4876-ABFF-80BA6BCCC59A","koordinat_valid":true,"validasi":"verified_official","sumber_data":"Kemendikdasmen - Sekolah Kita","sumber_koordinat":"Kemendikdasmen - Sekolah Kita API full-detail","tanggal_pengambilan":"2026-09-30"},"geometry":{"type":"Point","coordinates":[119.898688,-4.020088]}},{"type":"Feature","properties":{"npsn":"60723824","nama_sekolah":"MIS AS`ADIYAH NO. 140 ONGKOE","bentuk_pendidikan":"MI","status_sekolah":"SWASTA","akreditasi":"B","alamat_jalan":"JL. KEMAKMURAN NO. 100 ONGKOE","nama_dusun":null,"rt":null,"rw":null,"kecamatan":"Kec. Belawa","kabupaten":"Kab. Wajo","provinsi":"Prov. Sulawesi Selatan","kode_pos":null,"latitude":-3.9535,"longitude":119.941,"nomor_telepon":null,"email":null,"website":null,"daya_listrik":null,"luas_tanah_milik":0,"sumber_listrik":null,"akses_internet":null,"akses_internet_2":null,"waktu_penyelenggaraan":null,"semester_id":"20261","semester_keterangan":"2026/2027 Gasal","sekolah_id":"8A31C219-18A1-4975-B756-8C14099BDA6F","koordinat_valid":true,"validasi":"verified_official","sumber_data":"Kemendikdasmen - Sekolah Kita","sumber_koordinat":"Kemendikdasmen - Sekolah Kita API full-detail","tanggal_pengambilan":"2026-09-30"},"geometry":{"type":"Point","coordinates":[119.941,-3.9535]}},{"type":"Feature","properties":{"npsn":"60723825","nama_sekolah":"MIS AS`ADIYAH NO. 147 LAUTANG","bentuk_pendidikan":"MI","status_sekolah":"SWASTA","akreditasi":"B","alamat_jalan":"JL.  MESJID NO. 2 LAUTANG","nama_dusun":null,"rt":null,"rw":null,"kecamatan":"Kec. Belawa","kabupaten":"Kab. Wajo","provinsi":"Prov. Sulawesi Selatan","kode_pos":null,"latitude":-3.957689,"longitude":119.92407,"nomor_telepon":null,"email":null,"website":null,"daya_listrik":null,"luas_tanah_milik":0,"sumber_listrik":null,"akses_internet":null,"akses_internet_2":null,"waktu_penyelenggaraan":null,"semester_id":"20261","semester_keterangan":"2026/2027 Gasal","sekolah_id":"28323F3D-190E-4D77-9731-585BBCBAAECA","koordinat_valid":true,"validasi":"verified_official","sumber_data":"Kemendikdasmen - Sekolah Kita","sumber_koordinat":"Kemendikdasmen - Sekolah Kita API full-detail","tanggal_pengambilan":"2026-09-30"},"geometry":{"type":"Point","coordinates":[119.92407,-3.957689]}},{"type":"Feature","properties":{"npsn":"60723826","nama_sekolah":"MIS AS`ADIYAH NO. 148 TIPPULU","bentuk_pendidikan":"MI","status_sekolah":"SWASTA","akreditasi":"B","alamat_jalan":"JL. MASJID NURUL IMAN","nama_dusun":null,"rt":null,"rw":null,"kecamatan":"Kec. Belawa","kabupaten":"Kab. Wajo","provinsi":"Prov. Sulawesi Selatan","kode_pos":null,"latitude":-3.9984,"longitude":119.9222,"nomor_telepon":null,"email":null,"website":null,"daya_listrik":null,"luas_tanah_milik":0,"sumber_listrik":null,"akses_internet":null,"akses_internet_2":null,"waktu_penyelenggaraan":null,"semester_id":"20261","semester_keterangan":"2026/2027 Gasal","sekolah_id":"0FC95AB8-26A7-4294-8EB2-19014F04AF84","koordinat_valid":true,"validasi":"verified_official","sumber_data":"Kemendikdasmen - Sekolah Kita","sumber_koordinat":"Kemendikdasmen - Sekolah Kita API full-detail","tanggal_pengambilan":"2026-09-30"},"geometry":{"type":"Point","coordinates":[119.9222,-3.9984]}},{"type":"Feature","properties":{"npsn":"60729557","nama_sekolah":"MIS AS`ADIYAH NO. 149 MALAKKE","bentuk_pendidikan":"MI","status_sekolah":"SWASTA","akreditasi":"B","alamat_jalan":"JL. MADRARSAH NO. 2 MALAKKE","nama_dusun":null,"rt":null,"rw":null,"kecamatan":"Kec. Belawa","kabupaten":"Kab. Wajo","provinsi":"Prov. Sulawesi Selatan","kode_pos":null,"latitude":-4.0381,"longitude":119.9489,"nomor_telepon":null,"email":null,"website":null,"daya_listrik":null,"luas_tanah_milik":0,"sumber_listrik":null,"akses_internet":null,"akses_internet_2":null,"waktu_penyelenggaraan":null,"semester_id":"20261","semester_keterangan":"2026/2027 Gasal","sekolah_id":"B95EA802-7C02-47F0-BC32-2B8039CBE0A8","koordinat_valid":true,"validasi":"verified_official","sumber_data":"Kemendikdasmen - Sekolah Kita","sumber_koordinat":"Kemendikdasmen - Sekolah Kita API full-detail","tanggal_pengambilan":"2026-09-30"},"geometry":{"type":"Point","coordinates":[119.9489,-4.0381]}},{"type":"Feature","properties":{"npsn":"60723827","nama_sekolah":"MIS AS`ADIYAH NO. 150 TOKADDE","bentuk_pendidikan":"MI","status_sekolah":"SWASTA","akreditasi":"B","alamat_jalan":"JL. TOKADDE NO. 2","nama_dusun":null,"rt":null,"rw":null,"kecamatan":"Kec. Belawa","kabupaten":"Kab. Wajo","provinsi":"Prov. Sulawesi Selatan","kode_pos":null,"latitude":-3.976991,"longitude":119.916667,"nomor_telepon":null,"email":null,"website":null,"daya_listrik":null,"luas_tanah_milik":0,"sumber_listrik":null,"akses_internet":null,"akses_internet_2":null,"waktu_penyelenggaraan":null,"semester_id":"20261","semester_keterangan":"2026/2027 Gasal","sekolah_id":"967474B9-5B5E-48E8-8820-7D094311E7BC","koordinat_valid":true,"validasi":"verified_official","sumber_data":"Kemendikdasmen - Sekolah Kita","sumber_koordinat":"Kemendikdasmen - Sekolah Kita API full-detail","tanggal_pengambilan":"2026-09-30"},"geometry":{"type":"Point","coordinates":[119.916667,-3.976991]}},{"type":"Feature","properties":{"npsn":"60723828","nama_sekolah":"MIS AS`ADIYAH NO. 153 MACERO","bentuk_pendidikan":"MI","status_sekolah":"SWASTA","akreditasi":"B","alamat_jalan":"JL. SOREANG LOPIE","nama_dusun":null,"rt":null,"rw":null,"kecamatan":"Kec. Belawa","kabupaten":"Kab. Wajo","provinsi":"Prov. Sulawesi Selatan","kode_pos":null,"latitude":-3.995499,"longitude":119.95765,"nomor_telepon":null,"email":null,"website":null,"daya_listrik":null,"luas_tanah_milik":0,"sumber_listrik":null,"akses_internet":null,"akses_internet_2":null,"waktu_penyelenggaraan":null,"semester_id":"20261","semester_keterangan":"2026/2027 Gasal","sekolah_id":"6065027A-6E9D-4133-AE8C-30D37EF9DB7E","koordinat_valid":true,"validasi":"verified_official","sumber_data":"Kemendikdasmen - Sekolah Kita","sumber_koordinat":"Kemendikdasmen - Sekolah Kita API full-detail","tanggal_pengambilan":"2026-09-30"},"geometry":{"type":"Point","coordinates":[119.95765,-3.995499]}},{"type":"Feature","properties":{"npsn":"60723829","nama_sekolah":"MIS AS`ADIYAH NO. 165 AWO","bentuk_pendidikan":"MI","status_sekolah":"SWASTA","akreditasi":"B","alamat_jalan":"Jl. Daeng Masiga Awo","nama_dusun":null,"rt":null,"rw":null,"kecamatan":"Kec. Belawa","kabupaten":"Kab. Wajo","provinsi":"Prov. Sulawesi Selatan","kode_pos":null,"latitude":-3.952666,"longitude":120.005507,"nomor_telepon":null,"email":null,"website":null,"daya_listrik":null,"luas_tanah_milik":0,"sumber_listrik":null,"akses_internet":null,"akses_internet_2":null,"waktu_penyelenggaraan":null,"semester_id":"20261","semester_keterangan":"2026/2027 Gasal","sekolah_id":"C672A2DA-BA62-4EB0-BBAF-48A18B1C753F","koordinat_valid":true,"validasi":"verified_official","sumber_data":"Kemendikdasmen - Sekolah Kita","sumber_koordinat":"Kemendikdasmen - Sekolah Kita API full-detail","tanggal_pengambilan":"2026-09-30"},"geometry":{"type":"Point","coordinates":[120.005507,-3.952666]}},{"type":"Feature","properties":{"npsn":"60723830","nama_sekolah":"MIS AS`ADIYAH NO. 252 LONRA","bentuk_pendidikan":"MI","status_sekolah":"SWASTA","akreditasi":"B","alamat_jalan":"JL. WELE SAPPA","nama_dusun":null,"rt":null,"rw":null,"kecamatan":"Kec. Belawa","kabupaten":"Kab. Wajo","provinsi":"Prov. Sulawesi Selatan","kode_pos":null,"latitude":-3.9563,"longitude":119.9667,"nomor_telepon":null,"email":null,"website":null,"daya_listrik":null,"luas_tanah_milik":0,"sumber_listrik":null,"akses_internet":null,"akses_internet_2":null,"waktu_penyelenggaraan":null,"semester_id":"20261","semester_keterangan":"2026/2027 Gasal","sekolah_id":"BBA8AFB0-7F5F-4275-9A05-EBDF7B49640F","koordinat_valid":true,"validasi":"verified_official","sumber_data":"Kemendikdasmen - Sekolah Kita","sumber_koordinat":"Kemendikdasmen - Sekolah Kita API full-detail","tanggal_pengambilan":"2026-09-30"},"geometry":{"type":"Point","coordinates":[119.9667,-3.9563]}},{"type":"Feature","properties":{"npsn":"60723823","nama_sekolah":"MIS AS`ADIYAH NO. 29 WELE","bentuk_pendidikan":"MI","status_sekolah":"SWASTA","akreditasi":"B","alamat_jalan":"JL.KEMAKMURAN WELE","nama_dusun":null,"rt":null,"rw":null,"kecamatan":"Kec. Belawa","kabupaten":"Kab. Wajo","provinsi":"Prov. Sulawesi Selatan","kode_pos":null,"latitude":-3.949493,"longitude":119.936497,"nomor_telepon":null,"email":null,"website":null,"daya_listrik":null,"luas_tanah_milik":0,"sumber_listrik":null,"akses_internet":null,"akses_internet_2":null,"waktu_penyelenggaraan":null,"semester_id":"20261","semester_keterangan":"2026/2027 Gasal","sekolah_id":"45041ED5-2EB0-48F0-8709-5300BB104D72","koordinat_valid":true,"validasi":"verified_official","sumber_data":"Kemendikdasmen - Sekolah Kita","sumber_koordinat":"Kemendikdasmen - Sekolah Kita API full-detail","tanggal_pengambilan":"2026-09-30"},"geometry":{"type":"Point","coordinates":[119.936497,-3.949493]}},{"type":"Feature","properties":{"npsn":"60729556","nama_sekolah":"MIS AS`ADIYAH NO. 66 TIMORENG","bentuk_pendidikan":"MI","status_sekolah":"SWASTA","akreditasi":"B","alamat_jalan":"JL. POROS TANCUNG PURAI","nama_dusun":null,"rt":null,"rw":null,"kecamatan":"Kec. Belawa","kabupaten":"Kab. Wajo","provinsi":"Prov. Sulawesi Selatan","kode_pos":null,"latitude":-4.0147,"longitude":119.9389,"nomor_telepon":null,"email":null,"website":null,"daya_listrik":null,"luas_tanah_milik":0,"sumber_listrik":null,"akses_internet":null,"akses_internet_2":null,"waktu_penyelenggaraan":null,"semester_id":"20261","semester_keterangan":"2026/2027 Gasal","sekolah_id":"96C1B98F-8E78-4B36-B3A7-33F6FBC659FD","koordinat_valid":true,"validasi":"verified_official","sumber_data":"Kemendikdasmen - Sekolah Kita","sumber_koordinat":"Kemendikdasmen - Sekolah Kita API full-detail","tanggal_pengambilan":"2026-09-30"},"geometry":{"type":"Point","coordinates":[119.9389,-4.0147]}},{"type":"Feature","properties":{"npsn":"69854368","nama_sekolah":"MIS As adiyah No. 168 Bolaaserae","bentuk_pendidikan":"MI","status_sekolah":"SWASTA","akreditasi":"B","alamat_jalan":"Jl. Mesjid Hilaluddin Bolaaserae","nama_dusun":null,"rt":null,"rw":null,"kecamatan":"Kec. Belawa","kabupaten":"Kab. Wajo","provinsi":"Prov. Sulawesi Selatan","kode_pos":null,"latitude":-4.022204,"longitude":119.945487,"nomor_telepon":null,"email":null,"website":null,"daya_listrik":null,"luas_tanah_milik":0,"sumber_listrik":null,"akses_internet":null,"akses_internet_2":null,"waktu_penyelenggaraan":null,"semester_id":"20261","semester_keterangan":"2026/2027 Gasal","sekolah_id":"CD47D92F-D105-4C08-9C13-8F92F5849296","koordinat_valid":true,"validasi":"verified_official","sumber_data":"Kemendikdasmen - Sekolah Kita","sumber_koordinat":"Kemendikdasmen - Sekolah Kita API full-detail","tanggal_pengambilan":"2026-09-30"},"geometry":{"type":"Point","coordinates":[119.945487,-4.022204]}},{"type":"Feature","properties":{"npsn":"60723831","nama_sekolah":"MIS AS`ADIYAH 49 TOSORA","bentuk_pendidikan":"MI","status_sekolah":"SWASTA","akreditasi":"A","alamat_jalan":"Jl. Jenderal Sudirman No.- Menge Tellulimpoe","nama_dusun":null,"rt":null,"rw":null,"kecamatan":"Kec. Majauleng","kabupaten":"Kab. Wajo","provinsi":"Prov. Sulawesi Selatan","kode_pos":null,"latitude":-4.061942,"longitude":120.141123,"nomor_telepon":null,"email":null,"website":null,"daya_listrik":null,"luas_tanah_milik":0,"sumber_listrik":null,"akses_internet":null,"akses_internet_2":null,"waktu_penyelenggaraan":null,"semester_id":"20261","semester_keterangan":"2026/2027 Gasal","sekolah_id":"403FBD6B-F40E-4A36-AD9E-F49516EF85BB","koordinat_valid":true,"validasi":"verified_official","sumber_data":"Kemendikdasmen - Sekolah Kita","sumber_koordinat":"Kemendikdasmen - Sekolah Kita API full-detail","tanggal_pengambilan":"2026-09-30"},"geometry":{"type":"Point","coordinates":[120.141123,-4.061942]}},{"type":"Feature","properties":{"npsn":"60723832","nama_sekolah":"MIS AS`ADIYAH NO. 62 ATAPANGE","bentuk_pendidikan":"MI","status_sekolah":"SWASTA","akreditasi":"B","alamat_jalan":"JL. MADDUKKELLENG NO. 44 ATAPANGE","nama_dusun":null,"rt":null,"rw":null,"kecamatan":"Kec. Majauleng","kabupaten":"Kab. Wajo","provinsi":"Prov. Sulawesi Selatan","kode_pos":null,"latitude":-4.010364,"longitude":120.147909,"nomor_telepon":null,"email":null,"website":null,"daya_listrik":null,"luas_tanah_milik":0,"sumber_listrik":null,"akses_internet":null,"akses_internet_2":null,"waktu_penyelenggaraan":null,"semester_id":"20261","semester_keterangan":"2026/2027 Gasal","sekolah_id":"C2DB1E5D-A644-4AA4-A558-BE281499FE12","koordinat_valid":true,"validasi":"verified_official","sumber_data":"Kemendikdasmen - Sekolah Kita","sumber_koordinat":"Kemendikdasmen - Sekolah Kita API full-detail","tanggal_pengambilan":"2026-09-30"},"geometry":{"type":"Point","coordinates":[120.147909,-4.010364]}},{"type":"Feature","properties":{"npsn":"60728598","nama_sekolah":"MIN 3 WAJO","bentuk_pendidikan":"MI","status_sekolah":"NEGERI","akreditasi":"C","alamat_jalan":"JL. MASJID NURUL IHSAN NO.1 TONRONG LAGOSI","nama_dusun":null,"rt":null,"rw":null,"kecamatan":"Kec. Pammana","kabupaten":"Kab. Wajo","provinsi":"Prov. Sulawesi Selatan","kode_pos":null,"latitude":-4.206329,"longitude":120.054977,"nomor_telepon":null,"email":null,"website":null,"daya_listrik":null,"luas_tanah_milik":0,"sumber_listrik":null,"akses_internet":null,"akses_internet_2":null,"waktu_penyelenggaraan":null,"semester_id":"20261","semester_keterangan":"2026/2027 Gasal","sekolah_id":"302DEE20-56A0-4E28-B14D-ABBD80FCAE9B","koordinat_valid":true,"validasi":"verified_official","sumber_data":"Kemendikdasmen - Sekolah Kita","sumber_koordinat":"Kemendikdasmen - Sekolah Kita API full-detail","tanggal_pengambilan":"2026-09-30"},"geometry":{"type":"Point","coordinates":[120.054977,-4.206329]}},{"type":"Feature","properties":{"npsn":"60723833","nama_sekolah":"MIS AL-JANNAH ALUMNI 76 WAJO","bentuk_pendidikan":"MI","status_sekolah":"SWASTA","akreditasi":"C","alamat_jalan":"JL. DATU ULAWENG TONRONG PALAGUNA","nama_dusun":null,"rt":null,"rw":null,"kecamatan":"Kec. Pammana","kabupaten":"Kab. Wajo","provinsi":"Prov. Sulawesi Selatan","kode_pos":null,"latitude":-4.19188,"longitude":120.071094,"nomor_telepon":null,"email":null,"website":null,"daya_listrik":null,"luas_tanah_milik":0,"sumber_listrik":null,"akses_internet":null,"akses_internet_2":null,"waktu_penyelenggaraan":null,"semester_id":"20261","semester_keterangan":"2026/2027 Gasal","sekolah_id":"97AEC143-B5BB-49C9-BD58-B38362AA7328","koordinat_valid":true,"validasi":"verified_official","sumber_data":"Kemendikdasmen - Sekolah Kita","sumber_koordinat":"Kemendikdasmen - Sekolah Kita API full-detail","tanggal_pengambilan":"2026-09-30"},"geometry":{"type":"Point","coordinates":[120.071094,-4.19188]}},{"type":"Feature","properties":{"npsn":"60729564","nama_sekolah":"MIS YPI AL RASYID BULU PATILA","bentuk_pendidikan":"MI","status_sekolah":"SWASTA","akreditasi":"B","alamat_jalan":"JL. H. LAUSENG  BULU PATILA","nama_dusun":null,"rt":null,"rw":null,"kecamatan":"Kec. Pammana","kabupaten":"Kab. Wajo","provinsi":"Prov. Sulawesi Selatan","kode_pos":null,"latitude":-4.184378,"longitude":120.116942,"nomor_telepon":null,"email":null,"website":null,"daya_listrik":null,"luas_tanah_milik":0,"sumber_listrik":null,"akses_internet":null,"akses_internet_2":null,"waktu_penyelenggaraan":null,"semester_id":"20261","semester_keterangan":"2026/2027 Gasal","sekolah_id":"0904B27B-8CDE-4B18-ADEF-DEDBFAC875F0","koordinat_valid":true,"validasi":"verified_official","sumber_data":"Kemendikdasmen - Sekolah Kita","sumber_koordinat":"Kemendikdasmen - Sekolah Kita API full-detail","tanggal_pengambilan":"2026-09-30"},"geometry":{"type":"Point","coordinates":[120.116942,-4.184378]}},{"type":"Feature","properties":{"npsn":"60728600","nama_sekolah":"MIN 1 WAJO","bentuk_pendidikan":"MI","status_sekolah":"NEGERI","akreditasi":"A","alamat_jalan":"JL. TOCAMMING NO. 33 SIWA","nama_dusun":null,"rt":null,"rw":null,"kecamatan":"Kec. Pitumpanua","kabupaten":"Kab. Wajo","provinsi":"Prov. Sulawesi Selatan","kode_pos":null,"latitude":-3.6991,"longitude":120.4212,"nomor_telepon":null,"email":null,"website":null,"daya_listrik":null,"luas_tanah_milik":1907,"sumber_listrik":null,"akses_internet":null,"akses_internet_2":null,"waktu_penyelenggaraan":null,"semester_id":"20261","semester_keterangan":"2026/2027 Gasal","sekolah_id":"1B15B141-63F3-4D1D-B9BB-658B245750D9","koordinat_valid":true,"validasi":"verified_official","sumber_data":"Kemendikdasmen - Sekolah Kita","sumber_koordinat":"Kemendikdasmen - Sekolah Kita API full-detail","tanggal_pengambilan":"2026-09-30"},"geometry":{"type":"Point","coordinates":[120.4212,-3.6991]}},{"type":"Feature","properties":{"npsn":"60728599","nama_sekolah":"MIN 2 WAJO","bentuk_pendidikan":"MI","status_sekolah":"NEGERI","akreditasi":"B","alamat_jalan":"JLN. POROS MAKASSAR PALOPO ","nama_dusun":null,"rt":null,"rw":null,"kecamatan":"Kec. Pitumpanua","kabupaten":"Kab. Wajo","provinsi":"Prov. Sulawesi Selatan","kode_pos":null,"latitude":-3.717167,"longitude":120.385881,"nomor_telepon":null,"email":null,"website":null,"daya_listrik":null,"luas_tanah_milik":2643,"sumber_listrik":null,"akses_internet":null,"akses_internet_2":null,"waktu_penyelenggaraan":null,"semester_id":"20261","semester_keterangan":"2026/2027 Gasal","sekolah_id":"520D2E2F-4A67-4993-92AB-97946E894EF9","koordinat_valid":true,"validasi":"verified_official","sumber_data":"Kemendikdasmen - Sekolah Kita","sumber_koordinat":"Kemendikdasmen - Sekolah Kita API full-detail","tanggal_pengambilan":"2026-09-30"},"geometry":{"type":"Point","coordinates":[120.385881,-3.717167]}},{"type":"Feature","properties":{"npsn":"60728601","nama_sekolah":"MIN 4 WAJO","bentuk_pendidikan":"MI","status_sekolah":"NEGERI","akreditasi":"B","alamat_jalan":"Jl. Mattirowalie Desa Batu","nama_dusun":null,"rt":null,"rw":null,"kecamatan":"Kec. Pitumpanua","kabupaten":"Kab. Wajo","provinsi":"Prov. Sulawesi Selatan","kode_pos":null,"latitude":-3.6965,"longitude":120.4042,"nomor_telepon":null,"email":null,"website":null,"daya_listrik":null,"luas_tanah_milik":2156,"sumber_listrik":null,"akses_internet":null,"akses_internet_2":null,"waktu_penyelenggaraan":null,"semester_id":"20261","semester_keterangan":"2026/2027 Gasal","sekolah_id":"F673ED18-3D31-4985-88C6-755D9938803B","koordinat_valid":true,"validasi":"verified_official","sumber_data":"Kemendikdasmen - Sekolah Kita","sumber_koordinat":"Kemendikdasmen - Sekolah Kita API full-detail","tanggal_pengambilan":"2026-09-30"},"geometry":{"type":"Point","coordinates":[120.4042,-3.6965]}},{"type":"Feature","properties":{"npsn":"60723835","nama_sekolah":"MIS AL-MUBARAK DDI TOBARAKKA","bentuk_pendidikan":"MI","status_sekolah":"SWASTA","akreditasi":"A","alamat_jalan":"KEL. TOBARAKKA","nama_dusun":null,"rt":null,"rw":null,"kecamatan":"Kec. Pitumpanua","kabupaten":"Kab. Wajo","provinsi":"Prov. Sulawesi Selatan","kode_pos":null,"latitude":-3.764514,"longitude":120.390073,"nomor_telepon":null,"email":null,"website":null,"daya_listrik":null,"luas_tanah_milik":0,"sumber_listrik":null,"akses_internet":null,"akses_internet_2":null,"waktu_penyelenggaraan":null,"semester_id":"20261","semester_keterangan":"2026/2027 Gasal","sekolah_id":"74E1C362-BDA6-46FE-BE82-788657AA1A6A","koordinat_valid":true,"validasi":"verified_official","sumber_data":"Kemendikdasmen - Sekolah Kita","sumber_koordinat":"Kemendikdasmen - Sekolah Kita API full-detail","tanggal_pengambilan":"2026-09-30"},"geometry":{"type":"Point","coordinates":[120.390073,-3.764514]}},{"type":"Feature","properties":{"npsn":"60729558","nama_sekolah":"MIS AS`ADIYAH NO. 236 PAOTOA","bentuk_pendidikan":"MI","status_sekolah":"SWASTA","akreditasi":"B","alamat_jalan":"JL. PAOTOA","nama_dusun":null,"rt":null,"rw":null,"kecamatan":"Kec. Pitumpanua","kabupaten":"Kab. Wajo","provinsi":"Prov. Sulawesi Selatan","kode_pos":null,"latitude":-3.6886,"longitude":120.3188,"nomor_telepon":null,"email":null,"website":null,"daya_listrik":null,"luas_tanah_milik":0,"sumber_listrik":null,"akses_internet":null,"akses_internet_2":null,"waktu_penyelenggaraan":null,"semester_id":"20261","semester_keterangan":"2026/2027 Gasal","sekolah_id":"0E7EA79C-C9EB-493B-BF43-B15B480CA4AC","koordinat_valid":true,"validasi":"verified_official","sumber_data":"Kemendikdasmen - Sekolah Kita","sumber_koordinat":"Kemendikdasmen - Sekolah Kita API full-detail","tanggal_pengambilan":"2026-09-30"},"geometry":{"type":"Point","coordinates":[120.3188,-3.6886]}},{"type":"Feature","properties":{"npsn":"60723834","nama_sekolah":"MIS AS`ADIYAH NO. 273 ADDAMARENG","bentuk_pendidikan":"MI","status_sekolah":"SWASTA","akreditasi":"C","alamat_jalan":"ADDAMARENG","nama_dusun":null,"rt":null,"rw":null,"kecamatan":"Kec. Pitumpanua","kabupaten":"Kab. Wajo","provinsi":"Prov. Sulawesi Selatan","kode_pos":null,"latitude":-3.760815,"longitude":120.343466,"nomor_telepon":null,"email":null,"website":null,"daya_listrik":null,"luas_tanah_milik":0,"sumber_listrik":null,"akses_internet":null,"akses_internet_2":null,"waktu_penyelenggaraan":null,"semester_id":"20261","semester_keterangan":"2026/2027 Gasal","sekolah_id":"BDF167B0-AAD1-4452-B6A5-0CE9DD679428","koordinat_valid":true,"validasi":"verified_official","sumber_data":"Kemendikdasmen - Sekolah Kita","sumber_koordinat":"Kemendikdasmen - Sekolah Kita API full-detail","tanggal_pengambilan":"2026-09-30"},"geometry":{"type":"Point","coordinates":[120.343466,-3.760815]}},{"type":"Feature","properties":{"npsn":"60723836","nama_sekolah":"MIS DDI ADING","bentuk_pendidikan":"MI","status_sekolah":"SWASTA","akreditasi":"B","alamat_jalan":"LINGK. ADING TOBARAKKA","nama_dusun":null,"rt":null,"rw":null,"kecamatan":"Kec. Pitumpanua","kabupaten":"Kab. Wajo","provinsi":"Prov. Sulawesi Selatan","kode_pos":null,"latitude":-3.7436,"longitude":120.3595,"nomor_telepon":null,"email":null,"website":null,"daya_listrik":null,"luas_tanah_milik":0,"sumber_listrik":null,"akses_internet":null,"akses_internet_2":null,"waktu_penyelenggaraan":null,"semester_id":"20261","semester_keterangan":"2026/2027 Gasal","sekolah_id":"C92DCCF4-C0B5-4BF5-BA03-4405C5686C5E","koordinat_valid":true,"validasi":"verified_official","sumber_data":"Kemendikdasmen - Sekolah Kita","sumber_koordinat":"Kemendikdasmen - Sekolah Kita API full-detail","tanggal_pengambilan":"2026-09-30"},"geometry":{"type":"Point","coordinates":[120.3595,-3.7436]}},{"type":"Feature","properties":{"npsn":"60729562","nama_sekolah":"MIS MUHAMMADIYAH JAUH PANDANG","bentuk_pendidikan":"MI","status_sekolah":"SWASTA","akreditasi":"B","alamat_jalan":"JAUH PANDANG","nama_dusun":null,"rt":null,"rw":null,"kecamatan":"Kec. Pitumpanua","kabupaten":"Kab. Wajo","provinsi":"Prov. Sulawesi Selatan","kode_pos":null,"latitude":-3.759828,"longitude":120.408568,"nomor_telepon":null,"email":null,"website":null,"daya_listrik":null,"luas_tanah_milik":0,"sumber_listrik":null,"akses_internet":null,"akses_internet_2":null,"waktu_penyelenggaraan":null,"semester_id":"20261","semester_keterangan":"2026/2027 Gasal","sekolah_id":"14E77137-8920-4A34-9527-8380BAFBB6D0","koordinat_valid":true,"validasi":"verified_official","sumber_data":"Kemendikdasmen - Sekolah Kita","sumber_koordinat":"Kemendikdasmen - Sekolah Kita API full-detail","tanggal_pengambilan":"2026-09-30"},"geometry":{"type":"Point","coordinates":[120.408568,-3.759828]}},{"type":"Feature","properties":{"npsn":"60723837","nama_sekolah":"MIS AS`ADIYAH NO. 73 MASSAPPA","bentuk_pendidikan":"MI","status_sekolah":"SWASTA","akreditasi":"C","alamat_jalan":"JL. MASJID JABAL RAHMAH MASSAPPA","nama_dusun":null,"rt":null,"rw":null,"kecamatan":"Kec. Sabbangparu","kabupaten":"Kab. Wajo","provinsi":"Prov. Sulawesi Selatan","kode_pos":null,"latitude":-4.1508,"longitude":120.0164,"nomor_telepon":null,"email":null,"website":null,"daya_listrik":null,"luas_tanah_milik":1690,"sumber_listrik":null,"akses_internet":null,"akses_internet_2":null,"waktu_penyelenggaraan":null,"semester_id":"20261","semester_keterangan":"2026/2027 Gasal","sekolah_id":"5BE84DB2-B605-4F75-A51C-12A15EA19BA8","koordinat_valid":true,"validasi":"verified_official","sumber_data":"Kemendikdasmen - Sekolah Kita","sumber_koordinat":"Kemendikdasmen - Sekolah Kita API full-detail","tanggal_pengambilan":"2026-09-30"},"geometry":{"type":"Point","coordinates":[120.0164,-4.1508]}},{"type":"Feature","properties":{"npsn":"60729565","nama_sekolah":"MIS WAGE","bentuk_pendidikan":"MI","status_sekolah":"SWASTA","akreditasi":"C","alamat_jalan":"JL. POROS SENGKANG SOPPENG KM. 8","nama_dusun":null,"rt":null,"rw":null,"kecamatan":"Kec. Sabbangparu","kabupaten":"Kab. Wajo","provinsi":"Prov. Sulawesi Selatan","kode_pos":null,"latitude":-4.188261,"longitude":120.019118,"nomor_telepon":null,"email":null,"website":null,"daya_listrik":null,"luas_tanah_milik":0,"sumber_listrik":null,"akses_internet":null,"akses_internet_2":null,"waktu_penyelenggaraan":null,"semester_id":"20261","semester_keterangan":"2026/2027 Gasal","sekolah_id":"E2598A9C-0448-43F6-8321-AD662B5AC3C1","koordinat_valid":true,"validasi":"verified_official","sumber_data":"Kemendikdasmen - Sekolah Kita","sumber_koordinat":"Kemendikdasmen - Sekolah Kita API full-detail","tanggal_pengambilan":"2026-09-30"},"geometry":{"type":"Point","coordinates":[120.019118,-4.188261]}},{"type":"Feature","properties":{"npsn":"60723838","nama_sekolah":"MIS AS`ADIYAH NO. 241 SORO UTARA","bentuk_pendidikan":"MI","status_sekolah":"SWASTA","akreditasi":"B","alamat_jalan":"JL. KH.MUH. AS`AD SORO UTARA","nama_dusun":null,"rt":null,"rw":null,"kecamatan":"Kec. Takkalala","kabupaten":"Kab. Wajo","provinsi":"Prov. Sulawesi Selatan","kode_pos":null,"latitude":-4.15122,"longitude":120.25887,"nomor_telepon":null,"email":null,"website":null,"daya_listrik":null,"luas_tanah_milik":0,"sumber_listrik":null,"akses_internet":null,"akses_internet_2":null,"waktu_penyelenggaraan":null,"semester_id":"20261","semester_keterangan":"2026/2027 Gasal","sekolah_id":"DAEAF872-2ADF-4D1B-B700-519D8CCB68E0","koordinat_valid":true,"validasi":"verified_official","sumber_data":"Kemendikdasmen - Sekolah Kita","sumber_koordinat":"Kemendikdasmen - Sekolah Kita API full-detail","tanggal_pengambilan":"2026-09-30"},"geometry":{"type":"Point","coordinates":[120.25887,-4.15122]}},{"type":"Feature","properties":{"npsn":"60729563","nama_sekolah":"MIS BOLI-BOLI","bentuk_pendidikan":"MI","status_sekolah":"SWASTA","akreditasi":"C","alamat_jalan":"BOLI-BOLI","nama_dusun":null,"rt":null,"rw":null,"kecamatan":"Kec. Takkalala","kabupaten":"Kab. Wajo","provinsi":"Prov. Sulawesi Selatan","kode_pos":null,"latitude":-4.135532,"longitude":120.27618,"nomor_telepon":null,"email":null,"website":null,"daya_listrik":null,"luas_tanah_milik":0,"sumber_listrik":null,"akses_internet":null,"akses_internet_2":null,"waktu_penyelenggaraan":null,"semester_id":"20261","semester_keterangan":"2026/2027 Gasal","sekolah_id":"355B55BF-E70C-45CA-B5D2-800E1648774D","koordinat_valid":true,"validasi":"verified_official","sumber_data":"Kemendikdasmen - Sekolah Kita","sumber_koordinat":"Kemendikdasmen - Sekolah Kita API full-detail","tanggal_pengambilan":"2026-09-30"},"geometry":{"type":"Point","coordinates":[120.27618,-4.135532]}},{"type":"Feature","properties":{"npsn":"60729559","nama_sekolah":"MIS AS`ADIYAH NO. 272 PALIPPU","bentuk_pendidikan":"MI","status_sekolah":"SWASTA","akreditasi":"B","alamat_jalan":"JL. MESJID JAMI AL-WUSTHA PALIPPU","nama_dusun":null,"rt":null,"rw":null,"kecamatan":"Kec. Tanasitolo","kabupaten":"Kab. Wajo","provinsi":"Prov. Sulawesi Selatan","kode_pos":null,"latitude":-4.033748,"longitude":120.042117,"nomor_telepon":null,"email":null,"website":null,"daya_listrik":null,"luas_tanah_milik":0,"sumber_listrik":null,"akses_internet":null,"akses_internet_2":null,"waktu_penyelenggaraan":null,"semester_id":"20261","semester_keterangan":"2026/2027 Gasal","sekolah_id":"2A205299-14AE-4880-AB51-64351BED1CA5","koordinat_valid":true,"validasi":"verified_official","sumber_data":"Kemendikdasmen - Sekolah Kita","sumber_koordinat":"Kemendikdasmen - Sekolah Kita API full-detail","tanggal_pengambilan":"2026-09-30"},"geometry":{"type":"Point","coordinates":[120.042117,-4.033748]}},{"type":"Feature","properties":{"npsn":"60723839","nama_sekolah":"MIS DDI POLEWALIE","bentuk_pendidikan":"MI","status_sekolah":"SWASTA","akreditasi":"C","alamat_jalan":"Polewalie, Desa Waetuwo","nama_dusun":null,"rt":null,"rw":null,"kecamatan":"Kec. Tanasitolo","kabupaten":"Kab. Wajo","provinsi":"Prov. Sulawesi Selatan","kode_pos":null,"latitude":-4.0552,"longitude":120.1283,"nomor_telepon":null,"email":null,"website":null,"daya_listrik":null,"luas_tanah_milik":2343,"sumber_listrik":null,"akses_internet":null,"akses_internet_2":null,"waktu_penyelenggaraan":null,"semester_id":"20261","semester_keterangan":"2026/2027 Gasal","sekolah_id":"631D0385-13CF-4E76-BDE0-43347AE7A511","koordinat_valid":true,"validasi":"verified_official","sumber_data":"Kemendikdasmen - Sekolah Kita","sumber_koordinat":"Kemendikdasmen - Sekolah Kita API full-detail","tanggal_pengambilan":"2026-09-30"},"geometry":{"type":"Point","coordinates":[120.1283,-4.0552]}},{"type":"Feature","properties":{"npsn":"60723840","nama_sekolah":"MIS AS`ADIYAH NO. 3 SENGKANG","bentuk_pendidikan":"MI","status_sekolah":"SWASTA","akreditasi":"A","alamat_jalan":"JL. VETERAN NO. 46 SENGKANG","nama_dusun":null,"rt":null,"rw":null,"kecamatan":"Kec. Tempe","kabupaten":"Kab. Wajo","provinsi":"Prov. Sulawesi Selatan","kode_pos":null,"latitude":-4.1271,"longitude":120.033,"nomor_telepon":null,"email":null,"website":null,"daya_listrik":null,"luas_tanah_milik":0,"sumber_listrik":null,"akses_internet":null,"akses_internet_2":null,"waktu_penyelenggaraan":null,"semester_id":"20261","semester_keterangan":"2026/2027 Gasal","sekolah_id":"F89DBD29-26F6-4984-BF49-8DFF97775937","koordinat_valid":true,"validasi":"verified_official","sumber_data":"Kemendikdasmen - Sekolah Kita","sumber_koordinat":"Kemendikdasmen - Sekolah Kita API full-detail","tanggal_pengambilan":"2026-09-30"},"geometry":{"type":"Point","coordinates":[120.033,-4.1271]}},{"type":"Feature","properties":{"npsn":"60729555","nama_sekolah":"MIS AS`ADIYAH NO. 45 SURAE","bentuk_pendidikan":"MI","status_sekolah":"SWASTA","akreditasi":"B","alamat_jalan":"JL.MERAK LR. I SURAE","nama_dusun":null,"rt":null,"rw":null,"kecamatan":"Kec. Tempe","kabupaten":"Kab. Wajo","provinsi":"Prov. Sulawesi Selatan","kode_pos":null,"latitude":-4.145137,"longitude":120.062592,"nomor_telepon":null,"email":null,"website":null,"daya_listrik":null,"luas_tanah_milik":0,"sumber_listrik":null,"akses_internet":null,"akses_internet_2":null,"waktu_penyelenggaraan":null,"semester_id":"20261","semester_keterangan":"2026/2027 Gasal","sekolah_id":"D90BA28B-2071-441E-906C-6F38474A263C","koordinat_valid":true,"validasi":"verified_official","sumber_data":"Kemendikdasmen - Sekolah Kita","sumber_koordinat":"Kemendikdasmen - Sekolah Kita API full-detail","tanggal_pengambilan":"2026-09-30"},"geometry":{"type":"Point","coordinates":[120.062592,-4.145137]}},{"type":"Feature","properties":{"npsn":"60723841","nama_sekolah":"MIS AS`ADIYAH NO. 55 LOMPO","bentuk_pendidikan":"MI","status_sekolah":"SWASTA","akreditasi":"B","alamat_jalan":"JL. H. ANDI NINNONG LR. 27","nama_dusun":null,"rt":null,"rw":null,"kecamatan":"Kec. Tempe","kabupaten":"Kab. Wajo","provinsi":"Prov. Sulawesi Selatan","kode_pos":null,"latitude":-4.1284,"longitude":120.024,"nomor_telepon":null,"email":null,"website":null,"daya_listrik":null,"luas_tanah_milik":0,"sumber_listrik":null,"akses_internet":null,"akses_internet_2":null,"waktu_penyelenggaraan":null,"semester_id":"20261","semester_keterangan":"2026/2027 Gasal","sekolah_id":"F082C6B8-A4DA-45E5-A585-5C9C97F71371","koordinat_valid":true,"validasi":"verified_official","sumber_data":"Kemendikdasmen - Sekolah Kita","sumber_koordinat":"Kemendikdasmen - Sekolah Kita API full-detail","tanggal_pengambilan":"2026-09-30"},"geometry":{"type":"Point","coordinates":[120.024,-4.1284]}},{"type":"Feature","properties":{"npsn":"60729560","nama_sekolah":"MIS MUHAMMADIYAH SENGKANG","bentuk_pendidikan":"MI","status_sekolah":"SWASTA","akreditasi":"B","alamat_jalan":"JL. MUHAMMADIYAH NO. 14 SENGKANG","nama_dusun":null,"rt":null,"rw":null,"kecamatan":"Kec. Tempe","kabupaten":"Kab. Wajo","provinsi":"Prov. Sulawesi Selatan","kode_pos":null,"latitude":-4.129377,"longitude":120.068808,"nomor_telepon":null,"email":null,"website":null,"daya_listrik":null,"luas_tanah_milik":0,"sumber_listrik":null,"akses_internet":null,"akses_internet_2":null,"waktu_penyelenggaraan":null,"semester_id":"20261","semester_keterangan":"2026/2027 Gasal","sekolah_id":"B3358420-5FA4-4704-81B3-798137F4412C","koordinat_valid":true,"validasi":"verified_official","sumber_data":"Kemendikdasmen - Sekolah Kita","sumber_koordinat":"Kemendikdasmen - Sekolah Kita API full-detail","tanggal_pengambilan":"2026-09-30"},"geometry":{"type":"Point","coordinates":[120.068808,-4.129377]}},{"type":"Feature","properties":{"npsn":"60729561","nama_sekolah":"MIS MUHAMMADIYAH WIRINGPALENNAE","bentuk_pendidikan":"MI","status_sekolah":"SWASTA","akreditasi":"B","alamat_jalan":"JL. ANGSA WIRINGPALENNAE","nama_dusun":null,"rt":null,"rw":null,"kecamatan":"Kec. Tempe","kabupaten":"Kab. Wajo","provinsi":"Prov. Sulawesi Selatan","kode_pos":null,"latitude":-4.1204,"longitude":120.0272,"nomor_telepon":null,"email":null,"website":null,"daya_listrik":null,"luas_tanah_milik":0,"sumber_listrik":null,"akses_internet":null,"akses_internet_2":null,"waktu_penyelenggaraan":null,"semester_id":"20261","semester_keterangan":"2026/2027 Gasal","sekolah_id":"7C3BE621-1918-46E8-BDEE-FF60AD6CB98B","koordinat_valid":true,"validasi":"verified_official","sumber_data":"Kemendikdasmen - Sekolah Kita","sumber_koordinat":"Kemendikdasmen - Sekolah Kita API full-detail","tanggal_pengambilan":"2026-09-30"},"geometry":{"type":"Point","coordinates":[120.0272,-4.1204]}},{"type":"Feature","properties":{"npsn":"60729737","nama_sekolah":"MTSS AS`ADIYAH NO. 1 BELAWA","bentuk_pendidikan":"MTs","status_sekolah":"SWASTA","akreditasi":"B","alamat_jalan":"JL. KH. ABDUL MALIK NO. 22 LAUTANG BELAWA","nama_dusun":null,"rt":null,"rw":null,"kecamatan":"Kec. Belawa","kabupaten":"Kab. Wajo","provinsi":"Prov. Sulawesi Selatan","kode_pos":null,"latitude":-4.042827,"longitude":119.968755,"nomor_telepon":null,"email":null,"website":null,"daya_listrik":null,"luas_tanah_milik":0,"sumber_listrik":null,"akses_internet":null,"akses_internet_2":null,"waktu_penyelenggaraan":null,"semester_id":"20261","semester_keterangan":"2026/2027 Gasal","sekolah_id":"92535EB6-BBD7-44E7-BA6A-CEB50A377C7E","koordinat_valid":true,"validasi":"verified_official","sumber_data":"Kemendikdasmen - Sekolah Kita","sumber_koordinat":"Kemendikdasmen - Sekolah Kita API full-detail","tanggal_pengambilan":"2026-09-30"},"geometry":{"type":"Point","coordinates":[119.968755,-4.042827]}},{"type":"Feature","properties":{"npsn":"60729876","nama_sekolah":"MTSS AS`ADIYAH NO. 45 LONRA","bentuk_pendidikan":"MTs","status_sekolah":"SWASTA","akreditasi":"B","alamat_jalan":"JL. WELE LONRA-SAPPA","nama_dusun":null,"rt":null,"rw":null,"kecamatan":"Kec. Belawa","kabupaten":"Kab. Wajo","provinsi":"Prov. Sulawesi Selatan","kode_pos":null,"latitude":-3.97752,"longitude":119.947602,"nomor_telepon":null,"email":null,"website":null,"daya_listrik":null,"luas_tanah_milik":0,"sumber_listrik":null,"akses_internet":null,"akses_internet_2":null,"waktu_penyelenggaraan":null,"semester_id":"20261","semester_keterangan":"2026/2027 Gasal","sekolah_id":"6DDA25A0-BFF0-465C-894A-E85F2BC714C7","koordinat_valid":true,"validasi":"verified_official","sumber_data":"Kemendikdasmen - Sekolah Kita","sumber_koordinat":"Kemendikdasmen - Sekolah Kita API full-detail","tanggal_pengambilan":"2026-09-30"},"geometry":{"type":"Point","coordinates":[119.947602,-3.97752]}},{"type":"Feature","properties":{"npsn":"60729750","nama_sekolah":"MTSS AS`ADIYAH NO. 49 BOLAASERAE","bentuk_pendidikan":"MTs","status_sekolah":"SWASTA","akreditasi":"B","alamat_jalan":"Jl. Masjid Hilaluddin Bolaaserae","nama_dusun":null,"rt":null,"rw":null,"kecamatan":"Kec. Belawa","kabupaten":"Kab. Wajo","provinsi":"Prov. Sulawesi Selatan","kode_pos":null,"latitude":-4.01295,"longitude":119.957121,"nomor_telepon":null,"email":null,"website":null,"daya_listrik":null,"luas_tanah_milik":0,"sumber_listrik":null,"akses_internet":null,"akses_internet_2":null,"waktu_penyelenggaraan":null,"semester_id":"20261","semester_keterangan":"2026/2027 Gasal","sekolah_id":"88682FD0-DD1B-4C8A-9423-8BCB921BFCFF","koordinat_valid":true,"validasi":"verified_official","sumber_data":"Kemendikdasmen - Sekolah Kita","sumber_koordinat":"Kemendikdasmen - Sekolah Kita API full-detail","tanggal_pengambilan":"2026-09-30"},"geometry":{"type":"Point","coordinates":[119.957121,-4.01295]}},{"type":"Feature","properties":{"npsn":"40320137","nama_sekolah":"MTSS AS`ADIYAH NO. 5 ONGKOE","bentuk_pendidikan":"MTs","status_sekolah":"SWASTA","akreditasi":"C","alamat_jalan":"JL. KEMAKMURAN NO. 100 ONGKOE","nama_dusun":null,"rt":null,"rw":null,"kecamatan":"Kec. Belawa","kabupaten":"Kab. Wajo","provinsi":"Prov. Sulawesi Selatan","kode_pos":null,"latitude":-3.965357,"longitude":119.996781,"nomor_telepon":null,"email":null,"website":null,"daya_listrik":null,"luas_tanah_milik":0,"sumber_listrik":null,"akses_internet":null,"akses_internet_2":null,"waktu_penyelenggaraan":null,"semester_id":"20261","semester_keterangan":"2026/2027 Gasal","sekolah_id":"3A69ABAE-0998-44C8-91BD-EF80816BD2C2","koordinat_valid":true,"validasi":"verified_official","sumber_data":"Kemendikdasmen - Sekolah Kita","sumber_koordinat":"Kemendikdasmen - Sekolah Kita API full-detail","tanggal_pengambilan":"2026-09-30"},"geometry":{"type":"Point","coordinates":[119.996781,-3.965357]}},{"type":"Feature","properties":{"npsn":"60729738","nama_sekolah":"MTSS AS`ADIYAH NO. 6 BELAWA","bentuk_pendidikan":"MTs","status_sekolah":"SWASTA","akreditasi":"B","alamat_jalan":"JL. AS`ADIYAH NO. 1 LIMPORILAU","nama_dusun":null,"rt":null,"rw":null,"kecamatan":"Kec. Belawa","kabupaten":"Kab. Wajo","provinsi":"Prov. Sulawesi Selatan","kode_pos":null,"latitude":-3.974082,"longitude":119.998632,"nomor_telepon":null,"email":null,"website":null,"daya_listrik":null,"luas_tanah_milik":0,"sumber_listrik":null,"akses_internet":null,"akses_internet_2":null,"waktu_penyelenggaraan":null,"semester_id":"20261","semester_keterangan":"2026/2027 Gasal","sekolah_id":"95CD862D-A47B-4744-B2DA-463DD61F3D61","koordinat_valid":true,"validasi":"verified_official","sumber_data":"Kemendikdasmen - Sekolah Kita","sumber_koordinat":"Kemendikdasmen - Sekolah Kita API full-detail","tanggal_pengambilan":"2026-09-30"},"geometry":{"type":"Point","coordinates":[119.998632,-3.974082]}},{"type":"Feature","properties":{"npsn":"60729739","nama_sekolah":"MTSS AS`ADIYAH NO. 22 LONGKA","bentuk_pendidikan":"MTs","status_sekolah":"SWASTA","akreditasi":"B","alamat_jalan":"JL. POROS MAKASSAR PALOPO KM. 246","nama_dusun":null,"rt":null,"rw":null,"kecamatan":"Kec. Keera","kabupaten":"Kab. Wajo","provinsi":"Prov. Sulawesi Selatan","kode_pos":null,"latitude":-3.8506,"longitude":120.3002,"nomor_telepon":null,"email":null,"website":null,"daya_listrik":null,"luas_tanah_milik":0,"sumber_listrik":null,"akses_internet":null,"akses_internet_2":null,"waktu_penyelenggaraan":null,"semester_id":"20261","semester_keterangan":"2026/2027 Gasal","sekolah_id":"ACAA4DED-95B1-4025-A181-FA0D9AC65A4A","koordinat_valid":true,"validasi":"verified_official","sumber_data":"Kemendikdasmen - Sekolah Kita","sumber_koordinat":"Kemendikdasmen - Sekolah Kita API full-detail","tanggal_pengambilan":"2026-09-30"},"geometry":{"type":"Point","coordinates":[120.3002,-3.8506]}},{"type":"Feature","properties":{"npsn":"40320138","nama_sekolah":"MTSS AS`ADIYAH NO. 3 ATAPANGE","bentuk_pendidikan":"MTs","status_sekolah":"SWASTA","akreditasi":"B","alamat_jalan":"JL. MADDUKKELLENG NO. 44 ATAPANGE","nama_dusun":null,"rt":null,"rw":null,"kecamatan":"Kec. Majauleng","kabupaten":"Kab. Wajo","provinsi":"Prov. Sulawesi Selatan","kode_pos":null,"latitude":-4.0185,"longitude":120.1791,"nomor_telepon":null,"email":null,"website":null,"daya_listrik":null,"luas_tanah_milik":0,"sumber_listrik":null,"akses_internet":null,"akses_internet_2":null,"waktu_penyelenggaraan":null,"semester_id":"20261","semester_keterangan":"2026/2027 Gasal","sekolah_id":"3BF8F27A-E4EE-4431-977F-C8FEC4D1C6CB","koordinat_valid":true,"validasi":"verified_official","sumber_data":"Kemendikdasmen - Sekolah Kita","sumber_koordinat":"Kemendikdasmen - Sekolah Kita API full-detail","tanggal_pengambilan":"2026-09-30"},"geometry":{"type":"Point","coordinates":[120.1791,-4.0185]}},{"type":"Feature","properties":{"npsn":"60729745","nama_sekolah":"MTSS DDI PARIA","bentuk_pendidikan":"MTs","status_sekolah":"SWASTA","akreditasi":"B","alamat_jalan":"JL. MAKMUR","nama_dusun":null,"rt":null,"rw":null,"kecamatan":"Kec. Majauleng","kabupaten":"Kab. Wajo","provinsi":"Prov. Sulawesi Selatan","kode_pos":null,"latitude":-4.0233,"longitude":120.1453,"nomor_telepon":null,"email":null,"website":null,"daya_listrik":null,"luas_tanah_milik":0,"sumber_listrik":null,"akses_internet":null,"akses_internet_2":null,"waktu_penyelenggaraan":null,"semester_id":"20261","semester_keterangan":"2026/2027 Gasal","sekolah_id":"245F8A28-F0B6-446C-82BB-167ABCB67A74","koordinat_valid":true,"validasi":"verified_official","sumber_data":"Kemendikdasmen - Sekolah Kita","sumber_koordinat":"Kemendikdasmen - Sekolah Kita API full-detail","tanggal_pengambilan":"2026-09-30"},"geometry":{"type":"Point","coordinates":[120.1453,-4.0233]}},{"type":"Feature","properties":{"npsn":"60729746","nama_sekolah":"MTSS DDI TARUMPAKKAE","bentuk_pendidikan":"MTs","status_sekolah":"SWASTA","akreditasi":"B","alamat_jalan":"JL. POROS SENGKANG-PALOPO","nama_dusun":null,"rt":null,"rw":null,"kecamatan":"Kec. Majauleng","kabupaten":"Kab. Wajo","provinsi":"Prov. Sulawesi Selatan","kode_pos":null,"latitude":-4.1862,"longitude":120.0007,"nomor_telepon":null,"email":null,"website":null,"daya_listrik":null,"luas_tanah_milik":0,"sumber_listrik":null,"akses_internet":null,"akses_internet_2":null,"waktu_penyelenggaraan":null,"semester_id":"20261","semester_keterangan":"2026/2027 Gasal","sekolah_id":"5AB03708-DD2F-4647-859B-DDBE41A7E045","koordinat_valid":true,"validasi":"verified_official","sumber_data":"Kemendikdasmen - Sekolah Kita","sumber_koordinat":"Kemendikdasmen - Sekolah Kita API full-detail","tanggal_pengambilan":"2026-09-30"},"geometry":{"type":"Point","coordinates":[120.0007,-4.1862]}},{"type":"Feature","properties":{"npsn":"60729748","nama_sekolah":"MTSN 1 WAJO","bentuk_pendidikan":"MTs","status_sekolah":"NEGERI","akreditasi":"B","alamat_jalan":"JL. MASJID NURUL IHSAN NO. 1","nama_dusun":null,"rt":null,"rw":null,"kecamatan":"Kec. Pammana","kabupaten":"Kab. Wajo","provinsi":"Prov. Sulawesi Selatan","kode_pos":null,"latitude":-4.253011,"longitude":120.044141,"nomor_telepon":null,"email":null,"website":null,"daya_listrik":null,"luas_tanah_milik":0,"sumber_listrik":null,"akses_internet":null,"akses_internet_2":null,"waktu_penyelenggaraan":null,"semester_id":"20261","semester_keterangan":"2026/2027 Gasal","sekolah_id":"AA9FE2DF-BDA1-45C9-8C74-110E6949D665","koordinat_valid":true,"validasi":"verified_official","sumber_data":"Kemendikdasmen - Sekolah Kita","sumber_koordinat":"Kemendikdasmen - Sekolah Kita API full-detail","tanggal_pengambilan":"2026-09-30"},"geometry":{"type":"Point","coordinates":[120.044141,-4.253011]}},{"type":"Feature","properties":{"npsn":"40320140","nama_sekolah":"MTSS AN-NUR A`TIGA ULUGALUNG","bentuk_pendidikan":"MTs","status_sekolah":"SWASTA","akreditasi":"B","alamat_jalan":"JL. BOSOWA SELATAN ULUGALUNG","nama_dusun":null,"rt":null,"rw":null,"kecamatan":"Kec. Pammana","kabupaten":"Kab. Wajo","provinsi":"Prov. Sulawesi Selatan","kode_pos":null,"latitude":-4.1809,"longitude":120.0379,"nomor_telepon":null,"email":null,"website":null,"daya_listrik":null,"luas_tanah_milik":0,"sumber_listrik":null,"akses_internet":null,"akses_internet_2":null,"waktu_penyelenggaraan":null,"semester_id":"20261","semester_keterangan":"2026/2027 Gasal","sekolah_id":"3C43E7F3-E368-4B0C-93BF-3C7CDE9FE491","koordinat_valid":true,"validasi":"verified_official","sumber_data":"Kemendikdasmen - Sekolah Kita","sumber_koordinat":"Kemendikdasmen - Sekolah Kita API full-detail","tanggal_pengambilan":"2026-09-30"},"geometry":{"type":"Point","coordinates":[120.0379,-4.1809]}},{"type":"Feature","properties":{"npsn":"40320139","nama_sekolah":"MTSS AS`ADIYAH NO. 8 KAMPIRI","bentuk_pendidikan":"MTs","status_sekolah":"SWASTA","akreditasi":"C","alamat_jalan":"JL. SULTAN HASANUDDIN NO. 34 PALLAWARUKKA","nama_dusun":null,"rt":null,"rw":null,"kecamatan":"Kec. Pammana","kabupaten":"Kab. Wajo","provinsi":"Prov. Sulawesi Selatan","kode_pos":null,"latitude":-4.21272,"longitude":120.083876,"nomor_telepon":null,"email":null,"website":null,"daya_listrik":null,"luas_tanah_milik":0,"sumber_listrik":null,"akses_internet":null,"akses_internet_2":null,"waktu_penyelenggaraan":null,"semester_id":"20261","semester_keterangan":"2026/2027 Gasal","sekolah_id":"6BFF5A27-7521-4E6F-8E25-6355EB9C7015","koordinat_valid":true,"validasi":"verified_official","sumber_data":"Kemendikdasmen - Sekolah Kita","sumber_koordinat":"Kemendikdasmen - Sekolah Kita API full-detail","tanggal_pengambilan":"2026-09-30"},"geometry":{"type":"Point","coordinates":[120.083876,-4.21272]}},{"type":"Feature","properties":{"npsn":"40320141","nama_sekolah":"MTSS SA. NURUL ULM AS`ADIYAH MAROANGING","bentuk_pendidikan":"MTs","status_sekolah":"SWASTA","akreditasi":"B","alamat_jalan":"JL. POROS SENGKANG BONE KM.12 MAROANGING","nama_dusun":null,"rt":null,"rw":null,"kecamatan":"Kec. Pammana","kabupaten":"Kab. Wajo","provinsi":"Prov. Sulawesi Selatan","kode_pos":null,"latitude":-4.226891,"longitude":120.055255,"nomor_telepon":null,"email":null,"website":null,"daya_listrik":null,"luas_tanah_milik":0,"sumber_listrik":null,"akses_internet":null,"akses_internet_2":null,"waktu_penyelenggaraan":null,"semester_id":"20261","semester_keterangan":"2026/2027 Gasal","sekolah_id":"769AF3A8-B179-40EE-9068-78056DC4CD7D","koordinat_valid":true,"validasi":"verified_official","sumber_data":"Kemendikdasmen - Sekolah Kita","sumber_koordinat":"Kemendikdasmen - Sekolah Kita API full-detail","tanggal_pengambilan":"2026-09-30"},"geometry":{"type":"Point","coordinates":[120.055255,-4.226891]}},{"type":"Feature","properties":{"npsn":"60729741","nama_sekolah":"MTSS AS`ADIYAH NO. 34 DOPING","bentuk_pendidikan":"MTs","status_sekolah":"SWASTA","akreditasi":"A","alamat_jalan":"JL. KH. M. AS`AD NO. 7 DOPING","nama_dusun":null,"rt":null,"rw":null,"kecamatan":"Kec. Penrang","kabupaten":"Kab. Wajo","provinsi":"Prov. Sulawesi Selatan","kode_pos":null,"latitude":-4.051817,"longitude":119.917196,"nomor_telepon":null,"email":null,"website":null,"daya_listrik":null,"luas_tanah_milik":0,"sumber_listrik":null,"akses_internet":null,"akses_internet_2":null,"waktu_penyelenggaraan":null,"semester_id":"20261","semester_keterangan":"2026/2027 Gasal","sekolah_id":"280532B8-D0D7-4769-83C2-DE9E7C0D35A5","koordinat_valid":true,"validasi":"verified_official","sumber_data":"Kemendikdasmen - Sekolah Kita","sumber_koordinat":"Kemendikdasmen - Sekolah Kita API full-detail","tanggal_pengambilan":"2026-09-30"},"geometry":{"type":"Point","coordinates":[119.917196,-4.051817]}},{"type":"Feature","properties":{"npsn":"60727731","nama_sekolah":"MTSN WAJO","bentuk_pendidikan":"MTs","status_sekolah":"NEGERI","akreditasi":"A","alamat_jalan":"JL. POROS MAKASSAR PALOPO BOLABAKKA BULETE ","nama_dusun":null,"rt":null,"rw":null,"kecamatan":"Kec. Pitumpanua","kabupaten":"Kab. Wajo","provinsi":"Prov. Sulawesi Selatan","kode_pos":null,"latitude":-3.710755,"longitude":120.422131,"nomor_telepon":null,"email":null,"website":null,"daya_listrik":null,"luas_tanah_milik":0,"sumber_listrik":null,"akses_internet":null,"akses_internet_2":null,"waktu_penyelenggaraan":null,"semester_id":"20261","semester_keterangan":"2026/2027 Gasal","sekolah_id":"317F186F-121C-4AE9-87B9-AD53B3675987","koordinat_valid":true,"validasi":"verified_official","sumber_data":"Kemendikdasmen - Sekolah Kita","sumber_koordinat":"Kemendikdasmen - Sekolah Kita API full-detail","tanggal_pengambilan":"2026-09-30"},"geometry":{"type":"Point","coordinates":[120.422131,-3.710755]}},{"type":"Feature","properties":{"npsn":"40320143","nama_sekolah":"MTSS AL-MUBARAK DDI TOBARAKKA","bentuk_pendidikan":"MTs","status_sekolah":"SWASTA","akreditasi":"A","alamat_jalan":"Jl. Andi Samaiyyo","nama_dusun":null,"rt":null,"rw":null,"kecamatan":"Kec. Pitumpanua","kabupaten":"Kab. Wajo","provinsi":"Prov. Sulawesi Selatan","kode_pos":null,"latitude":-3.71766,"longitude":120.408322,"nomor_telepon":null,"email":null,"website":null,"daya_listrik":null,"luas_tanah_milik":0,"sumber_listrik":null,"akses_internet":null,"akses_internet_2":null,"waktu_penyelenggaraan":null,"semester_id":"20261","semester_keterangan":"2026/2027 Gasal","sekolah_id":"B04213EC-B405-4B61-A14E-9E65590A3919","koordinat_valid":true,"validasi":"verified_official","sumber_data":"Kemendikdasmen - Sekolah Kita","sumber_koordinat":"Kemendikdasmen - Sekolah Kita API full-detail","tanggal_pengambilan":"2026-09-30"},"geometry":{"type":"Point","coordinates":[120.408322,-3.71766]}},{"type":"Feature","properties":{"npsn":"40320136","nama_sekolah":"MTSS ALMU`MINUN","bentuk_pendidikan":"MTs","status_sekolah":"SWASTA","akreditasi":"B","alamat_jalan":"JL. TRANS SULAWESI","nama_dusun":null,"rt":null,"rw":null,"kecamatan":"Kec. Pitumpanua","kabupaten":"Kab. Wajo","provinsi":"Prov. Sulawesi Selatan","kode_pos":null,"latitude":-4.23856,"longitude":120.017854,"nomor_telepon":null,"email":null,"website":null,"daya_listrik":null,"luas_tanah_milik":0,"sumber_listrik":null,"akses_internet":null,"akses_internet_2":null,"waktu_penyelenggaraan":null,"semester_id":"20261","semester_keterangan":"2026/2027 Gasal","sekolah_id":"434FB9B5-CAFE-4F83-A131-7F48D8EB1753","koordinat_valid":true,"validasi":"verified_official","sumber_data":"Kemendikdasmen - Sekolah Kita","sumber_koordinat":"Kemendikdasmen - Sekolah Kita API full-detail","tanggal_pengambilan":"2026-09-30"},"geometry":{"type":"Point","coordinates":[120.017854,-4.23856]}},{"type":"Feature","properties":{"npsn":"40320142","nama_sekolah":"MTSS AS`ADIYAH NO. 42 ALELEBBAE","bentuk_pendidikan":"MTs","status_sekolah":"SWASTA","akreditasi":"A","alamat_jalan":"ALELEBBAE","nama_dusun":null,"rt":null,"rw":null,"kecamatan":"Kec. Pitumpanua","kabupaten":"Kab. Wajo","provinsi":"Prov. Sulawesi Selatan","kode_pos":null,"latitude":-3.73073,"longitude":120.312888,"nomor_telepon":null,"email":null,"website":null,"daya_listrik":null,"luas_tanah_milik":0,"sumber_listrik":null,"akses_internet":null,"akses_internet_2":null,"waktu_penyelenggaraan":null,"semester_id":"20261","semester_keterangan":"2026/2027 Gasal","sekolah_id":"2321A588-9953-48B3-ABA4-04F45E682E41","koordinat_valid":true,"validasi":"verified_official","sumber_data":"Kemendikdasmen - Sekolah Kita","sumber_koordinat":"Kemendikdasmen - Sekolah Kita API full-detail","tanggal_pengambilan":"2026-09-30"},"geometry":{"type":"Point","coordinates":[120.312888,-3.73073]}},{"type":"Feature","properties":{"npsn":"60727732","nama_sekolah":"MTSS DARUSSALAM BURIKO","bentuk_pendidikan":"MTs","status_sekolah":"SWASTA","akreditasi":"B","alamat_jalan":"JL. POROS MAKASSAR-PALOPO","nama_dusun":null,"rt":null,"rw":null,"kecamatan":"Kec. Pitumpanua","kabupaten":"Kab. Wajo","provinsi":"Prov. Sulawesi Selatan","kode_pos":null,"latitude":-3.750458,"longitude":120.312148,"nomor_telepon":null,"email":null,"website":null,"daya_listrik":null,"luas_tanah_milik":0,"sumber_listrik":null,"akses_internet":null,"akses_internet_2":null,"waktu_penyelenggaraan":null,"semester_id":"20261","semester_keterangan":"2026/2027 Gasal","sekolah_id":"D6DF84C7-046F-47FC-B5EF-009DC03B6222","koordinat_valid":true,"validasi":"verified_official","sumber_data":"Kemendikdasmen - Sekolah Kita","sumber_koordinat":"Kemendikdasmen - Sekolah Kita API full-detail","tanggal_pengambilan":"2026-09-30"},"geometry":{"type":"Point","coordinates":[120.312148,-3.750458]}},{"type":"Feature","properties":{"npsn":"60729744","nama_sekolah":"MTSS MUHAMMADIYAH JAUH PANDANG","bentuk_pendidikan":"MTs","status_sekolah":"SWASTA","akreditasi":"A","alamat_jalan":"JLN. H. MUH. JAFAR","nama_dusun":null,"rt":null,"rw":null,"kecamatan":"Kec. Pitumpanua","kabupaten":"Kab. Wajo","provinsi":"Prov. Sulawesi Selatan","kode_pos":null,"latitude":-3.6588,"longitude":120.3572,"nomor_telepon":null,"email":null,"website":null,"daya_listrik":null,"luas_tanah_milik":0,"sumber_listrik":null,"akses_internet":null,"akses_internet_2":null,"waktu_penyelenggaraan":null,"semester_id":"20261","semester_keterangan":"2026/2027 Gasal","sekolah_id":"E0583C90-B8B7-429E-A189-3862C2A4C3C2","koordinat_valid":true,"validasi":"verified_official","sumber_data":"Kemendikdasmen - Sekolah Kita","sumber_koordinat":"Kemendikdasmen - Sekolah Kita API full-detail","tanggal_pengambilan":"2026-09-30"},"geometry":{"type":"Point","coordinates":[120.3572,-3.6588]}},{"type":"Feature","properties":{"npsn":"60729749","nama_sekolah":"MTSS SA. PP. DARUN NAIM AS`ADIYAH PAOTOA","bentuk_pendidikan":"MTs","status_sekolah":"SWASTA","akreditasi":"B","alamat_jalan":"JL. PAOTOA DESA MACCOLLILOLOE","nama_dusun":null,"rt":null,"rw":null,"kecamatan":"Kec. Pitumpanua","kabupaten":"Kab. Wajo","provinsi":"Prov. Sulawesi Selatan","kode_pos":null,"latitude":-3.6883,"longitude":120.316,"nomor_telepon":null,"email":null,"website":null,"daya_listrik":null,"luas_tanah_milik":0,"sumber_listrik":null,"akses_internet":null,"akses_internet_2":null,"waktu_penyelenggaraan":null,"semester_id":"20261","semester_keterangan":"2026/2027 Gasal","sekolah_id":"365FBE77-7E2A-422B-B655-08E64AD29A8B","koordinat_valid":true,"validasi":"verified_official","sumber_data":"Kemendikdasmen - Sekolah Kita","sumber_koordinat":"Kemendikdasmen - Sekolah Kita API full-detail","tanggal_pengambilan":"2026-09-30"},"geometry":{"type":"Point","coordinates":[120.316,-3.6883]}},{"type":"Feature","properties":{"npsn":"69941547","nama_sekolah":"MTsS Mattirowalie","bentuk_pendidikan":"MTs","status_sekolah":"SWASTA","akreditasi":"B","alamat_jalan":"Jl. Mattirowalie Desa Batu Kec. Pitumpanua","nama_dusun":null,"rt":null,"rw":null,"kecamatan":"Kec. Pitumpanua","kabupaten":"Kab. Wajo","provinsi":"Prov. Sulawesi Selatan","kode_pos":null,"latitude":-3.6967,"longitude":120.4049,"nomor_telepon":null,"email":null,"website":null,"daya_listrik":null,"luas_tanah_milik":1200,"sumber_listrik":null,"akses_internet":null,"akses_internet_2":null,"waktu_penyelenggaraan":null,"semester_id":"20261","semester_keterangan":"2026/2027 Gasal","sekolah_id":"EF4DFAE5-34D2-4552-9D40-4D9C75BC02DD","koordinat_valid":true,"validasi":"verified_official","sumber_data":"Kemendikdasmen - Sekolah Kita","sumber_koordinat":"Kemendikdasmen - Sekolah Kita API full-detail","tanggal_pengambilan":"2026-09-30"},"geometry":{"type":"Point","coordinates":[120.4049,-3.6967]}},{"type":"Feature","properties":{"npsn":"60729740","nama_sekolah":"MTSS AS`ADIYAH NO. 28 SALOPOKKO","bentuk_pendidikan":"MTs","status_sekolah":"SWASTA","akreditasi":"B","alamat_jalan":"JL. A. MAGGA AMIRULLAH","nama_dusun":null,"rt":null,"rw":null,"kecamatan":"Kec. Sabbangparu","kabupaten":"Kab. Wajo","provinsi":"Prov. Sulawesi Selatan","kode_pos":null,"latitude":-4.211262,"longitude":120.013304,"nomor_telepon":null,"email":null,"website":null,"daya_listrik":null,"luas_tanah_milik":0,"sumber_listrik":null,"akses_internet":null,"akses_internet_2":null,"waktu_penyelenggaraan":null,"semester_id":"20261","semester_keterangan":"2026/2027 Gasal","sekolah_id":"1F2079B4-1876-4926-AAB6-835BC45FB0E4","koordinat_valid":true,"validasi":"verified_official","sumber_data":"Kemendikdasmen - Sekolah Kita","sumber_koordinat":"Kemendikdasmen - Sekolah Kita API full-detail","tanggal_pengambilan":"2026-09-30"},"geometry":{"type":"Point","coordinates":[120.013304,-4.211262]}},{"type":"Feature","properties":{"npsn":"60729742","nama_sekolah":"MTSS AS`ADIYAH NO. 43 BONTOTENNE","bentuk_pendidikan":"MTs","status_sekolah":"SWASTA","akreditasi":"B","alamat_jalan":"JL. MESJID ZIRWATUN NUR NO. 1 BONTOTENNE","nama_dusun":null,"rt":null,"rw":null,"kecamatan":"Kec. Sabbangparu","kabupaten":"Kab. Wajo","provinsi":"Prov. Sulawesi Selatan","kode_pos":null,"latitude":-4.1604,"longitude":120.0075,"nomor_telepon":null,"email":null,"website":null,"daya_listrik":null,"luas_tanah_milik":0,"sumber_listrik":null,"akses_internet":null,"akses_internet_2":null,"waktu_penyelenggaraan":null,"semester_id":"20261","semester_keterangan":"2026/2027 Gasal","sekolah_id":"EE0E90B5-DB61-44F2-A07D-6BC3881F32AD","koordinat_valid":true,"validasi":"verified_official","sumber_data":"Kemendikdasmen - Sekolah Kita","sumber_koordinat":"Kemendikdasmen - Sekolah Kita API full-detail","tanggal_pengambilan":"2026-09-30"},"geometry":{"type":"Point","coordinates":[120.0075,-4.1604]}},{"type":"Feature","properties":{"npsn":"60729747","nama_sekolah":"MTSS SABBANGPARU","bentuk_pendidikan":"MTs","status_sekolah":"SWASTA","akreditasi":"A","alamat_jalan":"SALOJAMPU","nama_dusun":null,"rt":null,"rw":null,"kecamatan":"Kec. Sabbangparu","kabupaten":"Kab. Wajo","provinsi":"Prov. Sulawesi Selatan","kode_pos":null,"latitude":-4.203932,"longitude":119.974126,"nomor_telepon":null,"email":null,"website":null,"daya_listrik":null,"luas_tanah_milik":0,"sumber_listrik":null,"akses_internet":null,"akses_internet_2":null,"waktu_penyelenggaraan":null,"semester_id":"20261","semester_keterangan":"2026/2027 Gasal","sekolah_id":"187AD2E6-4CC1-4B32-9E46-F2A289662D9C","koordinat_valid":true,"validasi":"verified_official","sumber_data":"Kemendikdasmen - Sekolah Kita","sumber_koordinat":"Kemendikdasmen - Sekolah Kita API full-detail","tanggal_pengambilan":"2026-09-30"},"geometry":{"type":"Point","coordinates":[119.974126,-4.203932]}},{"type":"Feature","properties":{"npsn":"69853393","nama_sekolah":"MTS AS`ADIYAH NO. 52 PALIPPU","bentuk_pendidikan":"MTs","status_sekolah":"SWASTA","akreditasi":"C","alamat_jalan":"Jl. Masjid Jami Al-Wustha","nama_dusun":null,"rt":null,"rw":null,"kecamatan":"Kec. Tanasitolo","kabupaten":"Kab. Wajo","provinsi":"Prov. Sulawesi Selatan","kode_pos":null,"latitude":-4.044987,"longitude":120.041629,"nomor_telepon":null,"email":null,"website":null,"daya_listrik":null,"luas_tanah_milik":0,"sumber_listrik":null,"akses_internet":null,"akses_internet_2":null,"waktu_penyelenggaraan":null,"semester_id":"20261","semester_keterangan":"2026/2027 Gasal","sekolah_id":"D2D74BBE-41B1-4A7C-B7E0-529E44724A6F","koordinat_valid":true,"validasi":"verified_official","sumber_data":"Kemendikdasmen - Sekolah Kita","sumber_koordinat":"Kemendikdasmen - Sekolah Kita API full-detail","tanggal_pengambilan":"2026-09-30"},"geometry":{"type":"Point","coordinates":[120.041629,-4.044987]}},{"type":"Feature","properties":{"npsn":"40320144","nama_sekolah":"MTSS AS`ADIYAH NO. 2 BONTOUSE","bentuk_pendidikan":"MTs","status_sekolah":"SWASTA","akreditasi":"A","alamat_jalan":"JL. A. Pawellangi KM. 11 Poros Sengkang - Pare 90951","nama_dusun":null,"rt":null,"rw":null,"kecamatan":"Kec. Tanasitolo","kabupaten":"Kab. Wajo","provinsi":"Prov. Sulawesi Selatan","kode_pos":null,"latitude":-4.029351,"longitude":120.069481,"nomor_telepon":null,"email":null,"website":null,"daya_listrik":null,"luas_tanah_milik":0,"sumber_listrik":null,"akses_internet":null,"akses_internet_2":null,"waktu_penyelenggaraan":null,"semester_id":"20261","semester_keterangan":"2026/2027 Gasal","sekolah_id":"AFCFCB30-9D43-4240-8049-9EF43977E03A","koordinat_valid":true,"validasi":"verified_official","sumber_data":"Kemendikdasmen - Sekolah Kita","sumber_koordinat":"Kemendikdasmen - Sekolah Kita API full-detail","tanggal_pengambilan":"2026-09-30"},"geometry":{"type":"Point","coordinates":[120.069481,-4.029351]}},{"type":"Feature","properties":{"npsn":"60729734","nama_sekolah":"MTSS AS`ADIYAH PUTRA PUSAT SENGKANG","bentuk_pendidikan":"MTs","status_sekolah":"SWASTA","akreditasi":"A","alamat_jalan":"JL. VETERAN NO. 46 SENGKANG","nama_dusun":null,"rt":null,"rw":null,"kecamatan":"Kec. Tempe","kabupaten":"Kab. Wajo","provinsi":"Prov. Sulawesi Selatan","kode_pos":null,"latitude":-4.159344,"longitude":120.043391,"nomor_telepon":null,"email":null,"website":null,"daya_listrik":null,"luas_tanah_milik":0,"sumber_listrik":null,"akses_internet":null,"akses_internet_2":null,"waktu_penyelenggaraan":null,"semester_id":"20261","semester_keterangan":"2026/2027 Gasal","sekolah_id":"9093E107-4B45-4F13-A8C1-039941C06AE7","koordinat_valid":true,"validasi":"verified_official","sumber_data":"Kemendikdasmen - Sekolah Kita","sumber_koordinat":"Kemendikdasmen - Sekolah Kita API full-detail","tanggal_pengambilan":"2026-09-30"},"geometry":{"type":"Point","coordinates":[120.043391,-4.159344]}},{"type":"Feature","properties":{"npsn":"60729735","nama_sekolah":"MTSS AS`ADIYAH PUTRI PUSAT SENGKANG","bentuk_pendidikan":"MTs","status_sekolah":"SWASTA","akreditasi":"A","alamat_jalan":"JL.KH. M. AS`AD NO. 79 SENGKANG","nama_dusun":null,"rt":null,"rw":null,"kecamatan":"Kec. Tempe","kabupaten":"Kab. Wajo","provinsi":"Prov. Sulawesi Selatan","kode_pos":null,"latitude":-4.156791,"longitude":120.054934,"nomor_telepon":null,"email":null,"website":null,"daya_listrik":null,"luas_tanah_milik":0,"sumber_listrik":null,"akses_internet":null,"akses_internet_2":null,"waktu_penyelenggaraan":null,"semester_id":"20261","semester_keterangan":"2026/2027 Gasal","sekolah_id":"4C9024E3-9964-419F-9E9A-1AE92779E1C7","koordinat_valid":true,"validasi":"verified_official","sumber_data":"Kemendikdasmen - Sekolah Kita","sumber_koordinat":"Kemendikdasmen - Sekolah Kita API full-detail","tanggal_pengambilan":"2026-09-30"},"geometry":{"type":"Point","coordinates":[120.054934,-4.156791]}},{"type":"Feature","properties":{"npsn":"60729743","nama_sekolah":"MTSS MUHAMMADIYAH SENGKANG","bentuk_pendidikan":"MTs","status_sekolah":"SWASTA","akreditasi":"B","alamat_jalan":"JL. A. PERENRENGI","nama_dusun":null,"rt":null,"rw":null,"kecamatan":"Kec. Tempe","kabupaten":"Kab. Wajo","provinsi":"Prov. Sulawesi Selatan","kode_pos":null,"latitude":-4.129044,"longitude":120.052936,"nomor_telepon":null,"email":null,"website":null,"daya_listrik":null,"luas_tanah_milik":0,"sumber_listrik":null,"akses_internet":null,"akses_internet_2":null,"waktu_penyelenggaraan":null,"semester_id":"20261","semester_keterangan":"2026/2027 Gasal","sekolah_id":"D5C6927D-3268-4F3A-8B86-88083455BDFC","koordinat_valid":true,"validasi":"verified_official","sumber_data":"Kemendikdasmen - Sekolah Kita","sumber_koordinat":"Kemendikdasmen - Sekolah Kita API full-detail","tanggal_pengambilan":"2026-09-30"},"geometry":{"type":"Point","coordinates":[120.052936,-4.129044]}},{"type":"Feature","properties":{"npsn":"P2966676","nama_sekolah":"PKBM LATENRI TAPPU","bentuk_pendidikan":"PKBM","status_sekolah":"SWASTA","akreditasi":"B","alamat_jalan":"DESA UJUNG TANAH ","nama_dusun":"UJUNG TANAH","rt":2.0,"rw":2.0,"kecamatan":"Kec. Bola","kabupaten":"Kab. Wajo","provinsi":"Prov. Sulawesi Selatan","kode_pos":"90984","latitude":-4.2185,"longitude":120.2381,"nomor_telepon":"082261071253","email":"pkbmlatenritappu@gmail.com","website":"http://","daya_listrik":900.0,"luas_tanah_milik":264,"sumber_listrik":"PLN","akses_internet":"Seluler","akses_internet_2":"Shared","waktu_penyelenggaraan":"Sehari Penuh/3 hari","semester_id":"20261","semester_keterangan":"2026/2027 Gasal","sekolah_id":"D944246E-990B-4F69-81AF-9323F9AC2A68","koordinat_valid":true,"validasi":"verified_official","sumber_data":"Kemendikdasmen - Sekolah Kita","sumber_koordinat":"Kemendikdasmen - Sekolah Kita API full-detail","tanggal_pengambilan":"2026-09-30"},"geometry":{"type":"Point","coordinates":[120.2381,-4.2185]}},{"type":"Feature","properties":{"npsn":"P2966678","nama_sekolah":"PKBM KHERUNNISA","bentuk_pendidikan":"PKBM","status_sekolah":"SWASTA","akreditasi":"C","alamat_jalan":"Desa Ciromani","nama_dusun":null,"rt":0.0,"rw":0.0,"kecamatan":"Kec. Keera","kabupaten":"Kab. Wajo","provinsi":"Prov. Sulawesi Selatan","kode_pos":"90993","latitude":-3.8483,"longitude":120.344,"nomor_telepon":"085242547457","email":"pkbmkhaerunnisa@gmail.com","website":"http://","daya_listrik":2200.0,"luas_tanah_milik":0,"sumber_listrik":"PLN","akses_internet":"Fibre Optic","akses_internet_2":"Dedicated","waktu_penyelenggaraan":"Sore/6 hari","semester_id":"20261","semester_keterangan":"2026/2027 Gasal","sekolah_id":"550D86A2-977A-4755-BA33-867BF9DB6023","koordinat_valid":true,"validasi":"verified_official","sumber_data":"Kemendikdasmen - Sekolah Kita","sumber_koordinat":"Kemendikdasmen - Sekolah Kita API full-detail","tanggal_pengambilan":"2026-09-30"},"geometry":{"type":"Point","coordinates":[120.344,-3.8483]}},{"type":"Feature","properties":{"npsn":"P2966679","nama_sekolah":"PKBM MANDIRI","bentuk_pendidikan":"PKBM","status_sekolah":"SWASTA","akreditasi":"B","alamat_jalan":"DESA TAJO","nama_dusun":"Lamasewanua","rt":null,"rw":null,"kecamatan":"Kec. Majauleng","kabupaten":"Kab. Wajo","provinsi":"Prov. Sulawesi Selatan","kode_pos":"90991","latitude":-3.9739,"longitude":120.1794,"nomor_telepon":"082396768935","email":"simamj@gmail.com","website":"http://","daya_listrik":0.0,"luas_tanah_milik":0,"sumber_listrik":"Tidak Ada","akses_internet":"Seluler","akses_internet_2":"Dedicated","waktu_penyelenggaraan":"Sehari Penuh/3 hari","semester_id":"20261","semester_keterangan":"2026/2027 Gasal","sekolah_id":"B1189A07-0FC3-4D7C-9B84-62F76E6CD40B","koordinat_valid":true,"validasi":"verified_official","sumber_data":"Kemendikdasmen - Sekolah Kita","sumber_koordinat":"Kemendikdasmen - Sekolah Kita API full-detail","tanggal_pengambilan":"2026-09-30"},"geometry":{"type":"Point","coordinates":[120.1794,-3.9739]}},{"type":"Feature","properties":{"npsn":"P2966680","nama_sekolah":"PKBM BERINGIN JAYA","bentuk_pendidikan":"PKBM","status_sekolah":"SWASTA","akreditasi":"C","alamat_jalan":"Jl. Bendungan Kalola","nama_dusun":"ABBANUANGNGE","rt":1.0,"rw":2.0,"kecamatan":"Kec. Maniang Pajo","kabupaten":"Kab. Wajo","provinsi":"Prov. Sulawesi Selatan","kode_pos":"90952","latitude":-3.961,"longitude":120.0706,"nomor_telepon":"085255947639","email":"beringinjayapbkm@gmail.com","website":"http://","daya_listrik":900.0,"luas_tanah_milik":0,"sumber_listrik":"Menumpang","akses_internet":"Seluler","akses_internet_2":"Broadband","waktu_penyelenggaraan":"Pagi/6 hari","semester_id":"20261","semester_keterangan":"2026/2027 Gasal","sekolah_id":"37F9608D-A023-4473-9EF1-2DD1C6D31CCD","koordinat_valid":true,"validasi":"verified_official","sumber_data":"Kemendikdasmen - Sekolah Kita","sumber_koordinat":"Kemendikdasmen - Sekolah Kita API full-detail","tanggal_pengambilan":"2026-09-30"},"geometry":{"type":"Point","coordinates":[120.0706,-3.961]}},{"type":"Feature","properties":{"npsn":"P9996118","nama_sekolah":"PKBM RUTAN SENGKANG","bentuk_pendidikan":"PKBM","status_sekolah":"SWASTA","akreditasi":null,"alamat_jalan":"Jl. Petta Ulaweng Desa Lempa","nama_dusun":null,"rt":null,"rw":null,"kecamatan":"Kec. Pammana","kabupaten":"Kab. Wajo","provinsi":"Prov. Sulawesi Selatan","kode_pos":null,"latitude":-4.2018435,"longitude":120.0674585,"nomor_telepon":null,"email":null,"website":"http://","daya_listrik":900.0,"luas_tanah_milik":117,"sumber_listrik":"Menumpang","akses_internet":"Wireless","akses_internet_2":"Shared","waktu_penyelenggaraan":"Pagi/5 hari","semester_id":"20261","semester_keterangan":"2026/2027 Gasal","sekolah_id":"8BEA2121-34CD-4544-B8C6-326158A6C88B","koordinat_valid":true,"validasi":"verified_official","sumber_data":"Kemendikdasmen - Sekolah Kita","sumber_koordinat":"Kemendikdasmen - Sekolah Kita API full-detail","tanggal_pengambilan":"2026-09-30"},"geometry":{"type":"Point","coordinates":[120.067459,-4.201843]}},{"type":"Feature","properties":{"npsn":"P2966683","nama_sekolah":"PKBM KARTIKA","bentuk_pendidikan":"PKBM","status_sekolah":"SWASTA","akreditasi":"B","alamat_jalan":"Desa Tellesang Depan Pasar Buriko","nama_dusun":null,"rt":0.0,"rw":0.0,"kecamatan":"Kec. Pitumpanua","kabupaten":"Kab. Wajo","provinsi":"Prov. Sulawesi Selatan","kode_pos":"90992","latitude":-3.6956,"longitude":120.4298,"nomor_telepon":"082347262245","email":"pkbmkartika125@gmail.com","website":"http://","daya_listrik":900.0,"luas_tanah_milik":56,"sumber_listrik":"PLN","akses_internet":"Wireless","akses_internet_2":"Broadband","waktu_penyelenggaraan":"Sehari Penuh/3 hari","semester_id":"20261","semester_keterangan":"2026/2027 Gasal","sekolah_id":"22451763-D880-40C6-B986-CCE6E47713EF","koordinat_valid":true,"validasi":"verified_official","sumber_data":"Kemendikdasmen - Sekolah Kita","sumber_koordinat":"Kemendikdasmen - Sekolah Kita API full-detail","tanggal_pengambilan":"2026-09-30"},"geometry":{"type":"Point","coordinates":[120.4298,-3.6956]}},{"type":"Feature","properties":{"npsn":"P2966685","nama_sekolah":"PKBM KUNCUP BAHAGIA","bentuk_pendidikan":"PKBM","status_sekolah":"SWASTA","akreditasi":"B","alamat_jalan":"DESA BARANGMAMASE","nama_dusun":"ASSORAJANG","rt":2.0,"rw":1.0,"kecamatan":"Kec. Sajo Anging","kabupaten":"Kab. Wajo","provinsi":"Prov. Sulawesi Selatan","kode_pos":"90982","latitude":-3.9604,"longitude":120.2859,"nomor_telepon":"081355394017","email":"pkbmkuncupbahagiawajo@gmail.com","website":"http://","daya_listrik":900.0,"luas_tanah_milik":50,"sumber_listrik":"PLN","akses_internet":"Seluler","akses_internet_2":"Shared","waktu_penyelenggaraan":"Sore/6 hari","semester_id":"20261","semester_keterangan":"2026/2027 Gasal","sekolah_id":"C5D103A3-9D5C-4EC4-B25E-05DC7F3E359B","koordinat_valid":true,"validasi":"verified_official","sumber_data":"Kemendikdasmen - Sekolah Kita","sumber_koordinat":"Kemendikdasmen - Sekolah Kita API full-detail","tanggal_pengambilan":"2026-09-30"},"geometry":{"type":"Point","coordinates":[120.2859,-3.9604]}},{"type":"Feature","properties":{"npsn":"P2966686","nama_sekolah":"PKBM MERPATI PUTIH","bentuk_pendidikan":"PKBM","status_sekolah":"SWASTA","akreditasi":"B","alamat_jalan":"Jl. Poros Peneki No. 100 Desa Ceppaga","nama_dusun":"Dusun Ceppaga Desa Ceppaga","rt":2.0,"rw":2.0,"kecamatan":"Kec. Takkalala","kabupaten":"Kab. Wajo","provinsi":"Prov. Sulawesi Selatan","kode_pos":"90981","latitude":-4.1539,"longitude":120.3626,"nomor_telepon":"085299840852","email":"msabil97@yahoo.co.id","website":"http://https://sabilblogsof.com","daya_listrik":450.0,"luas_tanah_milik":0,"sumber_listrik":"PLN","akses_internet":"Seluler","akses_internet_2":"Broadband","waktu_penyelenggaraan":"Pagi/6 hari","semester_id":"20261","semester_keterangan":"2026/2027 Gasal","sekolah_id":"3CDA3001-F37E-4217-921A-53A7CE53C6CC","koordinat_valid":true,"validasi":"verified_official","sumber_data":"Kemendikdasmen - Sekolah Kita","sumber_koordinat":"Kemendikdasmen - Sekolah Kita API full-detail","tanggal_pengambilan":"2026-09-30"},"geometry":{"type":"Point","coordinates":[120.3626,-4.1539]}},{"type":"Feature","properties":{"npsn":"P9970597","nama_sekolah":"PKBM HATI MULIA","bentuk_pendidikan":"PKBM","status_sekolah":"SWASTA","akreditasi":"C","alamat_jalan":"Jl. H. A. Ninnong","nama_dusun":"TANETE","rt":1.0,"rw":1.0,"kecamatan":"Kec. Tanasitolo","kabupaten":"Kab. Wajo","provinsi":"Prov. Sulawesi Selatan","kode_pos":"90951","latitude":-4.0931,"longitude":120.0235,"nomor_telepon":"085242711046","email":"Pkbmhatimulia050578@gmail.com","website":"http://","daya_listrik":1300.0,"luas_tanah_milik":70,"sumber_listrik":"PLN","akses_internet":"Wireless","akses_internet_2":"Dedicated","waktu_penyelenggaraan":"Sehari Penuh/5 hari","semester_id":"20261","semester_keterangan":"2026/2027 Gasal","sekolah_id":"221CDDDF-5E0C-4AD2-8908-6DC6B11C02D3","koordinat_valid":true,"validasi":"verified_official","sumber_data":"Kemendikdasmen - Sekolah Kita","sumber_koordinat":"Kemendikdasmen - Sekolah Kita API full-detail","tanggal_pengambilan":"2026-09-30"},"geometry":{"type":"Point","coordinates":[120.0235,-4.0931]}},{"type":"Feature","properties":{"npsn":"P2966687","nama_sekolah":"PKBM SADAR","bentuk_pendidikan":"PKBM","status_sekolah":"SWASTA","akreditasi":"B","alamat_jalan":"DESA UJUNGE ","nama_dusun":null,"rt":null,"rw":null,"kecamatan":"Kec. Tanasitolo","kabupaten":"Kab. Wajo","provinsi":"Prov. Sulawesi Selatan","kode_pos":"90951","latitude":-4.0507,"longitude":120.0387,"nomor_telepon":"081342451352","email":"sadarpkbm07@gmail.com","website":"http://","daya_listrik":1300.0,"luas_tanah_milik":90,"sumber_listrik":"PLN","akses_internet":"Seluler","akses_internet_2":null,"waktu_penyelenggaraan":null,"semester_id":"20261","semester_keterangan":"2026/2027 Gasal","sekolah_id":"43AAD741-8812-48DB-9662-55738ADE0D95","koordinat_valid":true,"validasi":"verified_official","sumber_data":"Kemendikdasmen - Sekolah Kita","sumber_koordinat":"Kemendikdasmen - Sekolah Kita API full-detail","tanggal_pengambilan":"2026-09-30"},"geometry":{"type":"Point","coordinates":[120.0387,-4.0507]}},{"type":"Feature","properties":{"npsn":"P6321661","nama_sekolah":"PKBM FIEQFAND KIDS SCHOOL","bentuk_pendidikan":"PKBM","status_sekolah":"SWASTA","akreditasi":null,"alamat_jalan":"BTN Bulupabbulu Blok A.11 No. 10                                                ","nama_dusun":null,"rt":null,"rw":null,"kecamatan":"Kec. Tempe","kabupaten":"Kab. Wajo","provinsi":"Prov. Sulawesi Selatan","kode_pos":null,"latitude":-4.120142,"longitude":120.0290261,"nomor_telepon":null,"email":null,"website":null,"daya_listrik":null,"luas_tanah_milik":0,"sumber_listrik":null,"akses_internet":null,"akses_internet_2":null,"waktu_penyelenggaraan":null,"semester_id":"20261","semester_keterangan":"2026/2027 Gasal","sekolah_id":"ECB523DB-A9F3-43EA-8116-FD1B16CEC07D","koordinat_valid":true,"validasi":"verified_official","sumber_data":"Kemendikdasmen - Sekolah Kita","sumber_koordinat":"Kemendikdasmen - Sekolah Kita API full-detail","tanggal_pengambilan":"2026-09-30"},"geometry":{"type":"Point","coordinates":[120.029026,-4.120142]}},{"type":"Feature","properties":{"npsn":"P9984816","nama_sekolah":"PKBM PELANGI","bentuk_pendidikan":"PKBM","status_sekolah":"SWASTA","akreditasi":null,"alamat_jalan":"Jl. WR. Monginsidi STP. 1 No. 50 Sengkang","nama_dusun":null,"rt":null,"rw":null,"kecamatan":"Kec. Tempe","kabupaten":"Kab. Wajo","provinsi":"Prov. Sulawesi Selatan","kode_pos":"90915","latitude":-4.1082789,"longitude":120.0609556,"nomor_telepon":"085231026288","email":"pkbmpelangi588@gmail.com","website":"http://","daya_listrik":null,"luas_tanah_milik":128,"sumber_listrik":null,"akses_internet":null,"akses_internet_2":null,"waktu_penyelenggaraan":null,"semester_id":"20252","semester_keterangan":"2025/2026 Genap","sekolah_id":"8FD268D1-2228-47E1-BF1A-91D56D7498B8","koordinat_valid":true,"validasi":"verified_official","sumber_data":"Kemendikdasmen - Sekolah Kita","sumber_koordinat":"Kemendikdasmen - Sekolah Kita API full-detail","tanggal_pengambilan":"2026-09-30"},"geometry":{"type":"Point","coordinates":[120.060956,-4.108279]}},{"type":"Feature","properties":{"npsn":"P9996120","nama_sekolah":"PKBM YASSIWAJORI","bentuk_pendidikan":"PKBM","status_sekolah":"SWASTA","akreditasi":"A","alamat_jalan":"Jl. A. Magga Amirullah No. 50 Sengkang","nama_dusun":null,"rt":null,"rw":null,"kecamatan":"Kec. Tempe","kabupaten":"Kab. Wajo","provinsi":"Prov. Sulawesi Selatan","kode_pos":null,"latitude":-4.1253,"longitude":120.0318,"nomor_telepon":null,"email":"pkbmyassiwajori01@gmail.com","website":"http://","daya_listrik":2200.0,"luas_tanah_milik":0,"sumber_listrik":"PLN","akses_internet":"Tidak Ada","akses_internet_2":"Dedicated","waktu_penyelenggaraan":"Pagi/5 hari","semester_id":"20261","semester_keterangan":"2026/2027 Gasal","sekolah_id":"BFC87779-950E-40E9-8BFF-8FABAC8E7032","koordinat_valid":true,"validasi":"verified_official","sumber_data":"Kemendikdasmen - Sekolah Kita","sumber_koordinat":"Kemendikdasmen - Sekolah Kita API full-detail","tanggal_pengambilan":"2026-09-30"},"geometry":{"type":"Point","coordinates":[120.0318,-4.1253]}},{"type":"Feature","properties":{"npsn":"69751442","nama_sekolah":"RA/BA/TA AS ADIYAH NO. 18 LONRA","bentuk_pendidikan":"RA","status_sekolah":"SWASTA","akreditasi":"B","alamat_jalan":"JL. WELE","nama_dusun":null,"rt":null,"rw":null,"kecamatan":"Kec. Belawa","kabupaten":"Kab. Wajo","provinsi":"Prov. Sulawesi Selatan","kode_pos":null,"latitude":-3.9563,"longitude":119.9667,"nomor_telepon":null,"email":null,"website":null,"daya_listrik":null,"luas_tanah_milik":0,"sumber_listrik":null,"akses_internet":null,"akses_internet_2":null,"waktu_penyelenggaraan":null,"semester_id":"20261","semester_keterangan":"2026/2027 Gasal","sekolah_id":"196D1273-C18F-4116-8E6B-A9F0FEAC2760","koordinat_valid":true,"validasi":"verified_official","sumber_data":"Kemendikdasmen - Sekolah Kita","sumber_koordinat":"Kemendikdasmen - Sekolah Kita API full-detail","tanggal_pengambilan":"2026-09-30"},"geometry":{"type":"Point","coordinates":[119.9667,-3.9563]}},{"type":"Feature","properties":{"npsn":"69751443","nama_sekolah":"RA/BA/TA AS ADIYAH NO. 21 MENRELI","bentuk_pendidikan":"RA","status_sekolah":"SWASTA","akreditasi":"B","alamat_jalan":"JL. POROS TANCUNG PURAI DUSUN MENRELI","nama_dusun":null,"rt":null,"rw":null,"kecamatan":"Kec. Belawa","kabupaten":"Kab. Wajo","provinsi":"Prov. Sulawesi Selatan","kode_pos":null,"latitude":-4.022071,"longitude":119.946375,"nomor_telepon":null,"email":null,"website":null,"daya_listrik":null,"luas_tanah_milik":0,"sumber_listrik":null,"akses_internet":null,"akses_internet_2":null,"waktu_penyelenggaraan":null,"semester_id":"20261","semester_keterangan":"2026/2027 Gasal","sekolah_id":"FF661B76-2A44-46AE-BA3B-08FB0733FABD","koordinat_valid":true,"validasi":"verified_official","sumber_data":"Kemendikdasmen - Sekolah Kita","sumber_koordinat":"Kemendikdasmen - Sekolah Kita API full-detail","tanggal_pengambilan":"2026-09-30"},"geometry":{"type":"Point","coordinates":[119.946375,-4.022071]}},{"type":"Feature","properties":{"npsn":"69751444","nama_sekolah":"RA/BA/TA AS ADIYAH NO. 24 WELE","bentuk_pendidikan":"RA","status_sekolah":"SWASTA","akreditasi":"B","alamat_jalan":"JL. KEMAKMURAN WELE","nama_dusun":null,"rt":null,"rw":null,"kecamatan":"Kec. Belawa","kabupaten":"Kab. Wajo","provinsi":"Prov. Sulawesi Selatan","kode_pos":null,"latitude":-3.934516,"longitude":119.990437,"nomor_telepon":null,"email":null,"website":null,"daya_listrik":null,"luas_tanah_milik":0,"sumber_listrik":null,"akses_internet":null,"akses_internet_2":null,"waktu_penyelenggaraan":null,"semester_id":"20261","semester_keterangan":"2026/2027 Gasal","sekolah_id":"9D959E6C-85F0-49DE-B893-315E2A69A513","koordinat_valid":true,"validasi":"verified_official","sumber_data":"Kemendikdasmen - Sekolah Kita","sumber_koordinat":"Kemendikdasmen - Sekolah Kita API full-detail","tanggal_pengambilan":"2026-09-30"},"geometry":{"type":"Point","coordinates":[119.990437,-3.934516]}},{"type":"Feature","properties":{"npsn":"69751445","nama_sekolah":"RA/BA/TA AS ADIYAH NO. 3 BELAWA","bentuk_pendidikan":"RA","status_sekolah":"SWASTA","akreditasi":"A","alamat_jalan":"JL. KH. M. YUNUS MARTAN NO.16 MENGE","nama_dusun":null,"rt":null,"rw":null,"kecamatan":"Kec. Belawa","kabupaten":"Kab. Wajo","provinsi":"Prov. Sulawesi Selatan","kode_pos":null,"latitude":-4.003016,"longitude":119.928565,"nomor_telepon":null,"email":null,"website":null,"daya_listrik":null,"luas_tanah_milik":0,"sumber_listrik":null,"akses_internet":null,"akses_internet_2":null,"waktu_penyelenggaraan":null,"semester_id":"20261","semester_keterangan":"2026/2027 Gasal","sekolah_id":"74EDEDC5-D8F2-4A7D-A74E-8ED4541D6EF5","koordinat_valid":true,"validasi":"verified_official","sumber_data":"Kemendikdasmen - Sekolah Kita","sumber_koordinat":"Kemendikdasmen - Sekolah Kita API full-detail","tanggal_pengambilan":"2026-09-30"},"geometry":{"type":"Point","coordinates":[119.928565,-4.003016]}},{"type":"Feature","properties":{"npsn":"69751446","nama_sekolah":"RA/BA/TA AS ADIYAH NO. 33 TOKADDE","bentuk_pendidikan":"RA","status_sekolah":"SWASTA","akreditasi":"B","alamat_jalan":"JL. TOKADDE NO. 2","nama_dusun":null,"rt":null,"rw":null,"kecamatan":"Kec. Belawa","kabupaten":"Kab. Wajo","provinsi":"Prov. Sulawesi Selatan","kode_pos":null,"latitude":-3.987967,"longitude":119.972755,"nomor_telepon":null,"email":null,"website":null,"daya_listrik":null,"luas_tanah_milik":0,"sumber_listrik":null,"akses_internet":null,"akses_internet_2":null,"waktu_penyelenggaraan":null,"semester_id":"20261","semester_keterangan":"2026/2027 Gasal","sekolah_id":"FFEA9EF1-2028-47EB-B5F5-64ACB61A85D7","koordinat_valid":true,"validasi":"verified_official","sumber_data":"Kemendikdasmen - Sekolah Kita","sumber_koordinat":"Kemendikdasmen - Sekolah Kita API full-detail","tanggal_pengambilan":"2026-09-30"},"geometry":{"type":"Point","coordinates":[119.972755,-3.987967]}},{"type":"Feature","properties":{"npsn":"69751447","nama_sekolah":"RA/BA/TA AS ADIYAH NO. 5 SIYO","bentuk_pendidikan":"RA","status_sekolah":"SWASTA","akreditasi":"A","alamat_jalan":"JL.KEMAKMURAN SIYO","nama_dusun":null,"rt":null,"rw":null,"kecamatan":"Kec. Belawa","kabupaten":"Kab. Wajo","provinsi":"Prov. Sulawesi Selatan","kode_pos":null,"latitude":-3.987149,"longitude":119.937641,"nomor_telepon":null,"email":null,"website":null,"daya_listrik":null,"luas_tanah_milik":0,"sumber_listrik":null,"akses_internet":null,"akses_internet_2":null,"waktu_penyelenggaraan":null,"semester_id":"20261","semester_keterangan":"2026/2027 Gasal","sekolah_id":"EE4A736A-BC0F-4D94-998D-2952EFAABDEE","koordinat_valid":true,"validasi":"verified_official","sumber_data":"Kemendikdasmen - Sekolah Kita","sumber_koordinat":"Kemendikdasmen - Sekolah Kita API full-detail","tanggal_pengambilan":"2026-09-30"},"geometry":{"type":"Point","coordinates":[119.937641,-3.987149]}},{"type":"Feature","properties":{"npsn":"69751448","nama_sekolah":"RA/BA/TA AS ADIYAH NO. 6 BOLAASERAE","bentuk_pendidikan":"RA","status_sekolah":"SWASTA","akreditasi":"A","alamat_jalan":"JL. MESJID HILALUDDIN BOLAASERAE","nama_dusun":null,"rt":null,"rw":null,"kecamatan":"Kec. Belawa","kabupaten":"Kab. Wajo","provinsi":"Prov. Sulawesi Selatan","kode_pos":null,"latitude":-4.006529,"longitude":119.916527,"nomor_telepon":null,"email":null,"website":null,"daya_listrik":null,"luas_tanah_milik":0,"sumber_listrik":null,"akses_internet":null,"akses_internet_2":null,"waktu_penyelenggaraan":null,"semester_id":"20261","semester_keterangan":"2026/2027 Gasal","sekolah_id":"22BA1A54-EAE5-482F-8F75-863E594C803D","koordinat_valid":true,"validasi":"verified_official","sumber_data":"Kemendikdasmen - Sekolah Kita","sumber_koordinat":"Kemendikdasmen - Sekolah Kita API full-detail","tanggal_pengambilan":"2026-09-30"},"geometry":{"type":"Point","coordinates":[119.916527,-4.006529]}},{"type":"Feature","properties":{"npsn":"69751449","nama_sekolah":"RA/BA/TA AS ADIYAH NO. 7 MALAKKE","bentuk_pendidikan":"RA","status_sekolah":"SWASTA","akreditasi":"C","alamat_jalan":"JL. TOKADDE","nama_dusun":null,"rt":null,"rw":null,"kecamatan":"Kec. Belawa","kabupaten":"Kab. Wajo","provinsi":"Prov. Sulawesi Selatan","kode_pos":null,"latitude":-3.98085,"longitude":119.945918,"nomor_telepon":null,"email":null,"website":null,"daya_listrik":null,"luas_tanah_milik":0,"sumber_listrik":null,"akses_internet":null,"akses_internet_2":null,"waktu_penyelenggaraan":null,"semester_id":"20261","semester_keterangan":"2026/2027 Gasal","sekolah_id":"0A96D304-A8AF-4B32-B20C-B00566588ADC","koordinat_valid":true,"validasi":"verified_official","sumber_data":"Kemendikdasmen - Sekolah Kita","sumber_koordinat":"Kemendikdasmen - Sekolah Kita API full-detail","tanggal_pengambilan":"2026-09-30"},"geometry":{"type":"Point","coordinates":[119.945918,-3.98085]}},{"type":"Feature","properties":{"npsn":"69751450","nama_sekolah":"RA/BA/TA AS ADIYAH NO. 8 LAUTANG","bentuk_pendidikan":"RA","status_sekolah":"SWASTA","akreditasi":"A","alamat_jalan":"JL. MESJID NO. 2 LAUTANG","nama_dusun":null,"rt":null,"rw":null,"kecamatan":"Kec. Belawa","kabupaten":"Kab. Wajo","provinsi":"Prov. Sulawesi Selatan","kode_pos":null,"latitude":-4.028718,"longitude":119.922715,"nomor_telepon":null,"email":null,"website":null,"daya_listrik":null,"luas_tanah_milik":0,"sumber_listrik":null,"akses_internet":null,"akses_internet_2":null,"waktu_penyelenggaraan":null,"semester_id":"20261","semester_keterangan":"2026/2027 Gasal","sekolah_id":"918CDF3B-D409-43FF-B4B0-E78672EA8CEA","koordinat_valid":true,"validasi":"verified_official","sumber_data":"Kemendikdasmen - Sekolah Kita","sumber_koordinat":"Kemendikdasmen - Sekolah Kita API full-detail","tanggal_pengambilan":"2026-09-30"},"geometry":{"type":"Point","coordinates":[119.922715,-4.028718]}},{"type":"Feature","properties":{"npsn":"69751451","nama_sekolah":"RA/BA/TA AS ADIYAH NO. 9 TIPPULU","bentuk_pendidikan":"RA","status_sekolah":"SWASTA","akreditasi":"B","alamat_jalan":"JL. MESJID NURUL IMAN","nama_dusun":null,"rt":null,"rw":null,"kecamatan":"Kec. Belawa","kabupaten":"Kab. Wajo","provinsi":"Prov. Sulawesi Selatan","kode_pos":null,"latitude":-3.976387,"longitude":119.948767,"nomor_telepon":null,"email":null,"website":null,"daya_listrik":null,"luas_tanah_milik":0,"sumber_listrik":null,"akses_internet":null,"akses_internet_2":null,"waktu_penyelenggaraan":null,"semester_id":"20261","semester_keterangan":"2026/2027 Gasal","sekolah_id":"64E7F423-4DA3-4809-B749-826AC5CB58B0","koordinat_valid":true,"validasi":"verified_official","sumber_data":"Kemendikdasmen - Sekolah Kita","sumber_koordinat":"Kemendikdasmen - Sekolah Kita API full-detail","tanggal_pengambilan":"2026-09-30"},"geometry":{"type":"Point","coordinates":[119.948767,-3.976387]}},{"type":"Feature","properties":{"npsn":"69751441","nama_sekolah":"RA/BA/TA AS`ADIYAH NO. 12 ONGKOE","bentuk_pendidikan":"RA","status_sekolah":"SWASTA","akreditasi":"C","alamat_jalan":"JL. KEMAKMURAN NO. 100","nama_dusun":null,"rt":null,"rw":null,"kecamatan":"Kec. Belawa","kabupaten":"Kab. Wajo","provinsi":"Prov. Sulawesi Selatan","kode_pos":null,"latitude":-3.98054,"longitude":119.939111,"nomor_telepon":null,"email":null,"website":null,"daya_listrik":null,"luas_tanah_milik":0,"sumber_listrik":null,"akses_internet":null,"akses_internet_2":null,"waktu_penyelenggaraan":null,"semester_id":"20261","semester_keterangan":"2026/2027 Gasal","sekolah_id":"F3194145-75BA-4D98-9E70-F6F441708587","koordinat_valid":true,"validasi":"verified_official","sumber_data":"Kemendikdasmen - Sekolah Kita","sumber_koordinat":"Kemendikdasmen - Sekolah Kita API full-detail","tanggal_pengambilan":"2026-09-30"},"geometry":{"type":"Point","coordinates":[119.939111,-3.98054]}},{"type":"Feature","properties":{"npsn":"69751452","nama_sekolah":"RA/BA/TA AS`ADIYAH NO. 13 ATAPANGE","bentuk_pendidikan":"RA","status_sekolah":"SWASTA","akreditasi":"B","alamat_jalan":"JL. MADDUKKELLENG NO. 44","nama_dusun":null,"rt":null,"rw":null,"kecamatan":"Kec. Majauleng","kabupaten":"Kab. Wajo","provinsi":"Prov. Sulawesi Selatan","kode_pos":null,"latitude":-4.045996,"longitude":120.167892,"nomor_telepon":null,"email":null,"website":null,"daya_listrik":null,"luas_tanah_milik":0,"sumber_listrik":null,"akses_internet":null,"akses_internet_2":null,"waktu_penyelenggaraan":null,"semester_id":"20261","semester_keterangan":"2026/2027 Gasal","sekolah_id":"1CCB2E9A-4AE3-43DA-9102-172E80204777","koordinat_valid":true,"validasi":"verified_official","sumber_data":"Kemendikdasmen - Sekolah Kita","sumber_koordinat":"Kemendikdasmen - Sekolah Kita API full-detail","tanggal_pengambilan":"2026-09-30"},"geometry":{"type":"Point","coordinates":[120.167892,-4.045996]}},{"type":"Feature","properties":{"npsn":"69751453","nama_sekolah":"RA/BA/TA DDI PARIA","bentuk_pendidikan":"RA","status_sekolah":"SWASTA","akreditasi":"C","alamat_jalan":"JL. KEMAKMURAN","nama_dusun":null,"rt":null,"rw":null,"kecamatan":"Kec. Majauleng","kabupaten":"Kab. Wajo","provinsi":"Prov. Sulawesi Selatan","kode_pos":null,"latitude":-4.0233,"longitude":120.1453,"nomor_telepon":null,"email":null,"website":null,"daya_listrik":null,"luas_tanah_milik":0,"sumber_listrik":null,"akses_internet":null,"akses_internet_2":null,"waktu_penyelenggaraan":null,"semester_id":"20261","semester_keterangan":"2026/2027 Gasal","sekolah_id":"B6B6CCAA-9C78-475F-8278-4D859AC287D2","koordinat_valid":true,"validasi":"verified_official","sumber_data":"Kemendikdasmen - Sekolah Kita","sumber_koordinat":"Kemendikdasmen - Sekolah Kita API full-detail","tanggal_pengambilan":"2026-09-30"},"geometry":{"type":"Point","coordinates":[120.1453,-4.0233]}},{"type":"Feature","properties":{"npsn":"69865505","nama_sekolah":"RA Seruni As adiyah No. 45 Padaelo","bentuk_pendidikan":"RA","status_sekolah":"SWASTA","akreditasi":"C","alamat_jalan":"Jl. Bajo Padaelo Desa Lampulung ","nama_dusun":null,"rt":null,"rw":null,"kecamatan":"Kec. Pammana","kabupaten":"Kab. Wajo","provinsi":"Prov. Sulawesi Selatan","kode_pos":null,"latitude":-4.153875,"longitude":120.075888,"nomor_telepon":null,"email":null,"website":null,"daya_listrik":null,"luas_tanah_milik":0,"sumber_listrik":null,"akses_internet":null,"akses_internet_2":null,"waktu_penyelenggaraan":null,"semester_id":"20261","semester_keterangan":"2026/2027 Gasal","sekolah_id":"2C720110-6BDF-4C16-AD49-5E2D9DD37820","koordinat_valid":true,"validasi":"verified_official","sumber_data":"Kemendikdasmen - Sekolah Kita","sumber_koordinat":"Kemendikdasmen - Sekolah Kita API full-detail","tanggal_pengambilan":"2026-09-30"},"geometry":{"type":"Point","coordinates":[120.075888,-4.153875]}},{"type":"Feature","properties":{"npsn":"69751455","nama_sekolah":"RA/BA/TA AL-JANNAH YAYASAN ALUMNI 76 WAJO","bentuk_pendidikan":"RA","status_sekolah":"SWASTA","akreditasi":"B","alamat_jalan":"JL. DATUK ULAWENG TONRONG PALAGUNA","nama_dusun":null,"rt":null,"rw":null,"kecamatan":"Kec. Pammana","kabupaten":"Kab. Wajo","provinsi":"Prov. Sulawesi Selatan","kode_pos":null,"latitude":-4.172456,"longitude":120.046776,"nomor_telepon":null,"email":null,"website":null,"daya_listrik":null,"luas_tanah_milik":1107,"sumber_listrik":null,"akses_internet":null,"akses_internet_2":null,"waktu_penyelenggaraan":null,"semester_id":"20261","semester_keterangan":"2026/2027 Gasal","sekolah_id":"34FEFC94-1FD8-4A9D-B3F2-A34035D58930","koordinat_valid":true,"validasi":"verified_official","sumber_data":"Kemendikdasmen - Sekolah Kita","sumber_koordinat":"Kemendikdasmen - Sekolah Kita API full-detail","tanggal_pengambilan":"2026-09-30"},"geometry":{"type":"Point","coordinates":[120.046776,-4.172456]}},{"type":"Feature","properties":{"npsn":"69751456","nama_sekolah":"RA/BA/TA AS`ADIYAH NO. 1 KAMPIRI","bentuk_pendidikan":"RA","status_sekolah":"SWASTA","akreditasi":"C","alamat_jalan":"JL. H. A. PATIMBANGI KAMPIRI","nama_dusun":null,"rt":null,"rw":null,"kecamatan":"Kec. Pammana","kabupaten":"Kab. Wajo","provinsi":"Prov. Sulawesi Selatan","kode_pos":null,"latitude":-4.2183,"longitude":120.1224,"nomor_telepon":null,"email":null,"website":null,"daya_listrik":null,"luas_tanah_milik":0,"sumber_listrik":null,"akses_internet":null,"akses_internet_2":null,"waktu_penyelenggaraan":null,"semester_id":"20261","semester_keterangan":"2026/2027 Gasal","sekolah_id":"780C2E3D-CCE6-490F-8D6E-AED98D38DA14","koordinat_valid":true,"validasi":"verified_official","sumber_data":"Kemendikdasmen - Sekolah Kita","sumber_koordinat":"Kemendikdasmen - Sekolah Kita API full-detail","tanggal_pengambilan":"2026-09-30"},"geometry":{"type":"Point","coordinates":[120.1224,-4.2183]}},{"type":"Feature","properties":{"npsn":"69751454","nama_sekolah":"RA/BA/TA BA ULUGALUNG","bentuk_pendidikan":"RA","status_sekolah":"SWASTA","akreditasi":"B","alamat_jalan":"JL. BOSOWA TIMUR NO. 4","nama_dusun":null,"rt":null,"rw":null,"kecamatan":"Kec. Pammana","kabupaten":"Kab. Wajo","provinsi":"Prov. Sulawesi Selatan","kode_pos":null,"latitude":-4.180722,"longitude":120.039048,"nomor_telepon":null,"email":null,"website":null,"daya_listrik":null,"luas_tanah_milik":0,"sumber_listrik":null,"akses_internet":null,"akses_internet_2":null,"waktu_penyelenggaraan":null,"semester_id":"20261","semester_keterangan":"2026/2027 Gasal","sekolah_id":"F209EB22-438D-48F6-8862-F0D311A6F47A","koordinat_valid":true,"validasi":"verified_official","sumber_data":"Kemendikdasmen - Sekolah Kita","sumber_koordinat":"Kemendikdasmen - Sekolah Kita API full-detail","tanggal_pengambilan":"2026-09-30"},"geometry":{"type":"Point","coordinates":[120.039048,-4.180722]}},{"type":"Feature","properties":{"npsn":"69994832","nama_sekolah":"RA AL-MU`MINUN","bentuk_pendidikan":"RA","status_sekolah":"SWASTA","akreditasi":"A","alamat_jalan":"JL.POROS MAKASSAR-PALOPO","nama_dusun":null,"rt":null,"rw":null,"kecamatan":"Kec. Pitumpanua","kabupaten":"Kab. Wajo","provinsi":"Prov. Sulawesi Selatan","kode_pos":null,"latitude":-3.6743,"longitude":120.3982,"nomor_telepon":null,"email":null,"website":null,"daya_listrik":null,"luas_tanah_milik":0,"sumber_listrik":null,"akses_internet":null,"akses_internet_2":null,"waktu_penyelenggaraan":null,"semester_id":"20261","semester_keterangan":"2026/2027 Gasal","sekolah_id":"EA10B9EF-CB3C-4085-93D3-542D01D06D93","koordinat_valid":true,"validasi":"verified_official","sumber_data":"Kemendikdasmen - Sekolah Kita","sumber_koordinat":"Kemendikdasmen - Sekolah Kita API full-detail","tanggal_pengambilan":"2026-09-30"},"geometry":{"type":"Point","coordinates":[120.3982,-3.6743]}},{"type":"Feature","properties":{"npsn":"69751463","nama_sekolah":"RA Al Mubarak DDI Tobarakka","bentuk_pendidikan":"RA","status_sekolah":"SWASTA","akreditasi":"B","alamat_jalan":"TOBARAKKA","nama_dusun":null,"rt":null,"rw":null,"kecamatan":"Kec. Pitumpanua","kabupaten":"Kab. Wajo","provinsi":"Prov. Sulawesi Selatan","kode_pos":null,"latitude":-3.723886,"longitude":120.395894,"nomor_telepon":null,"email":null,"website":null,"daya_listrik":null,"luas_tanah_milik":0,"sumber_listrik":null,"akses_internet":null,"akses_internet_2":null,"waktu_penyelenggaraan":null,"semester_id":"20261","semester_keterangan":"2026/2027 Gasal","sekolah_id":"A62AEC4A-5F42-413A-A804-C21876D25DDD","koordinat_valid":true,"validasi":"verified_official","sumber_data":"Kemendikdasmen - Sekolah Kita","sumber_koordinat":"Kemendikdasmen - Sekolah Kita API full-detail","tanggal_pengambilan":"2026-09-30"},"geometry":{"type":"Point","coordinates":[120.395894,-3.723886]}},{"type":"Feature","properties":{"npsn":"69751459","nama_sekolah":"RA As`adiyah No. 10 Benteng","bentuk_pendidikan":"RA","status_sekolah":"SWASTA","akreditasi":"B","alamat_jalan":"BENTENG","nama_dusun":null,"rt":null,"rw":null,"kecamatan":"Kec. Pitumpanua","kabupaten":"Kab. Wajo","provinsi":"Prov. Sulawesi Selatan","kode_pos":null,"latitude":-3.95048,"longitude":120.387732,"nomor_telepon":null,"email":null,"website":null,"daya_listrik":null,"luas_tanah_milik":0,"sumber_listrik":null,"akses_internet":null,"akses_internet_2":null,"waktu_penyelenggaraan":null,"semester_id":"20261","semester_keterangan":"2026/2027 Gasal","sekolah_id":"5178FB4A-883C-4653-A2AC-7B8EEC5C7C20","koordinat_valid":true,"validasi":"verified_official","sumber_data":"Kemendikdasmen - Sekolah Kita","sumber_koordinat":"Kemendikdasmen - Sekolah Kita API full-detail","tanggal_pengambilan":"2026-09-30"},"geometry":{"type":"Point","coordinates":[120.387732,-3.95048]}},{"type":"Feature","properties":{"npsn":"69886032","nama_sekolah":"RA. AsAdiyah No 44 Addamareng","bentuk_pendidikan":"RA","status_sekolah":"SWASTA","akreditasi":"B","alamat_jalan":"Addamareng,Desa Marannu","nama_dusun":null,"rt":null,"rw":null,"kecamatan":"Kec. Pitumpanua","kabupaten":"Kab. Wajo","provinsi":"Prov. Sulawesi Selatan","kode_pos":null,"latitude":-3.670003,"longitude":120.366778,"nomor_telepon":null,"email":null,"website":null,"daya_listrik":null,"luas_tanah_milik":0,"sumber_listrik":null,"akses_internet":null,"akses_internet_2":null,"waktu_penyelenggaraan":null,"semester_id":"20261","semester_keterangan":"2026/2027 Gasal","sekolah_id":"81D1F390-31CB-422F-B941-3EF70C9247BF","koordinat_valid":true,"validasi":"verified_official","sumber_data":"Kemendikdasmen - Sekolah Kita","sumber_koordinat":"Kemendikdasmen - Sekolah Kita API full-detail","tanggal_pengambilan":"2026-09-30"},"geometry":{"type":"Point","coordinates":[120.366778,-3.670003]}},{"type":"Feature","properties":{"npsn":"69886031","nama_sekolah":"RA. Ddi Cappapadang","bentuk_pendidikan":"RA","status_sekolah":"SWASTA","akreditasi":"C","alamat_jalan":"Jl. Kemakmuran","nama_dusun":null,"rt":null,"rw":null,"kecamatan":"Kec. Pitumpanua","kabupaten":"Kab. Wajo","provinsi":"Prov. Sulawesi Selatan","kode_pos":null,"latitude":-3.700795,"longitude":120.420243,"nomor_telepon":null,"email":null,"website":null,"daya_listrik":null,"luas_tanah_milik":0,"sumber_listrik":null,"akses_internet":null,"akses_internet_2":null,"waktu_penyelenggaraan":null,"semester_id":"20261","semester_keterangan":"2026/2027 Gasal","sekolah_id":"D0B2D742-3248-4DC9-8054-3EDBD0DDEFED","koordinat_valid":true,"validasi":"verified_official","sumber_data":"Kemendikdasmen - Sekolah Kita","sumber_koordinat":"Kemendikdasmen - Sekolah Kita API full-detail","tanggal_pengambilan":"2026-09-30"},"geometry":{"type":"Point","coordinates":[120.420243,-3.700795]}},{"type":"Feature","properties":{"npsn":"69751458","nama_sekolah":"RA/BA/TA ALESILURUNG","bentuk_pendidikan":"RA","status_sekolah":"SWASTA","akreditasi":"B","alamat_jalan":"JL. POROS MAKASSAR-PALOPO","nama_dusun":null,"rt":null,"rw":null,"kecamatan":"Kec. Pitumpanua","kabupaten":"Kab. Wajo","provinsi":"Prov. Sulawesi Selatan","kode_pos":null,"latitude":-3.95042,"longitude":120.12042,"nomor_telepon":null,"email":null,"website":null,"daya_listrik":null,"luas_tanah_milik":0,"sumber_listrik":null,"akses_internet":null,"akses_internet_2":null,"waktu_penyelenggaraan":null,"semester_id":"20261","semester_keterangan":"2026/2027 Gasal","sekolah_id":"6B1B9755-207F-43A0-A03A-3CBC6449A0E9","koordinat_valid":true,"validasi":"verified_official","sumber_data":"Kemendikdasmen - Sekolah Kita","sumber_koordinat":"Kemendikdasmen - Sekolah Kita API full-detail","tanggal_pengambilan":"2026-09-30"},"geometry":{"type":"Point","coordinates":[120.12042,-3.95042]}},{"type":"Feature","properties":{"npsn":"69751460","nama_sekolah":"RA/BA/TA AS ADIYAH NO. 36 ALELEBBAE","bentuk_pendidikan":"RA","status_sekolah":"SWASTA","akreditasi":"B","alamat_jalan":"ALELEBBAE","nama_dusun":null,"rt":null,"rw":null,"kecamatan":"Kec. Pitumpanua","kabupaten":"Kab. Wajo","provinsi":"Prov. Sulawesi Selatan","kode_pos":null,"latitude":-3.693223,"longitude":120.399335,"nomor_telepon":null,"email":null,"website":null,"daya_listrik":null,"luas_tanah_milik":0,"sumber_listrik":null,"akses_internet":null,"akses_internet_2":null,"waktu_penyelenggaraan":null,"semester_id":"20261","semester_keterangan":"2026/2027 Gasal","sekolah_id":"9BB398BE-3CA8-4963-AD85-FE52002F9326","koordinat_valid":true,"validasi":"verified_official","sumber_data":"Kemendikdasmen - Sekolah Kita","sumber_koordinat":"Kemendikdasmen - Sekolah Kita API full-detail","tanggal_pengambilan":"2026-09-30"},"geometry":{"type":"Point","coordinates":[120.399335,-3.693223]}},{"type":"Feature","properties":{"npsn":"69751461","nama_sekolah":"RA/BA/TA DDI ADING","bentuk_pendidikan":"RA","status_sekolah":"SWASTA","akreditasi":"B","alamat_jalan":"LINGK. ADING","nama_dusun":null,"rt":null,"rw":null,"kecamatan":"Kec. Pitumpanua","kabupaten":"Kab. Wajo","provinsi":"Prov. Sulawesi Selatan","kode_pos":null,"latitude":-3.750523,"longitude":120.392777,"nomor_telepon":null,"email":null,"website":null,"daya_listrik":null,"luas_tanah_milik":0,"sumber_listrik":null,"akses_internet":null,"akses_internet_2":null,"waktu_penyelenggaraan":null,"semester_id":"20261","semester_keterangan":"2026/2027 Gasal","sekolah_id":"1E44412D-EB19-4FAF-8DD9-4F02CDEF8AB3","koordinat_valid":true,"validasi":"verified_official","sumber_data":"Kemendikdasmen - Sekolah Kita","sumber_koordinat":"Kemendikdasmen - Sekolah Kita API full-detail","tanggal_pengambilan":"2026-09-30"},"geometry":{"type":"Point","coordinates":[120.392777,-3.750523]}},{"type":"Feature","properties":{"npsn":"69751464","nama_sekolah":"RA/BA/TA DHARMA TAQWA TELLESANG","bentuk_pendidikan":"RA","status_sekolah":"SWASTA","akreditasi":"B","alamat_jalan":"jl. Jawa","nama_dusun":null,"rt":null,"rw":null,"kecamatan":"Kec. Pitumpanua","kabupaten":"Kab. Wajo","provinsi":"Prov. Sulawesi Selatan","kode_pos":null,"latitude":-3.691853,"longitude":120.273936,"nomor_telepon":null,"email":null,"website":null,"daya_listrik":null,"luas_tanah_milik":0,"sumber_listrik":null,"akses_internet":null,"akses_internet_2":null,"waktu_penyelenggaraan":null,"semester_id":"20261","semester_keterangan":"2026/2027 Gasal","sekolah_id":"58F34B66-5796-4693-B896-986B5FC0229F","koordinat_valid":true,"validasi":"verified_official","sumber_data":"Kemendikdasmen - Sekolah Kita","sumber_koordinat":"Kemendikdasmen - Sekolah Kita API full-detail","tanggal_pengambilan":"2026-09-30"},"geometry":{"type":"Point","coordinates":[120.273936,-3.691853]}},{"type":"Feature","properties":{"npsn":"69751465","nama_sekolah":"RA/BA/TA MATTIROWALIE","bentuk_pendidikan":"RA","status_sekolah":"SWASTA","akreditasi":"B","alamat_jalan":"Jln. Mattirowalie Desa Batu Kec. Pitumpanua Kab. Wajo Provinsi Sulawesi Selatan","nama_dusun":null,"rt":null,"rw":null,"kecamatan":"Kec. Pitumpanua","kabupaten":"Kab. Wajo","provinsi":"Prov. Sulawesi Selatan","kode_pos":null,"latitude":-3.696535,"longitude":120.404198,"nomor_telepon":null,"email":null,"website":null,"daya_listrik":null,"luas_tanah_milik":0,"sumber_listrik":null,"akses_internet":null,"akses_internet_2":null,"waktu_penyelenggaraan":null,"semester_id":"20261","semester_keterangan":"2026/2027 Gasal","sekolah_id":"72AAABB2-879F-4200-8F75-D46B5A32AC0C","koordinat_valid":true,"validasi":"verified_official","sumber_data":"Kemendikdasmen - Sekolah Kita","sumber_koordinat":"Kemendikdasmen - Sekolah Kita API full-detail","tanggal_pengambilan":"2026-09-30"},"geometry":{"type":"Point","coordinates":[120.404198,-3.696535]}},{"type":"Feature","properties":{"npsn":"69751462","nama_sekolah":"RAODHATUL  ATHFAL DDI KALUKU","bentuk_pendidikan":"RA","status_sekolah":"SWASTA","akreditasi":"A","alamat_jalan":"KALUKU","nama_dusun":null,"rt":null,"rw":null,"kecamatan":"Kec. Pitumpanua","kabupaten":"Kab. Wajo","provinsi":"Prov. Sulawesi Selatan","kode_pos":null,"latitude":-3.756841,"longitude":120.361211,"nomor_telepon":null,"email":null,"website":null,"daya_listrik":null,"luas_tanah_milik":0,"sumber_listrik":null,"akses_internet":null,"akses_internet_2":null,"waktu_penyelenggaraan":null,"semester_id":"20261","semester_keterangan":"2026/2027 Gasal","sekolah_id":"4401EF58-207E-47FF-B574-11CE776EA0DA","koordinat_valid":true,"validasi":"verified_official","sumber_data":"Kemendikdasmen - Sekolah Kita","sumber_koordinat":"Kemendikdasmen - Sekolah Kita API full-detail","tanggal_pengambilan":"2026-09-30"},"geometry":{"type":"Point","coordinates":[120.361211,-3.756841]}},{"type":"Feature","properties":{"npsn":"69865504","nama_sekolah":"RA As adiyah No. 20 Peneki","bentuk_pendidikan":"RA","status_sekolah":"SWASTA","akreditasi":"A","alamat_jalan":"Jl. KH. Badawi No. 2B Peneki","nama_dusun":null,"rt":null,"rw":null,"kecamatan":"Kec. Takkalala","kabupaten":"Kab. Wajo","provinsi":"Prov. Sulawesi Selatan","kode_pos":null,"latitude":-4.1485,"longitude":120.2721,"nomor_telepon":null,"email":null,"website":null,"daya_listrik":null,"luas_tanah_milik":0,"sumber_listrik":null,"akses_internet":null,"akses_internet_2":null,"waktu_penyelenggaraan":null,"semester_id":"20261","semester_keterangan":"2026/2027 Gasal","sekolah_id":"EF994651-B18E-43B1-974C-2ACB8C9C7345","koordinat_valid":true,"validasi":"verified_official","sumber_data":"Kemendikdasmen - Sekolah Kita","sumber_koordinat":"Kemendikdasmen - Sekolah Kita API full-detail","tanggal_pengambilan":"2026-09-30"},"geometry":{"type":"Point","coordinates":[120.2721,-4.1485]}},{"type":"Feature","properties":{"npsn":"69888153","nama_sekolah":"RA. As`adiyah No. 25 Pasabaru","bentuk_pendidikan":"RA","status_sekolah":"SWASTA","akreditasi":"B","alamat_jalan":"Pasabaru Jl. Palippu Tancung","nama_dusun":null,"rt":null,"rw":null,"kecamatan":"Kec. Tanasitolo","kabupaten":"Kab. Wajo","provinsi":"Prov. Sulawesi Selatan","kode_pos":null,"latitude":-4.061528,"longitude":120.07258,"nomor_telepon":null,"email":null,"website":null,"daya_listrik":null,"luas_tanah_milik":0,"sumber_listrik":null,"akses_internet":null,"akses_internet_2":null,"waktu_penyelenggaraan":null,"semester_id":"20261","semester_keterangan":"2026/2027 Gasal","sekolah_id":"06FC13E6-5A3D-4E84-8438-8B7DE564017D","koordinat_valid":true,"validasi":"verified_official","sumber_data":"Kemendikdasmen - Sekolah Kita","sumber_koordinat":"Kemendikdasmen - Sekolah Kita API full-detail","tanggal_pengambilan":"2026-09-30"},"geometry":{"type":"Point","coordinates":[120.07258,-4.061528]}},{"type":"Feature","properties":{"npsn":"69751466","nama_sekolah":"RA/BA/TA AS`ADIYAH NO. 40 PALIPPU","bentuk_pendidikan":"RA","status_sekolah":"SWASTA","akreditasi":"B","alamat_jalan":"JL. MESJID JAMI AL-WUSTHA PALIPPU","nama_dusun":null,"rt":null,"rw":null,"kecamatan":"Kec. Tanasitolo","kabupaten":"Kab. Wajo","provinsi":"Prov. Sulawesi Selatan","kode_pos":null,"latitude":-4.056131,"longitude":120.053942,"nomor_telepon":null,"email":null,"website":null,"daya_listrik":null,"luas_tanah_milik":0,"sumber_listrik":null,"akses_internet":null,"akses_internet_2":null,"waktu_penyelenggaraan":null,"semester_id":"20261","semester_keterangan":"2026/2027 Gasal","sekolah_id":"55B9B35E-31BD-4D9B-86A9-F5040C8EDB04","koordinat_valid":true,"validasi":"verified_official","sumber_data":"Kemendikdasmen - Sekolah Kita","sumber_koordinat":"Kemendikdasmen - Sekolah Kita API full-detail","tanggal_pengambilan":"2026-09-30"},"geometry":{"type":"Point","coordinates":[120.053942,-4.056131]}},{"type":"Feature","properties":{"npsn":"69751467","nama_sekolah":"RA/BA/TA AL-IKHLAS DARMA WANITA KEMENAG WAJO","bentuk_pendidikan":"RA","status_sekolah":"SWASTA","akreditasi":"B","alamat_jalan":"JL. SEROJA NO.252 SENGKANG","nama_dusun":null,"rt":null,"rw":null,"kecamatan":"Kec. Tempe","kabupaten":"Kab. Wajo","provinsi":"Prov. Sulawesi Selatan","kode_pos":null,"latitude":-4.126023,"longitude":120.034529,"nomor_telepon":null,"email":null,"website":null,"daya_listrik":null,"luas_tanah_milik":0,"sumber_listrik":null,"akses_internet":null,"akses_internet_2":null,"waktu_penyelenggaraan":null,"semester_id":"20261","semester_keterangan":"2026/2027 Gasal","sekolah_id":"3F837243-A6F6-4AE5-AB45-E1FCD3A55195","koordinat_valid":true,"validasi":"verified_official","sumber_data":"Kemendikdasmen - Sekolah Kita","sumber_koordinat":"Kemendikdasmen - Sekolah Kita API full-detail","tanggal_pengambilan":"2026-09-30"},"geometry":{"type":"Point","coordinates":[120.034529,-4.126023]}},{"type":"Feature","properties":{"npsn":"69751468","nama_sekolah":"RA/BA/TA AS ADIYAH NO. 1 SENGKANG","bentuk_pendidikan":"RA","status_sekolah":"SWASTA","akreditasi":"A","alamat_jalan":"JL. SUNGAI BULETE No.17 SENGKANG","nama_dusun":null,"rt":null,"rw":null,"kecamatan":"Kec. Tempe","kabupaten":"Kab. Wajo","provinsi":"Prov. Sulawesi Selatan","kode_pos":null,"latitude":-4.138324,"longitude":120.030445,"nomor_telepon":null,"email":null,"website":null,"daya_listrik":null,"luas_tanah_milik":0,"sumber_listrik":null,"akses_internet":null,"akses_internet_2":null,"waktu_penyelenggaraan":null,"semester_id":"20261","semester_keterangan":"2026/2027 Gasal","sekolah_id":"C32B1D23-75CC-4149-B346-3C06AB3B2B58","koordinat_valid":true,"validasi":"verified_official","sumber_data":"Kemendikdasmen - Sekolah Kita","sumber_koordinat":"Kemendikdasmen - Sekolah Kita API full-detail","tanggal_pengambilan":"2026-09-30"},"geometry":{"type":"Point","coordinates":[120.030445,-4.138324]}},{"type":"Feature","properties":{"npsn":"69751469","nama_sekolah":"RA/BA/TA AS ADIYAH NO. 15 TAMPANGENG","bentuk_pendidikan":"RA","status_sekolah":"SWASTA","akreditasi":"A","alamat_jalan":"TAMPANGENG","nama_dusun":null,"rt":null,"rw":null,"kecamatan":"Kec. Tempe","kabupaten":"Kab. Wajo","provinsi":"Prov. Sulawesi Selatan","kode_pos":null,"latitude":-4.15736,"longitude":120.038742,"nomor_telepon":null,"email":null,"website":null,"daya_listrik":null,"luas_tanah_milik":0,"sumber_listrik":null,"akses_internet":null,"akses_internet_2":null,"waktu_penyelenggaraan":null,"semester_id":"20261","semester_keterangan":"2026/2027 Gasal","sekolah_id":"FCBE36EB-A11A-4203-964A-961B8DA52C78","koordinat_valid":true,"validasi":"verified_official","sumber_data":"Kemendikdasmen - Sekolah Kita","sumber_koordinat":"Kemendikdasmen - Sekolah Kita API full-detail","tanggal_pengambilan":"2026-09-30"},"geometry":{"type":"Point","coordinates":[120.038742,-4.15736]}},{"type":"Feature","properties":{"npsn":"69751470","nama_sekolah":"RA/BA/TA AS ADIYAH NO. 16 SURAE","bentuk_pendidikan":"RA","status_sekolah":"SWASTA","akreditasi":"B","alamat_jalan":"JL. SULTAN HASANUDDIN","nama_dusun":null,"rt":null,"rw":null,"kecamatan":"Kec. Tempe","kabupaten":"Kab. Wajo","provinsi":"Prov. Sulawesi Selatan","kode_pos":null,"latitude":-4.157119,"longitude":120.035304,"nomor_telepon":null,"email":null,"website":null,"daya_listrik":null,"luas_tanah_milik":0,"sumber_listrik":null,"akses_internet":null,"akses_internet_2":null,"waktu_penyelenggaraan":null,"semester_id":"20261","semester_keterangan":"2026/2027 Gasal","sekolah_id":"57E8C9FC-8B24-407C-80F6-B88CE234115A","koordinat_valid":true,"validasi":"verified_official","sumber_data":"Kemendikdasmen - Sekolah Kita","sumber_koordinat":"Kemendikdasmen - Sekolah Kita API full-detail","tanggal_pengambilan":"2026-09-30"},"geometry":{"type":"Point","coordinates":[120.035304,-4.157119]}},{"type":"Feature","properties":{"npsn":"69751471","nama_sekolah":"RA/BA/TA AS ADIYAH NO. 2 SENGKANG","bentuk_pendidikan":"RA","status_sekolah":"SWASTA","akreditasi":"B","alamat_jalan":"JL. VETERAN NO. 46 SENGKANG","nama_dusun":null,"rt":null,"rw":null,"kecamatan":"Kec. Tempe","kabupaten":"Kab. Wajo","provinsi":"Prov. Sulawesi Selatan","kode_pos":null,"latitude":-4.1273,"longitude":120.0324,"nomor_telepon":null,"email":null,"website":null,"daya_listrik":null,"luas_tanah_milik":0,"sumber_listrik":null,"akses_internet":null,"akses_internet_2":null,"waktu_penyelenggaraan":null,"semester_id":"20261","semester_keterangan":"2026/2027 Gasal","sekolah_id":"A139E61F-75D8-4A9D-B4CF-85F68B552DB3","koordinat_valid":true,"validasi":"verified_official","sumber_data":"Kemendikdasmen - Sekolah Kita","sumber_koordinat":"Kemendikdasmen - Sekolah Kita API full-detail","tanggal_pengambilan":"2026-09-30"},"geometry":{"type":"Point","coordinates":[120.0324,-4.1273]}},{"type":"Feature","properties":{"npsn":"40303278","nama_sekolah":"SD MUHAMMADIYAH BELAWA","bentuk_pendidikan":"SD","status_sekolah":"SWASTA","akreditasi":"B","alamat_jalan":"Jl. Datu Sulolipu No. 36 Belawa","nama_dusun":"MENGE","rt":0.0,"rw":0.0,"kecamatan":"Kec. Belawa","kabupaten":"Kab. Wajo","provinsi":"Prov. Sulawesi Selatan","kode_pos":"90953","latitude":-4.0003,"longitude":119.9329,"nomor_telepon":"0","email":"sdsmuhammadiyahbelawa@gmail.com","website":"http://","daya_listrik":900.0,"luas_tanah_milik":90540,"sumber_listrik":"PLN","akses_internet":"Wireless","akses_internet_2":"Broadband","waktu_penyelenggaraan":"Pagi/6 hari","semester_id":"20261","semester_keterangan":"2026/2027 Gasal","sekolah_id":"8063E6BE-0D26-E111-BDBD-237C99771F34","koordinat_valid":true,"validasi":"verified_official","sumber_data":"Kemendikdasmen - Sekolah Kita","sumber_koordinat":"Kemendikdasmen - Sekolah Kita API full-detail","tanggal_pengambilan":"2026-09-30"},"geometry":{"type":"Point","coordinates":[119.9329,-4.0003]}},{"type":"Feature","properties":{"npsn":"40303172","nama_sekolah":"SDS AISYIYAH BELAWA","bentuk_pendidikan":"SD","status_sekolah":"SWASTA","akreditasi":"B","alamat_jalan":"Jl. H Datu Sulolipu Menge","nama_dusun":null,"rt":0.0,"rw":0.0,"kecamatan":"Kec. Belawa","kabupaten":"Kab. Wajo","provinsi":"Prov. Sulawesi Selatan","kode_pos":"90953","latitude":-4.0006,"longitude":119.9326,"nomor_telepon":null,"email":"ssdaisyiyahbelawa@yahoo.com","website":"http://","daya_listrik":450.0,"luas_tanah_milik":1680,"sumber_listrik":"PLN","akses_internet":"Seluler","akses_internet_2":"Shared","waktu_penyelenggaraan":"Pagi/5 hari","semester_id":"20261","semester_keterangan":"2026/2027 Gasal","sekolah_id":"7092E6BE-0D26-E111-B8E5-9F71208971E8","koordinat_valid":true,"validasi":"verified_official","sumber_data":"Kemendikdasmen - Sekolah Kita","sumber_koordinat":"Kemendikdasmen - Sekolah Kita API full-detail","tanggal_pengambilan":"2026-09-30"},"geometry":{"type":"Point","coordinates":[119.9326,-4.0006]}},{"type":"Feature","properties":{"npsn":"40303529","nama_sekolah":"UPTD SDN 203 LEPPANGENG","bentuk_pendidikan":"SD","status_sekolah":"NEGERI","akreditasi":"B","alamat_jalan":"Jl.benteng No.1 Wattang","nama_dusun":"WATTANG","rt":0.0,"rw":0.0,"kecamatan":"Kec. Belawa","kabupaten":"Kab. Wajo","provinsi":"Prov. Sulawesi Selatan","kode_pos":"90953","latitude":-4.0021,"longitude":119.926,"nomor_telepon":null,"email":"Sdn203leppangeng@ymail.com","website":"http://","daya_listrik":900.0,"luas_tanah_milik":2560,"sumber_listrik":"PLN","akses_internet":"Seluler","akses_internet_2":"Broadband","waktu_penyelenggaraan":"Pagi/5 hari","semester_id":"20261","semester_keterangan":"2026/2027 Gasal","sekolah_id":"40B89DBC-0D26-E111-B65E-DFCF2DC2313F","koordinat_valid":true,"validasi":"verified_official","sumber_data":"Kemendikdasmen - Sekolah Kita","sumber_koordinat":"Kemendikdasmen - Sekolah Kita API full-detail","tanggal_pengambilan":"2026-09-30"},"geometry":{"type":"Point","coordinates":[119.926,-4.0021]}},{"type":"Feature","properties":{"npsn":"40303439","nama_sekolah":"UPTD SDN 219 MACERO","bentuk_pendidikan":"SD","status_sekolah":"NEGERI","akreditasi":"B","alamat_jalan":"Jl. Malakke No. 18 Macero","nama_dusun":"Macero","rt":0.0,"rw":0.0,"kecamatan":"Kec. Belawa","kabupaten":"Kab. Wajo","provinsi":"Prov. Sulawesi Selatan","kode_pos":"90953","latitude":-3.9955,"longitude":119.9386,"nomor_telepon":"0","email":"sdn219macero@gmail.com","website":"http://","daya_listrik":900.0,"luas_tanah_milik":4928,"sumber_listrik":"PLN","akses_internet":"Seluler","akses_internet_2":"Shared","waktu_penyelenggaraan":"Pagi/5 hari","semester_id":"20261","semester_keterangan":"2026/2027 Gasal","sekolah_id":"60E69DBC-0D26-E111-BC5C-4B2D8F77BA69","koordinat_valid":true,"validasi":"verified_official","sumber_data":"Kemendikdasmen - Sekolah Kita","sumber_koordinat":"Kemendikdasmen - Sekolah Kita API full-detail","tanggal_pengambilan":"2026-09-30"},"geometry":{"type":"Point","coordinates":[119.9386,-3.9955]}},{"type":"Feature","properties":{"npsn":"40303440","nama_sekolah":"UPTD SDN 220 SAPPA","bentuk_pendidikan":"SD","status_sekolah":"NEGERI","akreditasi":"B","alamat_jalan":"Jl. Wele No. 11 Lonra","nama_dusun":"Lonra","rt":2.0,"rw":2.0,"kecamatan":"Kec. Belawa","kabupaten":"Kab. Wajo","provinsi":"Prov. Sulawesi Selatan","kode_pos":"90953","latitude":-3.9563,"longitude":119.9684,"nomor_telepon":null,"email":"h.syamsuddinl_s@yahoo.com","website":"http://","daya_listrik":900.0,"luas_tanah_milik":3570,"sumber_listrik":"PLN","akses_internet":"Seluler","akses_internet_2":"Shared","waktu_penyelenggaraan":"Pagi/5 hari","semester_id":"20261","semester_keterangan":"2026/2027 Gasal","sekolah_id":"000F9EBC-0D26-E111-839E-D5BF9E92831C","koordinat_valid":true,"validasi":"verified_official","sumber_data":"Kemendikdasmen - Sekolah Kita","sumber_koordinat":"Kemendikdasmen - Sekolah Kita API full-detail","tanggal_pengambilan":"2026-09-30"},"geometry":{"type":"Point","coordinates":[119.9684,-3.9563]}},{"type":"Feature","properties":{"npsn":"40303427","nama_sekolah":"UPTD SDN 239 LIMPORILAU","bentuk_pendidikan":"SD","status_sekolah":"NEGERI","akreditasi":"B","alamat_jalan":"Jl. Tancung Purai Timoreng","nama_dusun":"Timoreng","rt":0.0,"rw":0.0,"kecamatan":"Kec. Belawa","kabupaten":"Kab. Wajo","provinsi":"Prov. Sulawesi Selatan","kode_pos":"90953","latitude":-4.0163,"longitude":119.9384,"nomor_telepon":"081355575581","email":"sdn239limporilau@yahoo.com","website":"http://","daya_listrik":450.0,"luas_tanah_milik":2293,"sumber_listrik":"PLN","akses_internet":"Seluler","akses_internet_2":"Broadband","waktu_penyelenggaraan":"Pagi/5 hari","semester_id":"20261","semester_keterangan":"2026/2027 Gasal","sekolah_id":"403C9EBC-0D26-E111-9DB4-3BD45262E1E3","koordinat_valid":true,"validasi":"verified_official","sumber_data":"Kemendikdasmen - Sekolah Kita","sumber_koordinat":"Kemendikdasmen - Sekolah Kita API full-detail","tanggal_pengambilan":"2026-09-30"},"geometry":{"type":"Point","coordinates":[119.9384,-4.0163]}},{"type":"Feature","properties":{"npsn":"40303429","nama_sekolah":"UPTD SDN 240 ONGKOE","bentuk_pendidikan":"SD","status_sekolah":"NEGERI","akreditasi":"B","alamat_jalan":"Jl. Sappa No. 2","nama_dusun":"Ongkoe","rt":0.0,"rw":0.0,"kecamatan":"Kec. Belawa","kabupaten":"Kab. Wajo","provinsi":"Prov. Sulawesi Selatan","kode_pos":"90953","latitude":-3.9547,"longitude":119.9414,"nomor_telepon":"082344059947","email":"uptdsdn240ongkoe@gmail.com","website":"http://","daya_listrik":900.0,"luas_tanah_milik":4800,"sumber_listrik":"PLN","akses_internet":"Seluler","akses_internet_2":"Broadband","waktu_penyelenggaraan":"Pagi/5 hari","semester_id":"20261","semester_keterangan":"2026/2027 Gasal","sekolah_id":"E0699EBC-0D26-E111-9029-1916A33F275D","koordinat_valid":true,"validasi":"verified_official","sumber_data":"Kemendikdasmen - Sekolah Kita","sumber_koordinat":"Kemendikdasmen - Sekolah Kita API full-detail","tanggal_pengambilan":"2026-09-30"},"geometry":{"type":"Point","coordinates":[119.9414,-3.9547]}},{"type":"Feature","properties":{"npsn":"40303099","nama_sekolah":"UPTD SDN 278 BELAWA","bentuk_pendidikan":"SD","status_sekolah":"NEGERI","akreditasi":"A","alamat_jalan":"Jl.datu Patongai  No. 29 B Menge","nama_dusun":"MENGE","rt":0.0,"rw":0.0,"kecamatan":"Kec. Belawa","kabupaten":"Kab. Wajo","provinsi":"Prov. Sulawesi Selatan","kode_pos":"90953","latitude":-4.0054,"longitude":119.9337,"nomor_telepon":"081241281637","email":"sdn278belawamenge@gmail.com","website":"http://","daya_listrik":900.0,"luas_tanah_milik":2556,"sumber_listrik":"PLN","akses_internet":"Seluler","akses_internet_2":"Broadband","waktu_penyelenggaraan":"Pagi/5 hari","semester_id":"20261","semester_keterangan":"2026/2027 Gasal","sekolah_id":"E08F9EBC-0D26-E111-B372-C54D0F2C7836","koordinat_valid":true,"validasi":"verified_official","sumber_data":"Kemendikdasmen - Sekolah Kita","sumber_koordinat":"Kemendikdasmen - Sekolah Kita API full-detail","tanggal_pengambilan":"2026-09-30"},"geometry":{"type":"Point","coordinates":[119.9337,-4.0054]}},{"type":"Feature","properties":{"npsn":"40303100","nama_sekolah":"UPTD SDN 279 MALAKKE","bentuk_pendidikan":"SD","status_sekolah":"NEGERI","akreditasi":"B","alamat_jalan":"Jln. Malakke","nama_dusun":null,"rt":0.0,"rw":0.0,"kecamatan":"Kec. Belawa","kabupaten":"Kab. Wajo","provinsi":"Prov. Sulawesi Selatan","kode_pos":"90953","latitude":-3.9805,"longitude":119.9461,"nomor_telepon":"081241011433","email":"sdn279malakke1@gmail.com","website":"http://","daya_listrik":900.0,"luas_tanah_milik":2160,"sumber_listrik":"PLN","akses_internet":"Seluler","akses_internet_2":"Shared","waktu_penyelenggaraan":"Pagi/5 hari","semester_id":"20261","semester_keterangan":"2026/2027 Gasal","sekolah_id":"20B39EBC-0D26-E111-B3F5-47C6F962BADF","koordinat_valid":true,"validasi":"verified_official","sumber_data":"Kemendikdasmen - Sekolah Kita","sumber_koordinat":"Kemendikdasmen - Sekolah Kita API full-detail","tanggal_pengambilan":"2026-09-30"},"geometry":{"type":"Point","coordinates":[119.9461,-3.9805]}},{"type":"Feature","properties":{"npsn":"40303102","nama_sekolah":"UPTD SDN 280 ONGKOE","bentuk_pendidikan":"SD","status_sekolah":"NEGERI","akreditasi":"B","alamat_jalan":"JALAN KEMAKMURAN NO. 26 ONGKOE","nama_dusun":"ONGKO","rt":0.0,"rw":0.0,"kecamatan":"Kec. Belawa","kabupaten":"Kab. Wajo","provinsi":"Prov. Sulawesi Selatan","kode_pos":"90953","latitude":-3.9561,"longitude":119.9402,"nomor_telepon":"085216770248","email":"sdnegeri280ongkoe@gmail.com","website":"http://","daya_listrik":1300.0,"luas_tanah_milik":2990,"sumber_listrik":"PLN","akses_internet":"Fibre Optic","akses_internet_2":"Dedicated","waktu_penyelenggaraan":"Pagi/5 hari","semester_id":"20261","semester_keterangan":"2026/2027 Gasal","sekolah_id":"50DD9EBC-0D26-E111-8067-17E6DA2E19CF","koordinat_valid":true,"validasi":"verified_official","sumber_data":"Kemendikdasmen - Sekolah Kita","sumber_koordinat":"Kemendikdasmen - Sekolah Kita API full-detail","tanggal_pengambilan":"2026-09-30"},"geometry":{"type":"Point","coordinates":[119.9402,-3.9561]}},{"type":"Feature","properties":{"npsn":"40303103","nama_sekolah":"UPTD SDN 282 LEPPANGENG","bentuk_pendidikan":"SD","status_sekolah":"NEGERI","akreditasi":"B","alamat_jalan":"Wattang","nama_dusun":"Wattang","rt":0.0,"rw":0.0,"kecamatan":"Kec. Belawa","kabupaten":"Kab. Wajo","provinsi":"Prov. Sulawesi Selatan","kode_pos":"90953","latitude":-4.0072,"longitude":119.9167,"nomor_telepon":null,"email":"sdn282leppangeng@gmail.com","website":"http://","daya_listrik":450.0,"luas_tanah_milik":912,"sumber_listrik":"PLN","akses_internet":"Wireless","akses_internet_2":"Shared","waktu_penyelenggaraan":"Pagi/5 hari","semester_id":"20261","semester_keterangan":"2026/2027 Gasal","sekolah_id":"20189FBC-0D26-E111-ABA2-EB19C35F20BD","koordinat_valid":true,"validasi":"verified_official","sumber_data":"Kemendikdasmen - Sekolah Kita","sumber_koordinat":"Kemendikdasmen - Sekolah Kita API full-detail","tanggal_pengambilan":"2026-09-30"},"geometry":{"type":"Point","coordinates":[119.9167,-4.0072]}},{"type":"Feature","properties":{"npsn":"40303104","nama_sekolah":"UPTD SDN 283 LAUTANG","bentuk_pendidikan":"SD","status_sekolah":"NEGERI","akreditasi":"B","alamat_jalan":"Jl. Lautang","nama_dusun":"Abbanuang","rt":3.0,"rw":1.0,"kecamatan":"Kec. Belawa","kabupaten":"Kab. Wajo","provinsi":"Prov. Sulawesi Selatan","kode_pos":"90953","latitude":-4.0303,"longitude":119.9234,"nomor_telepon":"081340190632","email":"sdn283lautang@gmail.com","website":"http://","daya_listrik":900.0,"luas_tanah_milik":2145,"sumber_listrik":"PLN","akses_internet":"Fibre Optic","akses_internet_2":"Shared","waktu_penyelenggaraan":"Pagi/5 hari","semester_id":"20261","semester_keterangan":"2026/2027 Gasal","sekolah_id":"80529FBC-0D26-E111-A07F-31A4DA00E4F4","koordinat_valid":true,"validasi":"verified_official","sumber_data":"Kemendikdasmen - Sekolah Kita","sumber_koordinat":"Kemendikdasmen - Sekolah Kita API full-detail","tanggal_pengambilan":"2026-09-30"},"geometry":{"type":"Point","coordinates":[119.9234,-4.0303]}},{"type":"Feature","properties":{"npsn":"40303105","nama_sekolah":"UPTD SDN 284 SAPPA","bentuk_pendidikan":"SD","status_sekolah":"NEGERI","akreditasi":"B","alamat_jalan":"Sappa","nama_dusun":"Tippulu","rt":0.0,"rw":0.0,"kecamatan":"Kec. Belawa","kabupaten":"Kab. Wajo","provinsi":"Prov. Sulawesi Selatan","kode_pos":"90953","latitude":-3.9667,"longitude":119.9569,"nomor_telepon":"085242633681","email":"sdn284sappa@yahoo.com","website":"http://www.sdn284sappa.net","daya_listrik":900.0,"luas_tanah_milik":4500,"sumber_listrik":"PLN","akses_internet":"Seluler","akses_internet_2":"Shared","waktu_penyelenggaraan":"Pagi/5 hari","semester_id":"20261","semester_keterangan":"2026/2027 Gasal","sekolah_id":"808C9FBC-0D26-E111-85AA-B17D82890FBB","koordinat_valid":true,"validasi":"verified_official","sumber_data":"Kemendikdasmen - Sekolah Kita","sumber_koordinat":"Kemendikdasmen - Sekolah Kita API full-detail","tanggal_pengambilan":"2026-09-30"},"geometry":{"type":"Point","coordinates":[119.9569,-3.9667]}},{"type":"Feature","properties":{"npsn":"40303126","nama_sekolah":"UPTD SDN 335 WELE","bentuk_pendidikan":"SD","status_sekolah":"NEGERI","akreditasi":"B","alamat_jalan":"Wele","nama_dusun":"Wele","rt":0.0,"rw":0.0,"kecamatan":"Kec. Belawa","kabupaten":"Kab. Wajo","provinsi":"Prov. Sulawesi Selatan","kode_pos":"90953","latitude":-3.9444,"longitude":119.9954,"nomor_telepon":null,"email":"sdn335wele@gmail.com","website":"http://","daya_listrik":1300.0,"luas_tanah_milik":6732,"sumber_listrik":"PLN","akses_internet":"Wireless","akses_internet_2":"Broadband","waktu_penyelenggaraan":"Pagi/5 hari","semester_id":"20261","semester_keterangan":"2026/2027 Gasal","sekolah_id":"C0C69FBC-0D26-E111-9912-CB08D429A6B0","koordinat_valid":true,"validasi":"verified_official","sumber_data":"Kemendikdasmen - Sekolah Kita","sumber_koordinat":"Kemendikdasmen - Sekolah Kita API full-detail","tanggal_pengambilan":"2026-09-30"},"geometry":{"type":"Point","coordinates":[119.9954,-3.9444]}},{"type":"Feature","properties":{"npsn":"40303069","nama_sekolah":"UPTD SDN 378 WELE","bentuk_pendidikan":"SD","status_sekolah":"NEGERI","akreditasi":"B","alamat_jalan":"Cebbia","nama_dusun":"CEBBIA","rt":0.0,"rw":0.0,"kecamatan":"Kec. Belawa","kabupaten":"Kab. Wajo","provinsi":"Prov. Sulawesi Selatan","kode_pos":"90953","latitude":-3.9581,"longitude":120.0175,"nomor_telepon":"0","email":"sdn378wele1@gmail.com","website":"http://","daya_listrik":900.0,"luas_tanah_milik":1280,"sumber_listrik":"PLN","akses_internet":"Seluler","akses_internet_2":"Broadband","waktu_penyelenggaraan":"Pagi/5 hari","semester_id":"20261","semester_keterangan":"2026/2027 Gasal","sekolah_id":"90FB9FBC-0D26-E111-8BE6-05D61B5E2424","koordinat_valid":true,"validasi":"verified_official","sumber_data":"Kemendikdasmen - Sekolah Kita","sumber_koordinat":"Kemendikdasmen - Sekolah Kita API full-detail","tanggal_pengambilan":"2026-09-30"},"geometry":{"type":"Point","coordinates":[120.0175,-3.9581]}},{"type":"Feature","properties":{"npsn":"40303070","nama_sekolah":"UPTD SDN 379 MALAKKE","bentuk_pendidikan":"SD","status_sekolah":"NEGERI","akreditasi":"C","alamat_jalan":"Malakke","nama_dusun":"laikki","rt":1.0,"rw":1.0,"kecamatan":"Kec. Belawa","kabupaten":"Kab. Wajo","provinsi":"Prov. Sulawesi Selatan","kode_pos":"90953","latitude":-3.9936,"longitude":119.9864,"nomor_telepon":null,"email":"sdn379malakke@gmail.com","website":"http://","daya_listrik":900.0,"luas_tanah_milik":3000,"sumber_listrik":"PLN","akses_internet":"Seluler","akses_internet_2":"Shared","waktu_penyelenggaraan":"Pagi/5 hari","semester_id":"20261","semester_keterangan":"2026/2027 Gasal","sekolah_id":"A064A0BC-0D26-E111-A1B7-0BE8D749B025","koordinat_valid":true,"validasi":"verified_official","sumber_data":"Kemendikdasmen - Sekolah Kita","sumber_koordinat":"Kemendikdasmen - Sekolah Kita API full-detail","tanggal_pengambilan":"2026-09-30"},"geometry":{"type":"Point","coordinates":[119.9864,-3.9936]}},{"type":"Feature","properties":{"npsn":"40303071","nama_sekolah":"UPTD SDN 380 SAPPA","bentuk_pendidikan":"SD","status_sekolah":"NEGERI","akreditasi":"C","alamat_jalan":"Jl. Laikki Lonra Toddang","nama_dusun":"Lonra","rt":3.0,"rw":3.0,"kecamatan":"Kec. Belawa","kabupaten":"Kab. Wajo","provinsi":"Prov. Sulawesi Selatan","kode_pos":"90953","latitude":-3.9755,"longitude":119.9725,"nomor_telepon":null,"email":"sappa380@yahoo.co.id","website":"http://","daya_listrik":900.0,"luas_tanah_milik":2430,"sumber_listrik":"PLN","akses_internet":"Seluler","akses_internet_2":"Dedicated","waktu_penyelenggaraan":"Pagi/5 hari","semester_id":"20261","semester_keterangan":"2026/2027 Gasal","sekolah_id":"009DA0BC-0D26-E111-A2C2-05000DDA67EE","koordinat_valid":true,"validasi":"verified_official","sumber_data":"Kemendikdasmen - Sekolah Kita","sumber_koordinat":"Kemendikdasmen - Sekolah Kita API full-detail","tanggal_pengambilan":"2026-09-30"},"geometry":{"type":"Point","coordinates":[119.9725,-3.9755]}},{"type":"Feature","properties":{"npsn":"40303230","nama_sekolah":"UPTD SDN 407 LAUTANG","bentuk_pendidikan":"SD","status_sekolah":"NEGERI","akreditasi":"B","alamat_jalan":"Lautang","nama_dusun":"ABBANUANG","rt":0.0,"rw":0.0,"kecamatan":"Kec. Belawa","kabupaten":"Kab. Wajo","provinsi":"Prov. Sulawesi Selatan","kode_pos":"90953","latitude":-4.0348,"longitude":119.9236,"nomor_telepon":null,"email":"sdn407satap@yahoo.co.id","website":"http://","daya_listrik":900.0,"luas_tanah_milik":2590,"sumber_listrik":"PLN","akses_internet":"Seluler","akses_internet_2":"Shared","waktu_penyelenggaraan":"Pagi/5 hari","semester_id":"20261","semester_keterangan":"2026/2027 Gasal","sekolah_id":"60C2A0BC-0D26-E111-B111-25594D489EEA","koordinat_valid":true,"validasi":"verified_official","sumber_data":"Kemendikdasmen - Sekolah Kita","sumber_koordinat":"Kemendikdasmen - Sekolah Kita API full-detail","tanggal_pengambilan":"2026-09-30"},"geometry":{"type":"Point","coordinates":[119.9236,-4.0348]}},{"type":"Feature","properties":{"npsn":"40303231","nama_sekolah":"UPTD SDN 408 ONGKOE","bentuk_pendidikan":"SD","status_sekolah":"NEGERI","akreditasi":"C","alamat_jalan":"Birue","nama_dusun":"Karame","rt":0.0,"rw":0.0,"kecamatan":"Kec. Belawa","kabupaten":"Kab. Wajo","provinsi":"Prov. Sulawesi Selatan","kode_pos":"90953","latitude":-3.9535,"longitude":119.9146,"nomor_telepon":"0","email":"sdnegeri408ongkoe@gmail.com","website":"http://","daya_listrik":900.0,"luas_tanah_milik":39999,"sumber_listrik":"PLN","akses_internet":"Seluler","akses_internet_2":"Broadband","waktu_penyelenggaraan":"Pagi/5 hari","semester_id":"20261","semester_keterangan":"2026/2027 Gasal","sekolah_id":"90E6A0BC-0D26-E111-AE2C-29CBAF9226D6","koordinat_valid":true,"validasi":"verified_official","sumber_data":"Kemendikdasmen - Sekolah Kita","sumber_koordinat":"Kemendikdasmen - Sekolah Kita API full-detail","tanggal_pengambilan":"2026-09-30"},"geometry":{"type":"Point","coordinates":[119.9146,-3.9535]}},{"type":"Feature","properties":{"npsn":"40303224","nama_sekolah":"UPTD SDN 56 MACERO","bentuk_pendidikan":"SD","status_sekolah":"NEGERI","akreditasi":"B","alamat_jalan":"Soreanglopie","nama_dusun":"Soreang Lopie","rt":2.0,"rw":1.0,"kecamatan":"Kec. Belawa","kabupaten":"Kab. Wajo","provinsi":"Prov. Sulawesi Selatan","kode_pos":"90953","latitude":-4.0017,"longitude":119.9724,"nomor_telepon":"0","email":"sdn56macero@gmail.com","website":"http://","daya_listrik":900.0,"luas_tanah_milik":2592,"sumber_listrik":"PLN","akses_internet":"Seluler","akses_internet_2":"Dedicated","waktu_penyelenggaraan":"Pagi/5 hari","semester_id":"20261","semester_keterangan":"2026/2027 Gasal","sekolah_id":"20F19ABC-0D26-E111-81DC-BFE9927A6290","koordinat_valid":true,"validasi":"verified_official","sumber_data":"Kemendikdasmen - Sekolah Kita","sumber_koordinat":"Kemendikdasmen - Sekolah Kita API full-detail","tanggal_pengambilan":"2026-09-30"},"geometry":{"type":"Point","coordinates":[119.9724,-4.0017]}},{"type":"Feature","properties":{"npsn":"40303225","nama_sekolah":"UPTD SDN 57 BELAWA","bentuk_pendidikan":"SD","status_sekolah":"NEGERI","akreditasi":"B","alamat_jalan":"Jl. Datu Patongai No. 29 A","nama_dusun":"Menge","rt":0.0,"rw":0.0,"kecamatan":"Kec. Belawa","kabupaten":"Kab. Wajo","provinsi":"Prov. Sulawesi Selatan","kode_pos":"90953","latitude":-4.0051,"longitude":119.9334,"nomor_telepon":"0","email":"sdn57belawa@gmail.com","website":"http://","daya_listrik":1300.0,"luas_tanah_milik":1593,"sumber_listrik":"PLN","akses_internet":"Seluler","akses_internet_2":"Dedicated","waktu_penyelenggaraan":"Pagi/5 hari","semester_id":"20261","semester_keterangan":"2026/2027 Gasal","sekolah_id":"401F9BBC-0D26-E111-9CD5-B92BDC32FF03","koordinat_valid":true,"validasi":"verified_official","sumber_data":"Kemendikdasmen - Sekolah Kita","sumber_koordinat":"Kemendikdasmen - Sekolah Kita API full-detail","tanggal_pengambilan":"2026-09-30"},"geometry":{"type":"Point","coordinates":[119.9334,-4.0051]}},{"type":"Feature","properties":{"npsn":"40303226","nama_sekolah":"UPTD SDN 59 ONGKOE","bentuk_pendidikan":"SD","status_sekolah":"NEGERI","akreditasi":"B","alamat_jalan":"Jl. Pahlawan No. 15 Karame","nama_dusun":"KARAME","rt":0.0,"rw":0.0,"kecamatan":"Kec. Belawa","kabupaten":"Kab. Wajo","provinsi":"Prov. Sulawesi Selatan","kode_pos":"90953","latitude":-3.9552,"longitude":119.9391,"nomor_telepon":null,"email":"sdn59ongkoe26@gmail.com","website":"http://","daya_listrik":450.0,"luas_tanah_milik":1600,"sumber_listrik":"PLN","akses_internet":"Seluler","akses_internet_2":"Broadband","waktu_penyelenggaraan":"Pagi/5 hari","semester_id":"20261","semester_keterangan":"2026/2027 Gasal","sekolah_id":"604D9BBC-0D26-E111-BF7C-73C2F9832043","koordinat_valid":true,"validasi":"verified_official","sumber_data":"Kemendikdasmen - Sekolah Kita","sumber_koordinat":"Kemendikdasmen - Sekolah Kita API full-detail","tanggal_pengambilan":"2026-09-30"},"geometry":{"type":"Point","coordinates":[119.9391,-3.9552]}},{"type":"Feature","properties":{"npsn":"40303262","nama_sekolah":"UPTD SDN 61 BELAWA","bentuk_pendidikan":"SD","status_sekolah":"NEGERI","akreditasi":"B","alamat_jalan":"Toddang Salo","nama_dusun":"Salompare","rt":0.0,"rw":0.0,"kecamatan":"Kec. Belawa","kabupaten":"Kab. Wajo","provinsi":"Prov. Sulawesi Selatan","kode_pos":"90953","latitude":-4.0115,"longitude":119.9728,"nomor_telepon":"081342632785","email":"sdn61belawa@gmail.com","website":"http://www.sdn61belawa.com","daya_listrik":900.0,"luas_tanah_milik":1350,"sumber_listrik":"PLN","akses_internet":"Seluler","akses_internet_2":"Shared","waktu_penyelenggaraan":"Pagi/5 hari","semester_id":"20261","semester_keterangan":"2026/2027 Gasal","sekolah_id":"509B9BBC-0D26-E111-8E6B-15E87E23455E","koordinat_valid":true,"validasi":"verified_official","sumber_data":"Kemendikdasmen - Sekolah Kita","sumber_koordinat":"Kemendikdasmen - Sekolah Kita API full-detail","tanggal_pengambilan":"2026-09-30"},"geometry":{"type":"Point","coordinates":[119.9728,-4.0115]}},{"type":"Feature","properties":{"npsn":"40303263","nama_sekolah":"UPTD SDN 62 WELE","bentuk_pendidikan":"SD","status_sekolah":"NEGERI","akreditasi":"B","alamat_jalan":"Wele","nama_dusun":"Salobelawa","rt":0.0,"rw":0.0,"kecamatan":"Kec. Belawa","kabupaten":"Kab. Wajo","provinsi":"Prov. Sulawesi Selatan","kode_pos":"90953","latitude":-3.9388,"longitude":120.0139,"nomor_telepon":null,"email":"sdn62wele@gmail.com","website":"http://","daya_listrik":450.0,"luas_tanah_milik":21250,"sumber_listrik":"PLN","akses_internet":"Seluler","akses_internet_2":"Shared","waktu_penyelenggaraan":"Pagi/5 hari","semester_id":"20261","semester_keterangan":"2026/2027 Gasal","sekolah_id":"60C09BBC-0D26-E111-8F6A-C56F21483B41","koordinat_valid":true,"validasi":"verified_official","sumber_data":"Kemendikdasmen - Sekolah Kita","sumber_koordinat":"Kemendikdasmen - Sekolah Kita API full-detail","tanggal_pengambilan":"2026-09-30"},"geometry":{"type":"Point","coordinates":[120.0139,-3.9388]}},{"type":"Feature","properties":{"npsn":"40303264","nama_sekolah":"UPTD SDN 63 SAPPA","bentuk_pendidikan":"SD","status_sekolah":"NEGERI","akreditasi":"B","alamat_jalan":"Bolamalimpong","nama_dusun":"Bolamallimpong","rt":0.0,"rw":0.0,"kecamatan":"Kec. Belawa","kabupaten":"Kab. Wajo","provinsi":"Prov. Sulawesi Selatan","kode_pos":"90953","latitude":-3.9409,"longitude":119.9785,"nomor_telepon":null,"email":"sdn63sappa@gmail.com","website":"http://","daya_listrik":1300.0,"luas_tanah_milik":3440,"sumber_listrik":"PLN","akses_internet":"Seluler","akses_internet_2":"Shared","waktu_penyelenggaraan":"Pagi/5 hari","semester_id":"20261","semester_keterangan":"2026/2027 Gasal","sekolah_id":"D0ED9BBC-0D26-E111-B958-7FAA7F5F8DAD","koordinat_valid":true,"validasi":"verified_official","sumber_data":"Kemendikdasmen - Sekolah Kita","sumber_koordinat":"Kemendikdasmen - Sekolah Kita API full-detail","tanggal_pengambilan":"2026-09-30"},"geometry":{"type":"Point","coordinates":[119.9785,-3.9409]}},{"type":"Feature","properties":{"npsn":"40303265","nama_sekolah":"UPTD SDN 64 ONGKOE","bentuk_pendidikan":"SD","status_sekolah":"NEGERI","akreditasi":"B","alamat_jalan":"Siduntung","nama_dusun":"Ongkoe","rt":0.0,"rw":0.0,"kecamatan":"Kec. Belawa","kabupaten":"Kab. Wajo","provinsi":"Prov. Sulawesi Selatan","kode_pos":"90953","latitude":-3.9773,"longitude":119.9381,"nomor_telepon":"085341972419","email":"sdn64ongkoebelawa@yahoo.com","website":"http://","daya_listrik":1300.0,"luas_tanah_milik":4400,"sumber_listrik":"PLN","akses_internet":"Seluler","akses_internet_2":"Shared","waktu_penyelenggaraan":"Pagi/5 hari","semester_id":"20261","semester_keterangan":"2026/2027 Gasal","sekolah_id":"A01B9CBC-0D26-E111-8958-1DB27871FF1B","koordinat_valid":true,"validasi":"verified_official","sumber_data":"Kemendikdasmen - Sekolah Kita","sumber_koordinat":"Kemendikdasmen - Sekolah Kita API full-detail","tanggal_pengambilan":"2026-09-30"},"geometry":{"type":"Point","coordinates":[119.9381,-3.9773]}},{"type":"Feature","properties":{"npsn":"40303266","nama_sekolah":"UPTD SDN 65 LEPPANGENG","bentuk_pendidikan":"SD","status_sekolah":"NEGERI","akreditasi":"B","alamat_jalan":"Siyo","nama_dusun":"WAJI","rt":0.0,"rw":0.0,"kecamatan":"Kec. Belawa","kabupaten":"Kab. Wajo","provinsi":"Prov. Sulawesi Selatan","kode_pos":"90953","latitude":-3.9872,"longitude":119.9377,"nomor_telepon":null,"email":"sdn65leppangeng1@gmail.com","website":"http://","daya_listrik":1300.0,"luas_tanah_milik":1162,"sumber_listrik":"PLN","akses_internet":"Wireless","akses_internet_2":"Shared","waktu_penyelenggaraan":"Pagi/5 hari","semester_id":"20261","semester_keterangan":"2026/2027 Gasal","sekolah_id":"004E9CBC-0D26-E111-B60D-EBACBDCA0244","koordinat_valid":true,"validasi":"verified_official","sumber_data":"Kemendikdasmen - Sekolah Kita","sumber_koordinat":"Kemendikdasmen - Sekolah Kita API full-detail","tanggal_pengambilan":"2026-09-30"},"geometry":{"type":"Point","coordinates":[119.9377,-3.9872]}},{"type":"Feature","properties":{"npsn":"40303267","nama_sekolah":"UPTD SDN 66 LEPPANGENG","bentuk_pendidikan":"SD","status_sekolah":"NEGERI","akreditasi":"B","alamat_jalan":"Jl. Akhmad Yani No.4 Paopance","nama_dusun":"PAOPANCE","rt":0.0,"rw":0.0,"kecamatan":"Kec. Belawa","kabupaten":"Kab. Wajo","provinsi":"Prov. Sulawesi Selatan","kode_pos":"90953","latitude":-3.9982,"longitude":119.9212,"nomor_telepon":"082312648008","email":"sdnegeri66leppangeng@gmail.com","website":"http://sdn66leppangeng.net","daya_listrik":1300.0,"luas_tanah_milik":2939,"sumber_listrik":"PLN","akses_internet":"Seluler","akses_internet_2":"Broadband","waktu_penyelenggaraan":"Pagi/5 hari","semester_id":"20261","semester_keterangan":"2026/2027 Gasal","sekolah_id":"A0749CBC-0D26-E111-AB74-A97D0FB6FF88","koordinat_valid":true,"validasi":"verified_official","sumber_data":"Kemendikdasmen - Sekolah Kita","sumber_koordinat":"Kemendikdasmen - Sekolah Kita API full-detail","tanggal_pengambilan":"2026-09-30"},"geometry":{"type":"Point","coordinates":[119.9212,-3.9982]}},{"type":"Feature","properties":{"npsn":"40303268","nama_sekolah":"UPTD SDN 68 LAUTANG","bentuk_pendidikan":"SD","status_sekolah":"NEGERI","akreditasi":"C","alamat_jalan":"Lautang","nama_dusun":"Wette","rt":0.0,"rw":0.0,"kecamatan":"Kec. Belawa","kabupaten":"Kab. Wajo","provinsi":"Prov. Sulawesi Selatan","kode_pos":"90953","latitude":-4.0579,"longitude":119.8975,"nomor_telepon":null,"email":"sdn68lautang@yahoo.co.id","website":"http://","daya_listrik":450.0,"luas_tanah_milik":3100,"sumber_listrik":"PLN","akses_internet":"Seluler","akses_internet_2":"Shared","waktu_penyelenggaraan":"Sehari Penuh/5 hari","semester_id":"20261","semester_keterangan":"2026/2027 Gasal","sekolah_id":"D09C9CBC-0D26-E111-9C54-7966042C417D","koordinat_valid":true,"validasi":"verified_official","sumber_data":"Kemendikdasmen - Sekolah Kita","sumber_koordinat":"Kemendikdasmen - Sekolah Kita API full-detail","tanggal_pengambilan":"2026-09-30"},"geometry":{"type":"Point","coordinates":[119.8975,-4.0579]}},{"type":"Feature","properties":{"npsn":"40303269","nama_sekolah":"UPTD SDN 69 MALAKKE","bentuk_pendidikan":"SD","status_sekolah":"NEGERI","akreditasi":"B","alamat_jalan":"Jalan Poros Anabanua - Belawa","nama_dusun":null,"rt":0.0,"rw":0.0,"kecamatan":"Kec. Belawa","kabupaten":"Kab. Wajo","provinsi":"Prov. Sulawesi Selatan","kode_pos":"90953","latitude":-3.9816,"longitude":119.947,"nomor_telepon":"085213653355","email":"sdn69malakkewajo@gmail.com","website":"http://https://sdn69malakke.net","daya_listrik":900.0,"luas_tanah_milik":1590,"sumber_listrik":"PLN","akses_internet":"Wireless","akses_internet_2":"Shared","waktu_penyelenggaraan":"Pagi/5 hari","semester_id":"20261","semester_keterangan":"2026/2027 Gasal","sekolah_id":"80C69CBC-0D26-E111-9B70-FDC120C0633B","koordinat_valid":true,"validasi":"verified_official","sumber_data":"Kemendikdasmen - Sekolah Kita","sumber_koordinat":"Kemendikdasmen - Sekolah Kita API full-detail","tanggal_pengambilan":"2026-09-30"},"geometry":{"type":"Point","coordinates":[119.947,-3.9816]}},{"type":"Feature","properties":{"npsn":"40303271","nama_sekolah":"UPTD SDN 70 WELE","bentuk_pendidikan":"SD","status_sekolah":"NEGERI","akreditasi":"A","alamat_jalan":"Jl. Kemakmuran No. 40 Wele","nama_dusun":"WELE","rt":0.0,"rw":0.0,"kecamatan":"Kec. Belawa","kabupaten":"Kab. Wajo","provinsi":"Prov. Sulawesi Selatan","kode_pos":"90953","latitude":-3.9511,"longitude":119.9936,"nomor_telepon":null,"email":"sdnegeri70wele@gmail.com","website":"http://","daya_listrik":450.0,"luas_tanah_milik":1520,"sumber_listrik":"PLN","akses_internet":"Seluler","akses_internet_2":"Broadband","waktu_penyelenggaraan":"Sehari Penuh/5 hari","semester_id":"20261","semester_keterangan":"2026/2027 Gasal","sekolah_id":"A0EF9CBC-0D26-E111-8595-85F5F151B977","koordinat_valid":true,"validasi":"verified_official","sumber_data":"Kemendikdasmen - Sekolah Kita","sumber_koordinat":"Kemendikdasmen - Sekolah Kita API full-detail","tanggal_pengambilan":"2026-09-30"},"geometry":{"type":"Point","coordinates":[119.9936,-3.9511]}},{"type":"Feature","properties":{"npsn":"40303272","nama_sekolah":"UPTD SDN 71 LIMPORILAU","bentuk_pendidikan":"SD","status_sekolah":"NEGERI","akreditasi":"B","alamat_jalan":"Tancung Purai","nama_dusun":"TANCUNG PURAI","rt":1.0,"rw":1.0,"kecamatan":"Kec. Belawa","kabupaten":"Kab. Wajo","provinsi":"Prov. Sulawesi Selatan","kode_pos":"90953","latitude":-4.0375,"longitude":119.9586,"nomor_telepon":null,"email":"sdn71limporilau@gmail.com","website":"http://","daya_listrik":900.0,"luas_tanah_milik":3493,"sumber_listrik":"PLN","akses_internet":"Seluler","akses_internet_2":"Broadband","waktu_penyelenggaraan":"Pagi/5 hari","semester_id":"20261","semester_keterangan":"2026/2027 Gasal","sekolah_id":"40159DBC-0D26-E111-8824-2397A4147EA3","koordinat_valid":true,"validasi":"verified_official","sumber_data":"Kemendikdasmen - Sekolah Kita","sumber_koordinat":"Kemendikdasmen - Sekolah Kita API full-detail","tanggal_pengambilan":"2026-09-30"},"geometry":{"type":"Point","coordinates":[119.9586,-4.0375]}},{"type":"Feature","properties":{"npsn":"40303273","nama_sekolah":"UPTD SDN 72 SAPPA","bentuk_pendidikan":"SD","status_sekolah":"NEGERI","akreditasi":"B","alamat_jalan":"Jl. Tanru Tedong Sappa Kec. Belawa","nama_dusun":"Lonra","rt":1.0,"rw":1.0,"kecamatan":"Kec. Belawa","kabupaten":"Kab. Wajo","provinsi":"Prov. Sulawesi Selatan","kode_pos":"90953","latitude":-3.9352,"longitude":119.9657,"nomor_telepon":null,"email":"sdn72sappa@yahoo.co.id","website":"http://","daya_listrik":900.0,"luas_tanah_milik":1382,"sumber_listrik":"PLN","akses_internet":"Seluler","akses_internet_2":"Broadband","waktu_penyelenggaraan":"Pagi/5 hari","semester_id":"20261","semester_keterangan":"2026/2027 Gasal","sekolah_id":"C03B9DBC-0D26-E111-B096-8B7D93EA7F5F","koordinat_valid":true,"validasi":"verified_official","sumber_data":"Kemendikdasmen - Sekolah Kita","sumber_koordinat":"Kemendikdasmen - Sekolah Kita API full-detail","tanggal_pengambilan":"2026-09-30"},"geometry":{"type":"Point","coordinates":[119.9657,-3.9352]}},{"type":"Feature","properties":{"npsn":"40303274","nama_sekolah":"UPTD SDN 73 LAUTANG","bentuk_pendidikan":"SD","status_sekolah":"NEGERI","akreditasi":"B","alamat_jalan":"Jl. Lautang No. 88","nama_dusun":"Lakoro","rt":1.0,"rw":1.0,"kecamatan":"Kec. Belawa","kabupaten":"Kab. Wajo","provinsi":"Prov. Sulawesi Selatan","kode_pos":"90953","latitude":-4.0095,"longitude":119.9291,"nomor_telepon":"0","email":"sdn73lautangbelawa@gmail.com","website":"http://www.sdn73lautang.net/html/index.php","daya_listrik":450.0,"luas_tanah_milik":2304,"sumber_listrik":"PLN","akses_internet":"Seluler","akses_internet_2":"Broadband","waktu_penyelenggaraan":"Pagi/5 hari","semester_id":"20261","semester_keterangan":"2026/2027 Gasal","sekolah_id":"A0609DBC-0D26-E111-81E1-47989B5B9B79","koordinat_valid":true,"validasi":"verified_official","sumber_data":"Kemendikdasmen - Sekolah Kita","sumber_koordinat":"Kemendikdasmen - Sekolah Kita API full-detail","tanggal_pengambilan":"2026-09-30"},"geometry":{"type":"Point","coordinates":[119.9291,-4.0095]}},{"type":"Feature","properties":{"npsn":"40303275","nama_sekolah":"UPTD SDN 74 SAPPA","bentuk_pendidikan":"SD","status_sekolah":"NEGERI","akreditasi":"B","alamat_jalan":"Jl.SaloBaru No.15","nama_dusun":"Tippulu","rt":1.0,"rw":1.0,"kecamatan":"Kec. Belawa","kabupaten":"Kab. Wajo","provinsi":"Prov. Sulawesi Selatan","kode_pos":"90953","latitude":-3.956,"longitude":119.9556,"nomor_telepon":"082333444382","email":"sdn74sappatippulu@gmail.com","website":"http://","daya_listrik":450.0,"luas_tanah_milik":3750,"sumber_listrik":"PLN","akses_internet":"Seluler","akses_internet_2":"Broadband","waktu_penyelenggaraan":"Pagi/5 hari","semester_id":"20261","semester_keterangan":"2026/2027 Gasal","sekolah_id":"E0899DBC-0D26-E111-BB14-C37A399B3AF8","koordinat_valid":true,"validasi":"verified_official","sumber_data":"Kemendikdasmen - Sekolah Kita","sumber_koordinat":"Kemendikdasmen - Sekolah Kita API full-detail","tanggal_pengambilan":"2026-09-30"},"geometry":{"type":"Point","coordinates":[119.9556,-3.956]}},{"type":"Feature","properties":{"npsn":"40303291","nama_sekolah":"UPTD SDN 117 PATTANGNGA","bentuk_pendidikan":"SD","status_sekolah":"NEGERI","akreditasi":"B","alamat_jalan":"Maroanging","nama_dusun":"Kolie","rt":0.0,"rw":0.0,"kecamatan":"Kec. Bola","kabupaten":"Kab. Wajo","provinsi":"Prov. Sulawesi Selatan","kode_pos":"90984","latitude":-4.22,"longitude":120.3553,"nomor_telepon":null,"email":"sdn.117.pattangnga@gmail.com","website":"http://","daya_listrik":1300.0,"luas_tanah_milik":1800,"sumber_listrik":"PLN","akses_internet":"Seluler","akses_internet_2":"Broadband","waktu_penyelenggaraan":"Pagi/5 hari","semester_id":"20261","semester_keterangan":"2026/2027 Gasal","sekolah_id":"50F445C3-0D26-E111-B2D9-ED71DB1790FF","koordinat_valid":true,"validasi":"verified_official","sumber_data":"Kemendikdasmen - Sekolah Kita","sumber_koordinat":"Kemendikdasmen - Sekolah Kita API full-detail","tanggal_pengambilan":"2026-09-30"},"geometry":{"type":"Point","coordinates":[120.3553,-4.22]}},{"type":"Feature","properties":{"npsn":"40303309","nama_sekolah":"UPTD SDN 119 SOLO","bentuk_pendidikan":"SD","status_sekolah":"NEGERI","akreditasi":"A","alamat_jalan":"Jl. Sultan Alauddin Solo","nama_dusun":"Solo","rt":0.0,"rw":0.0,"kecamatan":"Kec. Bola","kabupaten":"Kab. Wajo","provinsi":"Prov. Sulawesi Selatan","kode_pos":"90984","latitude":-4.2348,"longitude":120.228,"nomor_telepon":null,"email":"sdn.119.solo@gmail.com","website":null,"daya_listrik":1300.0,"luas_tanah_milik":2380,"sumber_listrik":"PLN","akses_internet":"Fibre Optic","akses_internet_2":"Broadband","waktu_penyelenggaraan":"Pagi/5 hari","semester_id":"20261","semester_keterangan":"2026/2027 Gasal","sekolah_id":"10F27EBC-0D26-E111-B3FE-01BF2B4343AE","koordinat_valid":true,"validasi":"verified_official","sumber_data":"Kemendikdasmen - Sekolah Kita","sumber_koordinat":"Kemendikdasmen - Sekolah Kita API full-detail","tanggal_pengambilan":"2026-09-30"},"geometry":{"type":"Point","coordinates":[120.228,-4.2348]}},{"type":"Feature","properties":{"npsn":"40303327","nama_sekolah":"UPTD SDN 120 SOLO","bentuk_pendidikan":"SD","status_sekolah":"NEGERI","akreditasi":"B","alamat_jalan":"Iree","nama_dusun":"Ire'E","rt":1.0,"rw":1.0,"kecamatan":"Kec. Bola","kabupaten":"Kab. Wajo","provinsi":"Prov. Sulawesi Selatan","kode_pos":"90984","latitude":-4.270953,"longitude":120.248228,"nomor_telepon":"082377793058","email":"sdnsolo120@gmail.com","website":"http://","daya_listrik":900.0,"luas_tanah_milik":3652,"sumber_listrik":"PLN","akses_internet":"Seluler","akses_internet_2":"Broadband","waktu_penyelenggaraan":"Pagi/5 hari","semester_id":"20261","semester_keterangan":"2026/2027 Gasal","sekolah_id":"A0217FBC-0D26-E111-8ABE-E5FCD7FDE306","koordinat_valid":true,"validasi":"verified_official","sumber_data":"Kemendikdasmen - Sekolah Kita","sumber_koordinat":"Kemendikdasmen - Sekolah Kita API full-detail","tanggal_pengambilan":"2026-09-30"},"geometry":{"type":"Point","coordinates":[120.248228,-4.270953]}},{"type":"Feature","properties":{"npsn":"40303329","nama_sekolah":"UPTD SDN 122 BALIELO","bentuk_pendidikan":"SD","status_sekolah":"NEGERI","akreditasi":"B","alamat_jalan":"Babasalo","nama_dusun":"KADING","rt":1.0,"rw":1.0,"kecamatan":"Kec. Bola","kabupaten":"Kab. Wajo","provinsi":"Prov. Sulawesi Selatan","kode_pos":"90984","latitude":-4.2195,"longitude":120.1331,"nomor_telepon":"082296622660","email":"balielosdn122@gmail.com","website":"http://","daya_listrik":1300.0,"luas_tanah_milik":2000,"sumber_listrik":"PLN","akses_internet":"Seluler","akses_internet_2":"Dedicated","waktu_penyelenggaraan":"Pagi/5 hari","semester_id":"20261","semester_keterangan":"2026/2027 Gasal","sekolah_id":"503046C3-0D26-E111-A698-5BB2ED9FCC6A","koordinat_valid":true,"validasi":"verified_official","sumber_data":"Kemendikdasmen - Sekolah Kita","sumber_koordinat":"Kemendikdasmen - Sekolah Kita API full-detail","tanggal_pengambilan":"2026-09-30"},"geometry":{"type":"Point","coordinates":[120.1331,-4.2195]}},{"type":"Feature","properties":{"npsn":"40303340","nama_sekolah":"UPTD SDN 123 BOLA","bentuk_pendidikan":"SD","status_sekolah":"NEGERI","akreditasi":"C","alamat_jalan":"Cennae","nama_dusun":"CENNAE","rt":0.0,"rw":0.0,"kecamatan":"Kec. Bola","kabupaten":"Kab. Wajo","provinsi":"Prov. Sulawesi Selatan","kode_pos":"90984","latitude":-4.1914,"longitude":120.2241,"nomor_telepon":null,"email":"sdn123bola@gmail.com","website":"http://","daya_listrik":900.0,"luas_tanah_milik":1680,"sumber_listrik":"PLN","akses_internet":"Fibre Optic","akses_internet_2":"Shared","waktu_penyelenggaraan":"Sehari Penuh/5 hari","semester_id":"20261","semester_keterangan":"2026/2027 Gasal","sekolah_id":"E06B46C3-0D26-E111-8933-AF24DD9CA393","koordinat_valid":true,"validasi":"verified_official","sumber_data":"Kemendikdasmen - Sekolah Kita","sumber_koordinat":"Kemendikdasmen - Sekolah Kita API full-detail","tanggal_pengambilan":"2026-09-30"},"geometry":{"type":"Point","coordinates":[120.2241,-4.1914]}},{"type":"Feature","properties":{"npsn":"40303342","nama_sekolah":"UPTD SDN 125 BALIELO","bentuk_pendidikan":"SD","status_sekolah":"NEGERI","akreditasi":"B","alamat_jalan":"Lamangiso","nama_dusun":"Lamangiso","rt":0.0,"rw":0.0,"kecamatan":"Kec. Bola","kabupaten":"Kab. Wajo","provinsi":"Prov. Sulawesi Selatan","kode_pos":"90984","latitude":-4.2244,"longitude":120.1541,"nomor_telepon":"085240956823","email":"sdn125balielo@gmail.com","website":"http://","daya_listrik":900.0,"luas_tanah_milik":896,"sumber_listrik":"PLN","akses_internet":"Seluler","akses_internet_2":"Broadband","waktu_penyelenggaraan":"Pagi/6 hari","semester_id":"20261","semester_keterangan":"2026/2027 Gasal","sekolah_id":"E0477FBC-0D26-E111-9B25-73F314D301CC","koordinat_valid":true,"validasi":"verified_official","sumber_data":"Kemendikdasmen - Sekolah Kita","sumber_koordinat":"Kemendikdasmen - Sekolah Kita API full-detail","tanggal_pengambilan":"2026-09-30"},"geometry":{"type":"Point","coordinates":[120.1541,-4.2244]}},{"type":"Feature","properties":{"npsn":"40303343","nama_sekolah":"UPTD SDN 126 RAJAMAWELLANG","bentuk_pendidikan":"SD","status_sekolah":"NEGERI","akreditasi":"B","alamat_jalan":"Tonro Bola","nama_dusun":"TONROBOLA","rt":1.0,"rw":1.0,"kecamatan":"Kec. Bola","kabupaten":"Kab. Wajo","provinsi":"Prov. Sulawesi Selatan","kode_pos":"90984","latitude":-4.2325,"longitude":120.1865,"nomor_telepon":"0","email":"rajamawellangsdn126@gmail.com","website":"http://","daya_listrik":900.0,"luas_tanah_milik":3120,"sumber_listrik":"PLN","akses_internet":"Vsat","akses_internet_2":"Dedicated","waktu_penyelenggaraan":"Pagi/5 hari","semester_id":"20261","semester_keterangan":"2026/2027 Gasal","sekolah_id":"20777FBC-0D26-E111-B8F7-17FB6528C8B9","koordinat_valid":true,"validasi":"verified_official","sumber_data":"Kemendikdasmen - Sekolah Kita","sumber_koordinat":"Kemendikdasmen - Sekolah Kita API full-detail","tanggal_pengambilan":"2026-09-30"},"geometry":{"type":"Point","coordinates":[120.1865,-4.2325]}},{"type":"Feature","properties":{"npsn":"40303344","nama_sekolah":"UPTD SDN 127 UJUNG TANAH","bentuk_pendidikan":"SD","status_sekolah":"NEGERI","akreditasi":"B","alamat_jalan":"Ujung Tanah","nama_dusun":"UJUNG TANAH","rt":0.0,"rw":0.0,"kecamatan":"Kec. Bola","kabupaten":"Kab. Wajo","provinsi":"Prov. Sulawesi Selatan","kode_pos":"90984","latitude":-4.2285,"longitude":120.2281,"nomor_telepon":null,"email":"sdn127u.tanah@gmail.com","website":"http://","daya_listrik":1300.0,"luas_tanah_milik":6750,"sumber_listrik":"PLN","akses_internet":"Wireless","akses_internet_2":"Shared","waktu_penyelenggaraan":"Sehari Penuh/5 hari","semester_id":"20261","semester_keterangan":"2026/2027 Gasal","sekolah_id":"E0A846C3-0D26-E111-B2BE-DD7B24DEB1A4","koordinat_valid":true,"validasi":"verified_official","sumber_data":"Kemendikdasmen - Sekolah Kita","sumber_koordinat":"Kemendikdasmen - Sekolah Kita API full-detail","tanggal_pengambilan":"2026-09-30"},"geometry":{"type":"Point","coordinates":[120.2281,-4.2285]}},{"type":"Feature","properties":{"npsn":"40303346","nama_sekolah":"UPTD SDN 128 RAJAMAWELLANG","bentuk_pendidikan":"SD","status_sekolah":"NEGERI","akreditasi":"B","alamat_jalan":"Wata Bola","nama_dusun":"Wata Bola","rt":0.0,"rw":0.0,"kecamatan":"Kec. Bola","kabupaten":"Kab. Wajo","provinsi":"Prov. Sulawesi Selatan","kode_pos":"90984","latitude":-4.2203,"longitude":120.1996,"nomor_telepon":"081342566210","email":"rajamawellang128@gmail.com","website":"http://","daya_listrik":900.0,"luas_tanah_milik":3886,"sumber_listrik":"PLN","akses_internet":"Seluler","akses_internet_2":"Shared","waktu_penyelenggaraan":"Pagi/5 hari","semester_id":"20261","semester_keterangan":"2026/2027 Gasal","sekolah_id":"C0A17FBC-0D26-E111-AE52-297B2D0B2091","koordinat_valid":true,"validasi":"verified_official","sumber_data":"Kemendikdasmen - Sekolah Kita","sumber_koordinat":"Kemendikdasmen - Sekolah Kita API full-detail","tanggal_pengambilan":"2026-09-30"},"geometry":{"type":"Point","coordinates":[120.1996,-4.2203]}},{"type":"Feature","properties":{"npsn":"40303349","nama_sekolah":"UPTD SDN 131 MANURUNG","bentuk_pendidikan":"SD","status_sekolah":"NEGERI","akreditasi":"C","alamat_jalan":"Cellue","nama_dusun":"Cellue","rt":1.0,"rw":1.0,"kecamatan":"Kec. Bola","kabupaten":"Kab. Wajo","provinsi":"Prov. Sulawesi Selatan","kode_pos":"90984","latitude":-4.1525,"longitude":120.1661,"nomor_telepon":"081355926115","email":null,"website":"http://","daya_listrik":1300.0,"luas_tanah_milik":3471,"sumber_listrik":"PLN","akses_internet":"Tidak Ada","akses_internet_2":"Dedicated","waktu_penyelenggaraan":"Pagi/5 hari","semester_id":"20261","semester_keterangan":"2026/2027 Gasal","sekolah_id":"A0D846C3-0D26-E111-9694-A308AB1A06F1","koordinat_valid":true,"validasi":"verified_official","sumber_data":"Kemendikdasmen - Sekolah Kita","sumber_koordinat":"Kemendikdasmen - Sekolah Kita API full-detail","tanggal_pengambilan":"2026-09-30"},"geometry":{"type":"Point","coordinates":[120.1661,-4.1525]}},{"type":"Feature","properties":{"npsn":"40303350","nama_sekolah":"UPTD SDN 132 LEMPONG","bentuk_pendidikan":"SD","status_sekolah":"NEGERI","akreditasi":"C","alamat_jalan":"JENNAE","nama_dusun":"JENNAE","rt":0.0,"rw":0.0,"kecamatan":"Kec. Bola","kabupaten":"Kab. Wajo","provinsi":"Prov. Sulawesi Selatan","kode_pos":"90984","latitude":-4.1562,"longitude":120.2164,"nomor_telepon":"082239091559","email":"Sdn132lempong@yahoo.com","website":"http://","daya_listrik":900.0,"luas_tanah_milik":2500,"sumber_listrik":"PLN","akses_internet":"Wireless","akses_internet_2":"Dedicated","waktu_penyelenggaraan":"Sehari Penuh/6 hari","semester_id":"20261","semester_keterangan":"2026/2027 Gasal","sekolah_id":"80FF46C3-0D26-E111-AB08-D31378154350","koordinat_valid":true,"validasi":"verified_official","sumber_data":"Kemendikdasmen - Sekolah Kita","sumber_koordinat":"Kemendikdasmen - Sekolah Kita API full-detail","tanggal_pengambilan":"2026-09-30"},"geometry":{"type":"Point","coordinates":[120.2164,-4.1562]}},{"type":"Feature","properties":{"npsn":"40303351","nama_sekolah":"UPTD SDN 133 LEMPONG","bentuk_pendidikan":"SD","status_sekolah":"NEGERI","akreditasi":"B","alamat_jalan":"Lempong","nama_dusun":"Lempong","rt":0.0,"rw":0.0,"kecamatan":"Kec. Bola","kabupaten":"Kab. Wajo","provinsi":"Prov. Sulawesi Selatan","kode_pos":"90984","latitude":-4.1848,"longitude":120.1661,"nomor_telepon":null,"email":"sdn.133.lempong@gmail.com","website":"http://sdn.133.lempong@gmail.com","daya_listrik":900.0,"luas_tanah_milik":3086,"sumber_listrik":"PLN","akses_internet":"Seluler","akses_internet_2":"Shared","waktu_penyelenggaraan":"Pagi/5 hari","semester_id":"20261","semester_keterangan":"2026/2027 Gasal","sekolah_id":"C02547C3-0D26-E111-9D52-87CF60280EB9","koordinat_valid":true,"validasi":"verified_official","sumber_data":"Kemendikdasmen - Sekolah Kita","sumber_koordinat":"Kemendikdasmen - Sekolah Kita API full-detail","tanggal_pengambilan":"2026-09-30"},"geometry":{"type":"Point","coordinates":[120.1661,-4.1848]}},{"type":"Feature","properties":{"npsn":"40303326","nama_sekolah":"UPTD SDN 134 LATTIMU","bentuk_pendidikan":"SD","status_sekolah":"NEGERI","akreditasi":"B","alamat_jalan":"Lattimu","nama_dusun":"Lattimu","rt":0.0,"rw":0.0,"kecamatan":"Kec. Bola","kabupaten":"Kab. Wajo","provinsi":"Prov. Sulawesi Selatan","kode_pos":"90984","latitude":-4.2055,"longitude":120.2838,"nomor_telepon":null,"email":"sdn.134.lattimu@gmail.com","website":"http://","daya_listrik":1300.0,"luas_tanah_milik":99000,"sumber_listrik":"PLN","akses_internet":"Wireless","akses_internet_2":"Broadband","waktu_penyelenggaraan":"Pagi/5 hari","semester_id":"20261","semester_keterangan":"2026/2027 Gasal","sekolah_id":"60EC80BC-0D26-E111-93D8-F3E7785F9C97","koordinat_valid":true,"validasi":"verified_official","sumber_data":"Kemendikdasmen - Sekolah Kita","sumber_koordinat":"Kemendikdasmen - Sekolah Kita API full-detail","tanggal_pengambilan":"2026-09-30"},"geometry":{"type":"Point","coordinates":[120.2838,-4.2055]}},{"type":"Feature","properties":{"npsn":"40303552","nama_sekolah":"UPTD SDN 198 PASIR PUTIH","bentuk_pendidikan":"SD","status_sekolah":"NEGERI","akreditasi":"B","alamat_jalan":"Duppawalie","nama_dusun":"Duppawalie","rt":0.0,"rw":0.0,"kecamatan":"Kec. Bola","kabupaten":"Kab. Wajo","provinsi":"Prov. Sulawesi Selatan","kode_pos":"90984","latitude":-4.1952,"longitude":120.3638,"nomor_telepon":"085298772564","email":"sdn.198.pasir.putih@gmail.com","website":"http://","daya_listrik":1300.0,"luas_tanah_milik":6375,"sumber_listrik":"PLN","akses_internet":"Seluler","akses_internet_2":"Dedicated","waktu_penyelenggaraan":"Pagi/5 hari","semester_id":"20261","semester_keterangan":"2026/2027 Gasal","sekolah_id":"401A81BC-0D26-E111-B948-BD7A69C09E84","koordinat_valid":true,"validasi":"verified_official","sumber_data":"Kemendikdasmen - Sekolah Kita","sumber_koordinat":"Kemendikdasmen - Sekolah Kita API full-detail","tanggal_pengambilan":"2026-09-30"},"geometry":{"type":"Point","coordinates":[120.3638,-4.1952]}},{"type":"Feature","properties":{"npsn":"40303533","nama_sekolah":"UPTD SDN 207 SOLO","bentuk_pendidikan":"SD","status_sekolah":"NEGERI","akreditasi":"B","alamat_jalan":"Solo","nama_dusun":"Solo","rt":0.0,"rw":0.0,"kecamatan":"Kec. Bola","kabupaten":"Kab. Wajo","provinsi":"Prov. Sulawesi Selatan","kode_pos":"90984","latitude":-4.23471,"longitude":120.229883,"nomor_telepon":null,"email":"sdn.207.solo@gmail.com","website":"http://","daya_listrik":900.0,"luas_tanah_milik":2880,"sumber_listrik":"PLN","akses_internet":"Vsat","akses_internet_2":"Broadband","waktu_penyelenggaraan":"Pagi/5 hari","semester_id":"20261","semester_keterangan":"2026/2027 Gasal","sekolah_id":"A04981BC-0D26-E111-9627-8D426D797200","koordinat_valid":true,"validasi":"verified_official","sumber_data":"Kemendikdasmen - Sekolah Kita","sumber_koordinat":"Kemendikdasmen - Sekolah Kita API full-detail","tanggal_pengambilan":"2026-09-30"},"geometry":{"type":"Point","coordinates":[120.229883,-4.23471]}},{"type":"Feature","properties":{"npsn":"40303479","nama_sekolah":"UPTD SDN 247 SANRESENG ADE","bentuk_pendidikan":"SD","status_sekolah":"NEGERI","akreditasi":"B","alamat_jalan":"Wakke","nama_dusun":"Wakke","rt":1.0,"rw":1.0,"kecamatan":"Kec. Bola","kabupaten":"Kab. Wajo","provinsi":"Prov. Sulawesi Selatan","kode_pos":"90984","latitude":-4.2238,"longitude":120.2847,"nomor_telepon":null,"email":"sanresengade2@yahoo.com","website":"http://","daya_listrik":900.0,"luas_tanah_milik":880,"sumber_listrik":"PLN","akses_internet":"Wireless","akses_internet_2":"Shared","waktu_penyelenggaraan":"Pagi/6 hari","semester_id":"20261","semester_keterangan":"2026/2027 Gasal","sekolah_id":"B07281BC-0D26-E111-A1B3-0F5E25D6A8C1","koordinat_valid":true,"validasi":"verified_official","sumber_data":"Kemendikdasmen - Sekolah Kita","sumber_koordinat":"Kemendikdasmen - Sekolah Kita API full-detail","tanggal_pengambilan":"2026-09-30"},"geometry":{"type":"Point","coordinates":[120.2847,-4.2238]}},{"type":"Feature","properties":{"npsn":"40303480","nama_sekolah":"UPTD SDN 248 BOLA","bentuk_pendidikan":"SD","status_sekolah":"NEGERI","akreditasi":"B","alamat_jalan":"Tocule","nama_dusun":"Tocule","rt":1.0,"rw":1.0,"kecamatan":"Kec. Bola","kabupaten":"Kab. Wajo","provinsi":"Prov. Sulawesi Selatan","kode_pos":"90984","latitude":-4.1743,"longitude":120.2325,"nomor_telepon":"082192793956","email":"sdnegeri248bola01@gmail.com","website":"http://","daya_listrik":1300.0,"luas_tanah_milik":3243,"sumber_listrik":"PLN","akses_internet":"Vsat","akses_internet_2":"Broadband","waktu_penyelenggaraan":"Pagi/5 hari","semester_id":"20261","semester_keterangan":"2026/2027 Gasal","sekolah_id":"809781BC-0D26-E111-9C42-65978919E928","koordinat_valid":true,"validasi":"verified_official","sumber_data":"Kemendikdasmen - Sekolah Kita","sumber_koordinat":"Kemendikdasmen - Sekolah Kita API full-detail","tanggal_pengambilan":"2026-09-30"},"geometry":{"type":"Point","coordinates":[120.2325,-4.1743]}},{"type":"Feature","properties":{"npsn":"40303087","nama_sekolah":"UPTD SDN 299 SANRESENG ADE","bentuk_pendidikan":"SD","status_sekolah":"NEGERI","akreditasi":"B","alamat_jalan":"Wakke","nama_dusun":"JANGKALI","rt":4.0,"rw":4.0,"kecamatan":"Kec. Bola","kabupaten":"Kab. Wajo","provinsi":"Prov. Sulawesi Selatan","kode_pos":"90984","latitude":-4.2299,"longitude":120.2672,"nomor_telepon":"081355567688","email":"sanresengade299@gmail.com","website":"http://","daya_listrik":900.0,"luas_tanah_milik":2451800,"sumber_listrik":"PLN","akses_internet":"Vsat","akses_internet_2":"Broadband","waktu_penyelenggaraan":"Pagi/5 hari","semester_id":"20261","semester_keterangan":"2026/2027 Gasal","sekolah_id":"50BA81BC-0D26-E111-9A11-154499344BBB","koordinat_valid":true,"validasi":"verified_official","sumber_data":"Kemendikdasmen - Sekolah Kita","sumber_koordinat":"Kemendikdasmen - Sekolah Kita API full-detail","tanggal_pengambilan":"2026-09-30"},"geometry":{"type":"Point","coordinates":[120.2672,-4.2299]}},{"type":"Feature","properties":{"npsn":"40303090","nama_sekolah":"UPTD SDN 301 LEMPONG","bentuk_pendidikan":"SD","status_sekolah":"NEGERI","akreditasi":"B","alamat_jalan":"Lakalukku","nama_dusun":"Lakalukku","rt":0.0,"rw":0.0,"kecamatan":"Kec. Bola","kabupaten":"Kab. Wajo","provinsi":"Prov. Sulawesi Selatan","kode_pos":"90984","latitude":-4.1615,"longitude":120.1932,"nomor_telepon":"085299938852","email":"sdn301lempong01@gmail.com","website":"http://","daya_listrik":1300.0,"luas_tanah_milik":3108,"sumber_listrik":"PLN","akses_internet":"Seluler","akses_internet_2":"Shared","waktu_penyelenggaraan":"Sehari Penuh/5 hari","semester_id":"20261","semester_keterangan":"2026/2027 Gasal","sekolah_id":"B0E181BC-0D26-E111-9026-3114E471F234","koordinat_valid":true,"validasi":"verified_official","sumber_data":"Kemendikdasmen - Sekolah Kita","sumber_koordinat":"Kemendikdasmen - Sekolah Kita API full-detail","tanggal_pengambilan":"2026-09-30"},"geometry":{"type":"Point","coordinates":[120.1932,-4.1615]}},{"type":"Feature","properties":{"npsn":"40303117","nama_sekolah":"UPTD SDN 328 UJUNG TANAH","bentuk_pendidikan":"SD","status_sekolah":"NEGERI","akreditasi":"B","alamat_jalan":"Wellang Pellang","nama_dusun":"Wellang Pellang","rt":0.0,"rw":0.0,"kecamatan":"Kec. Bola","kabupaten":"Kab. Wajo","provinsi":"Prov. Sulawesi Selatan","kode_pos":"90984","latitude":-4.2009,"longitude":120.2389,"nomor_telepon":"085299281542","email":"ujungtanahsdn328@mail.com","website":"http://","daya_listrik":900.0,"luas_tanah_milik":2806,"sumber_listrik":"PLN","akses_internet":"Fibre Optic","akses_internet_2":"Dedicated","waktu_penyelenggaraan":"Sehari Penuh/5 hari","semester_id":"20261","semester_keterangan":"2026/2027 Gasal","sekolah_id":"A04A47C3-0D26-E111-A989-4514543B3595","koordinat_valid":true,"validasi":"verified_official","sumber_data":"Kemendikdasmen - Sekolah Kita","sumber_koordinat":"Kemendikdasmen - Sekolah Kita API full-detail","tanggal_pengambilan":"2026-09-30"},"geometry":{"type":"Point","coordinates":[120.2389,-4.2009]}},{"type":"Feature","properties":{"npsn":"40303034","nama_sekolah":"UPTD SDN 341 LATTIMU","bentuk_pendidikan":"SD","status_sekolah":"NEGERI","akreditasi":"B","alamat_jalan":"Bakke Maccilereng","nama_dusun":"Bakke Maccilereng","rt":0.0,"rw":0.0,"kecamatan":"Kec. Bola","kabupaten":"Kab. Wajo","provinsi":"Prov. Sulawesi Selatan","kode_pos":"90984","latitude":-4.2198,"longitude":120.3127,"nomor_telepon":"082290530456","email":"sdn.341.lattimu@gmail.com","website":"http://","daya_listrik":900.0,"luas_tanah_milik":2880,"sumber_listrik":"PLN","akses_internet":"Seluler","akses_internet_2":"Broadband","waktu_penyelenggaraan":"Pagi/5 hari","semester_id":"20261","semester_keterangan":"2026/2027 Gasal","sekolah_id":"408247C3-0D26-E111-B4B3-039ED9F4B915","koordinat_valid":true,"validasi":"verified_official","sumber_data":"Kemendikdasmen - Sekolah Kita","sumber_koordinat":"Kemendikdasmen - Sekolah Kita API full-detail","tanggal_pengambilan":"2026-09-30"},"geometry":{"type":"Point","coordinates":[120.3127,-4.2198]}},{"type":"Feature","properties":{"npsn":"40303035","nama_sekolah":"UPTD SDN 342 MANURUNG","bentuk_pendidikan":"SD","status_sekolah":"NEGERI","akreditasi":"B","alamat_jalan":"Caleru","nama_dusun":"Caleru","rt":0.0,"rw":0.0,"kecamatan":"Kec. Bola","kabupaten":"Kab. Wajo","provinsi":"Prov. Sulawesi Selatan","kode_pos":"90984","latitude":-4.1417,"longitude":120.1949,"nomor_telepon":"085395339580","email":"sdntigaempatdua.manurung@yahoo.com","website":"http://","daya_listrik":900.0,"luas_tanah_milik":12987,"sumber_listrik":"PLN","akses_internet":"Vsat","akses_internet_2":"Shared","waktu_penyelenggaraan":"Pagi/5 hari","semester_id":"20261","semester_keterangan":"2026/2027 Gasal","sekolah_id":"D00782BC-0D26-E111-8EC9-A36224033DD6","koordinat_valid":true,"validasi":"verified_official","sumber_data":"Kemendikdasmen - Sekolah Kita","sumber_koordinat":"Kemendikdasmen - Sekolah Kita API full-detail","tanggal_pengambilan":"2026-09-30"},"geometry":{"type":"Point","coordinates":[120.1949,-4.1417]}},{"type":"Feature","properties":{"npsn":"40303037","nama_sekolah":"UPTD SDN 344 BOLA","bentuk_pendidikan":"SD","status_sekolah":"NEGERI","akreditasi":"B","alamat_jalan":"DORIE","nama_dusun":"Dorie","rt":0.0,"rw":0.0,"kecamatan":"Kec. Bola","kabupaten":"Kab. Wajo","provinsi":"Prov. Sulawesi Selatan","kode_pos":"90984","latitude":-4.1868,"longitude":120.211,"nomor_telepon":"082344454734","email":"sdn344bola@ymail.com","website":"http://www.sdn344bola.net","daya_listrik":1300.0,"luas_tanah_milik":4000,"sumber_listrik":"PLN","akses_internet":"Wireless","akses_internet_2":"Broadband","waktu_penyelenggaraan":"Pagi/5 hari","semester_id":"20261","semester_keterangan":"2026/2027 Gasal","sekolah_id":"C03782BC-0D26-E111-BE87-DB54A8A118F9","koordinat_valid":true,"validasi":"verified_official","sumber_data":"Kemendikdasmen - Sekolah Kita","sumber_koordinat":"Kemendikdasmen - Sekolah Kita API full-detail","tanggal_pengambilan":"2026-09-30"},"geometry":{"type":"Point","coordinates":[120.211,-4.1868]}},{"type":"Feature","properties":{"npsn":"40303024","nama_sekolah":"UPTD SDN 363 BALIELO","bentuk_pendidikan":"SD","status_sekolah":"NEGERI","akreditasi":"B","alamat_jalan":"Tonro Palesu","nama_dusun":"KADING","rt":0.0,"rw":0.0,"kecamatan":"Kec. Bola","kabupaten":"Kab. Wajo","provinsi":"Prov. Sulawesi Selatan","kode_pos":"90984","latitude":-4.1983,"longitude":120.1493,"nomor_telepon":"085242469345","email":"sdn363tonropalesu@gmail.com","website":"http://","daya_listrik":900.0,"luas_tanah_milik":1268990,"sumber_listrik":"PLN","akses_internet":"Seluler","akses_internet_2":"Dedicated","waktu_penyelenggaraan":"Pagi/5 hari","semester_id":"20261","semester_keterangan":"2026/2027 Gasal","sekolah_id":"006482BC-0D26-E111-8EEF-2BBC1B52F1D4","koordinat_valid":true,"validasi":"verified_official","sumber_data":"Kemendikdasmen - Sekolah Kita","sumber_koordinat":"Kemendikdasmen - Sekolah Kita API full-detail","tanggal_pengambilan":"2026-09-30"},"geometry":{"type":"Point","coordinates":[120.1493,-4.1983]}},{"type":"Feature","properties":{"npsn":"40303074","nama_sekolah":"UPTD SDN 383 PATTANGNGA","bentuk_pendidikan":"SD","status_sekolah":"NEGERI","akreditasi":"B","alamat_jalan":"JL.H.A.SERANG","nama_dusun":"MAROANGING","rt":0.0,"rw":0.0,"kecamatan":"Kec. Bola","kabupaten":"Kab. Wajo","provinsi":"Prov. Sulawesi Selatan","kode_pos":"90984","latitude":-4.2195,"longitude":120.3544,"nomor_telepon":"082377793064","email":"syamsu.010994@gmail.com","website":"http://","daya_listrik":1300.0,"luas_tanah_milik":144000,"sumber_listrik":"PLN","akses_internet":"Seluler","akses_internet_2":"Broadband","waktu_penyelenggaraan":"Pagi/5 hari","semester_id":"20261","semester_keterangan":"2026/2027 Gasal","sekolah_id":"805383BC-0D26-E111-A756-57FA6BAACD95","koordinat_valid":true,"validasi":"verified_official","sumber_data":"Kemendikdasmen - Sekolah Kita","sumber_koordinat":"Kemendikdasmen - Sekolah Kita API full-detail","tanggal_pengambilan":"2026-09-30"},"geometry":{"type":"Point","coordinates":[120.3544,-4.2195]}},{"type":"Feature","properties":{"npsn":"40303075","nama_sekolah":"UPTD SDN 384 RAJAMAWELLANG","bentuk_pendidikan":"SD","status_sekolah":"NEGERI","akreditasi":"B","alamat_jalan":"Tonrobola","nama_dusun":"TONROBOLA","rt":0.0,"rw":0.0,"kecamatan":"Kec. Bola","kabupaten":"Kab. Wajo","provinsi":"Prov. Sulawesi Selatan","kode_pos":"90984","latitude":-4.2324,"longitude":120.1864,"nomor_telepon":null,"email":null,"website":"http://","daya_listrik":900.0,"luas_tanah_milik":3120,"sumber_listrik":"PLN","akses_internet":"Seluler","akses_internet_2":"Broadband","waktu_penyelenggaraan":"Pagi/5 hari","semester_id":"20261","semester_keterangan":"2026/2027 Gasal","sekolah_id":"C08283BC-0D26-E111-B188-87E35C1E2B55","koordinat_valid":true,"validasi":"verified_official","sumber_data":"Kemendikdasmen - Sekolah Kita","sumber_koordinat":"Kemendikdasmen - Sekolah Kita API full-detail","tanggal_pengambilan":"2026-09-30"},"geometry":{"type":"Point","coordinates":[120.1864,-4.2324]}},{"type":"Feature","properties":{"npsn":"40303077","nama_sekolah":"UPTD SDN 386 SOLO","bentuk_pendidikan":"SD","status_sekolah":"NEGERI","akreditasi":"B","alamat_jalan":"Jangkali","nama_dusun":"Jangkali","rt":0.0,"rw":0.0,"kecamatan":"Kec. Bola","kabupaten":"Kab. Wajo","provinsi":"Prov. Sulawesi Selatan","kode_pos":"90984","latitude":-4.2292,"longitude":120.2547,"nomor_telepon":"081342657769","email":"risaldi92@gmail.com","website":"http://","daya_listrik":900.0,"luas_tanah_milik":4410,"sumber_listrik":"PLN","akses_internet":"Seluler","akses_internet_2":"Shared","waktu_penyelenggaraan":"Pagi/5 hari","semester_id":"20261","semester_keterangan":"2026/2027 Gasal","sekolah_id":"80B083BC-0D26-E111-8C62-4D553DB8D2CD","koordinat_valid":true,"validasi":"verified_official","sumber_data":"Kemendikdasmen - Sekolah Kita","sumber_koordinat":"Kemendikdasmen - Sekolah Kita API full-detail","tanggal_pengambilan":"2026-09-30"},"geometry":{"type":"Point","coordinates":[120.2547,-4.2292]}},{"type":"Feature","properties":{"npsn":"40303064","nama_sekolah":"UPTD SDN 388 LEMPONG","bentuk_pendidikan":"SD","status_sekolah":"NEGERI","akreditasi":"B","alamat_jalan":"Talagae","nama_dusun":"Talagae","rt":0.0,"rw":0.0,"kecamatan":"Kec. Bola","kabupaten":"Kab. Wajo","provinsi":"Prov. Sulawesi Selatan","kode_pos":"90984","latitude":-4.1773,"longitude":120.192,"nomor_telepon":"085395777222","email":"sdn388lempong@yahoo.com","website":"http://","daya_listrik":900.0,"luas_tanah_milik":2968,"sumber_listrik":"PLN","akses_internet":"Seluler","akses_internet_2":"Shared","waktu_penyelenggaraan":"Pagi/6 hari","semester_id":"20261","semester_keterangan":"2026/2027 Gasal","sekolah_id":"40AB47C3-0D26-E111-8A39-EF6A55D74CCB","koordinat_valid":true,"validasi":"verified_official","sumber_data":"Kemendikdasmen - Sekolah Kita","sumber_koordinat":"Kemendikdasmen - Sekolah Kita API full-detail","tanggal_pengambilan":"2026-09-30"},"geometry":{"type":"Point","coordinates":[120.192,-4.1773]}},{"type":"Feature","properties":{"npsn":"40303553","nama_sekolah":"UPTD SDN 197 PASELLORENG","bentuk_pendidikan":"SD","status_sekolah":"NEGERI","akreditasi":"B","alamat_jalan":"UPT Bekkae Desa Paselloreng","nama_dusun":"Bekkae","rt":0.0,"rw":0.0,"kecamatan":"Kec. Gilireng","kabupaten":"Kab. Wajo","provinsi":"Prov. Sulawesi Selatan","kode_pos":"90954","latitude":-3.8695,"longitude":120.1675,"nomor_telepon":"085299602667","email":"andiintang_197@yahoo.co.id","website":"http://","daya_listrik":900.0,"luas_tanah_milik":8000,"sumber_listrik":"PLN","akses_internet":"Seluler","akses_internet_2":"Dedicated","waktu_penyelenggaraan":"Pagi/5 hari","semester_id":"20261","semester_keterangan":"2026/2027 Gasal","sekolah_id":"A01CAEBC-0D26-E111-936E-29D5D8676B76","koordinat_valid":true,"validasi":"verified_official","sumber_data":"Kemendikdasmen - Sekolah Kita","sumber_koordinat":"Kemendikdasmen - Sekolah Kita API full-detail","tanggal_pengambilan":"2026-09-30"},"geometry":{"type":"Point","coordinates":[120.1675,-3.8695]}},{"type":"Feature","properties":{"npsn":"40303437","nama_sekolah":"UPTD SDN 217 LAMATA","bentuk_pendidikan":"SD","status_sekolah":"NEGERI","akreditasi":"B","alamat_jalan":"Jl. Poros Anabanua-palopo","nama_dusun":"MAMPU","rt":0.0,"rw":0.0,"kecamatan":"Kec. Gilireng","kabupaten":"Kab. Wajo","provinsi":"Prov. Sulawesi Selatan","kode_pos":"90954","latitude":-3.9578,"longitude":120.1422,"nomor_telepon":null,"email":"lamataSD@gmail.com","website":"http://","daya_listrik":900.0,"luas_tanah_milik":3912,"sumber_listrik":"PLN","akses_internet":"Seluler","akses_internet_2":"Broadband","waktu_penyelenggaraan":"Pagi/6 hari","semester_id":"20261","semester_keterangan":"2026/2027 Gasal","sekolah_id":"5047AEBC-0D26-E111-9043-9BCA3B7908B6","koordinat_valid":true,"validasi":"verified_official","sumber_data":"Kemendikdasmen - Sekolah Kita","sumber_koordinat":"Kemendikdasmen - Sekolah Kita API full-detail","tanggal_pengambilan":"2026-09-30"},"geometry":{"type":"Point","coordinates":[120.1422,-3.9578]}},{"type":"Feature","properties":{"npsn":"40303438","nama_sekolah":"UPTD SDN 218 GILIRENG","bentuk_pendidikan":"SD","status_sekolah":"NEGERI","akreditasi":"A","alamat_jalan":"Gilireng","nama_dusun":"-","rt":0.0,"rw":0.0,"kecamatan":"Kec. Gilireng","kabupaten":"Kab. Wajo","provinsi":"Prov. Sulawesi Selatan","kode_pos":"90954","latitude":-3.9355,"longitude":120.1739,"nomor_telepon":"085242726851","email":"sd218gilireng@gmail.com","website":"http://","daya_listrik":900.0,"luas_tanah_milik":4736,"sumber_listrik":"PLN","akses_internet":"Wireless","akses_internet_2":"Broadband","waktu_penyelenggaraan":"Sehari Penuh/5 hari","semester_id":"20261","semester_keterangan":"2026/2027 Gasal","sekolah_id":"C06DAEBC-0D26-E111-A670-EB492D18D86B","koordinat_valid":true,"validasi":"verified_official","sumber_data":"Kemendikdasmen - Sekolah Kita","sumber_koordinat":"Kemendikdasmen - Sekolah Kita API full-detail","tanggal_pengambilan":"2026-09-30"},"geometry":{"type":"Point","coordinates":[120.1739,-3.9355]}},{"type":"Feature","properties":{"npsn":"40303426","nama_sekolah":"UPTD SDN 238 PASELLORENG","bentuk_pendidikan":"SD","status_sekolah":"NEGERI","akreditasi":"B","alamat_jalan":"Arajang","nama_dusun":"Arajang","rt":0.0,"rw":0.0,"kecamatan":"Kec. Gilireng","kabupaten":"Kab. Wajo","provinsi":"Prov. Sulawesi Selatan","kode_pos":"90954","latitude":-3.8704,"longitude":120.1642,"nomor_telepon":"081353104399","email":"sd.238paselloreng@gmail.com","website":"http://sdn238paselloreng.net/admin/index-php","daya_listrik":1300.0,"luas_tanah_milik":9600,"sumber_listrik":"PLN","akses_internet":"Wireless","akses_internet_2":"Dedicated","waktu_penyelenggaraan":"Sehari Penuh/5 hari","semester_id":"20261","semester_keterangan":"2026/2027 Gasal","sekolah_id":"C094AEBC-0D26-E111-9014-AF8E3B655EAF","koordinat_valid":true,"validasi":"verified_official","sumber_data":"Kemendikdasmen - Sekolah Kita","sumber_koordinat":"Kemendikdasmen - Sekolah Kita API full-detail","tanggal_pengambilan":"2026-09-30"},"geometry":{"type":"Point","coordinates":[120.1642,-3.8704]}},{"type":"Feature","properties":{"npsn":"40303097","nama_sekolah":"UPTD SDN 276 ABBATIRENG","bentuk_pendidikan":"SD","status_sekolah":"NEGERI","akreditasi":"B","alamat_jalan":"Labempa","nama_dusun":"Labempa","rt":1.0,"rw":1.0,"kecamatan":"Kec. Gilireng","kabupaten":"Kab. Wajo","provinsi":"Prov. Sulawesi Selatan","kode_pos":"90954","latitude":-3.9498,"longitude":120.1718,"nomor_telepon":"0","email":"abbatirengsdn276@gmail.com","website":"http://","daya_listrik":900.0,"luas_tanah_milik":0,"sumber_listrik":"PLN","akses_internet":"Seluler","akses_internet_2":"Broadband","waktu_penyelenggaraan":"Sehari Penuh/5 hari","semester_id":"20261","semester_keterangan":"2026/2027 Gasal","sekolah_id":"A0BFAEBC-0D26-E111-B3E3-75A0BC1FD79B","koordinat_valid":true,"validasi":"verified_official","sumber_data":"Kemendikdasmen - Sekolah Kita","sumber_koordinat":"Kemendikdasmen - Sekolah Kita API full-detail","tanggal_pengambilan":"2026-09-30"},"geometry":{"type":"Point","coordinates":[120.1718,-3.9498]}},{"type":"Feature","properties":{"npsn":"40303114","nama_sekolah":"UPTD SDN 325 POLEWALIE","bentuk_pendidikan":"SD","status_sekolah":"NEGERI","akreditasi":"B","alamat_jalan":"Desa Polewalie, Kecamatan Gilireng","nama_dusun":"Alelimpo","rt":0.0,"rw":0.0,"kecamatan":"Kec. Gilireng","kabupaten":"Kab. Wajo","provinsi":"Prov. Sulawesi Selatan","kode_pos":"90954","latitude":-3.9295,"longitude":120.1575,"nomor_telepon":"085242284340","email":"sdn325polewalie@yahoo.co.id","website":"http://","daya_listrik":900.0,"luas_tanah_milik":4660,"sumber_listrik":"PLN","akses_internet":"Vsat","akses_internet_2":"Broadband","waktu_penyelenggaraan":"Pagi/5 hari","semester_id":"20261","semester_keterangan":"2026/2027 Gasal","sekolah_id":"20EDAEBC-0D26-E111-94B8-F3D71315CA87","koordinat_valid":true,"validasi":"verified_official","sumber_data":"Kemendikdasmen - Sekolah Kita","sumber_koordinat":"Kemendikdasmen - Sekolah Kita API full-detail","tanggal_pengambilan":"2026-09-30"},"geometry":{"type":"Point","coordinates":[120.1575,-3.9295]}},{"type":"Feature","properties":{"npsn":"40303233","nama_sekolah":"UPTD SDN 41 LAMATA","bentuk_pendidikan":"SD","status_sekolah":"NEGERI","akreditasi":"A","alamat_jalan":"Lamata","nama_dusun":"Laropo","rt":0.0,"rw":0.0,"kecamatan":"Kec. Gilireng","kabupaten":"Kab. Wajo","provinsi":"Prov. Sulawesi Selatan","kode_pos":"90954","latitude":-3.9489,"longitude":120.1306,"nomor_telepon":null,"email":"sdn41lamata@gmail.com","website":"http://","daya_listrik":900.0,"luas_tanah_milik":1408,"sumber_listrik":"PLN","akses_internet":"Seluler","akses_internet_2":"Broadband","waktu_penyelenggaraan":"Pagi/5 hari","semester_id":"20261","semester_keterangan":"2026/2027 Gasal","sekolah_id":"90A3ACBC-0D26-E111-AC9F-C33768E1538D","koordinat_valid":true,"validasi":"verified_official","sumber_data":"Kemendikdasmen - Sekolah Kita","sumber_koordinat":"Kemendikdasmen - Sekolah Kita API full-detail","tanggal_pengambilan":"2026-09-30"},"geometry":{"type":"Point","coordinates":[120.1306,-3.9489]}},{"type":"Feature","properties":{"npsn":"40303227","nama_sekolah":"UPTD SDN 42 ARAJANG","bentuk_pendidikan":"SD","status_sekolah":"NEGERI","akreditasi":"B","alamat_jalan":"Arajang","nama_dusun":"Arajang","rt":0.0,"rw":0.0,"kecamatan":"Kec. Gilireng","kabupaten":"Kab. Wajo","provinsi":"Prov. Sulawesi Selatan","kode_pos":"90954","latitude":-3.8943,"longitude":120.1707,"nomor_telepon":"081241616673","email":"sdn_42arajang@yahoo.com","website":"http://","daya_listrik":900.0,"luas_tanah_milik":7735,"sumber_listrik":"PLN","akses_internet":"Seluler","akses_internet_2":"Shared","waktu_penyelenggaraan":"Pagi/5 hari","semester_id":"20261","semester_keterangan":"2026/2027 Gasal","sekolah_id":"30C7ACBC-0D26-E111-BFB0-7987DDF3F028","koordinat_valid":true,"validasi":"verified_official","sumber_data":"Kemendikdasmen - Sekolah Kita","sumber_koordinat":"Kemendikdasmen - Sekolah Kita API full-detail","tanggal_pengambilan":"2026-09-30"},"geometry":{"type":"Point","coordinates":[120.1707,-3.8943]}},{"type":"Feature","properties":{"npsn":"40316615","nama_sekolah":"UPTD SDN 421 PASELLORENG","bentuk_pendidikan":"SD","status_sekolah":"NEGERI","akreditasi":"B","alamat_jalan":"Transmigrasi Bekkae","nama_dusun":"Bekkae","rt":0.0,"rw":0.0,"kecamatan":"Kec. Gilireng","kabupaten":"Kab. Wajo","provinsi":"Prov. Sulawesi Selatan","kode_pos":"90954","latitude":-3.8454,"longitude":120.2237,"nomor_telepon":"0","email":"sdn421paselloreng@gmail.com","website":"http://www.sdn421paselloreng@yahoo.co.id","daya_listrik":900.0,"luas_tanah_milik":15000,"sumber_listrik":"PLN","akses_internet":"Seluler","akses_internet_2":"Dedicated","waktu_penyelenggaraan":"Pagi/5 hari","semester_id":"20261","semester_keterangan":"2026/2027 Gasal","sekolah_id":"60EA4CC3-0D26-E111-B6DF-43D7274B89D4","koordinat_valid":true,"validasi":"verified_official","sumber_data":"Kemendikdasmen - Sekolah Kita","sumber_koordinat":"Kemendikdasmen - Sekolah Kita API full-detail","tanggal_pengambilan":"2026-09-30"},"geometry":{"type":"Point","coordinates":[120.2237,-3.8454]}},{"type":"Feature","properties":{"npsn":"40303212","nama_sekolah":"UPTD SDN 45 POLEONRO","bentuk_pendidikan":"SD","status_sekolah":"NEGERI","akreditasi":"B","alamat_jalan":"Poleonro","nama_dusun":"KAMPUNG BARU","rt":0.0,"rw":0.0,"kecamatan":"Kec. Gilireng","kabupaten":"Kab. Wajo","provinsi":"Prov. Sulawesi Selatan","kode_pos":"90954","latitude":-3.9572,"longitude":120.1671,"nomor_telepon":"085237323937","email":"sdn45poleonrowajo@gmail.com","website":"http://","daya_listrik":900.0,"luas_tanah_milik":3900,"sumber_listrik":"PLN","akses_internet":"Seluler","akses_internet_2":"Broadband","waktu_penyelenggaraan":"Sehari Penuh/5 hari","semester_id":"20261","semester_keterangan":"2026/2027 Gasal","sekolah_id":"60F0ACBC-0D26-E111-93D7-B162840F18D7","koordinat_valid":true,"validasi":"verified_official","sumber_data":"Kemendikdasmen - Sekolah Kita","sumber_koordinat":"Kemendikdasmen - Sekolah Kita API full-detail","tanggal_pengambilan":"2026-09-30"},"geometry":{"type":"Point","coordinates":[120.1671,-3.9572]}},{"type":"Feature","properties":{"npsn":"40303213","nama_sekolah":"UPTD SDN 47 MAMMINASAE","bentuk_pendidikan":"SD","status_sekolah":"NEGERI","akreditasi":"B","alamat_jalan":"Laresang Desa Mamminasae","nama_dusun":"Laresang","rt":0.0,"rw":0.0,"kecamatan":"Kec. Gilireng","kabupaten":"Kab. Wajo","provinsi":"Prov. Sulawesi Selatan","kode_pos":"90954","latitude":-3.9533,"longitude":120.1888,"nomor_telepon":"085299530559","email":"sdn47mamminasae@gmail.com","website":"http://","daya_listrik":450.0,"luas_tanah_milik":4290,"sumber_listrik":"PLN","akses_internet":"Seluler","akses_internet_2":"Shared","waktu_penyelenggaraan":"Pagi/5 hari","semester_id":"20261","semester_keterangan":"2026/2027 Gasal","sekolah_id":"0019ADBC-0D26-E111-BDF4-D704A9F3364F","koordinat_valid":true,"validasi":"verified_official","sumber_data":"Kemendikdasmen - Sekolah Kita","sumber_koordinat":"Kemendikdasmen - Sekolah Kita API full-detail","tanggal_pengambilan":"2026-09-30"},"geometry":{"type":"Point","coordinates":[120.1888,-3.9533]}},{"type":"Feature","properties":{"npsn":"40303214","nama_sekolah":"UPTD SDN 48 MAMMINASAE","bentuk_pendidikan":"SD","status_sekolah":"NEGERI","akreditasi":"B","alamat_jalan":"Laputeng","nama_dusun":"Laputeng","rt":0.0,"rw":0.0,"kecamatan":"Kec. Gilireng","kabupaten":"Kab. Wajo","provinsi":"Prov. Sulawesi Selatan","kode_pos":"90954","latitude":-3.9548,"longitude":120.1981,"nomor_telepon":null,"email":"sdn48mamminasae@gmail.com","website":"http://","daya_listrik":900.0,"luas_tanah_milik":2699,"sumber_listrik":"PLN","akses_internet":"Seluler","akses_internet_2":"Broadband","waktu_penyelenggaraan":"Pagi/5 hari","semester_id":"20261","semester_keterangan":"2026/2027 Gasal","sekolah_id":"B046ADBC-0D26-E111-9BF1-199DEDF0C102","koordinat_valid":true,"validasi":"verified_official","sumber_data":"Kemendikdasmen - Sekolah Kita","sumber_koordinat":"Kemendikdasmen - Sekolah Kita API full-detail","tanggal_pengambilan":"2026-09-30"},"geometry":{"type":"Point","coordinates":[120.1981,-3.9548]}},{"type":"Feature","properties":{"npsn":"40303215","nama_sekolah":"UPTD SDN 49 ALAUSALO","bentuk_pendidikan":"SD","status_sekolah":"NEGERI","akreditasi":"B","alamat_jalan":"Alausalo","nama_dusun":"Alausalo","rt":0.0,"rw":0.0,"kecamatan":"Kec. Gilireng","kabupaten":"Kab. Wajo","provinsi":"Prov. Sulawesi Selatan","kode_pos":"90954","latitude":-3.9354,"longitude":120.1804,"nomor_telepon":"085274104366","email":"sdnalausalo@gmail.com","website":"http://","daya_listrik":900.0,"luas_tanah_milik":1520,"sumber_listrik":"PLN","akses_internet":"Seluler","akses_internet_2":"Dedicated","waktu_penyelenggaraan":"Pagi/5 hari","semester_id":"20261","semester_keterangan":"2026/2027 Gasal","sekolah_id":"8074ADBC-0D26-E111-B850-6B04F7BF440F","koordinat_valid":true,"validasi":"verified_official","sumber_data":"Kemendikdasmen - Sekolah Kita","sumber_koordinat":"Kemendikdasmen - Sekolah Kita API full-detail","tanggal_pengambilan":"2026-09-30"},"geometry":{"type":"Point","coordinates":[120.1804,-3.9354]}},{"type":"Feature","properties":{"npsn":"40303217","nama_sekolah":"UPTD SDN 50 GILIRENG","bentuk_pendidikan":"SD","status_sekolah":"NEGERI","akreditasi":"B","alamat_jalan":"Gilireng","nama_dusun":"kelurahan gilireng","rt":0.0,"rw":0.0,"kecamatan":"Kec. Gilireng","kabupaten":"Kab. Wajo","provinsi":"Prov. Sulawesi Selatan","kode_pos":"90954","latitude":-3.9379,"longitude":120.1736,"nomor_telepon":"085242083911","email":"sdn50gilireng@gmail.com","website":"http://","daya_listrik":900.0,"luas_tanah_milik":3825,"sumber_listrik":"PLN","akses_internet":"Seluler","akses_internet_2":"Shared","waktu_penyelenggaraan":"Pagi/5 hari","semester_id":"20261","semester_keterangan":"2026/2027 Gasal","sekolah_id":"A0A2ADBC-0D26-E111-90AC-A1A3080AAAB7","koordinat_valid":true,"validasi":"verified_official","sumber_data":"Kemendikdasmen - Sekolah Kita","sumber_koordinat":"Kemendikdasmen - Sekolah Kita API full-detail","tanggal_pengambilan":"2026-09-30"},"geometry":{"type":"Point","coordinates":[120.1736,-3.9379]}},{"type":"Feature","properties":{"npsn":"40303218","nama_sekolah":"UPTD SDN 51 ARAJANG","bentuk_pendidikan":"SD","status_sekolah":"NEGERI","akreditasi":"B","alamat_jalan":"Lawareng","nama_dusun":"Lawareng","rt":0.0,"rw":0.0,"kecamatan":"Kec. Gilireng","kabupaten":"Kab. Wajo","provinsi":"Prov. Sulawesi Selatan","kode_pos":"90954","latitude":-3.9213,"longitude":120.181,"nomor_telepon":"082188322277","email":"sdnarajang@gmail.com","website":"http://","daya_listrik":900.0,"luas_tanah_milik":2450,"sumber_listrik":"PLN","akses_internet":"Seluler","akses_internet_2":"Broadband","waktu_penyelenggaraan":"Pagi/5 hari","semester_id":"20261","semester_keterangan":"2026/2027 Gasal","sekolah_id":"E0D2ADBC-0D26-E111-96BD-C33B528DA02C","koordinat_valid":true,"validasi":"verified_official","sumber_data":"Kemendikdasmen - Sekolah Kita","sumber_koordinat":"Kemendikdasmen - Sekolah Kita API full-detail","tanggal_pengambilan":"2026-09-30"},"geometry":{"type":"Point","coordinates":[120.181,-3.9213]}},{"type":"Feature","properties":{"npsn":"40303219","nama_sekolah":"UPTD SDN 52 POLEWALIE","bentuk_pendidikan":"SD","status_sekolah":"NEGERI","akreditasi":"B","alamat_jalan":"Polewalie","nama_dusun":"Awerange","rt":0.0,"rw":0.0,"kecamatan":"Kec. Gilireng","kabupaten":"Kab. Wajo","provinsi":"Prov. Sulawesi Selatan","kode_pos":"90954","latitude":-3.9334,"longitude":120.152,"nomor_telepon":"085230038666","email":"sdnlimaduapolewalie@gmail.com","website":"http://","daya_listrik":450.0,"luas_tanah_milik":1248,"sumber_listrik":"PLN","akses_internet":"Vsat","akses_internet_2":"Broadband","waktu_penyelenggaraan":"Pagi/5 hari","semester_id":"20261","semester_keterangan":"2026/2027 Gasal","sekolah_id":"40F7ADBC-0D26-E111-B988-8783CFBBD7C0","koordinat_valid":true,"validasi":"verified_official","sumber_data":"Kemendikdasmen - Sekolah Kita","sumber_koordinat":"Kemendikdasmen - Sekolah Kita API full-detail","tanggal_pengambilan":"2026-09-30"},"geometry":{"type":"Point","coordinates":[120.152,-3.9334]}},{"type":"Feature","properties":{"npsn":"40303547","nama_sekolah":"UPTD SDN 190 BALLERE","bentuk_pendidikan":"SD","status_sekolah":"NEGERI","akreditasi":"A","alamat_jalan":"BALLERE","nama_dusun":null,"rt":0.0,"rw":0.0,"kecamatan":"Kec. Keera","kabupaten":"Kab. Wajo","provinsi":"Prov. Sulawesi Selatan","kode_pos":"90993","latitude":-3.8287,"longitude":120.3244,"nomor_telepon":null,"email":"sdnigoballere@gmail.com","website":"http://","daya_listrik":1300.0,"luas_tanah_milik":8550,"sumber_listrik":"PLN","akses_internet":"Seluler","akses_internet_2":"Broadband","waktu_penyelenggaraan":"Pagi/5 hari","semester_id":"20261","semester_keterangan":"2026/2027 Gasal","sekolah_id":"60BA9EC4-0D26-E111-8FAE-09D5735C911C","koordinat_valid":true,"validasi":"verified_official","sumber_data":"Kemendikdasmen - Sekolah Kita","sumber_koordinat":"Kemendikdasmen - Sekolah Kita API full-detail","tanggal_pengambilan":"2026-09-30"},"geometry":{"type":"Point","coordinates":[120.3244,-3.8287]}},{"type":"Feature","properties":{"npsn":"40303548","nama_sekolah":"UPTD SDN 191 BALLERE","bentuk_pendidikan":"SD","status_sekolah":"NEGERI","akreditasi":"B","alamat_jalan":"Ballere","nama_dusun":"Ballere Kelurahan Ballere","rt":0.0,"rw":0.0,"kecamatan":"Kec. Keera","kabupaten":"Kab. Wajo","provinsi":"Prov. Sulawesi Selatan","kode_pos":"90993","latitude":-3.8228,"longitude":120.3227,"nomor_telepon":"085255915477","email":"sdn191ballere@yahoo.co.id","website":"http://","daya_listrik":900.0,"luas_tanah_milik":2592,"sumber_listrik":"PLN","akses_internet":"Seluler","akses_internet_2":"Broadband","waktu_penyelenggaraan":"Pagi/5 hari","semester_id":"20261","semester_keterangan":"2026/2027 Gasal","sekolah_id":"40DC9EC4-0D26-E111-93FE-1DD34F466EA0","koordinat_valid":true,"validasi":"verified_official","sumber_data":"Kemendikdasmen - Sekolah Kita","sumber_koordinat":"Kemendikdasmen - Sekolah Kita API full-detail","tanggal_pengambilan":"2026-09-30"},"geometry":{"type":"Point","coordinates":[120.3227,-3.8228]}},{"type":"Feature","properties":{"npsn":"40303549","nama_sekolah":"UPTD SDN 192 AWOTA","bentuk_pendidikan":"SD","status_sekolah":"NEGERI","akreditasi":"B","alamat_jalan":"Awota","nama_dusun":"Jonga-Jonga","rt":0.0,"rw":0.0,"kecamatan":"Kec. Keera","kabupaten":"Kab. Wajo","provinsi":"Prov. Sulawesi Selatan","kode_pos":"90993","latitude":-3.7725,"longitude":120.2866,"nomor_telepon":null,"email":"sekolahawota192@gmail.com","website":"http://","daya_listrik":900.0,"luas_tanah_milik":3635,"sumber_listrik":"PLN","akses_internet":"Seluler","akses_internet_2":"Broadband","waktu_penyelenggaraan":"Pagi/5 hari","semester_id":"20261","semester_keterangan":"2026/2027 Gasal","sekolah_id":"A013A4BC-0D26-E111-BBBF-B3DD9F35B61C","koordinat_valid":true,"validasi":"verified_official","sumber_data":"Kemendikdasmen - Sekolah Kita","sumber_koordinat":"Kemendikdasmen - Sekolah Kita API full-detail","tanggal_pengambilan":"2026-09-30"},"geometry":{"type":"Point","coordinates":[120.2866,-3.7725]}},{"type":"Feature","properties":{"npsn":"40303550","nama_sekolah":"UPTD SDN 193 LABAWANG","bentuk_pendidikan":"SD","status_sekolah":"NEGERI","akreditasi":"B","alamat_jalan":"Labawang","nama_dusun":"hombes labawang","rt":0.0,"rw":0.0,"kecamatan":"Kec. Keera","kabupaten":"Kab. Wajo","provinsi":"Prov. Sulawesi Selatan","kode_pos":"90993","latitude":-3.7868,"longitude":120.3417,"nomor_telepon":"081343569617","email":"rizredone@ymail.com","website":"http://","daya_listrik":450.0,"luas_tanah_milik":2650,"sumber_listrik":"PLN","akses_internet":"Seluler","akses_internet_2":"Shared","waktu_penyelenggaraan":"Pagi/5 hari","semester_id":"20261","semester_keterangan":"2026/2027 Gasal","sekolah_id":"C0B74CC3-0D26-E111-8708-B1EC1FE29882","koordinat_valid":true,"validasi":"verified_official","sumber_data":"Kemendikdasmen - Sekolah Kita","sumber_koordinat":"Kemendikdasmen - Sekolah Kita API full-detail","tanggal_pengambilan":"2026-09-30"},"geometry":{"type":"Point","coordinates":[120.3417,-3.7868]}},{"type":"Feature","properties":{"npsn":"40303557","nama_sekolah":"UPTD SDN 194 LABAWANG","bentuk_pendidikan":"SD","status_sekolah":"NEGERI","akreditasi":"B","alamat_jalan":"Labawang","nama_dusun":"Labawang","rt":0.0,"rw":0.0,"kecamatan":"Kec. Keera","kabupaten":"Kab. Wajo","provinsi":"Prov. Sulawesi Selatan","kode_pos":"90993","latitude":-3.7799,"longitude":120.344,"nomor_telepon":"085255589421","email":"sdn194labawang05@gmail.com","website":"http://","daya_listrik":3500.0,"luas_tanah_milik":5636,"sumber_listrik":"PLN","akses_internet":"Seluler","akses_internet_2":"Shared","waktu_penyelenggaraan":"Sehari Penuh/5 hari","semester_id":"20261","semester_keterangan":"2026/2027 Gasal","sekolah_id":"600A9FC4-0D26-E111-9584-6F04AD462C85","koordinat_valid":true,"validasi":"verified_official","sumber_data":"Kemendikdasmen - Sekolah Kita","sumber_koordinat":"Kemendikdasmen - Sekolah Kita API full-detail","tanggal_pengambilan":"2026-09-30"},"geometry":{"type":"Point","coordinates":[120.344,-3.7799]}},{"type":"Feature","properties":{"npsn":"40303556","nama_sekolah":"UPTD SDN 195 LALLISENG","bentuk_pendidikan":"SD","status_sekolah":"NEGERI","akreditasi":"B","alamat_jalan":"Lalliseng","nama_dusun":"BATUCOKKONG","rt":0.0,"rw":0.0,"kecamatan":"Kec. Keera","kabupaten":"Kab. Wajo","provinsi":"Prov. Sulawesi Selatan","kode_pos":"90993","latitude":-3.8917,"longitude":120.2771,"nomor_telepon":"085396182643","email":"sdn195lalliseng77@yahoo.com","website":null,"daya_listrik":900.0,"luas_tanah_milik":4680,"sumber_listrik":"PLN","akses_internet":"Seluler","akses_internet_2":"Shared","waktu_penyelenggaraan":"Pagi/5 hari","semester_id":"20261","semester_keterangan":"2026/2027 Gasal","sekolah_id":"C03B9FC4-0D26-E111-9951-010EE56965BD","koordinat_valid":true,"validasi":"verified_official","sumber_data":"Kemendikdasmen - Sekolah Kita","sumber_koordinat":"Kemendikdasmen - Sekolah Kita API full-detail","tanggal_pengambilan":"2026-09-30"},"geometry":{"type":"Point","coordinates":[120.2771,-3.8917]}},{"type":"Feature","properties":{"npsn":"40303554","nama_sekolah":"UPTD SDN 196 PATTIROLOKKA","bentuk_pendidikan":"SD","status_sekolah":"NEGERI","akreditasi":"B","alamat_jalan":"DUSUN PATTIROLOKKA","nama_dusun":"PATTIROLOKKA","rt":0.0,"rw":0.0,"kecamatan":"Kec. Keera","kabupaten":"Kab. Wajo","provinsi":"Prov. Sulawesi Selatan","kode_pos":"90993","latitude":-3.885,"longitude":120.3125,"nomor_telepon":"085256980993","email":"sdnpattirolokka196@gmail.com","website":"http://","daya_listrik":2200.0,"luas_tanah_milik":7015,"sumber_listrik":"PLN","akses_internet":"Seluler","akses_internet_2":"Dedicated","waktu_penyelenggaraan":"Pagi/5 hari","semester_id":"20261","semester_keterangan":"2026/2027 Gasal","sekolah_id":"206A9FC4-0D26-E111-B952-57CB076CDA28","koordinat_valid":true,"validasi":"verified_official","sumber_data":"Kemendikdasmen - Sekolah Kita","sumber_koordinat":"Kemendikdasmen - Sekolah Kita API full-detail","tanggal_pengambilan":"2026-09-30"},"geometry":{"type":"Point","coordinates":[120.3125,-3.885]}},{"type":"Feature","properties":{"npsn":"40303422","nama_sekolah":"UPTD SDN 234 INRELLO","bentuk_pendidikan":"SD","status_sekolah":"NEGERI","akreditasi":"B","alamat_jalan":"Longka Desa Inrello","nama_dusun":"Inrello","rt":0.0,"rw":0.0,"kecamatan":"Kec. Keera","kabupaten":"Kab. Wajo","provinsi":"Prov. Sulawesi Selatan","kode_pos":"90993","latitude":-3.8456,"longitude":120.3031,"nomor_telepon":"085255004877","email":"uptdsdn234inrello@gmail.com","website":"http://https://s.id/234inrellosdn","daya_listrik":2200.0,"luas_tanah_milik":3213,"sumber_listrik":"PLN","akses_internet":"Vsat","akses_internet_2":"Broadband","waktu_penyelenggaraan":"Pagi/5 hari","semester_id":"20261","semester_keterangan":"2026/2027 Gasal","sekolah_id":"10989FC4-0D26-E111-BFDB-3F291BF7A980","koordinat_valid":true,"validasi":"verified_official","sumber_data":"Kemendikdasmen - Sekolah Kita","sumber_koordinat":"Kemendikdasmen - Sekolah Kita API full-detail","tanggal_pengambilan":"2026-09-30"},"geometry":{"type":"Point","coordinates":[120.3031,-3.8456]}},{"type":"Feature","properties":{"npsn":"40303490","nama_sekolah":"UPTD SDN 257 PAOJEPE","bentuk_pendidikan":"SD","status_sekolah":"NEGERI","akreditasi":"B","alamat_jalan":"Paojepe","nama_dusun":"APPASARENG","rt":0.0,"rw":0.0,"kecamatan":"Kec. Keera","kabupaten":"Kab. Wajo","provinsi":"Prov. Sulawesi Selatan","kode_pos":"90993","latitude":-3.7818,"longitude":120.3525,"nomor_telepon":"082293100072","email":"sdn257paojepe@yahoo.com","website":"http://","daya_listrik":450.0,"luas_tanah_milik":10971,"sumber_listrik":"PLN","akses_internet":"Seluler","akses_internet_2":"Shared","waktu_penyelenggaraan":"Pagi/5 hari","semester_id":"20261","semester_keterangan":"2026/2027 Gasal","sekolah_id":"A0C59FC4-0D26-E111-9CCB-BB604897A2A0","koordinat_valid":true,"validasi":"verified_official","sumber_data":"Kemendikdasmen - Sekolah Kita","sumber_koordinat":"Kemendikdasmen - Sekolah Kita API full-detail","tanggal_pengambilan":"2026-09-30"},"geometry":{"type":"Point","coordinates":[120.3525,-3.7818]}},{"type":"Feature","properties":{"npsn":"40303139","nama_sekolah":"UPTD SDN 317 CIROMANI","bentuk_pendidikan":"SD","status_sekolah":"NEGERI","akreditasi":"B","alamat_jalan":"Labitte Desa  Ciromanie","nama_dusun":"Labitte","rt":0.0,"rw":0.0,"kecamatan":"Kec. Keera","kabupaten":"Kab. Wajo","provinsi":"Prov. Sulawesi Selatan","kode_pos":"90993","latitude":-3.8037,"longitude":120.33,"nomor_telepon":"085240895202","email":"sdn317ciromanikeera@gmail.com","website":"http://","daya_listrik":900.0,"luas_tanah_milik":2650,"sumber_listrik":"PLN","akses_internet":"Seluler","akses_internet_2":"Shared","waktu_penyelenggaraan":"Pagi/5 hari","semester_id":"20261","semester_keterangan":"2026/2027 Gasal","sekolah_id":"603AA4BC-0D26-E111-B2E1-AD344A5DDB69","koordinat_valid":true,"validasi":"verified_official","sumber_data":"Kemendikdasmen - Sekolah Kita","sumber_koordinat":"Kemendikdasmen - Sekolah Kita API full-detail","tanggal_pengambilan":"2026-09-30"},"geometry":{"type":"Point","coordinates":[120.33,-3.8037]}},{"type":"Feature","properties":{"npsn":"40303143","nama_sekolah":"UPTD SDN 320 BALLERE","bentuk_pendidikan":"SD","status_sekolah":"NEGERI","akreditasi":"B","alamat_jalan":"Lajope","nama_dusun":"Lajope","rt":0.0,"rw":0.0,"kecamatan":"Kec. Keera","kabupaten":"Kab. Wajo","provinsi":"Prov. Sulawesi Selatan","kode_pos":"90993","latitude":-3.8289,"longitude":120.3244,"nomor_telepon":null,"email":"sdn320.ballere@gmail.com","website":"http://sdn320ballere.net/index.php","daya_listrik":900.0,"luas_tanah_milik":8550,"sumber_listrik":"PLN","akses_internet":"Seluler","akses_internet_2":"Broadband","waktu_penyelenggaraan":"Pagi/5 hari","semester_id":"20261","semester_keterangan":"2026/2027 Gasal","sekolah_id":"00F29FC4-0D26-E111-90CE-47C618174F94","koordinat_valid":true,"validasi":"verified_official","sumber_data":"Kemendikdasmen - Sekolah Kita","sumber_koordinat":"Kemendikdasmen - Sekolah Kita API full-detail","tanggal_pengambilan":"2026-09-30"},"geometry":{"type":"Point","coordinates":[120.3244,-3.8289]}},{"type":"Feature","properties":{"npsn":"40303144","nama_sekolah":"UPTD SDN 321 BALLERE","bentuk_pendidikan":"SD","status_sekolah":"NEGERI","akreditasi":"B","alamat_jalan":"Ballere, Kec keera","nama_dusun":"BALLERE","rt":1.0,"rw":1.0,"kecamatan":"Kec. Keera","kabupaten":"Kab. Wajo","provinsi":"Prov. Sulawesi Selatan","kode_pos":"90993","latitude":-3.8176,"longitude":120.3263,"nomor_telepon":"085342553622","email":"sdn321ballere@gmail.com","website":"http://sdn321ballere.web","daya_listrik":900.0,"luas_tanah_milik":2821,"sumber_listrik":"PLN","akses_internet":"Seluler","akses_internet_2":"Broadband","waktu_penyelenggaraan":"Sehari Penuh/5 hari","semester_id":"20261","semester_keterangan":"2026/2027 Gasal","sekolah_id":"3021A0C4-0D26-E111-8CC5-FD711373E8FB","koordinat_valid":true,"validasi":"verified_official","sumber_data":"Kemendikdasmen - Sekolah Kita","sumber_koordinat":"Kemendikdasmen - Sekolah Kita API full-detail","tanggal_pengambilan":"2026-09-30"},"geometry":{"type":"Point","coordinates":[120.3263,-3.8176]}},{"type":"Feature","properties":{"npsn":"40303130","nama_sekolah":"UPTD SDN 322 LALLISENG","bentuk_pendidikan":"SD","status_sekolah":"NEGERI","akreditasi":"B","alamat_jalan":"LALLISENG","nama_dusun":"WIRAE","rt":0.0,"rw":0.0,"kecamatan":"Kec. Keera","kabupaten":"Kab. Wajo","provinsi":"Prov. Sulawesi Selatan","kode_pos":"90993","latitude":-3.9115,"longitude":120.2807,"nomor_telepon":"085342553622","email":"sdn322lalliseng@gmail.com","website":"http://","daya_listrik":450.0,"luas_tanah_milik":3621,"sumber_listrik":"PLN","akses_internet":"Seluler","akses_internet_2":"Broadband","waktu_penyelenggaraan":"Sehari Penuh/5 hari","semester_id":"20261","semester_keterangan":"2026/2027 Gasal","sekolah_id":"6042A0C4-0D26-E111-AA0E-9BB5B088B204","koordinat_valid":true,"validasi":"verified_official","sumber_data":"Kemendikdasmen - Sekolah Kita","sumber_koordinat":"Kemendikdasmen - Sekolah Kita API full-detail","tanggal_pengambilan":"2026-09-30"},"geometry":{"type":"Point","coordinates":[120.2807,-3.9115]}},{"type":"Feature","properties":{"npsn":"40303044","nama_sekolah":"UPTD SDN 350 AWOTA","bentuk_pendidikan":"SD","status_sekolah":"NEGERI","akreditasi":"B","alamat_jalan":"Ajucolo","nama_dusun":"ONGKOE","rt":0.0,"rw":0.0,"kecamatan":"Kec. Keera","kabupaten":"Kab. Wajo","provinsi":"Prov. Sulawesi Selatan","kode_pos":"90993","latitude":-3.773,"longitude":120.3071,"nomor_telepon":null,"email":"sdn350ajucolo@gmail.com","website":"http://","daya_listrik":900.0,"luas_tanah_milik":4500,"sumber_listrik":"PLN","akses_internet":"Wireless","akses_internet_2":"Shared","waktu_penyelenggaraan":"Sehari Penuh/5 hari","semester_id":"20261","semester_keterangan":"2026/2027 Gasal","sekolah_id":"A061A0C4-0D26-E111-A630-07410F23E1FE","koordinat_valid":true,"validasi":"verified_official","sumber_data":"Kemendikdasmen - Sekolah Kita","sumber_koordinat":"Kemendikdasmen - Sekolah Kita API full-detail","tanggal_pengambilan":"2026-09-30"},"geometry":{"type":"Point","coordinates":[120.3071,-3.773]}},{"type":"Feature","properties":{"npsn":"40303055","nama_sekolah":"UPTD SDN 396 PATTIROLOKKA","bentuk_pendidikan":"SD","status_sekolah":"NEGERI","akreditasi":"B","alamat_jalan":"LANGKENNA","nama_dusun":"LANGKENNA","rt":0.0,"rw":0.0,"kecamatan":"Kec. Keera","kabupaten":"Kab. Wajo","provinsi":"Prov. Sulawesi Selatan","kode_pos":"90993","latitude":-3.9008,"longitude":120.3257,"nomor_telepon":null,"email":"Sdn396pattirolokka@gmail.com","website":"http://","daya_listrik":900.0,"luas_tanah_milik":2500,"sumber_listrik":"PLN","akses_internet":"Seluler","akses_internet_2":"Broadband","waktu_penyelenggaraan":"Pagi/5 hari","semester_id":"20261","semester_keterangan":"2026/2027 Gasal","sekolah_id":"E080A0C4-0D26-E111-9D4F-A3612ED5B144","koordinat_valid":true,"validasi":"verified_official","sumber_data":"Kemendikdasmen - Sekolah Kita","sumber_koordinat":"Kemendikdasmen - Sekolah Kita API full-detail","tanggal_pengambilan":"2026-09-30"},"geometry":{"type":"Point","coordinates":[120.3257,-3.9008]}},{"type":"Feature","properties":{"npsn":"40303056","nama_sekolah":"UPTD SDN 397 AWO","bentuk_pendidikan":"SD","status_sekolah":"NEGERI","akreditasi":"C","alamat_jalan":"Awo Desa Awo","nama_dusun":"Dake","rt":0.0,"rw":0.0,"kecamatan":"Kec. Keera","kabupaten":"Kab. Wajo","provinsi":"Prov. Sulawesi Selatan","kode_pos":"90993","latitude":-3.7661,"longitude":120.2628,"nomor_telepon":"082347781555","email":"sdnawokeera@gmail.com","website":"http://","daya_listrik":2200.0,"luas_tanah_milik":3484,"sumber_listrik":"PLN","akses_internet":"Seluler","akses_internet_2":"Broadband","waktu_penyelenggaraan":"Sehari Penuh/5 hari","semester_id":"20261","semester_keterangan":"2026/2027 Gasal","sekolah_id":"50ACA0C4-0D26-E111-9767-A1A95D637F50","koordinat_valid":true,"validasi":"verified_official","sumber_data":"Kemendikdasmen - Sekolah Kita","sumber_koordinat":"Kemendikdasmen - Sekolah Kita API full-detail","tanggal_pengambilan":"2026-09-30"},"geometry":{"type":"Point","coordinates":[120.2628,-3.7661]}},{"type":"Feature","properties":{"npsn":"40303061","nama_sekolah":"UPTD SDN 400 INRELLO","bentuk_pendidikan":"SD","status_sekolah":"NEGERI","akreditasi":"B","alamat_jalan":"Inrello","nama_dusun":"Latappareng","rt":0.0,"rw":0.0,"kecamatan":"Kec. Keera","kabupaten":"Kab. Wajo","provinsi":"Prov. Sulawesi Selatan","kode_pos":"90993","latitude":-3.8487,"longitude":120.2974,"nomor_telepon":"085255608090","email":"sdn400inrello@gmail.com","website":"http://","daya_listrik":2200.0,"luas_tanah_milik":2952,"sumber_listrik":"PLN","akses_internet":"Seluler","akses_internet_2":"Broadband","waktu_penyelenggaraan":"Pagi/5 hari","semester_id":"20261","semester_keterangan":"2026/2027 Gasal","sekolah_id":"50D8A0C4-0D26-E111-810A-DDB3E44B8549","koordinat_valid":true,"validasi":"verified_official","sumber_data":"Kemendikdasmen - Sekolah Kita","sumber_koordinat":"Kemendikdasmen - Sekolah Kita API full-detail","tanggal_pengambilan":"2026-09-30"},"geometry":{"type":"Point","coordinates":[120.2974,-3.8487]}},{"type":"Feature","properties":{"npsn":"40303237","nama_sekolah":"UPTD SDN 412 INRELLO","bentuk_pendidikan":"SD","status_sekolah":"NEGERI","akreditasi":"B","alamat_jalan":"Inrello","nama_dusun":"Watti","rt":0.0,"rw":0.0,"kecamatan":"Kec. Keera","kabupaten":"Kab. Wajo","provinsi":"Prov. Sulawesi Selatan","kode_pos":"90993","latitude":-3.8583,"longitude":120.334,"nomor_telepon":"0887436627958","email":"sdn412inrello@gmail.com","website":"http://","daya_listrik":900.0,"luas_tanah_milik":1628,"sumber_listrik":"PLN","akses_internet":"Seluler","akses_internet_2":"Broadband","waktu_penyelenggaraan":"Pagi/5 hari","semester_id":"20261","semester_keterangan":"2026/2027 Gasal","sekolah_id":"6003A1C4-0D26-E111-A0FB-495F913CB7B1","koordinat_valid":true,"validasi":"verified_official","sumber_data":"Kemendikdasmen - Sekolah Kita","sumber_koordinat":"Kemendikdasmen - Sekolah Kita API full-detail","tanggal_pengambilan":"2026-09-30"},"geometry":{"type":"Point","coordinates":[120.334,-3.8583]}},{"type":"Feature","properties":{"npsn":"40303238","nama_sekolah":"UPTD SDN 413 PAOJEPE","bentuk_pendidikan":"SD","status_sekolah":"NEGERI","akreditasi":"B","alamat_jalan":"Masiae Desa Paojepe Kec. Keera","nama_dusun":"MASIAE","rt":0.0,"rw":0.0,"kecamatan":"Kec. Keera","kabupaten":"Kab. Wajo","provinsi":"Prov. Sulawesi Selatan","kode_pos":"90993","latitude":-3.7937,"longitude":120.3631,"nomor_telepon":"085256902803","email":"sdn413paojepe@gmail.com","website":"http://","daya_listrik":900.0,"luas_tanah_milik":1986,"sumber_listrik":"PLN","akses_internet":"Seluler","akses_internet_2":"Shared","waktu_penyelenggaraan":"Pagi/5 hari","semester_id":"20261","semester_keterangan":"2026/2027 Gasal","sekolah_id":"802EA1C4-0D26-E111-951B-C35E7A9E18F2","koordinat_valid":true,"validasi":"verified_official","sumber_data":"Kemendikdasmen - Sekolah Kita","sumber_koordinat":"Kemendikdasmen - Sekolah Kita API full-detail","tanggal_pengambilan":"2026-09-30"},"geometry":{"type":"Point","coordinates":[120.3631,-3.7937]}},{"type":"Feature","properties":{"npsn":"40303239","nama_sekolah":"UPTD SDN 414 KEERA","bentuk_pendidikan":"SD","status_sekolah":"NEGERI","akreditasi":"B","alamat_jalan":"KEERA","nama_dusun":"TAPPONG","rt":0.0,"rw":0.0,"kecamatan":"Kec. Keera","kabupaten":"Kab. Wajo","provinsi":"Prov. Sulawesi Selatan","kode_pos":"90993","latitude":-3.8269,"longitude":120.3477,"nomor_telepon":null,"email":"sdn414keera@yahoo.com","website":"http://","daya_listrik":450.0,"luas_tanah_milik":1625,"sumber_listrik":"PLN","akses_internet":"Wireless","akses_internet_2":"Shared","waktu_penyelenggaraan":"Sehari Penuh/5 hari","semester_id":"20261","semester_keterangan":"2026/2027 Gasal","sekolah_id":"0063A1C4-0D26-E111-B6AB-D786D4B2F582","koordinat_valid":true,"validasi":"verified_official","sumber_data":"Kemendikdasmen - Sekolah Kita","sumber_koordinat":"Kemendikdasmen - Sekolah Kita API full-detail","tanggal_pengambilan":"2026-09-30"},"geometry":{"type":"Point","coordinates":[120.3477,-3.8269]}},{"type":"Feature","properties":{"npsn":"40303240","nama_sekolah":"UPTD SDN 415 AWO","bentuk_pendidikan":"SD","status_sekolah":"NEGERI","akreditasi":"A","alamat_jalan":"Bekkae Desa Awo","nama_dusun":"Bekkae","rt":0.0,"rw":0.0,"kecamatan":"Kec. Keera","kabupaten":"Kab. Wajo","provinsi":"Prov. Sulawesi Selatan","kode_pos":"90993","latitude":-3.7474,"longitude":120.2681,"nomor_telepon":"082319793256","email":"santiasri80@gmail.com","website":"http://","daya_listrik":900.0,"luas_tanah_milik":2500,"sumber_listrik":"PLN","akses_internet":"Seluler","akses_internet_2":"Broadband","waktu_penyelenggaraan":"Pagi/5 hari","semester_id":"20261","semester_keterangan":"2026/2027 Gasal","sekolah_id":"1096A1C4-0D26-E111-B3C0-37BE2BEA4E51","koordinat_valid":true,"validasi":"verified_official","sumber_data":"Kemendikdasmen - Sekolah Kita","sumber_koordinat":"Kemendikdasmen - Sekolah Kita API full-detail","tanggal_pengambilan":"2026-09-30"},"geometry":{"type":"Point","coordinates":[120.2681,-3.7474]}},{"type":"Feature","properties":{"npsn":"40303242","nama_sekolah":"UPTD SDN 417 LALLISENG","bentuk_pendidikan":"SD","status_sekolah":"NEGERI","akreditasi":"B","alamat_jalan":"Poleko","nama_dusun":"Abbanuangnge","rt":0.0,"rw":0.0,"kecamatan":"Kec. Keera","kabupaten":"Kab. Wajo","provinsi":"Prov. Sulawesi Selatan","kode_pos":"90993","latitude":-3.7808,"longitude":120.1529,"nomor_telepon":"085255560320","email":"sdn417lalliseng@gmail.com","website":"http://","daya_listrik":900.0,"luas_tanah_milik":3000,"sumber_listrik":"PLN","akses_internet":"Seluler","akses_internet_2":"Broadband","waktu_penyelenggaraan":"Pagi/5 hari","semester_id":"20261","semester_keterangan":"2026/2027 Gasal","sekolah_id":"10C8A1C4-0D26-E111-86D3-17513ABC3273","koordinat_valid":true,"validasi":"verified_official","sumber_data":"Kemendikdasmen - Sekolah Kita","sumber_koordinat":"Kemendikdasmen - Sekolah Kita API full-detail","tanggal_pengambilan":"2026-09-30"},"geometry":{"type":"Point","coordinates":[120.1529,-3.7808]}},{"type":"Feature","properties":{"npsn":"40316614","nama_sekolah":"UPTD SDN 420 AWO","bentuk_pendidikan":"SD","status_sekolah":"NEGERI","akreditasi":"B","alamat_jalan":"AWO","nama_dusun":"ABBUENG","rt":0.0,"rw":0.0,"kecamatan":"Kec. Keera","kabupaten":"Kab. Wajo","provinsi":"Prov. Sulawesi Selatan","kode_pos":"90993","latitude":-3.7672,"longitude":120.2305,"nomor_telepon":"085226456767","email":"sdn420awo@gmail.com","website":"http://","daya_listrik":900.0,"luas_tanah_milik":3500,"sumber_listrik":"PLN","akses_internet":"Seluler","akses_internet_2":"Broadband","waktu_penyelenggaraan":"Pagi/5 hari","semester_id":"20261","semester_keterangan":"2026/2027 Gasal","sekolah_id":"000D93A7-FEEF-E111-83B1-0F55CCD2A82F","koordinat_valid":true,"validasi":"verified_official","sumber_data":"Kemendikdasmen - Sekolah Kita","sumber_koordinat":"Kemendikdasmen - Sekolah Kita API full-detail","tanggal_pengambilan":"2026-09-30"},"geometry":{"type":"Point","coordinates":[120.2305,-3.7672]}},{"type":"Feature","properties":{"npsn":"40303513","nama_sekolah":"UPTD SDN 156 PARIA","bentuk_pendidikan":"SD","status_sekolah":"NEGERI","akreditasi":"B","alamat_jalan":"Jalan Kemakmuran Paria","nama_dusun":"Lingkungan Lompo","rt":0.0,"rw":0.0,"kecamatan":"Kec. Majauleng","kabupaten":"Kab. Wajo","provinsi":"Prov. Sulawesi Selatan","kode_pos":"90991","latitude":-4.023,"longitude":120.1484,"nomor_telepon":"085394471358","email":"sdn_156paria@rocketmail.com","website":"http://","daya_listrik":1300.0,"luas_tanah_milik":3420,"sumber_listrik":"PLN","akses_internet":"Wireless","akses_internet_2":"Dedicated","waktu_penyelenggaraan":"Pagi/6 hari","semester_id":"20261","semester_keterangan":"2026/2027 Gasal","sekolah_id":"306D8EBC-0D26-E111-B9BF-9718622E4CAF","koordinat_valid":true,"validasi":"verified_official","sumber_data":"Kemendikdasmen - Sekolah Kita","sumber_koordinat":"Kemendikdasmen - Sekolah Kita API full-detail","tanggal_pengambilan":"2026-09-30"},"geometry":{"type":"Point","coordinates":[120.1484,-4.023]}},{"type":"Feature","properties":{"npsn":"40303514","nama_sekolah":"UPTD SDN 157 LAERUNG","bentuk_pendidikan":"SD","status_sekolah":"NEGERI","akreditasi":"B","alamat_jalan":"Laerung","nama_dusun":"Dusun Laerung","rt":0.0,"rw":0.0,"kecamatan":"Kec. Majauleng","kabupaten":"Kab. Wajo","provinsi":"Prov. Sulawesi Selatan","kode_pos":"90991","latitude":-3.9909,"longitude":120.164,"nomor_telepon":"085341715728","email":"sdn157laerung@yahoo.com","website":"http://","daya_listrik":900.0,"luas_tanah_milik":1555,"sumber_listrik":"PLN","akses_internet":"Seluler","akses_internet_2":"Broadband","waktu_penyelenggaraan":"Pagi/5 hari","semester_id":"20261","semester_keterangan":"2026/2027 Gasal","sekolah_id":"E0928EBC-0D26-E111-94D4-6F7AB5FE3D4E","koordinat_valid":true,"validasi":"verified_official","sumber_data":"Kemendikdasmen - Sekolah Kita","sumber_koordinat":"Kemendikdasmen - Sekolah Kita API full-detail","tanggal_pengambilan":"2026-09-30"},"geometry":{"type":"Point","coordinates":[120.164,-3.9909]}},{"type":"Feature","properties":{"npsn":"40303515","nama_sekolah":"UPTD SDN 158 URAIYANG","bentuk_pendidikan":"SD","status_sekolah":"NEGERI","akreditasi":"B","alamat_jalan":"Uraiyang","nama_dusun":null,"rt":0.0,"rw":0.0,"kecamatan":"Kec. Majauleng","kabupaten":"Kab. Wajo","provinsi":"Prov. Sulawesi Selatan","kode_pos":"90991","latitude":-4.0231,"longitude":120.1325,"nomor_telepon":"081343937175","email":"sdnsatulimadelapan@gmail.com","website":"http://","daya_listrik":1300.0,"luas_tanah_milik":9754,"sumber_listrik":"PLN","akses_internet":"Seluler","akses_internet_2":"Shared","waktu_penyelenggaraan":"Pagi/5 hari","semester_id":"20261","semester_keterangan":"2026/2027 Gasal","sekolah_id":"80B98EBC-0D26-E111-999A-6B465015A37B","koordinat_valid":true,"validasi":"verified_official","sumber_data":"Kemendikdasmen - Sekolah Kita","sumber_koordinat":"Kemendikdasmen - Sekolah Kita API full-detail","tanggal_pengambilan":"2026-09-30"},"geometry":{"type":"Point","coordinates":[120.1325,-4.0231]}},{"type":"Feature","properties":{"npsn":"40303517","nama_sekolah":"UPTD SDN 161 CINNONGTABI","bentuk_pendidikan":"SD","status_sekolah":"NEGERI","akreditasi":"B","alamat_jalan":"Mellenge","nama_dusun":"Kobbae","rt":0.0,"rw":0.0,"kecamatan":"Kec. Majauleng","kabupaten":"Kab. Wajo","provinsi":"Prov. Sulawesi Selatan","kode_pos":"90991","latitude":-4.0758,"longitude":120.1305,"nomor_telepon":null,"email":"sdnsatuenamsatucinnongtabi14@gmail.com","website":null,"daya_listrik":1300.0,"luas_tanah_milik":1200,"sumber_listrik":"PLN","akses_internet":"Seluler","akses_internet_2":"Shared","waktu_penyelenggaraan":"Pagi/5 hari","semester_id":"20261","semester_keterangan":"2026/2027 Gasal","sekolah_id":"80BC8FBC-0D26-E111-818C-1B42DEDE6967","koordinat_valid":true,"validasi":"verified_official","sumber_data":"Kemendikdasmen - Sekolah Kita","sumber_koordinat":"Kemendikdasmen - Sekolah Kita API full-detail","tanggal_pengambilan":"2026-09-30"},"geometry":{"type":"Point","coordinates":[120.1305,-4.0758]}},{"type":"Feature","properties":{"npsn":"40303518","nama_sekolah":"UPTD SDN 162 CINNONG TABI","bentuk_pendidikan":"SD","status_sekolah":"NEGERI","akreditasi":"B","alamat_jalan":"Kobbae Cinnongtabi","nama_dusun":"Kobbae","rt":1.0,"rw":3.0,"kecamatan":"Kec. Majauleng","kabupaten":"Kab. Wajo","provinsi":"Prov. Sulawesi Selatan","kode_pos":"90991","latitude":-4.0883,"longitude":120.128,"nomor_telepon":"088245464417","email":"sd162cinnongtabi@gmail.com","website":"http://www.162cinta.com","daya_listrik":900.0,"luas_tanah_milik":2723,"sumber_listrik":"PLN","akses_internet":"Seluler","akses_internet_2":"Broadband","waktu_penyelenggaraan":"Pagi/5 hari","semester_id":"20261","semester_keterangan":"2026/2027 Gasal","sekolah_id":"10E78FBC-0D26-E111-AED2-6D53776C8472","koordinat_valid":true,"validasi":"verified_official","sumber_data":"Kemendikdasmen - Sekolah Kita","sumber_koordinat":"Kemendikdasmen - Sekolah Kita API full-detail","tanggal_pengambilan":"2026-09-30"},"geometry":{"type":"Point","coordinates":[120.128,-4.0883]}},{"type":"Feature","properties":{"npsn":"40303519","nama_sekolah":"UPTD SDN 163 TELLULIMPOE","bentuk_pendidikan":"SD","status_sekolah":"NEGERI","akreditasi":"A","alamat_jalan":"Dusun Menge","nama_dusun":"MENGE","rt":0.0,"rw":0.0,"kecamatan":"Kec. Majauleng","kabupaten":"Kab. Wajo","provinsi":"Prov. Sulawesi Selatan","kode_pos":"90991","latitude":-4.1227,"longitude":120.1164,"nomor_telepon":"082259993368","email":"sdn163tellulimpoe@gmail.com","website":"http://","daya_listrik":900.0,"luas_tanah_milik":4183,"sumber_listrik":"PLN","akses_internet":"Seluler","akses_internet_2":"Dedicated","waktu_penyelenggaraan":"Sehari Penuh/5 hari","semester_id":"20261","semester_keterangan":"2026/2027 Gasal","sekolah_id":"100F90BC-0D26-E111-BD21-EDE7787DFEB9","koordinat_valid":true,"validasi":"verified_official","sumber_data":"Kemendikdasmen - Sekolah Kita","sumber_koordinat":"Kemendikdasmen - Sekolah Kita API full-detail","tanggal_pengambilan":"2026-09-30"},"geometry":{"type":"Point","coordinates":[120.1164,-4.1227]}},{"type":"Feature","properties":{"npsn":"40303520","nama_sekolah":"UPTD SDN 164 TOSORA","bentuk_pendidikan":"SD","status_sekolah":"NEGERI","akreditasi":"B","alamat_jalan":"Jl. Syeh Jamaluddin Tosora ","nama_dusun":"lece leceng","rt":0.0,"rw":0.0,"kecamatan":"Kec. Majauleng","kabupaten":"Kab. Wajo","provinsi":"Prov. Sulawesi Selatan","kode_pos":"90991","latitude":-4.1262,"longitude":120.1159,"nomor_telepon":"08124141180","email":"sdn164tosora123@gmail.com","website":"http://","daya_listrik":1300.0,"luas_tanah_milik":4482,"sumber_listrik":"PLN","akses_internet":"Seluler","akses_internet_2":"Shared","waktu_penyelenggaraan":"Sehari Penuh/5 hari","semester_id":"20261","semester_keterangan":"2026/2027 Gasal","sekolah_id":"C03B90BC-0D26-E111-93FE-676AB28CEB19","koordinat_valid":true,"validasi":"verified_official","sumber_data":"Kemendikdasmen - Sekolah Kita","sumber_koordinat":"Kemendikdasmen - Sekolah Kita API full-detail","tanggal_pengambilan":"2026-09-30"},"geometry":{"type":"Point","coordinates":[120.1159,-4.1262]}},{"type":"Feature","properties":{"npsn":"40303521","nama_sekolah":"UPTD SDN 167 TUA","bentuk_pendidikan":"SD","status_sekolah":"NEGERI","akreditasi":"B","alamat_jalan":"Dusun Limpua","nama_dusun":"Limpua","rt":0.0,"rw":0.0,"kecamatan":"Kec. Majauleng","kabupaten":"Kab. Wajo","provinsi":"Prov. Sulawesi Selatan","kode_pos":"90991","latitude":-3.8691,"longitude":120.2031,"nomor_telepon":null,"email":"elschoolonesixseven@yahoo.com","website":"http://","daya_listrik":900.0,"luas_tanah_milik":5530,"sumber_listrik":"PLN","akses_internet":"Seluler","akses_internet_2":"Broadband","waktu_penyelenggaraan":"Pagi/5 hari","semester_id":"20261","semester_keterangan":"2026/2027 Gasal","sekolah_id":"406090BC-0D26-E111-8966-EDAA436A7240","koordinat_valid":true,"validasi":"verified_official","sumber_data":"Kemendikdasmen - Sekolah Kita","sumber_koordinat":"Kemendikdasmen - Sekolah Kita API full-detail","tanggal_pengambilan":"2026-09-30"},"geometry":{"type":"Point","coordinates":[120.2031,-3.8691]}},{"type":"Feature","properties":{"npsn":"40303522","nama_sekolah":"UPTD SDN 168 RUMPIA","bentuk_pendidikan":"SD","status_sekolah":"NEGERI","akreditasi":"A","alamat_jalan":"Jl. Kemakmuran Atapange","nama_dusun":"TOBALIU","rt":0.0,"rw":0.0,"kecamatan":"Kec. Majauleng","kabupaten":"Kab. Wajo","provinsi":"Prov. Sulawesi Selatan","kode_pos":"90991","latitude":-4.0213,"longitude":120.1779,"nomor_telepon":"081343607616","email":"rumpiasatuenamdelapan@gmail.com","website":"http://","daya_listrik":900.0,"luas_tanah_milik":1741,"sumber_listrik":"PLN","akses_internet":"Fibre Optic","akses_internet_2":"Broadband","waktu_penyelenggaraan":"Pagi/5 hari","semester_id":"20261","semester_keterangan":"2026/2027 Gasal","sekolah_id":"208390BC-0D26-E111-A902-931AA4F6781C","koordinat_valid":true,"validasi":"verified_official","sumber_data":"Kemendikdasmen - Sekolah Kita","sumber_koordinat":"Kemendikdasmen - Sekolah Kita API full-detail","tanggal_pengambilan":"2026-09-30"},"geometry":{"type":"Point","coordinates":[120.1779,-4.0213]}},{"type":"Feature","properties":{"npsn":"40303523","nama_sekolah":"UPTD SDN 169 RUMPIA","bentuk_pendidikan":"SD","status_sekolah":"NEGERI","akreditasi":"B","alamat_jalan":"Jl. H.a. Oddang Atapange","nama_dusun":"TOBALIU","rt":0.0,"rw":0.0,"kecamatan":"Kec. Majauleng","kabupaten":"Kab. Wajo","provinsi":"Prov. Sulawesi Selatan","kode_pos":"90991","latitude":-4.0231,"longitude":120.1764,"nomor_telepon":"0","email":"sdn.169rumpia@yahoo.co.id","website":null,"daya_listrik":900.0,"luas_tanah_milik":10935,"sumber_listrik":"PLN","akses_internet":"Fibre Optic","akses_internet_2":"Dedicated","waktu_penyelenggaraan":"Pagi/5 hari","semester_id":"20261","semester_keterangan":"2026/2027 Gasal","sekolah_id":"D0AC90BC-0D26-E111-95EB-29B5ABEED457","koordinat_valid":true,"validasi":"verified_official","sumber_data":"Kemendikdasmen - Sekolah Kita","sumber_koordinat":"Kemendikdasmen - Sekolah Kita API full-detail","tanggal_pengambilan":"2026-09-30"},"geometry":{"type":"Point","coordinates":[120.1764,-4.0231]}},{"type":"Feature","properties":{"npsn":"40303508","nama_sekolah":"UPTD SDN 170 RUMPIA","bentuk_pendidikan":"SD","status_sekolah":"NEGERI","akreditasi":"A","alamat_jalan":"Jl. Ambo Pai Atapange","nama_dusun":"Uru","rt":0.0,"rw":0.0,"kecamatan":"Kec. Majauleng","kabupaten":"Kab. Wajo","provinsi":"Prov. Sulawesi Selatan","kode_pos":"90991","latitude":-4.0194,"longitude":120.1835,"nomor_telepon":"0","email":"sdn170r@yahoo.com","website":"http://","daya_listrik":900.0,"luas_tanah_milik":2516,"sumber_listrik":"PLN","akses_internet":"Wireless","akses_internet_2":"Shared","waktu_penyelenggaraan":"Pagi/5 hari","semester_id":"20261","semester_keterangan":"2026/2027 Gasal","sekolah_id":"20E390BC-0D26-E111-8270-C5114A9DE981","koordinat_valid":true,"validasi":"verified_official","sumber_data":"Kemendikdasmen - Sekolah Kita","sumber_koordinat":"Kemendikdasmen - Sekolah Kita API full-detail","tanggal_pengambilan":"2026-09-30"},"geometry":{"type":"Point","coordinates":[120.1835,-4.0194]}},{"type":"Feature","properties":{"npsn":"40303494","nama_sekolah":"UPTD SDN 171 LIU","bentuk_pendidikan":"SD","status_sekolah":"NEGERI","akreditasi":"B","alamat_jalan":"Liu","nama_dusun":"Watan Liu","rt":0.0,"rw":0.0,"kecamatan":"Kec. Majauleng","kabupaten":"Kab. Wajo","provinsi":"Prov. Sulawesi Selatan","kode_pos":"90991","latitude":-3.9694,"longitude":120.1929,"nomor_telepon":"085243058303","email":"sdn171liumajauleng@gmail.com","website":"http://","daya_listrik":900.0,"luas_tanah_milik":1794,"sumber_listrik":"PLN","akses_internet":"Seluler","akses_internet_2":"Broadband","waktu_penyelenggaraan":"Pagi/5 hari","semester_id":"20261","semester_keterangan":"2026/2027 Gasal","sekolah_id":"100891BC-0D26-E111-A5AF-7BE93F11E930","koordinat_valid":true,"validasi":"verified_official","sumber_data":"Kemendikdasmen - Sekolah Kita","sumber_koordinat":"Kemendikdasmen - Sekolah Kita API full-detail","tanggal_pengambilan":"2026-09-30"},"geometry":{"type":"Point","coordinates":[120.1929,-3.9694]}},{"type":"Feature","properties":{"npsn":"40303495","nama_sekolah":"UPTD SDN 172 TENGNGA","bentuk_pendidikan":"SD","status_sekolah":"NEGERI","akreditasi":"B","alamat_jalan":"Desa Tengnga Kecamatan Majauleng Kabupaten Wajo","nama_dusun":"BULU","rt":0.0,"rw":0.0,"kecamatan":"Kec. Majauleng","kabupaten":"Kab. Wajo","provinsi":"Prov. Sulawesi Selatan","kode_pos":"90991","latitude":-4.0636,"longitude":120.1843,"nomor_telepon":null,"email":"sdn172tengngam@gmail.com","website":"http://www.sdn172tengngam.com","daya_listrik":450.0,"luas_tanah_milik":3290,"sumber_listrik":"PLN","akses_internet":"Seluler","akses_internet_2":"Shared","waktu_penyelenggaraan":"Sehari Penuh/5 hari","semester_id":"20261","semester_keterangan":"2026/2027 Gasal","sekolah_id":"903291BC-0D26-E111-AD60-4B01EC4EECFE","koordinat_valid":true,"validasi":"verified_official","sumber_data":"Kemendikdasmen - Sekolah Kita","sumber_koordinat":"Kemendikdasmen - Sekolah Kita API full-detail","tanggal_pengambilan":"2026-09-30"},"geometry":{"type":"Point","coordinates":[120.1843,-4.0636]}},{"type":"Feature","properties":{"npsn":"40303496","nama_sekolah":"UPTD SDN 174 TAJO","bentuk_pendidikan":"SD","status_sekolah":"NEGERI","akreditasi":"B","alamat_jalan":"Gancenge","nama_dusun":"Gancenge","rt":0.0,"rw":0.0,"kecamatan":"Kec. Majauleng","kabupaten":"Kab. Wajo","provinsi":"Prov. Sulawesi Selatan","kode_pos":"90991","latitude":-4.0965,"longitude":120.1474,"nomor_telepon":"085298772559","email":"andiwahda_ramadhani@yahoo.com","website":"http://sdn174tajo.net/admin/index.php","daya_listrik":1300.0,"luas_tanah_milik":2162,"sumber_listrik":"PLN","akses_internet":"Seluler","akses_internet_2":"Broadband","waktu_penyelenggaraan":"Pagi/5 hari","semester_id":"20261","semester_keterangan":"2026/2027 Gasal","sekolah_id":"B05E91BC-0D26-E111-86E0-719331183C94","koordinat_valid":true,"validasi":"verified_official","sumber_data":"Kemendikdasmen - Sekolah Kita","sumber_koordinat":"Kemendikdasmen - Sekolah Kita API full-detail","tanggal_pengambilan":"2026-09-30"},"geometry":{"type":"Point","coordinates":[120.1474,-4.0965]}},{"type":"Feature","properties":{"npsn":"40303497","nama_sekolah":"UPTD SDN 175 WATAN RUMPIA","bentuk_pendidikan":"SD","status_sekolah":"NEGERI","akreditasi":"B","alamat_jalan":"Watan Rumpia","nama_dusun":"Tengnga","rt":0.0,"rw":0.0,"kecamatan":"Kec. Majauleng","kabupaten":"Kab. Wajo","provinsi":"Prov. Sulawesi Selatan","kode_pos":"90991","latitude":-4.0372,"longitude":120.1715,"nomor_telepon":"085250873997","email":"sdn175wtr@gmail.com","website":"http://sdn175watanrumpia.net/html/index.php","daya_listrik":2200.0,"luas_tanah_milik":4500,"sumber_listrik":"PLN","akses_internet":"Seluler","akses_internet_2":"Shared","waktu_penyelenggaraan":"Pagi/5 hari","semester_id":"20261","semester_keterangan":"2026/2027 Gasal","sekolah_id":"108B91BC-0D26-E111-B97F-4BAC9BDEB851","koordinat_valid":true,"validasi":"verified_official","sumber_data":"Kemendikdasmen - Sekolah Kita","sumber_koordinat":"Kemendikdasmen - Sekolah Kita API full-detail","tanggal_pengambilan":"2026-09-30"},"geometry":{"type":"Point","coordinates":[120.1715,-4.0372]}},{"type":"Feature","properties":{"npsn":"40303498","nama_sekolah":"UPTD SDN 176 BOTTOTANRE","bentuk_pendidikan":"SD","status_sekolah":"NEGERI","akreditasi":"B","alamat_jalan":"Jl. Poros Atapange Doping Dusun Lamemmang Kec. Majauleng Kab. Wajo","nama_dusun":"LAMEMMANG","rt":0.0,"rw":0.0,"kecamatan":"Kec. Majauleng","kabupaten":"Kab. Wajo","provinsi":"Prov. Sulawesi Selatan","kode_pos":"90991","latitude":-4.0289,"longitude":120.1991,"nomor_telepon":"081355380967","email":"tale176@yahoo.com","website":"http://https://s.id/uptd-sd-negeri176bottotanre","daya_listrik":900.0,"luas_tanah_milik":3319,"sumber_listrik":"PLN","akses_internet":"Wireless","akses_internet_2":"Shared","waktu_penyelenggaraan":"Pagi/5 hari","semester_id":"20261","semester_keterangan":"2026/2027 Gasal","sekolah_id":"00B791BC-0D26-E111-8359-CF2EDA89575B","koordinat_valid":true,"validasi":"verified_official","sumber_data":"Kemendikdasmen - Sekolah Kita","sumber_koordinat":"Kemendikdasmen - Sekolah Kita API full-detail","tanggal_pengambilan":"2026-09-30"},"geometry":{"type":"Point","coordinates":[120.1991,-4.0289]}},{"type":"Feature","properties":{"npsn":"40303499","nama_sekolah":"UPTD SDN 177 BOTTOTANRE","bentuk_pendidikan":"SD","status_sekolah":"NEGERI","akreditasi":"B","alamat_jalan":"Sanrangeng","nama_dusun":"Sanrangeng","rt":0.0,"rw":0.0,"kecamatan":"Kec. Majauleng","kabupaten":"Kab. Wajo","provinsi":"Prov. Sulawesi Selatan","kode_pos":"90991","latitude":-4.039,"longitude":120.2166,"nomor_telepon":"085396341746","email":"sdn.177bottotanre@yahoo.co.id","website":"http://","daya_listrik":900.0,"luas_tanah_milik":2803,"sumber_listrik":"PLN","akses_internet":"Seluler","akses_internet_2":"Shared","waktu_penyelenggaraan":"Pagi/5 hari","semester_id":"20261","semester_keterangan":"2026/2027 Gasal","sekolah_id":"E0E291BC-0D26-E111-8A95-2B1A392DA98D","koordinat_valid":true,"validasi":"verified_official","sumber_data":"Kemendikdasmen - Sekolah Kita","sumber_koordinat":"Kemendikdasmen - Sekolah Kita API full-detail","tanggal_pengambilan":"2026-09-30"},"geometry":{"type":"Point","coordinates":[120.2166,-4.039]}},{"type":"Feature","properties":{"npsn":"40303500","nama_sekolah":"UPTD SDN 178 RUMPIA","bentuk_pendidikan":"SD","status_sekolah":"NEGERI","akreditasi":"B","alamat_jalan":"Abbatange","nama_dusun":"Atapange","rt":1.0,"rw":1.0,"kecamatan":"Kec. Majauleng","kabupaten":"Kab. Wajo","provinsi":"Prov. Sulawesi Selatan","kode_pos":"90991","latitude":-4.0164,"longitude":120.1826,"nomor_telepon":null,"email":"sdn178rumpiakabwajo@gmail.com","website":"http://sdn178rumpia.com","daya_listrik":450.0,"luas_tanah_milik":1645,"sumber_listrik":"PLN","akses_internet":"Seluler","akses_internet_2":"Broadband","waktu_penyelenggaraan":"Pagi/5 hari","semester_id":"20261","semester_keterangan":"2026/2027 Gasal","sekolah_id":"E00E92BC-0D26-E111-9A5C-FF8A55A4A080","koordinat_valid":true,"validasi":"verified_official","sumber_data":"Kemendikdasmen - Sekolah Kita","sumber_koordinat":"Kemendikdasmen - Sekolah Kita API full-detail","tanggal_pengambilan":"2026-09-30"},"geometry":{"type":"Point","coordinates":[120.1826,-4.0164]}},{"type":"Feature","properties":{"npsn":"40303501","nama_sekolah":"UPTD SDN 179 BOTTOBENTENG","bentuk_pendidikan":"SD","status_sekolah":"NEGERI","akreditasi":"A","alamat_jalan":"Bottodongga Poros Sengkang - Palopo","nama_dusun":"Bottodongga","rt":0.0,"rw":0.0,"kecamatan":"Kec. Majauleng","kabupaten":"Kab. Wajo","provinsi":"Prov. Sulawesi Selatan","kode_pos":"90991","latitude":-3.9916,"longitude":120.1948,"nomor_telepon":"085341360367","email":"sdn179bottobenteng@gmail.com","website":"http://","daya_listrik":900.0,"luas_tanah_milik":5029,"sumber_listrik":"PLN","akses_internet":"Fibre Optic","akses_internet_2":"Dedicated","waktu_penyelenggaraan":"Pagi/5 hari","semester_id":"20261","semester_keterangan":"2026/2027 Gasal","sekolah_id":"003B92BC-0D26-E111-BA92-8502156D0C6E","koordinat_valid":true,"validasi":"verified_official","sumber_data":"Kemendikdasmen - Sekolah Kita","sumber_koordinat":"Kemendikdasmen - Sekolah Kita API full-detail","tanggal_pengambilan":"2026-09-30"},"geometry":{"type":"Point","coordinates":[120.1948,-3.9916]}},{"type":"Feature","properties":{"npsn":"40303503","nama_sekolah":"UPTD SDN 180 BOTTOBENTENG","bentuk_pendidikan":"SD","status_sekolah":"NEGERI","akreditasi":"B","alamat_jalan":"Benceng-benceng","nama_dusun":"Benceng-benceng","rt":1.0,"rw":1.0,"kecamatan":"Kec. Majauleng","kabupaten":"Kab. Wajo","provinsi":"Prov. Sulawesi Selatan","kode_pos":"90991","latitude":-3.9952,"longitude":120.2207,"nomor_telepon":"085255054587","email":"sdn180bottobenteng@yahoo.co.id","website":"http://","daya_listrik":900.0,"luas_tanah_milik":6566,"sumber_listrik":"PLN","akses_internet":"Fibre Optic","akses_internet_2":"Shared","waktu_penyelenggaraan":"Pagi/5 hari","semester_id":"20261","semester_keterangan":"2026/2027 Gasal","sekolah_id":"E06192BC-0D26-E111-BF2F-9FC86C04C0A3","koordinat_valid":true,"validasi":"verified_official","sumber_data":"Kemendikdasmen - Sekolah Kita","sumber_koordinat":"Kemendikdasmen - Sekolah Kita API full-detail","tanggal_pengambilan":"2026-09-30"},"geometry":{"type":"Point","coordinates":[120.2207,-3.9952]}},{"type":"Feature","properties":{"npsn":"40303537","nama_sekolah":"UPTD SDN 210 BOTTOPENNO","bentuk_pendidikan":"SD","status_sekolah":"NEGERI","akreditasi":"B","alamat_jalan":"Pao-pao","nama_dusun":"Pao-pao","rt":0.0,"rw":0.0,"kecamatan":"Kec. Majauleng","kabupaten":"Kab. Wajo","provinsi":"Prov. Sulawesi Selatan","kode_pos":"90991","latitude":-4.0101,"longitude":120.1859,"nomor_telepon":"085146209060","email":"sdn210bottopenno@yahoo.co.id","website":"http://","daya_listrik":900.0,"luas_tanah_milik":3172,"sumber_listrik":"PLN","akses_internet":"Wireless","akses_internet_2":"Broadband","waktu_penyelenggaraan":"Pagi/5 hari","semester_id":"20261","semester_keterangan":"2026/2027 Gasal","sekolah_id":"008592BC-0D26-E111-A50A-A7E526BB87A8","koordinat_valid":true,"validasi":"verified_official","sumber_data":"Kemendikdasmen - Sekolah Kita","sumber_koordinat":"Kemendikdasmen - Sekolah Kita API full-detail","tanggal_pengambilan":"2026-09-30"},"geometry":{"type":"Point","coordinates":[120.1859,-4.0101]}},{"type":"Feature","properties":{"npsn":"40303449","nama_sekolah":"UPTD SDN 229 PARIA","bentuk_pendidikan":"SD","status_sekolah":"NEGERI","akreditasi":"B","alamat_jalan":"Paria","nama_dusun":"lompo","rt":0.0,"rw":0.0,"kecamatan":"Kec. Majauleng","kabupaten":"Kab. Wajo","provinsi":"Prov. Sulawesi Selatan","kode_pos":"90991","latitude":-4.0216,"longitude":120.1522,"nomor_telepon":null,"email":"sdn.229@gmail.com","website":"http://","daya_listrik":1300.0,"luas_tanah_milik":9100,"sumber_listrik":"PLN","akses_internet":"Fibre Optic","akses_internet_2":"Dedicated","waktu_penyelenggaraan":"Pagi/5 hari","semester_id":"20261","semester_keterangan":"2026/2027 Gasal","sekolah_id":"80B592BC-0D26-E111-9517-E105EDF81C15","koordinat_valid":true,"validasi":"verified_official","sumber_data":"Kemendikdasmen - Sekolah Kita","sumber_koordinat":"Kemendikdasmen - Sekolah Kita API full-detail","tanggal_pengambilan":"2026-09-30"},"geometry":{"type":"Point","coordinates":[120.1522,-4.0216]}},{"type":"Feature","properties":{"npsn":"40303433","nama_sekolah":"UPTD SDN 230 TOSORA","bentuk_pendidikan":"SD","status_sekolah":"NEGERI","akreditasi":"A","alamat_jalan":"Tosora","nama_dusun":"Tosora","rt":0.0,"rw":0.0,"kecamatan":"Kec. Majauleng","kabupaten":"Kab. Wajo","provinsi":"Prov. Sulawesi Selatan","kode_pos":"90991","latitude":-4.1184,"longitude":120.1206,"nomor_telepon":null,"email":"sdn230tosoramajauleng@gmail.com","website":"http://","daya_listrik":900.0,"luas_tanah_milik":5162,"sumber_listrik":"PLN","akses_internet":"Seluler","akses_internet_2":"Shared","waktu_penyelenggaraan":"Pagi/5 hari","semester_id":"20261","semester_keterangan":"2026/2027 Gasal","sekolah_id":"C0E092BC-0D26-E111-8ED0-75ACF2F3DC46","koordinat_valid":true,"validasi":"verified_official","sumber_data":"Kemendikdasmen - Sekolah Kita","sumber_koordinat":"Kemendikdasmen - Sekolah Kita API full-detail","tanggal_pengambilan":"2026-09-30"},"geometry":{"type":"Point","coordinates":[120.1206,-4.1184]}},{"type":"Feature","properties":{"npsn":"40303419","nama_sekolah":"UPTD SDN 231 LIU","bentuk_pendidikan":"SD","status_sekolah":"NEGERI","akreditasi":"B","alamat_jalan":"Liu","nama_dusun":"Tarumpakkae","rt":0.0,"rw":0.0,"kecamatan":"Kec. Majauleng","kabupaten":"Kab. Wajo","provinsi":"Prov. Sulawesi Selatan","kode_pos":"90991","latitude":-3.9743,"longitude":120.1999,"nomor_telepon":null,"email":"sdn231liumajauleng@gmail.com","website":"http://","daya_listrik":1300.0,"luas_tanah_milik":13000,"sumber_listrik":"PLN","akses_internet":"Seluler","akses_internet_2":"Shared","waktu_penyelenggaraan":"Pagi/5 hari","semester_id":"20261","semester_keterangan":"2026/2027 Gasal","sekolah_id":"C00893BC-0D26-E111-A6E4-45F8613641CC","koordinat_valid":true,"validasi":"verified_official","sumber_data":"Kemendikdasmen - Sekolah Kita","sumber_koordinat":"Kemendikdasmen - Sekolah Kita API full-detail","tanggal_pengambilan":"2026-09-30"},"geometry":{"type":"Point","coordinates":[120.1999,-3.9743]}},{"type":"Feature","properties":{"npsn":"40303485","nama_sekolah":"UPTD SDN 252 LAERUNG","bentuk_pendidikan":"SD","status_sekolah":"NEGERI","akreditasi":"B","alamat_jalan":"Laerung","nama_dusun":"Alau Langkara","rt":0.0,"rw":0.0,"kecamatan":"Kec. Majauleng","kabupaten":"Kab. Wajo","provinsi":"Prov. Sulawesi Selatan","kode_pos":"90991","latitude":-3.9839,"longitude":120.1694,"nomor_telepon":"0","email":"enna_nhasya@yahoo.co.id","website":"http://","daya_listrik":450.0,"luas_tanah_milik":3960,"sumber_listrik":"PLN","akses_internet":"Seluler","akses_internet_2":"Broadband","waktu_penyelenggaraan":"Sehari Penuh/5 hari","semester_id":"20261","semester_keterangan":"2026/2027 Gasal","sekolah_id":"E02E93BC-0D26-E111-BD49-31564403819A","koordinat_valid":true,"validasi":"verified_official","sumber_data":"Kemendikdasmen - Sekolah Kita","sumber_koordinat":"Kemendikdasmen - Sekolah Kita API full-detail","tanggal_pengambilan":"2026-09-30"},"geometry":{"type":"Point","coordinates":[120.1694,-3.9839]}},{"type":"Feature","properties":{"npsn":"40303486","nama_sekolah":"UPTD SDN 253 MACANANG","bentuk_pendidikan":"SD","status_sekolah":"NEGERI","akreditasi":"B","alamat_jalan":"Macanang","nama_dusun":"Awakaluku","rt":0.0,"rw":0.0,"kecamatan":"Kec. Majauleng","kabupaten":"Kab. Wajo","provinsi":"Prov. Sulawesi Selatan","kode_pos":"90991","latitude":-4.0923,"longitude":120.1065,"nomor_telepon":"085255225702","email":"sdn253macanang253@gmail.com","website":"http://","daya_listrik":900.0,"luas_tanah_milik":2175000,"sumber_listrik":"PLN","akses_internet":"Seluler","akses_internet_2":"Broadband","waktu_penyelenggaraan":"Pagi/5 hari","semester_id":"20261","semester_keterangan":"2026/2027 Gasal","sekolah_id":"D05493BC-0D26-E111-AC83-2BED33DB222E","koordinat_valid":true,"validasi":"verified_official","sumber_data":"Kemendikdasmen - Sekolah Kita","sumber_koordinat":"Kemendikdasmen - Sekolah Kita API full-detail","tanggal_pengambilan":"2026-09-30"},"geometry":{"type":"Point","coordinates":[120.1065,-4.0923]}},{"type":"Feature","properties":{"npsn":"40303487","nama_sekolah":"UPTD SDN 254 TENGNGA","bentuk_pendidikan":"SD","status_sekolah":"NEGERI","akreditasi":"B","alamat_jalan":"Bulu, Desa Tengnga Kecamatan Majauleng Kabupaten Wajo","nama_dusun":"Bulu","rt":0.0,"rw":0.0,"kecamatan":"Kec. Majauleng","kabupaten":"Kab. Wajo","provinsi":"Prov. Sulawesi Selatan","kode_pos":"90991","latitude":-4.0631,"longitude":120.1818,"nomor_telepon":"085298375851","email":"sdntengnga@gmail.com","website":"http://","daya_listrik":1300.0,"luas_tanah_milik":3024,"sumber_listrik":"PLN","akses_internet":"Seluler","akses_internet_2":"Broadband","waktu_penyelenggaraan":"Pagi/5 hari","semester_id":"20261","semester_keterangan":"2026/2027 Gasal","sekolah_id":"707893BC-0D26-E111-8322-09771E7312D6","koordinat_valid":true,"validasi":"verified_official","sumber_data":"Kemendikdasmen - Sekolah Kita","sumber_koordinat":"Kemendikdasmen - Sekolah Kita API full-detail","tanggal_pengambilan":"2026-09-30"},"geometry":{"type":"Point","coordinates":[120.1818,-4.0631]}},{"type":"Feature","properties":{"npsn":"40303136","nama_sekolah":"UPTD SDN 312 CINNONGTABI","bentuk_pendidikan":"SD","status_sekolah":"NEGERI","akreditasi":"B","alamat_jalan":"Mellenge","nama_dusun":"Mellenge","rt":3.0,"rw":3.0,"kecamatan":"Kec. Majauleng","kabupaten":"Kab. Wajo","provinsi":"Prov. Sulawesi Selatan","kode_pos":"90991","latitude":-4.0605,"longitude":120.1302,"nomor_telepon":"082393533157","email":"sdn312cinnongtabi@gmail.com","website":"http://","daya_listrik":1300.0,"luas_tanah_milik":5823,"sumber_listrik":"PLN","akses_internet":"Wireless","akses_internet_2":"Dedicated","waktu_penyelenggaraan":"Sehari Penuh/5 hari","semester_id":"20261","semester_keterangan":"2026/2027 Gasal","sekolah_id":"80C193BC-0D26-E111-A447-078A202DFE8D","koordinat_valid":true,"validasi":"verified_official","sumber_data":"Kemendikdasmen - Sekolah Kita","sumber_koordinat":"Kemendikdasmen - Sekolah Kita API full-detail","tanggal_pengambilan":"2026-09-30"},"geometry":{"type":"Point","coordinates":[120.1302,-4.0605]}},{"type":"Feature","properties":{"npsn":"40303137","nama_sekolah":"UPTD SDN 313 TUA","bentuk_pendidikan":"SD","status_sekolah":"NEGERI","akreditasi":"B","alamat_jalan":"Paung","nama_dusun":"Paung","rt":0.0,"rw":0.0,"kecamatan":"Kec. Majauleng","kabupaten":"Kab. Wajo","provinsi":"Prov. Sulawesi Selatan","kode_pos":"90991","latitude":-4.1068,"longitude":120.0991,"nomor_telepon":null,"email":"sdn313paungwajo@yahoo.com","website":null,"daya_listrik":900.0,"luas_tanah_milik":8752,"sumber_listrik":"PLN","akses_internet":"Seluler","akses_internet_2":"Shared","waktu_penyelenggaraan":"Pagi/5 hari","semester_id":"20261","semester_keterangan":"2026/2027 Gasal","sekolah_id":"30E593BC-0D26-E111-9DA1-41F670000A40","koordinat_valid":true,"validasi":"verified_official","sumber_data":"Kemendikdasmen - Sekolah Kita","sumber_koordinat":"Kemendikdasmen - Sekolah Kita API full-detail","tanggal_pengambilan":"2026-09-30"},"geometry":{"type":"Point","coordinates":[120.0991,-4.1068]}},{"type":"Feature","properties":{"npsn":"40303138","nama_sekolah":"UPTD SDN 315 LAMIKU","bentuk_pendidikan":"SD","status_sekolah":"NEGERI","akreditasi":"B","alamat_jalan":"Sarammae","nama_dusun":"Sarammae","rt":0.0,"rw":0.0,"kecamatan":"Kec. Majauleng","kabupaten":"Kab. Wajo","provinsi":"Prov. Sulawesi Selatan","kode_pos":"90991","latitude":-4.0314,"longitude":120.2333,"nomor_telepon":"082190361610","email":"arisarammae@gmail.com","website":"http://","daya_listrik":900.0,"luas_tanah_milik":5580,"sumber_listrik":"PLN","akses_internet":"Wireless","akses_internet_2":"Broadband","waktu_penyelenggaraan":"Pagi/6 hari","semester_id":"20261","semester_keterangan":"2026/2027 Gasal","sekolah_id":"C00794BC-0D26-E111-BE78-DB867EB40B75","koordinat_valid":true,"validasi":"verified_official","sumber_data":"Kemendikdasmen - Sekolah Kita","sumber_koordinat":"Kemendikdasmen - Sekolah Kita API full-detail","tanggal_pengambilan":"2026-09-30"},"geometry":{"type":"Point","coordinates":[120.2333,-4.0314]}},{"type":"Feature","properties":{"npsn":"40303039","nama_sekolah":"UPTD SDN 346 LIMPOMAJANG","bentuk_pendidikan":"SD","status_sekolah":"NEGERI","akreditasi":"B","alamat_jalan":"Limpomajang","nama_dusun":"Jokkae","rt":0.0,"rw":0.0,"kecamatan":"Kec. Majauleng","kabupaten":"Kab. Wajo","provinsi":"Prov. Sulawesi Selatan","kode_pos":"90991","latitude":-4.0203,"longitude":120.1625,"nomor_telepon":null,"email":"ancah0342@gmail.com","website":null,"daya_listrik":900.0,"luas_tanah_milik":8190,"sumber_listrik":"PLN","akses_internet":"Seluler","akses_internet_2":"Broadband","waktu_penyelenggaraan":"Sehari Penuh/5 hari","semester_id":"20261","semester_keterangan":"2026/2027 Gasal","sekolah_id":"C02D94BC-0D26-E111-BA72-3565640D95A7","koordinat_valid":true,"validasi":"verified_official","sumber_data":"Kemendikdasmen - Sekolah Kita","sumber_koordinat":"Kemendikdasmen - Sekolah Kita API full-detail","tanggal_pengambilan":"2026-09-30"},"geometry":{"type":"Point","coordinates":[120.1625,-4.0203]}},{"type":"Feature","properties":{"npsn":"40303040","nama_sekolah":"UPTD SDN 347 TAJO","bentuk_pendidikan":"SD","status_sekolah":"NEGERI","akreditasi":"B","alamat_jalan":"Lamasewanua","nama_dusun":"Lamasewanua","rt":0.0,"rw":0.0,"kecamatan":"Kec. Majauleng","kabupaten":"Kab. Wajo","provinsi":"Prov. Sulawesi Selatan","kode_pos":"90991","latitude":-4.1135,"longitude":120.1522,"nomor_telepon":"082396768935","email":"tigaempattujuh347tajo@gmail.com","website":"http://","daya_listrik":900.0,"luas_tanah_milik":4018,"sumber_listrik":"PLN","akses_internet":"Wireless","akses_internet_2":"Shared","waktu_penyelenggaraan":"Pagi/5 hari","semester_id":"20261","semester_keterangan":"2026/2027 Gasal","sekolah_id":"205594BC-0D26-E111-A614-C325BCC0D277","koordinat_valid":true,"validasi":"verified_official","sumber_data":"Kemendikdasmen - Sekolah Kita","sumber_koordinat":"Kemendikdasmen - Sekolah Kita API full-detail","tanggal_pengambilan":"2026-09-30"},"geometry":{"type":"Point","coordinates":[120.1522,-4.1135]}},{"type":"Feature","properties":{"npsn":"40303041","nama_sekolah":"UPTD SDN 348 LAMIKU","bentuk_pendidikan":"SD","status_sekolah":"NEGERI","akreditasi":"B","alamat_jalan":"Lakalompiwi","nama_dusun":"Lapaba","rt":0.0,"rw":0.0,"kecamatan":"Kec. Majauleng","kabupaten":"Kab. Wajo","provinsi":"Prov. Sulawesi Selatan","kode_pos":"90991","latitude":-4.0004,"longitude":120.2453,"nomor_telepon":"085341146127","email":"sdn348.lamiku@gmail.com","website":"http://","daya_listrik":1300.0,"luas_tanah_milik":3721,"sumber_listrik":"PLN","akses_internet":"Seluler","akses_internet_2":"Shared","waktu_penyelenggaraan":"Pagi/5 hari","semester_id":"20261","semester_keterangan":"2026/2027 Gasal","sekolah_id":"F07A94BC-0D26-E111-A483-FB7F374CA99E","koordinat_valid":true,"validasi":"verified_official","sumber_data":"Kemendikdasmen - Sekolah Kita","sumber_koordinat":"Kemendikdasmen - Sekolah Kita API full-detail","tanggal_pengambilan":"2026-09-30"},"geometry":{"type":"Point","coordinates":[120.2453,-4.0004]}},{"type":"Feature","properties":{"npsn":"40303028","nama_sekolah":"UPTD SDN 367 PARIA","bentuk_pendidikan":"SD","status_sekolah":"NEGERI","akreditasi":"B","alamat_jalan":"Lasuloi","nama_dusun":null,"rt":0.0,"rw":0.0,"kecamatan":"Kec. Majauleng","kabupaten":"Kab. Wajo","provinsi":"Prov. Sulawesi Selatan","kode_pos":"90991","latitude":-4.0408,"longitude":120.1498,"nomor_telepon":null,"email":"sdntigaenamtujuh@yahoo.co.id","website":"http://","daya_listrik":450.0,"luas_tanah_milik":4248,"sumber_listrik":"PLN","akses_internet":"Wireless","akses_internet_2":"Broadband","waktu_penyelenggaraan":"Sehari Penuh/5 hari","semester_id":"20261","semester_keterangan":"2026/2027 Gasal","sekolah_id":"80AE94BC-0D26-E111-B06E-F714D0065DFF","koordinat_valid":true,"validasi":"verified_official","sumber_data":"Kemendikdasmen - Sekolah Kita","sumber_koordinat":"Kemendikdasmen - Sekolah Kita API full-detail","tanggal_pengambilan":"2026-09-30"},"geometry":{"type":"Point","coordinates":[120.1498,-4.0408]}},{"type":"Feature","properties":{"npsn":"40303063","nama_sekolah":"UPTD SDN 389 URAIYANG","bentuk_pendidikan":"SD","status_sekolah":"NEGERI","akreditasi":"B","alamat_jalan":"Pasa-pasa","nama_dusun":"Pasa-Pasa","rt":0.0,"rw":0.0,"kecamatan":"Kec. Majauleng","kabupaten":"Kab. Wajo","provinsi":"Prov. Sulawesi Selatan","kode_pos":"90991","latitude":-4.0047,"longitude":120.1376,"nomor_telepon":"081245447546","email":"uraiyang389@yahoo.com","website":"http://","daya_listrik":900.0,"luas_tanah_milik":4536,"sumber_listrik":"PLN","akses_internet":"Seluler","akses_internet_2":"Shared","waktu_penyelenggaraan":"Pagi/5 hari","semester_id":"20261","semester_keterangan":"2026/2027 Gasal","sekolah_id":"A0D494BC-0D26-E111-8746-3BEB87A6245B","koordinat_valid":true,"validasi":"verified_official","sumber_data":"Kemendikdasmen - Sekolah Kita","sumber_koordinat":"Kemendikdasmen - Sekolah Kita API full-detail","tanggal_pengambilan":"2026-09-30"},"geometry":{"type":"Point","coordinates":[120.1376,-4.0047]}},{"type":"Feature","properties":{"npsn":"40303050","nama_sekolah":"UPTD SDN 390 LIMPOMAJANG","bentuk_pendidikan":"SD","status_sekolah":"NEGERI","akreditasi":"B","alamat_jalan":"Caccae","nama_dusun":"Caccae","rt":0.0,"rw":0.0,"kecamatan":"Kec. Majauleng","kabupaten":"Kab. Wajo","provinsi":"Prov. Sulawesi Selatan","kode_pos":"90991","latitude":-4.0107,"longitude":120.1577,"nomor_telepon":null,"email":"Slimpomajang@yahoo.co.id","website":"http://","daya_listrik":1300.0,"luas_tanah_milik":4500,"sumber_listrik":"PLN","akses_internet":"Seluler","akses_internet_2":"Shared","waktu_penyelenggaraan":"Pagi/5 hari","semester_id":"20261","semester_keterangan":"2026/2027 Gasal","sekolah_id":"20FA94BC-0D26-E111-B075-2DD8C903BFBE","koordinat_valid":true,"validasi":"verified_official","sumber_data":"Kemendikdasmen - Sekolah Kita","sumber_koordinat":"Kemendikdasmen - Sekolah Kita API full-detail","tanggal_pengambilan":"2026-09-30"},"geometry":{"type":"Point","coordinates":[120.1577,-4.0107]}},{"type":"Feature","properties":{"npsn":"40303051","nama_sekolah":"UPTD SDN 391 TOSORA","bentuk_pendidikan":"SD","status_sekolah":"NEGERI","akreditasi":"B","alamat_jalan":"Amessangeng","nama_dusun":"AMESSANGENG","rt":0.0,"rw":0.0,"kecamatan":"Kec. Majauleng","kabupaten":"Kab. Wajo","provinsi":"Prov. Sulawesi Selatan","kode_pos":"90991","latitude":-4.12,"longitude":120.1291,"nomor_telepon":"085342029302","email":"bessecenrara2@gmail.com","website":"http://","daya_listrik":900.0,"luas_tanah_milik":1855,"sumber_listrik":"PLN","akses_internet":"Seluler","akses_internet_2":"Shared","waktu_penyelenggaraan":"Pagi/5 hari","semester_id":"20261","semester_keterangan":"2026/2027 Gasal","sekolah_id":"302695BC-0D26-E111-AC49-13EF87D659F3","koordinat_valid":true,"validasi":"verified_official","sumber_data":"Kemendikdasmen - Sekolah Kita","sumber_koordinat":"Kemendikdasmen - Sekolah Kita API full-detail","tanggal_pengambilan":"2026-09-30"},"geometry":{"type":"Point","coordinates":[120.1291,-4.12]}},{"type":"Feature","properties":{"npsn":"40303052","nama_sekolah":"UPTD SDN 392 TUA","bentuk_pendidikan":"SD","status_sekolah":"NEGERI","akreditasi":"B","alamat_jalan":"Penre","nama_dusun":"Kampung Baru","rt":0.0,"rw":0.0,"kecamatan":"Kec. Majauleng","kabupaten":"Kab. Wajo","provinsi":"Prov. Sulawesi Selatan","kode_pos":"90991","latitude":-4.0973,"longitude":120.0904,"nomor_telepon":null,"email":"sdn392tuapenrewajo@yahoo.co.id","website":"http://","daya_listrik":900.0,"luas_tanah_milik":2544,"sumber_listrik":"PLN","akses_internet":"Wireless","akses_internet_2":"Shared","waktu_penyelenggaraan":"Pagi/5 hari","semester_id":"20261","semester_keterangan":"2026/2027 Gasal","sekolah_id":"205295BC-0D26-E111-953F-F3D639D530B4","koordinat_valid":true,"validasi":"verified_official","sumber_data":"Kemendikdasmen - Sekolah Kita","sumber_koordinat":"Kemendikdasmen - Sekolah Kita API full-detail","tanggal_pengambilan":"2026-09-30"},"geometry":{"type":"Point","coordinates":[120.0904,-4.0973]}},{"type":"Feature","properties":{"npsn":"40303528","nama_sekolah":"UPTD SDN 202 ANABANUA","bentuk_pendidikan":"SD","status_sekolah":"NEGERI","akreditasi":"A","alamat_jalan":"Anabanua","nama_dusun":"Anabanua","rt":0.0,"rw":0.0,"kecamatan":"Kec. Maniang Pajo","kabupaten":"Kab. Wajo","provinsi":"Prov. Sulawesi Selatan","kode_pos":"90952","latitude":-3.9484,"longitude":120.0646,"nomor_telepon":null,"email":"sdn202anabanua1@gmail.com","website":"http://","daya_listrik":1300.0,"luas_tanah_milik":4464,"sumber_listrik":"PLN","akses_internet":"Wireless","akses_internet_2":"Broadband","waktu_penyelenggaraan":"Pagi/5 hari","semester_id":"20261","semester_keterangan":"2026/2027 Gasal","sekolah_id":"4058A1BC-0D26-E111-90B8-C382E4FCAE0E","koordinat_valid":true,"validasi":"verified_official","sumber_data":"Kemendikdasmen - Sekolah Kita","sumber_koordinat":"Kemendikdasmen - Sekolah Kita API full-detail","tanggal_pengambilan":"2026-09-30"},"geometry":{"type":"Point","coordinates":[120.0646,-3.9484]}},{"type":"Feature","properties":{"npsn":"40303436","nama_sekolah":"UPTD SDN 216 DUALIMPOE","bentuk_pendidikan":"SD","status_sekolah":"NEGERI","akreditasi":"B","alamat_jalan":"Buloe","nama_dusun":"Lingk Buloe","rt":0.0,"rw":0.0,"kecamatan":"Kec. Maniang Pajo","kabupaten":"Kab. Wajo","provinsi":"Prov. Sulawesi Selatan","kode_pos":"90952","latitude":-3.971,"longitude":120.0606,"nomor_telepon":null,"email":"sdn.216dualimpoe@yahoo.com","website":"http://","daya_listrik":900.0,"luas_tanah_milik":4347,"sumber_listrik":"PLN","akses_internet":"Seluler","akses_internet_2":"Shared","waktu_penyelenggaraan":"Pagi/5 hari","semester_id":"20261","semester_keterangan":"2026/2027 Gasal","sekolah_id":"007CA1BC-0D26-E111-B64D-4FE77A61F301","koordinat_valid":true,"validasi":"verified_official","sumber_data":"Kemendikdasmen - Sekolah Kita","sumber_koordinat":"Kemendikdasmen - Sekolah Kita API full-detail","tanggal_pengambilan":"2026-09-30"},"geometry":{"type":"Point","coordinates":[120.0606,-3.971]}},{"type":"Feature","properties":{"npsn":"40303475","nama_sekolah":"UPTD SDN 272 DUALIMPOE","bentuk_pendidikan":"SD","status_sekolah":"NEGERI","akreditasi":"A","alamat_jalan":"Lakadaung","nama_dusun":"LAKADAUNG","rt":0.0,"rw":0.0,"kecamatan":"Kec. Maniang Pajo","kabupaten":"Kab. Wajo","provinsi":"Prov. Sulawesi Selatan","kode_pos":"90952","latitude":-3.9657,"longitude":120.0639,"nomor_telepon":"081342529218","email":"sdn272dualimpoe@gmail.com","website":"http://","daya_listrik":900.0,"luas_tanah_milik":3225,"sumber_listrik":"PLN","akses_internet":"Seluler","akses_internet_2":"Shared","waktu_penyelenggaraan":"Pagi/5 hari","semester_id":"20261","semester_keterangan":"2026/2027 Gasal","sekolah_id":"A0B3A1BC-0D26-E111-AE08-6BC28667E40E","koordinat_valid":true,"validasi":"verified_official","sumber_data":"Kemendikdasmen - Sekolah Kita","sumber_koordinat":"Kemendikdasmen - Sekolah Kita API full-detail","tanggal_pengambilan":"2026-09-30"},"geometry":{"type":"Point","coordinates":[120.0639,-3.9657]}},{"type":"Feature","properties":{"npsn":"40303492","nama_sekolah":"UPTD SDN 273 ANABANUA","bentuk_pendidikan":"SD","status_sekolah":"NEGERI","akreditasi":"A","alamat_jalan":"Anabanua Poros Palopo","nama_dusun":null,"rt":0.0,"rw":0.0,"kecamatan":"Kec. Maniang Pajo","kabupaten":"Kab. Wajo","provinsi":"Prov. Sulawesi Selatan","kode_pos":"90952","latitude":-3.9501,"longitude":120.0698,"nomor_telepon":null,"email":"sdn273anabanua@yahoo.com","website":"http://","daya_listrik":900.0,"luas_tanah_milik":2363,"sumber_listrik":"PLN","akses_internet":"Seluler","akses_internet_2":"Shared","waktu_penyelenggaraan":"Pagi/6 hari","semester_id":"20261","semester_keterangan":"2026/2027 Gasal","sekolah_id":"E0EBA1BC-0D26-E111-B4BC-A7DCCF76C6D6","koordinat_valid":true,"validasi":"verified_official","sumber_data":"Kemendikdasmen - Sekolah Kita","sumber_koordinat":"Kemendikdasmen - Sekolah Kita API full-detail","tanggal_pengambilan":"2026-09-30"},"geometry":{"type":"Point","coordinates":[120.0698,-3.9501]}},{"type":"Feature","properties":{"npsn":"40303277","nama_sekolah":"UPTD SDN 274 MATTIROWALIE","bentuk_pendidikan":"SD","status_sekolah":"NEGERI","akreditasi":"B","alamat_jalan":"Jl Bendungan Kalola Callaccu","nama_dusun":"Callaccu","rt":0.0,"rw":0.0,"kecamatan":"Kec. Maniang Pajo","kabupaten":"Kab. Wajo","provinsi":"Prov. Sulawesi Selatan","kode_pos":"90952","latitude":-3.9299,"longitude":120.0638,"nomor_telepon":"081342185998","email":"sdn274_mattirowalie@yahoo.co.id","website":"http://www.sdn274mattirowalie.net","daya_listrik":1300.0,"luas_tanah_milik":5510,"sumber_listrik":"PLN","akses_internet":"Wireless","akses_internet_2":"Broadband","waktu_penyelenggaraan":"Sehari Penuh/6 hari","semester_id":"20261","semester_keterangan":"2026/2027 Gasal","sekolah_id":"1025A2BC-0D26-E111-AF22-4BC348913281","koordinat_valid":true,"validasi":"verified_official","sumber_data":"Kemendikdasmen - Sekolah Kita","sumber_koordinat":"Kemendikdasmen - Sekolah Kita API full-detail","tanggal_pengambilan":"2026-09-30"},"geometry":{"type":"Point","coordinates":[120.0638,-3.9299]}},{"type":"Feature","properties":{"npsn":"40303080","nama_sekolah":"UPTD SDN 275 KALOLA","bentuk_pendidikan":"SD","status_sekolah":"NEGERI","akreditasi":"A","alamat_jalan":"Awotarae","nama_dusun":"AWOTARAE","rt":0.0,"rw":0.0,"kecamatan":"Kec. Maniang Pajo","kabupaten":"Kab. Wajo","provinsi":"Prov. Sulawesi Selatan","kode_pos":"90952","latitude":-3.9122,"longitude":120.049,"nomor_telepon":"08114212566","email":"Sdn275kalola@gmail.com","website":"http://","daya_listrik":3900.0,"luas_tanah_milik":26500,"sumber_listrik":"PLN","akses_internet":"Wireless","akses_internet_2":"Shared","waktu_penyelenggaraan":"Pagi/5 hari","semester_id":"20261","semester_keterangan":"2026/2027 Gasal","sekolah_id":"F0CBA2BC-0D26-E111-B17A-97A654135EFE","koordinat_valid":true,"validasi":"verified_official","sumber_data":"Kemendikdasmen - Sekolah Kita","sumber_koordinat":"Kemendikdasmen - Sekolah Kita API full-detail","tanggal_pengambilan":"2026-09-30"},"geometry":{"type":"Point","coordinates":[120.049,-3.9122]}},{"type":"Feature","properties":{"npsn":"40303098","nama_sekolah":"UPTD SDN 277 MINANGATELLUE","bentuk_pendidikan":"SD","status_sekolah":"NEGERI","akreditasi":"B","alamat_jalan":"Tingaraposi","nama_dusun":"TINGARAPOSI","rt":1.0,"rw":1.0,"kecamatan":"Kec. Maniang Pajo","kabupaten":"Kab. Wajo","provinsi":"Prov. Sulawesi Selatan","kode_pos":"90952","latitude":-3.8548,"longitude":120.1075,"nomor_telepon":"081244151152","email":"sdn277minangatellue@yahoo.com","website":"http://","daya_listrik":900.0,"luas_tanah_milik":3178,"sumber_listrik":"PLN","akses_internet":"Vsat","akses_internet_2":"Shared","waktu_penyelenggaraan":"Pagi/5 hari","semester_id":"20261","semester_keterangan":"2026/2027 Gasal","sekolah_id":"F0FCA2BC-0D26-E111-B2B4-ED06C568F4BC","koordinat_valid":true,"validasi":"verified_official","sumber_data":"Kemendikdasmen - Sekolah Kita","sumber_koordinat":"Kemendikdasmen - Sekolah Kita API full-detail","tanggal_pengambilan":"2026-09-30"},"geometry":{"type":"Point","coordinates":[120.1075,-3.8548]}},{"type":"Feature","properties":{"npsn":"40303124","nama_sekolah":"UPTD SDN 333 TANGKOLI","bentuk_pendidikan":"SD","status_sekolah":"NEGERI","akreditasi":"B","alamat_jalan":"Loppong","nama_dusun":"Loppong","rt":3.0,"rw":3.0,"kecamatan":"Kec. Maniang Pajo","kabupaten":"Kab. Wajo","provinsi":"Prov. Sulawesi Selatan","kode_pos":"90952","latitude":-3.9387,"longitude":120.0249,"nomor_telepon":null,"email":"sekolahdasarnegeri333tangkoli@gmail.com","website":"http://","daya_listrik":900.0,"luas_tanah_milik":1692,"sumber_listrik":"PLN","akses_internet":"Wireless","akses_internet_2":"Dedicated","waktu_penyelenggaraan":"Pagi/5 hari","semester_id":"20261","semester_keterangan":"2026/2027 Gasal","sekolah_id":"6067A3BC-0D26-E111-9E84-E3FCCE6A502B","koordinat_valid":true,"validasi":"verified_official","sumber_data":"Kemendikdasmen - Sekolah Kita","sumber_koordinat":"Kemendikdasmen - Sekolah Kita API full-detail","tanggal_pengambilan":"2026-09-30"},"geometry":{"type":"Point","coordinates":[120.0249,-3.9387]}},{"type":"Feature","properties":{"npsn":"40303125","nama_sekolah":"UPTD SDN 334 SOGI","bentuk_pendidikan":"SD","status_sekolah":"NEGERI","akreditasi":"B","alamat_jalan":"Wt. Kalola","nama_dusun":"Adakkae","rt":0.0,"rw":0.0,"kecamatan":"Kec. Maniang Pajo","kabupaten":"Kab. Wajo","provinsi":"Prov. Sulawesi Selatan","kode_pos":"90952","latitude":-3.8757,"longitude":120.0597,"nomor_telepon":"0","email":"sdn334sogi@gmail.com","website":"http://","daya_listrik":900.0,"luas_tanah_milik":8736,"sumber_listrik":"PLN","akses_internet":"Tidak Ada","akses_internet_2":"Dedicated","waktu_penyelenggaraan":"Pagi/5 hari","semester_id":"20261","semester_keterangan":"2026/2027 Gasal","sekolah_id":"B09CA3BC-0D26-E111-ACDA-511B1BF204CA","koordinat_valid":true,"validasi":"verified_official","sumber_data":"Kemendikdasmen - Sekolah Kita","sumber_koordinat":"Kemendikdasmen - Sekolah Kita API full-detail","tanggal_pengambilan":"2026-09-30"},"geometry":{"type":"Point","coordinates":[120.0597,-3.8757]}},{"type":"Feature","properties":{"npsn":"40303018","nama_sekolah":"UPTD SDN 359 SOGI","bentuk_pendidikan":"SD","status_sekolah":"NEGERI","akreditasi":"B","alamat_jalan":"Lawatanae Desa Sogi","nama_dusun":"Lawatanae","rt":1.0,"rw":1.0,"kecamatan":"Kec. Maniang Pajo","kabupaten":"Kab. Wajo","provinsi":"Prov. Sulawesi Selatan","kode_pos":"90952","latitude":-3.8983,"longitude":120.082,"nomor_telepon":"0","email":"sdn.359@gmail.com","website":"http://","daya_listrik":1300.0,"luas_tanah_milik":3567,"sumber_listrik":"PLN","akses_internet":"Vsat","akses_internet_2":"Broadband","waktu_penyelenggaraan":"Pagi/5 hari","semester_id":"20261","semester_keterangan":"2026/2027 Gasal","sekolah_id":"F0BFA3BC-0D26-E111-B033-71F3B69DAD7E","koordinat_valid":true,"validasi":"verified_official","sumber_data":"Kemendikdasmen - Sekolah Kita","sumber_koordinat":"Kemendikdasmen - Sekolah Kita API full-detail","tanggal_pengambilan":"2026-09-30"},"geometry":{"type":"Point","coordinates":[120.082,-3.8983]}},{"type":"Feature","properties":{"npsn":"40303016","nama_sekolah":"UPTD SDN 360 ANABANUA","bentuk_pendidikan":"SD","status_sekolah":"NEGERI","akreditasi":"B","alamat_jalan":"Jl.Poros Belawa Anabanua","nama_dusun":"Bolamallimpong","rt":0.0,"rw":0.0,"kecamatan":"Kec. Maniang Pajo","kabupaten":"Kab. Wajo","provinsi":"Prov. Sulawesi Selatan","kode_pos":"90952","latitude":-3.948,"longitude":120.0635,"nomor_telepon":null,"email":"sdn360anabanua@gmail.com","website":"http://","daya_listrik":900.0,"luas_tanah_milik":1056,"sumber_listrik":"PLN","akses_internet":"Wireless","akses_internet_2":"Broadband","waktu_penyelenggaraan":"Sehari Penuh/5 hari","semester_id":"20261","semester_keterangan":"2026/2027 Gasal","sekolah_id":"908F4CC3-0D26-E111-BE94-BF440D6BECE7","koordinat_valid":true,"validasi":"verified_official","sumber_data":"Kemendikdasmen - Sekolah Kita","sumber_koordinat":"Kemendikdasmen - Sekolah Kita API full-detail","tanggal_pengambilan":"2026-09-30"},"geometry":{"type":"Point","coordinates":[120.0635,-3.948]}},{"type":"Feature","properties":{"npsn":"40303049","nama_sekolah":"UPTD SDN 39 MATTIROWALIE","bentuk_pendidikan":"SD","status_sekolah":"NEGERI","akreditasi":"B","alamat_jalan":"Salodua","nama_dusun":"SALODUA","rt":1.0,"rw":2.0,"kecamatan":"Kec. Maniang Pajo","kabupaten":"Kab. Wajo","provinsi":"Prov. Sulawesi Selatan","kode_pos":"90952","latitude":-3.9445,"longitude":120.0659,"nomor_telepon":null,"email":"sdn39mattirowalie@gmail.com","website":"http://","daya_listrik":2200.0,"luas_tanah_milik":2456,"sumber_listrik":"PLN","akses_internet":"Wireless","akses_internet_2":"Dedicated","waktu_penyelenggaraan":"Pagi/5 hari","semester_id":"20261","semester_keterangan":"2026/2027 Gasal","sekolah_id":"30364CC3-0D26-E111-8368-371C5853CF5E","koordinat_valid":true,"validasi":"verified_official","sumber_data":"Kemendikdasmen - Sekolah Kita","sumber_koordinat":"Kemendikdasmen - Sekolah Kita API full-detail","tanggal_pengambilan":"2026-09-30"},"geometry":{"type":"Point","coordinates":[120.0659,-3.9445]}},{"type":"Feature","properties":{"npsn":"40303060","nama_sekolah":"UPTD SDN 40 ANABANUA","bentuk_pendidikan":"SD","status_sekolah":"NEGERI","akreditasi":"B","alamat_jalan":"Anabanua","nama_dusun":"ALAUSALO","rt":0.0,"rw":0.0,"kecamatan":"Kec. Maniang Pajo","kabupaten":"Kab. Wajo","provinsi":"Prov. Sulawesi Selatan","kode_pos":"90952","latitude":-3.9501,"longitude":120.0666,"nomor_telepon":null,"email":"Sdn40anabanua@gmail.com","website":"http://","daya_listrik":900.0,"luas_tanah_milik":2047,"sumber_listrik":"PLN","akses_internet":"Seluler","akses_internet_2":"Broadband","waktu_penyelenggaraan":"Pagi/5 hari","semester_id":"20261","semester_keterangan":"2026/2027 Gasal","sekolah_id":"600BA1BC-0D26-E111-A1D2-A52D26C60BA5","koordinat_valid":true,"validasi":"verified_official","sumber_data":"Kemendikdasmen - Sekolah Kita","sumber_koordinat":"Kemendikdasmen - Sekolah Kita API full-detail","tanggal_pengambilan":"2026-09-30"},"geometry":{"type":"Point","coordinates":[120.0666,-3.9501]}},{"type":"Feature","properties":{"npsn":"40303220","nama_sekolah":"UPTD SDN 53 TANGKOLI","bentuk_pendidikan":"SD","status_sekolah":"NEGERI","akreditasi":"A","alamat_jalan":"Jongkang","nama_dusun":"Jongkang","rt":1.0,"rw":1.0,"kecamatan":"Kec. Maniang Pajo","kabupaten":"Kab. Wajo","provinsi":"Prov. Sulawesi Selatan","kode_pos":"90952","latitude":-3.9463,"longitude":120.0529,"nomor_telepon":null,"email":"sdn53_tangkoli@yahoo.co.id","website":"http://","daya_listrik":900.0,"luas_tanah_milik":3542,"sumber_listrik":"PLN","akses_internet":"Seluler","akses_internet_2":"Shared","waktu_penyelenggaraan":"Pagi/5 hari","semester_id":"20261","semester_keterangan":"2026/2027 Gasal","sekolah_id":"809A9EC4-0D26-E111-8EF5-BFC70CD66D1A","koordinat_valid":true,"validasi":"verified_official","sumber_data":"Kemendikdasmen - Sekolah Kita","sumber_koordinat":"Kemendikdasmen - Sekolah Kita API full-detail","tanggal_pengambilan":"2026-09-30"},"geometry":{"type":"Point","coordinates":[120.0529,-3.9463]}},{"type":"Feature","properties":{"npsn":"40303221","nama_sekolah":"UPTD SDN 54 DUALIMPOE","bentuk_pendidikan":"SD","status_sekolah":"NEGERI","akreditasi":"B","alamat_jalan":"Dualimpoe","nama_dusun":"Lingk. Buloe","rt":0.0,"rw":0.0,"kecamatan":"Kec. Maniang Pajo","kabupaten":"Kab. Wajo","provinsi":"Prov. Sulawesi Selatan","kode_pos":"90952","latitude":-3.9713,"longitude":120.0596,"nomor_telepon":"085298275747","email":"sdn.54dualimpoe@yahoo.com","website":"http://","daya_listrik":450.0,"luas_tanah_milik":3712,"sumber_listrik":"PLN","akses_internet":"Seluler","akses_internet_2":"Broadband","waktu_penyelenggaraan":"Pagi/5 hari","semester_id":"20261","semester_keterangan":"2026/2027 Gasal","sekolah_id":"A02FA1BC-0D26-E111-B957-6559729D93EF","koordinat_valid":true,"validasi":"verified_official","sumber_data":"Kemendikdasmen - Sekolah Kita","sumber_koordinat":"Kemendikdasmen - Sekolah Kita API full-detail","tanggal_pengambilan":"2026-09-30"},"geometry":{"type":"Point","coordinates":[120.0596,-3.9713]}},{"type":"Feature","properties":{"npsn":"40303223","nama_sekolah":"UPTD SDN 55 MATTIROWALIE","bentuk_pendidikan":"SD","status_sekolah":"NEGERI","akreditasi":"B","alamat_jalan":"Jl. Tingaraposi Dusun Labakka","nama_dusun":"Labakka","rt":0.0,"rw":0.0,"kecamatan":"Kec. Maniang Pajo","kabupaten":"Kab. Wajo","provinsi":"Prov. Sulawesi Selatan","kode_pos":"90952","latitude":-3.8849,"longitude":120.101,"nomor_telepon":"082347027159","email":"sdn55.mt@gmail.com","website":"http://","daya_listrik":900.0,"luas_tanah_milik":3886,"sumber_listrik":"PLN","akses_internet":"Wireless","akses_internet_2":"Dedicated","waktu_penyelenggaraan":"Sehari Penuh/5 hari","semester_id":"20261","semester_keterangan":"2026/2027 Gasal","sekolah_id":"A0664CC3-0D26-E111-9029-E9E4B1B667E8","koordinat_valid":true,"validasi":"verified_official","sumber_data":"Kemendikdasmen - Sekolah Kita","sumber_koordinat":"Kemendikdasmen - Sekolah Kita API full-detail","tanggal_pengambilan":"2026-09-30"},"geometry":{"type":"Point","coordinates":[120.101,-3.8849]}},{"type":"Feature","properties":{"npsn":"40303297","nama_sekolah":"SDA 2 KAMPIRI","bentuk_pendidikan":"SD","status_sekolah":"SWASTA","akreditasi":"B","alamat_jalan":"Pallawarukka","nama_dusun":"kampiri timur","rt":0.0,"rw":0.0,"kecamatan":"Kec. Pammana","kabupaten":"Kab. Wajo","provinsi":"Prov. Sulawesi Selatan","kode_pos":"90971","latitude":-4.2182,"longitude":120.1223,"nomor_telepon":"081355488453","email":"sdaduakampiri@yahoo.com","website":"http://","daya_listrik":1300.0,"luas_tanah_milik":700,"sumber_listrik":"PLN","akses_internet":"Wireless","akses_internet_2":"Broadband","waktu_penyelenggaraan":"Pagi/5 hari","semester_id":"20261","semester_keterangan":"2026/2027 Gasal","sekolah_id":"70B6E4BE-0D26-E111-9BE6-57AA946A234A","koordinat_valid":true,"validasi":"verified_official","sumber_data":"Kemendikdasmen - Sekolah Kita","sumber_koordinat":"Kemendikdasmen - Sekolah Kita API full-detail","tanggal_pengambilan":"2026-09-30"},"geometry":{"type":"Point","coordinates":[120.1223,-4.2182]}},{"type":"Feature","properties":{"npsn":"40303300","nama_sekolah":"SDA 3 BULU PATILA","bentuk_pendidikan":"SD","status_sekolah":"SWASTA","akreditasi":"B","alamat_jalan":"Bulu Patila","nama_dusun":"Bulu Patila","rt":0.0,"rw":0.0,"kecamatan":"Kec. Pammana","kabupaten":"Kab. Wajo","provinsi":"Prov. Sulawesi Selatan","kode_pos":"90971","latitude":-4.1863,"longitude":120.078,"nomor_telepon":null,"email":"sdatigabulupatila@gmail.com","website":"http://","daya_listrik":900.0,"luas_tanah_milik":2025,"sumber_listrik":"Menumpang","akses_internet":"Tidak Ada","akses_internet_2":"Dedicated","waktu_penyelenggaraan":"Pagi/5 hari","semester_id":"20261","semester_keterangan":"2026/2027 Gasal","sekolah_id":"C0E4E4BE-0D26-E111-866F-89D3936A6B6D","koordinat_valid":true,"validasi":"verified_official","sumber_data":"Kemendikdasmen - Sekolah Kita","sumber_koordinat":"Kemendikdasmen - Sekolah Kita API full-detail","tanggal_pengambilan":"2026-09-30"},"geometry":{"type":"Point","coordinates":[120.078,-4.1863]}},{"type":"Feature","properties":{"npsn":"40303301","nama_sekolah":"SDA 8 SABBANG","bentuk_pendidikan":"SD","status_sekolah":"SWASTA","akreditasi":"B","alamat_jalan":"Manurungnge","nama_dusun":"Manurungnge","rt":0.0,"rw":0.0,"kecamatan":"Kec. Pammana","kabupaten":"Kab. Wajo","provinsi":"Prov. Sulawesi Selatan","kode_pos":"90971","latitude":-4.1519,"longitude":120.087,"nomor_telepon":"08529983253","email":"sda8sabbang@gmail.com","website":"http://sda8sabbang.net/admin/index.php","daya_listrik":900.0,"luas_tanah_milik":3867,"sumber_listrik":"PLN","akses_internet":"Seluler","akses_internet_2":"Dedicated","waktu_penyelenggaraan":"Pagi/5 hari","semester_id":"20261","semester_keterangan":"2026/2027 Gasal","sekolah_id":"400EE5BE-0D26-E111-ABCE-D33DDB2D3EEE","koordinat_valid":true,"validasi":"verified_official","sumber_data":"Kemendikdasmen - Sekolah Kita","sumber_koordinat":"Kemendikdasmen - Sekolah Kita API full-detail","tanggal_pengambilan":"2026-09-30"},"geometry":{"type":"Point","coordinates":[120.087,-4.1519]}},{"type":"Feature","properties":{"npsn":"40303299","nama_sekolah":"SDM 931 KAMPIRI","bentuk_pendidikan":"SD","status_sekolah":"SWASTA","akreditasi":"B","alamat_jalan":"Kampiri","nama_dusun":"Kampiri","rt":0.0,"rw":0.0,"kecamatan":"Kec. Pammana","kabupaten":"Kab. Wajo","provinsi":"Prov. Sulawesi Selatan","kode_pos":"90971","latitude":-4.2176,"longitude":120.1172,"nomor_telepon":null,"email":"sdm931kampiri@yhoo.com","website":"http://","daya_listrik":1300.0,"luas_tanah_milik":2016,"sumber_listrik":"PLN","akses_internet":"Fibre Optic","akses_internet_2":"Broadband","waktu_penyelenggaraan":"Pagi/5 hari","semester_id":"20261","semester_keterangan":"2026/2027 Gasal","sekolah_id":"3089E4BE-0D26-E111-9F03-7729AEFD6147","koordinat_valid":true,"validasi":"verified_official","sumber_data":"Kemendikdasmen - Sekolah Kita","sumber_koordinat":"Kemendikdasmen - Sekolah Kita API full-detail","tanggal_pengambilan":"2026-09-30"},"geometry":{"type":"Point","coordinates":[120.1172,-4.2176]}},{"type":"Feature","properties":{"npsn":"40303306","nama_sekolah":"UPTD SDN 100 SIMPURSIA","bentuk_pendidikan":"SD","status_sekolah":"NEGERI","akreditasi":"B","alamat_jalan":"Sareppao","nama_dusun":"Sareppao","rt":0.0,"rw":0.0,"kecamatan":"Kec. Pammana","kabupaten":"Kab. Wajo","provinsi":"Prov. Sulawesi Selatan","kode_pos":"90971","latitude":-4.2104,"longitude":120.052,"nomor_telepon":null,"email":"sdn100simpursia@gmail.com","website":"http://","daya_listrik":900.0,"luas_tanah_milik":1932,"sumber_listrik":"PLN","akses_internet":"Seluler","akses_internet_2":"Shared","waktu_penyelenggaraan":"Pagi/5 hari","semester_id":"20261","semester_keterangan":"2026/2027 Gasal","sekolah_id":"A02F7ABC-0D26-E111-AA82-8370A99A959F","koordinat_valid":true,"validasi":"verified_official","sumber_data":"Kemendikdasmen - Sekolah Kita","sumber_koordinat":"Kemendikdasmen - Sekolah Kita API full-detail","tanggal_pengambilan":"2026-09-30"},"geometry":{"type":"Point","coordinates":[120.052,-4.2104]}},{"type":"Feature","properties":{"npsn":"40303307","nama_sekolah":"UPTD SDN 101 TADANG PALIE","bentuk_pendidikan":"SD","status_sekolah":"NEGERI","akreditasi":"B","alamat_jalan":"Pattema Rilaleng","nama_dusun":"PATTEMA RILALENG","rt":0.0,"rw":0.0,"kecamatan":"Kec. Pammana","kabupaten":"Kab. Wajo","provinsi":"Prov. Sulawesi Selatan","kode_pos":"90971","latitude":-4.1611,"longitude":120.1105,"nomor_telepon":"085242091643","email":"sartikad228@gmail.com","website":"http://","daya_listrik":900.0,"luas_tanah_milik":3000,"sumber_listrik":"PLN","akses_internet":"Seluler","akses_internet_2":"Shared","waktu_penyelenggaraan":"Pagi/5 hari","semester_id":"20261","semester_keterangan":"2026/2027 Gasal","sekolah_id":"80597ABC-0D26-E111-8378-0527E937221E","koordinat_valid":true,"validasi":"verified_official","sumber_data":"Kemendikdasmen - Sekolah Kita","sumber_koordinat":"Kemendikdasmen - Sekolah Kita API full-detail","tanggal_pengambilan":"2026-09-30"},"geometry":{"type":"Point","coordinates":[120.1105,-4.1611]}},{"type":"Feature","properties":{"npsn":"40303308","nama_sekolah":"UPTD SDN 102 LAGOSI","bentuk_pendidikan":"SD","status_sekolah":"NEGERI","akreditasi":"B","alamat_jalan":"Lagosi","nama_dusun":"Tonrong Baletafa","rt":0.0,"rw":0.0,"kecamatan":"Kec. Pammana","kabupaten":"Kab. Wajo","provinsi":"Prov. Sulawesi Selatan","kode_pos":"90971","latitude":-4.1408,"longitude":120.1309,"nomor_telepon":"085242634694","email":"102lagosi@gmail.com","website":"http://","daya_listrik":450.0,"luas_tanah_milik":2400,"sumber_listrik":"PLN","akses_internet":"Seluler","akses_internet_2":"Shared","waktu_penyelenggaraan":"Pagi/5 hari","semester_id":"20261","semester_keterangan":"2026/2027 Gasal","sekolah_id":"70837ABC-0D26-E111-8258-835D72627C3D","koordinat_valid":true,"validasi":"verified_official","sumber_data":"Kemendikdasmen - Sekolah Kita","sumber_koordinat":"Kemendikdasmen - Sekolah Kita API full-detail","tanggal_pengambilan":"2026-09-30"},"geometry":{"type":"Point","coordinates":[120.1309,-4.1408]}},{"type":"Feature","properties":{"npsn":"40303294","nama_sekolah":"UPTD SDN 103 TADANG PALIE","bentuk_pendidikan":"SD","status_sekolah":"NEGERI","akreditasi":"B","alamat_jalan":"Limporiattang","nama_dusun":"TADANG PALIE","rt":0.0,"rw":0.0,"kecamatan":"Kec. Pammana","kabupaten":"Kab. Wajo","provinsi":"Prov. Sulawesi Selatan","kode_pos":"90971","latitude":-4.1689,"longitude":120.1331,"nomor_telepon":"085242190400","email":"sdn103tadangpaliepammana@gmail.com","website":"http://www.sdn103tadangpalie.net","daya_listrik":1300.0,"luas_tanah_milik":3942,"sumber_listrik":"PLN","akses_internet":"Seluler","akses_internet_2":"Broadband","waktu_penyelenggaraan":"Pagi/5 hari","semester_id":"20261","semester_keterangan":"2026/2027 Gasal","sekolah_id":"A0B07ABC-0D26-E111-9D49-B3FF9C3F561D","koordinat_valid":true,"validasi":"verified_official","sumber_data":"Kemendikdasmen - Sekolah Kita","sumber_koordinat":"Kemendikdasmen - Sekolah Kita API full-detail","tanggal_pengambilan":"2026-09-30"},"geometry":{"type":"Point","coordinates":[120.1331,-4.1689]}},{"type":"Feature","properties":{"npsn":"40303293","nama_sekolah":"UPTD SDN 104 ABBANUANGNGE","bentuk_pendidikan":"SD","status_sekolah":"NEGERI","akreditasi":"B","alamat_jalan":"Sabbang","nama_dusun":"Sabbang","rt":1.0,"rw":1.0,"kecamatan":"Kec. Pammana","kabupaten":"Kab. Wajo","provinsi":"Prov. Sulawesi Selatan","kode_pos":"90971","latitude":-4.1496,"longitude":120.0849,"nomor_telepon":null,"email":"uptdsdn104abbanuange@gmail.com","website":"http://","daya_listrik":900.0,"luas_tanah_milik":6205,"sumber_listrik":"PLN","akses_internet":"Fibre Optic","akses_internet_2":"Broadband","waktu_penyelenggaraan":"Pagi/5 hari","semester_id":"20261","semester_keterangan":"2026/2027 Gasal","sekolah_id":"A0DC7ABC-0D26-E111-80A5-617C2266BE00","koordinat_valid":true,"validasi":"verified_official","sumber_data":"Kemendikdasmen - Sekolah Kita","sumber_koordinat":"Kemendikdasmen - Sekolah Kita API full-detail","tanggal_pengambilan":"2026-09-30"},"geometry":{"type":"Point","coordinates":[120.0849,-4.1496]}},{"type":"Feature","properties":{"npsn":"40303279","nama_sekolah":"UPTD SDN 105 TOBATANG","bentuk_pendidikan":"SD","status_sekolah":"NEGERI","akreditasi":"C","alamat_jalan":"Sumpangale","nama_dusun":"Sumpangale","rt":0.0,"rw":0.0,"kecamatan":"Kec. Pammana","kabupaten":"Kab. Wajo","provinsi":"Prov. Sulawesi Selatan","kode_pos":"90971","latitude":-4.2507,"longitude":120.0407,"nomor_telepon":"0","email":"uptdsdn105tobatang@gmail.com","website":"http://sdn105tobatang.net","daya_listrik":900.0,"luas_tanah_milik":2212,"sumber_listrik":"PLN","akses_internet":"Seluler","akses_internet_2":"Broadband","waktu_penyelenggaraan":"Sehari Penuh/5 hari","semester_id":"20261","semester_keterangan":"2026/2027 Gasal","sekolah_id":"400D7BBC-0D26-E111-BED9-557A200966E0","koordinat_valid":true,"validasi":"verified_official","sumber_data":"Kemendikdasmen - Sekolah Kita","sumber_koordinat":"Kemendikdasmen - Sekolah Kita API full-detail","tanggal_pengambilan":"2026-09-30"},"geometry":{"type":"Point","coordinates":[120.0407,-4.2507]}},{"type":"Feature","properties":{"npsn":"40303280","nama_sekolah":"UPTD SDN 106 WECUDAI","bentuk_pendidikan":"SD","status_sekolah":"NEGERI","akreditasi":"B","alamat_jalan":"Cilellang","nama_dusun":"Cilellang","rt":1.0,"rw":1.0,"kecamatan":"Kec. Pammana","kabupaten":"Kab. Wajo","provinsi":"Prov. Sulawesi Selatan","kode_pos":"90971","latitude":-4.2317,"longitude":120.0527,"nomor_telepon":"082353680444","email":"106wecudai@gmail.com","website":"http://","daya_listrik":1300.0,"luas_tanah_milik":2665,"sumber_listrik":"PLN","akses_internet":"Seluler","akses_internet_2":"Dedicated","waktu_penyelenggaraan":"Pagi/5 hari","semester_id":"20261","semester_keterangan":"2026/2027 Gasal","sekolah_id":"60317BBC-0D26-E111-8E91-E131B528BF5E","koordinat_valid":true,"validasi":"verified_official","sumber_data":"Kemendikdasmen - Sekolah Kita","sumber_koordinat":"Kemendikdasmen - Sekolah Kita API full-detail","tanggal_pengambilan":"2026-09-30"},"geometry":{"type":"Point","coordinates":[120.0527,-4.2317]}},{"type":"Feature","properties":{"npsn":"40303531","nama_sekolah":"UPTD SDN 205 PAMMANA","bentuk_pendidikan":"SD","status_sekolah":"NEGERI","akreditasi":"A","alamat_jalan":"Maroanging","nama_dusun":"PAMMANA","rt":0.0,"rw":0.0,"kecamatan":"Kec. Pammana","kabupaten":"Kab. Wajo","provinsi":"Prov. Sulawesi Selatan","kode_pos":"90971","latitude":-4.1952,"longitude":120.0969,"nomor_telepon":null,"email":"sdn205pammana77@gmail.com","website":"http://","daya_listrik":900.0,"luas_tanah_milik":2000,"sumber_listrik":"PLN","akses_internet":"Wireless","akses_internet_2":"Broadband","waktu_penyelenggaraan":"Pagi/6 hari","semester_id":"20261","semester_keterangan":"2026/2027 Gasal","sekolah_id":"90667BBC-0D26-E111-B1C0-033A9318D2B5","koordinat_valid":true,"validasi":"verified_official","sumber_data":"Kemendikdasmen - Sekolah Kita","sumber_koordinat":"Kemendikdasmen - Sekolah Kita API full-detail","tanggal_pengambilan":"2026-09-30"},"geometry":{"type":"Point","coordinates":[120.0969,-4.1952]}},{"type":"Feature","properties":{"npsn":"40303443","nama_sekolah":"UPTD SDN 223 KAMPIRI","bentuk_pendidikan":"SD","status_sekolah":"NEGERI","akreditasi":"B","alamat_jalan":"Kampiri","nama_dusun":null,"rt":0.0,"rw":0.0,"kecamatan":"Kec. Pammana","kabupaten":"Kab. Wajo","provinsi":"Prov. Sulawesi Selatan","kode_pos":"90971","latitude":-4.1275,"longitude":120.1558,"nomor_telepon":"081342615815","email":"sdnduaduatigakampiri@yahoo.com","website":"http://","daya_listrik":900.0,"luas_tanah_milik":1927,"sumber_listrik":"PLN","akses_internet":"Wireless","akses_internet_2":"Dedicated","waktu_penyelenggaraan":"Pagi/5 hari","semester_id":"20261","semester_keterangan":"2026/2027 Gasal","sekolah_id":"C0997BBC-0D26-E111-A041-55ADDA932472","koordinat_valid":true,"validasi":"verified_official","sumber_data":"Kemendikdasmen - Sekolah Kita","sumber_koordinat":"Kemendikdasmen - Sekolah Kita API full-detail","tanggal_pengambilan":"2026-09-30"},"geometry":{"type":"Point","coordinates":[120.1558,-4.1275]}},{"type":"Feature","properties":{"npsn":"40303445","nama_sekolah":"UPTD SDN 224 PATILA","bentuk_pendidikan":"SD","status_sekolah":"NEGERI","akreditasi":"B","alamat_jalan":"Bulu Patila","nama_dusun":"Patila","rt":0.0,"rw":0.0,"kecamatan":"Kec. Pammana","kabupaten":"Kab. Wajo","provinsi":"Prov. Sulawesi Selatan","kode_pos":"90971","latitude":-4.1862,"longitude":120.0713,"nomor_telepon":"085320167577","email":"sdn224patila@gmail.com","website":"http://","daya_listrik":900.0,"luas_tanah_milik":1915,"sumber_listrik":"PLN","akses_internet":"Seluler","akses_internet_2":"Dedicated","waktu_penyelenggaraan":"Pagi/5 hari","semester_id":"20261","semester_keterangan":"2026/2027 Gasal","sekolah_id":"E0BE7BBC-0D26-E111-AA27-5D29FC49E661","koordinat_valid":true,"validasi":"verified_official","sumber_data":"Kemendikdasmen - Sekolah Kita","sumber_koordinat":"Kemendikdasmen - Sekolah Kita API full-detail","tanggal_pengambilan":"2026-09-30"},"geometry":{"type":"Point","coordinates":[120.0713,-4.1862]}},{"type":"Feature","properties":{"npsn":"40303460","nama_sekolah":"UPTD SDN 244 PAMMANA","bentuk_pendidikan":"SD","status_sekolah":"NEGERI","akreditasi":"B","alamat_jalan":"Larompo","nama_dusun":"LAROMPO","rt":0.0,"rw":0.0,"kecamatan":"Kec. Pammana","kabupaten":"Kab. Wajo","provinsi":"Prov. Sulawesi Selatan","kode_pos":"90971","latitude":-4.1995,"longitude":120.1008,"nomor_telepon":"081241891118","email":"sdnegeri244pammana@gmail.com","website":"http://","daya_listrik":900.0,"luas_tanah_milik":13275,"sumber_listrik":"PLN","akses_internet":"Wireless","akses_internet_2":"Shared","waktu_penyelenggaraan":"Pagi/5 hari","semester_id":"20261","semester_keterangan":"2026/2027 Gasal","sekolah_id":"50E37BBC-0D26-E111-B82E-E3BBD2CBE733","koordinat_valid":true,"validasi":"verified_official","sumber_data":"Kemendikdasmen - Sekolah Kita","sumber_koordinat":"Kemendikdasmen - Sekolah Kita API full-detail","tanggal_pengambilan":"2026-09-30"},"geometry":{"type":"Point","coordinates":[120.1008,-4.1995]}},{"type":"Feature","properties":{"npsn":"40303461","nama_sekolah":"UPTD SDN 245 TADANG PALIE","bentuk_pendidikan":"SD","status_sekolah":"NEGERI","akreditasi":"C","alamat_jalan":"Limporiattang","nama_dusun":"Limporiattang","rt":0.0,"rw":0.0,"kecamatan":"Kec. Pammana","kabupaten":"Kab. Wajo","provinsi":"Prov. Sulawesi Selatan","kode_pos":"90971","latitude":-4.1674,"longitude":120.1284,"nomor_telepon":"081241891118","email":"sdn245tadangpalie@gmail.com","website":"http://","daya_listrik":450.0,"luas_tanah_milik":405,"sumber_listrik":"PLN","akses_internet":"Seluler","akses_internet_2":"Dedicated","waktu_penyelenggaraan":"Sehari Penuh/5 hari","semester_id":"20261","semester_keterangan":"2026/2027 Gasal","sekolah_id":"80127CBC-0D26-E111-A1B0-310A06AC127F","koordinat_valid":true,"validasi":"verified_official","sumber_data":"Kemendikdasmen - Sekolah Kita","sumber_koordinat":"Kemendikdasmen - Sekolah Kita API full-detail","tanggal_pengambilan":"2026-09-30"},"geometry":{"type":"Point","coordinates":[120.1284,-4.1674]}},{"type":"Feature","properties":{"npsn":"40303478","nama_sekolah":"UPTD SDN 246 LAPAUKKE","bentuk_pendidikan":"SD","status_sekolah":"NEGERI","akreditasi":"B","alamat_jalan":"Jl. Lagaligo No. 1 Malimongeng Kecamatan Pammana Kabupaten Wajo","nama_dusun":"Sumpangale","rt":0.0,"rw":0.0,"kecamatan":"Kec. Pammana","kabupaten":"Kab. Wajo","provinsi":"Prov. Sulawesi Selatan","kode_pos":"90971","latitude":-4.2521,"longitude":120.0672,"nomor_telepon":"082187521177","email":"sdn246lapaukke@gmail.com","website":"http://","daya_listrik":900.0,"luas_tanah_milik":10000,"sumber_listrik":"PLN","akses_internet":"Seluler","akses_internet_2":"Shared","waktu_penyelenggaraan":"Pagi/5 hari","semester_id":"20261","semester_keterangan":"2026/2027 Gasal","sekolah_id":"50427CBC-0D26-E111-BF97-9B0742A45EF3","koordinat_valid":true,"validasi":"verified_official","sumber_data":"Kemendikdasmen - Sekolah Kita","sumber_koordinat":"Kemendikdasmen - Sekolah Kita API full-detail","tanggal_pengambilan":"2026-09-30"},"geometry":{"type":"Point","coordinates":[120.0672,-4.2521]}},{"type":"Feature","properties":{"npsn":"40303081","nama_sekolah":"UPTD SDN 293 PAMMANA","bentuk_pendidikan":"SD","status_sekolah":"NEGERI","akreditasi":"B","alamat_jalan":"Sarasa","nama_dusun":"Sarasa","rt":0.0,"rw":0.0,"kecamatan":"Kec. Pammana","kabupaten":"Kab. Wajo","provinsi":"Prov. Sulawesi Selatan","kode_pos":"90971","latitude":-4.2054,"longitude":120.0929,"nomor_telepon":"085255456889","email":"sdn293pammana@gmail.com","website":"http://","daya_listrik":900.0,"luas_tanah_milik":900,"sumber_listrik":"PLN","akses_internet":"Fibre Optic","akses_internet_2":"Shared","waktu_penyelenggaraan":"Pagi/5 hari","semester_id":"20261","semester_keterangan":"2026/2027 Gasal","sekolah_id":"80697CBC-0D26-E111-9AD1-233D7E64F27D","koordinat_valid":true,"validasi":"verified_official","sumber_data":"Kemendikdasmen - Sekolah Kita","sumber_koordinat":"Kemendikdasmen - Sekolah Kita API full-detail","tanggal_pengambilan":"2026-09-30"},"geometry":{"type":"Point","coordinates":[120.0929,-4.2054]}},{"type":"Feature","properties":{"npsn":"40303082","nama_sekolah":"UPTD SDN 294 LEMPA","bentuk_pendidikan":"SD","status_sekolah":"NEGERI","akreditasi":"B","alamat_jalan":"Ulugalung","nama_dusun":null,"rt":0.0,"rw":0.0,"kecamatan":"Kec. Pammana","kabupaten":"Kab. Wajo","provinsi":"Prov. Sulawesi Selatan","kode_pos":"90971","latitude":-4.1805,"longitude":120.0374,"nomor_telepon":"081244401766","email":"sdn294lempa@gmail.com","website":"http://","daya_listrik":1300.0,"luas_tanah_milik":7020,"sumber_listrik":"PLN","akses_internet":"Wireless","akses_internet_2":"Shared","waktu_penyelenggaraan":"Pagi/5 hari","semester_id":"20261","semester_keterangan":"2026/2027 Gasal","sekolah_id":"F0917CBC-0D26-E111-9AEA-D3B20E7F75D3","koordinat_valid":true,"validasi":"verified_official","sumber_data":"Kemendikdasmen - Sekolah Kita","sumber_koordinat":"Kemendikdasmen - Sekolah Kita API full-detail","tanggal_pengambilan":"2026-09-30"},"geometry":{"type":"Point","coordinates":[120.0374,-4.1805]}},{"type":"Feature","properties":{"npsn":"40303083","nama_sekolah":"UPTD SDN 295 LAMPULUNG","bentuk_pendidikan":"SD","status_sekolah":"NEGERI","akreditasi":"B","alamat_jalan":"Padaelo","nama_dusun":"PADAELO","rt":0.0,"rw":0.0,"kecamatan":"Kec. Pammana","kabupaten":"Kab. Wajo","provinsi":"Prov. Sulawesi Selatan","kode_pos":"90971","latitude":-4.1596,"longitude":120.0752,"nomor_telepon":"081355666116","email":"sdn295lampulung@gmail.com","website":"http://","daya_listrik":1300.0,"luas_tanah_milik":1850,"sumber_listrik":"PLN","akses_internet":"Wireless","akses_internet_2":"Shared","waktu_penyelenggaraan":"Pagi/5 hari","semester_id":"20261","semester_keterangan":"2026/2027 Gasal","sekolah_id":"C0BD7CBC-0D26-E111-BE6C-434E2BA6DFFE","koordinat_valid":true,"validasi":"verified_official","sumber_data":"Kemendikdasmen - Sekolah Kita","sumber_koordinat":"Kemendikdasmen - Sekolah Kita API full-detail","tanggal_pengambilan":"2026-09-30"},"geometry":{"type":"Point","coordinates":[120.0752,-4.1596]}},{"type":"Feature","properties":{"npsn":"40303084","nama_sekolah":"UPTD SDN 296 LAPAUKKE","bentuk_pendidikan":"SD","status_sekolah":"NEGERI","akreditasi":"B","alamat_jalan":"Bila","nama_dusun":"Bila","rt":1.0,"rw":1.0,"kecamatan":"Kec. Pammana","kabupaten":"Kab. Wajo","provinsi":"Prov. Sulawesi Selatan","kode_pos":"90971","latitude":-4.2643,"longitude":120.0627,"nomor_telepon":"0","email":"sekolahdasarnegeri296lapaukke@gmail.com","website":"http://","daya_listrik":900.0,"luas_tanah_milik":4800,"sumber_listrik":"PLN","akses_internet":"Fibre Optic","akses_internet_2":"Broadband","waktu_penyelenggaraan":"Pagi/5 hari","semester_id":"20261","semester_keterangan":"2026/2027 Gasal","sekolah_id":"20EC7CBC-0D26-E111-9828-3947AC401E9F","koordinat_valid":true,"validasi":"verified_official","sumber_data":"Kemendikdasmen - Sekolah Kita","sumber_koordinat":"Kemendikdasmen - Sekolah Kita API full-detail","tanggal_pengambilan":"2026-09-30"},"geometry":{"type":"Point","coordinates":[120.0627,-4.2643]}},{"type":"Feature","properties":{"npsn":"40303085","nama_sekolah":"UPTD SDN 297 KAMPIRI","bentuk_pendidikan":"SD","status_sekolah":"NEGERI","akreditasi":"B","alamat_jalan":"Teppobatu","nama_dusun":"TEPPOBATU","rt":0.0,"rw":0.0,"kecamatan":"Kec. Pammana","kabupaten":"Kab. Wajo","provinsi":"Prov. Sulawesi Selatan","kode_pos":"90971","latitude":-4.2302,"longitude":120.1016,"nomor_telepon":"085342462025","email":"sdn297kampiri@gmail.com","website":"http://","daya_listrik":450.0,"luas_tanah_milik":4675,"sumber_listrik":"PLN","akses_internet":"Seluler","akses_internet_2":"Shared","waktu_penyelenggaraan":"Pagi/6 hari","semester_id":"20261","semester_keterangan":"2026/2027 Gasal","sekolah_id":"804B7DBC-0D26-E111-8D29-C54FB175F9D3","koordinat_valid":true,"validasi":"verified_official","sumber_data":"Kemendikdasmen - Sekolah Kita","sumber_koordinat":"Kemendikdasmen - Sekolah Kita API full-detail","tanggal_pengambilan":"2026-09-30"},"geometry":{"type":"Point","coordinates":[120.1016,-4.2302]}},{"type":"Feature","properties":{"npsn":"40303116","nama_sekolah":"UPTD SDN 327 SIMPURSIA","bentuk_pendidikan":"SD","status_sekolah":"NEGERI","akreditasi":"B","alamat_jalan":"Totelle Desa Simpursia","nama_dusun":"Totelle","rt":0.0,"rw":0.0,"kecamatan":"Kec. Pammana","kabupaten":"Kab. Wajo","provinsi":"Prov. Sulawesi Selatan","kode_pos":"90969","latitude":-4.2177,"longitude":120.0571,"nomor_telepon":"085341146667","email":"sdn327simpursia@gmail.com","website":"http://sdn327simpursia.net","daya_listrik":450.0,"luas_tanah_milik":2173,"sumber_listrik":"PLN","akses_internet":"Seluler","akses_internet_2":"Broadband","waktu_penyelenggaraan":"Pagi/5 hari","semester_id":"20261","semester_keterangan":"2026/2027 Gasal","sekolah_id":"70717DBC-0D26-E111-ADF6-77194F87A7DB","koordinat_valid":true,"validasi":"verified_official","sumber_data":"Kemendikdasmen - Sekolah Kita","sumber_koordinat":"Kemendikdasmen - Sekolah Kita API full-detail","tanggal_pengambilan":"2026-09-30"},"geometry":{"type":"Point","coordinates":[120.0571,-4.2177]}},{"type":"Feature","properties":{"npsn":"40303145","nama_sekolah":"UPTD SDN 339 LAGOSI","bentuk_pendidikan":"SD","status_sekolah":"NEGERI","akreditasi":"B","alamat_jalan":"Geddonge","nama_dusun":"Geddonge","rt":0.0,"rw":0.0,"kecamatan":"Kec. Pammana","kabupaten":"Kab. Wajo","provinsi":"Prov. Sulawesi Selatan","kode_pos":"90971","latitude":-4.1561,"longitude":120.1359,"nomor_telepon":"081342777475","email":"sdn339lagosi@gmail.com","website":"http://","daya_listrik":900.0,"luas_tanah_milik":3150,"sumber_listrik":"PLN","akses_internet":"Seluler","akses_internet_2":"Broadband","waktu_penyelenggaraan":"Pagi/5 hari","semester_id":"20261","semester_keterangan":"2026/2027 Gasal","sekolah_id":"20B945C3-0D26-E111-985B-47B04099E2FF","koordinat_valid":true,"validasi":"verified_official","sumber_data":"Kemendikdasmen - Sekolah Kita","sumber_koordinat":"Kemendikdasmen - Sekolah Kita API full-detail","tanggal_pengambilan":"2026-09-30"},"geometry":{"type":"Point","coordinates":[120.1359,-4.1561]}},{"type":"Feature","properties":{"npsn":"40303022","nama_sekolah":"UPTD SDN 361 LAMPULUNG","bentuk_pendidikan":"SD","status_sekolah":"NEGERI","akreditasi":"B","alamat_jalan":"Palattae","nama_dusun":"Palattae","rt":0.0,"rw":0.0,"kecamatan":"Kec. Pammana","kabupaten":"Kab. Wajo","provinsi":"Prov. Sulawesi Selatan","kode_pos":"90971","latitude":-4.1483,"longitude":120.0767,"nomor_telepon":null,"email":"sdnlampulung361@gmail.com","website":"http://https://sites.google.com/view/sdn361lampulung/home","daya_listrik":900.0,"luas_tanah_milik":2156,"sumber_listrik":"PLN","akses_internet":"Wireless","akses_internet_2":"Dedicated","waktu_penyelenggaraan":"Pagi/5 hari","semester_id":"20261","semester_keterangan":"2026/2027 Gasal","sekolah_id":"A0947DBC-0D26-E111-B93D-07A1730F231B","koordinat_valid":true,"validasi":"verified_official","sumber_data":"Kemendikdasmen - Sekolah Kita","sumber_koordinat":"Kemendikdasmen - Sekolah Kita API full-detail","tanggal_pengambilan":"2026-09-30"},"geometry":{"type":"Point","coordinates":[120.0767,-4.1483]}},{"type":"Feature","properties":{"npsn":"40303023","nama_sekolah":"UPTD SDN 362 WECUDAI","bentuk_pendidikan":"SD","status_sekolah":"NEGERI","akreditasi":"B","alamat_jalan":"Pattirobulu","nama_dusun":"Pattiromusu","rt":0.0,"rw":0.0,"kecamatan":"Kec. Pammana","kabupaten":"Kab. Wajo","provinsi":"Prov. Sulawesi Selatan","kode_pos":"90971","latitude":-4.2276,"longitude":120.0349,"nomor_telepon":"081355265567","email":null,"website":"http://","daya_listrik":900.0,"luas_tanah_milik":1299,"sumber_listrik":"PLN","akses_internet":"Seluler","akses_internet_2":"Shared","waktu_penyelenggaraan":"Pagi/5 hari","semester_id":"20261","semester_keterangan":"2026/2027 Gasal","sekolah_id":"E0F57DBC-0D26-E111-A926-B1F70D373D68","koordinat_valid":true,"validasi":"verified_official","sumber_data":"Kemendikdasmen - Sekolah Kita","sumber_koordinat":"Kemendikdasmen - Sekolah Kita API full-detail","tanggal_pengambilan":"2026-09-30"},"geometry":{"type":"Point","coordinates":[120.0349,-4.2276]}},{"type":"Feature","properties":{"npsn":"40303072","nama_sekolah":"UPTD SDN 381 LAGOSI","bentuk_pendidikan":"SD","status_sekolah":"NEGERI","akreditasi":"B","alamat_jalan":"Jl. Muh. Jafar Tonrong Lagosi","nama_dusun":"TONRONG LAGOSI","rt":0.0,"rw":0.0,"kecamatan":"Kec. Pammana","kabupaten":"Kab. Wajo","provinsi":"Prov. Sulawesi Selatan","kode_pos":"90971","latitude":-4.1665,"longitude":120.1602,"nomor_telepon":"0","email":"Sdn381lagosi@yahoo.co.id","website":"http://","daya_listrik":900.0,"luas_tanah_milik":1894,"sumber_listrik":"PLN","akses_internet":"Seluler","akses_internet_2":"Broadband","waktu_penyelenggaraan":"Pagi/5 hari","semester_id":"20261","semester_keterangan":"2026/2027 Gasal","sekolah_id":"00227EBC-0D26-E111-AF94-8594B0E4DF03","koordinat_valid":true,"validasi":"verified_official","sumber_data":"Kemendikdasmen - Sekolah Kita","sumber_koordinat":"Kemendikdasmen - Sekolah Kita API full-detail","tanggal_pengambilan":"2026-09-30"},"geometry":{"type":"Point","coordinates":[120.1602,-4.1665]}},{"type":"Feature","properties":{"npsn":"40303073","nama_sekolah":"UPTD SDN 382 PALLAWARUKKA","bentuk_pendidikan":"SD","status_sekolah":"NEGERI","akreditasi":"B","alamat_jalan":"Tobakko","nama_dusun":"TOBAKKO","rt":0.0,"rw":0.0,"kecamatan":"Kec. Pammana","kabupaten":"Kab. Wajo","provinsi":"Prov. Sulawesi Selatan","kode_pos":"90971","latitude":-4.2239,"longitude":120.1316,"nomor_telepon":"085239592702","email":"sdnpallawarukka@gmail.com","website":"http://","daya_listrik":900.0,"luas_tanah_milik":1350,"sumber_listrik":"PLN","akses_internet":"Wireless","akses_internet_2":"Broadband","waktu_penyelenggaraan":"Pagi/5 hari","semester_id":"20261","semester_keterangan":"2026/2027 Gasal","sekolah_id":"A07B7EBC-0D26-E111-B752-1350C9D22ABD","koordinat_valid":true,"validasi":"verified_official","sumber_data":"Kemendikdasmen - Sekolah Kita","sumber_koordinat":"Kemendikdasmen - Sekolah Kita API full-detail","tanggal_pengambilan":"2026-09-30"},"geometry":{"type":"Point","coordinates":[120.1316,-4.2239]}},{"type":"Feature","properties":{"npsn":"40303062","nama_sekolah":"UPTD SDN 401 TADANG PALIE","bentuk_pendidikan":"SD","status_sekolah":"NEGERI","akreditasi":"B","alamat_jalan":"Tonrong Limporiattang","nama_dusun":"Dusun Tengnga","rt":0.0,"rw":0.0,"kecamatan":"Kec. Pammana","kabupaten":"Kab. Wajo","provinsi":"Prov. Sulawesi Selatan","kode_pos":"90971","latitude":-4.1814,"longitude":120.1598,"nomor_telepon":"085221918799","email":"nunu.pnpm@gmail.com","website":"http://","daya_listrik":1300.0,"luas_tanah_milik":0,"sumber_listrik":"PLN","akses_internet":"Seluler","akses_internet_2":"Broadband","waktu_penyelenggaraan":"Pagi/5 hari","semester_id":"20261","semester_keterangan":"2026/2027 Gasal","sekolah_id":"60A17EBC-0D26-E111-BA9D-8DEC526834E2","koordinat_valid":true,"validasi":"verified_official","sumber_data":"Kemendikdasmen - Sekolah Kita","sumber_koordinat":"Kemendikdasmen - Sekolah Kita API full-detail","tanggal_pengambilan":"2026-09-30"},"geometry":{"type":"Point","coordinates":[120.1598,-4.1814]}},{"type":"Feature","properties":{"npsn":"40303258","nama_sekolah":"UPTD SDN 89 CINA","bentuk_pendidikan":"SD","status_sekolah":"NEGERI","akreditasi":"B","alamat_jalan":"Wolongeng  Risaliweng","nama_dusun":"Wolongeng Risaliweng","rt":0.0,"rw":1.0,"kecamatan":"Kec. Pammana","kabupaten":"Kab. Wajo","provinsi":"Prov. Sulawesi Selatan","kode_pos":"90971","latitude":-4.186,"longitude":120.131,"nomor_telepon":"085298978899","email":"sdncinapammana@gmail.com","website":"http://","daya_listrik":1300.0,"luas_tanah_milik":2025,"sumber_listrik":"PLN","akses_internet":"Fibre Optic","akses_internet_2":"Broadband","waktu_penyelenggaraan":"Pagi/6 hari","semester_id":"20261","semester_keterangan":"2026/2027 Gasal","sekolah_id":"E04C78BC-0D26-E111-BE3C-25D748DE9C3F","koordinat_valid":true,"validasi":"verified_official","sumber_data":"Kemendikdasmen - Sekolah Kita","sumber_koordinat":"Kemendikdasmen - Sekolah Kita API full-detail","tanggal_pengambilan":"2026-09-30"},"geometry":{"type":"Point","coordinates":[120.131,-4.186]}},{"type":"Feature","properties":{"npsn":"40303276","nama_sekolah":"UPTD SDN 90 PAMMANA","bentuk_pendidikan":"SD","status_sekolah":"NEGERI","akreditasi":"B","alamat_jalan":"Maroanging","nama_dusun":"PAMMANA","rt":0.0,"rw":0.0,"kecamatan":"Kec. Pammana","kabupaten":"Kab. Wajo","provinsi":"Prov. Sulawesi Selatan","kode_pos":"90971","latitude":-4.1955,"longitude":120.0969,"nomor_telepon":null,"email":"sdn90pammana@gmail.com","website":"http://","daya_listrik":900.0,"luas_tanah_milik":2000,"sumber_listrik":"PLN","akses_internet":"Wireless","akses_internet_2":"Shared","waktu_penyelenggaraan":"Pagi/5 hari","semester_id":"20261","semester_keterangan":"2026/2027 Gasal","sekolah_id":"F07278BC-0D26-E111-A54E-4182404769A3","koordinat_valid":true,"validasi":"verified_official","sumber_data":"Kemendikdasmen - Sekolah Kita","sumber_koordinat":"Kemendikdasmen - Sekolah Kita API full-detail","tanggal_pengambilan":"2026-09-30"},"geometry":{"type":"Point","coordinates":[120.0969,-4.1955]}},{"type":"Feature","properties":{"npsn":"40303147","nama_sekolah":"UPTD SDN 91 PAMMANA","bentuk_pendidikan":"SD","status_sekolah":"NEGERI","akreditasi":"B","alamat_jalan":"Laree","nama_dusun":"laree","rt":2.0,"rw":1.0,"kecamatan":"Kec. Pammana","kabupaten":"Kab. Wajo","provinsi":"Prov. Sulawesi Selatan","kode_pos":"90971","latitude":-4.2269,"longitude":120.0832,"nomor_telepon":"082291938479","email":"sdn91pmn@gmail.com","website":"http://","daya_listrik":450.0,"luas_tanah_milik":4125,"sumber_listrik":"PLN","akses_internet":"Fibre Optic","akses_internet_2":"Broadband","waktu_penyelenggaraan":"Pagi/5 hari","semester_id":"20261","semester_keterangan":"2026/2027 Gasal","sekolah_id":"D09778BC-0D26-E111-BDE7-7B5D09D87512","koordinat_valid":true,"validasi":"verified_official","sumber_data":"Kemendikdasmen - Sekolah Kita","sumber_koordinat":"Kemendikdasmen - Sekolah Kita API full-detail","tanggal_pengambilan":"2026-09-30"},"geometry":{"type":"Point","coordinates":[120.0832,-4.2269]}},{"type":"Feature","properties":{"npsn":"40303164","nama_sekolah":"UPTD SDN 92 PALLAWARUKKA","bentuk_pendidikan":"SD","status_sekolah":"NEGERI","akreditasi":"B","alamat_jalan":"Kampiri Timur","nama_dusun":"KAMPIRI TIMUR","rt":0.0,"rw":0.0,"kecamatan":"Kec. Pammana","kabupaten":"Kab. Wajo","provinsi":"Prov. Sulawesi Selatan","kode_pos":"90971","latitude":-4.2186,"longitude":120.1211,"nomor_telepon":"0","email":"sdn92pallawarukka@gmail.com","website":"http://","daya_listrik":1300.0,"luas_tanah_milik":2500,"sumber_listrik":"PLN","akses_internet":"Fibre Optic","akses_internet_2":"Broadband","waktu_penyelenggaraan":"Pagi/5 hari","semester_id":"20261","semester_keterangan":"2026/2027 Gasal","sekolah_id":"B0EA78BC-0D26-E111-BAD8-C95A327FAF90","koordinat_valid":true,"validasi":"verified_official","sumber_data":"Kemendikdasmen - Sekolah Kita","sumber_koordinat":"Kemendikdasmen - Sekolah Kita API full-detail","tanggal_pengambilan":"2026-09-30"},"geometry":{"type":"Point","coordinates":[120.1211,-4.2186]}},{"type":"Feature","properties":{"npsn":"40303166","nama_sekolah":"UPTD SDN 94 WATAMPANUA","bentuk_pendidikan":"SD","status_sekolah":"NEGERI","akreditasi":"B","alamat_jalan":"Baleng","nama_dusun":"Baleng","rt":0.0,"rw":0.0,"kecamatan":"Kec. Pammana","kabupaten":"Kab. Wajo","provinsi":"Prov. Sulawesi Selatan","kode_pos":"90971","latitude":-4.1953,"longitude":120.1367,"nomor_telepon":"0","email":"sdn94watampanua@gmail.com","website":"http://","daya_listrik":450.0,"luas_tanah_milik":1600,"sumber_listrik":"PLN","akses_internet":"Seluler","akses_internet_2":"Shared","waktu_penyelenggaraan":"Pagi/6 hari","semester_id":"20261","semester_keterangan":"2026/2027 Gasal","sekolah_id":"604279BC-0D26-E111-A302-3B3A3E8F774E","koordinat_valid":true,"validasi":"verified_official","sumber_data":"Kemendikdasmen - Sekolah Kita","sumber_koordinat":"Kemendikdasmen - Sekolah Kita API full-detail","tanggal_pengambilan":"2026-09-30"},"geometry":{"type":"Point","coordinates":[120.1367,-4.1953]}},{"type":"Feature","properties":{"npsn":"40303167","nama_sekolah":"UPTD SDN 95 PATILA","bentuk_pendidikan":"SD","status_sekolah":"NEGERI","akreditasi":"B","alamat_jalan":"Jl. Poros Sengkang-Bone Km. 9 Patila","nama_dusun":"PATILA","rt":0.0,"rw":0.0,"kecamatan":"Kec. Pammana","kabupaten":"Kab. Wajo","provinsi":"Prov. Sulawesi Selatan","kode_pos":"90971","latitude":-4.184,"longitude":120.075,"nomor_telepon":null,"email":"sdn95patilapammana@gmail.com","website":"http://","daya_listrik":1300.0,"luas_tanah_milik":2156,"sumber_listrik":"PLN","akses_internet":"Seluler","akses_internet_2":"Shared","waktu_penyelenggaraan":"Pagi/6 hari","semester_id":"20261","semester_keterangan":"2026/2027 Gasal","sekolah_id":"406C79BC-0D26-E111-8186-0925F763C361","koordinat_valid":true,"validasi":"verified_official","sumber_data":"Kemendikdasmen - Sekolah Kita","sumber_koordinat":"Kemendikdasmen - Sekolah Kita API full-detail","tanggal_pengambilan":"2026-09-30"},"geometry":{"type":"Point","coordinates":[120.075,-4.184]}},{"type":"Feature","properties":{"npsn":"40303168","nama_sekolah":"UPTD SDN 96 SIMPURSIA","bentuk_pendidikan":"SD","status_sekolah":"NEGERI","akreditasi":"B","alamat_jalan":"Jalan poros Sengkang Bone KM 7 Calodo Desa Simpursia","nama_dusun":"Calodo","rt":0.0,"rw":0.0,"kecamatan":"Kec. Pammana","kabupaten":"Kab. Wajo","provinsi":"Prov. Sulawesi Selatan","kode_pos":"90971","latitude":-4.1884,"longitude":120.0572,"nomor_telepon":"082341928003","email":"sdn.96simpursia@gmail.com","website":"http://","daya_listrik":450.0,"luas_tanah_milik":790,"sumber_listrik":"PLN","akses_internet":"Fibre Optic","akses_internet_2":"Dedicated","waktu_penyelenggaraan":"Pagi/5 hari","semester_id":"20261","semester_keterangan":"2026/2027 Gasal","sekolah_id":"D0BF79BC-0D26-E111-A157-CFCE65ADD9CA","koordinat_valid":true,"validasi":"verified_official","sumber_data":"Kemendikdasmen - Sekolah Kita","sumber_koordinat":"Kemendikdasmen - Sekolah Kita API full-detail","tanggal_pengambilan":"2026-09-30"},"geometry":{"type":"Point","coordinates":[120.0572,-4.1884]}},{"type":"Feature","properties":{"npsn":"40303169","nama_sekolah":"UPTD SDN 98 LEMPA","bentuk_pendidikan":"SD","status_sekolah":"NEGERI","akreditasi":"A","alamat_jalan":"Jl Bosowa Utara No 18 Palaguna","nama_dusun":"Palaguna","rt":0.0,"rw":0.0,"kecamatan":"Kec. Pammana","kabupaten":"Kab. Wajo","provinsi":"Prov. Sulawesi Selatan","kode_pos":"90971","latitude":-4.1673,"longitude":120.0367,"nomor_telepon":null,"email":"sdnlempa98@gmail.com","website":"http://","daya_listrik":900.0,"luas_tanah_milik":2268,"sumber_listrik":"PLN","akses_internet":"Wireless","akses_internet_2":"Dedicated","waktu_penyelenggaraan":"Pagi/5 hari","semester_id":"20261","semester_keterangan":"2026/2027 Gasal","sekolah_id":"40E679BC-0D26-E111-81F5-6FC7D80A3C25","koordinat_valid":true,"validasi":"verified_official","sumber_data":"Kemendikdasmen - Sekolah Kita","sumber_koordinat":"Kemendikdasmen - Sekolah Kita API full-detail","tanggal_pengambilan":"2026-09-30"},"geometry":{"type":"Point","coordinates":[120.0367,-4.1673]}},{"type":"Feature","properties":{"npsn":"40303170","nama_sekolah":"UPTD SDN 99 LAMPULUNG","bentuk_pendidikan":"SD","status_sekolah":"NEGERI","akreditasi":"B","alamat_jalan":"Tosampa","nama_dusun":"Tosampa","rt":0.0,"rw":0.0,"kecamatan":"Kec. Pammana","kabupaten":"Kab. Wajo","provinsi":"Prov. Sulawesi Selatan","kode_pos":"90971","latitude":-4.172,"longitude":120.0585,"nomor_telepon":null,"email":"sekolah99lampulung@gmail.com","website":"http://","daya_listrik":2200.0,"luas_tanah_milik":1950,"sumber_listrik":"PLN","akses_internet":"Seluler","akses_internet_2":"Broadband","waktu_penyelenggaraan":"Pagi/5 hari","semester_id":"20261","semester_keterangan":"2026/2027 Gasal","sekolah_id":"60097ABC-0D26-E111-9527-CDEC2E4FEFDC","koordinat_valid":true,"validasi":"verified_official","sumber_data":"Kemendikdasmen - Sekolah Kita","sumber_koordinat":"Kemendikdasmen - Sekolah Kita API full-detail","tanggal_pengambilan":"2026-09-30"},"geometry":{"type":"Point","coordinates":[120.0585,-4.172]}},{"type":"Feature","properties":{"npsn":"40303312","nama_sekolah":"UPTD SDN 138 BENTENG","bentuk_pendidikan":"SD","status_sekolah":"NEGERI","akreditasi":"B","alamat_jalan":"Benteng","nama_dusun":"Lebong Loang","rt":1.0,"rw":1.0,"kecamatan":"Kec. Penrang","kabupaten":"Kab. Wajo","provinsi":"Prov. Sulawesi Selatan","kode_pos":"90983","latitude":-4.1024,"longitude":120.2567,"nomor_telepon":"085237337569","email":null,"website":"http://","daya_listrik":450.0,"luas_tanah_milik":3000,"sumber_listrik":"PLN","akses_internet":"Seluler","akses_internet_2":"Shared","waktu_penyelenggaraan":"Pagi/5 hari","semester_id":"20261","semester_keterangan":"2026/2027 Gasal","sekolah_id":"5013AFBC-0D26-E111-90F7-E1E1B1091DEC","koordinat_valid":true,"validasi":"verified_official","sumber_data":"Kemendikdasmen - Sekolah Kita","sumber_koordinat":"Kemendikdasmen - Sekolah Kita API full-detail","tanggal_pengambilan":"2026-09-30"},"geometry":{"type":"Point","coordinates":[120.2567,-4.1024]}},{"type":"Feature","properties":{"npsn":"40303316","nama_sekolah":"UPTD SDN 142 PADAELO","bentuk_pendidikan":"SD","status_sekolah":"NEGERI","akreditasi":"B","alamat_jalan":"Allapporeng","nama_dusun":"Kalosi","rt":0.0,"rw":0.0,"kecamatan":"Kec. Penrang","kabupaten":"Kab. Wajo","provinsi":"Prov. Sulawesi Selatan","kode_pos":"90983","latitude":-4.0239,"longitude":120.2813,"nomor_telepon":"085255942400","email":"sdnpadaelo142@gmail.com","website":"http://","daya_listrik":1300.0,"luas_tanah_milik":2592,"sumber_listrik":"PLN","akses_internet":"Seluler","akses_internet_2":"Broadband","waktu_penyelenggaraan":"Sehari Penuh/5 hari","semester_id":"20261","semester_keterangan":"2026/2027 Gasal","sekolah_id":"403BAFBC-0D26-E111-A05D-09A248E0B72E","koordinat_valid":true,"validasi":"verified_official","sumber_data":"Kemendikdasmen - Sekolah Kita","sumber_koordinat":"Kemendikdasmen - Sekolah Kita API full-detail","tanggal_pengambilan":"2026-09-30"},"geometry":{"type":"Point","coordinates":[120.2813,-4.0239]}},{"type":"Feature","properties":{"npsn":"40303317","nama_sekolah":"UPTD SDN 143 MAKMUR","bentuk_pendidikan":"SD","status_sekolah":"NEGERI","akreditasi":"B","alamat_jalan":"TAWAROE","nama_dusun":"Tawaroe","rt":0.0,"rw":0.0,"kecamatan":"Kec. Penrang","kabupaten":"Kab. Wajo","provinsi":"Prov. Sulawesi Selatan","kode_pos":"90983","latitude":-4.0185,"longitude":120.2651,"nomor_telepon":"085299610643","email":"143makmur@gmail.com","website":"http://","daya_listrik":900.0,"luas_tanah_milik":6309,"sumber_listrik":"PLN","akses_internet":"Seluler","akses_internet_2":"Broadband","waktu_penyelenggaraan":"Pagi/5 hari","semester_id":"20261","semester_keterangan":"2026/2027 Gasal","sekolah_id":"9060AFBC-0D26-E111-B757-89AA64C73A63","koordinat_valid":true,"validasi":"verified_official","sumber_data":"Kemendikdasmen - Sekolah Kita","sumber_koordinat":"Kemendikdasmen - Sekolah Kita API full-detail","tanggal_pengambilan":"2026-09-30"},"geometry":{"type":"Point","coordinates":[120.2651,-4.0185]}},{"type":"Feature","properties":{"npsn":"40303318","nama_sekolah":"UPTD SDN 144 PADAELO","bentuk_pendidikan":"SD","status_sekolah":"NEGERI","akreditasi":"B","alamat_jalan":"Tironge","nama_dusun":"Tironge","rt":0.0,"rw":0.0,"kecamatan":"Kec. Penrang","kabupaten":"Kab. Wajo","provinsi":"Prov. Sulawesi Selatan","kode_pos":"90983","latitude":-4.0407,"longitude":120.2641,"nomor_telepon":"081293510858","email":"sdn144padaelo@yahoo.com","website":"http://","daya_listrik":3500.0,"luas_tanah_milik":4100,"sumber_listrik":"PLN","akses_internet":"Seluler","akses_internet_2":"Shared","waktu_penyelenggaraan":"Pagi/5 hari","semester_id":"20261","semester_keterangan":"2026/2027 Gasal","sekolah_id":"1085AFBC-0D26-E111-8A7A-0DD52DBD8B83","koordinat_valid":true,"validasi":"verified_official","sumber_data":"Kemendikdasmen - Sekolah Kita","sumber_koordinat":"Kemendikdasmen - Sekolah Kita API full-detail","tanggal_pengambilan":"2026-09-30"},"geometry":{"type":"Point","coordinates":[120.2641,-4.0407]}},{"type":"Feature","properties":{"npsn":"40303319","nama_sekolah":"UPTD SDN 145 DOPING","bentuk_pendidikan":"SD","status_sekolah":"NEGERI","akreditasi":"C","alamat_jalan":"JLN. K. MUH. AS AD NO 79 DOPING","nama_dusun":"Baru Doping","rt":0.0,"rw":0.0,"kecamatan":"Kec. Penrang","kabupaten":"Kab. Wajo","provinsi":"Prov. Sulawesi Selatan","kode_pos":"90983","latitude":-4.0852,"longitude":120.2953,"nomor_telepon":"0","email":"sdnegeri145doping@yahoo.co.id","website":"http://","daya_listrik":900.0,"luas_tanah_milik":1225,"sumber_listrik":"PLN","akses_internet":"Seluler","akses_internet_2":"Dedicated","waktu_penyelenggaraan":"Pagi/5 hari","semester_id":"20261","semester_keterangan":"2026/2027 Gasal","sekolah_id":"20104DC3-0D26-E111-BD7B-C3CEA9CC59FB","koordinat_valid":true,"validasi":"verified_official","sumber_data":"Kemendikdasmen - Sekolah Kita","sumber_koordinat":"Kemendikdasmen - Sekolah Kita API full-detail","tanggal_pengambilan":"2026-09-30"},"geometry":{"type":"Point","coordinates":[120.2953,-4.0852]}},{"type":"Feature","properties":{"npsn":"40303320","nama_sekolah":"UPTD SDN 146 RADDAE","bentuk_pendidikan":"SD","status_sekolah":"NEGERI","akreditasi":"B","alamat_jalan":"Raddae","nama_dusun":"Raddae","rt":0.0,"rw":0.0,"kecamatan":"Kec. Penrang","kabupaten":"Kab. Wajo","provinsi":"Prov. Sulawesi Selatan","kode_pos":"90983","latitude":-4.0625,"longitude":120.3052,"nomor_telepon":"087752746801","email":"sdn146raddae@gmail.com","website":null,"daya_listrik":900.0,"luas_tanah_milik":3510,"sumber_listrik":"PLN","akses_internet":"Wireless","akses_internet_2":"Broadband","waktu_penyelenggaraan":"Sehari Penuh/5 hari","semester_id":"20261","semester_keterangan":"2026/2027 Gasal","sekolah_id":"F0334DC3-0D26-E111-B96E-9957E9EDF557","koordinat_valid":true,"validasi":"verified_official","sumber_data":"Kemendikdasmen - Sekolah Kita","sumber_koordinat":"Kemendikdasmen - Sekolah Kita API full-detail","tanggal_pengambilan":"2026-09-30"},"geometry":{"type":"Point","coordinates":[120.3052,-4.0625]}},{"type":"Feature","properties":{"npsn":"40303321","nama_sekolah":"UPTD SDN 147 TEMMABARANG","bentuk_pendidikan":"SD","status_sekolah":"NEGERI","akreditasi":"C","alamat_jalan":"MATTIROWALIE","nama_dusun":"Mattirowalie","rt":0.0,"rw":0.0,"kecamatan":"Kec. Penrang","kabupaten":"Kab. Wajo","provinsi":"Prov. Sulawesi Selatan","kode_pos":"90983","latitude":-4.0582,"longitude":120.2464,"nomor_telepon":"085340720825","email":"Muchlis.alikhlas12@yahoo.com","website":null,"daya_listrik":900.0,"luas_tanah_milik":7275,"sumber_listrik":"PLN","akses_internet":"Seluler","akses_internet_2":"Dedicated","waktu_penyelenggaraan":"Pagi/5 hari","semester_id":"20261","semester_keterangan":"2026/2027 Gasal","sekolah_id":"20594DC3-0D26-E111-8CDE-DDD41705BC27","koordinat_valid":true,"validasi":"verified_official","sumber_data":"Kemendikdasmen - Sekolah Kita","sumber_koordinat":"Kemendikdasmen - Sekolah Kita API full-detail","tanggal_pengambilan":"2026-09-30"},"geometry":{"type":"Point","coordinates":[120.2464,-4.0582]}},{"type":"Feature","properties":{"npsn":"40303322","nama_sekolah":"UPTD SDN 148 WALANGA","bentuk_pendidikan":"SD","status_sekolah":"NEGERI","akreditasi":"B","alamat_jalan":"Bakke","nama_dusun":"BAKKE","rt":3.0,"rw":3.0,"kecamatan":"Kec. Penrang","kabupaten":"Kab. Wajo","provinsi":"Prov. Sulawesi Selatan","kode_pos":"90983","latitude":-4.0627,"longitude":120.2008,"nomor_telepon":"085396624677","email":"sdn.walanga@yahoo.co.id","website":"http://","daya_listrik":900.0,"luas_tanah_milik":1260,"sumber_listrik":"PLN","akses_internet":"Seluler","akses_internet_2":"Broadband","waktu_penyelenggaraan":"Sehari Penuh/5 hari","semester_id":"20261","semester_keterangan":"2026/2027 Gasal","sekolah_id":"C0D8AFBC-0D26-E111-9F86-3F0CB64F1B2A","koordinat_valid":true,"validasi":"verified_official","sumber_data":"Kemendikdasmen - Sekolah Kita","sumber_koordinat":"Kemendikdasmen - Sekolah Kita API full-detail","tanggal_pengambilan":"2026-09-30"},"geometry":{"type":"Point","coordinates":[120.2008,-4.0627]}},{"type":"Feature","properties":{"npsn":"40303323","nama_sekolah":"UPTD SDN 149 PENRANG","bentuk_pendidikan":"SD","status_sekolah":"NEGERI","akreditasi":"B","alamat_jalan":"Penrang Riawa","nama_dusun":"PENRANG RIAWA","rt":0.0,"rw":0.0,"kecamatan":"Kec. Penrang","kabupaten":"Kab. Wajo","provinsi":"Prov. Sulawesi Selatan","kode_pos":"90983","latitude":-4.1193,"longitude":120.1718,"nomor_telepon":"081343614387","email":"sdn149penrang@ymail.com","website":"http://","daya_listrik":900.0,"luas_tanah_milik":6360,"sumber_listrik":"PLN","akses_internet":"Seluler","akses_internet_2":"Broadband","waktu_penyelenggaraan":"Pagi/5 hari","semester_id":"20261","semester_keterangan":"2026/2027 Gasal","sekolah_id":"10824DC3-0D26-E111-9A01-F3849C9135F8","koordinat_valid":true,"validasi":"verified_official","sumber_data":"Kemendikdasmen - Sekolah Kita","sumber_koordinat":"Kemendikdasmen - Sekolah Kita API full-detail","tanggal_pengambilan":"2026-09-30"},"geometry":{"type":"Point","coordinates":[120.1718,-4.1193]}},{"type":"Feature","properties":{"npsn":"40303352","nama_sekolah":"UPTD SDN 150 LAWESSO","bentuk_pendidikan":"SD","status_sekolah":"NEGERI","akreditasi":"C","alamat_jalan":"Totibang","nama_dusun":"Totibang","rt":0.0,"rw":0.0,"kecamatan":"Kec. Penrang","kabupaten":"Kab. Wajo","provinsi":"Prov. Sulawesi Selatan","kode_pos":"90983","latitude":-4.0786,"longitude":120.2747,"nomor_telepon":null,"email":"sdn_150_lawesso@yahoo.co.id","website":"http://","daya_listrik":900.0,"luas_tanah_milik":1608,"sumber_listrik":"PLN","akses_internet":"Wireless","akses_internet_2":"Shared","waktu_penyelenggaraan":"Pagi/5 hari","semester_id":"20261","semester_keterangan":"2026/2027 Gasal","sekolah_id":"50AB4DC3-0D26-E111-B3E6-BBDAFF21326C","koordinat_valid":true,"validasi":"verified_official","sumber_data":"Kemendikdasmen - Sekolah Kita","sumber_koordinat":"Kemendikdasmen - Sekolah Kita API full-detail","tanggal_pengambilan":"2026-09-30"},"geometry":{"type":"Point","coordinates":[120.2747,-4.0786]}},{"type":"Feature","properties":{"npsn":"40303417","nama_sekolah":"UPTD SDN 151 TADANG PALIE","bentuk_pendidikan":"SD","status_sekolah":"NEGERI","akreditasi":"C","alamat_jalan":"Penrang Riase","nama_dusun":"Penrang Riase","rt":0.0,"rw":0.0,"kecamatan":"Kec. Penrang","kabupaten":"Kab. Wajo","provinsi":"Prov. Sulawesi Selatan","kode_pos":"90983","latitude":-4.0868,"longitude":120.1781,"nomor_telepon":"085299455450","email":"armhand89@gmail.com","website":"http://","daya_listrik":450.0,"luas_tanah_milik":3824,"sumber_listrik":"PLN","akses_internet":"Seluler","akses_internet_2":"Broadband","waktu_penyelenggaraan":"Pagi/5 hari","semester_id":"20261","semester_keterangan":"2026/2027 Gasal","sekolah_id":"60D44DC3-0D26-E111-9B38-F99BBC2E202A","koordinat_valid":true,"validasi":"verified_official","sumber_data":"Kemendikdasmen - Sekolah Kita","sumber_koordinat":"Kemendikdasmen - Sekolah Kita API full-detail","tanggal_pengambilan":"2026-09-30"},"geometry":{"type":"Point","coordinates":[120.1781,-4.0868]}},{"type":"Feature","properties":{"npsn":"40303493","nama_sekolah":"UPTD SDN 152 MAKMUR","bentuk_pendidikan":"SD","status_sekolah":"NEGERI","akreditasi":"B","alamat_jalan":"Padewakeng","nama_dusun":"padewekeng","rt":0.0,"rw":0.0,"kecamatan":"Kec. Penrang","kabupaten":"Kab. Wajo","provinsi":"Prov. Sulawesi Selatan","kode_pos":"90983","latitude":-3.9909,"longitude":120.2675,"nomor_telepon":null,"email":null,"website":"http://","daya_listrik":1300.0,"luas_tanah_milik":4028,"sumber_listrik":"PLN","akses_internet":"Fibre Optic","akses_internet_2":"Shared","waktu_penyelenggaraan":"Pagi/5 hari","semester_id":"20261","semester_keterangan":"2026/2027 Gasal","sekolah_id":"60FD4DC3-0D26-E111-850B-91665B9F304E","koordinat_valid":true,"validasi":"verified_official","sumber_data":"Kemendikdasmen - Sekolah Kita","sumber_koordinat":"Kemendikdasmen - Sekolah Kita API full-detail","tanggal_pengambilan":"2026-09-30"},"geometry":{"type":"Point","coordinates":[120.2675,-3.9909]}},{"type":"Feature","properties":{"npsn":"40303448","nama_sekolah":"UPTD SDN 227 DOPING","bentuk_pendidikan":"SD","status_sekolah":"NEGERI","akreditasi":"B","alamat_jalan":"Doping Baru","nama_dusun":"Baru Doping","rt":0.0,"rw":0.0,"kecamatan":"Kec. Penrang","kabupaten":"Kab. Wajo","provinsi":"Prov. Sulawesi Selatan","kode_pos":"90983","latitude":-4.085,"longitude":120.2948,"nomor_telepon":"082331886225","email":"sdnegeri227doping@gmail.com","website":"http://","daya_listrik":3500.0,"luas_tanah_milik":3000,"sumber_listrik":"PLN","akses_internet":"Wireless","akses_internet_2":"Shared","waktu_penyelenggaraan":"Sehari Penuh/5 hari","semester_id":"20261","semester_keterangan":"2026/2027 Gasal","sekolah_id":"F004B0BC-0D26-E111-B152-2D27026C2F6A","koordinat_valid":true,"validasi":"verified_official","sumber_data":"Kemendikdasmen - Sekolah Kita","sumber_koordinat":"Kemendikdasmen - Sekolah Kita API full-detail","tanggal_pengambilan":"2026-09-30"},"geometry":{"type":"Point","coordinates":[120.2948,-4.085]}},{"type":"Feature","properties":{"npsn":"40303093","nama_sekolah":"UPTD SDN 304 TEMMABARANG","bentuk_pendidikan":"SD","status_sekolah":"NEGERI","akreditasi":"B","alamat_jalan":"Tobulelle","nama_dusun":"Tobulelle","rt":0.0,"rw":0.0,"kecamatan":"Kec. Penrang","kabupaten":"Kab. Wajo","provinsi":"Prov. Sulawesi Selatan","kode_pos":"90983","latitude":-4.061,"longitude":120.2407,"nomor_telepon":"085394543233","email":"sdn.304.temmabarang@gmail.com","website":"http://","daya_listrik":450.0,"luas_tanah_milik":2704,"sumber_listrik":"PLN","akses_internet":"Seluler","akses_internet_2":"Shared","waktu_penyelenggaraan":"Pagi/5 hari","semester_id":"20261","semester_keterangan":"2026/2027 Gasal","sekolah_id":"00304EC3-0D26-E111-8CD5-1DABD67CC460","koordinat_valid":true,"validasi":"verified_official","sumber_data":"Kemendikdasmen - Sekolah Kita","sumber_koordinat":"Kemendikdasmen - Sekolah Kita API full-detail","tanggal_pengambilan":"2026-09-30"},"geometry":{"type":"Point","coordinates":[120.2407,-4.061]}},{"type":"Feature","properties":{"npsn":"40303094","nama_sekolah":"UPTD SDN 305 WALANGA","bentuk_pendidikan":"SD","status_sekolah":"NEGERI","akreditasi":"B","alamat_jalan":"Walanga","nama_dusun":"Walanga","rt":0.0,"rw":0.0,"kecamatan":"Kec. Penrang","kabupaten":"Kab. Wajo","provinsi":"Prov. Sulawesi Selatan","kode_pos":"90983","latitude":-4.0517,"longitude":120.2239,"nomor_telepon":"082331886225","email":"lilisuganda305@gail.com","website":"http://","daya_listrik":2200.0,"luas_tanah_milik":2334,"sumber_listrik":"PLN","akses_internet":"Seluler","akses_internet_2":"Broadband","waktu_penyelenggaraan":"Pagi/5 hari","semester_id":"20261","semester_keterangan":"2026/2027 Gasal","sekolah_id":"D0664EC3-0D26-E111-8E57-DD6D70C3F475","koordinat_valid":true,"validasi":"verified_official","sumber_data":"Kemendikdasmen - Sekolah Kita","sumber_koordinat":"Kemendikdasmen - Sekolah Kita API full-detail","tanggal_pengambilan":"2026-09-30"},"geometry":{"type":"Point","coordinates":[120.2239,-4.0517]}},{"type":"Feature","properties":{"npsn":"40303112","nama_sekolah":"UPTD SDN 306 LAWESSO","bentuk_pendidikan":"SD","status_sekolah":"NEGERI","akreditasi":"B","alamat_jalan":"Sakkaleng","nama_dusun":"Sakkaleng","rt":0.0,"rw":0.0,"kecamatan":"Kec. Penrang","kabupaten":"Kab. Wajo","provinsi":"Prov. Sulawesi Selatan","kode_pos":"90983","latitude":-4.073,"longitude":120.2615,"nomor_telepon":null,"email":"sdn306lawesso@gmail.com","website":"http://www.sdn306lawesso.net","daya_listrik":1300.0,"luas_tanah_milik":2750,"sumber_listrik":"PLN","akses_internet":"Vsat","akses_internet_2":"Broadband","waktu_penyelenggaraan":"Pagi/5 hari","semester_id":"20261","semester_keterangan":"2026/2027 Gasal","sekolah_id":"408C4EC3-0D26-E111-B4E2-B35A1D9C8BEA","koordinat_valid":true,"validasi":"verified_official","sumber_data":"Kemendikdasmen - Sekolah Kita","sumber_koordinat":"Kemendikdasmen - Sekolah Kita API full-detail","tanggal_pengambilan":"2026-09-30"},"geometry":{"type":"Point","coordinates":[120.2615,-4.073]}},{"type":"Feature","properties":{"npsn":"40303113","nama_sekolah":"UPTD SDN 307 BENTENG","bentuk_pendidikan":"SD","status_sekolah":"NEGERI","akreditasi":"B","alamat_jalan":"Doping Lama","nama_dusun":"Doping Lama","rt":0.0,"rw":0.0,"kecamatan":"Kec. Penrang","kabupaten":"Kab. Wajo","provinsi":"Prov. Sulawesi Selatan","kode_pos":"90983","latitude":-4.0933,"longitude":120.2969,"nomor_telepon":null,"email":"sdn307bentengkec.penrang@gmail.com","website":"http://","daya_listrik":1300.0,"luas_tanah_milik":3376,"sumber_listrik":"PLN","akses_internet":"Seluler","akses_internet_2":"Shared","waktu_penyelenggaraan":"Pagi/5 hari","semester_id":"20261","semester_keterangan":"2026/2027 Gasal","sekolah_id":"40B04EC3-0D26-E111-B08B-C5B86E0AC0AC","koordinat_valid":true,"validasi":"verified_official","sumber_data":"Kemendikdasmen - Sekolah Kita","sumber_koordinat":"Kemendikdasmen - Sekolah Kita API full-detail","tanggal_pengambilan":"2026-09-30"},"geometry":{"type":"Point","coordinates":[120.2969,-4.0933]}},{"type":"Feature","properties":{"npsn":"40303241","nama_sekolah":"UPTD SDN 416 TEMMABARANG","bentuk_pendidikan":"SD","status_sekolah":"NEGERI","akreditasi":"B","alamat_jalan":"Temmabarang","nama_dusun":"Bakke-Bakke","rt":0.0,"rw":0.0,"kecamatan":"Kec. Penrang","kabupaten":"Kab. Wajo","provinsi":"Prov. Sulawesi Selatan","kode_pos":"90983","latitude":-4.0895,"longitude":120.2323,"nomor_telepon":null,"email":"sdn416temmabarangwajo@gmail.com","website":"http://","daya_listrik":900.0,"luas_tanah_milik":875,"sumber_listrik":"PLN","akses_internet":"Seluler","akses_internet_2":"Broadband","waktu_penyelenggaraan":"Pagi/5 hari","semester_id":"20261","semester_keterangan":"2026/2027 Gasal","sekolah_id":"F0FF4EC3-0D26-E111-9455-E9F1A4B3CF92","koordinat_valid":true,"validasi":"verified_official","sumber_data":"Kemendikdasmen - Sekolah Kita","sumber_koordinat":"Kemendikdasmen - Sekolah Kita API full-detail","tanggal_pengambilan":"2026-09-30"},"geometry":{"type":"Point","coordinates":[120.2323,-4.0895]}},{"type":"Feature","properties":{"npsn":"40311048","nama_sekolah":"SD ISLAM AT THAHIRYAH","bentuk_pendidikan":"SD","status_sekolah":"SWASTA","akreditasi":"C","alamat_jalan":"Jl. Andi Kollo No. 3 Bulete","nama_dusun":null,"rt":0.0,"rw":0.0,"kecamatan":"Kec. Pitumpanua","kabupaten":"Kab. Wajo","provinsi":"Prov. Sulawesi Selatan","kode_pos":"90992","latitude":-3.7022,"longitude":120.4192,"nomor_telepon":null,"email":"sdiatthahiryahbulete@yahoo.com","website":"http://","daya_listrik":900.0,"luas_tanah_milik":629,"sumber_listrik":"PLN","akses_internet":"Wireless","akses_internet_2":"Dedicated","waktu_penyelenggaraan":"Pagi/5 hari","semester_id":"20261","semester_keterangan":"2026/2027 Gasal","sekolah_id":"40A1E9BE-0D26-E111-BCC4-876907C9280B","koordinat_valid":true,"validasi":"verified_official","sumber_data":"Kemendikdasmen - Sekolah Kita","sumber_koordinat":"Kemendikdasmen - Sekolah Kita API full-detail","tanggal_pengambilan":"2026-09-30"},"geometry":{"type":"Point","coordinates":[120.4192,-3.7022]}},{"type":"Feature","properties":{"npsn":"40303504","nama_sekolah":"UPTD SDN 181 BULETE","bentuk_pendidikan":"SD","status_sekolah":"NEGERI","akreditasi":"A","alamat_jalan":"Bulete","nama_dusun":"AWOLAGADING","rt":0.0,"rw":0.0,"kecamatan":"Kec. Pitumpanua","kabupaten":"Kab. Wajo","provinsi":"Prov. Sulawesi Selatan","kode_pos":"90992","latitude":-3.7058,"longitude":120.42,"nomor_telepon":"085330829791","email":"sdn181bulete@gmail.com","website":"http://","daya_listrik":2200.0,"luas_tanah_milik":5763,"sumber_listrik":"PLN","akses_internet":"Wireless","akses_internet_2":"Shared","waktu_penyelenggaraan":"Sehari Penuh/5 hari","semester_id":"20261","semester_keterangan":"2026/2027 Gasal","sekolah_id":"F099A6BC-0D26-E111-BE5E-2F8312A1D9CB","koordinat_valid":true,"validasi":"verified_official","sumber_data":"Kemendikdasmen - Sekolah Kita","sumber_koordinat":"Kemendikdasmen - Sekolah Kita API full-detail","tanggal_pengambilan":"2026-09-30"},"geometry":{"type":"Point","coordinates":[120.42,-3.7058]}},{"type":"Feature","properties":{"npsn":"40303505","nama_sekolah":"UPTD SDN 182 BULETE","bentuk_pendidikan":"SD","status_sekolah":"NEGERI","akreditasi":"B","alamat_jalan":"BULETE","nama_dusun":"Cappapadang","rt":1.0,"rw":1.0,"kecamatan":"Kec. Pitumpanua","kabupaten":"Kab. Wajo","provinsi":"Prov. Sulawesi Selatan","kode_pos":"90992","latitude":-3.7056,"longitude":120.4198,"nomor_telepon":"082119204804","email":"rydhamajid@yahoo.co.id","website":null,"daya_listrik":1300.0,"luas_tanah_milik":3600,"sumber_listrik":"PLN","akses_internet":"Wireless","akses_internet_2":"Shared","waktu_penyelenggaraan":"Pagi/5 hari","semester_id":"20261","semester_keterangan":"2026/2027 Gasal","sekolah_id":"40C8A6BC-0D26-E111-9E0B-4794672703D4","koordinat_valid":true,"validasi":"verified_official","sumber_data":"Kemendikdasmen - Sekolah Kita","sumber_koordinat":"Kemendikdasmen - Sekolah Kita API full-detail","tanggal_pengambilan":"2026-09-30"},"geometry":{"type":"Point","coordinates":[120.4198,-3.7056]}},{"type":"Feature","properties":{"npsn":"40303506","nama_sekolah":"UPTD SDN 183 MARANNU","bentuk_pendidikan":"SD","status_sekolah":"NEGERI","akreditasi":"B","alamat_jalan":"Lacinde","nama_dusun":"Lacinde","rt":0.0,"rw":0.0,"kecamatan":"Kec. Pitumpanua","kabupaten":"Kab. Wajo","provinsi":"Prov. Sulawesi Selatan","kode_pos":"90992","latitude":-3.6784,"longitude":120.3681,"nomor_telepon":"082210424868","email":"sdn183marannu.school@gmail.com","website":"http://","daya_listrik":900.0,"luas_tanah_milik":4000,"sumber_listrik":"PLN","akses_internet":"Wireless","akses_internet_2":"Shared","waktu_penyelenggaraan":"Pagi/5 hari","semester_id":"20261","semester_keterangan":"2026/2027 Gasal","sekolah_id":"00F6A6BC-0D26-E111-8B6D-A98328A5F296","koordinat_valid":true,"validasi":"verified_official","sumber_data":"Kemendikdasmen - Sekolah Kita","sumber_koordinat":"Kemendikdasmen - Sekolah Kita API full-detail","tanggal_pengambilan":"2026-09-30"},"geometry":{"type":"Point","coordinates":[120.3681,-3.6784]}},{"type":"Feature","properties":{"npsn":"40303507","nama_sekolah":"UPTD SDN 184 BATU","bentuk_pendidikan":"SD","status_sekolah":"NEGERI","akreditasi":"B","alamat_jalan":"Bulu Siwa","nama_dusun":"Bulu Siwa","rt":0.0,"rw":0.0,"kecamatan":"Kec. Pitumpanua","kabupaten":"Kab. Wajo","provinsi":"Prov. Sulawesi Selatan","kode_pos":"90992","latitude":-3.6967,"longitude":120.4116,"nomor_telepon":null,"email":"sdn184@yahoo.com","website":"http://","daya_listrik":900.0,"luas_tanah_milik":4355,"sumber_listrik":"PLN","akses_internet":"Fibre Optic","akses_internet_2":"Dedicated","waktu_penyelenggaraan":"Pagi/6 hari","semester_id":"20261","semester_keterangan":"2026/2027 Gasal","sekolah_id":"0024A7BC-0D26-E111-BA7B-479487369991","koordinat_valid":true,"validasi":"verified_official","sumber_data":"Kemendikdasmen - Sekolah Kita","sumber_koordinat":"Kemendikdasmen - Sekolah Kita API full-detail","tanggal_pengambilan":"2026-09-30"},"geometry":{"type":"Point","coordinates":[120.4116,-3.6967]}},{"type":"Feature","properties":{"npsn":"40303524","nama_sekolah":"UPTD SDN 185 TOBARAKKA","bentuk_pendidikan":"SD","status_sekolah":"NEGERI","akreditasi":"B","alamat_jalan":"Jalan Ponde","nama_dusun":null,"rt":0.0,"rw":0.0,"kecamatan":"Kec. Pitumpanua","kabupaten":"Kab. Wajo","provinsi":"Prov. Sulawesi Selatan","kode_pos":"90992","latitude":-3.7282,"longitude":120.3962,"nomor_telepon":"081342284145","email":"sdntobarakka@gmail.com","website":"http://","daya_listrik":900.0,"luas_tanah_milik":3575,"sumber_listrik":"PLN","akses_internet":"Wireless","akses_internet_2":"Dedicated","waktu_penyelenggaraan":"Sehari Penuh/5 hari","semester_id":"20261","semester_keterangan":"2026/2027 Gasal","sekolah_id":"704CA7BC-0D26-E111-BADA-EDA0C225A1C1","koordinat_valid":true,"validasi":"verified_official","sumber_data":"Kemendikdasmen - Sekolah Kita","sumber_koordinat":"Kemendikdasmen - Sekolah Kita API full-detail","tanggal_pengambilan":"2026-09-30"},"geometry":{"type":"Point","coordinates":[120.3962,-3.7282]}},{"type":"Feature","properties":{"npsn":"40303542","nama_sekolah":"UPTD SDN 186 BENTENG","bentuk_pendidikan":"SD","status_sekolah":"NEGERI","akreditasi":"B","alamat_jalan":"Benteng","nama_dusun":"Benteng","rt":0.0,"rw":0.0,"kecamatan":"Kec. Pitumpanua","kabupaten":"Kab. Wajo","provinsi":"Prov. Sulawesi Selatan","kode_pos":"90992","latitude":-3.7332,"longitude":120.3874,"nomor_telepon":null,"email":"sdn186benteng@yahoo.com","website":"http://","daya_listrik":2200.0,"luas_tanah_milik":4539,"sumber_listrik":"PLN","akses_internet":"Tidak Ada","akses_internet_2":"Dedicated","waktu_penyelenggaraan":"Pagi/5 hari","semester_id":"20261","semester_keterangan":"2026/2027 Gasal","sekolah_id":"6078A7BC-0D26-E111-B7D8-F79F6B5C93E3","koordinat_valid":true,"validasi":"verified_official","sumber_data":"Kemendikdasmen - Sekolah Kita","sumber_koordinat":"Kemendikdasmen - Sekolah Kita API full-detail","tanggal_pengambilan":"2026-09-30"},"geometry":{"type":"Point","coordinates":[120.3874,-3.7332]}},{"type":"Feature","properties":{"npsn":"40303543","nama_sekolah":"UPTD SDN 187 LAUWA","bentuk_pendidikan":"SD","status_sekolah":"NEGERI","akreditasi":"A","alamat_jalan":"Kaluku","nama_dusun":"Bocco-Bocco","rt":0.0,"rw":0.0,"kecamatan":"Kec. Pitumpanua","kabupaten":"Kab. Wajo","provinsi":"Prov. Sulawesi Selatan","kode_pos":"90992","latitude":-3.7602,"longitude":120.3567,"nomor_telepon":null,"email":"sdn187lauwa.pitumpanua@gmail.com","website":"http://","daya_listrik":2200.0,"luas_tanah_milik":10472,"sumber_listrik":"PLN","akses_internet":"Wireless","akses_internet_2":"Broadband","waktu_penyelenggaraan":"Pagi/5 hari","semester_id":"20261","semester_keterangan":"2026/2027 Gasal","sekolah_id":"40A4A7BC-0D26-E111-8A5F-0F99922A1B04","koordinat_valid":true,"validasi":"verified_official","sumber_data":"Kemendikdasmen - Sekolah Kita","sumber_koordinat":"Kemendikdasmen - Sekolah Kita API full-detail","tanggal_pengambilan":"2026-09-30"},"geometry":{"type":"Point","coordinates":[120.3567,-3.7602]}},{"type":"Feature","properties":{"npsn":"40303544","nama_sekolah":"UPTD SDN 188 TANRONGI","bentuk_pendidikan":"SD","status_sekolah":"NEGERI","akreditasi":"B","alamat_jalan":"Jl Poros Bungawai-Belawae Tanrongi","nama_dusun":"Tanrongi","rt":1.0,"rw":1.0,"kecamatan":"Kec. Pitumpanua","kabupaten":"Kab. Wajo","provinsi":"Prov. Sulawesi Selatan","kode_pos":"90992","latitude":-3.7033,"longitude":120.3786,"nomor_telepon":null,"email":"uptdsdn188tanrongi@gmail.com","website":"http://","daya_listrik":900.0,"luas_tanah_milik":3500,"sumber_listrik":"PLN","akses_internet":"Wireless","akses_internet_2":"Broadband","waktu_penyelenggaraan":"Pagi/5 hari","semester_id":"20261","semester_keterangan":"2026/2027 Gasal","sekolah_id":"10C9A7BC-0D26-E111-A760-F76347DF1F3E","koordinat_valid":true,"validasi":"verified_official","sumber_data":"Kemendikdasmen - Sekolah Kita","sumber_koordinat":"Kemendikdasmen - Sekolah Kita API full-detail","tanggal_pengambilan":"2026-09-30"},"geometry":{"type":"Point","coordinates":[120.3786,-3.7033]}},{"type":"Feature","properties":{"npsn":"40303545","nama_sekolah":"UPTD SDN 189 LOMPOLOANG","bentuk_pendidikan":"SD","status_sekolah":"NEGERI","akreditasi":"B","alamat_jalan":"Jl. Andi Cappe Desa Lompoloang","nama_dusun":"LOMPOLOANG","rt":0.0,"rw":0.0,"kecamatan":"Kec. Pitumpanua","kabupaten":"Kab. Wajo","provinsi":"Prov. Sulawesi Selatan","kode_pos":"90992","latitude":-3.7276,"longitude":120.3375,"nomor_telepon":"085240560754","email":"Pakandi975@gmail.com","website":"http://","daya_listrik":1300.0,"luas_tanah_milik":4235,"sumber_listrik":"PLN","akses_internet":"Fibre Optic","akses_internet_2":"Shared","waktu_penyelenggaraan":"Pagi/5 hari","semester_id":"20261","semester_keterangan":"2026/2027 Gasal","sekolah_id":"B0ECA7BC-0D26-E111-84A2-D935E4660F79","koordinat_valid":true,"validasi":"verified_official","sumber_data":"Kemendikdasmen - Sekolah Kita","sumber_koordinat":"Kemendikdasmen - Sekolah Kita API full-detail","tanggal_pengambilan":"2026-09-30"},"geometry":{"type":"Point","coordinates":[120.3375,-3.7276]}},{"type":"Feature","properties":{"npsn":"40303538","nama_sekolah":"UPTD SDN 211 BULETE","bentuk_pendidikan":"SD","status_sekolah":"NEGERI","akreditasi":"B","alamat_jalan":"Bulete Kec. Pitumpanua","nama_dusun":null,"rt":0.0,"rw":0.0,"kecamatan":"Kec. Pitumpanua","kabupaten":"Kab. Wajo","provinsi":"Prov. Sulawesi Selatan","kode_pos":"90992","latitude":-3.7169,"longitude":120.4039,"nomor_telepon":null,"email":"sdnbulete211@gmail.com","website":"http://","daya_listrik":1300.0,"luas_tanah_milik":2867,"sumber_listrik":"PLN","akses_internet":"Wireless","akses_internet_2":"Broadband","waktu_penyelenggaraan":"Pagi/5 hari","semester_id":"20261","semester_keterangan":"2026/2027 Gasal","sekolah_id":"2011A8BC-0D26-E111-94BD-155748C5AE2D","koordinat_valid":true,"validasi":"verified_official","sumber_data":"Kemendikdasmen - Sekolah Kita","sumber_koordinat":"Kemendikdasmen - Sekolah Kita API full-detail","tanggal_pengambilan":"2026-09-30"},"geometry":{"type":"Point","coordinates":[120.4039,-3.7169]}},{"type":"Feature","properties":{"npsn":"40303420","nama_sekolah":"UPTD SDN 232 TELLESANG","bentuk_pendidikan":"SD","status_sekolah":"NEGERI","akreditasi":"B","alamat_jalan":"Jl. Poros Palopo-Makassar, Buriko Kec. Pitumpanua","nama_dusun":"Buriko","rt":0.0,"rw":0.0,"kecamatan":"Kec. Pitumpanua","kabupaten":"Kab. Wajo","provinsi":"Prov. Sulawesi Selatan","kode_pos":"90992","latitude":-3.6641,"longitude":120.3983,"nomor_telepon":null,"email":"sdn232tellesang2025@gmail.com","website":"http://","daya_listrik":900.0,"luas_tanah_milik":3552,"sumber_listrik":"PLN","akses_internet":"Wireless","akses_internet_2":"Shared","waktu_penyelenggaraan":"Pagi/5 hari","semester_id":"20261","semester_keterangan":"2026/2027 Gasal","sekolah_id":"C03EA8BC-0D26-E111-811A-A1057893B832","koordinat_valid":true,"validasi":"verified_official","sumber_data":"Kemendikdasmen - Sekolah Kita","sumber_koordinat":"Kemendikdasmen - Sekolah Kita API full-detail","tanggal_pengambilan":"2026-09-30"},"geometry":{"type":"Point","coordinates":[120.3983,-3.6641]}},{"type":"Feature","properties":{"npsn":"40303421","nama_sekolah":"UPTD SDN 233 LAUWA","bentuk_pendidikan":"SD","status_sekolah":"NEGERI","akreditasi":"A","alamat_jalan":"Jl. Poros Makassar-Palopo","nama_dusun":"KALUKU","rt":0.0,"rw":0.0,"kecamatan":"Kec. Pitumpanua","kabupaten":"Kab. Wajo","provinsi":"Prov. Sulawesi Selatan","kode_pos":"90992","latitude":-3.7589,"longitude":120.3586,"nomor_telepon":null,"email":"233lauwa@gmail.com","website":"http://","daya_listrik":900.0,"luas_tanah_milik":5472,"sumber_listrik":"PLN","akses_internet":"Fibre Optic","akses_internet_2":"Shared","waktu_penyelenggaraan":"Pagi/5 hari","semester_id":"20261","semester_keterangan":"2026/2027 Gasal","sekolah_id":"D06CA8BC-0D26-E111-8C83-6BFCED1DA7AE","koordinat_valid":true,"validasi":"verified_official","sumber_data":"Kemendikdasmen - Sekolah Kita","sumber_koordinat":"Kemendikdasmen - Sekolah Kita API full-detail","tanggal_pengambilan":"2026-09-30"},"geometry":{"type":"Point","coordinates":[120.3586,-3.7589]}},{"type":"Feature","properties":{"npsn":"40303488","nama_sekolah":"UPTD SDN 255 TANRONGI","bentuk_pendidikan":"SD","status_sekolah":"NEGERI","akreditasi":"B","alamat_jalan":"Tanrongi","nama_dusun":"Tanrongi","rt":0.0,"rw":0.0,"kecamatan":"Kec. Pitumpanua","kabupaten":"Kab. Wajo","provinsi":"Prov. Sulawesi Selatan","kode_pos":"90992","latitude":-3.7064,"longitude":120.3785,"nomor_telepon":null,"email":"sdn255tanrongi@yahoo.co.id","website":"http://","daya_listrik":1300.0,"luas_tanah_milik":3264,"sumber_listrik":"PLN","akses_internet":"Tidak Ada","akses_internet_2":"Shared","waktu_penyelenggaraan":"Pagi/5 hari","semester_id":"20261","semester_keterangan":"2026/2027 Gasal","sekolah_id":"609BA8BC-0D26-E111-944B-D36C51DE9DBE","koordinat_valid":true,"validasi":"verified_official","sumber_data":"Kemendikdasmen - Sekolah Kita","sumber_koordinat":"Kemendikdasmen - Sekolah Kita API full-detail","tanggal_pengambilan":"2026-09-30"},"geometry":{"type":"Point","coordinates":[120.3785,-3.7064]}},{"type":"Feature","properties":{"npsn":"40303489","nama_sekolah":"UPTD SDN 256 BENTENG","bentuk_pendidikan":"SD","status_sekolah":"NEGERI","akreditasi":"B","alamat_jalan":"Jl. Poros Palopo-Makassar, Benteng","nama_dusun":"Benteng","rt":0.0,"rw":0.0,"kecamatan":"Kec. Pitumpanua","kabupaten":"Kab. Wajo","provinsi":"Prov. Sulawesi Selatan","kode_pos":"90992","latitude":-3.7336,"longitude":120.3871,"nomor_telepon":null,"email":"sdn_256benteng@yahoo.co.id","website":"http://","daya_listrik":450.0,"luas_tanah_milik":4539,"sumber_listrik":"PLN","akses_internet":"Fibre Optic","akses_internet_2":"Broadband","waktu_penyelenggaraan":"Pagi/5 hari","semester_id":"20261","semester_keterangan":"2026/2027 Gasal","sekolah_id":"C0F5A8BC-0D26-E111-BF3E-2308C9D706FE","koordinat_valid":true,"validasi":"verified_official","sumber_data":"Kemendikdasmen - Sekolah Kita","sumber_koordinat":"Kemendikdasmen - Sekolah Kita API full-detail","tanggal_pengambilan":"2026-09-30"},"geometry":{"type":"Point","coordinates":[120.3871,-3.7336]}},{"type":"Feature","properties":{"npsn":"40303140","nama_sekolah":"UPTD SDN 318 TOBARAKKA","bentuk_pendidikan":"SD","status_sekolah":"NEGERI","akreditasi":"B","alamat_jalan":"Lingkungan Ading","nama_dusun":"Ading","rt":0.0,"rw":0.0,"kecamatan":"Kec. Pitumpanua","kabupaten":"Kab. Wajo","provinsi":"Prov. Sulawesi Selatan","kode_pos":"90992","latitude":-3.7385,"longitude":120.4202,"nomor_telepon":null,"email":"sdn318tobarakka@gmail.com","website":"http://","daya_listrik":900.0,"luas_tanah_milik":3375,"sumber_listrik":"PLN","akses_internet":"Fibre Optic","akses_internet_2":"Dedicated","waktu_penyelenggaraan":"Sehari Penuh/5 hari","semester_id":"20261","semester_keterangan":"2026/2027 Gasal","sekolah_id":"2021A9BC-0D26-E111-B74F-0565815E059F","koordinat_valid":true,"validasi":"verified_official","sumber_data":"Kemendikdasmen - Sekolah Kita","sumber_koordinat":"Kemendikdasmen - Sekolah Kita API full-detail","tanggal_pengambilan":"2026-09-30"},"geometry":{"type":"Point","coordinates":[120.4202,-3.7385]}},{"type":"Feature","properties":{"npsn":"40303141","nama_sekolah":"UPTD SDN 319 TANGKORO","bentuk_pendidikan":"SD","status_sekolah":"NEGERI","akreditasi":"B","alamat_jalan":"Bungawai","nama_dusun":"BUNGAWAI","rt":0.0,"rw":0.0,"kecamatan":"Kec. Pitumpanua","kabupaten":"Kab. Wajo","provinsi":"Prov. Sulawesi Selatan","kode_pos":"90992","latitude":-3.7041,"longitude":120.3108,"nomor_telepon":"085254712761","email":"sdn319tangkoro@gmail.com","website":"http://","daya_listrik":1300.0,"luas_tanah_milik":3165,"sumber_listrik":"PLN","akses_internet":"Fibre Optic","akses_internet_2":"Dedicated","waktu_penyelenggaraan":"Pagi/5 hari","semester_id":"20261","semester_keterangan":"2026/2027 Gasal","sekolah_id":"F047A9BC-0D26-E111-A226-71E89F2F544C","koordinat_valid":true,"validasi":"verified_official","sumber_data":"Kemendikdasmen - Sekolah Kita","sumber_koordinat":"Kemendikdasmen - Sekolah Kita API full-detail","tanggal_pengambilan":"2026-09-30"},"geometry":{"type":"Point","coordinates":[120.3108,-3.7041]}},{"type":"Feature","properties":{"npsn":"40303120","nama_sekolah":"UPTD SDN 330 MARANNU","bentuk_pendidikan":"SD","status_sekolah":"NEGERI","akreditasi":"B","alamat_jalan":"Jl. Hasan","nama_dusun":"Jauh Pandang","rt":0.0,"rw":0.0,"kecamatan":"Kec. Pitumpanua","kabupaten":"Kab. Wajo","provinsi":"Prov. Sulawesi Selatan","kode_pos":"90992","latitude":-3.654756734118,"longitude":120.333341690508,"nomor_telepon":"085341269323","email":"sdn330marannu@gmail.com","website":"http://","daya_listrik":900.0,"luas_tanah_milik":2750,"sumber_listrik":"PLN","akses_internet":"Seluler","akses_internet_2":"Dedicated","waktu_penyelenggaraan":"Pagi/5 hari","semester_id":"20261","semester_keterangan":"2026/2027 Gasal","sekolah_id":"006DA9BC-0D26-E111-B3AF-D19F0C7722E6","koordinat_valid":true,"validasi":"verified_official","sumber_data":"Kemendikdasmen - Sekolah Kita","sumber_koordinat":"Kemendikdasmen - Sekolah Kita API full-detail","tanggal_pengambilan":"2026-09-30"},"geometry":{"type":"Point","coordinates":[120.333342,-3.654757]}},{"type":"Feature","properties":{"npsn":"40303042","nama_sekolah":"UPTD SDN 349 TELLESANG","bentuk_pendidikan":"SD","status_sekolah":"NEGERI","akreditasi":"C","alamat_jalan":"Bulutirong","nama_dusun":"Bau-bau","rt":0.0,"rw":0.0,"kecamatan":"Kec. Pitumpanua","kabupaten":"Kab. Wajo","provinsi":"Prov. Sulawesi Selatan","kode_pos":"90992","latitude":-3.6856,"longitude":120.4012,"nomor_telepon":"085299553380","email":"sdn349tellesang@gmail.com","website":"http://","daya_listrik":450.0,"luas_tanah_milik":7000,"sumber_listrik":"PLN","akses_internet":"Seluler","akses_internet_2":"Shared","waktu_penyelenggaraan":"Pagi/5 hari","semester_id":"20261","semester_keterangan":"2026/2027 Gasal","sekolah_id":"A091A9BC-0D26-E111-956D-C3DCE5246A54","koordinat_valid":true,"validasi":"verified_official","sumber_data":"Kemendikdasmen - Sekolah Kita","sumber_koordinat":"Kemendikdasmen - Sekolah Kita API full-detail","tanggal_pengambilan":"2026-09-30"},"geometry":{"type":"Point","coordinates":[120.4012,-3.6856]}},{"type":"Feature","properties":{"npsn":"40303045","nama_sekolah":"UPTD SDN 351 BENTENG","bentuk_pendidikan":"SD","status_sekolah":"NEGERI","akreditasi":"B","alamat_jalan":"Bulu Awo","nama_dusun":"Lingkungan Buluawo","rt":0.0,"rw":0.0,"kecamatan":"Kec. Pitumpanua","kabupaten":"Kab. Wajo","provinsi":"Prov. Sulawesi Selatan","kode_pos":"90992","latitude":-3.7489,"longitude":120.393,"nomor_telepon":"085242146167","email":"sdnegeri351benteng@gmail.com","website":"http://","daya_listrik":3500.0,"luas_tanah_milik":1830,"sumber_listrik":"PLN","akses_internet":"Wireless","akses_internet_2":"Broadband","waktu_penyelenggaraan":"Pagi/5 hari","semester_id":"20261","semester_keterangan":"2026/2027 Gasal","sekolah_id":"E0B6A9BC-0D26-E111-9B78-0B3C75338363","koordinat_valid":true,"validasi":"verified_official","sumber_data":"Kemendikdasmen - Sekolah Kita","sumber_koordinat":"Kemendikdasmen - Sekolah Kita API full-detail","tanggal_pengambilan":"2026-09-30"},"geometry":{"type":"Point","coordinates":[120.393,-3.7489]}},{"type":"Feature","properties":{"npsn":"40303046","nama_sekolah":"UPTD SDN 352 TOBARAKKA","bentuk_pendidikan":"SD","status_sekolah":"NEGERI","akreditasi":"C","alamat_jalan":"Leworeng Kec. Pitumpanua","nama_dusun":"Leworeng","rt":0.0,"rw":0.0,"kecamatan":"Kec. Pitumpanua","kabupaten":"Kab. Wajo","provinsi":"Prov. Sulawesi Selatan","kode_pos":"90992","latitude":-3.7212,"longitude":120.4246,"nomor_telepon":null,"email":"sdn352.tobarakka@gmail.com","website":"http://","daya_listrik":900.0,"luas_tanah_milik":4410,"sumber_listrik":"PLN","akses_internet":"Seluler","akses_internet_2":"Shared","waktu_penyelenggaraan":"Pagi/5 hari","semester_id":"20261","semester_keterangan":"2026/2027 Gasal","sekolah_id":"20E4A9BC-0D26-E111-9776-81EE926413D4","koordinat_valid":true,"validasi":"verified_official","sumber_data":"Kemendikdasmen - Sekolah Kita","sumber_koordinat":"Kemendikdasmen - Sekolah Kita API full-detail","tanggal_pengambilan":"2026-09-30"},"geometry":{"type":"Point","coordinates":[120.4246,-3.7212]}},{"type":"Feature","properties":{"npsn":"40303032","nama_sekolah":"UPTD SDN 353 BULETE","bentuk_pendidikan":"SD","status_sekolah":"NEGERI","akreditasi":"B","alamat_jalan":"CAPPAPADANG KEC. PITUMPANUA","nama_dusun":"Cappapadang","rt":1.0,"rw":2.0,"kecamatan":"Kec. Pitumpanua","kabupaten":"Kab. Wajo","provinsi":"Prov. Sulawesi Selatan","kode_pos":"90992","latitude":-3.7026,"longitude":120.4239,"nomor_telepon":"085224959657","email":"sdncappapadang@yahoo.com","website":"http://","daya_listrik":900.0,"luas_tanah_milik":2193,"sumber_listrik":"PLN","akses_internet":"Wireless","akses_internet_2":"Shared","waktu_penyelenggaraan":"Pagi/5 hari","semester_id":"20261","semester_keterangan":"2026/2027 Gasal","sekolah_id":"C00BAABC-0D26-E111-B9A5-4103E06F3DDA","koordinat_valid":true,"validasi":"verified_official","sumber_data":"Kemendikdasmen - Sekolah Kita","sumber_koordinat":"Kemendikdasmen - Sekolah Kita API full-detail","tanggal_pengambilan":"2026-09-30"},"geometry":{"type":"Point","coordinates":[120.4239,-3.7026]}},{"type":"Feature","properties":{"npsn":"40303029","nama_sekolah":"UPTD SDN 369 LOMPOLOANG","bentuk_pendidikan":"SD","status_sekolah":"NEGERI","akreditasi":"B","alamat_jalan":"Jl. Andi Cappe Lompoloang, Kec. Pitumpanua, Kab. Wajo","nama_dusun":"PADAELO","rt":0.0,"rw":0.0,"kecamatan":"Kec. Pitumpanua","kabupaten":"Kab. Wajo","provinsi":"Prov. Sulawesi Selatan","kode_pos":"90992","latitude":-3.737,"longitude":120.3244,"nomor_telepon":"0","email":"lompoloang.sdn369@gmail.com","website":"http://","daya_listrik":900.0,"luas_tanah_milik":6000,"sumber_listrik":"PLN","akses_internet":"Wireless","akses_internet_2":"Broadband","waktu_penyelenggaraan":"Pagi/5 hari","semester_id":"20261","semester_keterangan":"2026/2027 Gasal","sekolah_id":"8043AABC-0D26-E111-9B68-2D5A9117F548","koordinat_valid":true,"validasi":"verified_official","sumber_data":"Kemendikdasmen - Sekolah Kita","sumber_koordinat":"Kemendikdasmen - Sekolah Kita API full-detail","tanggal_pengambilan":"2026-09-30"},"geometry":{"type":"Point","coordinates":[120.3244,-3.737]}},{"type":"Feature","properties":{"npsn":"40303048","nama_sekolah":"UPTD SDN 370 TANGKORO","bentuk_pendidikan":"SD","status_sekolah":"NEGERI","akreditasi":"B","alamat_jalan":"Tangkoro Selatan","nama_dusun":"Tangkoro Selatan","rt":0.0,"rw":0.0,"kecamatan":"Kec. Pitumpanua","kabupaten":"Kab. Wajo","provinsi":"Prov. Sulawesi Selatan","kode_pos":"90992","latitude":-3.6743,"longitude":120.3536,"nomor_telepon":null,"email":"sdn370tangkoro@yahoo.com","website":"http://","daya_listrik":2200.0,"luas_tanah_milik":5200,"sumber_listrik":"PLN","akses_internet":"Seluler","akses_internet_2":"Shared","waktu_penyelenggaraan":"Pagi/5 hari","semester_id":"20261","semester_keterangan":"2026/2027 Gasal","sekolah_id":"C06EAABC-0D26-E111-9B22-29C87CA4E7CB","koordinat_valid":true,"validasi":"verified_official","sumber_data":"Kemendikdasmen - Sekolah Kita","sumber_koordinat":"Kemendikdasmen - Sekolah Kita API full-detail","tanggal_pengambilan":"2026-09-30"},"geometry":{"type":"Point","coordinates":[120.3536,-3.6743]}},{"type":"Feature","properties":{"npsn":"40303065","nama_sekolah":"UPTD SDN 371 TELLESANG","bentuk_pendidikan":"SD","status_sekolah":"NEGERI","akreditasi":"B","alamat_jalan":"Buriko, Kec. Pitumpanua","nama_dusun":"Buriko","rt":0.0,"rw":0.0,"kecamatan":"Kec. Pitumpanua","kabupaten":"Kab. Wajo","provinsi":"Prov. Sulawesi Selatan","kode_pos":"90992","latitude":-3.6682,"longitude":120.3996,"nomor_telepon":"0","email":"sdntellesang@gmail.com","website":"http://www.sdn371tellesang.net","daya_listrik":900.0,"luas_tanah_milik":1428,"sumber_listrik":"PLN","akses_internet":"Seluler","akses_internet_2":"Shared","waktu_penyelenggaraan":"Pagi/5 hari","semester_id":"20261","semester_keterangan":"2026/2027 Gasal","sekolah_id":"109FAABC-0D26-E111-B8E5-1B6FD727A189","koordinat_valid":true,"validasi":"verified_official","sumber_data":"Kemendikdasmen - Sekolah Kita","sumber_koordinat":"Kemendikdasmen - Sekolah Kita API full-detail","tanggal_pengambilan":"2026-09-30"},"geometry":{"type":"Point","coordinates":[120.3996,-3.6682]}},{"type":"Feature","properties":{"npsn":"40303057","nama_sekolah":"UPTD SDN 398 ABBANDERANGNGE","bentuk_pendidikan":"SD","status_sekolah":"NEGERI","akreditasi":"C","alamat_jalan":"Abbanderang","nama_dusun":"Masara","rt":0.0,"rw":0.0,"kecamatan":"Kec. Pitumpanua","kabupaten":"Kab. Wajo","provinsi":"Prov. Sulawesi Selatan","kode_pos":"90992","latitude":-3.7127,"longitude":120.3357,"nomor_telepon":null,"email":"sdn398@gmail.com","website":"http://sdn398abbanderang.net","daya_listrik":900.0,"luas_tanah_milik":31500,"sumber_listrik":"PLN","akses_internet":"Seluler","akses_internet_2":"Shared","waktu_penyelenggaraan":"Pagi/5 hari","semester_id":"20261","semester_keterangan":"2026/2027 Gasal","sekolah_id":"200FABBC-0D26-E111-9A3B-B17933DAE575","koordinat_valid":true,"validasi":"verified_official","sumber_data":"Kemendikdasmen - Sekolah Kita","sumber_koordinat":"Kemendikdasmen - Sekolah Kita API full-detail","tanggal_pengambilan":"2026-09-30"},"geometry":{"type":"Point","coordinates":[120.3357,-3.7127]}},{"type":"Feature","properties":{"npsn":"40303058","nama_sekolah":"UPTD SDN 399 SIWA","bentuk_pendidikan":"SD","status_sekolah":"NEGERI","akreditasi":"B","alamat_jalan":"JL.A.PALILI No.12 SIWA","nama_dusun":"Mattugengkeng","rt":0.0,"rw":0.0,"kecamatan":"Kec. Pitumpanua","kabupaten":"Kab. Wajo","provinsi":"Prov. Sulawesi Selatan","kode_pos":"90992","latitude":-3.7045,"longitude":120.4159,"nomor_telepon":null,"email":"Tigasembilansembilansiwa@yahoo.co.id","website":"http://","daya_listrik":3500.0,"luas_tanah_milik":2352,"sumber_listrik":"PLN","akses_internet":"Fibre Optic","akses_internet_2":"Broadband","waktu_penyelenggaraan":"Pagi/5 hari","semester_id":"20261","semester_keterangan":"2026/2027 Gasal","sekolah_id":"4037ABBC-0D26-E111-A056-21E4A361920E","koordinat_valid":true,"validasi":"verified_official","sumber_data":"Kemendikdasmen - Sekolah Kita","sumber_koordinat":"Kemendikdasmen - Sekolah Kita API full-detail","tanggal_pengambilan":"2026-09-30"},"geometry":{"type":"Point","coordinates":[120.4159,-3.7045]}},{"type":"Feature","properties":{"npsn":"40303079","nama_sekolah":"UPTD SDN 402 SIMPELLU","bentuk_pendidikan":"SD","status_sekolah":"NEGERI","akreditasi":"C","alamat_jalan":"Lompokalola","nama_dusun":"bulu","rt":0.0,"rw":0.0,"kecamatan":"Kec. Pitumpanua","kabupaten":"Kab. Wajo","provinsi":"Prov. Sulawesi Selatan","kode_pos":"90992","latitude":-3.7291039,"longitude":120.4115155,"nomor_telepon":"085255227463","email":"jumardiaddy@yahoo.co.id","website":"http://","daya_listrik":450.0,"luas_tanah_milik":4465,"sumber_listrik":"PLN","akses_internet":"Seluler","akses_internet_2":"Shared","waktu_penyelenggaraan":"Pagi/6 hari","semester_id":"20261","semester_keterangan":"2026/2027 Gasal","sekolah_id":"0061ABBC-0D26-E111-95B1-A52A381A7AEA","koordinat_valid":true,"validasi":"verified_official","sumber_data":"Kemendikdasmen - Sekolah Kita","sumber_koordinat":"Kemendikdasmen - Sekolah Kita API full-detail","tanggal_pengambilan":"2026-09-30"},"geometry":{"type":"Point","coordinates":[120.411515,-3.729104]}},{"type":"Feature","properties":{"npsn":"40303146","nama_sekolah":"UPTD SDN 403 TELLESANG","bentuk_pendidikan":"SD","status_sekolah":"NEGERI","akreditasi":"C","alamat_jalan":"Bulupallime","nama_dusun":"Bau-Bau","rt":0.0,"rw":0.0,"kecamatan":"Kec. Pitumpanua","kabupaten":"Kab. Wajo","provinsi":"Prov. Sulawesi Selatan","kode_pos":"90992","latitude":-3.6892,"longitude":120.3878,"nomor_telepon":null,"email":"sdn403tellesang@yahoo.co.id","website":"http://","daya_listrik":900.0,"luas_tanah_milik":8100,"sumber_listrik":"PLN","akses_internet":"Seluler","akses_internet_2":"Shared","waktu_penyelenggaraan":"Pagi/5 hari","semester_id":"20261","semester_keterangan":"2026/2027 Gasal","sekolah_id":"808BABBC-0D26-E111-86D3-15AF31A95106","koordinat_valid":true,"validasi":"verified_official","sumber_data":"Kemendikdasmen - Sekolah Kita","sumber_koordinat":"Kemendikdasmen - Sekolah Kita API full-detail","tanggal_pengambilan":"2026-09-30"},"geometry":{"type":"Point","coordinates":[120.3878,-3.6892]}},{"type":"Feature","properties":{"npsn":"40303236","nama_sekolah":"UPTD SDN 411 LAUWA","bentuk_pendidikan":"SD","status_sekolah":"NEGERI","akreditasi":"C","alamat_jalan":"Salibong Kec. Pitumpanua","nama_dusun":"Lamonnyi","rt":0.0,"rw":0.0,"kecamatan":"Kec. Pitumpanua","kabupaten":"Kab. Wajo","provinsi":"Prov. Sulawesi Selatan","kode_pos":"90992","latitude":-3.7676,"longitude":120.3359,"nomor_telepon":"085395757359","email":"sdn.411lauwa@gmail.com","website":"http://","daya_listrik":450.0,"luas_tanah_milik":1591,"sumber_listrik":"PLN","akses_internet":"Seluler","akses_internet_2":"Shared","waktu_penyelenggaraan":"Pagi/5 hari","semester_id":"20261","semester_keterangan":"2026/2027 Gasal","sekolah_id":"80B0ABBC-0D26-E111-BEC1-7D28553EFC76","koordinat_valid":true,"validasi":"verified_official","sumber_data":"Kemendikdasmen - Sekolah Kita","sumber_koordinat":"Kemendikdasmen - Sekolah Kita API full-detail","tanggal_pengambilan":"2026-09-30"},"geometry":{"type":"Point","coordinates":[120.3359,-3.7676]}},{"type":"Feature","properties":{"npsn":"40303243","nama_sekolah":"UPTD SDN 418 TELLESANG","bentuk_pendidikan":"SD","status_sekolah":"NEGERI","akreditasi":"B","alamat_jalan":"Jl. Jenne Mejae","nama_dusun":"ALELEBBAE","rt":0.0,"rw":0.0,"kecamatan":"Kec. Pitumpanua","kabupaten":"Kab. Wajo","provinsi":"Prov. Sulawesi Selatan","kode_pos":"90992","latitude":-3.674257384367,"longitude":120.386499579759,"nomor_telepon":"085342667016","email":"sdnegeri418tellesang@gmail.com","website":"http://","daya_listrik":900.0,"luas_tanah_milik":3000,"sumber_listrik":"PLN","akses_internet":"Fibre Optic","akses_internet_2":"Dedicated","waktu_penyelenggaraan":"Pagi/5 hari","semester_id":"20261","semester_keterangan":"2026/2027 Gasal","sekolah_id":"50DBABBC-0D26-E111-8CE6-47CEA43B78CC","koordinat_valid":true,"validasi":"verified_official","sumber_data":"Kemendikdasmen - Sekolah Kita","sumber_koordinat":"Kemendikdasmen - Sekolah Kita API full-detail","tanggal_pengambilan":"2026-09-30"},"geometry":{"type":"Point","coordinates":[120.3865,-3.674257]}},{"type":"Feature","properties":{"npsn":"40303228","nama_sekolah":"UPTD SDN 419 TANRONGI","bentuk_pendidikan":"SD","status_sekolah":"NEGERI","akreditasi":"B","alamat_jalan":"Padang Loang","nama_dusun":"PADANG LOANG","rt":0.0,"rw":0.0,"kecamatan":"Kec. Pitumpanua","kabupaten":"Kab. Wajo","provinsi":"Prov. Sulawesi Selatan","kode_pos":"90992","latitude":-3.6922,"longitude":120.3579,"nomor_telepon":null,"email":"419tanrongisdn@gmail.com","website":"http://","daya_listrik":900.0,"luas_tanah_milik":1669,"sumber_listrik":"PLN","akses_internet":"Seluler","akses_internet_2":"Broadband","waktu_penyelenggaraan":"Pagi/5 hari","semester_id":"20261","semester_keterangan":"2026/2027 Gasal","sekolah_id":"C006ACBC-0D26-E111-B59C-EBFCA81313FD","koordinat_valid":true,"validasi":"verified_official","sumber_data":"Kemendikdasmen - Sekolah Kita","sumber_koordinat":"Kemendikdasmen - Sekolah Kita API full-detail","tanggal_pengambilan":"2026-09-30"},"geometry":{"type":"Point","coordinates":[120.3579,-3.6922]}},{"type":"Feature","properties":{"npsn":"40303530","nama_sekolah":"UPTD SDN 204 SOMPE","bentuk_pendidikan":"SD","status_sekolah":"NEGERI","akreditasi":"B","alamat_jalan":"Paseru","nama_dusun":"Paseru","rt":0.0,"rw":0.0,"kecamatan":"Kec. Sabbangparu","kabupaten":"Kab. Wajo","provinsi":"Prov. Sulawesi Selatan","kode_pos":"90961","latitude":-4.2065,"longitude":120.0115,"nomor_telepon":null,"email":"sdn204sompe@gmail.com","website":"http://","daya_listrik":900.0,"luas_tanah_milik":4130,"sumber_listrik":"PLN","akses_internet":"Seluler","akses_internet_2":"Broadband","waktu_penyelenggaraan":"Sehari Penuh/5 hari","semester_id":"20261","semester_keterangan":"2026/2027 Gasal","sekolah_id":"C03E6FBC-0D26-E111-85C4-9DE914F8D2A1","koordinat_valid":true,"validasi":"verified_official","sumber_data":"Kemendikdasmen - Sekolah Kita","sumber_koordinat":"Kemendikdasmen - Sekolah Kita API full-detail","tanggal_pengambilan":"2026-09-30"},"geometry":{"type":"Point","coordinates":[120.0115,-4.2065]}},{"type":"Feature","properties":{"npsn":"40303441","nama_sekolah":"UPTD SDN 221 SOMPE","bentuk_pendidikan":"SD","status_sekolah":"NEGERI","akreditasi":"A","alamat_jalan":"Salojampu","nama_dusun":"Salojampu","rt":0.0,"rw":0.0,"kecamatan":"Kec. Sabbangparu","kabupaten":"Kab. Wajo","provinsi":"Prov. Sulawesi Selatan","kode_pos":"90961","latitude":-4.2158,"longitude":120.0103,"nomor_telepon":"085341977711","email":"221sompe@gmail.com","website":"http://","daya_listrik":1300.0,"luas_tanah_milik":1500,"sumber_listrik":"PLN","akses_internet":"Fibre Optic","akses_internet_2":"Shared","waktu_penyelenggaraan":"Pagi/5 hari","semester_id":"20261","semester_keterangan":"2026/2027 Gasal","sekolah_id":"F0626FBC-0D26-E111-AA30-89FFFCC8F35E","koordinat_valid":true,"validasi":"verified_official","sumber_data":"Kemendikdasmen - Sekolah Kita","sumber_koordinat":"Kemendikdasmen - Sekolah Kita API full-detail","tanggal_pengambilan":"2026-09-30"},"geometry":{"type":"Point","coordinates":[120.0103,-4.2158]}},{"type":"Feature","properties":{"npsn":"40303442","nama_sekolah":"UPTD SDN 222 WAGE","bentuk_pendidikan":"SD","status_sekolah":"NEGERI","akreditasi":"B","alamat_jalan":"Wage","nama_dusun":"Caleko","rt":0.0,"rw":0.0,"kecamatan":"Kec. Sabbangparu","kabupaten":"Kab. Wajo","provinsi":"Prov. Sulawesi Selatan","kode_pos":"90961","latitude":-4.1838,"longitude":120.0188,"nomor_telepon":"085255524882","email":"sdnwage222@gmail.com","website":"http://sdn222wage.net/admin/index.php","daya_listrik":900.0,"luas_tanah_milik":4458,"sumber_listrik":"PLN","akses_internet":"Seluler","akses_internet_2":"Broadband","waktu_penyelenggaraan":"Sehari Penuh/5 hari","semester_id":"20261","semester_keterangan":"2026/2027 Gasal","sekolah_id":"40896FBC-0D26-E111-9BC0-8979F9449665","koordinat_valid":true,"validasi":"verified_official","sumber_data":"Kemendikdasmen - Sekolah Kita","sumber_koordinat":"Kemendikdasmen - Sekolah Kita API full-detail","tanggal_pengambilan":"2026-09-30"},"geometry":{"type":"Point","coordinates":[120.0188,-4.1838]}},{"type":"Feature","properties":{"npsn":"40303430","nama_sekolah":"UPTD SDN 241 UGI","bentuk_pendidikan":"SD","status_sekolah":"NEGERI","akreditasi":"A","alamat_jalan":"Ugi","nama_dusun":"Kaung","rt":1.0,"rw":1.0,"kecamatan":"Kec. Sabbangparu","kabupaten":"Kab. Wajo","provinsi":"Prov. Sulawesi Selatan","kode_pos":"90961","latitude":-4.2036,"longitude":119.9876,"nomor_telepon":"0","email":"241sabbangparu@gmail.com","website":"http://sdnugi.com","daya_listrik":900.0,"luas_tanah_milik":2200,"sumber_listrik":"PLN","akses_internet":"Seluler","akses_internet_2":"Broadband","waktu_penyelenggaraan":"Pagi/5 hari","semester_id":"20261","semester_keterangan":"2026/2027 Gasal","sekolah_id":"60B26FBC-0D26-E111-9BDA-7D9EDA32EAE0","koordinat_valid":true,"validasi":"verified_official","sumber_data":"Kemendikdasmen - Sekolah Kita","sumber_koordinat":"Kemendikdasmen - Sekolah Kita API full-detail","tanggal_pengambilan":"2026-09-30"},"geometry":{"type":"Point","coordinates":[119.9876,-4.2036]}},{"type":"Feature","properties":{"npsn":"40303431","nama_sekolah":"UPTD SDN 242 BILA","bentuk_pendidikan":"SD","status_sekolah":"NEGERI","akreditasi":"A","alamat_jalan":"Bila Liu","nama_dusun":"Tosiang","rt":5.0,"rw":3.0,"kecamatan":"Kec. Sabbangparu","kabupaten":"Kab. Wajo","provinsi":"Prov. Sulawesi Selatan","kode_pos":"90961","latitude":-4.236,"longitude":119.9721,"nomor_telepon":null,"email":"Sdn242bila@yahoo.co.id","website":"http://","daya_listrik":900.0,"luas_tanah_milik":3649,"sumber_listrik":"PLN","akses_internet":"Seluler","akses_internet_2":"Shared","waktu_penyelenggaraan":"Pagi/5 hari","semester_id":"20261","semester_keterangan":"2026/2027 Gasal","sekolah_id":"20DB6FBC-0D26-E111-ACAA-1186BDF5E8D6","koordinat_valid":true,"validasi":"verified_official","sumber_data":"Kemendikdasmen - Sekolah Kita","sumber_koordinat":"Kemendikdasmen - Sekolah Kita API full-detail","tanggal_pengambilan":"2026-09-30"},"geometry":{"type":"Point","coordinates":[119.9721,-4.236]}},{"type":"Feature","properties":{"npsn":"40303432","nama_sekolah":"UPTD SDN 243 LIU","bentuk_pendidikan":"SD","status_sekolah":"NEGERI","akreditasi":"A","alamat_jalan":"Liu","nama_dusun":"Bottoulu","rt":1.0,"rw":1.0,"kecamatan":"Kec. Sabbangparu","kabupaten":"Kab. Wajo","provinsi":"Prov. Sulawesi Selatan","kode_pos":"90961","latitude":-4.2459,"longitude":119.958,"nomor_telepon":null,"email":"sdnduaempattigaliu@yahoo.co.id","website":"http://","daya_listrik":900.0,"luas_tanah_milik":3600,"sumber_listrik":"PLN","akses_internet":"Seluler","akses_internet_2":"Broadband","waktu_penyelenggaraan":"Pagi/5 hari","semester_id":"20261","semester_keterangan":"2026/2027 Gasal","sekolah_id":"700A70BC-0D26-E111-8C3B-7F5AF2F78417","koordinat_valid":true,"validasi":"verified_official","sumber_data":"Kemendikdasmen - Sekolah Kita","sumber_koordinat":"Kemendikdasmen - Sekolah Kita API full-detail","tanggal_pengambilan":"2026-09-30"},"geometry":{"type":"Point","coordinates":[119.958,-4.2459]}},{"type":"Feature","properties":{"npsn":"40303106","nama_sekolah":"UPTD SDN 285 SOMPE","bentuk_pendidikan":"SD","status_sekolah":"NEGERI","akreditasi":"A","alamat_jalan":"Jl. Jend. Akhmad Yani Kota Baru","nama_dusun":"SOMPE","rt":1.0,"rw":1.0,"kecamatan":"Kec. Sabbangparu","kabupaten":"Kab. Wajo","provinsi":"Prov. Sulawesi Selatan","kode_pos":"90961","latitude":-4.2155,"longitude":120.0105,"nomor_telepon":null,"email":"sdsompe285@yahoo.com","website":"http://","daya_listrik":900.0,"luas_tanah_milik":1500,"sumber_listrik":"PLN","akses_internet":"Seluler","akses_internet_2":"Shared","waktu_penyelenggaraan":"Pagi/6 hari","semester_id":"20261","semester_keterangan":"2026/2027 Gasal","sekolah_id":"403470BC-0D26-E111-B095-835BECBE45C1","koordinat_valid":true,"validasi":"verified_official","sumber_data":"Kemendikdasmen - Sekolah Kita","sumber_koordinat":"Kemendikdasmen - Sekolah Kita API full-detail","tanggal_pengambilan":"2026-09-30"},"geometry":{"type":"Point","coordinates":[120.0105,-4.2155]}},{"type":"Feature","properties":{"npsn":"40303107","nama_sekolah":"UPTD SDN 286 TALOTENRENG","bentuk_pendidikan":"SD","status_sekolah":"NEGERI","akreditasi":"A","alamat_jalan":"Sompe","nama_dusun":"SOMPE","rt":1.0,"rw":1.0,"kecamatan":"Kec. Sabbangparu","kabupaten":"Kab. Wajo","provinsi":"Prov. Sulawesi Selatan","kode_pos":"90961","latitude":-4.256,"longitude":120.0118,"nomor_telepon":"085299765608","email":"sdn286talotenreng@yahoo.com","website":"http://www.sdn286talotenreng","daya_listrik":900.0,"luas_tanah_milik":1750,"sumber_listrik":"PLN","akses_internet":"Seluler","akses_internet_2":"Broadband","waktu_penyelenggaraan":"Pagi/5 hari","semester_id":"20261","semester_keterangan":"2026/2027 Gasal","sekolah_id":"A05C70BC-0D26-E111-B335-41C7635DAE65","koordinat_valid":true,"validasi":"verified_official","sumber_data":"Kemendikdasmen - Sekolah Kita","sumber_koordinat":"Kemendikdasmen - Sekolah Kita API full-detail","tanggal_pengambilan":"2026-09-30"},"geometry":{"type":"Point","coordinates":[120.0118,-4.256]}},{"type":"Feature","properties":{"npsn":"40303108","nama_sekolah":"UPTD SDN 287 WAGE","bentuk_pendidikan":"SD","status_sekolah":"NEGERI","akreditasi":"A","alamat_jalan":"Caleko","nama_dusun":"CALEKO ALAU SALO","rt":4.0,"rw":1.0,"kecamatan":"Kec. Sabbangparu","kabupaten":"Kab. Wajo","provinsi":"Prov. Sulawesi Selatan","kode_pos":"90961","latitude":-4.1838,"longitude":120.018,"nomor_telepon":"085397530396","email":"sdn287wagecaleko@gmail.com","website":"http://","daya_listrik":3500.0,"luas_tanah_milik":1500,"sumber_listrik":"PLN","akses_internet":"Wireless","akses_internet_2":"Shared","waktu_penyelenggaraan":"Pagi/5 hari","semester_id":"20261","semester_keterangan":"2026/2027 Gasal","sekolah_id":"408470BC-0D26-E111-B0FC-ABE9EF214316","koordinat_valid":true,"validasi":"verified_official","sumber_data":"Kemendikdasmen - Sekolah Kita","sumber_koordinat":"Kemendikdasmen - Sekolah Kita API full-detail","tanggal_pengambilan":"2026-09-30"},"geometry":{"type":"Point","coordinates":[120.018,-4.1838]}},{"type":"Feature","properties":{"npsn":"40303109","nama_sekolah":"UPTD SDN 288 BENTENGLOMPO","bentuk_pendidikan":"SD","status_sekolah":"NEGERI","akreditasi":"B","alamat_jalan":"Massappa","nama_dusun":"massappa","rt":0.0,"rw":0.0,"kecamatan":"Kec. Sabbangparu","kabupaten":"Kab. Wajo","provinsi":"Prov. Sulawesi Selatan","kode_pos":"90961","latitude":-4.1564,"longitude":120.0108,"nomor_telepon":"082394441446","email":"sdn288bentenglompo@gmail.com","website":"http://","daya_listrik":900.0,"luas_tanah_milik":2380,"sumber_listrik":"PLN","akses_internet":"Wireless","akses_internet_2":"Shared","waktu_penyelenggaraan":"Pagi/5 hari","semester_id":"20261","semester_keterangan":"2026/2027 Gasal","sekolah_id":"20B070BC-0D26-E111-A7F4-6B4294517937","koordinat_valid":true,"validasi":"verified_official","sumber_data":"Kemendikdasmen - Sekolah Kita","sumber_koordinat":"Kemendikdasmen - Sekolah Kita API full-detail","tanggal_pengambilan":"2026-09-30"},"geometry":{"type":"Point","coordinates":[120.0108,-4.1564]}},{"type":"Feature","properties":{"npsn":"40303096","nama_sekolah":"UPTD SDN 290 PALLIMAE","bentuk_pendidikan":"SD","status_sekolah":"NEGERI","akreditasi":"B","alamat_jalan":"Salotenga","nama_dusun":"Salotenga","rt":0.0,"rw":0.0,"kecamatan":"Kec. Sabbangparu","kabupaten":"Kab. Wajo","provinsi":"Prov. Sulawesi Selatan","kode_pos":"90961","latitude":-4.1874,"longitude":119.9952,"nomor_telepon":"085299666032","email":"sdn290pallimae@gmail.com","website":"http://www.sdn290pallimae.net","daya_listrik":450.0,"luas_tanah_milik":1512,"sumber_listrik":"PLN","akses_internet":"Seluler","akses_internet_2":"Shared","waktu_penyelenggaraan":"Pagi/5 hari","semester_id":"20261","semester_keterangan":"2026/2027 Gasal","sekolah_id":"00D870BC-0D26-E111-9DB3-D9478635D990","koordinat_valid":true,"validasi":"verified_official","sumber_data":"Kemendikdasmen - Sekolah Kita","sumber_koordinat":"Kemendikdasmen - Sekolah Kita API full-detail","tanggal_pengambilan":"2026-09-30"},"geometry":{"type":"Point","coordinates":[119.9952,-4.1874]}},{"type":"Feature","properties":{"npsn":"40303095","nama_sekolah":"UPTD SDN 291 LIU","bentuk_pendidikan":"SD","status_sekolah":"NEGERI","akreditasi":"B","alamat_jalan":"Liu","nama_dusun":"Bottoulu","rt":1.0,"rw":1.0,"kecamatan":"Kec. Sabbangparu","kabupaten":"Kab. Wajo","provinsi":"Prov. Sulawesi Selatan","kode_pos":"90961","latitude":-4.2468,"longitude":119.9578,"nomor_telepon":"085255448231","email":"sdn291liu001@gmail.com","website":"http://","daya_listrik":900.0,"luas_tanah_milik":5600,"sumber_listrik":"PLN","akses_internet":"Seluler","akses_internet_2":"Shared","waktu_penyelenggaraan":"Sehari Penuh/5 hari","semester_id":"20261","semester_keterangan":"2026/2027 Gasal","sekolah_id":"402071BC-0D26-E111-87D0-2D1D495E319B","koordinat_valid":true,"validasi":"verified_official","sumber_data":"Kemendikdasmen - Sekolah Kita","sumber_koordinat":"Kemendikdasmen - Sekolah Kita API full-detail","tanggal_pengambilan":"2026-09-30"},"geometry":{"type":"Point","coordinates":[119.9578,-4.2468]}},{"type":"Feature","properties":{"npsn":"40303115","nama_sekolah":"UPTD SDN 326 TADANGPALIE","bentuk_pendidikan":"SD","status_sekolah":"NEGERI","akreditasi":"B","alamat_jalan":"Toddasalo","nama_dusun":"Tadangpalie","rt":1.0,"rw":1.0,"kecamatan":"Kec. Sabbangparu","kabupaten":"Kab. Wajo","provinsi":"Prov. Sulawesi Selatan","kode_pos":"90961","latitude":-4.2592,"longitude":119.977,"nomor_telepon":null,"email":"tadangpalie326@gmail.com","website":"http://","daya_listrik":900.0,"luas_tanah_milik":2781,"sumber_listrik":"PLN","akses_internet":"Seluler","akses_internet_2":"Broadband","waktu_penyelenggaraan":"Pagi/5 hari","semester_id":"20261","semester_keterangan":"2026/2027 Gasal","sekolah_id":"405071BC-0D26-E111-9C27-AFB1F7517B92","koordinat_valid":true,"validasi":"verified_official","sumber_data":"Kemendikdasmen - Sekolah Kita","sumber_koordinat":"Kemendikdasmen - Sekolah Kita API full-detail","tanggal_pengambilan":"2026-09-30"},"geometry":{"type":"Point","coordinates":[119.977,-4.2592]}},{"type":"Feature","properties":{"npsn":"40303127","nama_sekolah":"UPTD SDN 337 SALOTENGNGA","bentuk_pendidikan":"SD","status_sekolah":"NEGERI","akreditasi":"B","alamat_jalan":"Wanuae","nama_dusun":"Wanuae","rt":0.0,"rw":0.0,"kecamatan":"Kec. Sabbangparu","kabupaten":"Kab. Wajo","provinsi":"Prov. Sulawesi Selatan","kode_pos":"90961","latitude":-4.2199,"longitude":119.997,"nomor_telepon":null,"email":"sdn_337@yahoo.co.id","website":"http://","daya_listrik":450.0,"luas_tanah_milik":3710,"sumber_listrik":"PLN","akses_internet":"Seluler","akses_internet_2":"Shared","waktu_penyelenggaraan":"Pagi/5 hari","semester_id":"20261","semester_keterangan":"2026/2027 Gasal","sekolah_id":"E08071BC-0D26-E111-8D84-1FB54B9779D6","koordinat_valid":true,"validasi":"verified_official","sumber_data":"Kemendikdasmen - Sekolah Kita","sumber_koordinat":"Kemendikdasmen - Sekolah Kita API full-detail","tanggal_pengambilan":"2026-09-30"},"geometry":{"type":"Point","coordinates":[119.997,-4.2199]}},{"type":"Feature","properties":{"npsn":"40303128","nama_sekolah":"UPTD SDN 338 PASAKA","bentuk_pendidikan":"SD","status_sekolah":"NEGERI","akreditasi":"B","alamat_jalan":"Pasaka","nama_dusun":"LAMPAJO","rt":2.0,"rw":1.0,"kecamatan":"Kec. Sabbangparu","kabupaten":"Kab. Wajo","provinsi":"Prov. Sulawesi Selatan","kode_pos":"90961","latitude":-4.1684,"longitude":120.0191,"nomor_telepon":"0","email":"sdn338pasaka@gmail.com","website":"http://","daya_listrik":900.0,"luas_tanah_milik":3000,"sumber_listrik":"PLN","akses_internet":"Seluler","akses_internet_2":"Shared","waktu_penyelenggaraan":"Pagi/5 hari","semester_id":"20261","semester_keterangan":"2026/2027 Gasal","sekolah_id":"20B471BC-0D26-E111-9548-D3CA1932B791","koordinat_valid":true,"validasi":"verified_official","sumber_data":"Kemendikdasmen - Sekolah Kita","sumber_koordinat":"Kemendikdasmen - Sekolah Kita API full-detail","tanggal_pengambilan":"2026-09-30"},"geometry":{"type":"Point","coordinates":[120.0191,-4.1684]}},{"type":"Feature","properties":{"npsn":"40303232","nama_sekolah":"UPTD SDN 409 WORONGNGE","bentuk_pendidikan":"SD","status_sekolah":"NEGERI","akreditasi":"B","alamat_jalan":"Awakaluku","nama_dusun":"Awakaluku","rt":0.0,"rw":0.0,"kecamatan":"Kec. Sabbangparu","kabupaten":"Kab. Wajo","provinsi":"Prov. Sulawesi Selatan","kode_pos":"90961","latitude":-4.2098,"longitude":119.9446,"nomor_telepon":"0","email":"sdn409woronge@yahoo.co.id","website":"http://","daya_listrik":900.0,"luas_tanah_milik":3600,"sumber_listrik":"PLN","akses_internet":"Wireless","akses_internet_2":"Shared","waktu_penyelenggaraan":"Pagi/6 hari","semester_id":"20261","semester_keterangan":"2026/2027 Gasal","sekolah_id":"00E371BC-0D26-E111-AF3E-A975FF549620","koordinat_valid":true,"validasi":"verified_official","sumber_data":"Kemendikdasmen - Sekolah Kita","sumber_koordinat":"Kemendikdasmen - Sekolah Kita API full-detail","tanggal_pengambilan":"2026-09-30"},"geometry":{"type":"Point","coordinates":[119.9446,-4.2098]}},{"type":"Feature","properties":{"npsn":"40303261","nama_sekolah":"UPTD SDN 75 UJUNGPERO","bentuk_pendidikan":"SD","status_sekolah":"NEGERI","akreditasi":"B","alamat_jalan":"Ujungpero","nama_dusun":"Ujungpero","rt":2.0,"rw":2.0,"kecamatan":"Kec. Sabbangparu","kabupaten":"Kab. Wajo","provinsi":"Prov. Sulawesi Selatan","kode_pos":"90961","latitude":-4.1786,"longitude":120.0052,"nomor_telepon":"081344844465","email":"sdn75ujungpero71@yahoo.co.id","website":"http://","daya_listrik":900.0,"luas_tanah_milik":2408,"sumber_listrik":"PLN","akses_internet":"Fibre Optic","akses_internet_2":"Dedicated","waktu_penyelenggaraan":"Pagi/5 hari","semester_id":"20261","semester_keterangan":"2026/2027 Gasal","sekolah_id":"202A6DBC-0D26-E111-B2A4-3B918215B6B5","koordinat_valid":true,"validasi":"verified_official","sumber_data":"Kemendikdasmen - Sekolah Kita","sumber_koordinat":"Kemendikdasmen - Sekolah Kita API full-detail","tanggal_pengambilan":"2026-09-30"},"geometry":{"type":"Point","coordinates":[120.0052,-4.1786]}},{"type":"Feature","properties":{"npsn":"40303260","nama_sekolah":"UPTD SDN 76 UJUNGPERO","bentuk_pendidikan":"SD","status_sekolah":"NEGERI","akreditasi":"A","alamat_jalan":"Bontotenne","nama_dusun":"Bontotenne","rt":2.0,"rw":2.0,"kecamatan":"Kec. Sabbangparu","kabupaten":"Kab. Wajo","provinsi":"Prov. Sulawesi Selatan","kode_pos":"90961","latitude":-4.1559,"longitude":120.0098,"nomor_telepon":"085397468460","email":"sdn76ujungpero02@gmail.com","website":"http://","daya_listrik":900.0,"luas_tanah_milik":3795,"sumber_listrik":"PLN","akses_internet":"Seluler","akses_internet_2":"Broadband","waktu_penyelenggaraan":"Pagi/5 hari","semester_id":"20261","semester_keterangan":"2026/2027 Gasal","sekolah_id":"B0556DBC-0D26-E111-B895-2140F857B88C","koordinat_valid":true,"validasi":"verified_official","sumber_data":"Kemendikdasmen - Sekolah Kita","sumber_koordinat":"Kemendikdasmen - Sekolah Kita API full-detail","tanggal_pengambilan":"2026-09-30"},"geometry":{"type":"Point","coordinates":[120.0098,-4.1559]}},{"type":"Feature","properties":{"npsn":"40303246","nama_sekolah":"UPTD SDN 77 SALOTENGNGA","bentuk_pendidikan":"SD","status_sekolah":"NEGERI","akreditasi":"A","alamat_jalan":"Bila Ugi","nama_dusun":"Bilaugi","rt":0.0,"rw":0.0,"kecamatan":"Kec. Sabbangparu","kabupaten":"Kab. Wajo","provinsi":"Prov. Sulawesi Selatan","kode_pos":"90961","latitude":-4.2286,"longitude":119.9818,"nomor_telepon":"0","email":"sdn77salotengnga@gmail.com","website":"http://","daya_listrik":900.0,"luas_tanah_milik":4250,"sumber_listrik":"PLN","akses_internet":"Seluler","akses_internet_2":"Dedicated","waktu_penyelenggaraan":"Pagi/5 hari","semester_id":"20261","semester_keterangan":"2026/2027 Gasal","sekolah_id":"40816DBC-0D26-E111-AE7F-B507CD754996","koordinat_valid":true,"validasi":"verified_official","sumber_data":"Kemendikdasmen - Sekolah Kita","sumber_koordinat":"Kemendikdasmen - Sekolah Kita API full-detail","tanggal_pengambilan":"2026-09-30"},"geometry":{"type":"Point","coordinates":[119.9818,-4.2286]}},{"type":"Feature","properties":{"npsn":"40303247","nama_sekolah":"UPTD SDN 78 PALLIMAE","bentuk_pendidikan":"SD","status_sekolah":"NEGERI","akreditasi":"B","alamat_jalan":"Mannyili","nama_dusun":"Mannyili","rt":4.0,"rw":1.0,"kecamatan":"Kec. Sabbangparu","kabupaten":"Kab. Wajo","provinsi":"Prov. Sulawesi Selatan","kode_pos":"90961","latitude":-4.2045,"longitude":119.9808,"nomor_telepon":"082190616245","email":"sdn78pallimaesabbangparu@gmail.com","website":"http://www.sdnno78pallimae.net","daya_listrik":450.0,"luas_tanah_milik":3136,"sumber_listrik":"PLN","akses_internet":"Seluler","akses_internet_2":"Shared","waktu_penyelenggaraan":"Pagi/5 hari","semester_id":"20261","semester_keterangan":"2026/2027 Gasal","sekolah_id":"E0AE6DBC-0D26-E111-A025-1DE1ACFC902A","koordinat_valid":true,"validasi":"verified_official","sumber_data":"Kemendikdasmen - Sekolah Kita","sumber_koordinat":"Kemendikdasmen - Sekolah Kita API full-detail","tanggal_pengambilan":"2026-09-30"},"geometry":{"type":"Point","coordinates":[119.9808,-4.2045]}},{"type":"Feature","properties":{"npsn":"40303248","nama_sekolah":"UPTD SDN 79 MALLUSESALO","bentuk_pendidikan":"SD","status_sekolah":"NEGERI","akreditasi":"B","alamat_jalan":"Kae ","nama_dusun":"Kae","rt":0.0,"rw":0.0,"kecamatan":"Kec. Sabbangparu","kabupaten":"Kab. Wajo","provinsi":"Prov. Sulawesi Selatan","kode_pos":"90961","latitude":-4.2087,"longitude":119.9893,"nomor_telepon":"0","email":"sdn79mallusesalo@gmail.com","website":"http://","daya_listrik":900.0,"luas_tanah_milik":3350,"sumber_listrik":"PLN","akses_internet":"Wireless","akses_internet_2":"Broadband","waktu_penyelenggaraan":"Pagi/5 hari","semester_id":"20261","semester_keterangan":"2026/2027 Gasal","sekolah_id":"C0D36DBC-0D26-E111-BE59-F55ADE640AE4","koordinat_valid":true,"validasi":"verified_official","sumber_data":"Kemendikdasmen - Sekolah Kita","sumber_koordinat":"Kemendikdasmen - Sekolah Kita API full-detail","tanggal_pengambilan":"2026-09-30"},"geometry":{"type":"Point","coordinates":[119.9893,-4.2087]}},{"type":"Feature","properties":{"npsn":"40303250","nama_sekolah":"UPTD SDN 80 UGI","bentuk_pendidikan":"SD","status_sekolah":"NEGERI","akreditasi":"B","alamat_jalan":"Salopokko","nama_dusun":"Salopokko","rt":1.0,"rw":1.0,"kecamatan":"Kec. Sabbangparu","kabupaten":"Kab. Wajo","provinsi":"Prov. Sulawesi Selatan","kode_pos":"90961","latitude":-4.1973,"longitude":119.9819,"nomor_telepon":"085255099665","email":"sdn80ugisabbangparu@gmail.com","website":"http://","daya_listrik":1300.0,"luas_tanah_milik":4860,"sumber_listrik":"PLN","akses_internet":"Seluler","akses_internet_2":"Broadband","waktu_penyelenggaraan":"Pagi/5 hari","semester_id":"20261","semester_keterangan":"2026/2027 Gasal","sekolah_id":"60FA6DBC-0D26-E111-A1D4-439E05F1A5C5","koordinat_valid":true,"validasi":"verified_official","sumber_data":"Kemendikdasmen - Sekolah Kita","sumber_koordinat":"Kemendikdasmen - Sekolah Kita API full-detail","tanggal_pengambilan":"2026-09-30"},"geometry":{"type":"Point","coordinates":[119.9819,-4.1973]}},{"type":"Feature","properties":{"npsn":"40303251","nama_sekolah":"UPTD SDN 81 MALLUSESALO","bentuk_pendidikan":"SD","status_sekolah":"NEGERI","akreditasi":"B","alamat_jalan":"Cellamata","nama_dusun":"Cellamata","rt":0.0,"rw":0.0,"kecamatan":"Kec. Sabbangparu","kabupaten":"Kab. Wajo","provinsi":"Prov. Sulawesi Selatan","kode_pos":"90961","latitude":-4.1998,"longitude":120.0021,"nomor_telepon":"085341257800","email":"sdn81mallusesalo@gmail.com","website":"http://","daya_listrik":1300.0,"luas_tanah_milik":1197,"sumber_listrik":"PLN","akses_internet":"Seluler","akses_internet_2":"Broadband","waktu_penyelenggaraan":"Pagi/5 hari","semester_id":"20261","semester_keterangan":"2026/2027 Gasal","sekolah_id":"00226EBC-0D26-E111-B5CC-5FAE696658C5","koordinat_valid":true,"validasi":"verified_official","sumber_data":"Kemendikdasmen - Sekolah Kita","sumber_koordinat":"Kemendikdasmen - Sekolah Kita API full-detail","tanggal_pengambilan":"2026-09-30"},"geometry":{"type":"Point","coordinates":[120.0021,-4.1998]}},{"type":"Feature","properties":{"npsn":"40303252","nama_sekolah":"UPTD SDN 83 WORONGNGE","bentuk_pendidikan":"SD","status_sekolah":"NEGERI","akreditasi":"B","alamat_jalan":"Bila Liu","nama_dusun":"Worongnge","rt":0.0,"rw":0.0,"kecamatan":"Kec. Sabbangparu","kabupaten":"Kab. Wajo","provinsi":"Prov. Sulawesi Selatan","kode_pos":"90961","latitude":-4.2162,"longitude":119.9601,"nomor_telepon":null,"email":"sdn83worongnge@gmail.com","website":"http://","daya_listrik":450.0,"luas_tanah_milik":5519,"sumber_listrik":"PLN","akses_internet":"Seluler","akses_internet_2":"Broadband","waktu_penyelenggaraan":"Pagi/5 hari","semester_id":"20261","semester_keterangan":"2026/2027 Gasal","sekolah_id":"404E6EBC-0D26-E111-BA50-F5642A1AB781","koordinat_valid":true,"validasi":"verified_official","sumber_data":"Kemendikdasmen - Sekolah Kita","sumber_koordinat":"Kemendikdasmen - Sekolah Kita API full-detail","tanggal_pengambilan":"2026-09-30"},"geometry":{"type":"Point","coordinates":[119.9601,-4.2162]}},{"type":"Feature","properties":{"npsn":"40303253","nama_sekolah":"UPTD SDN 84 WALENNAE","bentuk_pendidikan":"SD","status_sekolah":"NEGERI","akreditasi":"B","alamat_jalan":"Canru","nama_dusun":"Canru","rt":1.0,"rw":1.0,"kecamatan":"Kec. Sabbangparu","kabupaten":"Kab. Wajo","provinsi":"Prov. Sulawesi Selatan","kode_pos":"90961","latitude":-4.2316,"longitude":119.9835,"nomor_telepon":"081342696860","email":"sdnegeri84walennae@gmail.com","website":"http://","daya_listrik":450.0,"luas_tanah_milik":2500,"sumber_listrik":"PLN","akses_internet":"Seluler","akses_internet_2":"Broadband","waktu_penyelenggaraan":"Pagi/6 hari","semester_id":"20261","semester_keterangan":"2026/2027 Gasal","sekolah_id":"E0766EBC-0D26-E111-9929-9F5874D9B546","koordinat_valid":true,"validasi":"verified_official","sumber_data":"Kemendikdasmen - Sekolah Kita","sumber_koordinat":"Kemendikdasmen - Sekolah Kita API full-detail","tanggal_pengambilan":"2026-09-30"},"geometry":{"type":"Point","coordinates":[119.9835,-4.2316]}},{"type":"Feature","properties":{"npsn":"40303254","nama_sekolah":"UPTD SDN 85 TADANGPALIE","bentuk_pendidikan":"SD","status_sekolah":"NEGERI","akreditasi":"B","alamat_jalan":"Abbanuang","nama_dusun":"Abbanuang","rt":0.0,"rw":0.0,"kecamatan":"Kec. Sabbangparu","kabupaten":"Kab. Wajo","provinsi":"Prov. Sulawesi Selatan","kode_pos":"90961","latitude":-4.2636,"longitude":119.9729,"nomor_telepon":"085340052655","email":"sdndelapanlimatadangpalie@yahoo.co.id","website":"http://","daya_listrik":1300.0,"luas_tanah_milik":2232,"sumber_listrik":"PLN","akses_internet":"Seluler","akses_internet_2":"Shared","waktu_penyelenggaraan":"Pagi/5 hari","semester_id":"20261","semester_keterangan":"2026/2027 Gasal","sekolah_id":"20A06EBC-0D26-E111-A5B1-01D5D676CA16","koordinat_valid":true,"validasi":"verified_official","sumber_data":"Kemendikdasmen - Sekolah Kita","sumber_koordinat":"Kemendikdasmen - Sekolah Kita API full-detail","tanggal_pengambilan":"2026-09-30"},"geometry":{"type":"Point","coordinates":[119.9729,-4.2636]}},{"type":"Feature","properties":{"npsn":"40303255","nama_sekolah":"UPTD SDN 86 TALOTENRENG","bentuk_pendidikan":"SD","status_sekolah":"NEGERI","akreditasi":"B","alamat_jalan":"Paoramba","nama_dusun":"PAORAMBA","rt":0.0,"rw":0.0,"kecamatan":"Kec. Sabbangparu","kabupaten":"Kab. Wajo","provinsi":"Prov. Sulawesi Selatan","kode_pos":"90961","latitude":-4.2345,"longitude":120.0132,"nomor_telepon":null,"email":"sd86talotenreng@gmail.com","website":"http://","daya_listrik":900.0,"luas_tanah_milik":7592,"sumber_listrik":"PLN","akses_internet":"Seluler","akses_internet_2":"Broadband","waktu_penyelenggaraan":"Pagi/5 hari","semester_id":"20261","semester_keterangan":"2026/2027 Gasal","sekolah_id":"40C66EBC-0D26-E111-91A6-278C5B7B2743","koordinat_valid":true,"validasi":"verified_official","sumber_data":"Kemendikdasmen - Sekolah Kita","sumber_koordinat":"Kemendikdasmen - Sekolah Kita API full-detail","tanggal_pengambilan":"2026-09-30"},"geometry":{"type":"Point","coordinates":[120.0132,-4.2345]}},{"type":"Feature","properties":{"npsn":"40303257","nama_sekolah":"UPTD SDN 88 WALENNAE","bentuk_pendidikan":"SD","status_sekolah":"NEGERI","akreditasi":"C","alamat_jalan":"Pammera","nama_dusun":"PAMMERA","rt":0.0,"rw":0.0,"kecamatan":"Kec. Sabbangparu","kabupaten":"Kab. Wajo","provinsi":"Prov. Sulawesi Selatan","kode_pos":"90961","latitude":-4.2429,"longitude":119.9919,"nomor_telepon":null,"email":"sdn88walennae@gmail.com","website":"http://","daya_listrik":900.0,"luas_tanah_milik":72575,"sumber_listrik":"PLN","akses_internet":"Seluler","akses_internet_2":"Broadband","waktu_penyelenggaraan":"Sehari Penuh/5 hari","semester_id":"20261","semester_keterangan":"2026/2027 Gasal","sekolah_id":"40166FBC-0D26-E111-B510-19CC360AC2CC","koordinat_valid":true,"validasi":"verified_official","sumber_data":"Kemendikdasmen - Sekolah Kita","sumber_koordinat":"Kemendikdasmen - Sekolah Kita API full-detail","tanggal_pengambilan":"2026-09-30"},"geometry":{"type":"Point","coordinates":[119.9919,-4.2429]}},{"type":"Feature","properties":{"npsn":"40303325","nama_sekolah":"UPTD SDN 135 AKKAJENG","bentuk_pendidikan":"SD","status_sekolah":"NEGERI","akreditasi":"B","alamat_jalan":"Jalang","nama_dusun":"Jalang","rt":0.0,"rw":0.0,"kecamatan":"Kec. Sajo Anging","kabupaten":"Kab. Wajo","provinsi":"Prov. Sulawesi Selatan","kode_pos":"90982","latitude":-4.0401,"longitude":120.3242,"nomor_telepon":"082187287552","email":"sdnsatutigalimaakkajeng@gmail.com","website":"http://","daya_listrik":900.0,"luas_tanah_milik":3200,"sumber_listrik":"PLN","akses_internet":"Seluler","akses_internet_2":"Broadband","waktu_penyelenggaraan":"Pagi/6 hari","semester_id":"20261","semester_keterangan":"2026/2027 Gasal","sekolah_id":"20CE87BC-0D26-E111-9B50-9BD3DF0B9CF6","koordinat_valid":true,"validasi":"verified_official","sumber_data":"Kemendikdasmen - Sekolah Kita","sumber_koordinat":"Kemendikdasmen - Sekolah Kita API full-detail","tanggal_pengambilan":"2026-09-30"},"geometry":{"type":"Point","coordinates":[120.3242,-4.0401]}},{"type":"Feature","properties":{"npsn":"40303311","nama_sekolah":"UPTD SDN 137 AKKOTENGENG","bentuk_pendidikan":"SD","status_sekolah":"NEGERI","akreditasi":"B","alamat_jalan":"Babana","nama_dusun":"BABANA","rt":0.0,"rw":0.0,"kecamatan":"Kec. Sajo Anging","kabupaten":"Kab. Wajo","provinsi":"Prov. Sulawesi Selatan","kode_pos":"90982","latitude":-3.9929,"longitude":120.3158,"nomor_telepon":"085240192624","email":"sdn137akkotengeng1@gmail.com","website":"http://","daya_listrik":900.0,"luas_tanah_milik":5950,"sumber_listrik":"PLN","akses_internet":"Seluler","akses_internet_2":"Shared","waktu_penyelenggaraan":"Pagi/5 hari","semester_id":"20261","semester_keterangan":"2026/2027 Gasal","sekolah_id":"60524BC3-0D26-E111-9B42-ED783CE781EB","koordinat_valid":true,"validasi":"verified_official","sumber_data":"Kemendikdasmen - Sekolah Kita","sumber_koordinat":"Kemendikdasmen - Sekolah Kita API full-detail","tanggal_pengambilan":"2026-09-30"},"geometry":{"type":"Point","coordinates":[120.3158,-3.9929]}},{"type":"Feature","properties":{"npsn":"40303313","nama_sekolah":"UPTD SDN 139 SAKKOLI","bentuk_pendidikan":"SD","status_sekolah":"NEGERI","akreditasi":"B","alamat_jalan":"Sakkoli","nama_dusun":"Cinaga","rt":1.0,"rw":1.0,"kecamatan":"Kec. Sajo Anging","kabupaten":"Kab. Wajo","provinsi":"Prov. Sulawesi Selatan","kode_pos":"90982","latitude":-3.9565,"longitude":120.2165,"nomor_telepon":"085299990265","email":"sdn139_sakkoli@yahoo.com","website":"http://","daya_listrik":2200.0,"luas_tanah_milik":8075,"sumber_listrik":"PLN","akses_internet":"Seluler","akses_internet_2":"Shared","waktu_penyelenggaraan":"Pagi/5 hari","semester_id":"20261","semester_keterangan":"2026/2027 Gasal","sekolah_id":"907B4BC3-0D26-E111-9211-19F34FFAB17F","koordinat_valid":true,"validasi":"verified_official","sumber_data":"Kemendikdasmen - Sekolah Kita","sumber_koordinat":"Kemendikdasmen - Sekolah Kita API full-detail","tanggal_pengambilan":"2026-09-30"},"geometry":{"type":"Point","coordinates":[120.2165,-3.9565]}},{"type":"Feature","properties":{"npsn":"40303315","nama_sekolah":"UPTD SDN 140 SALOBULO","bentuk_pendidikan":"SD","status_sekolah":"NEGERI","akreditasi":"B","alamat_jalan":"Dengeng ","nama_dusun":"Dengeng","rt":0.0,"rw":0.0,"kecamatan":"Kec. Sajo Anging","kabupaten":"Kab. Wajo","provinsi":"Prov. Sulawesi Selatan","kode_pos":"90982","latitude":-3.9703,"longitude":120.276,"nomor_telepon":"085247102752","email":"sdn_140salobulo@yahoo.com","website":"http://","daya_listrik":900.0,"luas_tanah_milik":1280,"sumber_listrik":"PLN","akses_internet":"Seluler","akses_internet_2":"Broadband","waktu_penyelenggaraan":"Pagi/5 hari","semester_id":"20261","semester_keterangan":"2026/2027 Gasal","sekolah_id":"70F887BC-0D26-E111-9BA4-719E60762F8E","koordinat_valid":true,"validasi":"verified_official","sumber_data":"Kemendikdasmen - Sekolah Kita","sumber_koordinat":"Kemendikdasmen - Sekolah Kita API full-detail","tanggal_pengambilan":"2026-09-30"},"geometry":{"type":"Point","coordinates":[120.276,-3.9703]}},{"type":"Feature","properties":{"npsn":"40303510","nama_sekolah":"UPTD SDN 153 ALEWADENG","bentuk_pendidikan":"SD","status_sekolah":"NEGERI","akreditasi":"B","alamat_jalan":"Toduma Desa Alewadeng","nama_dusun":"Toduma","rt":0.0,"rw":0.0,"kecamatan":"Kec. Sajo Anging","kabupaten":"Kab. Wajo","provinsi":"Prov. Sulawesi Selatan","kode_pos":"90982","latitude":-3.97,"longitude":120.2929,"nomor_telepon":"081342368698","email":"satulimatigaalewadeng@yahoo.co.id","website":"http://","daya_listrik":900.0,"luas_tanah_milik":2790,"sumber_listrik":"PLN","akses_internet":"Seluler","akses_internet_2":"Broadband","waktu_penyelenggaraan":"Sehari Penuh/5 hari","semester_id":"20261","semester_keterangan":"2026/2027 Gasal","sekolah_id":"C01B88BC-0D26-E111-87B4-830BF3F43111","koordinat_valid":true,"validasi":"verified_official","sumber_data":"Kemendikdasmen - Sekolah Kita","sumber_koordinat":"Kemendikdasmen - Sekolah Kita API full-detail","tanggal_pengambilan":"2026-09-30"},"geometry":{"type":"Point","coordinates":[120.2929,-3.97]}},{"type":"Feature","properties":{"npsn":"40303511","nama_sekolah":"UPTD SDN 154 AKKAJENG","bentuk_pendidikan":"SD","status_sekolah":"NEGERI","akreditasi":"B","alamat_jalan":"Cenranae","nama_dusun":"cenranae","rt":0.0,"rw":0.0,"kecamatan":"Kec. Sajo Anging","kabupaten":"Kab. Wajo","provinsi":"Prov. Sulawesi Selatan","kode_pos":"90982","latitude":-4.0475,"longitude":120.3366,"nomor_telepon":"085255360626","email":"sdn154akkajengcenranae@gmail.com","website":"http://","daya_listrik":1300.0,"luas_tanah_milik":2860,"sumber_listrik":"PLN","akses_internet":"Seluler","akses_internet_2":"Broadband","waktu_penyelenggaraan":"Pagi/5 hari","semester_id":"20261","semester_keterangan":"2026/2027 Gasal","sekolah_id":"804688BC-0D26-E111-9B94-0D35517B4A3D","koordinat_valid":true,"validasi":"verified_official","sumber_data":"Kemendikdasmen - Sekolah Kita","sumber_koordinat":"Kemendikdasmen - Sekolah Kita API full-detail","tanggal_pengambilan":"2026-09-30"},"geometry":{"type":"Point","coordinates":[120.3366,-4.0475]}},{"type":"Feature","properties":{"npsn":"40303512","nama_sekolah":"UPTD SDN 155 ASSORAJANG","bentuk_pendidikan":"SD","status_sekolah":"NEGERI","akreditasi":"B","alamat_jalan":"Mualla","nama_dusun":"Mualla","rt":2.0,"rw":3.0,"kecamatan":"Kec. Sajo Anging","kabupaten":"Kab. Wajo","provinsi":"Prov. Sulawesi Selatan","kode_pos":"90982","latitude":-4.0494,"longitude":120.3101,"nomor_telepon":"085299460253","email":"SDN155ASSORAJANG@Yahoo.co.id","website":"http://","daya_listrik":900.0,"luas_tanah_milik":2160,"sumber_listrik":"PLN","akses_internet":"Seluler","akses_internet_2":"Broadband","waktu_penyelenggaraan":"Pagi/5 hari","semester_id":"20261","semester_keterangan":"2026/2027 Gasal","sekolah_id":"407888BC-0D26-E111-84D0-6B67A9CD95BD","koordinat_valid":true,"validasi":"verified_official","sumber_data":"Kemendikdasmen - Sekolah Kita","sumber_koordinat":"Kemendikdasmen - Sekolah Kita API full-detail","tanggal_pengambilan":"2026-09-30"},"geometry":{"type":"Point","coordinates":[120.3101,-4.0494]}},{"type":"Feature","properties":{"npsn":"40303534","nama_sekolah":"UPTD SDN 208 AKKAJENG","bentuk_pendidikan":"SD","status_sekolah":"NEGERI","akreditasi":"B","alamat_jalan":"Jalang","nama_dusun":null,"rt":0.0,"rw":0.0,"kecamatan":"Kec. Sajo Anging","kabupaten":"Kab. Wajo","provinsi":"Prov. Sulawesi Selatan","kode_pos":"90982","latitude":-4.0399,"longitude":120.3241,"nomor_telepon":null,"email":"sdn208akkajeng@gmail.com","website":"http://","daya_listrik":900.0,"luas_tanah_milik":3633,"sumber_listrik":"PLN","akses_internet":"Seluler","akses_internet_2":"Broadband","waktu_penyelenggaraan":"Pagi/5 hari","semester_id":"20261","semester_keterangan":"2026/2027 Gasal","sekolah_id":"00B24BC3-0D26-E111-B68D-17AFCB1134C2","koordinat_valid":true,"validasi":"verified_official","sumber_data":"Kemendikdasmen - Sekolah Kita","sumber_koordinat":"Kemendikdasmen - Sekolah Kita API full-detail","tanggal_pengambilan":"2026-09-30"},"geometry":{"type":"Point","coordinates":[120.3241,-4.0399]}},{"type":"Feature","properties":{"npsn":"40303535","nama_sekolah":"UPTD SDN 209 SALOBULO","bentuk_pendidikan":"SD","status_sekolah":"NEGERI","akreditasi":"B","alamat_jalan":"Salobulo","nama_dusun":"Salobulo","rt":0.0,"rw":0.0,"kecamatan":"Kec. Sajo Anging","kabupaten":"Kab. Wajo","provinsi":"Prov. Sulawesi Selatan","kode_pos":"90982","latitude":-3.9488,"longitude":120.2638,"nomor_telepon":"081243819509","email":"sdn209salobulo@yahoo.com","website":"http://","daya_listrik":450.0,"luas_tanah_milik":6264,"sumber_listrik":"PLN","akses_internet":"Seluler","akses_internet_2":"Broadband","waktu_penyelenggaraan":"Pagi/5 hari","semester_id":"20261","semester_keterangan":"2026/2027 Gasal","sekolah_id":"A0A788BC-0D26-E111-8CCE-356CFB1739D5","koordinat_valid":true,"validasi":"verified_official","sumber_data":"Kemendikdasmen - Sekolah Kita","sumber_koordinat":"Kemendikdasmen - Sekolah Kita API full-detail","tanggal_pengambilan":"2026-09-30"},"geometry":{"type":"Point","coordinates":[120.2638,-3.9488]}},{"type":"Feature","properties":{"npsn":"40303481","nama_sekolah":"UPTD SDN 249 MINANGAE","bentuk_pendidikan":"SD","status_sekolah":"NEGERI","akreditasi":"B","alamat_jalan":"Lamattoanging","nama_dusun":null,"rt":0.0,"rw":0.0,"kecamatan":"Kec. Sajo Anging","kabupaten":"Kab. Wajo","provinsi":"Prov. Sulawesi Selatan","kode_pos":"90982","latitude":-4.0011,"longitude":120.3141,"nomor_telepon":"082376333478","email":"minangaen@yahoo.co.id","website":"http://","daya_listrik":900.0,"luas_tanah_milik":1683,"sumber_listrik":"PLN","akses_internet":"Seluler","akses_internet_2":"Broadband","waktu_penyelenggaraan":"Sehari Penuh/5 hari","semester_id":"20261","semester_keterangan":"2026/2027 Gasal","sekolah_id":"80D588BC-0D26-E111-8B6D-392399DDD0B9","koordinat_valid":true,"validasi":"verified_official","sumber_data":"Kemendikdasmen - Sekolah Kita","sumber_koordinat":"Kemendikdasmen - Sekolah Kita API full-detail","tanggal_pengambilan":"2026-09-30"},"geometry":{"type":"Point","coordinates":[120.3141,-4.0011]}},{"type":"Feature","properties":{"npsn":"40303483","nama_sekolah":"UPTD SDN 250 TOWALIDA","bentuk_pendidikan":"SD","status_sekolah":"NEGERI","akreditasi":"B","alamat_jalan":"Lacori","nama_dusun":"LACORI","rt":1.0,"rw":1.0,"kecamatan":"Kec. Sajo Anging","kabupaten":"Kab. Wajo","provinsi":"Prov. Sulawesi Selatan","kode_pos":"90982","latitude":-3.9605,"longitude":120.2348,"nomor_telepon":"081343731190","email":"sdn250_towalida@yahoo.co.id","website":"http://","daya_listrik":900.0,"luas_tanah_milik":4875,"sumber_listrik":"PLN","akses_internet":"Seluler","akses_internet_2":"Shared","waktu_penyelenggaraan":"Pagi/5 hari","semester_id":"20261","semester_keterangan":"2026/2027 Gasal","sekolah_id":"30BF8CBC-0D26-E111-BCE3-E796DD26DAEF","koordinat_valid":true,"validasi":"verified_official","sumber_data":"Kemendikdasmen - Sekolah Kita","sumber_koordinat":"Kemendikdasmen - Sekolah Kita API full-detail","tanggal_pengambilan":"2026-09-30"},"geometry":{"type":"Point","coordinates":[120.2348,-3.9605]}},{"type":"Feature","properties":{"npsn":"40303484","nama_sekolah":"UPTD SDN 251 BARANGMAMASE","bentuk_pendidikan":"SD","status_sekolah":"NEGERI","akreditasi":"B","alamat_jalan":"Bottotella","nama_dusun":"Bottotella","rt":0.0,"rw":0.0,"kecamatan":"Kec. Sajo Anging","kabupaten":"Kab. Wajo","provinsi":"Prov. Sulawesi Selatan","kode_pos":"90982","latitude":-3.921,"longitude":120.2772,"nomor_telepon":"08124237616","email":"sdn251barangmamase@yahoo.co.id","website":"http://","daya_listrik":1300.0,"luas_tanah_milik":4770,"sumber_listrik":"PLN","akses_internet":"Seluler","akses_internet_2":"Shared","waktu_penyelenggaraan":"Pagi/5 hari","semester_id":"20261","semester_keterangan":"2026/2027 Gasal","sekolah_id":"60E48CBC-0D26-E111-AEBB-B307E32DC86B","koordinat_valid":true,"validasi":"verified_official","sumber_data":"Kemendikdasmen - Sekolah Kita","sumber_koordinat":"Kemendikdasmen - Sekolah Kita API full-detail","tanggal_pengambilan":"2026-09-30"},"geometry":{"type":"Point","coordinates":[120.2772,-3.921]}},{"type":"Feature","properties":{"npsn":"40303131","nama_sekolah":"UPTD SDN 308 AKKOTENGENG","bentuk_pendidikan":"SD","status_sekolah":"NEGERI","akreditasi":"B","alamat_jalan":"Totakki","nama_dusun":"TOTAKKI","rt":1.0,"rw":1.0,"kecamatan":"Kec. Sajo Anging","kabupaten":"Kab. Wajo","provinsi":"Prov. Sulawesi Selatan","kode_pos":"90982","latitude":-3.9774,"longitude":120.3021,"nomor_telepon":"085240192624","email":"sdn308akkotengeng@yahoo.co.id","website":"http://sdn308akkotengeng.net/admin/index.php","daya_listrik":900.0,"luas_tanah_milik":4200,"sumber_listrik":"PLN","akses_internet":"Seluler","akses_internet_2":"Broadband","waktu_penyelenggaraan":"Sehari Penuh/5 hari","semester_id":"20261","semester_keterangan":"2026/2027 Gasal","sekolah_id":"800B8DBC-0D26-E111-8245-A5214C9CC054","koordinat_valid":true,"validasi":"verified_official","sumber_data":"Kemendikdasmen - Sekolah Kita","sumber_koordinat":"Kemendikdasmen - Sekolah Kita API full-detail","tanggal_pengambilan":"2026-09-30"},"geometry":{"type":"Point","coordinates":[120.3021,-3.9774]}},{"type":"Feature","properties":{"npsn":"40303132","nama_sekolah":"UPTD SDN 309 BARANGMAMASE","bentuk_pendidikan":"SD","status_sekolah":"NEGERI","akreditasi":"B","alamat_jalan":"Barangmamase","nama_dusun":"Garungkang","rt":0.0,"rw":0.0,"kecamatan":"Kec. Sajo Anging","kabupaten":"Kab. Wajo","provinsi":"Prov. Sulawesi Selatan","kode_pos":"90982","latitude":-3.9403,"longitude":120.3068,"nomor_telepon":null,"email":"barangmamasesdn@gmail.com","website":"http://sdn309barangmamase.sch.id","daya_listrik":900.0,"luas_tanah_milik":4446,"sumber_listrik":"PLN","akses_internet":"Fibre Optic","akses_internet_2":"Shared","waktu_penyelenggaraan":"Pagi/5 hari","semester_id":"20261","semester_keterangan":"2026/2027 Gasal","sekolah_id":"C0DB4BC3-0D26-E111-8692-B7009ADA40AA","koordinat_valid":true,"validasi":"verified_official","sumber_data":"Kemendikdasmen - Sekolah Kita","sumber_koordinat":"Kemendikdasmen - Sekolah Kita API full-detail","tanggal_pengambilan":"2026-09-30"},"geometry":{"type":"Point","coordinates":[120.3068,-3.9403]}},{"type":"Feature","properties":{"npsn":"40303134","nama_sekolah":"UPTD SDN 310 ASSORAJANG","bentuk_pendidikan":"SD","status_sekolah":"NEGERI","akreditasi":"B","alamat_jalan":"Assorajang","nama_dusun":"Talise","rt":0.0,"rw":0.0,"kecamatan":"Kec. Sajo Anging","kabupaten":"Kab. Wajo","provinsi":"Prov. Sulawesi Selatan","kode_pos":"90982","latitude":-4.0044,"longitude":120.3167,"nomor_telepon":"085341164500","email":"sudirman310@gmail.com","website":"http://","daya_listrik":900.0,"luas_tanah_milik":3575,"sumber_listrik":"PLN","akses_internet":"Seluler","akses_internet_2":"Broadband","waktu_penyelenggaraan":"Pagi/5 hari","semester_id":"20261","semester_keterangan":"2026/2027 Gasal","sekolah_id":"F0318DBC-0D26-E111-8CB4-95CB0E10E039","koordinat_valid":true,"validasi":"verified_official","sumber_data":"Kemendikdasmen - Sekolah Kita","sumber_koordinat":"Kemendikdasmen - Sekolah Kita API full-detail","tanggal_pengambilan":"2026-09-30"},"geometry":{"type":"Point","coordinates":[120.3167,-4.0044]}},{"type":"Feature","properties":{"npsn":"40303118","nama_sekolah":"UPTD SDN 329 ALEWADENG","bentuk_pendidikan":"SD","status_sekolah":"NEGERI","akreditasi":"B","alamat_jalan":"Benteng Luwu","nama_dusun":"BENTENG LUWU","rt":0.0,"rw":0.0,"kecamatan":"Kec. Sajo Anging","kabupaten":"Kab. Wajo","provinsi":"Prov. Sulawesi Selatan","kode_pos":"90982","latitude":-3.9645,"longitude":120.3049,"nomor_telepon":"082187287450","email":"Sdn329bentengluwu@gmail.com","website":"http://","daya_listrik":900.0,"luas_tanah_milik":3476,"sumber_listrik":"PLN","akses_internet":"Seluler","akses_internet_2":"Broadband","waktu_penyelenggaraan":"Pagi/5 hari","semester_id":"20261","semester_keterangan":"2026/2027 Gasal","sekolah_id":"B0578DBC-0D26-E111-982D-7BFF1A0FE1D9","koordinat_valid":true,"validasi":"verified_official","sumber_data":"Kemendikdasmen - Sekolah Kita","sumber_koordinat":"Kemendikdasmen - Sekolah Kita API full-detail","tanggal_pengambilan":"2026-09-30"},"geometry":{"type":"Point","coordinates":[120.3049,-3.9645]}},{"type":"Feature","properties":{"npsn":"40303027","nama_sekolah":"UPTD SDN 366 SALOBULO","bentuk_pendidikan":"SD","status_sekolah":"NEGERI","akreditasi":"B","alamat_jalan":"Salobulo","nama_dusun":"Salobulo","rt":0.0,"rw":0.0,"kecamatan":"Kec. Sajo Anging","kabupaten":"Kab. Wajo","provinsi":"Prov. Sulawesi Selatan","kode_pos":"90982","latitude":-3.9539,"longitude":120.2631,"nomor_telepon":"08539007272","email":"sdn366salobulo@gmail.com","website":"http://","daya_listrik":900.0,"luas_tanah_milik":3500,"sumber_listrik":"PLN","akses_internet":"Seluler","akses_internet_2":"Shared","waktu_penyelenggaraan":"Pagi/5 hari","semester_id":"20261","semester_keterangan":"2026/2027 Gasal","sekolah_id":"40709EC4-0D26-E111-9038-E919E0D682DA","koordinat_valid":true,"validasi":"verified_official","sumber_data":"Kemendikdasmen - Sekolah Kita","sumber_koordinat":"Kemendikdasmen - Sekolah Kita API full-detail","tanggal_pengambilan":"2026-09-30"},"geometry":{"type":"Point","coordinates":[120.2631,-3.9539]}},{"type":"Feature","properties":{"npsn":"40303053","nama_sekolah":"UPTD SDN 394 SAKKOLI","bentuk_pendidikan":"SD","status_sekolah":"NEGERI","akreditasi":"B","alamat_jalan":"Lasipae","nama_dusun":"Lasipae","rt":2.0,"rw":3.0,"kecamatan":"Kec. Sajo Anging","kabupaten":"Kab. Wajo","provinsi":"Prov. Sulawesi Selatan","kode_pos":"90982","latitude":-3.9415,"longitude":120.2388,"nomor_telepon":"085255894011","email":"sdn394_sakkoli@yahoo.com","website":"http://","daya_listrik":900.0,"luas_tanah_milik":7998,"sumber_listrik":"PLN","akses_internet":"Seluler","akses_internet_2":"Shared","waktu_penyelenggaraan":"Pagi/5 hari","semester_id":"20261","semester_keterangan":"2026/2027 Gasal","sekolah_id":"807D8DBC-0D26-E111-89A1-73B9CDACECC6","koordinat_valid":true,"validasi":"verified_official","sumber_data":"Kemendikdasmen - Sekolah Kita","sumber_koordinat":"Kemendikdasmen - Sekolah Kita API full-detail","tanggal_pengambilan":"2026-09-30"},"geometry":{"type":"Point","coordinates":[120.2388,-3.9415]}},{"type":"Feature","properties":{"npsn":"40303054","nama_sekolah":"UPTD SDN 395 BARANGMAMASE","bentuk_pendidikan":"SD","status_sekolah":"NEGERI","akreditasi":"B","alamat_jalan":"Kulampu","nama_dusun":"Kulampu","rt":0.0,"rw":0.0,"kecamatan":"Kec. Sajo Anging","kabupaten":"Kab. Wajo","provinsi":"Prov. Sulawesi Selatan","kode_pos":"90982","latitude":-3.9361,"longitude":120.2734,"nomor_telepon":"082348019467","email":"sdn395barangmamase@yahoo.com","website":"http://","daya_listrik":450.0,"luas_tanah_milik":5280,"sumber_listrik":"PLN","akses_internet":"Seluler","akses_internet_2":"Shared","waktu_penyelenggaraan":"Pagi/5 hari","semester_id":"20261","semester_keterangan":"2026/2027 Gasal","sekolah_id":"A0A48DBC-0D26-E111-BE8C-192816AF0846","koordinat_valid":true,"validasi":"verified_official","sumber_data":"Kemendikdasmen - Sekolah Kita","sumber_koordinat":"Kemendikdasmen - Sekolah Kita API full-detail","tanggal_pengambilan":"2026-09-30"},"geometry":{"type":"Point","coordinates":[120.2734,-3.9361]}},{"type":"Feature","properties":{"npsn":"40303235","nama_sekolah":"UPTD SDN 410 AKKOTENGENG","bentuk_pendidikan":"SD","status_sekolah":"NEGERI","akreditasi":"B","alamat_jalan":"Lapalare","nama_dusun":"Lapalare","rt":0.0,"rw":0.0,"kecamatan":"Kec. Sajo Anging","kabupaten":"Kab. Wajo","provinsi":"Prov. Sulawesi Selatan","kode_pos":"90982","latitude":-3.9803,"longitude":120.3486,"nomor_telepon":"085242354558","email":"sdn410akkotengeng@yahoo.com","website":"http://","daya_listrik":900.0,"luas_tanah_milik":1085,"sumber_listrik":"PLN","akses_internet":"Seluler","akses_internet_2":"Broadband","waktu_penyelenggaraan":"Pagi/5 hari","semester_id":"20261","semester_keterangan":"2026/2027 Gasal","sekolah_id":"70428EBC-0D26-E111-AE09-E9E32964DF0A","koordinat_valid":true,"validasi":"verified_official","sumber_data":"Kemendikdasmen - Sekolah Kita","sumber_koordinat":"Kemendikdasmen - Sekolah Kita API full-detail","tanggal_pengambilan":"2026-09-30"},"geometry":{"type":"Point","coordinates":[120.3486,-3.9803]}},{"type":"Feature","properties":{"npsn":"40303281","nama_sekolah":"UPTD SDN 107 PENEKI","bentuk_pendidikan":"SD","status_sekolah":"NEGERI","akreditasi":"B","alamat_jalan":"Jln Sangkuru No. 8 Peneki","nama_dusun":"Sangkuru","rt":0.0,"rw":0.0,"kecamatan":"Kec. Takkalala","kabupaten":"Kab. Wajo","provinsi":"Prov. Sulawesi Selatan","kode_pos":"90981","latitude":-4.1516,"longitude":120.2741,"nomor_telepon":"082301444461","email":"sdn107peneki@yahoo.co.id","website":"http://","daya_listrik":2200.0,"luas_tanah_milik":4800,"sumber_listrik":"PLN","akses_internet":"Fibre Optic","akses_internet_2":"Shared","waktu_penyelenggaraan":"Pagi/5 hari","semester_id":"20261","semester_keterangan":"2026/2027 Gasal","sekolah_id":"E0D247C3-0D26-E111-A4AA-4714678CB05F","koordinat_valid":true,"validasi":"verified_official","sumber_data":"Kemendikdasmen - Sekolah Kita","sumber_koordinat":"Kemendikdasmen - Sekolah Kita API full-detail","tanggal_pengambilan":"2026-09-30"},"geometry":{"type":"Point","coordinates":[120.2741,-4.1516]}},{"type":"Feature","properties":{"npsn":"40303282","nama_sekolah":"UPTD SDN 108 BOCCO","bentuk_pendidikan":"SD","status_sekolah":"NEGERI","akreditasi":"C","alamat_jalan":"JL.Poros Peneki-Solo KEC. TAKKALALLA","nama_dusun":"Topai","rt":0.0,"rw":0.0,"kecamatan":"Kec. Takkalala","kabupaten":"Kab. Wajo","provinsi":"Prov. Sulawesi Selatan","kode_pos":"90981","latitude":-4.1754,"longitude":120.2535,"nomor_telepon":"085347437148","email":"sdnegeri108bocco@ymail.com","website":"http://","daya_listrik":900.0,"luas_tanah_milik":2970,"sumber_listrik":"PLN","akses_internet":"Seluler","akses_internet_2":"Broadband","waktu_penyelenggaraan":"Sehari Penuh/5 hari","semester_id":"20261","semester_keterangan":"2026/2027 Gasal","sekolah_id":"202B84BC-0D26-E111-BCB7-E328BA09184C","koordinat_valid":true,"validasi":"verified_official","sumber_data":"Kemendikdasmen - Sekolah Kita","sumber_koordinat":"Kemendikdasmen - Sekolah Kita API full-detail","tanggal_pengambilan":"2026-09-30"},"geometry":{"type":"Point","coordinates":[120.2535,-4.1754]}},{"type":"Feature","properties":{"npsn":"40303283","nama_sekolah":"UPTD SDN 109 LAGOARI","bentuk_pendidikan":"SD","status_sekolah":"NEGERI","akreditasi":"B","alamat_jalan":"Lagoari","nama_dusun":"LAECU","rt":0.0,"rw":0.0,"kecamatan":"Kec. Takkalala","kabupaten":"Kab. Wajo","provinsi":"Prov. Sulawesi Selatan","kode_pos":"90981","latitude":-4.1702,"longitude":120.2813,"nomor_telepon":"085242717991","email":"lagoarisdn@gmail.com","website":null,"daya_listrik":450.0,"luas_tanah_milik":4646,"sumber_listrik":"PLN","akses_internet":"Seluler","akses_internet_2":"Broadband","waktu_penyelenggaraan":"Pagi/5 hari","semester_id":"20261","semester_keterangan":"2026/2027 Gasal","sekolah_id":"60F947C3-0D26-E111-A404-9B03F5918CF2","koordinat_valid":true,"validasi":"verified_official","sumber_data":"Kemendikdasmen - Sekolah Kita","sumber_koordinat":"Kemendikdasmen - Sekolah Kita API full-detail","tanggal_pengambilan":"2026-09-30"},"geometry":{"type":"Point","coordinates":[120.2813,-4.1702]}},{"type":"Feature","properties":{"npsn":"40303284","nama_sekolah":"UPTD SDN 110 LAGOARI","bentuk_pendidikan":"SD","status_sekolah":"NEGERI","akreditasi":"B","alamat_jalan":"Lagoari","nama_dusun":"Lagoari","rt":0.0,"rw":0.0,"kecamatan":"Kec. Takkalala","kabupaten":"Kab. Wajo","provinsi":"Prov. Sulawesi Selatan","kode_pos":"90981","latitude":-4.1521,"longitude":120.2929,"nomor_telepon":"081343835208","email":"seratussepuluhlagoari@gmail.com","website":null,"daya_listrik":900.0,"luas_tanah_milik":3600,"sumber_listrik":"PLN","akses_internet":"Seluler","akses_internet_2":"Broadband","waktu_penyelenggaraan":"Pagi/5 hari","semester_id":"20261","semester_keterangan":"2026/2027 Gasal","sekolah_id":"F01E48C3-0D26-E111-9EF7-45527F591E10","koordinat_valid":true,"validasi":"verified_official","sumber_data":"Kemendikdasmen - Sekolah Kita","sumber_koordinat":"Kemendikdasmen - Sekolah Kita API full-detail","tanggal_pengambilan":"2026-09-30"},"geometry":{"type":"Point","coordinates":[120.2929,-4.1521]}},{"type":"Feature","properties":{"npsn":"40303285","nama_sekolah":"UPTD SDN 111 BOTTO","bentuk_pendidikan":"SD","status_sekolah":"NEGERI","akreditasi":"B","alamat_jalan":"Tosewo","nama_dusun":"Tosewo","rt":0.0,"rw":0.0,"kecamatan":"Kec. Takkalala","kabupaten":"Kab. Wajo","provinsi":"Prov. Sulawesi Selatan","kode_pos":"90981","latitude":-4.1283,"longitude":120.3093,"nomor_telepon":"085255525620","email":"naufalahza13@gmail.com","website":"http://","daya_listrik":900.0,"luas_tanah_milik":1568,"sumber_listrik":"PLN","akses_internet":"Seluler","akses_internet_2":"Broadband","waktu_penyelenggaraan":"Pagi/5 hari","semester_id":"20261","semester_keterangan":"2026/2027 Gasal","sekolah_id":"504648C3-0D26-E111-8752-83CE695A9315","koordinat_valid":true,"validasi":"verified_official","sumber_data":"Kemendikdasmen - Sekolah Kita","sumber_koordinat":"Kemendikdasmen - Sekolah Kita API full-detail","tanggal_pengambilan":"2026-09-30"},"geometry":{"type":"Point","coordinates":[120.3093,-4.1283]}},{"type":"Feature","properties":{"npsn":"40303286","nama_sekolah":"UPTD SDN 112 BOTTO","bentuk_pendidikan":"SD","status_sekolah":"NEGERI","akreditasi":"B","alamat_jalan":"Tosewo","nama_dusun":"Campi","rt":0.0,"rw":0.0,"kecamatan":"Kec. Takkalala","kabupaten":"Kab. Wajo","provinsi":"Prov. Sulawesi Selatan","kode_pos":"90981","latitude":-4.1247,"longitude":120.3089,"nomor_telepon":null,"email":"sdn112botto@gmail.com","website":"http://","daya_listrik":900.0,"luas_tanah_milik":6694,"sumber_listrik":"PLN","akses_internet":"Seluler","akses_internet_2":"Shared","waktu_penyelenggaraan":"Sehari Penuh/5 hari","semester_id":"20261","semester_keterangan":"2026/2027 Gasal","sekolah_id":"E06A48C3-0D26-E111-B091-2DE068D5C0CE","koordinat_valid":true,"validasi":"verified_official","sumber_data":"Kemendikdasmen - Sekolah Kita","sumber_koordinat":"Kemendikdasmen - Sekolah Kita API full-detail","tanggal_pengambilan":"2026-09-30"},"geometry":{"type":"Point","coordinates":[120.3089,-4.1247]}},{"type":"Feature","properties":{"npsn":"40303287","nama_sekolah":"UPTD SDN 113 SORO","bentuk_pendidikan":"SD","status_sekolah":"NEGERI","akreditasi":"B","alamat_jalan":"Soro","nama_dusun":"Soro","rt":1.0,"rw":2.0,"kecamatan":"Kec. Takkalala","kabupaten":"Kab. Wajo","provinsi":"Prov. Sulawesi Selatan","kode_pos":"90981","latitude":-4.1991,"longitude":120.3144,"nomor_telepon":"082247885079","email":"erna113soro@gmail.com","website":"http://","daya_listrik":1300.0,"luas_tanah_milik":2940,"sumber_listrik":"PLN","akses_internet":"Seluler","akses_internet_2":"Dedicated","waktu_penyelenggaraan":"Pagi/5 hari","semester_id":"20261","semester_keterangan":"2026/2027 Gasal","sekolah_id":"908D48C3-0D26-E111-8E1F-255575B70D39","koordinat_valid":true,"validasi":"verified_official","sumber_data":"Kemendikdasmen - Sekolah Kita","sumber_koordinat":"Kemendikdasmen - Sekolah Kita API full-detail","tanggal_pengambilan":"2026-09-30"},"geometry":{"type":"Point","coordinates":[120.3144,-4.1991]}},{"type":"Feature","properties":{"npsn":"40303288","nama_sekolah":"UPTD SDN 114 AJURAJA","bentuk_pendidikan":"SD","status_sekolah":"NEGERI","akreditasi":"B","alamat_jalan":"Ajuraja","nama_dusun":"Ajuraja","rt":0.0,"rw":0.0,"kecamatan":"Kec. Takkalala","kabupaten":"Kab. Wajo","provinsi":"Prov. Sulawesi Selatan","kode_pos":"90981","latitude":-4.1911,"longitude":120.2871,"nomor_telepon":"082340634535","email":"sdnajuraja114@gmail.com","website":"http://","daya_listrik":900.0,"luas_tanah_milik":3690,"sumber_listrik":"PLN","akses_internet":"Wireless","akses_internet_2":"Shared","waktu_penyelenggaraan":"Pagi/5 hari","semester_id":"20261","semester_keterangan":"2026/2027 Gasal","sekolah_id":"A05884BC-0D26-E111-BC68-FD5E9AEF882C","koordinat_valid":true,"validasi":"verified_official","sumber_data":"Kemendikdasmen - Sekolah Kita","sumber_koordinat":"Kemendikdasmen - Sekolah Kita API full-detail","tanggal_pengambilan":"2026-09-30"},"geometry":{"type":"Point","coordinates":[120.2871,-4.1911]}},{"type":"Feature","properties":{"npsn":"40303289","nama_sekolah":"UPTD SDN 115 LEWENG","bentuk_pendidikan":"SD","status_sekolah":"NEGERI","akreditasi":"B","alamat_jalan":"Waeleppang","nama_dusun":"Waeleppang","rt":0.0,"rw":0.0,"kecamatan":"Kec. Takkalala","kabupaten":"Kab. Wajo","provinsi":"Prov. Sulawesi Selatan","kode_pos":"90981","latitude":-4.123,"longitude":120.2846,"nomor_telepon":"085399129468","email":"sdn115leweng@gmail.com","website":"http://","daya_listrik":900.0,"luas_tanah_milik":3726,"sumber_listrik":"PLN","akses_internet":"Wireless","akses_internet_2":"Shared","waktu_penyelenggaraan":"Pagi/5 hari","semester_id":"20261","semester_keterangan":"2026/2027 Gasal","sekolah_id":"70B348C3-0D26-E111-96E4-890A5CAA6393","koordinat_valid":true,"validasi":"verified_official","sumber_data":"Kemendikdasmen - Sekolah Kita","sumber_koordinat":"Kemendikdasmen - Sekolah Kita API full-detail","tanggal_pengambilan":"2026-09-30"},"geometry":{"type":"Point","coordinates":[120.2846,-4.123]}},{"type":"Feature","properties":{"npsn":"40303290","nama_sekolah":"UPTD SDN 116 PANTAI TIMUR","bentuk_pendidikan":"SD","status_sekolah":"NEGERI","akreditasi":"B","alamat_jalan":"Labata","nama_dusun":"LABATA","rt":2.0,"rw":2.0,"kecamatan":"Kec. Takkalala","kabupaten":"Kab. Wajo","provinsi":"Prov. Sulawesi Selatan","kode_pos":"90981","latitude":-4.1639,"longitude":120.3526,"nomor_telepon":"0","email":"sekolahlabata116@gmail.com","website":"http://","daya_listrik":900.0,"luas_tanah_milik":3440,"sumber_listrik":"PLN","akses_internet":"Wireless","akses_internet_2":"Broadband","waktu_penyelenggaraan":"Pagi/5 hari","semester_id":"20261","semester_keterangan":"2026/2027 Gasal","sekolah_id":"A08285BC-0D26-E111-AD8C-61A291708FEF","koordinat_valid":true,"validasi":"verified_official","sumber_data":"Kemendikdasmen - Sekolah Kita","sumber_koordinat":"Kemendikdasmen - Sekolah Kita API full-detail","tanggal_pengambilan":"2026-09-30"},"geometry":{"type":"Point","coordinates":[120.3526,-4.1639]}},{"type":"Feature","properties":{"npsn":"40303328","nama_sekolah":"UPTD SDN 121 ALUPPANG","bentuk_pendidikan":"SD","status_sekolah":"NEGERI","akreditasi":"B","alamat_jalan":"Aluppang","nama_dusun":"Aluppang","rt":0.0,"rw":0.0,"kecamatan":"Kec. Takkalala","kabupaten":"Kab. Wajo","provinsi":"Prov. Sulawesi Selatan","kode_pos":"90981","latitude":-4.1284,"longitude":120.2061,"nomor_telepon":null,"email":"sdn121aluppang@gmail.com","website":"http://","daya_listrik":900.0,"luas_tanah_milik":3000,"sumber_listrik":"PLN","akses_internet":"Seluler","akses_internet_2":"Broadband","waktu_penyelenggaraan":"Pagi/5 hari","semester_id":"20261","semester_keterangan":"2026/2027 Gasal","sekolah_id":"400949C3-0D26-E111-A390-959910C81DB1","koordinat_valid":true,"validasi":"verified_official","sumber_data":"Kemendikdasmen - Sekolah Kita","sumber_koordinat":"Kemendikdasmen - Sekolah Kita API full-detail","tanggal_pengambilan":"2026-09-30"},"geometry":{"type":"Point","coordinates":[120.2061,-4.1284]}},{"type":"Feature","properties":{"npsn":"40303341","nama_sekolah":"UPTD SDN 124 PARIGI","bentuk_pendidikan":"SD","status_sekolah":"NEGERI","akreditasi":"B","alamat_jalan":"Parigi Desa Parigi","nama_dusun":"Parigi","rt":0.0,"rw":0.0,"kecamatan":"Kec. Takkalala","kabupaten":"Kab. Wajo","provinsi":"Prov. Sulawesi Selatan","kode_pos":"90981","latitude":-4.1135,"longitude":120.2095,"nomor_telepon":"085397601522","email":"sdn124pari@yahoo.co.id","website":"http://","daya_listrik":900.0,"luas_tanah_milik":1086,"sumber_listrik":"PLN","akses_internet":"Seluler","akses_internet_2":"Broadband","waktu_penyelenggaraan":"Pagi/5 hari","semester_id":"20261","semester_keterangan":"2026/2027 Gasal","sekolah_id":"803649C3-0D26-E111-8757-B71957A63ADE","koordinat_valid":true,"validasi":"verified_official","sumber_data":"Kemendikdasmen - Sekolah Kita","sumber_koordinat":"Kemendikdasmen - Sekolah Kita API full-detail","tanggal_pengambilan":"2026-09-30"},"geometry":{"type":"Point","coordinates":[120.2095,-4.1135]}},{"type":"Feature","properties":{"npsn":"40303347","nama_sekolah":"UPTD SDN 129 BOCCO","bentuk_pendidikan":"SD","status_sekolah":"NEGERI","akreditasi":"B","alamat_jalan":"Poros Peneki Aluppang","nama_dusun":"BOCCO","rt":0.0,"rw":0.0,"kecamatan":"Kec. Takkalala","kabupaten":"Kab. Wajo","provinsi":"Prov. Sulawesi Selatan","kode_pos":"90981","latitude":-4.1445,"longitude":120.2502,"nomor_telepon":"081242075758","email":"sdn_129bocco@yahoo.com","website":"http://","daya_listrik":450.0,"luas_tanah_milik":0,"sumber_listrik":"PLN","akses_internet":"Seluler","akses_internet_2":"Broadband","waktu_penyelenggaraan":"Pagi/5 hari","semester_id":"20261","semester_keterangan":"2026/2027 Gasal","sekolah_id":"205D49C3-0D26-E111-BB87-71329EB9CC1C","koordinat_valid":true,"validasi":"verified_official","sumber_data":"Kemendikdasmen - Sekolah Kita","sumber_koordinat":"Kemendikdasmen - Sekolah Kita API full-detail","tanggal_pengambilan":"2026-09-30"},"geometry":{"type":"Point","coordinates":[120.2502,-4.1445]}},{"type":"Feature","properties":{"npsn":"40303532","nama_sekolah":"UPTD SDN 206 BOTTO","bentuk_pendidikan":"SD","status_sekolah":"NEGERI","akreditasi":"B","alamat_jalan":"Tosewo","nama_dusun":"Campi","rt":1.0,"rw":0.0,"kecamatan":"Kec. Takkalala","kabupaten":"Kab. Wajo","provinsi":"Prov. Sulawesi Selatan","kode_pos":"90981","latitude":-4.125,"longitude":120.309,"nomor_telepon":"082328770111","email":"sdn206botto@gmail.com","website":"http://","daya_listrik":900.0,"luas_tanah_milik":4702,"sumber_listrik":"PLN","akses_internet":"Seluler","akses_internet_2":"Broadband","waktu_penyelenggaraan":"Pagi/5 hari","semester_id":"20261","semester_keterangan":"2026/2027 Gasal","sekolah_id":"508249C3-0D26-E111-BA71-5113E692DF9C","koordinat_valid":true,"validasi":"verified_official","sumber_data":"Kemendikdasmen - Sekolah Kita","sumber_koordinat":"Kemendikdasmen - Sekolah Kita API full-detail","tanggal_pengambilan":"2026-09-30"},"geometry":{"type":"Point","coordinates":[120.309,-4.125]}},{"type":"Feature","properties":{"npsn":"40303446","nama_sekolah":"UPTD SDN 225 PENEKI","bentuk_pendidikan":"SD","status_sekolah":"NEGERI","akreditasi":"B","alamat_jalan":"Jl. H. A. Muh. Said No. 8 Peneki","nama_dusun":"Peneki","rt":0.0,"rw":0.0,"kecamatan":"Kec. Takkalala","kabupaten":"Kab. Wajo","provinsi":"Prov. Sulawesi Selatan","kode_pos":"90981","latitude":-4.1508,"longitude":120.2734,"nomor_telepon":"0","email":"sdn225peneki@gmail.com","website":"http://","daya_listrik":900.0,"luas_tanah_milik":4800,"sumber_listrik":"PLN","akses_internet":"Fibre Optic","akses_internet_2":"Broadband","waktu_penyelenggaraan":"Pagi/5 hari","semester_id":"20261","semester_keterangan":"2026/2027 Gasal","sekolah_id":"90A649C3-0D26-E111-82DC-9B370CFD00E2","koordinat_valid":true,"validasi":"verified_official","sumber_data":"Kemendikdasmen - Sekolah Kita","sumber_koordinat":"Kemendikdasmen - Sekolah Kita API full-detail","tanggal_pengambilan":"2026-09-30"},"geometry":{"type":"Point","coordinates":[120.2734,-4.1508]}},{"type":"Feature","properties":{"npsn":"40303447","nama_sekolah":"UPTD SDN 226 ALUPPANG","bentuk_pendidikan":"SD","status_sekolah":"NEGERI","akreditasi":"B","alamat_jalan":"Aluppang","nama_dusun":"ALUPPANG","rt":0.0,"rw":0.0,"kecamatan":"Kec. Takkalala","kabupaten":"Kab. Wajo","provinsi":"Prov. Sulawesi Selatan","kode_pos":"90981","latitude":-4.1266,"longitude":120.2064,"nomor_telepon":"085399129792","email":"yuyunghasan226@gmail.com","website":"http://","daya_listrik":900.0,"luas_tanah_milik":3500,"sumber_listrik":"PLN","akses_internet":"Seluler","akses_internet_2":"Broadband","waktu_penyelenggaraan":"Pagi/5 hari","semester_id":"20261","semester_keterangan":"2026/2027 Gasal","sekolah_id":"80E249C3-0D26-E111-AE29-BF77E22E181A","koordinat_valid":true,"validasi":"verified_official","sumber_data":"Kemendikdasmen - Sekolah Kita","sumber_koordinat":"Kemendikdasmen - Sekolah Kita API full-detail","tanggal_pengambilan":"2026-09-30"},"geometry":{"type":"Point","coordinates":[120.2064,-4.1266]}},{"type":"Feature","properties":{"npsn":"40303086","nama_sekolah":"UPTD SDN 298 SORO","bentuk_pendidikan":"SD","status_sekolah":"NEGERI","akreditasi":"B","alamat_jalan":"Jl. Pendidikan Apala Desa Soro","nama_dusun":"Apala","rt":1.0,"rw":2.0,"kecamatan":"Kec. Takkalala","kabupaten":"Kab. Wajo","provinsi":"Prov. Sulawesi Selatan","kode_pos":"90981","latitude":-4.198,"longitude":120.324,"nomor_telepon":"085299787541","email":"Syamsidar298@gmail.com","website":"http://sdn298soro","daya_listrik":900.0,"luas_tanah_milik":3600,"sumber_listrik":"PLN","akses_internet":"Seluler","akses_internet_2":"Broadband","waktu_penyelenggaraan":"Pagi/5 hari","semester_id":"20261","semester_keterangan":"2026/2027 Gasal","sekolah_id":"50B085BC-0D26-E111-8565-437E16BA7B4E","koordinat_valid":true,"validasi":"verified_official","sumber_data":"Kemendikdasmen - Sekolah Kita","sumber_koordinat":"Kemendikdasmen - Sekolah Kita API full-detail","tanggal_pengambilan":"2026-09-30"},"geometry":{"type":"Point","coordinates":[120.324,-4.198]}},{"type":"Feature","properties":{"npsn":"40303091","nama_sekolah":"UPTD SDN 302 MANYILI","bentuk_pendidikan":"SD","status_sekolah":"NEGERI","akreditasi":"B","alamat_jalan":"Manyili","nama_dusun":"Wekkae","rt":0.0,"rw":0.0,"kecamatan":"Kec. Takkalala","kabupaten":"Kab. Wajo","provinsi":"Prov. Sulawesi Selatan","kode_pos":"90981","latitude":-4.1811,"longitude":120.2843,"nomor_telepon":"082393640904","email":"sdn302manyili@yahoo.co.id","website":"http://","daya_listrik":450.0,"luas_tanah_milik":2880,"sumber_listrik":"PLN","akses_internet":"Seluler","akses_internet_2":"Broadband","waktu_penyelenggaraan":"Pagi/6 hari","semester_id":"20261","semester_keterangan":"2026/2027 Gasal","sekolah_id":"B04D4AC3-0D26-E111-9E8E-57035BAC95F1","koordinat_valid":true,"validasi":"verified_official","sumber_data":"Kemendikdasmen - Sekolah Kita","sumber_koordinat":"Kemendikdasmen - Sekolah Kita API full-detail","tanggal_pengambilan":"2026-09-30"},"geometry":{"type":"Point","coordinates":[120.2843,-4.1811]}},{"type":"Feature","properties":{"npsn":"40303092","nama_sekolah":"UPTD SDN 303 PARIGI","bentuk_pendidikan":"SD","status_sekolah":"NEGERI","akreditasi":"B","alamat_jalan":"Lamakkojo","nama_dusun":"Lamakkojo","rt":0.0,"rw":0.0,"kecamatan":"Kec. Takkalala","kabupaten":"Kab. Wajo","provinsi":"Prov. Sulawesi Selatan","kode_pos":"90981","latitude":-4.0848,"longitude":120.2046,"nomor_telepon":"081342674815","email":"sdn303_parigi@gmail.com","website":"http://","daya_listrik":900.0,"luas_tanah_milik":1750,"sumber_listrik":"PLN","akses_internet":"Wireless","akses_internet_2":"Broadband","waktu_penyelenggaraan":"Pagi/5 hari","semester_id":"20261","semester_keterangan":"2026/2027 Gasal","sekolah_id":"40764AC3-0D26-E111-ADCA-6105B6969C50","koordinat_valid":true,"validasi":"verified_official","sumber_data":"Kemendikdasmen - Sekolah Kita","sumber_koordinat":"Kemendikdasmen - Sekolah Kita API full-detail","tanggal_pengambilan":"2026-09-30"},"geometry":{"type":"Point","coordinates":[120.2046,-4.0848]}},{"type":"Feature","properties":{"npsn":"40303033","nama_sekolah":"UPTD SDN 340 PANTAI TIMUR","bentuk_pendidikan":"SD","status_sekolah":"NEGERI","akreditasi":"B","alamat_jalan":"Lakamporo","nama_dusun":"Lakamporo","rt":2.0,"rw":1.0,"kecamatan":"Kec. Takkalala","kabupaten":"Kab. Wajo","provinsi":"Prov. Sulawesi Selatan","kode_pos":"90981","latitude":-4.1784,"longitude":120.3661,"nomor_telepon":"082347330733","email":"habibi.9999@yahoo.com","website":"http://","daya_listrik":900.0,"luas_tanah_milik":2550,"sumber_listrik":"PLN","akses_internet":"Seluler","akses_internet_2":"Broadband","waktu_penyelenggaraan":"Pagi/5 hari","semester_id":"20261","semester_keterangan":"2026/2027 Gasal","sekolah_id":"50994AC3-0D26-E111-89D6-AD7A894E3FCC","koordinat_valid":true,"validasi":"verified_official","sumber_data":"Kemendikdasmen - Sekolah Kita","sumber_koordinat":"Kemendikdasmen - Sekolah Kita API full-detail","tanggal_pengambilan":"2026-09-30"},"geometry":{"type":"Point","coordinates":[120.3661,-4.1784]}},{"type":"Feature","properties":{"npsn":"40303036","nama_sekolah":"UPTD SDN 343 BOCCO","bentuk_pendidikan":"SD","status_sekolah":"NEGERI","akreditasi":"B","alamat_jalan":"Bocco","nama_dusun":"bocco","rt":0.0,"rw":0.0,"kecamatan":"Kec. Takkalala","kabupaten":"Kab. Wajo","provinsi":"Prov. Sulawesi Selatan","kode_pos":"90981","latitude":-4.138,"longitude":120.2418,"nomor_telepon":"085242120849","email":"sdn.343bocco@gmal.com","website":"http://","daya_listrik":900.0,"luas_tanah_milik":55930,"sumber_listrik":"PLN","akses_internet":"Seluler","akses_internet_2":"Broadband","waktu_penyelenggaraan":"Pagi/5 hari","semester_id":"20261","semester_keterangan":"2026/2027 Gasal","sekolah_id":"00BC4AC3-0D26-E111-8C3A-D9430B7B8B80","koordinat_valid":true,"validasi":"verified_official","sumber_data":"Kemendikdasmen - Sekolah Kita","sumber_koordinat":"Kemendikdasmen - Sekolah Kita API full-detail","tanggal_pengambilan":"2026-09-30"},"geometry":{"type":"Point","coordinates":[120.2418,-4.138]}},{"type":"Feature","properties":{"npsn":"40303038","nama_sekolah":"UPTD SDN 345 LAMARUA","bentuk_pendidikan":"SD","status_sekolah":"NEGERI","akreditasi":"B","alamat_jalan":"Jl. Poros Peneki-Doping Kec.Takkalalla","nama_dusun":"LAMARUA","rt":0.0,"rw":0.0,"kecamatan":"Kec. Takkalala","kabupaten":"Kab. Wajo","provinsi":"Prov. Sulawesi Selatan","kode_pos":"90981","latitude":-4.1134,"longitude":120.2886,"nomor_telepon":"085145334212","email":"sdntigaempatlimalamarua.wajo@yahoo.co.id","website":"http://","daya_listrik":1300.0,"luas_tanah_milik":676,"sumber_listrik":"PLN","akses_internet":"Seluler","akses_internet_2":"Broadband","waktu_penyelenggaraan":"Pagi/5 hari","semester_id":"20261","semester_keterangan":"2026/2027 Gasal","sekolah_id":"30AB87BC-0D26-E111-B75C-332DB178960B","koordinat_valid":true,"validasi":"verified_official","sumber_data":"Kemendikdasmen - Sekolah Kita","sumber_koordinat":"Kemendikdasmen - Sekolah Kita API full-detail","tanggal_pengambilan":"2026-09-30"},"geometry":{"type":"Point","coordinates":[120.2886,-4.1134]}},{"type":"Feature","properties":{"npsn":"40303025","nama_sekolah":"UPTD SDN 364 CEPPAGA","bentuk_pendidikan":"SD","status_sekolah":"NEGERI","akreditasi":"B","alamat_jalan":"Ceppaga","nama_dusun":"CEPPAGA","rt":0.0,"rw":0.0,"kecamatan":"Kec. Takkalala","kabupaten":"Kab. Wajo","provinsi":"Prov. Sulawesi Selatan","kode_pos":"90981","latitude":-4.1298,"longitude":120.2294,"nomor_telepon":"081343852765","email":"tigaenamempatceppaga@yahoo.co.id","website":"http://","daya_listrik":2200.0,"luas_tanah_milik":10000,"sumber_listrik":"PLN","akses_internet":"Seluler","akses_internet_2":"Broadband","waktu_penyelenggaraan":"Pagi/5 hari","semester_id":"20261","semester_keterangan":"2026/2027 Gasal","sekolah_id":"40DF4AC3-0D26-E111-BA81-4F8141F4BFDF","koordinat_valid":true,"validasi":"verified_official","sumber_data":"Kemendikdasmen - Sekolah Kita","sumber_koordinat":"Kemendikdasmen - Sekolah Kita API full-detail","tanggal_pengambilan":"2026-09-30"},"geometry":{"type":"Point","coordinates":[120.2294,-4.1298]}},{"type":"Feature","properties":{"npsn":"40303026","nama_sekolah":"UPTD SDN 365 AJURAJA","bentuk_pendidikan":"SD","status_sekolah":"NEGERI","akreditasi":"B","alamat_jalan":"Adingnge","nama_dusun":"Adingnge","rt":0.0,"rw":0.0,"kecamatan":"Kec. Takkalala","kabupaten":"Kab. Wajo","provinsi":"Prov. Sulawesi Selatan","kode_pos":"90981","latitude":-4.1511,"longitude":120.3117,"nomor_telepon":"0","email":"sdn_365_ajuraja@yahoo.com","website":null,"daya_listrik":900.0,"luas_tanah_milik":2494,"sumber_listrik":"PLN","akses_internet":"Seluler","akses_internet_2":"Broadband","waktu_penyelenggaraan":"Pagi/5 hari","semester_id":"20261","semester_keterangan":"2026/2027 Gasal","sekolah_id":"50024BC3-0D26-E111-A5CA-21CFCC38A72A","koordinat_valid":true,"validasi":"verified_official","sumber_data":"Kemendikdasmen - Sekolah Kita","sumber_koordinat":"Kemendikdasmen - Sekolah Kita API full-detail","tanggal_pengambilan":"2026-09-30"},"geometry":{"type":"Point","coordinates":[120.3117,-4.1511]}},{"type":"Feature","properties":{"npsn":"40303076","nama_sekolah":"UPTD SDN 385 SORO","bentuk_pendidikan":"SD","status_sekolah":"NEGERI","akreditasi":"B","alamat_jalan":"JL.HALIDE","nama_dusun":"Lappobatu","rt":1.0,"rw":2.0,"kecamatan":"Kec. Takkalala","kabupaten":"Kab. Wajo","provinsi":"Prov. Sulawesi Selatan","kode_pos":"90981","latitude":-4.199,"longitude":120.3143,"nomor_telepon":"085343887840","email":null,"website":"http://","daya_listrik":450.0,"luas_tanah_milik":3600,"sumber_listrik":"PLN","akses_internet":"Seluler","akses_internet_2":"Broadband","waktu_penyelenggaraan":"Pagi/5 hari","semester_id":"20261","semester_keterangan":"2026/2027 Gasal","sekolah_id":"00264BC3-0D26-E111-8DA9-75F060219AD6","koordinat_valid":true,"validasi":"verified_official","sumber_data":"Kemendikdasmen - Sekolah Kita","sumber_koordinat":"Kemendikdasmen - Sekolah Kita API full-detail","tanggal_pengambilan":"2026-09-30"},"geometry":{"type":"Point","coordinates":[120.3143,-4.199]}},{"type":"Feature","properties":{"npsn":"40303416","nama_sekolah":"SD AS ADIYAH 4 BARU IMPA-IMPA","bentuk_pendidikan":"SD","status_sekolah":"SWASTA","akreditasi":"B","alamat_jalan":"Baru Impa-Impa","nama_dusun":"Baru Impa-Impa","rt":0.0,"rw":0.0,"kecamatan":"Kec. Tanasitolo","kabupaten":"Kab. Wajo","provinsi":"Prov. Sulawesi Selatan","kode_pos":"90951","latitude":-4.0904,"longitude":120.0242,"nomor_telepon":null,"email":"sda4nepo@gmail.com","website":"http://","daya_listrik":900.0,"luas_tanah_milik":567,"sumber_listrik":"PLN","akses_internet":"Wireless","akses_internet_2":"Shared","waktu_penyelenggaraan":"Pagi/5 hari","semester_id":"20261","semester_keterangan":"2026/2027 Gasal","sekolah_id":"C0DBE5BE-0D26-E111-86A5-7F08F4805148","koordinat_valid":true,"validasi":"verified_official","sumber_data":"Kemendikdasmen - Sekolah Kita","sumber_koordinat":"Kemendikdasmen - Sekolah Kita API full-detail","tanggal_pengambilan":"2026-09-30"},"geometry":{"type":"Point","coordinates":[120.0242,-4.0904]}},{"type":"Feature","properties":{"npsn":"40303527","nama_sekolah":"UPTD SDN 201 WEWANGREWU","bentuk_pendidikan":"SD","status_sekolah":"NEGERI","akreditasi":"B","alamat_jalan":"Piampo","nama_dusun":"Piampo","rt":0.0,"rw":0.0,"kecamatan":"Kec. Tanasitolo","kabupaten":"Kab. Wajo","provinsi":"Prov. Sulawesi Selatan","kode_pos":"90951","latitude":-4.0538,"longitude":120.089,"nomor_telepon":"085394092668","email":"sdn201wewangrewu@gmail.com","website":null,"daya_listrik":1300.0,"luas_tanah_milik":6225,"sumber_listrik":"PLN","akses_internet":"Vsat","akses_internet_2":"Broadband","waktu_penyelenggaraan":"Pagi/5 hari","semester_id":"20261","semester_keterangan":"2026/2027 Gasal","sekolah_id":"40CF97BC-0D26-E111-9985-39D1485368E6","koordinat_valid":true,"validasi":"verified_official","sumber_data":"Kemendikdasmen - Sekolah Kita","sumber_koordinat":"Kemendikdasmen - Sekolah Kita API full-detail","tanggal_pengambilan":"2026-09-30"},"geometry":{"type":"Point","coordinates":[120.089,-4.0538]}},{"type":"Feature","properties":{"npsn":"40303418","nama_sekolah":"UPTD SDN 214 BARU TANCUNG","bentuk_pendidikan":"SD","status_sekolah":"NEGERI","akreditasi":"A","alamat_jalan":"Baru Tancung","nama_dusun":"Baru Tancung","rt":0.0,"rw":0.0,"kecamatan":"Kec. Tanasitolo","kabupaten":"Kab. Wajo","provinsi":"Prov. Sulawesi Selatan","kode_pos":"90951","latitude":-4.0572,"longitude":120.0275,"nomor_telepon":null,"email":"sdn214barutancung@gmail.com","website":"http://","daya_listrik":2200.0,"luas_tanah_milik":10000,"sumber_listrik":"PLN","akses_internet":"Wireless","akses_internet_2":"Broadband","waktu_penyelenggaraan":"Pagi/5 hari","semester_id":"20261","semester_keterangan":"2026/2027 Gasal","sekolah_id":"C0FC97BC-0D26-E111-9BBE-37402E212446","koordinat_valid":true,"validasi":"verified_official","sumber_data":"Kemendikdasmen - Sekolah Kita","sumber_koordinat":"Kemendikdasmen - Sekolah Kita API full-detail","tanggal_pengambilan":"2026-09-30"},"geometry":{"type":"Point","coordinates":[120.0275,-4.0572]}},{"type":"Feature","properties":{"npsn":"40303435","nama_sekolah":"UPTD SDN 215 TONRALIPUE","bentuk_pendidikan":"SD","status_sekolah":"NEGERI","akreditasi":"B","alamat_jalan":"Lajokka","nama_dusun":"Lajokka","rt":1.0,"rw":1.0,"kecamatan":"Kec. Tanasitolo","kabupaten":"Kab. Wajo","provinsi":"Prov. Sulawesi Selatan","kode_pos":"90951","latitude":-4.0131,"longitude":120.0433,"nomor_telepon":"085342935657","email":"sdn215tonralipue@gmail.com","website":"http://","daya_listrik":450.0,"luas_tanah_milik":3410,"sumber_listrik":"PLN","akses_internet":"Wireless","akses_internet_2":"Shared","waktu_penyelenggaraan":"Pagi/5 hari","semester_id":"20261","semester_keterangan":"2026/2027 Gasal","sekolah_id":"F02B98BC-0D26-E111-9771-6D9EAE9FD48B","koordinat_valid":true,"validasi":"verified_official","sumber_data":"Kemendikdasmen - Sekolah Kita","sumber_koordinat":"Kemendikdasmen - Sekolah Kita API full-detail","tanggal_pengambilan":"2026-09-30"},"geometry":{"type":"Point","coordinates":[120.0433,-4.0131]}},{"type":"Feature","properties":{"npsn":"40303434","nama_sekolah":"UPTD SDN 23 ASSORAJANG","bentuk_pendidikan":"SD","status_sekolah":"NEGERI","akreditasi":"A","alamat_jalan":"Jl. A. Malingkaan Empagae","nama_dusun":"Empagae","rt":0.0,"rw":0.0,"kecamatan":"Kec. Tanasitolo","kabupaten":"Kab. Wajo","provinsi":"Prov. Sulawesi Selatan","kode_pos":"90951","latitude":-4.1039,"longitude":120.024,"nomor_telepon":"085299554030","email":"sdn23assorajang@gmail.com","website":"http://","daya_listrik":2200.0,"luas_tanah_milik":1650,"sumber_listrik":"PLN","akses_internet":"Wireless","akses_internet_2":"Shared","waktu_penyelenggaraan":"Pagi/5 hari","semester_id":"20261","semester_keterangan":"2026/2027 Gasal","sekolah_id":"107895BC-0D26-E111-808E-3FC127B4220F","koordinat_valid":true,"validasi":"verified_official","sumber_data":"Kemendikdasmen - Sekolah Kita","sumber_koordinat":"Kemendikdasmen - Sekolah Kita API full-detail","tanggal_pengambilan":"2026-09-30"},"geometry":{"type":"Point","coordinates":[120.024,-4.1039]}},{"type":"Feature","properties":{"npsn":"40303425","nama_sekolah":"UPTD SDN 237 UJUNGE","bentuk_pendidikan":"SD","status_sekolah":"NEGERI","akreditasi":"A","alamat_jalan":"Ujunge","nama_dusun":"Ujunge","rt":0.0,"rw":0.0,"kecamatan":"Kec. Tanasitolo","kabupaten":"Kab. Wajo","provinsi":"Prov. Sulawesi Selatan","kode_pos":"90951","latitude":-4.0785,"longitude":120.0228,"nomor_telepon":"0","email":"sdnujunge@yahoo.com","website":"http://","daya_listrik":2200.0,"luas_tanah_milik":3975,"sumber_listrik":"PLN","akses_internet":"Wireless","akses_internet_2":"Broadband","waktu_penyelenggaraan":"Pagi/5 hari","semester_id":"20261","semester_keterangan":"2026/2027 Gasal","sekolah_id":"F05798BC-0D26-E111-B05F-4199586519EC","koordinat_valid":true,"validasi":"verified_official","sumber_data":"Kemendikdasmen - Sekolah Kita","sumber_koordinat":"Kemendikdasmen - Sekolah Kita API full-detail","tanggal_pengambilan":"2026-09-30"},"geometry":{"type":"Point","coordinates":[120.0228,-4.0785]}},{"type":"Feature","properties":{"npsn":"40303428","nama_sekolah":"UPTD SDN 24 PAKKANNA","bentuk_pendidikan":"SD","status_sekolah":"NEGERI","akreditasi":"A","alamat_jalan":"Jl. Andi Baso No. 1 Impa Impa","nama_dusun":"Tanete","rt":0.0,"rw":0.0,"kecamatan":"Kec. Tanasitolo","kabupaten":"Kab. Wajo","provinsi":"Prov. Sulawesi Selatan","kode_pos":"90951","latitude":-4.0939,"longitude":120.0256,"nomor_telepon":"0485324063","email":"sdn24pakkanna.wajo@gmail.com","website":null,"daya_listrik":450.0,"luas_tanah_milik":1750,"sumber_listrik":"PLN","akses_internet":"Wireless","akses_internet_2":"Shared","waktu_penyelenggaraan":"Pagi/5 hari","semester_id":"20261","semester_keterangan":"2026/2027 Gasal","sekolah_id":"209C95BC-0D26-E111-9A2E-0FED6B85D89A","koordinat_valid":true,"validasi":"verified_official","sumber_data":"Kemendikdasmen - Sekolah Kita","sumber_koordinat":"Kemendikdasmen - Sekolah Kita API full-detail","tanggal_pengambilan":"2026-09-30"},"geometry":{"type":"Point","coordinates":[120.0256,-4.0939]}},{"type":"Feature","properties":{"npsn":"40303482","nama_sekolah":"UPTD SDN 25 NEPO","bentuk_pendidikan":"SD","status_sekolah":"NEGERI","akreditasi":"B","alamat_jalan":"Baru Impa-impa","nama_dusun":null,"rt":0.0,"rw":0.0,"kecamatan":"Kec. Tanasitolo","kabupaten":"Kab. Wajo","provinsi":"Prov. Sulawesi Selatan","kode_pos":"90951","latitude":-4.0874,"longitude":120.0242,"nomor_telepon":"0","email":"sddualimanepo@yahoo.com","website":"http://","daya_listrik":2200.0,"luas_tanah_milik":1980,"sumber_listrik":"PLN","akses_internet":"Fibre Optic","akses_internet_2":"Dedicated","waktu_penyelenggaraan":"Sehari Penuh/5 hari","semester_id":"20261","semester_keterangan":"2026/2027 Gasal","sekolah_id":"E0C895BC-0D26-E111-B525-0F80796EABCE","koordinat_valid":true,"validasi":"verified_official","sumber_data":"Kemendikdasmen - Sekolah Kita","sumber_koordinat":"Kemendikdasmen - Sekolah Kita API full-detail","tanggal_pengambilan":"2026-09-30"},"geometry":{"type":"Point","coordinates":[120.0242,-4.0874]}},{"type":"Feature","properties":{"npsn":"40303476","nama_sekolah":"UPTD SDN 26 PAJALELE","bentuk_pendidikan":"SD","status_sekolah":"NEGERI","akreditasi":"B","alamat_jalan":"Jl. A. Pawellangi Pajalele","nama_dusun":"Pandang Loloe","rt":1.0,"rw":1.0,"kecamatan":"Kec. Tanasitolo","kabupaten":"Kab. Wajo","provinsi":"Prov. Sulawesi Selatan","kode_pos":"90951","latitude":-4.0838,"longitude":120.023,"nomor_telepon":"085246502550","email":"sdnpajalele26@gmail.com","website":"http://","daya_listrik":900.0,"luas_tanah_milik":1752,"sumber_listrik":"PLN","akses_internet":"Wireless","akses_internet_2":"Shared","waktu_penyelenggaraan":"Sehari Penuh/5 hari","semester_id":"20261","semester_keterangan":"2026/2027 Gasal","sekolah_id":"00F595BC-0D26-E111-A404-5DB6F9FAC8A9","koordinat_valid":true,"validasi":"verified_official","sumber_data":"Kemendikdasmen - Sekolah Kita","sumber_koordinat":"Kemendikdasmen - Sekolah Kita API full-detail","tanggal_pengambilan":"2026-09-30"},"geometry":{"type":"Point","coordinates":[120.023,-4.0838]}},{"type":"Feature","properties":{"npsn":"40303467","nama_sekolah":"UPTD SDN 265 ASSORAJANG","bentuk_pendidikan":"SD","status_sekolah":"NEGERI","akreditasi":"A","alamat_jalan":"Empagae","nama_dusun":"Empagae","rt":0.0,"rw":0.0,"kecamatan":"Kec. Tanasitolo","kabupaten":"Kab. Wajo","provinsi":"Prov. Sulawesi Selatan","kode_pos":"90951","latitude":-4.1009,"longitude":120.024,"nomor_telepon":null,"email":"sdn265assorajang@yahoo.co.id","website":"http://","daya_listrik":2200.0,"luas_tanah_milik":180,"sumber_listrik":"PLN","akses_internet":"Fibre Optic","akses_internet_2":"Shared","waktu_penyelenggaraan":"Pagi/5 hari","semester_id":"20261","semester_keterangan":"2026/2027 Gasal","sekolah_id":"807D98BC-0D26-E111-96E7-F73E90D26CDF","koordinat_valid":true,"validasi":"verified_official","sumber_data":"Kemendikdasmen - Sekolah Kita","sumber_koordinat":"Kemendikdasmen - Sekolah Kita API full-detail","tanggal_pengambilan":"2026-09-30"},"geometry":{"type":"Point","coordinates":[120.024,-4.1009]}},{"type":"Feature","properties":{"npsn":"40303468","nama_sekolah":"UPTD SDN 266 PAKKANNA","bentuk_pendidikan":"SD","status_sekolah":"NEGERI","akreditasi":"A","alamat_jalan":"Impa-impa","nama_dusun":"Impa-impa","rt":0.0,"rw":0.0,"kecamatan":"Kec. Tanasitolo","kabupaten":"Kab. Wajo","provinsi":"Prov. Sulawesi Selatan","kode_pos":"90951","latitude":-4.0937,"longitude":120.0252,"nomor_telepon":"0","email":"sdn266pakkanna@gmail.com","website":"http://http:sdn266pakkanna.com","daya_listrik":1300.0,"luas_tanah_milik":1750,"sumber_listrik":"PLN","akses_internet":"Fibre Optic","akses_internet_2":"Shared","waktu_penyelenggaraan":"Sehari Penuh/5 hari","semester_id":"20261","semester_keterangan":"2026/2027 Gasal","sekolah_id":"E0A198BC-0D26-E111-A339-0BC15752575E","koordinat_valid":true,"validasi":"verified_official","sumber_data":"Kemendikdasmen - Sekolah Kita","sumber_koordinat":"Kemendikdasmen - Sekolah Kita API full-detail","tanggal_pengambilan":"2026-09-30"},"geometry":{"type":"Point","coordinates":[120.0252,-4.0937]}},{"type":"Feature","properties":{"npsn":"40303469","nama_sekolah":"UPTD SDN 267 PINCENGPUTE","bentuk_pendidikan":"SD","status_sekolah":"NEGERI","akreditasi":"B","alamat_jalan":"Jl. A. Pawellangi Bontouse","nama_dusun":"Abbolongeng","rt":0.0,"rw":0.0,"kecamatan":"Kec. Tanasitolo","kabupaten":"Kab. Wajo","provinsi":"Prov. Sulawesi Selatan","kode_pos":"90951","latitude":-4.0489,"longitude":120.0303,"nomor_telepon":"081355282749","email":"sdn267pincengpute@yahoo.co.id","website":"http://","daya_listrik":450.0,"luas_tanah_milik":3258,"sumber_listrik":"PLN","akses_internet":"Fibre Optic","akses_internet_2":"Dedicated","waktu_penyelenggaraan":"Pagi/5 hari","semester_id":"20261","semester_keterangan":"2026/2027 Gasal","sekolah_id":"90CC98BC-0D26-E111-A875-51B2E4FC4F3D","koordinat_valid":true,"validasi":"verified_official","sumber_data":"Kemendikdasmen - Sekolah Kita","sumber_koordinat":"Kemendikdasmen - Sekolah Kita API full-detail","tanggal_pengambilan":"2026-09-30"},"geometry":{"type":"Point","coordinates":[120.0303,-4.0489]}},{"type":"Feature","properties":{"npsn":"40303470","nama_sekolah":"UPTD SDN 268 MAPPADAELO","bentuk_pendidikan":"SD","status_sekolah":"NEGERI","akreditasi":"B","alamat_jalan":"Labuangpatu","nama_dusun":"Labuangpatu","rt":0.0,"rw":0.0,"kecamatan":"Kec. Tanasitolo","kabupaten":"Kab. Wajo","provinsi":"Prov. Sulawesi Selatan","kode_pos":"90951","latitude":-4.0309,"longitude":120.0368,"nomor_telepon":null,"email":"sdnegeri268mappadaelo@gmail.com","website":"http://","daya_listrik":1300.0,"luas_tanah_milik":2970,"sumber_listrik":"PLN","akses_internet":"Seluler","akses_internet_2":"Broadband","waktu_penyelenggaraan":"Sehari Penuh/5 hari","semester_id":"20261","semester_keterangan":"2026/2027 Gasal","sekolah_id":"80F998BC-0D26-E111-ABA7-4F4DFB232561","koordinat_valid":true,"validasi":"verified_official","sumber_data":"Kemendikdasmen - Sekolah Kita","sumber_koordinat":"Kemendikdasmen - Sekolah Kita API full-detail","tanggal_pengambilan":"2026-09-30"},"geometry":{"type":"Point","coordinates":[120.0368,-4.0309]}},{"type":"Feature","properties":{"npsn":"40303471","nama_sekolah":"UPTD SDN 269 MANNAGAE","bentuk_pendidikan":"SD","status_sekolah":"NEGERI","akreditasi":"B","alamat_jalan":"Lajokka","nama_dusun":"Awata","rt":0.0,"rw":0.0,"kecamatan":"Kec. Tanasitolo","kabupaten":"Kab. Wajo","provinsi":"Prov. Sulawesi Selatan","kode_pos":"90951","latitude":-4.0206,"longitude":120.0398,"nomor_telepon":"085255605420","email":"uptdsdn269mannagae@gmail.com","website":"http://","daya_listrik":1300.0,"luas_tanah_milik":5580,"sumber_listrik":"PLN","akses_internet":"Wireless","akses_internet_2":"Shared","waktu_penyelenggaraan":"Pagi/5 hari","semester_id":"20261","semester_keterangan":"2026/2027 Gasal","sekolah_id":"E02099BC-0D26-E111-8819-71AA78824329","koordinat_valid":true,"validasi":"verified_official","sumber_data":"Kemendikdasmen - Sekolah Kita","sumber_koordinat":"Kemendikdasmen - Sekolah Kita API full-detail","tanggal_pengambilan":"2026-09-30"},"geometry":{"type":"Point","coordinates":[120.0398,-4.0206]}},{"type":"Feature","properties":{"npsn":"40303472","nama_sekolah":"UPTD SDN 27 BARU TANCUNG","bentuk_pendidikan":"SD","status_sekolah":"NEGERI","akreditasi":"B","alamat_jalan":"Baru Tancung","nama_dusun":"Baru Tancung","rt":0.0,"rw":0.0,"kecamatan":"Kec. Tanasitolo","kabupaten":"Kab. Wajo","provinsi":"Prov. Sulawesi Selatan","kode_pos":"90951","latitude":-4.0537,"longitude":120.0273,"nomor_telepon":"085399059254","email":"sdn27barutancung@yahoo.com","website":"http://","daya_listrik":2200.0,"luas_tanah_milik":2082,"sumber_listrik":"PLN","akses_internet":"Seluler","akses_internet_2":"Broadband","waktu_penyelenggaraan":"Pagi/5 hari","semester_id":"20261","semester_keterangan":"2026/2027 Gasal","sekolah_id":"002596BC-0D26-E111-896A-AF029C708796","koordinat_valid":true,"validasi":"verified_official","sumber_data":"Kemendikdasmen - Sekolah Kita","sumber_koordinat":"Kemendikdasmen - Sekolah Kita API full-detail","tanggal_pengambilan":"2026-09-30"},"geometry":{"type":"Point","coordinates":[120.0273,-4.0537]}},{"type":"Feature","properties":{"npsn":"40303474","nama_sekolah":"UPTD SDN 271 MARIO","bentuk_pendidikan":"SD","status_sekolah":"NEGERI","akreditasi":"B","alamat_jalan":"Jl. Poros Sengkang- Atapange Desa Mario Kec. Tanasitolo Kab. Wajo","nama_dusun":"Mario","rt":0.0,"rw":0.0,"kecamatan":"Kec. Tanasitolo","kabupaten":"Kab. Wajo","provinsi":"Prov. Sulawesi Selatan","kode_pos":"90951","latitude":-4.0805,"longitude":120.0606,"nomor_telepon":"082194661718","email":"sdn271mario.wil@gmail.com","website":"http://sdn271mario.mysch.id","daya_listrik":1300.0,"luas_tanah_milik":3667,"sumber_listrik":"PLN","akses_internet":"Wireless","akses_internet_2":"Broadband","waktu_penyelenggaraan":"Pagi/5 hari","semester_id":"20261","semester_keterangan":"2026/2027 Gasal","sekolah_id":"10A699BC-0D26-E111-BDFD-5D1730FE165F","koordinat_valid":true,"validasi":"verified_official","sumber_data":"Kemendikdasmen - Sekolah Kita","sumber_koordinat":"Kemendikdasmen - Sekolah Kita API full-detail","tanggal_pengambilan":"2026-09-30"},"geometry":{"type":"Point","coordinates":[120.0606,-4.0805]}},{"type":"Feature","properties":{"npsn":"40303101","nama_sekolah":"UPTD SDN 28 PINCENGPUTE","bentuk_pendidikan":"SD","status_sekolah":"NEGERI","akreditasi":"B","alamat_jalan":"Bontouse","nama_dusun":"Abbolongeng","rt":0.0,"rw":0.0,"kecamatan":"Kec. Tanasitolo","kabupaten":"Kab. Wajo","provinsi":"Prov. Sulawesi Selatan","kode_pos":"90951","latitude":-4.0494,"longitude":120.0303,"nomor_telepon":"085293029111","email":"sdn28pincengpute@gmail.com","website":"http://","daya_listrik":900.0,"luas_tanah_milik":3258,"sumber_listrik":"PLN","akses_internet":"Fibre Optic","akses_internet_2":"Broadband","waktu_penyelenggaraan":"Pagi/5 hari","semester_id":"20261","semester_keterangan":"2026/2027 Gasal","sekolah_id":"D05296BC-0D26-E111-8D4A-5BDBB3D3F6E2","koordinat_valid":true,"validasi":"verified_official","sumber_data":"Kemendikdasmen - Sekolah Kita","sumber_koordinat":"Kemendikdasmen - Sekolah Kita API full-detail","tanggal_pengambilan":"2026-09-30"},"geometry":{"type":"Point","coordinates":[120.0303,-4.0494]}},{"type":"Feature","properties":{"npsn":"40303110","nama_sekolah":"UPTD SDN 29 TANCUNG","bentuk_pendidikan":"SD","status_sekolah":"NEGERI","akreditasi":"B","alamat_jalan":"Cenranae","nama_dusun":"Cenranae","rt":0.0,"rw":0.0,"kecamatan":"Kec. Tanasitolo","kabupaten":"Kab. Wajo","provinsi":"Prov. Sulawesi Selatan","kode_pos":"90951","latitude":-4.0904,"longitude":120.0558,"nomor_telepon":null,"email":"sdn29tancung@gmail.com","website":"http://","daya_listrik":900.0,"luas_tanah_milik":6131,"sumber_listrik":"PLN","akses_internet":"Seluler","akses_internet_2":"Shared","waktu_penyelenggaraan":"Pagi/5 hari","semester_id":"20261","semester_keterangan":"2026/2027 Gasal","sekolah_id":"808196BC-0D26-E111-B9E7-05464D70B600","koordinat_valid":true,"validasi":"verified_official","sumber_data":"Kemendikdasmen - Sekolah Kita","sumber_koordinat":"Kemendikdasmen - Sekolah Kita API full-detail","tanggal_pengambilan":"2026-09-30"},"geometry":{"type":"Point","coordinates":[120.0558,-4.0904]}},{"type":"Feature","properties":{"npsn":"40303089","nama_sekolah":"UPTD SDN 30 MAPPADAELO","bentuk_pendidikan":"SD","status_sekolah":"NEGERI","akreditasi":"B","alamat_jalan":"Labuangpatu","nama_dusun":"Labuangpatu","rt":0.0,"rw":0.0,"kecamatan":"Kec. Tanasitolo","kabupaten":"Kab. Wajo","provinsi":"Prov. Sulawesi Selatan","kode_pos":"90951","latitude":-4.0308,"longitude":120.0363,"nomor_telepon":"085241468333","email":"sdn.30mappadaelo@gmail.com","website":"http://","daya_listrik":900.0,"luas_tanah_milik":1047,"sumber_listrik":"PLN","akses_internet":"Fibre Optic","akses_internet_2":"Shared","waktu_penyelenggaraan":"Pagi/5 hari","semester_id":"20261","semester_keterangan":"2026/2027 Gasal","sekolah_id":"80AA96BC-0D26-E111-BFE0-8740DD22115B","koordinat_valid":true,"validasi":"verified_official","sumber_data":"Kemendikdasmen - Sekolah Kita","sumber_koordinat":"Kemendikdasmen - Sekolah Kita API full-detail","tanggal_pengambilan":"2026-09-30"},"geometry":{"type":"Point","coordinates":[120.0363,-4.0308]}},{"type":"Feature","properties":{"npsn":"40303133","nama_sekolah":"UPTD SDN 31 INALIPUE","bentuk_pendidikan":"SD","status_sekolah":"NEGERI","akreditasi":"B","alamat_jalan":"Lajokka","nama_dusun":"BACU-BACU","rt":0.0,"rw":0.0,"kecamatan":"Kec. Tanasitolo","kabupaten":"Kab. Wajo","provinsi":"Prov. Sulawesi Selatan","kode_pos":"90951","latitude":-4.0176,"longitude":120.0414,"nomor_telepon":"085299404630","email":"sdn31inalipue@gmail.com","website":"http://sdn31inalipue.net","daya_listrik":3500.0,"luas_tanah_milik":4960,"sumber_listrik":"PLN","akses_internet":"Wireless","akses_internet_2":"Shared","waktu_penyelenggaraan":"Pagi/5 hari","semester_id":"20261","semester_keterangan":"2026/2027 Gasal","sekolah_id":"50D696BC-0D26-E111-B58A-D1CC292F1B69","koordinat_valid":true,"validasi":"verified_official","sumber_data":"Kemendikdasmen - Sekolah Kita","sumber_koordinat":"Kemendikdasmen - Sekolah Kita API full-detail","tanggal_pengambilan":"2026-09-30"},"geometry":{"type":"Point","coordinates":[120.0414,-4.0176]}},{"type":"Feature","properties":{"npsn":"40303142","nama_sekolah":"UPTD SDN 32 MANNAGAE","bentuk_pendidikan":"SD","status_sekolah":"NEGERI","akreditasi":"B","alamat_jalan":"Lajokka","nama_dusun":"Bila-Bila","rt":0.0,"rw":0.0,"kecamatan":"Kec. Tanasitolo","kabupaten":"Kab. Wajo","provinsi":"Prov. Sulawesi Selatan","kode_pos":"90951","latitude":-4.0204,"longitude":120.0399,"nomor_telepon":"081355758808","email":"sdn32.mannagae@gmail.com","website":"http://","daya_listrik":1300.0,"luas_tanah_milik":5580,"sumber_listrik":"PLN","akses_internet":"Fibre Optic","akses_internet_2":"Dedicated","waktu_penyelenggaraan":"Pagi/5 hari","semester_id":"20261","semester_keterangan":"2026/2027 Gasal","sekolah_id":"40084CC3-0D26-E111-BBCA-6F625DBC51F6","koordinat_valid":true,"validasi":"verified_official","sumber_data":"Kemendikdasmen - Sekolah Kita","sumber_koordinat":"Kemendikdasmen - Sekolah Kita API full-detail","tanggal_pengambilan":"2026-09-30"},"geometry":{"type":"Point","coordinates":[120.0399,-4.0204]}},{"type":"Feature","properties":{"npsn":"40303129","nama_sekolah":"UPTD SDN 324 WAETUWO","bentuk_pendidikan":"SD","status_sekolah":"NEGERI","akreditasi":"B","alamat_jalan":"Waetuwo","nama_dusun":"WAETUWO","rt":3.0,"rw":1.0,"kecamatan":"Kec. Tanasitolo","kabupaten":"Kab. Wajo","provinsi":"Prov. Sulawesi Selatan","kode_pos":"90951","latitude":-4.0746,"longitude":120.1018,"nomor_telepon":"085256630154","email":"sdn324waetuwokec.tanasitolo@gmail.com","website":"http://","daya_listrik":900.0,"luas_tanah_milik":3240,"sumber_listrik":"PLN","akses_internet":"Tidak Ada","akses_internet_2":"Dedicated","waktu_penyelenggaraan":"Pagi/5 hari","semester_id":"20261","semester_keterangan":"2026/2027 Gasal","sekolah_id":"70D299BC-0D26-E111-8456-EDCCDDED183B","koordinat_valid":true,"validasi":"verified_official","sumber_data":"Kemendikdasmen - Sekolah Kita","sumber_koordinat":"Kemendikdasmen - Sekolah Kita API full-detail","tanggal_pengambilan":"2026-09-30"},"geometry":{"type":"Point","coordinates":[120.1018,-4.0746]}},{"type":"Feature","properties":{"npsn":"40303119","nama_sekolah":"UPTD SDN 33 LOWA","bentuk_pendidikan":"SD","status_sekolah":"NEGERI","akreditasi":"B","alamat_jalan":"Ujung Kessi","nama_dusun":"Watang Lowa","rt":0.0,"rw":0.0,"kecamatan":"Kec. Tanasitolo","kabupaten":"Kab. Wajo","provinsi":"Prov. Sulawesi Selatan","kode_pos":"90951","latitude":-4.0163,"longitude":120.0148,"nomor_telepon":"081342531519","email":"sd033lowa@yahoo.com","website":"http://","daya_listrik":2200.0,"luas_tanah_milik":2248,"sumber_listrik":"PLN","akses_internet":"Seluler","akses_internet_2":"Dedicated","waktu_penyelenggaraan":"Pagi/5 hari","semester_id":"20261","semester_keterangan":"2026/2027 Gasal","sekolah_id":"C0FA96BC-0D26-E111-A235-3965FBA76469","koordinat_valid":true,"validasi":"verified_official","sumber_data":"Kemendikdasmen - Sekolah Kita","sumber_koordinat":"Kemendikdasmen - Sekolah Kita API full-detail","tanggal_pengambilan":"2026-09-30"},"geometry":{"type":"Point","coordinates":[120.0148,-4.0163]}},{"type":"Feature","properties":{"npsn":"40303047","nama_sekolah":"UPTD SDN 34 PALIPPU","bentuk_pendidikan":"SD","status_sekolah":"NEGERI","akreditasi":"B","alamat_jalan":"Palippu","nama_dusun":"Palippu","rt":0.0,"rw":0.0,"kecamatan":"Kec. Tanasitolo","kabupaten":"Kab. Wajo","provinsi":"Prov. Sulawesi Selatan","kode_pos":"90951","latitude":-4.0549,"longitude":120.0577,"nomor_telepon":null,"email":"sdn34palippu@yahoo.co.id","website":"http://","daya_listrik":900.0,"luas_tanah_milik":2000,"sumber_listrik":"PLN","akses_internet":"Seluler","akses_internet_2":"Broadband","waktu_penyelenggaraan":"Pagi/5 hari","semester_id":"20261","semester_keterangan":"2026/2027 Gasal","sekolah_id":"E01E97BC-0D26-E111-ACBB-E9F6A41F3E69","koordinat_valid":true,"validasi":"verified_official","sumber_data":"Kemendikdasmen - Sekolah Kita","sumber_koordinat":"Kemendikdasmen - Sekolah Kita API full-detail","tanggal_pengambilan":"2026-09-30"},"geometry":{"type":"Point","coordinates":[120.0577,-4.0549]}},{"type":"Feature","properties":{"npsn":"40303043","nama_sekolah":"UPTD SDN 35 WEWANGREWU","bentuk_pendidikan":"SD","status_sekolah":"NEGERI","akreditasi":"B","alamat_jalan":"Kae Pasabaru Kec. Tanasitolo","nama_dusun":"Kae","rt":4.0,"rw":2.0,"kecamatan":"Kec. Tanasitolo","kabupaten":"Kab. Wajo","provinsi":"Prov. Sulawesi Selatan","kode_pos":"90951","latitude":-4.0621,"longitude":120.073,"nomor_telepon":"082296590277","email":"sdn35wewangrewu1@gmail.com","website":"http://","daya_listrik":900.0,"luas_tanah_milik":6170,"sumber_listrik":"PLN","akses_internet":"Wireless","akses_internet_2":"Dedicated","waktu_penyelenggaraan":"Pagi/5 hari","semester_id":"20261","semester_keterangan":"2026/2027 Gasal","sekolah_id":"404B97BC-0D26-E111-BDA4-45267F069E5C","koordinat_valid":true,"validasi":"verified_official","sumber_data":"Kemendikdasmen - Sekolah Kita","sumber_koordinat":"Kemendikdasmen - Sekolah Kita API full-detail","tanggal_pengambilan":"2026-09-30"},"geometry":{"type":"Point","coordinates":[120.073,-4.0621]}},{"type":"Feature","properties":{"npsn":"40303021","nama_sekolah":"UPTD SDN 356 PALIPPU","bentuk_pendidikan":"SD","status_sekolah":"NEGERI","akreditasi":"B","alamat_jalan":"Tanetempare","nama_dusun":"Tanetempare","rt":0.0,"rw":0.0,"kecamatan":"Kec. Tanasitolo","kabupaten":"Kab. Wajo","provinsi":"Prov. Sulawesi Selatan","kode_pos":"90951","latitude":-4.0661,"longitude":120.0503,"nomor_telepon":null,"email":"sdnegeri356palippu@gmail.com","website":null,"daya_listrik":900.0,"luas_tanah_milik":1925,"sumber_listrik":"PLN","akses_internet":"Wireless","akses_internet_2":"Dedicated","waktu_penyelenggaraan":"Pagi/5 hari","semester_id":"20261","semester_keterangan":"2026/2027 Gasal","sekolah_id":"90F899BC-0D26-E111-97CE-25C9966C203F","koordinat_valid":true,"validasi":"verified_official","sumber_data":"Kemendikdasmen - Sekolah Kita","sumber_koordinat":"Kemendikdasmen - Sekolah Kita API full-detail","tanggal_pengambilan":"2026-09-30"},"geometry":{"type":"Point","coordinates":[120.0503,-4.0661]}},{"type":"Feature","properties":{"npsn":"40303020","nama_sekolah":"UPTD SDN 357 WAETUWO","bentuk_pendidikan":"SD","status_sekolah":"NEGERI","akreditasi":"B","alamat_jalan":"Cirowali","nama_dusun":"Cirowali","rt":0.0,"rw":0.0,"kecamatan":"Kec. Tanasitolo","kabupaten":"Kab. Wajo","provinsi":"Prov. Sulawesi Selatan","kode_pos":"90951","latitude":-4.0375,"longitude":120.1,"nomor_telepon":"085299830989","email":"sdn357waetuwo.wajo@gmail.com","website":"http://","daya_listrik":900.0,"luas_tanah_milik":3184,"sumber_listrik":"PLN","akses_internet":"Wireless","akses_internet_2":"Broadband","waktu_penyelenggaraan":"Pagi/5 hari","semester_id":"20261","semester_keterangan":"2026/2027 Gasal","sekolah_id":"D01B9ABC-0D26-E111-BC68-19559E1E524B","koordinat_valid":true,"validasi":"verified_official","sumber_data":"Kemendikdasmen - Sekolah Kita","sumber_koordinat":"Kemendikdasmen - Sekolah Kita API full-detail","tanggal_pengambilan":"2026-09-30"},"geometry":{"type":"Point","coordinates":[120.1,-4.0375]}},{"type":"Feature","properties":{"npsn":"40303019","nama_sekolah":"UPTD SDN 358 WAJORIAJA","bentuk_pendidikan":"SD","status_sekolah":"NEGERI","akreditasi":"B","alamat_jalan":"Totinco","nama_dusun":"Totinco","rt":0.0,"rw":0.0,"kecamatan":"Kec. Tanasitolo","kabupaten":"Kab. Wajo","provinsi":"Prov. Sulawesi Selatan","kode_pos":"90951","latitude":-4.1077,"longitude":120.0576,"nomor_telepon":"085349721863","email":"sdn358.w@gmail.com","website":"http://","daya_listrik":900.0,"luas_tanah_milik":2322,"sumber_listrik":"PLN","akses_internet":"Fibre Optic","akses_internet_2":"Shared","waktu_penyelenggaraan":"Pagi/5 hari","semester_id":"20261","semester_keterangan":"2026/2027 Gasal","sekolah_id":"703F9ABC-0D26-E111-8CC4-41C6CBB302B3","koordinat_valid":true,"validasi":"verified_official","sumber_data":"Kemendikdasmen - Sekolah Kita","sumber_koordinat":"Kemendikdasmen - Sekolah Kita API full-detail","tanggal_pengambilan":"2026-09-30"},"geometry":{"type":"Point","coordinates":[120.0576,-4.1077]}},{"type":"Feature","properties":{"npsn":"40303017","nama_sekolah":"UPTD SDN 36 MARIO","bentuk_pendidikan":"SD","status_sekolah":"NEGERI","akreditasi":"B","alamat_jalan":"Data","nama_dusun":"Data","rt":0.0,"rw":0.0,"kecamatan":"Kec. Tanasitolo","kabupaten":"Kab. Wajo","provinsi":"Prov. Sulawesi Selatan","kode_pos":"90951","latitude":-4.0872,"longitude":120.0521,"nomor_telepon":"0","email":"sdn36mario@yahoo.co.id","website":"http://","daya_listrik":1300.0,"luas_tanah_milik":3290,"sumber_listrik":"PLN","akses_internet":"Seluler","akses_internet_2":"Dedicated","waktu_penyelenggaraan":"Pagi/5 hari","semester_id":"20261","semester_keterangan":"2026/2027 Gasal","sekolah_id":"907397BC-0D26-E111-8BC8-07B6FB20F5D2","koordinat_valid":true,"validasi":"verified_official","sumber_data":"Kemendikdasmen - Sekolah Kita","sumber_koordinat":"Kemendikdasmen - Sekolah Kita API full-detail","tanggal_pengambilan":"2026-09-30"},"geometry":{"type":"Point","coordinates":[120.0521,-4.0872]}},{"type":"Feature","properties":{"npsn":"40303030","nama_sekolah":"UPTD SDN 37 WAJORIAJA","bentuk_pendidikan":"SD","status_sekolah":"NEGERI","akreditasi":"B","alamat_jalan":"Totinco","nama_dusun":"Totinco","rt":0.0,"rw":0.0,"kecamatan":"Kec. Tanasitolo","kabupaten":"Kab. Wajo","provinsi":"Prov. Sulawesi Selatan","kode_pos":"90951","latitude":-4.0988,"longitude":120.0577,"nomor_telepon":null,"email":"sdn37wajoriaja.wil@gmail.com","website":"http://sdn37wajoriaja.net","daya_listrik":900.0,"luas_tanah_milik":1458,"sumber_listrik":"PLN","akses_internet":"Fibre Optic","akses_internet_2":"Broadband","waktu_penyelenggaraan":"Pagi/5 hari","semester_id":"20261","semester_keterangan":"2026/2027 Gasal","sekolah_id":"60A097BC-0D26-E111-9A0C-673E52401FEC","koordinat_valid":true,"validasi":"verified_official","sumber_data":"Kemendikdasmen - Sekolah Kita","sumber_koordinat":"Kemendikdasmen - Sekolah Kita API full-detail","tanggal_pengambilan":"2026-09-30"},"geometry":{"type":"Point","coordinates":[120.0577,-4.0988]}},{"type":"Feature","properties":{"npsn":"40303067","nama_sekolah":"UPTD SDN 375 TANCUNG","bentuk_pendidikan":"SD","status_sekolah":"NEGERI","akreditasi":"A","alamat_jalan":"Jl. Andi Kile, Kel. Tancung Kec. Tanasitolo","nama_dusun":"Tancung","rt":0.0,"rw":0.0,"kecamatan":"Kec. Tanasitolo","kabupaten":"Kab. Wajo","provinsi":"Prov. Sulawesi Selatan","kode_pos":"90951","latitude":-4.06,"longitude":120.0238,"nomor_telepon":"0","email":"sdntancung@gmail.com","website":"http://","daya_listrik":1300.0,"luas_tanah_milik":4140,"sumber_listrik":"PLN","akses_internet":"Wireless","akses_internet_2":"Broadband","waktu_penyelenggaraan":"Pagi/5 hari","semester_id":"20261","semester_keterangan":"2026/2027 Gasal","sekolah_id":"E06F9ABC-0D26-E111-A96C-E95D7DEFCCEB","koordinat_valid":true,"validasi":"verified_official","sumber_data":"Kemendikdasmen - Sekolah Kita","sumber_koordinat":"Kemendikdasmen - Sekolah Kita API full-detail","tanggal_pengambilan":"2026-09-30"},"geometry":{"type":"Point","coordinates":[120.0238,-4.06]}},{"type":"Feature","properties":{"npsn":"40303068","nama_sekolah":"UPTD SDN 376 PINCENGPUTE","bentuk_pendidikan":"SD","status_sekolah":"NEGERI","akreditasi":"B","alamat_jalan":"Abbolengeng","nama_dusun":"Abbolongeng","rt":1.0,"rw":1.0,"kecamatan":"Kec. Tanasitolo","kabupaten":"Kab. Wajo","provinsi":"Prov. Sulawesi Selatan","kode_pos":"90951","latitude":-4.0536,"longitude":120.0452,"nomor_telepon":"085242190413","email":"sdn376pincengpute@ymail.com","website":"http://","daya_listrik":450.0,"luas_tanah_milik":960,"sumber_listrik":"PLN","akses_internet":"Seluler","akses_internet_2":"Shared","waktu_penyelenggaraan":"Pagi/5 hari","semester_id":"20261","semester_keterangan":"2026/2027 Gasal","sekolah_id":"A09B9ABC-0D26-E111-88AC-3184B137FC1E","koordinat_valid":true,"validasi":"verified_official","sumber_data":"Kemendikdasmen - Sekolah Kita","sumber_koordinat":"Kemendikdasmen - Sekolah Kita API full-detail","tanggal_pengambilan":"2026-09-30"},"geometry":{"type":"Point","coordinates":[120.0452,-4.0536]}},{"type":"Feature","properties":{"npsn":"40303229","nama_sekolah":"UPTD SDN 405 INALIPUE","bentuk_pendidikan":"SD","status_sekolah":"NEGERI","akreditasi":"C","alamat_jalan":"Dori-Dori","nama_dusun":"DORI - DORI","rt":0.0,"rw":0.0,"kecamatan":"Kec. Tanasitolo","kabupaten":"Kab. Wajo","provinsi":"Prov. Sulawesi Selatan","kode_pos":"90951","latitude":-4.0365,"longitude":120.0664,"nomor_telepon":"085255387759","email":"sdn405inalipue05@gmail.com","website":"http://","daya_listrik":900.0,"luas_tanah_milik":4644,"sumber_listrik":"PLN","akses_internet":"Seluler","akses_internet_2":"Broadband","waktu_penyelenggaraan":"Pagi/5 hari","semester_id":"20261","semester_keterangan":"2026/2027 Gasal","sekolah_id":"A0C79ABC-0D26-E111-AA21-CB968B8D2C3A","koordinat_valid":true,"validasi":"verified_official","sumber_data":"Kemendikdasmen - Sekolah Kita","sumber_koordinat":"Kemendikdasmen - Sekolah Kita API full-detail","tanggal_pengambilan":"2026-09-30"},"geometry":{"type":"Point","coordinates":[120.0664,-4.0365]}},{"type":"Feature","properties":{"npsn":"40303296","nama_sekolah":"SD AS’ADIYAH PUSAT SENGKANG","bentuk_pendidikan":"SD","status_sekolah":"SWASTA","akreditasi":"B","alamat_jalan":"Jl. K. H. M. Asad No 25 Sengkang","nama_dusun":null,"rt":0.0,"rw":0.0,"kecamatan":"Kec. Tempe","kabupaten":"Kab. Wajo","provinsi":"Prov. Sulawesi Selatan","kode_pos":"90914","latitude":-4.1379,"longitude":120.0298,"nomor_telepon":"082335036111","email":"sda1pusatsengkang@yahoo.com","website":"http://","daya_listrik":900.0,"luas_tanah_milik":1908,"sumber_listrik":"PLN","akses_internet":"Wireless","akses_internet_2":"Shared","waktu_penyelenggaraan":"Pagi/5 hari","semester_id":"20261","semester_keterangan":"2026/2027 Gasal","sekolah_id":"E000E3BE-0D26-E111-AD80-6944B7048E5B","koordinat_valid":true,"validasi":"verified_official","sumber_data":"Kemendikdasmen - Sekolah Kita","sumber_koordinat":"Kemendikdasmen - Sekolah Kita API full-detail","tanggal_pengambilan":"2026-09-30"},"geometry":{"type":"Point","coordinates":[120.0298,-4.1379]}},{"type":"Feature","properties":{"npsn":"69900870","nama_sekolah":"SD ISLAM TERPADU YAA BUNAYYA","bentuk_pendidikan":"SD","status_sekolah":"SWASTA","akreditasi":"C","alamat_jalan":"Jl. Beruang 7","nama_dusun":null,"rt":0.0,"rw":0.0,"kecamatan":"Kec. Tempe","kabupaten":"Kab. Wajo","provinsi":"Prov. Sulawesi Selatan","kode_pos":"90918","latitude":-4.1166,"longitude":120.0237,"nomor_telepon":null,"email":"sdityaabunayya56@gmail.com","website":"http://","daya_listrik":7700.0,"luas_tanah_milik":0,"sumber_listrik":"PLN","akses_internet":"Fibre Optic","akses_internet_2":"Dedicated","waktu_penyelenggaraan":"Sehari Penuh/5 hari","semester_id":"20261","semester_keterangan":"2026/2027 Gasal","sekolah_id":"8ED8CD92-552C-4520-9987-0DB727F144D1","koordinat_valid":true,"validasi":"verified_official","sumber_data":"Kemendikdasmen - Sekolah Kita","sumber_koordinat":"Kemendikdasmen - Sekolah Kita API full-detail","tanggal_pengambilan":"2026-09-30"},"geometry":{"type":"Point","coordinates":[120.0237,-4.1166]}},{"type":"Feature","properties":{"npsn":"40303295","nama_sekolah":"SD MUHAMMADIYAH SENGKANG","bentuk_pendidikan":"SD","status_sekolah":"SWASTA","akreditasi":"B","alamat_jalan":"Jl. Muhammadiyah No. 14 Sengkang","nama_dusun":null,"rt":0.0,"rw":0.0,"kecamatan":"Kec. Tempe","kabupaten":"Kab. Wajo","provinsi":"Prov. Sulawesi Selatan","kode_pos":"90914","latitude":-4.1359,"longitude":120.0294,"nomor_telepon":null,"email":"sdmuhammadiyah_cabangsengkang@yahoo.com","website":"http://","daya_listrik":3500.0,"luas_tanah_milik":2209,"sumber_listrik":"PLN","akses_internet":"Wireless","akses_internet_2":"Shared","waktu_penyelenggaraan":"Pagi/5 hari","semester_id":"20261","semester_keterangan":"2026/2027 Gasal","sekolah_id":"6091E3BE-0D26-E111-BBE5-BF1E412F7068","koordinat_valid":true,"validasi":"verified_official","sumber_data":"Kemendikdasmen - Sekolah Kita","sumber_koordinat":"Kemendikdasmen - Sekolah Kita API full-detail","tanggal_pengambilan":"2026-09-30"},"geometry":{"type":"Point","coordinates":[120.0294,-4.1359]}},{"type":"Feature","properties":{"npsn":"40303302","nama_sekolah":"SDA 9 TAE TEMPE","bentuk_pendidikan":"SD","status_sekolah":"SWASTA","akreditasi":"B","alamat_jalan":"Jl. Budi Utomo No. 8 Sengkang","nama_dusun":"TAE","rt":0.0,"rw":0.0,"kecamatan":"Kec. Tempe","kabupaten":"Kab. Wajo","provinsi":"Prov. Sulawesi Selatan","kode_pos":"90911","latitude":-4.1144,"longitude":120.0216,"nomor_telepon":"085240073458","email":"sdatae734@gmail.com","website":"http://","daya_listrik":900.0,"luas_tanah_milik":1479,"sumber_listrik":"PLN","akses_internet":"Fibre Optic","akses_internet_2":"Dedicated","waktu_penyelenggaraan":"Pagi/5 hari","semester_id":"20261","semester_keterangan":"2026/2027 Gasal","sekolah_id":"8062E3BE-0D26-E111-9855-13371F27B508","koordinat_valid":true,"validasi":"verified_official","sumber_data":"Kemendikdasmen - Sekolah Kita","sumber_koordinat":"Kemendikdasmen - Sekolah Kita API full-detail","tanggal_pengambilan":"2026-09-30"},"geometry":{"type":"Point","coordinates":[120.0216,-4.1144]}},{"type":"Feature","properties":{"npsn":"70003772","nama_sekolah":"SDIT LINGKAR CENDEKIA","bentuk_pendidikan":"SD","status_sekolah":"SWASTA","akreditasi":"B","alamat_jalan":"Jalan We Tenri Pada","nama_dusun":"Atakkae","rt":1.0,"rw":1.0,"kecamatan":"Kec. Tempe","kabupaten":"Kab. Wajo","provinsi":"Prov. Sulawesi Selatan","kode_pos":"90914","latitude":-4.1392,"longitude":120.0411,"nomor_telepon":"0882020563056","email":"sukaaziz24@gmail.com","website":"http://","daya_listrik":5500.0,"luas_tanah_milik":1258,"sumber_listrik":"PLN","akses_internet":"Wireless","akses_internet_2":"Shared","waktu_penyelenggaraan":"Sehari Penuh/5 hari","semester_id":"20261","semester_keterangan":"2026/2027 Gasal","sekolah_id":"37BE550B-FF26-4821-ADB4-414963347121","koordinat_valid":true,"validasi":"verified_official","sumber_data":"Kemendikdasmen - Sekolah Kita","sumber_koordinat":"Kemendikdasmen - Sekolah Kita API full-detail","tanggal_pengambilan":"2026-09-30"},"geometry":{"type":"Point","coordinates":[120.0411,-4.1392]}},{"type":"Feature","properties":{"npsn":"40303304","nama_sekolah":"UPTD SDN 1 PADDUPPA","bentuk_pendidikan":"SD","status_sekolah":"NEGERI","akreditasi":"A","alamat_jalan":"Jl. Jendral Ahmad Yani No. I Sengkang","nama_dusun":"PADDUPPA","rt":0.0,"rw":0.0,"kecamatan":"Kec. Tempe","kabupaten":"Kab. Wajo","provinsi":"Prov. Sulawesi Selatan","kode_pos":"90914","latitude":-4.1363,"longitude":120.0329,"nomor_telepon":"081241250715","email":"sdn1paddupatempe@gmail.com","website":"http://","daya_listrik":2200.0,"luas_tanah_milik":757,"sumber_listrik":"PLN","akses_internet":"Fibre Optic","akses_internet_2":"Dedicated","waktu_penyelenggaraan":"Pagi/5 hari","semester_id":"20261","semester_keterangan":"2026/2027 Gasal","sekolah_id":"501072BC-0D26-E111-A618-DD1DCBFED896","koordinat_valid":true,"validasi":"verified_official","sumber_data":"Kemendikdasmen - Sekolah Kita","sumber_koordinat":"Kemendikdasmen - Sekolah Kita API full-detail","tanggal_pengambilan":"2026-09-30"},"geometry":{"type":"Point","coordinates":[120.0329,-4.1363]}},{"type":"Feature","properties":{"npsn":"40303305","nama_sekolah":"UPTD SDN 10 PATTIROSOMPE","bentuk_pendidikan":"SD","status_sekolah":"NEGERI","akreditasi":"B","alamat_jalan":"Jl. Tomodi Bulucitta","nama_dusun":"Pattirosompe","rt":0.0,"rw":0.0,"kecamatan":"Kec. Tempe","kabupaten":"Kab. Wajo","provinsi":"Prov. Sulawesi Selatan","kode_pos":"90913","latitude":-4.1258,"longitude":120.0576,"nomor_telepon":"085397366562","email":"sdn10pattirosompetempe@gmail.com","website":"http://","daya_listrik":900.0,"luas_tanah_milik":1504,"sumber_listrik":"PLN","akses_internet":"Wireless","akses_internet_2":"Dedicated","waktu_penyelenggaraan":"Pagi/5 hari","semester_id":"20261","semester_keterangan":"2026/2027 Gasal","sekolah_id":"908D73BC-0D26-E111-97FD-4DBA6A978EF7","koordinat_valid":true,"validasi":"verified_official","sumber_data":"Kemendikdasmen - Sekolah Kita","sumber_koordinat":"Kemendikdasmen - Sekolah Kita API full-detail","tanggal_pengambilan":"2026-09-30"},"geometry":{"type":"Point","coordinates":[120.0576,-4.1258]}},{"type":"Feature","properties":{"npsn":"40303310","nama_sekolah":"UPTD SDN 12 ATAKKAE","bentuk_pendidikan":"SD","status_sekolah":"NEGERI","akreditasi":"A","alamat_jalan":"Jln Kartika Chandra Kirana","nama_dusun":"Lingkungan Bola Tellue","rt":0.0,"rw":0.0,"kecamatan":"Kec. Tempe","kabupaten":"Kab. Wajo","provinsi":"Prov. Sulawesi Selatan","kode_pos":"90915","latitude":-4.145,"longitude":120.0526,"nomor_telepon":null,"email":"atakkaesdn63@gmail.com","website":"http://","daya_listrik":5500.0,"luas_tanah_milik":1728,"sumber_listrik":"PLN","akses_internet":"Fibre Optic","akses_internet_2":"Dedicated","waktu_penyelenggaraan":"Pagi/5 hari","semester_id":"20261","semester_keterangan":"2026/2027 Gasal","sekolah_id":"00B273BC-0D26-E111-8A0A-5DD5278F2F26","koordinat_valid":true,"validasi":"verified_official","sumber_data":"Kemendikdasmen - Sekolah Kita","sumber_koordinat":"Kemendikdasmen - Sekolah Kita API full-detail","tanggal_pengambilan":"2026-09-30"},"geometry":{"type":"Point","coordinates":[120.0526,-4.145]}},{"type":"Feature","properties":{"npsn":"40303348","nama_sekolah":"UPTD SDN 13 LAPONGKODA","bentuk_pendidikan":"SD","status_sekolah":"NEGERI","akreditasi":"B","alamat_jalan":"Jl. Batam No.3 Sengkang","nama_dusun":"LAPONGKODA","rt":0.0,"rw":0.0,"kecamatan":"Kec. Tempe","kabupaten":"Kab. Wajo","provinsi":"Prov. Sulawesi Selatan","kode_pos":"90913","latitude":-4.1349,"longitude":120.0321,"nomor_telepon":"082154922656","email":"sdn13lapongkoda@gmail.com","website":"http://www.example","daya_listrik":1300.0,"luas_tanah_milik":2000,"sumber_listrik":"PLN","akses_internet":"Wireless","akses_internet_2":"Shared","waktu_penyelenggaraan":"Pagi/5 hari","semester_id":"20261","semester_keterangan":"2026/2027 Gasal","sekolah_id":"80D673BC-0D26-E111-91F4-0B0CAB50BA16","koordinat_valid":true,"validasi":"verified_official","sumber_data":"Kemendikdasmen - Sekolah Kita","sumber_koordinat":"Kemendikdasmen - Sekolah Kita API full-detail","tanggal_pengambilan":"2026-09-30"},"geometry":{"type":"Point","coordinates":[120.0321,-4.1349]}},{"type":"Feature","properties":{"npsn":"40303314","nama_sekolah":"UPTD SDN 14 LAPONGKODA","bentuk_pendidikan":"SD","status_sekolah":"NEGERI","akreditasi":"B","alamat_jalan":"Jl.Batam No.3 Sengkang","nama_dusun":"Lapongkoda","rt":0.0,"rw":0.0,"kecamatan":"Kec. Tempe","kabupaten":"Kab. Wajo","provinsi":"Prov. Sulawesi Selatan","kode_pos":"90913","latitude":-4.1347,"longitude":120.032,"nomor_telepon":"0","email":"sdn14lapongkoda@yahoo.co.id","website":"http://www.example","daya_listrik":900.0,"luas_tanah_milik":1106410,"sumber_listrik":"PLN","akses_internet":"Wireless","akses_internet_2":"Shared","waktu_penyelenggaraan":"Pagi/5 hari","semester_id":"20261","semester_keterangan":"2026/2027 Gasal","sekolah_id":"B0F973BC-0D26-E111-B51D-A79E14CC0BC5","koordinat_valid":true,"validasi":"verified_official","sumber_data":"Kemendikdasmen - Sekolah Kita","sumber_koordinat":"Kemendikdasmen - Sekolah Kita API full-detail","tanggal_pengambilan":"2026-09-30"},"geometry":{"type":"Point","coordinates":[120.032,-4.1347]}},{"type":"Feature","properties":{"npsn":"40303324","nama_sekolah":"UPTD SDN 15 TEDDAOPU","bentuk_pendidikan":"SD","status_sekolah":"NEGERI","akreditasi":"B","alamat_jalan":"Jl. Andi Macca Amirullah","nama_dusun":null,"rt":0.0,"rw":0.0,"kecamatan":"Kec. Tempe","kabupaten":"Kab. Wajo","provinsi":"Prov. Sulawesi Selatan","kode_pos":"90913","latitude":-4.1271,"longitude":120.0275,"nomor_telepon":"085399864857","email":"sdn15teddaopu@gmail.com","website":"http://","daya_listrik":2200.0,"luas_tanah_milik":1693,"sumber_listrik":"PLN","akses_internet":"Fibre Optic","akses_internet_2":"Broadband","waktu_penyelenggaraan":"Pagi/5 hari","semester_id":"20261","semester_keterangan":"2026/2027 Gasal","sekolah_id":"201F74BC-0D26-E111-93D6-05F3E2F92086","koordinat_valid":true,"validasi":"verified_official","sumber_data":"Kemendikdasmen - Sekolah Kita","sumber_koordinat":"Kemendikdasmen - Sekolah Kita API full-detail","tanggal_pengambilan":"2026-09-30"},"geometry":{"type":"Point","coordinates":[120.0275,-4.1271]}},{"type":"Feature","properties":{"npsn":"40303509","nama_sekolah":"UPTD SDN 17 LAELO","bentuk_pendidikan":"SD","status_sekolah":"NEGERI","akreditasi":"B","alamat_jalan":"Baru Alau","nama_dusun":"Laelo","rt":0.0,"rw":0.0,"kecamatan":"Kec. Tempe","kabupaten":"Kab. Wajo","provinsi":"Prov. Sulawesi Selatan","kode_pos":"90917","latitude":-4.1266,"longitude":120.0195,"nomor_telepon":null,"email":"barualausdn17laelo@gmail.com","website":"http://","daya_listrik":3500.0,"luas_tanah_milik":9092,"sumber_listrik":"PLN","akses_internet":"Seluler","akses_internet_2":"Shared","waktu_penyelenggaraan":"Pagi/5 hari","semester_id":"20261","semester_keterangan":"2026/2027 Gasal","sekolah_id":"807B74BC-0D26-E111-B435-C3E8A0DEC8D9","koordinat_valid":true,"validasi":"verified_official","sumber_data":"Kemendikdasmen - Sekolah Kita","sumber_koordinat":"Kemendikdasmen - Sekolah Kita API full-detail","tanggal_pengambilan":"2026-09-30"},"geometry":{"type":"Point","coordinates":[120.0195,-4.1266]}},{"type":"Feature","properties":{"npsn":"40303502","nama_sekolah":"UPTD SDN 18 TEMPE","bentuk_pendidikan":"SD","status_sekolah":"NEGERI","akreditasi":"B","alamat_jalan":"Jl. Budi Utomo","nama_dusun":null,"rt":0.0,"rw":0.0,"kecamatan":"Kec. Tempe","kabupaten":"Kab. Wajo","provinsi":"Prov. Sulawesi Selatan","kode_pos":"90911","latitude":-4.1197,"longitude":120.0238,"nomor_telepon":null,"email":"sd_18_tempe@yahoo.co.id","website":"http://","daya_listrik":900.0,"luas_tanah_milik":4312,"sumber_listrik":"PLN","akses_internet":"Wireless","akses_internet_2":"Shared","waktu_penyelenggaraan":"Pagi/5 hari","semester_id":"20261","semester_keterangan":"2026/2027 Gasal","sekolah_id":"70A774BC-0D26-E111-A4E9-E573537B057C","koordinat_valid":true,"validasi":"verified_official","sumber_data":"Kemendikdasmen - Sekolah Kita","sumber_koordinat":"Kemendikdasmen - Sekolah Kita API full-detail","tanggal_pengambilan":"2026-09-30"},"geometry":{"type":"Point","coordinates":[120.0238,-4.1197]}},{"type":"Feature","properties":{"npsn":"40303546","nama_sekolah":"UPTD SDN 19 TEMPE","bentuk_pendidikan":"SD","status_sekolah":"NEGERI","akreditasi":"B","alamat_jalan":"Jl. Lapaddaga Bulu Tempe","nama_dusun":null,"rt":0.0,"rw":0.0,"kecamatan":"Kec. Tempe","kabupaten":"Kab. Wajo","provinsi":"Prov. Sulawesi Selatan","kode_pos":"90911","latitude":-4.1253,"longitude":120.024,"nomor_telepon":"081355708687","email":"sdntempe28@gmail.com","website":"http://","daya_listrik":900.0,"luas_tanah_milik":2250,"sumber_listrik":"PLN","akses_internet":"Seluler","akses_internet_2":"Broadband","waktu_penyelenggaraan":"Pagi/5 hari","semester_id":"20261","semester_keterangan":"2026/2027 Gasal","sekolah_id":"F0D174BC-0D26-E111-8152-45BD7469EF33","koordinat_valid":true,"validasi":"verified_official","sumber_data":"Kemendikdasmen - Sekolah Kita","sumber_koordinat":"Kemendikdasmen - Sekolah Kita API full-detail","tanggal_pengambilan":"2026-09-30"},"geometry":{"type":"Point","coordinates":[120.024,-4.1253]}},{"type":"Feature","properties":{"npsn":"40303551","nama_sekolah":"UPTD SDN 199 MADDUKKELLENG","bentuk_pendidikan":"SD","status_sekolah":"NEGERI","akreditasi":"A","alamat_jalan":"Jl. Kartika Candra Kirana","nama_dusun":"Maddukkelleng","rt":2.0,"rw":2.0,"kecamatan":"Kec. Tempe","kabupaten":"Kab. Wajo","provinsi":"Prov. Sulawesi Selatan","kode_pos":"90915","latitude":-4.1483,"longitude":120.0386,"nomor_telepon":null,"email":"sdn199maddukkelleng@gmail.com","website":"http://","daya_listrik":1300.0,"luas_tanah_milik":2200,"sumber_listrik":"PLN","akses_internet":"Wireless","akses_internet_2":"Dedicated","waktu_penyelenggaraan":"Pagi/5 hari","semester_id":"20261","semester_keterangan":"2026/2027 Gasal","sekolah_id":"004B75BC-0D26-E111-910D-879C417AFE0F","koordinat_valid":true,"validasi":"verified_official","sumber_data":"Kemendikdasmen - Sekolah Kita","sumber_koordinat":"Kemendikdasmen - Sekolah Kita API full-detail","tanggal_pengambilan":"2026-09-30"},"geometry":{"type":"Point","coordinates":[120.0386,-4.1483]}},{"type":"Feature","properties":{"npsn":"40303541","nama_sekolah":"UPTD SDN 2 MADDUKKELLENG","bentuk_pendidikan":"SD","status_sekolah":"NEGERI","akreditasi":"A","alamat_jalan":"JL. A. P. PETTARANI NO. 25 SENGKANG","nama_dusun":null,"rt":0.0,"rw":0.0,"kecamatan":"Kec. Tempe","kabupaten":"Kab. Wajo","provinsi":"Prov. Sulawesi Selatan","kode_pos":"90911","latitude":-4.1431,"longitude":120.0321,"nomor_telepon":"22137","email":"sdnmaddukkelleng02@gmail.com","website":"http://","daya_listrik":11000.0,"luas_tanah_milik":1300,"sumber_listrik":"PLN","akses_internet":"Fibre Optic","akses_internet_2":"Shared","waktu_penyelenggaraan":"Pagi/5 hari","semester_id":"20261","semester_keterangan":"2026/2027 Gasal","sekolah_id":"403D72BC-0D26-E111-A577-074B7105F570","koordinat_valid":true,"validasi":"verified_official","sumber_data":"Kemendikdasmen - Sekolah Kita","sumber_koordinat":"Kemendikdasmen - Sekolah Kita API full-detail","tanggal_pengambilan":"2026-09-30"},"geometry":{"type":"Point","coordinates":[120.0321,-4.1431]}},{"type":"Feature","properties":{"npsn":"40303540","nama_sekolah":"UPTD SDN 20 SALOMENRALENG","bentuk_pendidikan":"SD","status_sekolah":"NEGERI","akreditasi":"B","alamat_jalan":"Bakke Alau","nama_dusun":"Bakke Alau","rt":2.0,"rw":1.0,"kecamatan":"Kec. Tempe","kabupaten":"Kab. Wajo","provinsi":"Prov. Sulawesi Selatan","kode_pos":"90917","latitude":-4.1307,"longitude":120.0215,"nomor_telepon":"0","email":"sdnsalomenraleng20@gmail.com","website":"http://","daya_listrik":900.0,"luas_tanah_milik":0,"sumber_listrik":"PLN","akses_internet":"Seluler","akses_internet_2":"Broadband","waktu_penyelenggaraan":"Pagi/5 hari","semester_id":"20261","semester_keterangan":"2026/2027 Gasal","sekolah_id":"C0F974BC-0D26-E111-92DA-8B99540ABE43","koordinat_valid":true,"validasi":"verified_official","sumber_data":"Kemendikdasmen - Sekolah Kita","sumber_koordinat":"Kemendikdasmen - Sekolah Kita API full-detail","tanggal_pengambilan":"2026-09-30"},"geometry":{"type":"Point","coordinates":[120.0215,-4.1307]}},{"type":"Feature","properties":{"npsn":"40303526","nama_sekolah":"UPTD SDN 200 TEMPE","bentuk_pendidikan":"SD","status_sekolah":"NEGERI","akreditasi":"A","alamat_jalan":"Jl. Bau Baharuddin No.97 Sengkang","nama_dusun":"Tempe","rt":0.0,"rw":0.0,"kecamatan":"Kec. Tempe","kabupaten":"Kab. Wajo","provinsi":"Prov. Sulawesi Selatan","kode_pos":"90911","latitude":-4.1217,"longitude":120.0266,"nomor_telepon":"085242401380","email":"sd.200tempe@gmail.com","website":"http://","daya_listrik":3500.0,"luas_tanah_milik":1500,"sumber_listrik":"PLN","akses_internet":"Fibre Optic","akses_internet_2":"Shared","waktu_penyelenggaraan":"Pagi/5 hari","semester_id":"20261","semester_keterangan":"2026/2027 Gasal","sekolah_id":"406F75BC-0D26-E111-AC0F-6F8C89E113B9","koordinat_valid":true,"validasi":"verified_official","sumber_data":"Kemendikdasmen - Sekolah Kita","sumber_koordinat":"Kemendikdasmen - Sekolah Kita API full-detail","tanggal_pengambilan":"2026-09-30"},"geometry":{"type":"Point","coordinates":[120.0266,-4.1217]}},{"type":"Feature","properties":{"npsn":"40303536","nama_sekolah":"UPTD SDN 21 SALOMENRALENG","bentuk_pendidikan":"SD","status_sekolah":"NEGERI","akreditasi":"B","alamat_jalan":"Bakke Orai","nama_dusun":"Bakke Orai","rt":0.0,"rw":0.0,"kecamatan":"Kec. Tempe","kabupaten":"Kab. Wajo","provinsi":"Prov. Sulawesi Selatan","kode_pos":"90917","latitude":-4.1304,"longitude":120.0186,"nomor_telepon":null,"email":"sdn21salomenraleng@gmail.com","website":"http://","daya_listrik":1300.0,"luas_tanah_milik":4498,"sumber_listrik":"PLN","akses_internet":"Seluler","akses_internet_2":"Broadband","waktu_penyelenggaraan":"Pagi/5 hari","semester_id":"20261","semester_keterangan":"2026/2027 Gasal","sekolah_id":"C02175BC-0D26-E111-9936-29525667C7E8","koordinat_valid":true,"validasi":"verified_official","sumber_data":"Kemendikdasmen - Sekolah Kita","sumber_koordinat":"Kemendikdasmen - Sekolah Kita API full-detail","tanggal_pengambilan":"2026-09-30"},"geometry":{"type":"Point","coordinates":[120.0186,-4.1304]}},{"type":"Feature","properties":{"npsn":"40303539","nama_sekolah":"UPTD SDN 212 WIRINGPALENNAE","bentuk_pendidikan":"SD","status_sekolah":"NEGERI","akreditasi":"B","alamat_jalan":"Jl.belibis Surae","nama_dusun":"SURAE","rt":0.0,"rw":0.0,"kecamatan":"Kec. Tempe","kabupaten":"Kab. Wajo","provinsi":"Prov. Sulawesi Selatan","kode_pos":"90918","latitude":-4.1537,"longitude":120.0272,"nomor_telepon":"085340639184","email":"sdn212wiringpalennae03@gmail.com","website":"http://","daya_listrik":2200.0,"luas_tanah_milik":3705,"sumber_listrik":"PLN","akses_internet":"Fibre Optic","akses_internet_2":"Shared","waktu_penyelenggaraan":"Pagi/5 hari","semester_id":"20261","semester_keterangan":"2026/2027 Gasal","sekolah_id":"509475BC-0D26-E111-9BB9-996A546BC4B4","koordinat_valid":true,"validasi":"verified_official","sumber_data":"Kemendikdasmen - Sekolah Kita","sumber_koordinat":"Kemendikdasmen - Sekolah Kita API full-detail","tanggal_pengambilan":"2026-09-30"},"geometry":{"type":"Point","coordinates":[120.0272,-4.1537]}},{"type":"Feature","properties":{"npsn":"40303525","nama_sekolah":"UPTD SDN 213 LAPONGKODA","bentuk_pendidikan":"SD","status_sekolah":"NEGERI","akreditasi":"A","alamat_jalan":"Jl. Andi Magga Amirullah 21 Sengkang","nama_dusun":null,"rt":0.0,"rw":0.0,"kecamatan":"Kec. Tempe","kabupaten":"Kab. Wajo","provinsi":"Prov. Sulawesi Selatan","kode_pos":"90913","latitude":-4.1285,"longitude":120.0306,"nomor_telepon":"0485323761","email":"sdn213lapongkodawajo@gmail.com","website":"http://","daya_listrik":3500.0,"luas_tanah_milik":2688,"sumber_listrik":"PLN","akses_internet":"Wireless","akses_internet_2":"Broadband","waktu_penyelenggaraan":"Pagi/5 hari","semester_id":"20261","semester_keterangan":"2026/2027 Gasal","sekolah_id":"B0BB75BC-0D26-E111-B972-B98306AE182D","koordinat_valid":true,"validasi":"verified_official","sumber_data":"Kemendikdasmen - Sekolah Kita","sumber_koordinat":"Kemendikdasmen - Sekolah Kita API full-detail","tanggal_pengambilan":"2026-09-30"},"geometry":{"type":"Point","coordinates":[120.0306,-4.1285]}},{"type":"Feature","properties":{"npsn":"40303423","nama_sekolah":"UPTD SDN 235 WATALLIPUE","bentuk_pendidikan":"SD","status_sekolah":"NEGERI","akreditasi":"B","alamat_jalan":"Jl. H. Andi  Ninnong Lr 28  Sengkang","nama_dusun":null,"rt":0.0,"rw":0.0,"kecamatan":"Kec. Tempe","kabupaten":"Kab. Wajo","provinsi":"Prov. Sulawesi Selatan","kode_pos":"90912","latitude":-4.1267,"longitude":120.0248,"nomor_telepon":null,"email":"watallipuesdn235@gmail.com","website":"http://","daya_listrik":1300.0,"luas_tanah_milik":2650,"sumber_listrik":"PLN","akses_internet":"Wireless","akses_internet_2":"Shared","waktu_penyelenggaraan":"Pagi/5 hari","semester_id":"20261","semester_keterangan":"2026/2027 Gasal","sekolah_id":"50E375BC-0D26-E111-82D0-27F5C5FD9DE2","koordinat_valid":true,"validasi":"verified_official","sumber_data":"Kemendikdasmen - Sekolah Kita","sumber_koordinat":"Kemendikdasmen - Sekolah Kita API full-detail","tanggal_pengambilan":"2026-09-30"},"geometry":{"type":"Point","coordinates":[120.0248,-4.1267]}},{"type":"Feature","properties":{"npsn":"40303491","nama_sekolah":"UPTD SDN 258 TEDDAOPU","bentuk_pendidikan":"SD","status_sekolah":"NEGERI","akreditasi":"B","alamat_jalan":"Jl. A. Macca Amirullah","nama_dusun":null,"rt":0.0,"rw":0.0,"kecamatan":"Kec. Tempe","kabupaten":"Kab. Wajo","provinsi":"Prov. Sulawesi Selatan","kode_pos":"90912","latitude":-4.1269,"longitude":120.0277,"nomor_telepon":null,"email":"uptdsdn.258.teddaopu@gmail.com","website":null,"daya_listrik":1300.0,"luas_tanah_milik":1722,"sumber_listrik":"PLN","akses_internet":"Fibre Optic","akses_internet_2":"Shared","waktu_penyelenggaraan":"Pagi/5 hari","semester_id":"20261","semester_keterangan":"2026/2027 Gasal","sekolah_id":"203776BC-0D26-E111-8B9E-2BA87639C876","koordinat_valid":true,"validasi":"verified_official","sumber_data":"Kemendikdasmen - Sekolah Kita","sumber_koordinat":"Kemendikdasmen - Sekolah Kita API full-detail","tanggal_pengambilan":"2026-09-30"},"geometry":{"type":"Point","coordinates":[120.0277,-4.1269]}},{"type":"Feature","properties":{"npsn":"40303477","nama_sekolah":"UPTD SDN 259 TEDDAOPU","bentuk_pendidikan":"SD","status_sekolah":"NEGERI","akreditasi":"B","alamat_jalan":"Jl Andi Macca Amirullah","nama_dusun":null,"rt":0.0,"rw":0.0,"kecamatan":"Kec. Tempe","kabupaten":"Kab. Wajo","provinsi":"Prov. Sulawesi Selatan","kode_pos":"90912","latitude":-4.1269,"longitude":120.0277,"nomor_telepon":"082271597771","email":"sdn259teddaopu@gmail.com","website":"http://","daya_listrik":220.0,"luas_tanah_milik":1935,"sumber_listrik":"PLN","akses_internet":"Wireless","akses_internet_2":"Shared","waktu_penyelenggaraan":"Sehari Penuh/5 hari","semester_id":"20261","semester_keterangan":"2026/2027 Gasal","sekolah_id":"205F76BC-0D26-E111-B949-8388140C7B19","koordinat_valid":true,"validasi":"verified_official","sumber_data":"Kemendikdasmen - Sekolah Kita","sumber_koordinat":"Kemendikdasmen - Sekolah Kita API full-detail","tanggal_pengambilan":"2026-09-30"},"geometry":{"type":"Point","coordinates":[120.0277,-4.1269]}},{"type":"Feature","properties":{"npsn":"40303462","nama_sekolah":"UPTD SDN 260 LAPONGKODA","bentuk_pendidikan":"SD","status_sekolah":"NEGERI","akreditasi":"B","alamat_jalan":"Jl. Bayangkara Sengkang","nama_dusun":null,"rt":0.0,"rw":0.0,"kecamatan":"Kec. Tempe","kabupaten":"Kab. Wajo","provinsi":"Prov. Sulawesi Selatan","kode_pos":"90913","latitude":-4.1344,"longitude":120.0359,"nomor_telepon":null,"email":"lapongkodasdn260@gmail.com","website":"http://","daya_listrik":1300.0,"luas_tanah_milik":3675,"sumber_listrik":"PLN","akses_internet":"Wireless","akses_internet_2":"Shared","waktu_penyelenggaraan":"Sehari Penuh/5 hari","semester_id":"20261","semester_keterangan":"2026/2027 Gasal","sekolah_id":"008776BC-0D26-E111-B769-F1F39E04AA09","koordinat_valid":true,"validasi":"verified_official","sumber_data":"Kemendikdasmen - Sekolah Kita","sumber_koordinat":"Kemendikdasmen - Sekolah Kita API full-detail","tanggal_pengambilan":"2026-09-30"},"geometry":{"type":"Point","coordinates":[120.0359,-4.1344]}},{"type":"Feature","properties":{"npsn":"40303463","nama_sekolah":"UPTD SDN 261 SIENGKANG","bentuk_pendidikan":"SD","status_sekolah":"NEGERI","akreditasi":"B","alamat_jalan":"Jl Tolanca No.13  Sengkang","nama_dusun":"LIMPOMAJANG","rt":0.0,"rw":0.0,"kecamatan":"Kec. Tempe","kabupaten":"Kab. Wajo","provinsi":"Prov. Sulawesi Selatan","kode_pos":"90914","latitude":-4.1389,"longitude":120.0342,"nomor_telepon":null,"email":"duesasiengkang@yahoo.co.id","website":"http://","daya_listrik":900.0,"luas_tanah_milik":1575,"sumber_listrik":"PLN","akses_internet":"Fibre Optic","akses_internet_2":"Dedicated","waktu_penyelenggaraan":"Pagi/5 hari","semester_id":"20261","semester_keterangan":"2026/2027 Gasal","sekolah_id":"C0B176BC-0D26-E111-9EB3-6D399AE6D201","koordinat_valid":true,"validasi":"verified_official","sumber_data":"Kemendikdasmen - Sekolah Kita","sumber_koordinat":"Kemendikdasmen - Sekolah Kita API full-detail","tanggal_pengambilan":"2026-09-30"},"geometry":{"type":"Point","coordinates":[120.0342,-4.1389]}},{"type":"Feature","properties":{"npsn":"40303464","nama_sekolah":"UPTD SDN 262 BULUPABBULU","bentuk_pendidikan":"SD","status_sekolah":"NEGERI","akreditasi":"A","alamat_jalan":"Jl. Beringin","nama_dusun":null,"rt":0.0,"rw":0.0,"kecamatan":"Kec. Tempe","kabupaten":"Kab. Wajo","provinsi":"Prov. Sulawesi Selatan","kode_pos":"90911","latitude":-4.1183,"longitude":120.0338,"nomor_telepon":"081342713478","email":"anita_sabaruddin@yahoo.com","website":"http://","daya_listrik":2200.0,"luas_tanah_milik":2595,"sumber_listrik":"PLN","akses_internet":"Wireless","akses_internet_2":"Shared","waktu_penyelenggaraan":"Pagi/5 hari","semester_id":"20261","semester_keterangan":"2026/2027 Gasal","sekolah_id":"C0D776BC-0D26-E111-96C9-7BDBC1A5DE1C","koordinat_valid":true,"validasi":"verified_official","sumber_data":"Kemendikdasmen - Sekolah Kita","sumber_koordinat":"Kemendikdasmen - Sekolah Kita API full-detail","tanggal_pengambilan":"2026-09-30"},"geometry":{"type":"Point","coordinates":[120.0338,-4.1183]}},{"type":"Feature","properties":{"npsn":"40303465","nama_sekolah":"UPTD SDN 263 CEMPALAGI","bentuk_pendidikan":"SD","status_sekolah":"NEGERI","akreditasi":"B","alamat_jalan":"Leppangeng","nama_dusun":"Leppangeng","rt":0.0,"rw":0.0,"kecamatan":"Kec. Tempe","kabupaten":"Kab. Wajo","provinsi":"Prov. Sulawesi Selatan","kode_pos":"90911","latitude":-4.1142,"longitude":120.0562,"nomor_telepon":"082293005216","email":"sdnduaenamtigacempalagi@yahoo.com","website":"http://","daya_listrik":1300.0,"luas_tanah_milik":6149,"sumber_listrik":"PLN","akses_internet":"Fibre Optic","akses_internet_2":"Dedicated","waktu_penyelenggaraan":"Pagi/5 hari","semester_id":"20261","semester_keterangan":"2026/2027 Gasal","sekolah_id":"20FD76BC-0D26-E111-A7E4-BD3A57247D48","koordinat_valid":true,"validasi":"verified_official","sumber_data":"Kemendikdasmen - Sekolah Kita","sumber_koordinat":"Kemendikdasmen - Sekolah Kita API full-detail","tanggal_pengambilan":"2026-09-30"},"geometry":{"type":"Point","coordinates":[120.0562,-4.1142]}},{"type":"Feature","properties":{"npsn":"40303088","nama_sekolah":"UPTD SDN 3 MADDUKKELLENG","bentuk_pendidikan":"SD","status_sekolah":"NEGERI","akreditasi":"A","alamat_jalan":"Jl. Durian No. 3 Sengkang","nama_dusun":"Maddukkelleng","rt":0.0,"rw":0.0,"kecamatan":"Kec. Tempe","kabupaten":"Kab. Wajo","provinsi":"Prov. Sulawesi Selatan","kode_pos":"90915","latitude":-4.1435,"longitude":120.0328,"nomor_telepon":"082297747058","email":"sdntigamaddukkelleng@gmail.com","website":"http://","daya_listrik":2200.0,"luas_tanah_milik":756,"sumber_listrik":"PLN","akses_internet":"Wireless","akses_internet_2":"Shared","waktu_penyelenggaraan":"Pagi/5 hari","semester_id":"20261","semester_keterangan":"2026/2027 Gasal","sekolah_id":"206372BC-0D26-E111-89EA-D53E233ADD1A","koordinat_valid":true,"validasi":"verified_official","sumber_data":"Kemendikdasmen - Sekolah Kita","sumber_koordinat":"Kemendikdasmen - Sekolah Kita API full-detail","tanggal_pengambilan":"2026-09-30"},"geometry":{"type":"Point","coordinates":[120.0328,-4.1435]}},{"type":"Feature","properties":{"npsn":"40303121","nama_sekolah":"UPTD SDN 331 TEMPE","bentuk_pendidikan":"SD","status_sekolah":"NEGERI","akreditasi":"B","alamat_jalan":"Jl. Lapaddaga","nama_dusun":null,"rt":0.0,"rw":0.0,"kecamatan":"Kec. Tempe","kabupaten":"Kab. Wajo","provinsi":"Prov. Sulawesi Selatan","kode_pos":"90911","latitude":-4.1252,"longitude":120.0241,"nomor_telepon":"085299844597","email":"sdntigatigasatutempe@gmail.com","website":"http://","daya_listrik":900.0,"luas_tanah_milik":2520,"sumber_listrik":"PLN","akses_internet":"Wireless","akses_internet_2":"Shared","waktu_penyelenggaraan":"Pagi/5 hari","semester_id":"20261","semester_keterangan":"2026/2027 Gasal","sekolah_id":"004C77BC-0D26-E111-9CDE-8D85224BE3A9","koordinat_valid":true,"validasi":"verified_official","sumber_data":"Kemendikdasmen - Sekolah Kita","sumber_koordinat":"Kemendikdasmen - Sekolah Kita API full-detail","tanggal_pengambilan":"2026-09-30"},"geometry":{"type":"Point","coordinates":[120.0241,-4.1252]}},{"type":"Feature","properties":{"npsn":"40303122","nama_sekolah":"UPTD SDN 332 MATTIROTAPPARENG","bentuk_pendidikan":"SD","status_sekolah":"NEGERI","akreditasi":"B","alamat_jalan":"Jl Budi Utomo No. 70 Sengkang","nama_dusun":null,"rt":0.0,"rw":0.0,"kecamatan":"Kec. Tempe","kabupaten":"Kab. Wajo","provinsi":"Prov. Sulawesi Selatan","kode_pos":"90911","latitude":-4.1173,"longitude":120.0222,"nomor_telepon":"085333111433","email":"sdn332mattirotappareng@gmail.com","website":"http://sdn332mattirotappareng.com","daya_listrik":900.0,"luas_tanah_milik":2500,"sumber_listrik":"PLN","akses_internet":"Fibre Optic","akses_internet_2":"Dedicated","waktu_penyelenggaraan":"Pagi/5 hari","semester_id":"20261","semester_keterangan":"2026/2027 Gasal","sekolah_id":"B07377BC-0D26-E111-882D-61B51B4CB943","koordinat_valid":true,"validasi":"verified_official","sumber_data":"Kemendikdasmen - Sekolah Kita","sumber_koordinat":"Kemendikdasmen - Sekolah Kita API full-detail","tanggal_pengambilan":"2026-09-30"},"geometry":{"type":"Point","coordinates":[120.0222,-4.1173]}},{"type":"Feature","properties":{"npsn":"40303066","nama_sekolah":"UPTD SDN 373 LAELO","bentuk_pendidikan":"SD","status_sekolah":"NEGERI","akreditasi":"B","alamat_jalan":"Jl. Sekolah No. 49 Baru Orai","nama_dusun":null,"rt":0.0,"rw":0.0,"kecamatan":"Kec. Tempe","kabupaten":"Kab. Wajo","provinsi":"Prov. Sulawesi Selatan","kode_pos":"90917","latitude":-4.1277,"longitude":120.0166,"nomor_telepon":"0","email":"sdn373laelo@yahoo.com","website":"http://","daya_listrik":1300.0,"luas_tanah_milik":5100,"sumber_listrik":"PLN","akses_internet":"Seluler","akses_internet_2":"Shared","waktu_penyelenggaraan":"Pagi/5 hari","semester_id":"20261","semester_keterangan":"2026/2027 Gasal","sekolah_id":"80C877BC-0D26-E111-80A2-4BE3ED816203","koordinat_valid":true,"validasi":"verified_official","sumber_data":"Kemendikdasmen - Sekolah Kita","sumber_koordinat":"Kemendikdasmen - Sekolah Kita API full-detail","tanggal_pengambilan":"2026-09-30"},"geometry":{"type":"Point","coordinates":[120.0166,-4.1277]}},{"type":"Feature","properties":{"npsn":"40303059","nama_sekolah":"UPTD SDN 4 MADDUKKELLENG","bentuk_pendidikan":"SD","status_sekolah":"NEGERI","akreditasi":"A","alamat_jalan":"Jl. Durian No. 3 Sengkang","nama_dusun":"Maddukkelleng","rt":0.0,"rw":0.0,"kecamatan":"Kec. Tempe","kabupaten":"Kab. Wajo","provinsi":"Prov. Sulawesi Selatan","kode_pos":"90915","latitude":-4.1437,"longitude":120.0326,"nomor_telepon":"048521649","email":"sdnempatmaddukkelleng@gmail.com","website":"https://sdnempatmaddukkelleng.sch.id","daya_listrik":2200.0,"luas_tanah_milik":3290,"sumber_listrik":"PLN","akses_internet":"Wireless","akses_internet_2":"Dedicated","waktu_penyelenggaraan":"Pagi/5 hari","semester_id":"20261","semester_keterangan":"2026/2027 Gasal","sekolah_id":"208872BC-0D26-E111-9F69-758394149813","koordinat_valid":true,"validasi":"verified_official","sumber_data":"Kemendikdasmen - Sekolah Kita","sumber_koordinat":"Kemendikdasmen - Sekolah Kita API full-detail","tanggal_pengambilan":"2026-09-30"},"geometry":{"type":"Point","coordinates":[120.0326,-4.1437]}},{"type":"Feature","properties":{"npsn":"40303216","nama_sekolah":"UPTD SDN 5 MADDUKKELLENG","bentuk_pendidikan":"SD","status_sekolah":"NEGERI","akreditasi":"B","alamat_jalan":"Jl. Serikaya","nama_dusun":"-","rt":1.0,"rw":1.0,"kecamatan":"Kec. Tempe","kabupaten":"Kab. Wajo","provinsi":"Prov. Sulawesi Selatan","kode_pos":"90914","latitude":-4.1422,"longitude":120.0381,"nomor_telepon":"081342350459","email":"sdn5maddukkelleng@gmail.com","website":"http://","daya_listrik":1300.0,"luas_tanah_milik":3200,"sumber_listrik":"PLN","akses_internet":"Wireless","akses_internet_2":"Shared","waktu_penyelenggaraan":"Pagi/5 hari","semester_id":"20261","semester_keterangan":"2026/2027 Gasal","sekolah_id":"A0B272BC-0D26-E111-A92D-51B7B62034E0","koordinat_valid":true,"validasi":"verified_official","sumber_data":"Kemendikdasmen - Sekolah Kita","sumber_koordinat":"Kemendikdasmen - Sekolah Kita API full-detail","tanggal_pengambilan":"2026-09-30"},"geometry":{"type":"Point","coordinates":[120.0381,-4.1422]}},{"type":"Feature","properties":{"npsn":"40303244","nama_sekolah":"UPTD SDN 6 LAPONGKODA","bentuk_pendidikan":"SD","status_sekolah":"NEGERI","akreditasi":"B","alamat_jalan":"Jl. Batam No. 3 Sengkang","nama_dusun":"Lapongkoda","rt":0.0,"rw":0.0,"kecamatan":"Kec. Tempe","kabupaten":"Kab. Wajo","provinsi":"Prov. Sulawesi Selatan","kode_pos":"90913","latitude":-4.1351,"longitude":120.0318,"nomor_telepon":"08114451103","email":"sdn6lapongkoda61@gmail.com","website":"http://","daya_listrik":2200.0,"luas_tanah_milik":2064,"sumber_listrik":"PLN","akses_internet":"Wireless","akses_internet_2":"Shared","waktu_penyelenggaraan":"Pagi/5 hari","semester_id":"20261","semester_keterangan":"2026/2027 Gasal","sekolah_id":"30DA72BC-0D26-E111-B03D-F162558D7E4C","koordinat_valid":true,"validasi":"verified_official","sumber_data":"Kemendikdasmen - Sekolah Kita","sumber_koordinat":"Kemendikdasmen - Sekolah Kita API full-detail","tanggal_pengambilan":"2026-09-30"},"geometry":{"type":"Point","coordinates":[120.0318,-4.1351]}},{"type":"Feature","properties":{"npsn":"40303270","nama_sekolah":"UPTD SDN 7 MADDUKKELLENG","bentuk_pendidikan":"SD","status_sekolah":"NEGERI","akreditasi":"B","alamat_jalan":"Jl. Wr. Monginsidi Stp. 4 Sengkang","nama_dusun":null,"rt":0.0,"rw":0.0,"kecamatan":"Kec. Tempe","kabupaten":"Kab. Wajo","provinsi":"Prov. Sulawesi Selatan","kode_pos":"90915","latitude":-4.1439,"longitude":120.0358,"nomor_telepon":"0","email":"sdn7_maddukelleng@yahoo.com","website":"http://","daya_listrik":900.0,"luas_tanah_milik":2625,"sumber_listrik":"PLN","akses_internet":"Seluler","akses_internet_2":"Broadband","waktu_penyelenggaraan":"Pagi/5 hari","semester_id":"20261","semester_keterangan":"2026/2027 Gasal","sekolah_id":"000273BC-0D26-E111-B523-8F41059A3BFE","koordinat_valid":true,"validasi":"verified_official","sumber_data":"Kemendikdasmen - Sekolah Kita","sumber_koordinat":"Kemendikdasmen - Sekolah Kita API full-detail","tanggal_pengambilan":"2026-09-30"},"geometry":{"type":"Point","coordinates":[120.0358,-4.1439]}},{"type":"Feature","properties":{"npsn":"40303249","nama_sekolah":"UPTD SDN 8 WIRINGPALENNAE","bentuk_pendidikan":"SD","status_sekolah":"NEGERI","akreditasi":"A","alamat_jalan":"Jl. Puyuh","nama_dusun":"Wiringpalennae","rt":1.0,"rw":1.0,"kecamatan":"Kec. Tempe","kabupaten":"Kab. Wajo","provinsi":"Prov. Sulawesi Selatan","kode_pos":"90918","latitude":-4.1409,"longitude":120.0281,"nomor_telepon":"085242212234","email":"sdn8wirimpalennae@yahoo.com","website":"http://","daya_listrik":900.0,"luas_tanah_milik":1105,"sumber_listrik":"PLN","akses_internet":"Wireless","akses_internet_2":"Shared","waktu_penyelenggaraan":"Pagi/5 hari","semester_id":"20261","semester_keterangan":"2026/2027 Gasal","sekolah_id":"A03173BC-0D26-E111-9EFE-5FBB0F9822B5","koordinat_valid":true,"validasi":"verified_official","sumber_data":"Kemendikdasmen - Sekolah Kita","sumber_koordinat":"Kemendikdasmen - Sekolah Kita API full-detail","tanggal_pengambilan":"2026-09-30"},"geometry":{"type":"Point","coordinates":[120.0281,-4.1409]}},{"type":"Feature","properties":{"npsn":"40303259","nama_sekolah":"UPTD SDN 9 SITAMPAE","bentuk_pendidikan":"SD","status_sekolah":"NEGERI","akreditasi":"A","alamat_jalan":"Jl. Bajo Lr. IV Tampangeng","nama_dusun":"SITAMPAE","rt":0.0,"rw":0.0,"kecamatan":"Kec. Tempe","kabupaten":"Kab. Wajo","provinsi":"Prov. Sulawesi Selatan","kode_pos":"90916","latitude":-4.1545,"longitude":120.0484,"nomor_telepon":"081244678425","email":"sdn.9.sitampae@gmail.com","website":"http://","daya_listrik":2200.0,"luas_tanah_milik":2500,"sumber_listrik":"PLN","akses_internet":"Wireless","akses_internet_2":"Broadband","waktu_penyelenggaraan":"Pagi/5 hari","semester_id":"20261","semester_keterangan":"2026/2027 Gasal","sekolah_id":"C05D73BC-0D26-E111-957C-E1444E59523B","koordinat_valid":true,"validasi":"verified_official","sumber_data":"Kemendikdasmen - Sekolah Kita","sumber_koordinat":"Kemendikdasmen - Sekolah Kita API full-detail","tanggal_pengambilan":"2026-09-30"},"geometry":{"type":"Point","coordinates":[120.0484,-4.1545]}},{"type":"Feature","properties":{"npsn":"P9963171","nama_sekolah":"UPTD SPNF SKB","bentuk_pendidikan":"SKB","status_sekolah":"NEGERI","akreditasi":"B","alamat_jalan":"Jl. Lembu No. 69 Sengkang","nama_dusun":"Lapesongko Utara","rt":null,"rw":null,"kecamatan":"Kec. Tempe","kabupaten":"Kab. Wajo","provinsi":"Prov. Sulawesi Selatan","kode_pos":"90911","latitude":-4.1187,"longitude":120.0269,"nomor_telepon":"082311505516","email":"spnf.skbwajo21@gmail.com","website":"http://-","daya_listrik":6600.0,"luas_tanah_milik":5015,"sumber_listrik":"PLN","akses_internet":"Fibre Optic","akses_internet_2":"Dedicated","waktu_penyelenggaraan":"Sehari Penuh/5 hari","semester_id":"20261","semester_keterangan":"2026/2027 Gasal","sekolah_id":"1FCF3DB8-50C8-41E8-85E8-57060CA94150","koordinat_valid":true,"validasi":"verified_official","sumber_data":"Kemendikdasmen - Sekolah Kita","sumber_koordinat":"Kemendikdasmen - Sekolah Kita API full-detail","tanggal_pengambilan":"2026-09-30"},"geometry":{"type":"Point","coordinates":[120.0269,-4.1187]}},{"type":"Feature","properties":{"npsn":"69981572","nama_sekolah":"SLB MIRAH EDUKASI WAJO","bentuk_pendidikan":"SLB","status_sekolah":"SWASTA","akreditasi":"C","alamat_jalan":"Jln.Poros Makassar-Palopo Benteng","nama_dusun":"BENTENG","rt":null,"rw":null,"kecamatan":"Kec. Pitumpanua","kabupaten":"Kab. Wajo","provinsi":"Prov. Sulawesi Selatan","kode_pos":"90992","latitude":-3.7258,"longitude":120.3811,"nomor_telepon":"08124570722","email":"slbmirah@gmail.com","website":"http://","daya_listrik":2200.0,"luas_tanah_milik":411,"sumber_listrik":"PLN","akses_internet":"Seluler","akses_internet_2":"Broadband","waktu_penyelenggaraan":"Pagi/5 hari","semester_id":"20261","semester_keterangan":"2026/2027 Gasal","sekolah_id":"1EF8B1D3-A3A5-4EDA-BD7D-2108C5C5103A","koordinat_valid":true,"validasi":"verified_official","sumber_data":"Kemendikdasmen - Sekolah Kita","sumber_koordinat":"Kemendikdasmen - Sekolah Kita API full-detail","tanggal_pengambilan":"2026-09-30"},"geometry":{"type":"Point","coordinates":[120.3811,-3.7258]}},{"type":"Feature","properties":{"npsn":"40318355","nama_sekolah":"SLBN 1 WAJO","bentuk_pendidikan":"SLB","status_sekolah":"NEGERI","akreditasi":"A","alamat_jalan":"Jl. Serikaya No. 13 Sengkang","nama_dusun":null,"rt":0.0,"rw":0.0,"kecamatan":"Kec. Tempe","kabupaten":"Kab. Wajo","provinsi":"Prov. Sulawesi Selatan","kode_pos":"90911","latitude":-4.1422,"longitude":120.0357,"nomor_telepon":"0485324619","email":"dapodikslbn1wajo@gmail.com","website":"http://slbn1.wajo.sch.id","daya_listrik":5500.0,"luas_tanah_milik":4715,"sumber_listrik":"PLN","akses_internet":"Wireless","akses_internet_2":"Shared","waktu_penyelenggaraan":"Sehari Penuh/5 hari","semester_id":"20261","semester_keterangan":"2026/2027 Gasal","sekolah_id":"10F577BC-0D26-E111-9657-33F2768AD97A","koordinat_valid":true,"validasi":"verified_official","sumber_data":"Kemendikdasmen - Sekolah Kita","sumber_koordinat":"Kemendikdasmen - Sekolah Kita API full-detail","tanggal_pengambilan":"2026-09-30"},"geometry":{"type":"Point","coordinates":[120.0357,-4.1422]}},{"type":"Feature","properties":{"npsn":"40303175","nama_sekolah":"SMAN 5 WAJO","bentuk_pendidikan":"SMA","status_sekolah":"NEGERI","akreditasi":"A","alamat_jalan":"JL. KEMAKMURAN ONGKOE","nama_dusun":"Ongko","rt":1.0,"rw":1.0,"kecamatan":"Kec. Belawa","kabupaten":"Kab. Wajo","provinsi":"Prov. Sulawesi Selatan","kode_pos":"90953","latitude":-3.9607,"longitude":119.9393,"nomor_telepon":"04213583206","email":"infouptsman5wajo@gmail.com","website":"http://www.smanegeri1belawa.sch.id","daya_listrik":11000.0,"luas_tanah_milik":15090,"sumber_listrik":"PLN","akses_internet":"Wireless","akses_internet_2":"Broadband","waktu_penyelenggaraan":"Sehari Penuh/5 hari","semester_id":"20261","semester_keterangan":"2026/2027 Gasal","sekolah_id":"A5B47A48-3153-426E-AA3C-80570B75F379","koordinat_valid":true,"validasi":"verified_official","sumber_data":"Kemendikdasmen - Sekolah Kita","sumber_koordinat":"Kemendikdasmen - Sekolah Kita API full-detail","tanggal_pengambilan":"2026-09-30"},"geometry":{"type":"Point","coordinates":[119.9393,-3.9607]}},{"type":"Feature","properties":{"npsn":"40313254","nama_sekolah":"SMAN 13 WAJO","bentuk_pendidikan":"SMA","status_sekolah":"NEGERI","akreditasi":"B","alamat_jalan":"JL. A. MAKKARAKA (POROS SOLO-PENEKI)","nama_dusun":"WAETUO","rt":0.0,"rw":0.0,"kecamatan":"Kec. Bola","kabupaten":"Kab. Wajo","provinsi":"Prov. Sulawesi Selatan","kode_pos":"90984","latitude":-4.2328,"longitude":120.2467,"nomor_telepon":"082334211463","email":"sman1bola@gmail.com","website":"http://sman13wajo.sch.id","daya_listrik":5500.0,"luas_tanah_milik":6512,"sumber_listrik":"PLN","akses_internet":"Fibre Optic","akses_internet_2":"Shared","waktu_penyelenggaraan":"Sehari Penuh/5 hari","semester_id":"20261","semester_keterangan":"2026/2027 Gasal","sekolah_id":"A45F48F0-B6C3-40F1-B92A-FFE7999DC16E","koordinat_valid":true,"validasi":"verified_official","sumber_data":"Kemendikdasmen - Sekolah Kita","sumber_koordinat":"Kemendikdasmen - Sekolah Kita API full-detail","tanggal_pengambilan":"2026-09-30"},"geometry":{"type":"Point","coordinates":[120.2467,-4.2328]}},{"type":"Feature","properties":{"npsn":"69727960","nama_sekolah":"SMAS NURMILAD BOARDING SCHOOL","bentuk_pendidikan":"SMA","status_sekolah":"SWASTA","akreditasi":"A","alamat_jalan":"JL. H.A. BASO PARIA NO. 1 LEMPONG","nama_dusun":"Talagae","rt":0.0,"rw":0.0,"kecamatan":"Kec. Bola","kabupaten":"Kab. Wajo","provinsi":"Prov. Sulawesi Selatan","kode_pos":"90984","latitude":-4.1773,"longitude":120.1896,"nomor_telepon":"085242332234","email":"nurmiladboardingschool@gmail.com","website":"http://www.nurmilad.sch.id","daya_listrik":16500.0,"luas_tanah_milik":2026,"sumber_listrik":"PLN","akses_internet":"Seluler","akses_internet_2":"Shared","waktu_penyelenggaraan":"Pagi/6 hari","semester_id":"20261","semester_keterangan":"2026/2027 Gasal","sekolah_id":"709C527F-B627-4435-98F6-DAE1467D19CE","koordinat_valid":true,"validasi":"verified_official","sumber_data":"Kemendikdasmen - Sekolah Kita","sumber_koordinat":"Kemendikdasmen - Sekolah Kita API full-detail","tanggal_pengambilan":"2026-09-30"},"geometry":{"type":"Point","coordinates":[120.1896,-4.1773]}},{"type":"Feature","properties":{"npsn":"40310824","nama_sekolah":"SMAN 12 WAJO","bentuk_pendidikan":"SMA","status_sekolah":"NEGERI","akreditasi":"B","alamat_jalan":"JL. POROS MAKASSAR - PALOPO","nama_dusun":"Lajope","rt":0.0,"rw":0.0,"kecamatan":"Kec. Keera","kabupaten":"Kab. Wajo","provinsi":"Prov. Sulawesi Selatan","kode_pos":"90993","latitude":-3.8271,"longitude":120.3218,"nomor_telepon":"081355930505","email":"sman12wajo@gmail.com","website":"http://www.smansatukeera.com","daya_listrik":5500.0,"luas_tanah_milik":10550,"sumber_listrik":"PLN","akses_internet":"Seluler","akses_internet_2":"Shared","waktu_penyelenggaraan":"Pagi/5 hari","semester_id":"20261","semester_keterangan":"2026/2027 Gasal","sekolah_id":"7E01F0FC-D31B-4D5D-A442-E2B6DAE231AB","koordinat_valid":true,"validasi":"verified_official","sumber_data":"Kemendikdasmen - Sekolah Kita","sumber_koordinat":"Kemendikdasmen - Sekolah Kita API full-detail","tanggal_pengambilan":"2026-09-30"},"geometry":{"type":"Point","coordinates":[120.3218,-3.8271]}},{"type":"Feature","properties":{"npsn":"40303176","nama_sekolah":"SMAN 2 WAJO","bentuk_pendidikan":"SMA","status_sekolah":"NEGERI","akreditasi":"A","alamat_jalan":"JL. Poros Sengkang - Palopo Km. 25 Limpomajang","nama_dusun":"Limpomajang","rt":0.0,"rw":0.0,"kecamatan":"Kec. Majauleng","kabupaten":"Kab. Wajo","provinsi":"Prov. Sulawesi Selatan","kode_pos":"90991","latitude":-4.0198,"longitude":120.1553,"nomor_telepon":"0","email":"smansatumajauleng@gmail.com","website":"http://sman2wajo.sch.id","daya_listrik":5500.0,"luas_tanah_milik":31723,"sumber_listrik":"PLN","akses_internet":"Fibre Optic","akses_internet_2":"Broadband","waktu_penyelenggaraan":"Sehari Penuh/5 hari","semester_id":"20261","semester_keterangan":"2026/2027 Gasal","sekolah_id":"1B060173-5883-4764-B3F8-3B0C6751E03A","koordinat_valid":true,"validasi":"verified_official","sumber_data":"Kemendikdasmen - Sekolah Kita","sumber_koordinat":"Kemendikdasmen - Sekolah Kita API full-detail","tanggal_pengambilan":"2026-09-30"},"geometry":{"type":"Point","coordinates":[120.1553,-4.0198]}},{"type":"Feature","properties":{"npsn":"40303177","nama_sekolah":"SMAN 4 WAJO","bentuk_pendidikan":"SMA","status_sekolah":"NEGERI","akreditasi":"A","alamat_jalan":"Jalan Parepare No. 3 Anabanua","nama_dusun":"-","rt":1.0,"rw":0.0,"kecamatan":"Kec. Maniang Pajo","kabupaten":"Kab. Wajo","provinsi":"Prov. Sulawesi Selatan","kode_pos":"90952","latitude":-3.9444,"longitude":120.0634,"nomor_telepon":"0485321628","email":"kampuscemara@gmail.com","website":"http://www.uptsman4wajo.sch.id","daya_listrik":6600.0,"luas_tanah_milik":17433,"sumber_listrik":"PLN","akses_internet":"Seluler","akses_internet_2":"Dedicated","waktu_penyelenggaraan":"Pagi/5 hari","semester_id":"20261","semester_keterangan":"2026/2027 Gasal","sekolah_id":"3D417175-51EF-42A4-B7D8-7C77FD19C54F","koordinat_valid":true,"validasi":"verified_official","sumber_data":"Kemendikdasmen - Sekolah Kita","sumber_koordinat":"Kemendikdasmen - Sekolah Kita API full-detail","tanggal_pengambilan":"2026-09-30"},"geometry":{"type":"Point","coordinates":[120.0634,-3.9444]}},{"type":"Feature","properties":{"npsn":"70012169","nama_sekolah":"SMAS TAHFIDZ AL-QURAN WAHDAH ISLAMIYAH ANABANUA","bentuk_pendidikan":"SMA","status_sekolah":"SWASTA","akreditasi":"B","alamat_jalan":"Jl. Poros Palopo- Makassar Anabanua","nama_dusun":"MATTIROWALIE","rt":1.0,"rw":1.0,"kecamatan":"Kec. Maniang Pajo","kabupaten":"Kab. Wajo","provinsi":"Prov. Sulawesi Selatan","kode_pos":"90952","latitude":-3.9481,"longitude":120.0935,"nomor_telepon":"082334295814","email":"SMATQWI@GMAIL.COM","website":"https://www.instagram.com/mabas.official/","daya_listrik":22000.0,"luas_tanah_milik":40000,"sumber_listrik":"PLN","akses_internet":"Wireless","akses_internet_2":"Dedicated","waktu_penyelenggaraan":"Sehari Penuh/5 hari","semester_id":"20261","semester_keterangan":"2026/2027 Gasal","sekolah_id":"76791928-DE9F-41AC-BF27-705EF343C229","koordinat_valid":true,"validasi":"verified_official","sumber_data":"Kemendikdasmen - Sekolah Kita","sumber_koordinat":"Kemendikdasmen - Sekolah Kita API full-detail","tanggal_pengambilan":"2026-09-30"},"geometry":{"type":"Point","coordinates":[120.0935,-3.9481]}},{"type":"Feature","properties":{"npsn":"40303163","nama_sekolah":"SMAN 9 WAJO","bentuk_pendidikan":"SMA","status_sekolah":"NEGERI","akreditasi":"A","alamat_jalan":"JL. POROS SENGKANG BONE NO. 229","nama_dusun":"-","rt":0.0,"rw":0.0,"kecamatan":"Kec. Pammana","kabupaten":"Kab. Wajo","provinsi":"Prov. Sulawesi Selatan","kode_pos":"90971","latitude":-4.2013,"longitude":120.1026,"nomor_telepon":"04853211883","email":"sman1pammana@gmail.com","website":"http://sman9wajo.sch.id","daya_listrik":33000.0,"luas_tanah_milik":12091,"sumber_listrik":"PLN","akses_internet":"Fibre Optic","akses_internet_2":"Dedicated","waktu_penyelenggaraan":"Sehari Penuh/5 hari","semester_id":"20261","semester_keterangan":"2026/2027 Gasal","sekolah_id":"049FCF06-3545-4336-9BAE-6C5D6CD5FE0E","koordinat_valid":true,"validasi":"verified_official","sumber_data":"Kemendikdasmen - Sekolah Kita","sumber_koordinat":"Kemendikdasmen - Sekolah Kita API full-detail","tanggal_pengambilan":"2026-09-30"},"geometry":{"type":"Point","coordinates":[120.1026,-4.2013]}},{"type":"Feature","properties":{"npsn":"40303162","nama_sekolah":"SMAN 8 WAJO","bentuk_pendidikan":"SMA","status_sekolah":"NEGERI","akreditasi":"A","alamat_jalan":"JL. RADDAE POROS DOPING - JALANG","nama_dusun":"RADDAE","rt":0.0,"rw":0.0,"kecamatan":"Kec. Penrang","kabupaten":"Kab. Wajo","provinsi":"Prov. Sulawesi Selatan","kode_pos":"90983","latitude":-4.0649,"longitude":120.3006,"nomor_telepon":"085399384099","email":"sman8wajo@gmail.com","website":"http://www.sman8wajo.sch.id","daya_listrik":3500.0,"luas_tanah_milik":12400,"sumber_listrik":"PLN","akses_internet":"Seluler","akses_internet_2":"Broadband","waktu_penyelenggaraan":"Pagi/5 hari","semester_id":"20261","semester_keterangan":"2026/2027 Gasal","sekolah_id":"35AB1A89-5397-4A7E-AB76-79BEC1348306","koordinat_valid":true,"validasi":"verified_official","sumber_data":"Kemendikdasmen - Sekolah Kita","sumber_koordinat":"Kemendikdasmen - Sekolah Kita API full-detail","tanggal_pengambilan":"2026-09-30"},"geometry":{"type":"Point","coordinates":[120.3006,-4.0649]}},{"type":"Feature","properties":{"npsn":"40314638","nama_sekolah":"SMAN 14 WAJO","bentuk_pendidikan":"SMA","status_sekolah":"NEGERI","akreditasi":"B","alamat_jalan":"JL. ANDI CAPPE NO.99","nama_dusun":"Lompoloang","rt":0.0,"rw":0.0,"kecamatan":"Kec. Pitumpanua","kabupaten":"Kab. Wajo","provinsi":"Prov. Sulawesi Selatan","kode_pos":"90992","latitude":-3.7288,"longitude":120.3472,"nomor_telepon":"081245187249","email":"sman2pitumpanua.kepeg@ymail.com","website":"http://","daya_listrik":5500.0,"luas_tanah_milik":9660,"sumber_listrik":"PLN","akses_internet":"Fibre Optic","akses_internet_2":"Shared","waktu_penyelenggaraan":"Pagi/5 hari","semester_id":"20261","semester_keterangan":"2026/2027 Gasal","sekolah_id":"27927773-4834-47A7-BF8C-DD6ADED8ED96","koordinat_valid":true,"validasi":"verified_official","sumber_data":"Kemendikdasmen - Sekolah Kita","sumber_koordinat":"Kemendikdasmen - Sekolah Kita API full-detail","tanggal_pengambilan":"2026-09-30"},"geometry":{"type":"Point","coordinates":[120.3472,-3.7288]}},{"type":"Feature","properties":{"npsn":"40303148","nama_sekolah":"SMAN 6 WAJO","bentuk_pendidikan":"SMA","status_sekolah":"NEGERI","akreditasi":"A","alamat_jalan":"JL. POROS PALOPO-MAKASSAR","nama_dusun":"-","rt":0.0,"rw":0.0,"kecamatan":"Kec. Pitumpanua","kabupaten":"Kab. Wajo","provinsi":"Prov. Sulawesi Selatan","kode_pos":"90992","latitude":-3.7165,"longitude":120.4051,"nomor_telepon":"0472321579","email":"sman06wajo@gmail.com","website":"sman6wajo.sch.id","daya_listrik":33000.0,"luas_tanah_milik":12100,"sumber_listrik":"PLN","akses_internet":"Fibre Optic","akses_internet_2":"Broadband","waktu_penyelenggaraan":"Sehari Penuh/5 hari","semester_id":"20261","semester_keterangan":"2026/2027 Gasal","sekolah_id":"5CF3267E-89AC-445A-95C3-AFB68359B20F","koordinat_valid":true,"validasi":"verified_official","sumber_data":"Kemendikdasmen - Sekolah Kita","sumber_koordinat":"Kemendikdasmen - Sekolah Kita API full-detail","tanggal_pengambilan":"2026-09-30"},"geometry":{"type":"Point","coordinates":[120.4051,-3.7165]}},{"type":"Feature","properties":{"npsn":"69959951","nama_sekolah":"SMAS TAHFIDZ AL-QURAN AL-MUMINUN","bentuk_pendidikan":"SMA","status_sekolah":"SWASTA","akreditasi":"C","alamat_jalan":"JL. POROS MAKASSAR - PALOPO","nama_dusun":"Tellesang","rt":null,"rw":null,"kecamatan":"Kec. Pitumpanua","kabupaten":"Kab. Wajo","provinsi":"Prov. Sulawesi Selatan","kode_pos":"90992","latitude":-3.6743,"longitude":120.3992,"nomor_telepon":"085241943552","email":"smatqalmuminun@gmail.com","website":"http://","daya_listrik":7700.0,"luas_tanah_milik":6000,"sumber_listrik":"PLN","akses_internet":"Fibre Optic","akses_internet_2":"Broadband","waktu_penyelenggaraan":"Pagi/6 hari","semester_id":"20261","semester_keterangan":"2026/2027 Gasal","sekolah_id":"9E1626F1-D899-4654-B18A-72D1A6A4DCBE","koordinat_valid":true,"validasi":"verified_official","sumber_data":"Kemendikdasmen - Sekolah Kita","sumber_koordinat":"Kemendikdasmen - Sekolah Kita API full-detail","tanggal_pengambilan":"2026-09-30"},"geometry":{"type":"Point","coordinates":[120.3992,-3.6743]}},{"type":"Feature","properties":{"npsn":"40310825","nama_sekolah":"SMAN 10 WAJO","bentuk_pendidikan":"SMA","status_sekolah":"NEGERI","akreditasi":"A","alamat_jalan":"JL. POROS SENGKANG SOPPENG","nama_dusun":"-","rt":0.0,"rw":0.0,"kecamatan":"Kec. Sabbangparu","kabupaten":"Kab. Wajo","provinsi":"Prov. Sulawesi Selatan","kode_pos":"90961","latitude":-4.1836,"longitude":120.019,"nomor_telepon":null,"email":"sman10wajo@gmail.com","website":"http://sman10wajo.sch.id","daya_listrik":5500.0,"luas_tanah_milik":9816,"sumber_listrik":"PLN","akses_internet":"Fibre Optic","akses_internet_2":"Broadband","waktu_penyelenggaraan":"Pagi/5 hari","semester_id":"20261","semester_keterangan":"2026/2027 Gasal","sekolah_id":"622D5E06-122C-4771-9400-AB8B7AD60633","koordinat_valid":true,"validasi":"verified_official","sumber_data":"Kemendikdasmen - Sekolah Kita","sumber_koordinat":"Kemendikdasmen - Sekolah Kita API full-detail","tanggal_pengambilan":"2026-09-30"},"geometry":{"type":"Point","coordinates":[120.019,-4.1836]}},{"type":"Feature","properties":{"npsn":"40314692","nama_sekolah":"SMAN 15 WAJO","bentuk_pendidikan":"SMA","status_sekolah":"NEGERI","akreditasi":"B","alamat_jalan":"JL. POROS PALOPO-MAKASSAR DESA SALOBULO KEC.SAJOANGING KAB WAJO","nama_dusun":"Salobulo","rt":0.0,"rw":0.0,"kecamatan":"Kec. Sajo Anging","kabupaten":"Kab. Wajo","provinsi":"Prov. Sulawesi Selatan","kode_pos":"90982","latitude":-3.9382,"longitude":120.2668,"nomor_telepon":"082343567888","email":"info@sman15wajo.sch.id","website":"http://sman15wajo.sch.id","daya_listrik":2200.0,"luas_tanah_milik":15000,"sumber_listrik":"PLN","akses_internet":"Fibre Optic","akses_internet_2":"Shared","waktu_penyelenggaraan":"Pagi/5 hari","semester_id":"20261","semester_keterangan":"2026/2027 Gasal","sekolah_id":"49682F37-3B2D-4D7E-AF35-1B26A3D49C97","koordinat_valid":true,"validasi":"verified_official","sumber_data":"Kemendikdasmen - Sekolah Kita","sumber_koordinat":"Kemendikdasmen - Sekolah Kita API full-detail","tanggal_pengambilan":"2026-09-30"},"geometry":{"type":"Point","coordinates":[120.2668,-3.9382]}},{"type":"Feature","properties":{"npsn":"40310826","nama_sekolah":"SMAN 11 WAJO","bentuk_pendidikan":"SMA","status_sekolah":"NEGERI","akreditasi":"A","alamat_jalan":"JL. A. MADDAREMMENG NO. 2","nama_dusun":"-","rt":0.0,"rw":0.0,"kecamatan":"Kec. Takkalala","kabupaten":"Kab. Wajo","provinsi":"Prov. Sulawesi Selatan","kode_pos":"90981","latitude":-4.1514,"longitude":120.2727,"nomor_telepon":"085399384099","email":"sman11wajo@gmail.com","website":"http://sman11wajo.sch.id","daya_listrik":1300.0,"luas_tanah_milik":11960,"sumber_listrik":"PLN","akses_internet":"Wireless","akses_internet_2":"Shared","waktu_penyelenggaraan":"Sehari Penuh/5 hari","semester_id":"20261","semester_keterangan":"2026/2027 Gasal","sekolah_id":"8AE2F358-1F87-4139-B1F9-1A37CDE500CB","koordinat_valid":true,"validasi":"verified_official","sumber_data":"Kemendikdasmen - Sekolah Kita","sumber_koordinat":"Kemendikdasmen - Sekolah Kita API full-detail","tanggal_pengambilan":"2026-09-30"},"geometry":{"type":"Point","coordinates":[120.2727,-4.1514]}},{"type":"Feature","properties":{"npsn":"40303174","nama_sekolah":"SMA PUANGRIMANGGALATUNG SENGKANG","bentuk_pendidikan":"SMA","status_sekolah":"SWASTA","akreditasi":"C","alamat_jalan":"JL. SULTAN HASANUDDIN NO. 27 SENGKANG","nama_dusun":"TAMPANGENG","rt":0.0,"rw":0.0,"kecamatan":"Kec. Tempe","kabupaten":"Kab. Wajo","provinsi":"Prov. Sulawesi Selatan","kode_pos":"90915","latitude":-4.1512,"longitude":120.0388,"nomor_telepon":"048521594","email":"smaprima40@gmail.com","website":"http://www.smaprima.sch.id","daya_listrik":2200.0,"luas_tanah_milik":4000,"sumber_listrik":"PLN","akses_internet":"Fibre Optic","akses_internet_2":"Broadband","waktu_penyelenggaraan":"Pagi/6 hari","semester_id":"20261","semester_keterangan":"2026/2027 Gasal","sekolah_id":"4F6A05FB-F6C0-416E-B5D2-7B3CB1F0B368","koordinat_valid":true,"validasi":"verified_official","sumber_data":"Kemendikdasmen - Sekolah Kita","sumber_koordinat":"Kemendikdasmen - Sekolah Kita API full-detail","tanggal_pengambilan":"2026-09-30"},"geometry":{"type":"Point","coordinates":[120.0388,-4.1512]}},{"type":"Feature","properties":{"npsn":"40303149","nama_sekolah":"SMAN 1 WAJO","bentuk_pendidikan":"SMA","status_sekolah":"NEGERI","akreditasi":"A","alamat_jalan":"JL. LAMUNGKACE TOADDAMANG NO.9 SENGKANG","nama_dusun":"Padduppa","rt":0.0,"rw":0.0,"kecamatan":"Kec. Tempe","kabupaten":"Kab. Wajo","provinsi":"Prov. Sulawesi Selatan","kode_pos":"90914","latitude":-4.1373,"longitude":120.035,"nomor_telepon":"085182720906","email":"smansasengkang@yahoo.co.id","website":"http://www.sman1sengkang.sch.id","daya_listrik":13200.0,"luas_tanah_milik":10643,"sumber_listrik":"PLN","akses_internet":"Fibre Optic","akses_internet_2":"Shared","waktu_penyelenggaraan":"Pagi/5 hari","semester_id":"20261","semester_keterangan":"2026/2027 Gasal","sekolah_id":"5F3D6DEC-5C44-4CF6-BCB6-2EDA87587077","koordinat_valid":true,"validasi":"verified_official","sumber_data":"Kemendikdasmen - Sekolah Kita","sumber_koordinat":"Kemendikdasmen - Sekolah Kita API full-detail","tanggal_pengambilan":"2026-09-30"},"geometry":{"type":"Point","coordinates":[120.035,-4.1373]}},{"type":"Feature","properties":{"npsn":"40303150","nama_sekolah":"SMAN 3 WAJO","bentuk_pendidikan":"SMA","status_sekolah":"NEGERI","akreditasi":"A","alamat_jalan":"JL. RUSA NO. 1 SENGKANG","nama_dusun":"-","rt":3.0,"rw":2.0,"kecamatan":"Kec. Tempe","kabupaten":"Kab. Wajo","provinsi":"Prov. Sulawesi Selatan","kode_pos":"90911","latitude":-4.1123,"longitude":120.023,"nomor_telepon":"048521087","email":"info@sman3wajo.sch.id","website":"http://www.smanegeri3wajo.sch.id","daya_listrik":3500.0,"luas_tanah_milik":28915,"sumber_listrik":"PLN","akses_internet":"Fibre Optic","akses_internet_2":"Shared","waktu_penyelenggaraan":"Pagi/5 hari","semester_id":"20261","semester_keterangan":"2026/2027 Gasal","sekolah_id":"79DAD151-A546-4C4D-9207-8096FCF881B3","koordinat_valid":true,"validasi":"verified_official","sumber_data":"Kemendikdasmen - Sekolah Kita","sumber_koordinat":"Kemendikdasmen - Sekolah Kita API full-detail","tanggal_pengambilan":"2026-09-30"},"geometry":{"type":"Point","coordinates":[120.023,-4.1123]}},{"type":"Feature","properties":{"npsn":"40303151","nama_sekolah":"SMAN 7 WAJO","bentuk_pendidikan":"SMA","status_sekolah":"NEGERI","akreditasi":"A","alamat_jalan":"JL. CENDANA SENGKANG","nama_dusun":"Labellang","rt":0.0,"rw":0.0,"kecamatan":"Kec. Tempe","kabupaten":"Kab. Wajo","provinsi":"Prov. Sulawesi Selatan","kode_pos":"90913","latitude":-4.1324,"longitude":120.0345,"nomor_telepon":"085397010594","email":"smantigskg@yahoo.co.id","website":"http://www.sman7wajo.sch.id","daya_listrik":16500.0,"luas_tanah_milik":24920,"sumber_listrik":"PLN","akses_internet":"Wireless","akses_internet_2":"Shared","waktu_penyelenggaraan":"Pagi/5 hari","semester_id":"20261","semester_keterangan":"2026/2027 Gasal","sekolah_id":"3C17C29F-566F-4407-BBFF-4D99F174B350","koordinat_valid":true,"validasi":"verified_official","sumber_data":"Kemendikdasmen - Sekolah Kita","sumber_koordinat":"Kemendikdasmen - Sekolah Kita API full-detail","tanggal_pengambilan":"2026-09-30"},"geometry":{"type":"Point","coordinates":[120.0345,-4.1324]}},{"type":"Feature","properties":{"npsn":"69956699","nama_sekolah":"SMKN 9 WAJO","bentuk_pendidikan":"SMK","status_sekolah":"NEGERI","akreditasi":"A","alamat_jalan":"Jl. Laikki Desa Sappa","nama_dusun":"Laikki","rt":null,"rw":null,"kecamatan":"Kec. Belawa","kabupaten":"Kab. Wajo","provinsi":"Prov. Sulawesi Selatan","kode_pos":"90953","latitude":-3.9587,"longitude":119.9687,"nomor_telepon":"085299409946","email":"smknegeri9wajo@gmail.com","website":"http://www.smknegeri9wajo.sch.id","daya_listrik":5500.0,"luas_tanah_milik":15362,"sumber_listrik":"PLN","akses_internet":"Wireless","akses_internet_2":"Broadband","waktu_penyelenggaraan":"Sehari Penuh/5 hari","semester_id":"20261","semester_keterangan":"2026/2027 Gasal","sekolah_id":"43B99BAC-5BBA-4D6B-AA09-07FFDADD5CAC","koordinat_valid":true,"validasi":"verified_official","sumber_data":"Kemendikdasmen - Sekolah Kita","sumber_koordinat":"Kemendikdasmen - Sekolah Kita API full-detail","tanggal_pengambilan":"2026-09-30"},"geometry":{"type":"Point","coordinates":[119.9687,-3.9587]}},{"type":"Feature","properties":{"npsn":"69956462","nama_sekolah":"SMKN 8 WAJO","bentuk_pendidikan":"SMK","status_sekolah":"NEGERI","akreditasi":"B","alamat_jalan":"Jl. H.A.Bintang","nama_dusun":"Maroanging","rt":2.0,"rw":2.0,"kecamatan":"Kec. Bola","kabupaten":"Kab. Wajo","provinsi":"Prov. Sulawesi Selatan","kode_pos":"90984","latitude":-4.2227,"longitude":120.3477,"nomor_telepon":"081342984398","email":"smknegeri8wajo@gmail.com","website":"http://smkn8wajo.mysch.id/","daya_listrik":5500.0,"luas_tanah_milik":12636,"sumber_listrik":"PLN","akses_internet":"Seluler","akses_internet_2":"Broadband","waktu_penyelenggaraan":"Pagi/5 hari","semester_id":"20261","semester_keterangan":"2026/2027 Gasal","sekolah_id":"5B2F485B-AC90-4128-A7D4-2E173265409E","koordinat_valid":true,"validasi":"verified_official","sumber_data":"Kemendikdasmen - Sekolah Kita","sumber_koordinat":"Kemendikdasmen - Sekolah Kita API full-detail","tanggal_pengambilan":"2026-09-30"},"geometry":{"type":"Point","coordinates":[120.3477,-4.2227]}},{"type":"Feature","properties":{"npsn":"40303152","nama_sekolah":"SMKN 3 WAJO","bentuk_pendidikan":"SMK","status_sekolah":"NEGERI","akreditasi":"B","alamat_jalan":"JL. PASELLORENG NO.7","nama_dusun":"-","rt":0.0,"rw":0.0,"kecamatan":"Kec. Gilireng","kabupaten":"Kab. Wajo","provinsi":"Prov. Sulawesi Selatan","kode_pos":"90954","latitude":-3.9355,"longitude":120.1727,"nomor_telepon":"081342474265","email":"smkneg3wajo@gmail.com","website":"http://smkn3wajo.sch.id","daya_listrik":5500.0,"luas_tanah_milik":9000,"sumber_listrik":"PLN","akses_internet":"Fibre Optic","akses_internet_2":"Broadband","waktu_penyelenggaraan":"Sehari Penuh/5 hari","semester_id":"20261","semester_keterangan":"2026/2027 Gasal","sekolah_id":"A5A24C3C-51AF-4B8F-9F1E-5BEACFE8219D","koordinat_valid":true,"validasi":"verified_official","sumber_data":"Kemendikdasmen - Sekolah Kita","sumber_koordinat":"Kemendikdasmen - Sekolah Kita API full-detail","tanggal_pengambilan":"2026-09-30"},"geometry":{"type":"Point","coordinates":[120.1727,-3.9355]}},{"type":"Feature","properties":{"npsn":"69932674","nama_sekolah":"SMKN 7 WAJO","bentuk_pendidikan":"SMK","status_sekolah":"NEGERI","akreditasi":"A","alamat_jalan":"JL.POROS PARE PALOPO LALLISENG DESA LALLISENG","nama_dusun":"DUSUN ABBANUANGNGE","rt":1.0,"rw":1.0,"kecamatan":"Kec. Keera","kabupaten":"Kab. Wajo","provinsi":"Prov. Sulawesi Selatan","kode_pos":"90993","latitude":-3.875,"longitude":120.279,"nomor_telepon":"082296965693","email":"smkn7wajo.dapodik@gmail.com","website":"http://","daya_listrik":5500.0,"luas_tanah_milik":14997,"sumber_listrik":"PLN","akses_internet":"Wireless","akses_internet_2":"Shared","waktu_penyelenggaraan":"Sehari Penuh/5 hari","semester_id":"20261","semester_keterangan":"2026/2027 Gasal","sekolah_id":"67761289-F4C9-4C10-8027-F59AAF0B8519","koordinat_valid":true,"validasi":"verified_official","sumber_data":"Kemendikdasmen - Sekolah Kita","sumber_koordinat":"Kemendikdasmen - Sekolah Kita API full-detail","tanggal_pengambilan":"2026-09-30"},"geometry":{"type":"Point","coordinates":[120.279,-3.875]}},{"type":"Feature","properties":{"npsn":"40303153","nama_sekolah":"SMKN 5 WAJO","bentuk_pendidikan":"SMK","status_sekolah":"NEGERI","akreditasi":"B","alamat_jalan":"JL. PERINTIS NO.2 PARIA","nama_dusun":"Paria","rt":0.0,"rw":0.0,"kecamatan":"Kec. Majauleng","kabupaten":"Kab. Wajo","provinsi":"Prov. Sulawesi Selatan","kode_pos":"90991","latitude":-4.0277,"longitude":120.1408,"nomor_telepon":"085242733678","email":"smknegeri5wajo@gmail.com","website":"http://www.smkn5wajo.sch.id","daya_listrik":7700.0,"luas_tanah_milik":3600,"sumber_listrik":"PLN","akses_internet":"Fibre Optic","akses_internet_2":"Shared","waktu_penyelenggaraan":"Sehari Penuh/5 hari","semester_id":"20261","semester_keterangan":"2026/2027 Gasal","sekolah_id":"1CE44A03-7036-4A6E-AB9D-DD744167D7A1","koordinat_valid":true,"validasi":"verified_official","sumber_data":"Kemendikdasmen - Sekolah Kita","sumber_koordinat":"Kemendikdasmen - Sekolah Kita API full-detail","tanggal_pengambilan":"2026-09-30"},"geometry":{"type":"Point","coordinates":[120.1408,-4.0277]}},{"type":"Feature","properties":{"npsn":"40303154","nama_sekolah":"SMKN 2 WAJO","bentuk_pendidikan":"SMK","status_sekolah":"NEGERI","akreditasi":"A","alamat_jalan":"JL. POROS MAKASSAR - PALOPO SIWA","nama_dusun":"Cappa Padang","rt":0.0,"rw":0.0,"kecamatan":"Kec. Pitumpanua","kabupaten":"Kab. Wajo","provinsi":"Prov. Sulawesi Selatan","kode_pos":"90992","latitude":-3.7047,"longitude":120.4217,"nomor_telepon":"081342474265","email":"smkn02wajo@gmail.com","website":"http://www.smkn2wajo.sch.id","daya_listrik":16500.0,"luas_tanah_milik":12960,"sumber_listrik":"PLN","akses_internet":"Fibre Optic","akses_internet_2":"Broadband","waktu_penyelenggaraan":"Sehari Penuh/5 hari","semester_id":"20261","semester_keterangan":"2026/2027 Gasal","sekolah_id":"3871393D-88F6-40E8-8B28-EC3A9ACAD601","koordinat_valid":true,"validasi":"verified_official","sumber_data":"Kemendikdasmen - Sekolah Kita","sumber_koordinat":"Kemendikdasmen - Sekolah Kita API full-detail","tanggal_pengambilan":"2026-09-30"},"geometry":{"type":"Point","coordinates":[120.4217,-3.7047]}},{"type":"Feature","properties":{"npsn":"40318248","nama_sekolah":"SMKN 6 WAJO","bentuk_pendidikan":"SMK","status_sekolah":"NEGERI","akreditasi":"B","alamat_jalan":"JL. POROS SENGKANG-SOPPENG KM. 16","nama_dusun":"-TALOTENRENG","rt":0.0,"rw":0.0,"kecamatan":"Kec. Sabbangparu","kabupaten":"Kab. Wajo","provinsi":"Prov. Sulawesi Selatan","kode_pos":"90961","latitude":-4.26,"longitude":120.0115,"nomor_telepon":"082237699944","email":"smksabbangparu@gmail.com","website":"http://smk1sabbangparu.net","daya_listrik":23000.0,"luas_tanah_milik":13839,"sumber_listrik":"PLN","akses_internet":"Wireless","akses_internet_2":"Broadband","waktu_penyelenggaraan":"Pagi/5 hari","semester_id":"20261","semester_keterangan":"2026/2027 Gasal","sekolah_id":"6BA179E6-1E8B-4008-8147-9D02E79BD604","koordinat_valid":true,"validasi":"verified_official","sumber_data":"Kemendikdasmen - Sekolah Kita","sumber_koordinat":"Kemendikdasmen - Sekolah Kita API full-detail","tanggal_pengambilan":"2026-09-30"},"geometry":{"type":"Point","coordinates":[120.0115,-4.26]}},{"type":"Feature","properties":{"npsn":"40303155","nama_sekolah":"SMKN 4 WAJO","bentuk_pendidikan":"SMK","status_sekolah":"NEGERI","akreditasi":"B","alamat_jalan":"JL. PAHLAWAN","nama_dusun":"Akkajeng","rt":0.0,"rw":0.0,"kecamatan":"Kec. Sajo Anging","kabupaten":"Kab. Wajo","provinsi":"Prov. Sulawesi Selatan","kode_pos":"90982","latitude":-4.04,"longitude":120.3234,"nomor_telepon":null,"email":"smknegeri1sajoanging@gmail.com","website":"http://www.smkn4wajo.sch.id","daya_listrik":7700.0,"luas_tanah_milik":6746,"sumber_listrik":"PLN","akses_internet":"Fibre Optic","akses_internet_2":"Dedicated","waktu_penyelenggaraan":"Sehari Penuh/5 hari","semester_id":"20261","semester_keterangan":"2026/2027 Gasal","sekolah_id":"ABF3C557-ADCD-4C57-ADEC-652A24EA9FD5","koordinat_valid":true,"validasi":"verified_official","sumber_data":"Kemendikdasmen - Sekolah Kita","sumber_koordinat":"Kemendikdasmen - Sekolah Kita API full-detail","tanggal_pengambilan":"2026-09-30"},"geometry":{"type":"Point","coordinates":[120.3234,-4.04]}},{"type":"Feature","properties":{"npsn":"40303157","nama_sekolah":"SMKN 1 WAJO","bentuk_pendidikan":"SMK","status_sekolah":"NEGERI","akreditasi":"A","alamat_jalan":"JL. LATAPPU","nama_dusun":"-","rt":2.0,"rw":4.0,"kecamatan":"Kec. Tanasitolo","kabupaten":"Kab. Wajo","provinsi":"Prov. Sulawesi Selatan","kode_pos":"90951","latitude":-4.0969,"longitude":120.0294,"nomor_telepon":"082195675177","email":"smkn1wajo@gmail.com","website":"http://https://www.smkn1wajo.sch.id","daya_listrik":53000.0,"luas_tanah_milik":20156,"sumber_listrik":"PLN","akses_internet":"Fibre Optic","akses_internet_2":"Broadband","waktu_penyelenggaraan":"Pagi/5 hari","semester_id":"20261","semester_keterangan":"2026/2027 Gasal","sekolah_id":"A6F8FA76-8210-4863-897C-F99516BEDAE4","koordinat_valid":true,"validasi":"verified_official","sumber_data":"Kemendikdasmen - Sekolah Kita","sumber_koordinat":"Kemendikdasmen - Sekolah Kita API full-detail","tanggal_pengambilan":"2026-09-30"},"geometry":{"type":"Point","coordinates":[120.0294,-4.0969]}},{"type":"Feature","properties":{"npsn":"40314178","nama_sekolah":"SMKS KESEHATAN PERSADA","bentuk_pendidikan":"SMK","status_sekolah":"SWASTA","akreditasi":"B","alamat_jalan":"JL. SAWERIGADING","nama_dusun":"patirosompek","rt":0.0,"rw":0.0,"kecamatan":"Kec. Tempe","kabupaten":"Kab. Wajo","provinsi":"Prov. Sulawesi Selatan","kode_pos":"90915","latitude":-4.1354,"longitude":120.0374,"nomor_telepon":"0485324152","email":"smkpersadawajo77@gmail.com","website":"http://smkpersadawajo.net","daya_listrik":23000.0,"luas_tanah_milik":7850,"sumber_listrik":"PLN","akses_internet":"Wireless","akses_internet_2":"Shared","waktu_penyelenggaraan":"Pagi/5 hari","semester_id":"20261","semester_keterangan":"2026/2027 Gasal","sekolah_id":"25754A48-1BD2-469F-BF47-A83D6B1A9C4D","koordinat_valid":true,"validasi":"verified_official","sumber_data":"Kemendikdasmen - Sekolah Kita","sumber_koordinat":"Kemendikdasmen - Sekolah Kita API full-detail","tanggal_pengambilan":"2026-09-30"},"geometry":{"type":"Point","coordinates":[120.0374,-4.1354]}},{"type":"Feature","properties":{"npsn":"69896699","nama_sekolah":"SMKS LAMACCA WAJO","bentuk_pendidikan":"SMK","status_sekolah":"SWASTA","akreditasi":"C","alamat_jalan":"JL. SAWERIGADING SENGKANG","nama_dusun":null,"rt":0.0,"rw":0.0,"kecamatan":"Kec. Tempe","kabupaten":"Kab. Wajo","provinsi":"Prov. Sulawesi Selatan","kode_pos":"90914","latitude":-4.131107,"longitude":120.0667795,"nomor_telepon":null,"email":"smklamacca.wajo@gmail.com","website":"http://yayasanpendidikan-lamacca.blogspot.com","daya_listrik":220.0,"luas_tanah_milik":2666,"sumber_listrik":"PLN","akses_internet":"Fibre Optic","akses_internet_2":"Broadband","waktu_penyelenggaraan":"Pagi/5 hari","semester_id":"20261","semester_keterangan":"2026/2027 Gasal","sekolah_id":"E06322E1-6BA9-4917-B6AC-1FE2740EBB92","koordinat_valid":true,"validasi":"verified_official","sumber_data":"Kemendikdasmen - Sekolah Kita","sumber_koordinat":"Kemendikdasmen - Sekolah Kita API full-detail","tanggal_pengambilan":"2026-09-30"},"geometry":{"type":"Point","coordinates":[120.066779,-4.131107]}},{"type":"Feature","properties":{"npsn":"40314656","nama_sekolah":"SMKS MUHAMMADIYAH SENGKANG","bentuk_pendidikan":"SMK","status_sekolah":"SWASTA","akreditasi":"C","alamat_jalan":"JL. MUHAMMADIYAH No. 14","nama_dusun":"Cempalagi","rt":1.0,"rw":2.0,"kecamatan":"Kec. Tempe","kabupaten":"Kab. Wajo","provinsi":"Prov. Sulawesi Selatan","kode_pos":"90911","latitude":-3.7051,"longitude":120.4216,"nomor_telepon":"323296","email":"smksmuhammadiyahsengkang21@gmail.com","website":"http://www.smkmuhammadiyah_sengkang.sch.id","daya_listrik":1300.0,"luas_tanah_milik":2209,"sumber_listrik":"PLN","akses_internet":"Fibre Optic","akses_internet_2":"Broadband","waktu_penyelenggaraan":"Pagi/5 hari","semester_id":"20261","semester_keterangan":"2026/2027 Gasal","sekolah_id":"2E8864A6-049B-426A-8E33-459350E72608","koordinat_valid":true,"validasi":"verified_official","sumber_data":"Kemendikdasmen - Sekolah Kita","sumber_koordinat":"Kemendikdasmen - Sekolah Kita API full-detail","tanggal_pengambilan":"2026-09-30"},"geometry":{"type":"Point","coordinates":[120.4216,-3.7051]}},{"type":"Feature","properties":{"npsn":"40303158","nama_sekolah":"SMP MUHAMMADIYAH BELAWA","bentuk_pendidikan":"SMP","status_sekolah":"SWASTA","akreditasi":"A","alamat_jalan":"Jl. H. Datu Sulolipu No. 36 Menge","nama_dusun":"Menge","rt":0.0,"rw":0.0,"kecamatan":"Kec. Belawa","kabupaten":"Kab. Wajo","provinsi":"Prov. Sulawesi Selatan","kode_pos":"90953","latitude":-3.9993,"longitude":119.9331,"nomor_telepon":null,"email":"smpmuh_belawa@yahoo.co.id","website":"http://","daya_listrik":2200.0,"luas_tanah_milik":5923,"sumber_listrik":"PLN","akses_internet":"Wireless","akses_internet_2":"Dedicated","waktu_penyelenggaraan":"Pagi/5 hari","semester_id":"20261","semester_keterangan":"2026/2027 Gasal","sekolah_id":"6000AFC0-0D26-E111-92BF-3F50F1696AE0","koordinat_valid":true,"validasi":"verified_official","sumber_data":"Kemendikdasmen - Sekolah Kita","sumber_koordinat":"Kemendikdasmen - Sekolah Kita API full-detail","tanggal_pengambilan":"2026-09-30"},"geometry":{"type":"Point","coordinates":[119.9331,-3.9993]}},{"type":"Feature","properties":{"npsn":"40303160","nama_sekolah":"UPTD SMP NEGERI 1 BELAWA","bentuk_pendidikan":"SMP","status_sekolah":"NEGERI","akreditasi":"A","alamat_jalan":"Jl. H. Ibrahim No. 3 Menge Kec. Belawa","nama_dusun":"Menge","rt":0.0,"rw":0.0,"kecamatan":"Kec. Belawa","kabupaten":"Kab. Wajo","provinsi":"Prov. Sulawesi Selatan","kode_pos":"90953","latitude":-3.9999,"longitude":119.9345,"nomor_telepon":"085255404899","email":"smp1belawa@ymail.com","website":"http://www.smp1belawa.com","daya_listrik":3500.0,"luas_tanah_milik":9450,"sumber_listrik":"PLN","akses_internet":"Fibre Optic","akses_internet_2":"Broadband","waktu_penyelenggaraan":"Pagi/5 hari","semester_id":"20261","semester_keterangan":"2026/2027 Gasal","sekolah_id":"70E749C0-0D26-E111-971D-0F9817588D2B","koordinat_valid":true,"validasi":"verified_official","sumber_data":"Kemendikdasmen - Sekolah Kita","sumber_koordinat":"Kemendikdasmen - Sekolah Kita API full-detail","tanggal_pengambilan":"2026-09-30"},"geometry":{"type":"Point","coordinates":[119.9345,-3.9999]}},{"type":"Feature","properties":{"npsn":"40303205","nama_sekolah":"UPTD SMP NEGERI 2 BELAWA","bentuk_pendidikan":"SMP","status_sekolah":"NEGERI","akreditasi":"B","alamat_jalan":"Tippulu","nama_dusun":"TIPPULU","rt":0.0,"rw":0.0,"kecamatan":"Kec. Belawa","kabupaten":"Kab. Wajo","provinsi":"Prov. Sulawesi Selatan","kode_pos":"90953","latitude":-3.9676,"longitude":119.9575,"nomor_telepon":null,"email":"smpn2_belawa@yahoo.co.id","website":"http://","daya_listrik":3500.0,"luas_tanah_milik":11180,"sumber_listrik":"PLN","akses_internet":"Seluler","akses_internet_2":"Broadband","waktu_penyelenggaraan":"Sehari Penuh/5 hari","semester_id":"20261","semester_keterangan":"2026/2027 Gasal","sekolah_id":"F0834AC0-0D26-E111-B7E9-3DDF9729D77C","koordinat_valid":true,"validasi":"verified_official","sumber_data":"Kemendikdasmen - Sekolah Kita","sumber_koordinat":"Kemendikdasmen - Sekolah Kita API full-detail","tanggal_pengambilan":"2026-09-30"},"geometry":{"type":"Point","coordinates":[119.9575,-3.9676]}},{"type":"Feature","properties":{"npsn":"40310378","nama_sekolah":"UPTD SMP NEGERI 3 BELAWA","bentuk_pendidikan":"SMP","status_sekolah":"NEGERI","akreditasi":"B","alamat_jalan":"Jl.A.BAU BAHARUDDIN - Wele","nama_dusun":"WELE","rt":0.0,"rw":0.0,"kecamatan":"Kec. Belawa","kabupaten":"Kab. Wajo","provinsi":"Prov. Sulawesi Selatan","kode_pos":"90953","latitude":-3.9391,"longitude":119.9992,"nomor_telepon":"085216431496","email":"smpn3belawa@gmail.com","website":"http://","daya_listrik":220.0,"luas_tanah_milik":5877,"sumber_listrik":"PLN","akses_internet":"Fibre Optic","akses_internet_2":"Dedicated","waktu_penyelenggaraan":"Pagi/5 hari","semester_id":"20261","semester_keterangan":"2026/2027 Gasal","sekolah_id":"80B64AC0-0D26-E111-967E-C17D6503FC2C","koordinat_valid":true,"validasi":"verified_official","sumber_data":"Kemendikdasmen - Sekolah Kita","sumber_koordinat":"Kemendikdasmen - Sekolah Kita API full-detail","tanggal_pengambilan":"2026-09-30"},"geometry":{"type":"Point","coordinates":[119.9992,-3.9391]}},{"type":"Feature","properties":{"npsn":"40313243","nama_sekolah":"UPTD SMP NEGERI 4 BELAWA","bentuk_pendidikan":"SMP","status_sekolah":"NEGERI","akreditasi":"B","alamat_jalan":"Tokadde","nama_dusun":"Tokadde","rt":1.0,"rw":1.0,"kecamatan":"Kec. Belawa","kabupaten":"Kab. Wajo","provinsi":"Prov. Sulawesi Selatan","kode_pos":"90953","latitude":-3.9941,"longitude":119.9728,"nomor_telepon":"081355155793","email":"smpn4belawa@gmail.com","website":"http://","daya_listrik":1300.0,"luas_tanah_milik":6080,"sumber_listrik":"PLN","akses_internet":"Seluler","akses_internet_2":"Broadband","waktu_penyelenggaraan":"Sehari Penuh/5 hari","semester_id":"20261","semester_keterangan":"2026/2027 Gasal","sekolah_id":"C0E14AC0-0D26-E111-9E3F-27188E9A42B8","koordinat_valid":true,"validasi":"verified_official","sumber_data":"Kemendikdasmen - Sekolah Kita","sumber_koordinat":"Kemendikdasmen - Sekolah Kita API full-detail","tanggal_pengambilan":"2026-09-30"},"geometry":{"type":"Point","coordinates":[119.9728,-3.9941]}},{"type":"Feature","properties":{"npsn":"40318183","nama_sekolah":"UPTD SMP SATAP NEGERI 5 BELAWA","bentuk_pendidikan":"SMP","status_sekolah":"NEGERI","akreditasi":"C","alamat_jalan":"LAUTANG","nama_dusun":"Abbanuang","rt":0.0,"rw":0.0,"kecamatan":"Kec. Belawa","kabupaten":"Kab. Wajo","provinsi":"Prov. Sulawesi Selatan","kode_pos":"90953","latitude":-4.0344,"longitude":119.9236,"nomor_telepon":null,"email":"smp5belawasatapbelawa@yahoo.com","website":"http://","daya_listrik":1300.0,"luas_tanah_milik":2800,"sumber_listrik":"PLN","akses_internet":"Fibre Optic","akses_internet_2":"Broadband","waktu_penyelenggaraan":"Pagi/5 hari","semester_id":"20261","semester_keterangan":"2026/2027 Gasal","sekolah_id":"202295A7-FEEF-E111-956C-69E78C65DCB9","koordinat_valid":true,"validasi":"verified_official","sumber_data":"Kemendikdasmen - Sekolah Kita","sumber_koordinat":"Kemendikdasmen - Sekolah Kita API full-detail","tanggal_pengambilan":"2026-09-30"},"geometry":{"type":"Point","coordinates":[119.9236,-4.0344]}},{"type":"Feature","properties":{"npsn":"40318166","nama_sekolah":"SMP NUR MILAD BOARDING SCHOOL","bentuk_pendidikan":"SMP","status_sekolah":"SWASTA","akreditasi":"A","alamat_jalan":"Jl. H. Andi Baso Paria, No. 1","nama_dusun":"Talagae","rt":0.0,"rw":0.0,"kecamatan":"Kec. Bola","kabupaten":"Kab. Wajo","provinsi":"Prov. Sulawesi Selatan","kode_pos":"90984","latitude":-4.1771,"longitude":120.19,"nomor_telepon":"085396019392","email":"nurmiladboardingschoo@gmail.com","website":"http://www.nurmilad.sch.id","daya_listrik":16500.0,"luas_tanah_milik":2000,"sumber_listrik":"PLN","akses_internet":"Seluler","akses_internet_2":"Shared","waktu_penyelenggaraan":"Pagi/6 hari","semester_id":"20261","semester_keterangan":"2026/2027 Gasal","sekolah_id":"C0C0524B-83FE-E111-9B32-3FC4CA1B3B58","koordinat_valid":true,"validasi":"verified_official","sumber_data":"Kemendikdasmen - Sekolah Kita","sumber_koordinat":"Kemendikdasmen - Sekolah Kita API full-detail","tanggal_pengambilan":"2026-09-30"},"geometry":{"type":"Point","coordinates":[120.19,-4.1771]}},{"type":"Feature","properties":{"npsn":"40303161","nama_sekolah":"UPTD SMP NEGERI 1 BOLA","bentuk_pendidikan":"SMP","status_sekolah":"NEGERI","akreditasi":"B","alamat_jalan":"Solo","nama_dusun":"Solo","rt":1.0,"rw":1.0,"kecamatan":"Kec. Bola","kabupaten":"Kab. Wajo","provinsi":"Prov. Sulawesi Selatan","kode_pos":"90984","latitude":-4.234,"longitude":120.2316,"nomor_telepon":"081241482048","email":"smp1bola@gmail.com","website":"http://","daya_listrik":2200.0,"luas_tanah_milik":1084300,"sumber_listrik":"PLN","akses_internet":"Seluler","akses_internet_2":"Shared","waktu_penyelenggaraan":"Sehari Penuh/5 hari","semester_id":"20261","semester_keterangan":"2026/2027 Gasal","sekolah_id":"807756C3-0D26-E111-B564-4743E538C5B8","koordinat_valid":true,"validasi":"verified_official","sumber_data":"Kemendikdasmen - Sekolah Kita","sumber_koordinat":"Kemendikdasmen - Sekolah Kita API full-detail","tanggal_pengambilan":"2026-09-30"},"geometry":{"type":"Point","coordinates":[120.2316,-4.234]}},{"type":"Feature","properties":{"npsn":"40303206","nama_sekolah":"UPTD SMP NEGERI 2 BOLA","bentuk_pendidikan":"SMP","status_sekolah":"NEGERI","akreditasi":"B","alamat_jalan":"Caleru  Desa Manurung Kecamatan Bola Kabupaten Wajo","nama_dusun":"Caleru","rt":0.0,"rw":0.0,"kecamatan":"Kec. Bola","kabupaten":"Kab. Wajo","provinsi":"Prov. Sulawesi Selatan","kode_pos":"90984","latitude":-4.1427,"longitude":120.1951,"nomor_telepon":null,"email":"smpnegeri_duabola@yahoo.co.id","website":"http://","daya_listrik":3500.0,"luas_tanah_milik":19375,"sumber_listrik":"PLN","akses_internet":"Seluler","akses_internet_2":"Broadband","waktu_penyelenggaraan":"Pagi/5 hari","semester_id":"20261","semester_keterangan":"2026/2027 Gasal","sekolah_id":"603046C0-0D26-E111-9119-BD06C51D3CB3","koordinat_valid":true,"validasi":"verified_official","sumber_data":"Kemendikdasmen - Sekolah Kita","sumber_koordinat":"Kemendikdasmen - Sekolah Kita API full-detail","tanggal_pengambilan":"2026-09-30"},"geometry":{"type":"Point","coordinates":[120.1951,-4.1427]}},{"type":"Feature","properties":{"npsn":"40310380","nama_sekolah":"UPTD SMP NEGERI 3 BOLA","bentuk_pendidikan":"SMP","status_sekolah":"NEGERI","akreditasi":"A","alamat_jalan":"JL. H. A. BINTANG","nama_dusun":"MAROANGING","rt":2.0,"rw":2.0,"kecamatan":"Kec. Bola","kabupaten":"Kab. Wajo","provinsi":"Prov. Sulawesi Selatan","kode_pos":"90984","latitude":-4.221,"longitude":120.3388,"nomor_telepon":"082194841563","email":"smpneg3bola@gmail.com","website":"http://smpn3bola.sch.id","daya_listrik":1300.0,"luas_tanah_milik":6300,"sumber_listrik":"PLN","akses_internet":"Seluler","akses_internet_2":"Broadband","waktu_penyelenggaraan":"Pagi/5 hari","semester_id":"20261","semester_keterangan":"2026/2027 Gasal","sekolah_id":"40A656C3-0D26-E111-91BD-BF500366A778","koordinat_valid":true,"validasi":"verified_official","sumber_data":"Kemendikdasmen - Sekolah Kita","sumber_koordinat":"Kemendikdasmen - Sekolah Kita API full-detail","tanggal_pengambilan":"2026-09-30"},"geometry":{"type":"Point","coordinates":[120.3388,-4.221]}},{"type":"Feature","properties":{"npsn":"40303178","nama_sekolah":"UPTD SMP NEGERI 1 GILIRENG","bentuk_pendidikan":"SMP","status_sekolah":"NEGERI","akreditasi":"A","alamat_jalan":"Jalan Paselloreng","nama_dusun":null,"rt":0.0,"rw":0.0,"kecamatan":"Kec. Gilireng","kabupaten":"Kab. Wajo","provinsi":"Prov. Sulawesi Selatan","kode_pos":"90954","latitude":-3.9339,"longitude":120.1736,"nomor_telepon":"085241427677","email":"smpngilireng@gmail.com","website":"http://","daya_listrik":5500.0,"luas_tanah_milik":14907,"sumber_listrik":"PLN","akses_internet":"Wireless","akses_internet_2":"Shared","waktu_penyelenggaraan":"Pagi/5 hari","semester_id":"20261","semester_keterangan":"2026/2027 Gasal","sekolah_id":"C03B4DC0-0D26-E111-A32D-9BE3D49F6A60","koordinat_valid":true,"validasi":"verified_official","sumber_data":"Kemendikdasmen - Sekolah Kita","sumber_koordinat":"Kemendikdasmen - Sekolah Kita API full-detail","tanggal_pengambilan":"2026-09-30"},"geometry":{"type":"Point","coordinates":[120.1736,-3.9339]}},{"type":"Feature","properties":{"npsn":"40313246","nama_sekolah":"UPTD SMP NEGERI 2 GILIRENG","bentuk_pendidikan":"SMP","status_sekolah":"NEGERI","akreditasi":"B","alamat_jalan":"Jl.Transmigrasi No.7 Gilireng","nama_dusun":"ARAJANG","rt":0.0,"rw":0.0,"kecamatan":"Kec. Gilireng","kabupaten":"Kab. Wajo","provinsi":"Prov. Sulawesi Selatan","kode_pos":"90954","latitude":-3.892,"longitude":120.1739,"nomor_telepon":"085256137123","email":"smpn2gilireng@gmail.com","website":"http://","daya_listrik":1300.0,"luas_tanah_milik":6112,"sumber_listrik":"PLN","akses_internet":"Vsat","akses_internet_2":"Shared","waktu_penyelenggaraan":"Pagi/5 hari","semester_id":"20261","semester_keterangan":"2026/2027 Gasal","sekolah_id":"60164DC0-0D26-E111-A072-F5AA467ACCE2","koordinat_valid":true,"validasi":"verified_official","sumber_data":"Kemendikdasmen - Sekolah Kita","sumber_koordinat":"Kemendikdasmen - Sekolah Kita API full-detail","tanggal_pengambilan":"2026-09-30"},"geometry":{"type":"Point","coordinates":[120.1739,-3.892]}},{"type":"Feature","properties":{"npsn":"40314228","nama_sekolah":"UPTD SMP NEGERI 3 GILIRENG","bentuk_pendidikan":"SMP","status_sekolah":"NEGERI","akreditasi":"B","alamat_jalan":"JL. H. MAKKURAGA NO. 1 LAMATA","nama_dusun":"Laropo","rt":0.0,"rw":0.0,"kecamatan":"Kec. Gilireng","kabupaten":"Kab. Wajo","provinsi":"Prov. Sulawesi Selatan","kode_pos":"90954","latitude":-3.9473,"longitude":120.13,"nomor_telepon":"082344872696","email":"smpn3glr@gmail.com","website":"http://","daya_listrik":1300.0,"luas_tanah_milik":3865,"sumber_listrik":"PLN","akses_internet":"Seluler","akses_internet_2":"Dedicated","waktu_penyelenggaraan":"Pagi/5 hari","semester_id":"20261","semester_keterangan":"2026/2027 Gasal","sekolah_id":"80EF95A7-FEEF-E111-8126-576853D52B52","koordinat_valid":true,"validasi":"verified_official","sumber_data":"Kemendikdasmen - Sekolah Kita","sumber_koordinat":"Kemendikdasmen - Sekolah Kita API full-detail","tanggal_pengambilan":"2026-09-30"},"geometry":{"type":"Point","coordinates":[120.13,-3.9473]}},{"type":"Feature","properties":{"npsn":"69854739","nama_sekolah":"UPTD SMP NEGERI 4 GILIRENG","bentuk_pendidikan":"SMP","status_sekolah":"NEGERI","akreditasi":"B","alamat_jalan":"Transmigrasi Bekkae Paselloreng","nama_dusun":"Transmigrasi Bekkae","rt":0.0,"rw":0.0,"kecamatan":"Kec. Gilireng","kabupaten":"Kab. Wajo","provinsi":"Prov. Sulawesi Selatan","kode_pos":"90954","latitude":-3.8401,"longitude":120.2261,"nomor_telepon":null,"email":"smpn4gilireng@yahoo.co.id","website":"http://","daya_listrik":1300.0,"luas_tanah_milik":17500,"sumber_listrik":"PLN","akses_internet":"Seluler","akses_internet_2":"Shared","waktu_penyelenggaraan":"Sehari Penuh/5 hari","semester_id":"20261","semester_keterangan":"2026/2027 Gasal","sekolah_id":"1A542A0E-8E03-496D-B965-82B9DB91D1B0","koordinat_valid":true,"validasi":"verified_official","sumber_data":"Kemendikdasmen - Sekolah Kita","sumber_koordinat":"Kemendikdasmen - Sekolah Kita API full-detail","tanggal_pengambilan":"2026-09-30"},"geometry":{"type":"Point","coordinates":[120.2261,-3.8401]}},{"type":"Feature","properties":{"npsn":"40303179","nama_sekolah":"UPTD SMP NEGERI 1 KEERA","bentuk_pendidikan":"SMP","status_sekolah":"NEGERI","akreditasi":"B","alamat_jalan":"Keera","nama_dusun":"Ballere","rt":0.0,"rw":0.0,"kecamatan":"Kec. Keera","kabupaten":"Kab. Wajo","provinsi":"Prov. Sulawesi Selatan","kode_pos":"90993","latitude":-3.8175,"longitude":120.3255,"nomor_telepon":"085299362210","email":"lindha282@yahoo.co.id","website":"http://www.smpn1keera.net/admin/index.php","daya_listrik":1300.0,"luas_tanah_milik":23764,"sumber_listrik":"PLN","akses_internet":"Seluler","akses_internet_2":"Broadband","waktu_penyelenggaraan":"Pagi/5 hari","semester_id":"20261","semester_keterangan":"2026/2027 Gasal","sekolah_id":"A0334BC0-0D26-E111-9B81-7F72ADD239AE","koordinat_valid":true,"validasi":"verified_official","sumber_data":"Kemendikdasmen - Sekolah Kita","sumber_koordinat":"Kemendikdasmen - Sekolah Kita API full-detail","tanggal_pengambilan":"2026-09-30"},"geometry":{"type":"Point","coordinates":[120.3255,-3.8175]}},{"type":"Feature","properties":{"npsn":"40303207","nama_sekolah":"UPTD SMP NEGERI 2 KEERA","bentuk_pendidikan":"SMP","status_sekolah":"NEGERI","akreditasi":"B","alamat_jalan":"Jl. Dg. Malewa No. 3 Tanete","nama_dusun":"Betao","rt":0.0,"rw":0.0,"kecamatan":"Kec. Keera","kabupaten":"Kab. Wajo","provinsi":"Prov. Sulawesi Selatan","kode_pos":"90993","latitude":-3.7792,"longitude":120.2925,"nomor_telepon":"085341663189","email":"smp_negeri_2_keera@yahoo.co.id","website":"http://","daya_listrik":2200.0,"luas_tanah_milik":8470,"sumber_listrik":"PLN","akses_internet":"Seluler","akses_internet_2":"Broadband","waktu_penyelenggaraan":"Sehari Penuh/5 hari","semester_id":"20261","semester_keterangan":"2026/2027 Gasal","sekolah_id":"C0BB57C3-0D26-E111-BEFC-7F5F3D66DE4C","koordinat_valid":true,"validasi":"verified_official","sumber_data":"Kemendikdasmen - Sekolah Kita","sumber_koordinat":"Kemendikdasmen - Sekolah Kita API full-detail","tanggal_pengambilan":"2026-09-30"},"geometry":{"type":"Point","coordinates":[120.2925,-3.7792]}},{"type":"Feature","properties":{"npsn":"40314229","nama_sekolah":"UPTD SMP NEGERI 3 KEERA","bentuk_pendidikan":"SMP","status_sekolah":"NEGERI","akreditasi":"B","alamat_jalan":"Jln. Palompo Dg. Pasanrang","nama_dusun":"lalliseng","rt":0.0,"rw":0.0,"kecamatan":"Kec. Keera","kabupaten":"Kab. Wajo","provinsi":"Prov. Sulawesi Selatan","kode_pos":"90993","latitude":-3.8988,"longitude":120.2797,"nomor_telepon":"085342502311","email":"smpn3keera@yahoo.com","website":"http://","daya_listrik":1300.0,"luas_tanah_milik":7015,"sumber_listrik":"PLN","akses_internet":"Seluler","akses_internet_2":"Shared","waktu_penyelenggaraan":"Pagi/5 hari","semester_id":"20261","semester_keterangan":"2026/2027 Gasal","sekolah_id":"909E95A7-FEEF-E111-9B16-5B1DAFB6FE7B","koordinat_valid":true,"validasi":"verified_official","sumber_data":"Kemendikdasmen - Sekolah Kita","sumber_koordinat":"Kemendikdasmen - Sekolah Kita API full-detail","tanggal_pengambilan":"2026-09-30"},"geometry":{"type":"Point","coordinates":[120.2797,-3.8988]}},{"type":"Feature","properties":{"npsn":"40316680","nama_sekolah":"UPTD SMP SATAP NEGERI 4 KEERA","bentuk_pendidikan":"SMP","status_sekolah":"NEGERI","akreditasi":"C","alamat_jalan":"LOMPOE","nama_dusun":"Dake","rt":0.0,"rw":0.0,"kecamatan":"Kec. Keera","kabupaten":"Kab. Wajo","provinsi":"Prov. Sulawesi Selatan","kode_pos":"90993","latitude":-3.7691,"longitude":120.2296,"nomor_telepon":"082347262245","email":"smpnsatap4keera@gmail.com","website":"http://","daya_listrik":2200.0,"luas_tanah_milik":3484,"sumber_listrik":"PLN","akses_internet":"Seluler","akses_internet_2":"Shared","waktu_penyelenggaraan":"Sehari Penuh/5 hari","semester_id":"20261","semester_keterangan":"2026/2027 Gasal","sekolah_id":"20C995A7-FEEF-E111-A102-3B1E0826754F","koordinat_valid":true,"validasi":"verified_official","sumber_data":"Kemendikdasmen - Sekolah Kita","sumber_koordinat":"Kemendikdasmen - Sekolah Kita API full-detail","tanggal_pengambilan":"2026-09-30"},"geometry":{"type":"Point","coordinates":[120.2296,-3.7691]}},{"type":"Feature","properties":{"npsn":"69727954","nama_sekolah":"UPTD SMP SATAP NEGERI 5 KEERA","bentuk_pendidikan":"SMP","status_sekolah":"NEGERI","akreditasi":"C","alamat_jalan":"PATTIROLOKKA","nama_dusun":"LANGKENNA","rt":0.0,"rw":0.0,"kecamatan":"Kec. Keera","kabupaten":"Kab. Wajo","provinsi":"Prov. Sulawesi Selatan","kode_pos":"90993","latitude":-3.8892,"longitude":120.2601,"nomor_telepon":"085255414914","email":"www.smpnsatap5keera@gmail.com","website":"http://","daya_listrik":1300.0,"luas_tanah_milik":11250,"sumber_listrik":"PLN","akses_internet":"Seluler","akses_internet_2":"Broadband","waktu_penyelenggaraan":"Pagi/5 hari","semester_id":"20261","semester_keterangan":"2026/2027 Gasal","sekolah_id":"5079554B-83FE-E111-89CD-497010D5BA22","koordinat_valid":true,"validasi":"verified_official","sumber_data":"Kemendikdasmen - Sekolah Kita","sumber_koordinat":"Kemendikdasmen - Sekolah Kita API full-detail","tanggal_pengambilan":"2026-09-30"},"geometry":{"type":"Point","coordinates":[120.2601,-3.8892]}},{"type":"Feature","properties":{"npsn":"40303171","nama_sekolah":"UPTD SMP NEGERI 1 MAJAULENG","bentuk_pendidikan":"SMP","status_sekolah":"NEGERI","akreditasi":"A","alamat_jalan":"Jl.Nuri Atapange","nama_dusun":"ATAPANGE","rt":0.0,"rw":0.0,"kecamatan":"Kec. Majauleng","kabupaten":"Kab. Wajo","provinsi":"Prov. Sulawesi Selatan","kode_pos":"90991","latitude":-4.0186,"longitude":120.1832,"nomor_telepon":"085255838799","email":"smpn1majaulengwajo@gmail.com","website":"http://","daya_listrik":3500.0,"luas_tanah_milik":5568,"sumber_listrik":"PLN","akses_internet":"Fibre Optic","akses_internet_2":"Broadband","waktu_penyelenggaraan":"Pagi/5 hari","semester_id":"20261","semester_keterangan":"2026/2027 Gasal","sekolah_id":"101648C0-0D26-E111-BBB9-E9BC45362EFE","koordinat_valid":true,"validasi":"verified_official","sumber_data":"Kemendikdasmen - Sekolah Kita","sumber_koordinat":"Kemendikdasmen - Sekolah Kita API full-detail","tanggal_pengambilan":"2026-09-30"},"geometry":{"type":"Point","coordinates":[120.1832,-4.0186]}},{"type":"Feature","properties":{"npsn":"40303208","nama_sekolah":"UPTD SMP NEGERI 2 MAJAULENG","bentuk_pendidikan":"SMP","status_sekolah":"NEGERI","akreditasi":"A","alamat_jalan":"Tosora","nama_dusun":"Wajo - Wajo","rt":0.0,"rw":0.0,"kecamatan":"Kec. Majauleng","kabupaten":"Kab. Wajo","provinsi":"Prov. Sulawesi Selatan","kode_pos":"90991","latitude":-4.1157,"longitude":120.1218,"nomor_telepon":"085242787315","email":"Kupeloon@yahoo.co.id","website":"http://smp2majauleng.blogspot.com","daya_listrik":3500.0,"luas_tanah_milik":19944,"sumber_listrik":"PLN","akses_internet":"Wireless","akses_internet_2":"Shared","waktu_penyelenggaraan":"Sehari Penuh/5 hari","semester_id":"20261","semester_keterangan":"2026/2027 Gasal","sekolah_id":"406348C0-0D26-E111-816A-237956388F6A","koordinat_valid":true,"validasi":"verified_official","sumber_data":"Kemendikdasmen - Sekolah Kita","sumber_koordinat":"Kemendikdasmen - Sekolah Kita API full-detail","tanggal_pengambilan":"2026-09-30"},"geometry":{"type":"Point","coordinates":[120.1218,-4.1157]}},{"type":"Feature","properties":{"npsn":"40303186","nama_sekolah":"UPTD SMP NEGERI 3 MAJAULENG","bentuk_pendidikan":"SMP","status_sekolah":"NEGERI","akreditasi":"A","alamat_jalan":"Uraiyang Kec. Majauleng Kab. Wajo","nama_dusun":null,"rt":0.0,"rw":0.0,"kecamatan":"Kec. Majauleng","kabupaten":"Kab. Wajo","provinsi":"Prov. Sulawesi Selatan","kode_pos":"90991","latitude":-4.0277,"longitude":120.1402,"nomor_telepon":"081245450294","email":"smpn.3majauleng@gmail.com","website":"http://smpn3majauleng.sch.id","daya_listrik":5500.0,"luas_tanah_milik":8191,"sumber_listrik":"PLN","akses_internet":"Wireless","akses_internet_2":"Shared","waktu_penyelenggaraan":"Pagi/5 hari","semester_id":"20261","semester_keterangan":"2026/2027 Gasal","sekolah_id":"409D48C0-0D26-E111-852A-93BEFE1D12CA","koordinat_valid":true,"validasi":"verified_official","sumber_data":"Kemendikdasmen - Sekolah Kita","sumber_koordinat":"Kemendikdasmen - Sekolah Kita API full-detail","tanggal_pengambilan":"2026-09-30"},"geometry":{"type":"Point","coordinates":[120.1402,-4.0277]}},{"type":"Feature","properties":{"npsn":"40310382","nama_sekolah":"UPTD SMP NEGERI 4 MAJAULENG","bentuk_pendidikan":"SMP","status_sekolah":"NEGERI","akreditasi":"B","alamat_jalan":"Sarammae","nama_dusun":"SARAMMAE","rt":1.0,"rw":1.0,"kecamatan":"Kec. Majauleng","kabupaten":"Kab. Wajo","provinsi":"Prov. Sulawesi Selatan","kode_pos":"90991","latitude":-4.0324,"longitude":120.2299,"nomor_telepon":"085255281541","email":"smpnempat_majauleng@yahoo.co.id","website":"http://","daya_listrik":1300.0,"luas_tanah_milik":3493,"sumber_listrik":"PLN","akses_internet":"Seluler","akses_internet_2":"Dedicated","waktu_penyelenggaraan":"Pagi/5 hari","semester_id":"20261","semester_keterangan":"2026/2027 Gasal","sekolah_id":"B05A57C3-0D26-E111-B5E0-854F67F95845","koordinat_valid":true,"validasi":"verified_official","sumber_data":"Kemendikdasmen - Sekolah Kita","sumber_koordinat":"Kemendikdasmen - Sekolah Kita API full-detail","tanggal_pengambilan":"2026-09-30"},"geometry":{"type":"Point","coordinates":[120.2299,-4.0324]}},{"type":"Feature","properties":{"npsn":"40313242","nama_sekolah":"UPTD SMP NEGERI 5 MAJAULENG","bentuk_pendidikan":"SMP","status_sekolah":"NEGERI","akreditasi":"B","alamat_jalan":"Bulu","nama_dusun":"Tengnga","rt":0.0,"rw":0.0,"kecamatan":"Kec. Majauleng","kabupaten":"Kab. Wajo","provinsi":"Prov. Sulawesi Selatan","kode_pos":"90991","latitude":-4.0599,"longitude":120.181,"nomor_telepon":"082348189005","email":"smpnlimamajuleng@ymail.com","website":"http://","daya_listrik":2200.0,"luas_tanah_milik":6300,"sumber_listrik":"PLN","akses_internet":"Seluler","akses_internet_2":"Shared","waktu_penyelenggaraan":"Pagi/5 hari","semester_id":"20261","semester_keterangan":"2026/2027 Gasal","sekolah_id":"90EB48C0-0D26-E111-9A62-A7A17AAF67EE","koordinat_valid":true,"validasi":"verified_official","sumber_data":"Kemendikdasmen - Sekolah Kita","sumber_koordinat":"Kemendikdasmen - Sekolah Kita API full-detail","tanggal_pengambilan":"2026-09-30"},"geometry":{"type":"Point","coordinates":[120.181,-4.0599]}},{"type":"Feature","properties":{"npsn":"69947176","nama_sekolah":"SMP TAHFIDZ AL-QURAN WAHDAH ISLAMIYAH ANABANUA","bentuk_pendidikan":"SMP","status_sekolah":"SWASTA","akreditasi":"B","alamat_jalan":"Jl. Poros Palopo-Makassar","nama_dusun":"Mattirowalie","rt":1.0,"rw":1.0,"kecamatan":"Kec. Maniang Pajo","kabupaten":"Kab. Wajo","provinsi":"Prov. Sulawesi Selatan","kode_pos":"90952","latitude":-3.9483,"longitude":120.0941,"nomor_telepon":"082335375561","email":"smptqwia@gmail.com","website":"http://https://smptqwianabanua.sch.id/","daya_listrik":16500.0,"luas_tanah_milik":40000,"sumber_listrik":"PLN","akses_internet":"Wireless","akses_internet_2":"Dedicated","waktu_penyelenggaraan":"Sehari Penuh/5 hari","semester_id":"20261","semester_keterangan":"2026/2027 Gasal","sekolah_id":"0B1A17C3-C273-4829-9CD5-69C043DC0E2E","koordinat_valid":true,"validasi":"verified_official","sumber_data":"Kemendikdasmen - Sekolah Kita","sumber_koordinat":"Kemendikdasmen - Sekolah Kita API full-detail","tanggal_pengambilan":"2026-09-30"},"geometry":{"type":"Point","coordinates":[120.0941,-3.9483]}},{"type":"Feature","properties":{"npsn":"40303196","nama_sekolah":"UPTD SMP NEGERI 1 MANIANGPAJO","bentuk_pendidikan":"SMP","status_sekolah":"NEGERI","akreditasi":"A","alamat_jalan":"Jl. Sekolah No. 1 Anabanua","nama_dusun":"Bolamallimpong","rt":1.0,"rw":1.0,"kecamatan":"Kec. Maniang Pajo","kabupaten":"Kab. Wajo","provinsi":"Prov. Sulawesi Selatan","kode_pos":"90952","latitude":-3.9497,"longitude":120.0652,"nomor_telepon":"085321555777","email":"smpnegeri1maniangpajo@gmail.com","website":"http://www.smpn1maniangpajo.net","daya_listrik":4400.0,"luas_tanah_milik":2799,"sumber_listrik":"PLN","akses_internet":"Wireless","akses_internet_2":"Broadband","waktu_penyelenggaraan":"Pagi/5 hari","semester_id":"20261","semester_keterangan":"2026/2027 Gasal","sekolah_id":"009657C3-0D26-E111-8A0C-3BBA2489019C","koordinat_valid":true,"validasi":"verified_official","sumber_data":"Kemendikdasmen - Sekolah Kita","sumber_koordinat":"Kemendikdasmen - Sekolah Kita API full-detail","tanggal_pengambilan":"2026-09-30"},"geometry":{"type":"Point","coordinates":[120.0652,-3.9497]}},{"type":"Feature","properties":{"npsn":"40303209","nama_sekolah":"UPTD SMP NEGERI 2 MANIANGPAJO","bentuk_pendidikan":"SMP","status_sekolah":"NEGERI","akreditasi":"B","alamat_jalan":"Jl. Callaccu No. 17 Mattirowalie","nama_dusun":"Callaccu","rt":0.0,"rw":0.0,"kecamatan":"Kec. Maniang Pajo","kabupaten":"Kab. Wajo","provinsi":"Prov. Sulawesi Selatan","kode_pos":"90952","latitude":-3.9294,"longitude":120.0645,"nomor_telepon":"081241820789","email":"smp2maniangpajo@gmail.com","website":"http://www.smp2maniangpajo.blogspot.com","daya_listrik":2200.0,"luas_tanah_milik":8117,"sumber_listrik":"PLN","akses_internet":"Fibre Optic","akses_internet_2":"Dedicated","waktu_penyelenggaraan":"Sehari Penuh/5 hari","semester_id":"20261","semester_keterangan":"2026/2027 Gasal","sekolah_id":"40074BC0-0D26-E111-B55B-5965F58C0A54","koordinat_valid":true,"validasi":"verified_official","sumber_data":"Kemendikdasmen - Sekolah Kita","sumber_koordinat":"Kemendikdasmen - Sekolah Kita API full-detail","tanggal_pengambilan":"2026-09-30"},"geometry":{"type":"Point","coordinates":[120.0645,-3.9294]}},{"type":"Feature","properties":{"npsn":"40313244","nama_sekolah":"UPTD SMP NEGERI 3 MANIANGPAJO","bentuk_pendidikan":"SMP","status_sekolah":"NEGERI","akreditasi":"B","alamat_jalan":"Jalan Puang Massora No. 1","nama_dusun":"Lawatanae","rt":1.0,"rw":1.0,"kecamatan":"Kec. Maniang Pajo","kabupaten":"Kab. Wajo","provinsi":"Prov. Sulawesi Selatan","kode_pos":"90952","latitude":-3.8923,"longitude":120.0805,"nomor_telepon":"085255942705","email":"smpn3maniangpajowajo@gmail.com","website":"http://smpn3mpj.sch.id","daya_listrik":4400.0,"luas_tanah_milik":5834,"sumber_listrik":"PLN","akses_internet":"Vsat","akses_internet_2":"Broadband","waktu_penyelenggaraan":"Pagi/5 hari","semester_id":"20261","semester_keterangan":"2026/2027 Gasal","sekolah_id":"E0B334C6-0D26-E111-9587-D98897EC1913","koordinat_valid":true,"validasi":"verified_official","sumber_data":"Kemendikdasmen - Sekolah Kita","sumber_koordinat":"Kemendikdasmen - Sekolah Kita API full-detail","tanggal_pengambilan":"2026-09-30"},"geometry":{"type":"Point","coordinates":[120.0805,-3.8923]}},{"type":"Feature","properties":{"npsn":"40318181","nama_sekolah":"UPTD SMP SATAP NEGERI 4 MANIANGPAJO","bentuk_pendidikan":"SMP","status_sekolah":"NEGERI","akreditasi":"C","alamat_jalan":"JL. MINANGATELLUE NO. 34 TINGARAPOSI","nama_dusun":"TINGARAPOSI","rt":0.0,"rw":0.0,"kecamatan":"Kec. Maniang Pajo","kabupaten":"Kab. Wajo","provinsi":"Prov. Sulawesi Selatan","kode_pos":"90952","latitude":-3.8544,"longitude":120.1076,"nomor_telepon":null,"email":"smpnsatap4.mpj@gmail.com","website":"http://smpnsatap4maniangpajo.blogspot.com","daya_listrik":1300.0,"luas_tanah_milik":3175,"sumber_listrik":"PLN","akses_internet":"Wireless","akses_internet_2":"Shared","waktu_penyelenggaraan":"Pagi/5 hari","semester_id":"20261","semester_keterangan":"2026/2027 Gasal","sekolah_id":"604D95A7-FEEF-E111-AD2E-D53EDDC29A63","koordinat_valid":true,"validasi":"verified_official","sumber_data":"Kemendikdasmen - Sekolah Kita","sumber_koordinat":"Kemendikdasmen - Sekolah Kita API full-detail","tanggal_pengambilan":"2026-09-30"},"geometry":{"type":"Point","coordinates":[120.1076,-3.8544]}},{"type":"Feature","properties":{"npsn":"40303197","nama_sekolah":"UPTD SMP NEGERI 1 PAMMANA","bentuk_pendidikan":"SMP","status_sekolah":"NEGERI","akreditasi":"A","alamat_jalan":"Jl. Sultan Hasanuddin No.78 Kampiri","nama_dusun":"Kampiri","rt":0.0,"rw":0.0,"kecamatan":"Kec. Pammana","kabupaten":"Kab. Wajo","provinsi":"Prov. Sulawesi Selatan","kode_pos":"90971","latitude":-4.2167,"longitude":120.1168,"nomor_telepon":"085145378129","email":"smp.neg1pammana@gmail.com","website":"http://","daya_listrik":7700.0,"luas_tanah_milik":6732,"sumber_listrik":"PLN","akses_internet":"Fibre Optic","akses_internet_2":"Broadband","waktu_penyelenggaraan":"Pagi/5 hari","semester_id":"20261","semester_keterangan":"2026/2027 Gasal","sekolah_id":"500B56C3-0D26-E111-91C5-6B1172CB2D75","koordinat_valid":true,"validasi":"verified_official","sumber_data":"Kemendikdasmen - Sekolah Kita","sumber_koordinat":"Kemendikdasmen - Sekolah Kita API full-detail","tanggal_pengambilan":"2026-09-30"},"geometry":{"type":"Point","coordinates":[120.1168,-4.2167]}},{"type":"Feature","properties":{"npsn":"40303195","nama_sekolah":"UPTD SMP NEGERI 2 PAMMANA","bentuk_pendidikan":"SMP","status_sekolah":"NEGERI","akreditasi":"A","alamat_jalan":"Jl. Andi Pallawarukka Maroanging","nama_dusun":"Maroanging","rt":0.0,"rw":0.0,"kecamatan":"Kec. Pammana","kabupaten":"Kab. Wajo","provinsi":"Prov. Sulawesi Selatan","kode_pos":"90971","latitude":-4.1952,"longitude":120.0999,"nomor_telepon":"081355402933","email":"spenda_pammana@yahoo.com","website":"http://","daya_listrik":900.0,"luas_tanah_milik":9919,"sumber_listrik":"PLN","akses_internet":"Seluler","akses_internet_2":"Shared","waktu_penyelenggaraan":"Pagi/5 hari","semester_id":"20261","semester_keterangan":"2026/2027 Gasal","sekolah_id":"C0FC45C0-0D26-E111-AD53-933545546CFE","koordinat_valid":true,"validasi":"verified_official","sumber_data":"Kemendikdasmen - Sekolah Kita","sumber_koordinat":"Kemendikdasmen - Sekolah Kita API full-detail","tanggal_pengambilan":"2026-09-30"},"geometry":{"type":"Point","coordinates":[120.0999,-4.1952]}},{"type":"Feature","properties":{"npsn":"40303187","nama_sekolah":"UPTD SMP NEGERI 3 PAMMANA","bentuk_pendidikan":"SMP","status_sekolah":"NEGERI","akreditasi":"B","alamat_jalan":"Lapaukke","nama_dusun":"Sumpangale","rt":0.0,"rw":0.0,"kecamatan":"Kec. Pammana","kabupaten":"Kab. Wajo","provinsi":"Prov. Sulawesi Selatan","kode_pos":"90971","latitude":-4.2569,"longitude":120.061,"nomor_telepon":"081343944736","email":"smpn3lapaukke@gmail.com","website":"http://","daya_listrik":1300.0,"luas_tanah_milik":10000,"sumber_listrik":"PLN","akses_internet":"Seluler","akses_internet_2":"Shared","waktu_penyelenggaraan":"Pagi/5 hari","semester_id":"20261","semester_keterangan":"2026/2027 Gasal","sekolah_id":"403056C3-0D26-E111-8950-A5356C1819D3","koordinat_valid":true,"validasi":"verified_official","sumber_data":"Kemendikdasmen - Sekolah Kita","sumber_koordinat":"Kemendikdasmen - Sekolah Kita API full-detail","tanggal_pengambilan":"2026-09-30"},"geometry":{"type":"Point","coordinates":[120.061,-4.2569]}},{"type":"Feature","properties":{"npsn":"40310384","nama_sekolah":"UPTD SMP NEGERI 4 PAMMANA","bentuk_pendidikan":"SMP","status_sekolah":"NEGERI","akreditasi":"B","alamat_jalan":"Jl. Zainal Abidin, Limporiattang","nama_dusun":"Limporiattang","rt":0.0,"rw":0.0,"kecamatan":"Kec. Pammana","kabupaten":"Kab. Wajo","provinsi":"Prov. Sulawesi Selatan","kode_pos":"90971","latitude":-4.1674,"longitude":120.1286,"nomor_telepon":"085234661576","email":"smpn4pammana@gmail.com","website":"http://","daya_listrik":1300.0,"luas_tanah_milik":5749,"sumber_listrik":"PLN","akses_internet":"Seluler","akses_internet_2":"Broadband","waktu_penyelenggaraan":"Pagi/5 hari","semester_id":"20261","semester_keterangan":"2026/2027 Gasal","sekolah_id":"A05456C3-0D26-E111-B4E1-D11733F17C22","koordinat_valid":true,"validasi":"verified_official","sumber_data":"Kemendikdasmen - Sekolah Kita","sumber_koordinat":"Kemendikdasmen - Sekolah Kita API full-detail","tanggal_pengambilan":"2026-09-30"},"geometry":{"type":"Point","coordinates":[120.1286,-4.1674]}},{"type":"Feature","properties":{"npsn":"40312417","nama_sekolah":"UPTD SMP NEGERI 5 PAMMANA","bentuk_pendidikan":"SMP","status_sekolah":"NEGERI","akreditasi":"A","alamat_jalan":"Calodo","nama_dusun":"CALODO","rt":0.0,"rw":0.0,"kecamatan":"Kec. Pammana","kabupaten":"Kab. Wajo","provinsi":"Prov. Sulawesi Selatan","kode_pos":"90971","latitude":-4.1901,"longitude":120.0598,"nomor_telepon":null,"email":"smpnegeri5pammana@yahoo.co.id","website":"http://www.smpn5pammana.net","daya_listrik":3500.0,"luas_tanah_milik":5906,"sumber_listrik":"PLN","akses_internet":"Fibre Optic","akses_internet_2":"Dedicated","waktu_penyelenggaraan":"Pagi/5 hari","semester_id":"20261","semester_keterangan":"2026/2027 Gasal","sekolah_id":"80DE55C3-0D26-E111-AC5F-D36E18952A09","koordinat_valid":true,"validasi":"verified_official","sumber_data":"Kemendikdasmen - Sekolah Kita","sumber_koordinat":"Kemendikdasmen - Sekolah Kita API full-detail","tanggal_pengambilan":"2026-09-30"},"geometry":{"type":"Point","coordinates":[120.0598,-4.1901]}},{"type":"Feature","properties":{"npsn":"69727951","nama_sekolah":"UPTD SMP SATAP NEGERI 6 PAMMANA","bentuk_pendidikan":"SMP","status_sekolah":"NEGERI","akreditasi":"B","alamat_jalan":"Cilellang","nama_dusun":"Cilellang","rt":0.0,"rw":0.0,"kecamatan":"Kec. Pammana","kabupaten":"Kab. Wajo","provinsi":"Prov. Sulawesi Selatan","kode_pos":"90971","latitude":-4.2079,"longitude":120.0712,"nomor_telepon":"08114482678","email":"smp6pammana@gmail.com","website":"http://","daya_listrik":1300.0,"luas_tanah_milik":4410,"sumber_listrik":"PLN","akses_internet":"Seluler","akses_internet_2":"Broadband","waktu_penyelenggaraan":"Sehari Penuh/5 hari","semester_id":"20261","semester_keterangan":"2026/2027 Gasal","sekolah_id":"C0BF554B-83FE-E111-A4F0-F3988C0031E7","koordinat_valid":true,"validasi":"verified_official","sumber_data":"Kemendikdasmen - Sekolah Kita","sumber_koordinat":"Kemendikdasmen - Sekolah Kita API full-detail","tanggal_pengambilan":"2026-09-30"},"geometry":{"type":"Point","coordinates":[120.0712,-4.2079]}},{"type":"Feature","properties":{"npsn":"40303198","nama_sekolah":"UPTD SMP NEGERI 1 PENRANG","bentuk_pendidikan":"SMP","status_sekolah":"NEGERI","akreditasi":"B","alamat_jalan":"Jl. Poros Atapange Doping","nama_dusun":"Walanga","rt":0.0,"rw":0.0,"kecamatan":"Kec. Penrang","kabupaten":"Kab. Wajo","provinsi":"Prov. Sulawesi Selatan","kode_pos":"90983","latitude":-3.9249,"longitude":120.0629,"nomor_telepon":"082346918025","email":"uptdsmpnpenrang744@mail.com","website":"http://","daya_listrik":2200.0,"luas_tanah_milik":6496,"sumber_listrik":"PLN","akses_internet":"Seluler","akses_internet_2":"Dedicated","waktu_penyelenggaraan":"Pagi/5 hari","semester_id":"20261","semester_keterangan":"2026/2027 Gasal","sekolah_id":"40624DC0-0D26-E111-AC3B-75B776121F07","koordinat_valid":true,"validasi":"verified_official","sumber_data":"Kemendikdasmen - Sekolah Kita","sumber_koordinat":"Kemendikdasmen - Sekolah Kita API full-detail","tanggal_pengambilan":"2026-09-30"},"geometry":{"type":"Point","coordinates":[120.0629,-3.9249]}},{"type":"Feature","properties":{"npsn":"40303194","nama_sekolah":"UPTD SMP NEGERI 2 PENRANG","bentuk_pendidikan":"SMP","status_sekolah":"NEGERI","akreditasi":"B","alamat_jalan":"Jl. Andi Baki Poros Doping - Jalang","nama_dusun":"BARU DOPING","rt":0.0,"rw":0.0,"kecamatan":"Kec. Penrang","kabupaten":"Kab. Wajo","provinsi":"Prov. Sulawesi Selatan","kode_pos":"90983","latitude":-4.0821,"longitude":120.2966,"nomor_telepon":"082352593350","email":"musliadhy@gmail.com","website":"http://www.smpn2penrang@ymail.com","daya_listrik":2200.0,"luas_tanah_milik":6648,"sumber_listrik":"PLN","akses_internet":"Seluler","akses_internet_2":"Broadband","waktu_penyelenggaraan":"Pagi/5 hari","semester_id":"20261","semester_keterangan":"2026/2027 Gasal","sekolah_id":"A08F4DC0-0D26-E111-9786-CF06AFBE7B8B","koordinat_valid":true,"validasi":"verified_official","sumber_data":"Kemendikdasmen - Sekolah Kita","sumber_koordinat":"Kemendikdasmen - Sekolah Kita API full-detail","tanggal_pengambilan":"2026-09-30"},"geometry":{"type":"Point","coordinates":[120.2966,-4.0821]}},{"type":"Feature","properties":{"npsn":"40314232","nama_sekolah":"UPTD SMP NEGERI 3 PENRANG","bentuk_pendidikan":"SMP","status_sekolah":"NEGERI","akreditasi":"B","alamat_jalan":"Penrang","nama_dusun":"Penrang Riawa","rt":0.0,"rw":0.0,"kecamatan":"Kec. Penrang","kabupaten":"Kab. Wajo","provinsi":"Prov. Sulawesi Selatan","kode_pos":"90983","latitude":-4.1134,"longitude":120.1744,"nomor_telepon":null,"email":"smpn3penrang@gmail.com","website":"http://smpn3penrang.sch.id","daya_listrik":2200.0,"luas_tanah_milik":7500,"sumber_listrik":"PLN","akses_internet":"Tidak Ada","akses_internet_2":"Dedicated","waktu_penyelenggaraan":"Pagi/5 hari","semester_id":"20261","semester_keterangan":"2026/2027 Gasal","sekolah_id":"B03558C3-0D26-E111-BD3F-094ACCA9B84D","koordinat_valid":true,"validasi":"verified_official","sumber_data":"Kemendikdasmen - Sekolah Kita","sumber_koordinat":"Kemendikdasmen - Sekolah Kita API full-detail","tanggal_pengambilan":"2026-09-30"},"geometry":{"type":"Point","coordinates":[120.1744,-4.1134]}},{"type":"Feature","properties":{"npsn":"40314928","nama_sekolah":"UPTD SMP SATAP NEGERI 4 PENRANG","bentuk_pendidikan":"SMP","status_sekolah":"NEGERI","akreditasi":"C","alamat_jalan":"TIRONGE","nama_dusun":"Tironge","rt":0.0,"rw":0.0,"kecamatan":"Kec. Penrang","kabupaten":"Kab. Wajo","provinsi":"Prov. Sulawesi Selatan","kode_pos":"90983","latitude":-4.041,"longitude":120.2641,"nomor_telepon":null,"email":"smpsatap4penrang@gmail.com","website":"http://","daya_listrik":900.0,"luas_tanah_milik":0,"sumber_listrik":"PLN","akses_internet":"Seluler","akses_internet_2":"Dedicated","waktu_penyelenggaraan":"Sehari Penuh/5 hari","semester_id":"20261","semester_keterangan":"2026/2027 Gasal","sekolah_id":"801496A7-FEEF-E111-AAAF-3FBD5008B086","koordinat_valid":true,"validasi":"verified_official","sumber_data":"Kemendikdasmen - Sekolah Kita","sumber_koordinat":"Kemendikdasmen - Sekolah Kita API full-detail","tanggal_pengambilan":"2026-09-30"},"geometry":{"type":"Point","coordinates":[120.2641,-4.041]}},{"type":"Feature","properties":{"npsn":"40316636","nama_sekolah":"UPTD SMP SATAP NEGERI 5 PENRANG","bentuk_pendidikan":"SMP","status_sekolah":"NEGERI","akreditasi":"C","alamat_jalan":"JL. PADEWAKENG","nama_dusun":"Padewakeng","rt":0.0,"rw":0.0,"kecamatan":"Kec. Penrang","kabupaten":"Kab. Wajo","provinsi":"Prov. Sulawesi Selatan","kode_pos":"90983","latitude":-3.9905,"longitude":120.2676,"nomor_telepon":"081343566644","email":"smpnsatap5penrang@yahoo.co.id","website":"http://","daya_listrik":1300.0,"luas_tanah_milik":1400,"sumber_listrik":"PLN","akses_internet":"Seluler","akses_internet_2":"Broadband","waktu_penyelenggaraan":"Pagi/5 hari","semester_id":"20261","semester_keterangan":"2026/2027 Gasal","sekolah_id":"D03996A7-FEEF-E111-8BCE-35EBC843B5F3","koordinat_valid":true,"validasi":"verified_official","sumber_data":"Kemendikdasmen - Sekolah Kita","sumber_koordinat":"Kemendikdasmen - Sekolah Kita API full-detail","tanggal_pengambilan":"2026-09-30"},"geometry":{"type":"Point","coordinates":[120.2676,-3.9905]}},{"type":"Feature","properties":{"npsn":"40303199","nama_sekolah":"UPTD SMP NEGERI 1 PITUMPANUA","bentuk_pendidikan":"SMP","status_sekolah":"NEGERI","akreditasi":"A","alamat_jalan":"Jl. Pendidikan No. 5 Siwa","nama_dusun":"Bulete","rt":0.0,"rw":0.0,"kecamatan":"Kec. Pitumpanua","kabupaten":"Kab. Wajo","provinsi":"Prov. Sulawesi Selatan","kode_pos":"90992","latitude":-3.7034,"longitude":120.4204,"nomor_telepon":"0472321236","email":"smp1pitumpanua.kepeg@ymail.com","website":"http://","daya_listrik":5500.0,"luas_tanah_milik":13300,"sumber_listrik":"PLN","akses_internet":"Wireless","akses_internet_2":"Broadband","waktu_penyelenggaraan":"Sehari Penuh/5 hari","semester_id":"20261","semester_keterangan":"2026/2027 Gasal","sekolah_id":"408E4BC0-0D26-E111-B0BE-2DE7B8134C8B","koordinat_valid":true,"validasi":"verified_official","sumber_data":"Kemendikdasmen - Sekolah Kita","sumber_koordinat":"Kemendikdasmen - Sekolah Kita API full-detail","tanggal_pengambilan":"2026-09-30"},"geometry":{"type":"Point","coordinates":[120.4204,-3.7034]}},{"type":"Feature","properties":{"npsn":"40303180","nama_sekolah":"UPTD SMP NEGERI 2 PITUMPANUA","bentuk_pendidikan":"SMP","status_sekolah":"NEGERI","akreditasi":"B","alamat_jalan":"JL. H. DG. PABETA NO. 2 KALUKU","nama_dusun":"BOCCO-BOCCO","rt":0.0,"rw":0.0,"kecamatan":"Kec. Pitumpanua","kabupaten":"Kab. Wajo","provinsi":"Prov. Sulawesi Selatan","kode_pos":"90992","latitude":-3.7618,"longitude":120.3549,"nomor_telepon":"085242590654","email":"smpnpitumpanua2@gmail.com","website":"http://","daya_listrik":2200.0,"luas_tanah_milik":23746,"sumber_listrik":"PLN","akses_internet":"Fibre Optic","akses_internet_2":"Dedicated","waktu_penyelenggaraan":"Sehari Penuh/5 hari","semester_id":"20261","semester_keterangan":"2026/2027 Gasal","sekolah_id":"20BD4BC0-0D26-E111-A79C-95094BF6EB98","koordinat_valid":true,"validasi":"verified_official","sumber_data":"Kemendikdasmen - Sekolah Kita","sumber_koordinat":"Kemendikdasmen - Sekolah Kita API full-detail","tanggal_pengambilan":"2026-09-30"},"geometry":{"type":"Point","coordinates":[120.3549,-3.7618]}},{"type":"Feature","properties":{"npsn":"40303188","nama_sekolah":"UPTD SMP NEGERI 3 PITUMPANUA","bentuk_pendidikan":"SMP","status_sekolah":"NEGERI","akreditasi":"B","alamat_jalan":"Jl. Peltu Ismail No. 10 Buriko","nama_dusun":"TELLESANG","rt":0.0,"rw":0.0,"kecamatan":"Kec. Pitumpanua","kabupaten":"Kab. Wajo","provinsi":"Prov. Sulawesi Selatan","kode_pos":"90992","latitude":-3.6727,"longitude":120.3975,"nomor_telepon":null,"email":"smpntigapitumpanua@yahoo.com","website":"http://","daya_listrik":2200.0,"luas_tanah_milik":16440,"sumber_listrik":"PLN","akses_internet":"Wireless","akses_internet_2":"Broadband","waktu_penyelenggaraan":"Pagi/5 hari","semester_id":"20261","semester_keterangan":"2026/2027 Gasal","sekolah_id":"400958C3-0D26-E111-9E70-3B9D05489687","koordinat_valid":true,"validasi":"verified_official","sumber_data":"Kemendikdasmen - Sekolah Kita","sumber_koordinat":"Kemendikdasmen - Sekolah Kita API full-detail","tanggal_pengambilan":"2026-09-30"},"geometry":{"type":"Point","coordinates":[120.3975,-3.6727]}},{"type":"Feature","properties":{"npsn":"40303191","nama_sekolah":"UPTD SMP NEGERI 4 PITUMPANUA","bentuk_pendidikan":"SMP","status_sekolah":"NEGERI","akreditasi":"B","alamat_jalan":"Jl. Andi Cappe No. 44 Lompoloang","nama_dusun":"Lompoloang","rt":0.0,"rw":0.0,"kecamatan":"Kec. Pitumpanua","kabupaten":"Kab. Wajo","provinsi":"Prov. Sulawesi Selatan","kode_pos":"90992","latitude":-3.7277,"longitude":120.3367,"nomor_telepon":null,"email":"smpn4pitumpanua.wajo@yahoo.com","website":"http://","daya_listrik":5500.0,"luas_tanah_milik":8084,"sumber_listrik":"PLN","akses_internet":"Seluler","akses_internet_2":"Broadband","waktu_penyelenggaraan":"Sehari Penuh/5 hari","semester_id":"20261","semester_keterangan":"2026/2027 Gasal","sekolah_id":"30ED4BC0-0D26-E111-9D3F-1B1843DF37EC","koordinat_valid":true,"validasi":"verified_official","sumber_data":"Kemendikdasmen - Sekolah Kita","sumber_koordinat":"Kemendikdasmen - Sekolah Kita API full-detail","tanggal_pengambilan":"2026-09-30"},"geometry":{"type":"Point","coordinates":[120.3367,-3.7277]}},{"type":"Feature","properties":{"npsn":"40313245","nama_sekolah":"UPTD SMP NEGERI 5 PITUMPANUA","bentuk_pendidikan":"SMP","status_sekolah":"NEGERI","akreditasi":"B","alamat_jalan":"Jl. A. P. Dg. Na. Palegga","nama_dusun":"Tanrongi","rt":0.0,"rw":0.0,"kecamatan":"Kec. Pitumpanua","kabupaten":"Kab. Wajo","provinsi":"Prov. Sulawesi Selatan","kode_pos":"90992","latitude":-3.7268,"longitude":120.3416,"nomor_telepon":null,"email":"Smp5pitumpanua.kepeg@ymail.com","website":"http://smpn5pitumpanua.sch.id","daya_listrik":2200.0,"luas_tanah_milik":5997,"sumber_listrik":"PLN","akses_internet":"Wireless","akses_internet_2":"Broadband","waktu_penyelenggaraan":"Sehari Penuh/5 hari","semester_id":"20261","semester_keterangan":"2026/2027 Gasal","sekolah_id":"00E157C3-0D26-E111-ABBD-3BE09E43E305","koordinat_valid":true,"validasi":"verified_official","sumber_data":"Kemendikdasmen - Sekolah Kita","sumber_koordinat":"Kemendikdasmen - Sekolah Kita API full-detail","tanggal_pengambilan":"2026-09-30"},"geometry":{"type":"Point","coordinates":[120.3416,-3.7268]}},{"type":"Feature","properties":{"npsn":"40303200","nama_sekolah":"UPTD SMP NEGERI 1 SABBANGPARU","bentuk_pendidikan":"SMP","status_sekolah":"NEGERI","akreditasi":"B","alamat_jalan":"Salojampu Wajo Sul Sel","nama_dusun":"Paseru","rt":0.0,"rw":0.0,"kecamatan":"Kec. Sabbangparu","kabupaten":"Kab. Wajo","provinsi":"Prov. Sulawesi Selatan","kode_pos":"90961","latitude":-4.2081,"longitude":120.0106,"nomor_telepon":"08124288614","email":"smpneg1sabbangparu@gmail.com","website":"http://","daya_listrik":1300.0,"luas_tanah_milik":6240,"sumber_listrik":"PLN","akses_internet":"Wireless","akses_internet_2":"Shared","waktu_penyelenggaraan":"Pagi/5 hari","semester_id":"20261","semester_keterangan":"2026/2027 Gasal","sekolah_id":"E05744C0-0D26-E111-B71E-154085B4EDEA","koordinat_valid":true,"validasi":"verified_official","sumber_data":"Kemendikdasmen - Sekolah Kita","sumber_koordinat":"Kemendikdasmen - Sekolah Kita API full-detail","tanggal_pengambilan":"2026-09-30"},"geometry":{"type":"Point","coordinates":[120.0106,-4.2081]}},{"type":"Feature","properties":{"npsn":"40303181","nama_sekolah":"UPTD SMP NEGERI 2 SABBANGPARU","bentuk_pendidikan":"SMP","status_sekolah":"NEGERI","akreditasi":"A","alamat_jalan":"Bila Ugi","nama_dusun":"WANUAE","rt":0.0,"rw":0.0,"kecamatan":"Kec. Sabbangparu","kabupaten":"Kab. Wajo","provinsi":"Prov. Sulawesi Selatan","kode_pos":"90961","latitude":-4.2183,"longitude":119.9983,"nomor_telepon":"081342920194","email":"smpn2sabbangparu@yahoo.co.id","website":"http://SMPN.2SABBANGPARU","daya_listrik":5500.0,"luas_tanah_milik":18048,"sumber_listrik":"PLN","akses_internet":"Seluler","akses_internet_2":"Broadband","waktu_penyelenggaraan":"Pagi/5 hari","semester_id":"20261","semester_keterangan":"2026/2027 Gasal","sekolah_id":"00A244C0-0D26-E111-8873-4D6F8A061AC4","koordinat_valid":true,"validasi":"verified_official","sumber_data":"Kemendikdasmen - Sekolah Kita","sumber_koordinat":"Kemendikdasmen - Sekolah Kita API full-detail","tanggal_pengambilan":"2026-09-30"},"geometry":{"type":"Point","coordinates":[119.9983,-4.2183]}},{"type":"Feature","properties":{"npsn":"40303189","nama_sekolah":"UPTD SMP NEGERI 3 SABBANGPARU","bentuk_pendidikan":"SMP","status_sekolah":"NEGERI","akreditasi":"B","alamat_jalan":"Jl.Pasaka","nama_dusun":"Lampajo","rt":0.0,"rw":0.0,"kecamatan":"Kec. Sabbangparu","kabupaten":"Kab. Wajo","provinsi":"Prov. Sulawesi Selatan","kode_pos":"90961","latitude":-4.1646,"longitude":119.99,"nomor_telepon":"085242301741","email":"uptdsmpn3.sparu@gmail.com","website":"http://","daya_listrik":1300.0,"luas_tanah_milik":6200,"sumber_listrik":"PLN","akses_internet":"Seluler","akses_internet_2":"Broadband","waktu_penyelenggaraan":"Sehari Penuh/5 hari","semester_id":"20261","semester_keterangan":"2026/2027 Gasal","sekolah_id":"E05C55C3-0D26-E111-BD43-A513349DEDA5","koordinat_valid":true,"validasi":"verified_official","sumber_data":"Kemendikdasmen - Sekolah Kita","sumber_koordinat":"Kemendikdasmen - Sekolah Kita API full-detail","tanggal_pengambilan":"2026-09-30"},"geometry":{"type":"Point","coordinates":[119.99,-4.1646]}},{"type":"Feature","properties":{"npsn":"40318180","nama_sekolah":"UPTD SMP SATAP NEGERI 4 SABBANGPARU","bentuk_pendidikan":"SMP","status_sekolah":"NEGERI","akreditasi":"C","alamat_jalan":"BILA LIU DESA WORONGNGE","nama_dusun":"Cilellang","rt":1.0,"rw":1.0,"kecamatan":"Kec. Sabbangparu","kabupaten":"Kab. Wajo","provinsi":"Prov. Sulawesi Selatan","kode_pos":"90961","latitude":-4.2328,"longitude":119.997,"nomor_telepon":"0","email":"spenta4sbpr@gmail.com","website":null,"daya_listrik":450.0,"luas_tanah_milik":3200,"sumber_listrik":"PLN","akses_internet":"Seluler","akses_internet_2":"Broadband","waktu_penyelenggaraan":"Sehari Penuh/5 hari","semester_id":"20261","semester_keterangan":"2026/2027 Gasal","sekolah_id":"003C94A7-FEEF-E111-953B-C3D98E567232","koordinat_valid":true,"validasi":"verified_official","sumber_data":"Kemendikdasmen - Sekolah Kita","sumber_koordinat":"Kemendikdasmen - Sekolah Kita API full-detail","tanggal_pengambilan":"2026-09-30"},"geometry":{"type":"Point","coordinates":[119.997,-4.2328]}},{"type":"Feature","properties":{"npsn":"40303201","nama_sekolah":"UPTD SMP NEGERI 1 SAJOANGING","bentuk_pendidikan":"SMP","status_sekolah":"NEGERI","akreditasi":"B","alamat_jalan":"Jl. Pahlawan No.26 Akkajeng","nama_dusun":"Jalang","rt":0.0,"rw":0.0,"kecamatan":"Kec. Sajo Anging","kabupaten":"Kab. Wajo","provinsi":"Prov. Sulawesi Selatan","kode_pos":"90982","latitude":-4.0391,"longitude":120.3239,"nomor_telepon":"085255156205","email":"smp1sajoanging.kepeg@ymail.com","website":"http://","daya_listrik":5500.0,"luas_tanah_milik":7540,"sumber_listrik":"PLN","akses_internet":"Wireless","akses_internet_2":"Broadband","waktu_penyelenggaraan":"Sehari Penuh/5 hari","semester_id":"20261","semester_keterangan":"2026/2027 Gasal","sekolah_id":"30FE56C3-0D26-E111-9912-499B5484256E","koordinat_valid":true,"validasi":"verified_official","sumber_data":"Kemendikdasmen - Sekolah Kita","sumber_koordinat":"Kemendikdasmen - Sekolah Kita API full-detail","tanggal_pengambilan":"2026-09-30"},"geometry":{"type":"Point","coordinates":[120.3239,-4.0391]}},{"type":"Feature","properties":{"npsn":"40303182","nama_sekolah":"UPTD SMP NEGERI 2 SAJOANGING","bentuk_pendidikan":"SMP","status_sekolah":"NEGERI","akreditasi":"A","alamat_jalan":"Salobulo","nama_dusun":"SALOBULO","rt":0.0,"rw":0.0,"kecamatan":"Kec. Sajo Anging","kabupaten":"Kab. Wajo","provinsi":"Prov. Sulawesi Selatan","kode_pos":"90982","latitude":-3.9467,"longitude":120.2643,"nomor_telepon":"085255281541","email":"smp2sajoangingwajo@gmail.com","website":"http://","daya_listrik":1300.0,"luas_tanah_milik":22152,"sumber_listrik":"PLN","akses_internet":"Wireless","akses_internet_2":"Shared","waktu_penyelenggaraan":"Pagi/5 hari","semester_id":"20261","semester_keterangan":"2026/2027 Gasal","sekolah_id":"B02C57C3-0D26-E111-91F1-8B5C4B4BF5FA","koordinat_valid":true,"validasi":"verified_official","sumber_data":"Kemendikdasmen - Sekolah Kita","sumber_koordinat":"Kemendikdasmen - Sekolah Kita API full-detail","tanggal_pengambilan":"2026-09-30"},"geometry":{"type":"Point","coordinates":[120.2643,-3.9467]}},{"type":"Feature","properties":{"npsn":"40312486","nama_sekolah":"UPTD SMP NEGERI 3 SAJOANGING","bentuk_pendidikan":"SMP","status_sekolah":"NEGERI","akreditasi":"B","alamat_jalan":"Jl.poros Kulampu Solo","nama_dusun":"Toduma","rt":0.0,"rw":0.0,"kecamatan":"Kec. Sajo Anging","kabupaten":"Kab. Wajo","provinsi":"Prov. Sulawesi Selatan","kode_pos":"90982","latitude":-3.9606,"longitude":120.2884,"nomor_telepon":"082347032118","email":"smpn_3sajoanging@yahoo.com","website":"http://","daya_listrik":1300.0,"luas_tanah_milik":18400,"sumber_listrik":"PLN","akses_internet":"Wireless","akses_internet_2":"Broadband","waktu_penyelenggaraan":"Pagi/5 hari","semester_id":"20261","semester_keterangan":"2026/2027 Gasal","sekolah_id":"C0E447C0-0D26-E111-A4E9-19200C6DF750","koordinat_valid":true,"validasi":"verified_official","sumber_data":"Kemendikdasmen - Sekolah Kita","sumber_koordinat":"Kemendikdasmen - Sekolah Kita API full-detail","tanggal_pengambilan":"2026-09-30"},"geometry":{"type":"Point","coordinates":[120.2884,-3.9606]}},{"type":"Feature","properties":{"npsn":"69727957","nama_sekolah":"UPTD SMP NEGERI 5 SAJOANGING","bentuk_pendidikan":"SMP","status_sekolah":"NEGERI","akreditasi":"B","alamat_jalan":"Desa Sakkoli Kecamatan Sajoanging Kab. Wajo","nama_dusun":"Cinaga","rt":0.0,"rw":0.0,"kecamatan":"Kec. Sajo Anging","kabupaten":"Kab. Wajo","provinsi":"Prov. Sulawesi Selatan","kode_pos":"90982","latitude":-3.9407,"longitude":120.2255,"nomor_telepon":"085213632287","email":"smpn5sajoanging@gmail.com","website":"http://","daya_listrik":1300.0,"luas_tanah_milik":5994,"sumber_listrik":"PLN","akses_internet":"Seluler","akses_internet_2":"Broadband","waktu_penyelenggaraan":"Pagi/5 hari","semester_id":"20261","semester_keterangan":"2026/2027 Gasal","sekolah_id":"20CA9AD3-6B6B-E211-BC18-D126F28E5253","koordinat_valid":true,"validasi":"verified_official","sumber_data":"Kemendikdasmen - Sekolah Kita","sumber_koordinat":"Kemendikdasmen - Sekolah Kita API full-detail","tanggal_pengambilan":"2026-09-30"},"geometry":{"type":"Point","coordinates":[120.2255,-3.9407]}},{"type":"Feature","properties":{"npsn":"40318182","nama_sekolah":"UPTD SMP SATAP NEGERI 4 SAJOANGING","bentuk_pendidikan":"SMP","status_sekolah":"NEGERI","akreditasi":"C","alamat_jalan":"BARANGMAMASE","nama_dusun":"Garungkang","rt":0.0,"rw":0.0,"kecamatan":"Kec. Sajo Anging","kabupaten":"Kab. Wajo","provinsi":"Prov. Sulawesi Selatan","kode_pos":"90982","latitude":-4.0605,"longitude":120.1829,"nomor_telepon":"082395788400","email":"smpnsatap4sajoanging@gmail.com","website":"http://","daya_listrik":900.0,"luas_tanah_milik":1836,"sumber_listrik":"PLN","akses_internet":"Wireless","akses_internet_2":"Shared","waktu_penyelenggaraan":"Pagi/6 hari","semester_id":"20261","semester_keterangan":"2026/2027 Gasal","sekolah_id":"00D494A7-FEEF-E111-BD37-65179B4F959B","koordinat_valid":true,"validasi":"verified_official","sumber_data":"Kemendikdasmen - Sekolah Kita","sumber_koordinat":"Kemendikdasmen - Sekolah Kita API full-detail","tanggal_pengambilan":"2026-09-30"},"geometry":{"type":"Point","coordinates":[120.1829,-4.0605]}},{"type":"Feature","properties":{"npsn":"76563813","nama_sekolah":"UPTD SMP SATAP NEGERI 6 SAJOANGING","bentuk_pendidikan":"SMP","status_sekolah":"NEGERI","akreditasi":null,"alamat_jalan":"Babana Desa Akkotengeng                                                         ","nama_dusun":null,"rt":null,"rw":null,"kecamatan":"Kec. Sajo Anging","kabupaten":"Kab. Wajo","provinsi":"Prov. Sulawesi Selatan","kode_pos":null,"latitude":-3.978245795035,"longitude":120.346163137006,"nomor_telepon":null,"email":null,"website":null,"daya_listrik":null,"luas_tanah_milik":0,"sumber_listrik":null,"akses_internet":null,"akses_internet_2":null,"waktu_penyelenggaraan":null,"semester_id":"20261","semester_keterangan":"2026/2027 Gasal","sekolah_id":"9F59EA04-243B-4B99-B290-D83F0A4341C5","koordinat_valid":true,"validasi":"verified_official","sumber_data":"Kemendikdasmen - Sekolah Kita","sumber_koordinat":"Kemendikdasmen - Sekolah Kita API full-detail","tanggal_pengambilan":"2026-09-30"},"geometry":{"type":"Point","coordinates":[120.346163,-3.978246]}},{"type":"Feature","properties":{"npsn":"71841718","nama_sekolah":"UPTD SMP SATAP NEGERI 6 SAJOANGING","bentuk_pendidikan":"SMP","status_sekolah":"NEGERI","akreditasi":null,"alamat_jalan":"Babana Desa Akkotengeng                                                         ","nama_dusun":null,"rt":null,"rw":null,"kecamatan":"Kec. Sajo Anging","kabupaten":"Kab. Wajo","provinsi":"Prov. Sulawesi Selatan","kode_pos":null,"latitude":-3.978245795035,"longitude":120.346163137006,"nomor_telepon":null,"email":null,"website":null,"daya_listrik":null,"luas_tanah_milik":0,"sumber_listrik":null,"akses_internet":null,"akses_internet_2":null,"waktu_penyelenggaraan":null,"semester_id":"20261","semester_keterangan":"2026/2027 Gasal","sekolah_id":"ED89D77D-A2C3-47E2-A99C-96CE90773421","koordinat_valid":true,"validasi":"verified_official","sumber_data":"Kemendikdasmen - Sekolah Kita","sumber_koordinat":"Kemendikdasmen - Sekolah Kita API full-detail","tanggal_pengambilan":"2026-09-30"},"geometry":{"type":"Point","coordinates":[120.346163,-3.978246]}},{"type":"Feature","properties":{"npsn":"40303203","nama_sekolah":"UPTD SMP NEGERI 1 TAKKALALLA","bentuk_pendidikan":"SMP","status_sekolah":"NEGERI","akreditasi":"A","alamat_jalan":"Jl. Sangkuru No. 4 Peneki","nama_dusun":"Sangkuru","rt":0.0,"rw":0.0,"kecamatan":"Kec. Takkalala","kabupaten":"Kab. Wajo","provinsi":"Prov. Sulawesi Selatan","kode_pos":"90981","latitude":-4.1498,"longitude":120.2737,"nomor_telepon":"082384375297","email":"smpntakkalalla1@gmail.com","website":"http://","daya_listrik":1300.0,"luas_tanah_milik":10528,"sumber_listrik":"PLN","akses_internet":"Fibre Optic","akses_internet_2":"Broadband","waktu_penyelenggaraan":"Sehari Penuh/5 hari","semester_id":"20261","semester_keterangan":"2026/2027 Gasal","sekolah_id":"40D256C3-0D26-E111-AF92-45E58DFDCB69","koordinat_valid":true,"validasi":"verified_official","sumber_data":"Kemendikdasmen - Sekolah Kita","sumber_koordinat":"Kemendikdasmen - Sekolah Kita API full-detail","tanggal_pengambilan":"2026-09-30"},"geometry":{"type":"Point","coordinates":[120.2737,-4.1498]}},{"type":"Feature","properties":{"npsn":"40303184","nama_sekolah":"UPTD SMP NEGERI 2 TAKKALALLA","bentuk_pendidikan":"SMP","status_sekolah":"NEGERI","akreditasi":"B","alamat_jalan":"Apala Desa Soro","nama_dusun":"Apala","rt":0.0,"rw":0.0,"kecamatan":"Kec. Takkalala","kabupaten":"Kab. Wajo","provinsi":"Prov. Sulawesi Selatan","kode_pos":"90981","latitude":-4.1982,"longitude":120.3236,"nomor_telepon":"081391567107","email":"smpnegeri2takkalalla@gmail.com","website":"http://","daya_listrik":3500.0,"luas_tanah_milik":764400,"sumber_listrik":"PLN","akses_internet":"Seluler","akses_internet_2":"Broadband","waktu_penyelenggaraan":"Pagi/5 hari","semester_id":"20261","semester_keterangan":"2026/2027 Gasal","sekolah_id":"40B347C0-0D26-E111-80BB-0D0DAC93C8B5","koordinat_valid":true,"validasi":"verified_official","sumber_data":"Kemendikdasmen - Sekolah Kita","sumber_koordinat":"Kemendikdasmen - Sekolah Kita API full-detail","tanggal_pengambilan":"2026-09-30"},"geometry":{"type":"Point","coordinates":[120.3236,-4.1982]}},{"type":"Feature","properties":{"npsn":"40314230","nama_sekolah":"UPTD SMP NEGERI 3 TAKKALALLA","bentuk_pendidikan":"SMP","status_sekolah":"NEGERI","akreditasi":"B","alamat_jalan":"Lingkungan Salo Dua","nama_dusun":"Salodua","rt":0.0,"rw":0.0,"kecamatan":"Kec. Takkalala","kabupaten":"Kab. Wajo","provinsi":"Prov. Sulawesi Selatan","kode_pos":"90981","latitude":-4.1895,"longitude":120.2465,"nomor_telepon":"085341338485","email":"smpn3takkalalla@gmail.com","website":"http://","daya_listrik":1300.0,"luas_tanah_milik":6300,"sumber_listrik":"PLN","akses_internet":"Wireless","akses_internet_2":"Dedicated","waktu_penyelenggaraan":"Pagi/5 hari","semester_id":"20261","semester_keterangan":"2026/2027 Gasal","sekolah_id":"E08794A7-FEEF-E111-B5BF-9F5D64CCDE53","koordinat_valid":true,"validasi":"verified_official","sumber_data":"Kemendikdasmen - Sekolah Kita","sumber_koordinat":"Kemendikdasmen - Sekolah Kita API full-detail","tanggal_pengambilan":"2026-09-30"},"geometry":{"type":"Point","coordinates":[120.2465,-4.1895]}},{"type":"Feature","properties":{"npsn":"69820136","nama_sekolah":"UPTD SMP NEGERI 6 TAKKALALLA","bentuk_pendidikan":"SMP","status_sekolah":"NEGERI","akreditasi":"C","alamat_jalan":"Parigi","nama_dusun":"Parigi","rt":0.0,"rw":0.0,"kecamatan":"Kec. Takkalala","kabupaten":"Kab. Wajo","provinsi":"Prov. Sulawesi Selatan","kode_pos":"90981","latitude":-4.0945,"longitude":120.2025,"nomor_telepon":"085255323669","email":"smpn6tkl@gmail.com","website":"http://","daya_listrik":1300.0,"luas_tanah_milik":6392,"sumber_listrik":"PLN","akses_internet":"Seluler","akses_internet_2":"Broadband","waktu_penyelenggaraan":"Pagi/5 hari","semester_id":"20261","semester_keterangan":"2026/2027 Gasal","sekolah_id":"F8E1744F-2B29-4356-BEA8-1A780C62DB1F","koordinat_valid":true,"validasi":"verified_official","sumber_data":"Kemendikdasmen - Sekolah Kita","sumber_koordinat":"Kemendikdasmen - Sekolah Kita API full-detail","tanggal_pengambilan":"2026-09-30"},"geometry":{"type":"Point","coordinates":[120.2025,-4.0945]}},{"type":"Feature","properties":{"npsn":"40314929","nama_sekolah":"UPTD SMP SATAP NEGERI  4 TAKKALALLA","bentuk_pendidikan":"SMP","status_sekolah":"NEGERI","akreditasi":"C","alamat_jalan":"Jl.pelabuhan No.56 Tosewo","nama_dusun":"Campi","rt":0.0,"rw":0.0,"kecamatan":"Kec. Takkalala","kabupaten":"Kab. Wajo","provinsi":"Prov. Sulawesi Selatan","kode_pos":"90981","latitude":-4.1244,"longitude":120.3088,"nomor_telepon":"085259774026","email":"satap4tkll@gmail.com","website":"http://www.satap4tkll@gmail.com","daya_listrik":1300.0,"luas_tanah_milik":11700,"sumber_listrik":"PLN","akses_internet":"Seluler","akses_internet_2":"Broadband","waktu_penyelenggaraan":"Pagi/5 hari","semester_id":"20261","semester_keterangan":"2026/2027 Gasal","sekolah_id":"808B34C6-0D26-E111-A459-5B5CBEFAA635","koordinat_valid":true,"validasi":"verified_official","sumber_data":"Kemendikdasmen - Sekolah Kita","sumber_koordinat":"Kemendikdasmen - Sekolah Kita API full-detail","tanggal_pengambilan":"2026-09-30"},"geometry":{"type":"Point","coordinates":[120.3088,-4.1244]}},{"type":"Feature","properties":{"npsn":"40316681","nama_sekolah":"UPTD SMP SATAP NEGERI 5 TAKKALALLA","bentuk_pendidikan":"SMP","status_sekolah":"NEGERI","akreditasi":"C","alamat_jalan":"ALUPPANG","nama_dusun":"aluppang","rt":0.0,"rw":0.0,"kecamatan":"Kec. Takkalala","kabupaten":"Kab. Wajo","provinsi":"Prov. Sulawesi Selatan","kode_pos":"90981","latitude":-4.1737,"longitude":120.288,"nomor_telepon":"081355105105","email":"esmpnsatap5tkll@gmail.co","website":"http://","daya_listrik":450.0,"luas_tanah_milik":7500,"sumber_listrik":"PLN","akses_internet":"Seluler","akses_internet_2":"Shared","waktu_penyelenggaraan":"Pagi/5 hari","semester_id":"20261","semester_keterangan":"2026/2027 Gasal","sekolah_id":"E0AF94A7-FEEF-E111-82DC-C3BEB321ACC0","koordinat_valid":true,"validasi":"verified_official","sumber_data":"Kemendikdasmen - Sekolah Kita","sumber_koordinat":"Kemendikdasmen - Sekolah Kita API full-detail","tanggal_pengambilan":"2026-09-30"},"geometry":{"type":"Point","coordinates":[120.288,-4.1737]}},{"type":"Feature","properties":{"npsn":"70052594","nama_sekolah":"SMP ISLAM TERPADU IMAM SYAFI’I SENGKANG","bentuk_pendidikan":"SMP","status_sekolah":"SWASTA","akreditasi":null,"alamat_jalan":"Jl. Andi Unru, Dusun Tanete","nama_dusun":"Tanete","rt":null,"rw":null,"kecamatan":"Kec. Tanasitolo","kabupaten":"Kab. Wajo","provinsi":"Prov. Sulawesi Selatan","kode_pos":"90951","latitude":-4.1036,"longitude":120.0351,"nomor_telepon":"081316306516","email":"imamsyafiisengkangsmpit@gmail.com","website":"http://","daya_listrik":7700.0,"luas_tanah_milik":8677,"sumber_listrik":"PLN","akses_internet":"Wireless","akses_internet_2":"Dedicated","waktu_penyelenggaraan":"Double Shift/6 hari","semester_id":"20261","semester_keterangan":"2026/2027 Gasal","sekolah_id":"243CB183-6FBE-41F2-9BDB-E9FC510C88EA","koordinat_valid":true,"validasi":"verified_official","sumber_data":"Kemendikdasmen - Sekolah Kita","sumber_koordinat":"Kemendikdasmen - Sekolah Kita API full-detail","tanggal_pengambilan":"2026-09-30"},"geometry":{"type":"Point","coordinates":[120.0351,-4.1036]}},{"type":"Feature","properties":{"npsn":"40303204","nama_sekolah":"UPTD SMP NEGERI 1 TANASITOLO","bentuk_pendidikan":"SMP","status_sekolah":"NEGERI","akreditasi":"A","alamat_jalan":"Baru Tancung","nama_dusun":"Baru Tancung","rt":0.0,"rw":0.0,"kecamatan":"Kec. Tanasitolo","kabupaten":"Kab. Wajo","provinsi":"Prov. Sulawesi Selatan","kode_pos":"90951","latitude":-4.0561,"longitude":120.0276,"nomor_telepon":null,"email":"smpn1tanasitolo124@gmail.com","website":"http://","daya_listrik":4400.0,"luas_tanah_milik":5715,"sumber_listrik":"PLN","akses_internet":"Wireless","akses_internet_2":"Shared","waktu_penyelenggaraan":"Pagi/5 hari","semester_id":"20261","semester_keterangan":"2026/2027 Gasal","sekolah_id":"D05549C0-0D26-E111-8D3D-BFE9B6033C2C","koordinat_valid":true,"validasi":"verified_official","sumber_data":"Kemendikdasmen - Sekolah Kita","sumber_koordinat":"Kemendikdasmen - Sekolah Kita API full-detail","tanggal_pengambilan":"2026-09-30"},"geometry":{"type":"Point","coordinates":[120.0276,-4.0561]}},{"type":"Feature","properties":{"npsn":"40303185","nama_sekolah":"UPTD SMP NEGERI 2 TANASITOLO","bentuk_pendidikan":"SMP","status_sekolah":"NEGERI","akreditasi":"A","alamat_jalan":"Mario","nama_dusun":"Mario","rt":0.0,"rw":0.0,"kecamatan":"Kec. Tanasitolo","kabupaten":"Kab. Wajo","provinsi":"Prov. Sulawesi Selatan","kode_pos":"90951","latitude":-4.079,"longitude":120.064,"nomor_telepon":null,"email":"smpnegeri2tanasitolo@gmail.com","website":"http://smpn2tanasitolo.sch.id","daya_listrik":2200.0,"luas_tanah_milik":12948,"sumber_listrik":"PLN","akses_internet":"Seluler","akses_internet_2":"Shared","waktu_penyelenggaraan":"Pagi/5 hari","semester_id":"20261","semester_keterangan":"2026/2027 Gasal","sekolah_id":"808949C0-0D26-E111-93CE-07EB1B63059A","koordinat_valid":true,"validasi":"verified_official","sumber_data":"Kemendikdasmen - Sekolah Kita","sumber_koordinat":"Kemendikdasmen - Sekolah Kita API full-detail","tanggal_pengambilan":"2026-09-30"},"geometry":{"type":"Point","coordinates":[120.064,-4.079]}},{"type":"Feature","properties":{"npsn":"40310386","nama_sekolah":"UPTD SMP NEGERI 3 TANASITOLO","bentuk_pendidikan":"SMP","status_sekolah":"NEGERI","akreditasi":"B","alamat_jalan":"Tonralipue","nama_dusun":"Pollappo","rt":0.0,"rw":0.0,"kecamatan":"Kec. Tanasitolo","kabupaten":"Kab. Wajo","provinsi":"Prov. Sulawesi Selatan","kode_pos":"90951","latitude":-3.9951,"longitude":120.049,"nomor_telepon":"085294032192","email":"spentigtanasitolo@gmail.com","website":"http://","daya_listrik":2200.0,"luas_tanah_milik":6250,"sumber_listrik":"PLN","akses_internet":"Seluler","akses_internet_2":"Broadband","waktu_penyelenggaraan":"Pagi/5 hari","semester_id":"20261","semester_keterangan":"2026/2027 Gasal","sekolah_id":"E0B349C0-0D26-E111-A7B0-AF66CCCFA5F6","koordinat_valid":true,"validasi":"verified_official","sumber_data":"Kemendikdasmen - Sekolah Kita","sumber_koordinat":"Kemendikdasmen - Sekolah Kita API full-detail","tanggal_pengambilan":"2026-09-30"},"geometry":{"type":"Point","coordinates":[120.049,-3.9951]}},{"type":"Feature","properties":{"npsn":"40314227","nama_sekolah":"UPTD SMP NEGERI 4 TANASITOLO","bentuk_pendidikan":"SMP","status_sekolah":"NEGERI","akreditasi":"B","alamat_jalan":"Empagae","nama_dusun":"Empagae","rt":0.0,"rw":0.0,"kecamatan":"Kec. Tanasitolo","kabupaten":"Kab. Wajo","provinsi":"Prov. Sulawesi Selatan","kode_pos":"90951","latitude":-4.1048,"longitude":120.0288,"nomor_telepon":"081343752165","email":"smpneg4tanasitolo@gmail.com","website":"http://smp4tanasitolo.sch.id","daya_listrik":4400.0,"luas_tanah_milik":3042,"sumber_listrik":"PLN","akses_internet":"Fibre Optic","akses_internet_2":"Broadband","waktu_penyelenggaraan":"Pagi/5 hari","semester_id":"20261","semester_keterangan":"2026/2027 Gasal","sekolah_id":"601E49C0-0D26-E111-8DDC-EB9D0AC55E65","koordinat_valid":true,"validasi":"verified_official","sumber_data":"Kemendikdasmen - Sekolah Kita","sumber_koordinat":"Kemendikdasmen - Sekolah Kita API full-detail","tanggal_pengambilan":"2026-09-30"},"geometry":{"type":"Point","coordinates":[120.0288,-4.1048]}},{"type":"Feature","properties":{"npsn":"40314927","nama_sekolah":"UPTD SMP SATAP NEGERI 5 TANASITOLO","bentuk_pendidikan":"SMP","status_sekolah":"NEGERI","akreditasi":"C","alamat_jalan":"WAETUWO","nama_dusun":"Waetuwo","rt":0.0,"rw":0.0,"kecamatan":"Kec. Tanasitolo","kabupaten":"Kab. Wajo","provinsi":"Prov. Sulawesi Selatan","kode_pos":"90951","latitude":-4.0745,"longitude":120.1014,"nomor_telepon":"082336513112","email":"smpsatapnegeri5tanasitolo@gmail.com","website":"http://smpnsatap5tanasitolo.net","daya_listrik":1300.0,"luas_tanah_milik":3480,"sumber_listrik":"PLN","akses_internet":"Wireless","akses_internet_2":"Broadband","waktu_penyelenggaraan":"Pagi/5 hari","semester_id":"20261","semester_keterangan":"2026/2027 Gasal","sekolah_id":"E0F994A7-FEEF-E111-80FE-5F398CFC1E26","koordinat_valid":true,"validasi":"verified_official","sumber_data":"Kemendikdasmen - Sekolah Kita","sumber_koordinat":"Kemendikdasmen - Sekolah Kita API full-detail","tanggal_pengambilan":"2026-09-30"},"geometry":{"type":"Point","coordinates":[120.1014,-4.0745]}},{"type":"Feature","properties":{"npsn":"40303159","nama_sekolah":"SMP MUHAMMADIYAH SENGKANG","bentuk_pendidikan":"SMP","status_sekolah":"SWASTA","akreditasi":"B","alamat_jalan":"Jl. Muhammadiyah No. 14 Sengkang","nama_dusun":"Lapattete","rt":11.0,"rw":1.0,"kecamatan":"Kec. Tempe","kabupaten":"Kab. Wajo","provinsi":"Prov. Sulawesi Selatan","kode_pos":"90914","latitude":-4.136,"longitude":120.0296,"nomor_telepon":"085394088653","email":"smpmuhammadiyahskg@gmail.com","website":"http://","daya_listrik":1300.0,"luas_tanah_milik":1612,"sumber_listrik":"PLN","akses_internet":"Fibre Optic","akses_internet_2":"Dedicated","waktu_penyelenggaraan":"Pagi/5 hari","semester_id":"20261","semester_keterangan":"2026/2027 Gasal","sekolah_id":"2049ADC0-0D26-E111-9057-177B97EF9087","koordinat_valid":true,"validasi":"verified_official","sumber_data":"Kemendikdasmen - Sekolah Kita","sumber_koordinat":"Kemendikdasmen - Sekolah Kita API full-detail","tanggal_pengambilan":"2026-09-30"},"geometry":{"type":"Point","coordinates":[120.0296,-4.136]}},{"type":"Feature","properties":{"npsn":"40303202","nama_sekolah":"UPTD SMP NEGERI 1 SENGKANG","bentuk_pendidikan":"SMP","status_sekolah":"NEGERI","akreditasi":"A","alamat_jalan":"Jl. Latenri Bali No.11C Sengkang","nama_dusun":"PADDUPPA","rt":0.0,"rw":0.0,"kecamatan":"Kec. Tempe","kabupaten":"Kab. Wajo","provinsi":"Prov. Sulawesi Selatan","kode_pos":"90914","latitude":-4.1361,"longitude":120.0363,"nomor_telepon":null,"email":"smpneg.1sengkang@gmail.com","website":"http://www.smpn1sengkang.sch.id/","daya_listrik":11000.0,"luas_tanah_milik":6175,"sumber_listrik":"PLN","akses_internet":"Fibre Optic","akses_internet_2":"Shared","waktu_penyelenggaraan":"Pagi/5 hari","semester_id":"20261","semester_keterangan":"2026/2027 Gasal","sekolah_id":"208655C3-0D26-E111-9302-93A8C0535CEB","koordinat_valid":true,"validasi":"verified_official","sumber_data":"Kemendikdasmen - Sekolah Kita","sumber_koordinat":"Kemendikdasmen - Sekolah Kita API full-detail","tanggal_pengambilan":"2026-09-30"},"geometry":{"type":"Point","coordinates":[120.0363,-4.1361]}},{"type":"Feature","properties":{"npsn":"40303183","nama_sekolah":"UPTD SMP NEGERI 2 SENGKANG","bentuk_pendidikan":"SMP","status_sekolah":"NEGERI","akreditasi":"A","alamat_jalan":"Jl. Bau Baharuddin No. 27 Sengkang","nama_dusun":"LAPESONGKO","rt":0.0,"rw":0.0,"kecamatan":"Kec. Tempe","kabupaten":"Kab. Wajo","provinsi":"Prov. Sulawesi Selatan","kode_pos":"90911","latitude":-4.1225,"longitude":120.0292,"nomor_telepon":"048521836","email":"smpn2sengkangwajo@gmail.com","website":"http://smpn2sengkang.sch.id","daya_listrik":7700.0,"luas_tanah_milik":5504,"sumber_listrik":"PLN","akses_internet":"Fibre Optic","akses_internet_2":"Dedicated","waktu_penyelenggaraan":"Pagi/5 hari","semester_id":"20261","semester_keterangan":"2026/2027 Gasal","sekolah_id":"30AF55C3-0D26-E111-BAA8-7F2AEAC80FA8","koordinat_valid":true,"validasi":"verified_official","sumber_data":"Kemendikdasmen - Sekolah Kita","sumber_koordinat":"Kemendikdasmen - Sekolah Kita API full-detail","tanggal_pengambilan":"2026-09-30"},"geometry":{"type":"Point","coordinates":[120.0292,-4.1225]}},{"type":"Feature","properties":{"npsn":"40303190","nama_sekolah":"UPTD SMP NEGERI 3 SENGKANG","bentuk_pendidikan":"SMP","status_sekolah":"NEGERI","akreditasi":"A","alamat_jalan":"JL. ANDI HASANUDDIN ODDANG NO.37-39","nama_dusun":null,"rt":0.0,"rw":0.0,"kecamatan":"Kec. Tempe","kabupaten":"Kab. Wajo","provinsi":"Prov. Sulawesi Selatan","kode_pos":"90915","latitude":-4.1419,"longitude":120.0334,"nomor_telepon":"04853210400","email":"smp3skg@gmail.com","website":"http://","daya_listrik":7700.0,"luas_tanah_milik":5742,"sumber_listrik":"PLN","akses_internet":"Wireless","akses_internet_2":"Dedicated","waktu_penyelenggaraan":"Pagi/5 hari","semester_id":"20261","semester_keterangan":"2026/2027 Gasal","sekolah_id":"C03E45C0-0D26-E111-B2C5-F38926255E72","koordinat_valid":true,"validasi":"verified_official","sumber_data":"Kemendikdasmen - Sekolah Kita","sumber_koordinat":"Kemendikdasmen - Sekolah Kita API full-detail","tanggal_pengambilan":"2026-09-30"},"geometry":{"type":"Point","coordinates":[120.0334,-4.1419]}},{"type":"Feature","properties":{"npsn":"40303192","nama_sekolah":"UPTD SMP NEGERI 4 SENGKANG","bentuk_pendidikan":"SMP","status_sekolah":"NEGERI","akreditasi":"A","alamat_jalan":"Jl. Sutan Hasanuddin","nama_dusun":"Tampangeng","rt":0.0,"rw":0.0,"kecamatan":"Kec. Tempe","kabupaten":"Kab. Wajo","provinsi":"Prov. Sulawesi Selatan","kode_pos":"90915","latitude":-4.1528,"longitude":120.0388,"nomor_telepon":"048521645","email":"esempe_empatskg@yahoo.co.id","website":"http://smp4skg.blogspot.com","daya_listrik":4400.0,"luas_tanah_milik":13877,"sumber_listrik":"PLN","akses_internet":"Wireless","akses_internet_2":"Broadband","waktu_penyelenggaraan":"Sehari Penuh/5 hari","semester_id":"20261","semester_keterangan":"2026/2027 Gasal","sekolah_id":"A06D45C0-0D26-E111-8980-83F7C098C371","koordinat_valid":true,"validasi":"verified_official","sumber_data":"Kemendikdasmen - Sekolah Kita","sumber_koordinat":"Kemendikdasmen - Sekolah Kita API full-detail","tanggal_pengambilan":"2026-09-30"},"geometry":{"type":"Point","coordinates":[120.0388,-4.1528]}},{"type":"Feature","properties":{"npsn":"40303193","nama_sekolah":"UPTD SMP NEGERI 5 SENGKANG","bentuk_pendidikan":"SMP","status_sekolah":"NEGERI","akreditasi":"B","alamat_jalan":"Leppangeng Kel. Cempalagi","nama_dusun":"LEPPANGENG","rt":0.0,"rw":0.0,"kecamatan":"Kec. Tempe","kabupaten":"Kab. Wajo","provinsi":"Prov. Sulawesi Selatan","kode_pos":"90911","latitude":-4.1136,"longitude":120.0561,"nomor_telepon":null,"email":"smpn5.sengkang@yahoo.com","website":"smpn5sengkang.sch.id","daya_listrik":2200.0,"luas_tanah_milik":18300,"sumber_listrik":"PLN","akses_internet":"Fibre Optic","akses_internet_2":"Shared","waktu_penyelenggaraan":"Pagi/5 hari","semester_id":"20261","semester_keterangan":"2026/2027 Gasal","sekolah_id":"809F45C0-0D26-E111-81BC-4FDD7AC21F15","koordinat_valid":true,"validasi":"verified_official","sumber_data":"Kemendikdasmen - Sekolah Kita","sumber_koordinat":"Kemendikdasmen - Sekolah Kita API full-detail","tanggal_pengambilan":"2026-09-30"},"geometry":{"type":"Point","coordinates":[120.0561,-4.1136]}},{"type":"Feature","properties":{"npsn":"40303210","nama_sekolah":"UPTD SMP NEGERI 6 SENGKANG","bentuk_pendidikan":"SMP","status_sekolah":"NEGERI","akreditasi":"A","alamat_jalan":"Jl. Jambu No. 36 Sengkang","nama_dusun":"Amessangeng","rt":0.0,"rw":0.0,"kecamatan":"Kec. Tempe","kabupaten":"Kab. Wajo","provinsi":"Prov. Sulawesi Selatan","kode_pos":"90915","latitude":-4.1441,"longitude":120.035,"nomor_telepon":"0485323670","email":"smp6sengkang@yahoo.com","website":"http://","daya_listrik":2200.0,"luas_tanah_milik":4293,"sumber_listrik":"PLN","akses_internet":"Wireless","akses_internet_2":"Dedicated","waktu_penyelenggaraan":"Sehari Penuh/5 hari","semester_id":"20261","semester_keterangan":"2026/2027 Gasal","sekolah_id":"A0CF45C0-0D26-E111-8F81-E1D6DA29B05D","koordinat_valid":true,"validasi":"verified_official","sumber_data":"Kemendikdasmen - Sekolah Kita","sumber_koordinat":"Kemendikdasmen - Sekolah Kita API full-detail","tanggal_pengambilan":"2026-09-30"},"geometry":{"type":"Point","coordinates":[120.035,-4.1441]}},{"type":"Feature","properties":{"npsn":"40314926","nama_sekolah":"UPTD SMP SATAP NEGERI 7 SENGKANG","bentuk_pendidikan":"SMP","status_sekolah":"NEGERI","akreditasi":"C","alamat_jalan":"SENGKANG","nama_dusun":"Baru Alau","rt":0.0,"rw":0.0,"kecamatan":"Kec. Tempe","kabupaten":"Kab. Wajo","provinsi":"Prov. Sulawesi Selatan","kode_pos":"90917","latitude":-4.1267,"longitude":120.0197,"nomor_telepon":null,"email":"sataptujuh@gmail.com","website":"http://","daya_listrik":2200.0,"luas_tanah_milik":884,"sumber_listrik":"PLN","akses_internet":"Wireless","akses_internet_2":"Shared","waktu_penyelenggaraan":"Sehari Penuh/5 hari","semester_id":"20261","semester_keterangan":"2026/2027 Gasal","sekolah_id":"506094A7-FEEF-E111-A8D0-9F5076BA7ECD","koordinat_valid":true,"validasi":"verified_official","sumber_data":"Kemendikdasmen - Sekolah Kita","sumber_koordinat":"Kemendikdasmen - Sekolah Kita API full-detail","tanggal_pengambilan":"2026-09-30"},"geometry":{"type":"Point","coordinates":[120.0197,-4.1267]}},{"type":"Feature","properties":{"npsn":"40300000","nama_sekolah":"UPTD SMP SATAP NEGERI 8 SENGKANG","bentuk_pendidikan":"SMP","status_sekolah":"NEGERI","akreditasi":"C","alamat_jalan":"Jalan Puyuh Sengkang","nama_dusun":null,"rt":0.0,"rw":0.0,"kecamatan":"Kec. Tempe","kabupaten":"Kab. Wajo","provinsi":"Prov. Sulawesi Selatan","kode_pos":"90918","latitude":-4.1319,"longitude":120.0623,"nomor_telepon":"085299790455","email":"smpsatap8skg@gmail.com","website":"http://","daya_listrik":900.0,"luas_tanah_milik":2805,"sumber_listrik":"PLN","akses_internet":"Wireless","akses_internet_2":"Shared","waktu_penyelenggaraan":"Sehari Penuh/5 hari","semester_id":"20261","semester_keterangan":"2026/2027 Gasal","sekolah_id":"6004564B-83FE-E111-93B0-4D70C4DD7E90","koordinat_valid":true,"validasi":"verified_official","sumber_data":"Kemendikdasmen - Sekolah Kita","sumber_koordinat":"Kemendikdasmen - Sekolah Kita API full-detail","tanggal_pengambilan":"2026-09-30"},"geometry":{"type":"Point","coordinates":[120.0623,-4.1319]}},{"type":"Feature","properties":{"npsn":"40314947","nama_sekolah":"TK AISYIYAH BUSTANUL ATHFAL  MACERO","bentuk_pendidikan":"TK","status_sekolah":"SWASTA","akreditasi":"B","alamat_jalan":"Jl. Malakke Kel. Macero","nama_dusun":"LINGKUNGAN MACERO","rt":0.0,"rw":0.0,"kecamatan":"Kec. Belawa","kabupaten":"Kab. Wajo","provinsi":"Prov. Sulawesi Selatan","kode_pos":"90953","latitude":-3.9954,"longitude":119.938,"nomor_telepon":null,"email":"tkabamacero@gmail.com","website":"http://","daya_listrik":900.0,"luas_tanah_milik":420,"sumber_listrik":"PLN","akses_internet":"Seluler","akses_internet_2":"Broadband","waktu_penyelenggaraan":"Pagi/5 hari","semester_id":"20261","semester_keterangan":"2026/2027 Gasal","sekolah_id":"0261F9D6-8D82-4FBE-83EC-1744AA9F7177","koordinat_valid":true,"validasi":"verified_official","sumber_data":"Kemendikdasmen - Sekolah Kita","sumber_koordinat":"Kemendikdasmen - Sekolah Kita API full-detail","tanggal_pengambilan":"2026-09-30"},"geometry":{"type":"Point","coordinates":[119.938,-3.9954]}},{"type":"Feature","properties":{"npsn":"40314944","nama_sekolah":"TK AISYIYAH BUSTANUL ATHFAL CABANG BELAWA","bentuk_pendidikan":"TK","status_sekolah":"SWASTA","akreditasi":"B","alamat_jalan":"Jl. Kemakmuran No. 36 Menge","nama_dusun":"Menge","rt":0.0,"rw":0.0,"kecamatan":"Kec. Belawa","kabupaten":"Kab. Wajo","provinsi":"Prov. Sulawesi Selatan","kode_pos":"90953","latitude":-3.957143,"longitude":119.972034,"nomor_telepon":null,"email":null,"website":"http://","daya_listrik":900.0,"luas_tanah_milik":1280,"sumber_listrik":"PLN","akses_internet":"Seluler","akses_internet_2":"Shared","waktu_penyelenggaraan":"Pagi/5 hari","semester_id":"20261","semester_keterangan":"2026/2027 Gasal","sekolah_id":"E8105D41-A7F0-4795-BA38-EC5FD5D8C8B3","koordinat_valid":true,"validasi":"verified_official","sumber_data":"Kemendikdasmen - Sekolah Kita","sumber_koordinat":"Kemendikdasmen - Sekolah Kita API full-detail","tanggal_pengambilan":"2026-09-30"},"geometry":{"type":"Point","coordinates":[119.972034,-3.957143]}},{"type":"Feature","properties":{"npsn":"40314946","nama_sekolah":"TK AISYIYAH BUSTANUL ATHFAL MALAKKE","bentuk_pendidikan":"TK","status_sekolah":"SWASTA","akreditasi":"B","alamat_jalan":"JL. TIPPULU KEL. MALAKKE","nama_dusun":"Malakke","rt":1.0,"rw":1.0,"kecamatan":"Kec. Belawa","kabupaten":"Kab. Wajo","provinsi":"Prov. Sulawesi Selatan","kode_pos":"90953","latitude":-3.98,"longitude":119.9471,"nomor_telepon":"081355655756","email":"tkabamalakke88@gmail.com","website":"http://","daya_listrik":900.0,"luas_tanah_milik":700,"sumber_listrik":"PLN","akses_internet":"Seluler","akses_internet_2":"Shared","waktu_penyelenggaraan":"Pagi/5 hari","semester_id":"20261","semester_keterangan":"2026/2027 Gasal","sekolah_id":"38E5E8A1-4C9C-4E2F-995D-B43922208021","koordinat_valid":true,"validasi":"verified_official","sumber_data":"Kemendikdasmen - Sekolah Kita","sumber_koordinat":"Kemendikdasmen - Sekolah Kita API full-detail","tanggal_pengambilan":"2026-09-30"},"geometry":{"type":"Point","coordinates":[119.9471,-3.98]}},{"type":"Feature","properties":{"npsn":"40314945","nama_sekolah":"TK AISYIYAH BUSTANUL ATHFAL ONGKOE","bentuk_pendidikan":"TK","status_sekolah":"SWASTA","akreditasi":"B","alamat_jalan":"Jl. Pelita 2 No. 25 Ongkoe","nama_dusun":"ONGKOE","rt":0.0,"rw":0.0,"kecamatan":"Kec. Belawa","kabupaten":"Kab. Wajo","provinsi":"Prov. Sulawesi Selatan","kode_pos":"90953","latitude":-3.953519,"longitude":119.941611,"nomor_telepon":null,"email":null,"website":"http://","daya_listrik":450.0,"luas_tanah_milik":320,"sumber_listrik":"PLN","akses_internet":"Seluler","akses_internet_2":"Shared","waktu_penyelenggaraan":"Pagi/5 hari","semester_id":"20261","semester_keterangan":"2026/2027 Gasal","sekolah_id":"CF7A5D1E-7884-4CB5-B095-99CB027900AE","koordinat_valid":true,"validasi":"verified_official","sumber_data":"Kemendikdasmen - Sekolah Kita","sumber_koordinat":"Kemendikdasmen - Sekolah Kita API full-detail","tanggal_pengambilan":"2026-09-30"},"geometry":{"type":"Point","coordinates":[119.941611,-3.953519]}},{"type":"Feature","properties":{"npsn":"40314943","nama_sekolah":"TK AISYIYAH BUSTANUL ATHFAL QARYAH THAYYIBA WELE ","bentuk_pendidikan":"TK","status_sekolah":"SWASTA","akreditasi":"B","alamat_jalan":"Jl. Bau Baharuddin","nama_dusun":"wele 1","rt":0.0,"rw":0.0,"kecamatan":"Kec. Belawa","kabupaten":"Kab. Wajo","provinsi":"Prov. Sulawesi Selatan","kode_pos":"90953","latitude":-3.944567,"longitude":119.995556,"nomor_telepon":null,"email":"tkabaqtwele45@gmail.com","website":"http://","daya_listrik":900.0,"luas_tanah_milik":280,"sumber_listrik":"PLN","akses_internet":"Seluler","akses_internet_2":"Broadband","waktu_penyelenggaraan":"Pagi/5 hari","semester_id":"20261","semester_keterangan":"2026/2027 Gasal","sekolah_id":"AB839964-3407-4C54-803B-52DFEBB16F14","koordinat_valid":true,"validasi":"verified_official","sumber_data":"Kemendikdasmen - Sekolah Kita","sumber_koordinat":"Kemendikdasmen - Sekolah Kita API full-detail","tanggal_pengambilan":"2026-09-30"},"geometry":{"type":"Point","coordinates":[119.995556,-3.944567]}},{"type":"Feature","properties":{"npsn":"40315277","nama_sekolah":"TK AISYIYAH BUSTANUL ATHFAL QARYAH THAYYIBAH BELAWA","bentuk_pendidikan":"TK","status_sekolah":"SWASTA","akreditasi":"B","alamat_jalan":"Jl. Poros Malakke Kel. Macero","nama_dusun":null,"rt":0.0,"rw":0.0,"kecamatan":"Kec. Belawa","kabupaten":"Kab. Wajo","provinsi":"Prov. Sulawesi Selatan","kode_pos":"90953","latitude":-3.986591,"longitude":119.943207,"nomor_telepon":null,"email":null,"website":"http://","daya_listrik":1300.0,"luas_tanah_milik":324,"sumber_listrik":"PLN","akses_internet":"Wireless","akses_internet_2":"Dedicated","waktu_penyelenggaraan":"Pagi/5 hari","semester_id":"20261","semester_keterangan":"2026/2027 Gasal","sekolah_id":"EE3D92C5-9FC2-461B-91CD-9423BE8FE221","koordinat_valid":true,"validasi":"verified_official","sumber_data":"Kemendikdasmen - Sekolah Kita","sumber_koordinat":"Kemendikdasmen - Sekolah Kita API full-detail","tanggal_pengambilan":"2026-09-30"},"geometry":{"type":"Point","coordinates":[119.943207,-3.986591]}},{"type":"Feature","properties":{"npsn":"70003221","nama_sekolah":"TK AISYIYAH BUSTANUL ATHFAL SALOMPARE","bentuk_pendidikan":"TK","status_sekolah":"SWASTA","akreditasi":"C","alamat_jalan":"Salompare ","nama_dusun":"salompare","rt":null,"rw":null,"kecamatan":"Kec. Belawa","kabupaten":"Kab. Wajo","provinsi":"Prov. Sulawesi Selatan","kode_pos":"90953","latitude":-4.010657,"longitude":119.972567,"nomor_telepon":"082354818225","email":"tkabasalompare@gmail.com","website":"http://tkabasalompare@gmai.com","daya_listrik":900.0,"luas_tanah_milik":105,"sumber_listrik":"PLN","akses_internet":"Seluler","akses_internet_2":"Shared","waktu_penyelenggaraan":"Pagi/5 hari","semester_id":"20261","semester_keterangan":"2026/2027 Gasal","sekolah_id":"7E95CBBC-80B4-4CD7-8726-9C293267C3B8","koordinat_valid":true,"validasi":"verified_official","sumber_data":"Kemendikdasmen - Sekolah Kita","sumber_koordinat":"Kemendikdasmen - Sekolah Kita API full-detail","tanggal_pengambilan":"2026-09-30"},"geometry":{"type":"Point","coordinates":[119.972567,-4.010657]}},{"type":"Feature","properties":{"npsn":"69890763","nama_sekolah":"TK ANNAHDAH TIMORENG","bentuk_pendidikan":"TK","status_sekolah":"SWASTA","akreditasi":"C","alamat_jalan":"Jl. Tancung Purai Desa Limpo Rilau","nama_dusun":"TIMORENG","rt":null,"rw":null,"kecamatan":"Kec. Belawa","kabupaten":"Kab. Wajo","provinsi":"Prov. Sulawesi Selatan","kode_pos":"90953","latitude":-4.0162,"longitude":119.9385,"nomor_telepon":null,"email":null,"website":"http://","daya_listrik":900.0,"luas_tanah_milik":500,"sumber_listrik":"PLN","akses_internet":"Seluler","akses_internet_2":"Shared","waktu_penyelenggaraan":"Pagi/5 hari","semester_id":"20261","semester_keterangan":"2026/2027 Gasal","sekolah_id":"5EB82BD7-839B-43BE-9D69-8F79C477FD7A","koordinat_valid":true,"validasi":"verified_official","sumber_data":"Kemendikdasmen - Sekolah Kita","sumber_koordinat":"Kemendikdasmen - Sekolah Kita API full-detail","tanggal_pengambilan":"2026-09-30"},"geometry":{"type":"Point","coordinates":[119.9385,-4.0162]}},{"type":"Feature","properties":{"npsn":"40314948","nama_sekolah":"TK KEMALA BHAYANGKARI 23 BELAWA","bentuk_pendidikan":"TK","status_sekolah":"SWASTA","akreditasi":"B","alamat_jalan":"Jl. Kemakmuran No. 36 Siduntung","nama_dusun":"SIDUNTUNG","rt":2.0,"rw":2.0,"kecamatan":"Kec. Belawa","kabupaten":"Kab. Wajo","provinsi":"Prov. Sulawesi Selatan","kode_pos":"90953","latitude":-3.9765,"longitude":119.938,"nomor_telepon":"081237147179","email":"kemalabelawa21@gmail.com","website":"http://","daya_listrik":900.0,"luas_tanah_milik":0,"sumber_listrik":"PLN","akses_internet":"Seluler","akses_internet_2":"Shared","waktu_penyelenggaraan":"Pagi/5 hari","semester_id":"20261","semester_keterangan":"2026/2027 Gasal","sekolah_id":"6D97BD83-7F28-4164-9BA8-D6656FBFF91D","koordinat_valid":true,"validasi":"verified_official","sumber_data":"Kemendikdasmen - Sekolah Kita","sumber_koordinat":"Kemendikdasmen - Sekolah Kita API full-detail","tanggal_pengambilan":"2026-09-30"},"geometry":{"type":"Point","coordinates":[119.938,-3.9765]}},{"type":"Feature","properties":{"npsn":"40315134","nama_sekolah":"TK NEGERI 1 KEC. BELAWA","bentuk_pendidikan":"TK","status_sekolah":"NEGERI","akreditasi":"C","alamat_jalan":"JL. Tippulu No. 2","nama_dusun":"Ongko","rt":0.0,"rw":0.0,"kecamatan":"Kec. Belawa","kabupaten":"Kab. Wajo","provinsi":"Prov. Sulawesi Selatan","kode_pos":"90953","latitude":-3.954493,"longitude":119.940533,"nomor_telepon":null,"email":"tknegeri1belawa@gmail.com","website":"http://","daya_listrik":900.0,"luas_tanah_milik":507,"sumber_listrik":"PLN","akses_internet":"Seluler","akses_internet_2":"Broadband","waktu_penyelenggaraan":"Pagi/5 hari","semester_id":"20261","semester_keterangan":"2026/2027 Gasal","sekolah_id":"32A4E8F6-6C33-4399-AE2A-2A5465B96DC6","koordinat_valid":true,"validasi":"verified_official","sumber_data":"Kemendikdasmen - Sekolah Kita","sumber_koordinat":"Kemendikdasmen - Sekolah Kita API full-detail","tanggal_pengambilan":"2026-09-30"},"geometry":{"type":"Point","coordinates":[119.940533,-3.954493]}},{"type":"Feature","properties":{"npsn":"69972363","nama_sekolah":"TK AL-HAFID MARBANIYA","bentuk_pendidikan":"TK","status_sekolah":"SWASTA","akreditasi":"B","alamat_jalan":"Lingkungan Iree","nama_dusun":"LINGKUNGAN IRE'E","rt":1.0,"rw":2.0,"kecamatan":"Kec. Bola","kabupaten":"Kab. Wajo","provinsi":"Prov. Sulawesi Selatan","kode_pos":"90984","latitude":-4.27093,"longitude":120.248084,"nomor_telepon":"085255247202","email":"tkalhafidbola@gmail.com","website":"http://","daya_listrik":900.0,"luas_tanah_milik":275,"sumber_listrik":"PLN","akses_internet":"Seluler","akses_internet_2":"Broadband","waktu_penyelenggaraan":"Pagi/5 hari","semester_id":"20261","semester_keterangan":"2026/2027 Gasal","sekolah_id":"3C624AAB-5D40-4FBB-9A46-F9CBB29B39E4","koordinat_valid":true,"validasi":"verified_official","sumber_data":"Kemendikdasmen - Sekolah Kita","sumber_koordinat":"Kemendikdasmen - Sekolah Kita API full-detail","tanggal_pengambilan":"2026-09-30"},"geometry":{"type":"Point","coordinates":[120.248084,-4.27093]}},{"type":"Feature","properties":{"npsn":"40314992","nama_sekolah":"TK DHARMAWANITA BOLA","bentuk_pendidikan":"TK","status_sekolah":"SWASTA","akreditasi":"A","alamat_jalan":"Jln. Tomanurung Solo Kel. Solo","nama_dusun":"LINGKUNGAN SOLO","rt":0.0,"rw":0.0,"kecamatan":"Kec. Bola","kabupaten":"Kab. Wajo","provinsi":"Prov. Sulawesi Selatan","kode_pos":"90984","latitude":-4.2344,"longitude":120.2325,"nomor_telepon":"082122105209","email":"tk.dharmawanita.bola@gmail.com","website":"http://","daya_listrik":900.0,"luas_tanah_milik":1500,"sumber_listrik":"Menumpang","akses_internet":"Seluler","akses_internet_2":"Broadband","waktu_penyelenggaraan":"Pagi/5 hari","semester_id":"20261","semester_keterangan":"2026/2027 Gasal","sekolah_id":"CBD0A4E1-CBA8-4FC0-9FD1-280959AEC44E","koordinat_valid":true,"validasi":"verified_official","sumber_data":"Kemendikdasmen - Sekolah Kita","sumber_koordinat":"Kemendikdasmen - Sekolah Kita API full-detail","tanggal_pengambilan":"2026-09-30"},"geometry":{"type":"Point","coordinates":[120.2325,-4.2344]}},{"type":"Feature","properties":{"npsn":"69916175","nama_sekolah":"TK HIDAYATULLAH","bentuk_pendidikan":"TK","status_sekolah":"SWASTA","akreditasi":"A","alamat_jalan":"Desa Pattangnga","nama_dusun":"Kolie","rt":null,"rw":null,"kecamatan":"Kec. Bola","kabupaten":"Kab. Wajo","provinsi":"Prov. Sulawesi Selatan","kode_pos":"90984","latitude":-4.220914,"longitude":120.354196,"nomor_telepon":"082129701190","email":"Nursammustafa@gmail.com","website":"http://","daya_listrik":900.0,"luas_tanah_milik":600,"sumber_listrik":"PLN","akses_internet":"Seluler","akses_internet_2":"Broadband","waktu_penyelenggaraan":"Pagi/5 hari","semester_id":"20261","semester_keterangan":"2026/2027 Gasal","sekolah_id":"4299D1A1-A6F8-4EE7-AF20-3FC595D905FC","koordinat_valid":true,"validasi":"verified_official","sumber_data":"Kemendikdasmen - Sekolah Kita","sumber_koordinat":"Kemendikdasmen - Sekolah Kita API full-detail","tanggal_pengambilan":"2026-09-30"},"geometry":{"type":"Point","coordinates":[120.354196,-4.220914]}},{"type":"Feature","properties":{"npsn":"70004929","nama_sekolah":"TK NUR ILMI","bentuk_pendidikan":"TK","status_sekolah":"SWASTA","akreditasi":"C","alamat_jalan":"Dorie","nama_dusun":"DORIE","rt":null,"rw":null,"kecamatan":"Kec. Bola","kabupaten":"Kab. Wajo","provinsi":"Prov. Sulawesi Selatan","kode_pos":"90984","latitude":-4.185755,"longitude":120.206888,"nomor_telepon":"082292120044","email":null,"website":"http://","daya_listrik":4500.0,"luas_tanah_milik":153,"sumber_listrik":"Menumpang","akses_internet":"Seluler","akses_internet_2":"Broadband","waktu_penyelenggaraan":"Pagi/5 hari","semester_id":"20261","semester_keterangan":"2026/2027 Gasal","sekolah_id":"B00E01C6-7E77-474D-868E-9229C658B974","koordinat_valid":true,"validasi":"verified_official","sumber_data":"Kemendikdasmen - Sekolah Kita","sumber_koordinat":"Kemendikdasmen - Sekolah Kita API full-detail","tanggal_pengambilan":"2026-09-30"},"geometry":{"type":"Point","coordinates":[120.206888,-4.185755]}},{"type":"Feature","properties":{"npsn":"40314990","nama_sekolah":"TK PGRI BALIELO","bentuk_pendidikan":"TK","status_sekolah":"SWASTA","akreditasi":"B","alamat_jalan":"Lamangiso","nama_dusun":"lamangiso","rt":0.0,"rw":0.0,"kecamatan":"Kec. Bola","kabupaten":"Kab. Wajo","provinsi":"Prov. Sulawesi Selatan","kode_pos":"90984","latitude":-4.224868,"longitude":120.15254,"nomor_telepon":"085242541749","email":null,"website":"http://","daya_listrik":450.0,"luas_tanah_milik":630,"sumber_listrik":"Menumpang","akses_internet":"Fibre Optic","akses_internet_2":"Dedicated","waktu_penyelenggaraan":"Pagi/5 hari","semester_id":"20261","semester_keterangan":"2026/2027 Gasal","sekolah_id":"CCE089D2-13F1-4067-A627-BD6DE9575D5B","koordinat_valid":true,"validasi":"verified_official","sumber_data":"Kemendikdasmen - Sekolah Kita","sumber_koordinat":"Kemendikdasmen - Sekolah Kita API full-detail","tanggal_pengambilan":"2026-09-30"},"geometry":{"type":"Point","coordinates":[120.15254,-4.224868]}},{"type":"Feature","properties":{"npsn":"40314989","nama_sekolah":"TK PGRI SANRESENG ADE","bentuk_pendidikan":"TK","status_sekolah":"SWASTA","akreditasi":"B","alamat_jalan":"Jl. Poros Solo Peneki","nama_dusun":"Wakke","rt":1.0,"rw":1.0,"kecamatan":"Kec. Bola","kabupaten":"Kab. Wajo","provinsi":"Prov. Sulawesi Selatan","kode_pos":"90984","latitude":-4.2233,"longitude":120.2847,"nomor_telepon":"085961599316","email":"tk_pgrisanresengade@yahoo.com","website":"http://","daya_listrik":900.0,"luas_tanah_milik":0,"sumber_listrik":"PLN","akses_internet":"Seluler","akses_internet_2":"Shared","waktu_penyelenggaraan":"Pagi/5 hari","semester_id":"20261","semester_keterangan":"2026/2027 Gasal","sekolah_id":"A8F01192-A1F7-42E0-B285-E7035782E13D","koordinat_valid":true,"validasi":"verified_official","sumber_data":"Kemendikdasmen - Sekolah Kita","sumber_koordinat":"Kemendikdasmen - Sekolah Kita API full-detail","tanggal_pengambilan":"2026-09-30"},"geometry":{"type":"Point","coordinates":[120.2847,-4.2233]}},{"type":"Feature","properties":{"npsn":"69972362","nama_sekolah":"TK SIPAKATAU JANGKALI SANRESENG ADE","bentuk_pendidikan":"TK","status_sekolah":"SWASTA","akreditasi":"B","alamat_jalan":"Jangkali","nama_dusun":"JANGKALI","rt":1.0,"rw":1.0,"kecamatan":"Kec. Bola","kabupaten":"Kab. Wajo","provinsi":"Prov. Sulawesi Selatan","kode_pos":"90984","latitude":-4.230041,"longitude":120.267203,"nomor_telepon":"082349569780","email":"tk.sipakataubola@gmail.com","website":"http://","daya_listrik":900.0,"luas_tanah_milik":333,"sumber_listrik":"PLN","akses_internet":"Seluler","akses_internet_2":"Broadband","waktu_penyelenggaraan":"Pagi/5 hari","semester_id":"20261","semester_keterangan":"2026/2027 Gasal","sekolah_id":"3FDD561A-359A-4E29-AE34-BFB5C733F3F2","koordinat_valid":true,"validasi":"verified_official","sumber_data":"Kemendikdasmen - Sekolah Kita","sumber_koordinat":"Kemendikdasmen - Sekolah Kita API full-detail","tanggal_pengambilan":"2026-09-30"},"geometry":{"type":"Point","coordinates":[120.267203,-4.230041]}},{"type":"Feature","properties":{"npsn":"40314991","nama_sekolah":"TK TOMANURUNG JANGKALI SOLO","bentuk_pendidikan":"TK","status_sekolah":"SWASTA","akreditasi":"B","alamat_jalan":"Jl. Pendidikan Jangkali Kel. Solo","nama_dusun":"jangkali","rt":0.0,"rw":0.0,"kecamatan":"Kec. Bola","kabupaten":"Kab. Wajo","provinsi":"Prov. Sulawesi Selatan","kode_pos":"90984","latitude":-4.2294,"longitude":120.2548,"nomor_telepon":"081355240475","email":"tktomanurungjangkalisolo@gmail.com","website":null,"daya_listrik":450.0,"luas_tanah_milik":450,"sumber_listrik":"Menumpang","akses_internet":"Seluler","akses_internet_2":"Broadband","waktu_penyelenggaraan":"Pagi/5 hari","semester_id":"20261","semester_keterangan":"2026/2027 Gasal","sekolah_id":"CAFB2E77-9E6B-4CC0-BE94-3D6D1DC16706","koordinat_valid":true,"validasi":"verified_official","sumber_data":"Kemendikdasmen - Sekolah Kita","sumber_koordinat":"Kemendikdasmen - Sekolah Kita API full-detail","tanggal_pengambilan":"2026-09-30"},"geometry":{"type":"Point","coordinates":[120.2548,-4.2294]}},{"type":"Feature","properties":{"npsn":"40315018","nama_sekolah":"TK PGRI ALAUSALO","bentuk_pendidikan":"TK","status_sekolah":"SWASTA","akreditasi":"B","alamat_jalan":"ALAUSALO","nama_dusun":"Alausalo","rt":1.0,"rw":1.0,"kecamatan":"Kec. Gilireng","kabupaten":"Kab. Wajo","provinsi":"Prov. Sulawesi Selatan","kode_pos":"90954","latitude":-3.937708,"longitude":120.177134,"nomor_telepon":"085244469877","email":"tkalausaloalausalo@yahoo.com","website":"http://","daya_listrik":900.0,"luas_tanah_milik":110,"sumber_listrik":"PLN","akses_internet":"Seluler","akses_internet_2":"Shared","waktu_penyelenggaraan":"Pagi/5 hari","semester_id":"20261","semester_keterangan":"2026/2027 Gasal","sekolah_id":"7262F305-45FE-4DA6-BBBA-B56918150546","koordinat_valid":true,"validasi":"verified_official","sumber_data":"Kemendikdasmen - Sekolah Kita","sumber_koordinat":"Kemendikdasmen - Sekolah Kita API full-detail","tanggal_pengambilan":"2026-09-30"},"geometry":{"type":"Point","coordinates":[120.177134,-3.937708]}},{"type":"Feature","properties":{"npsn":"40315138","nama_sekolah":"TK PGRI ANDI BAU BEDDU","bentuk_pendidikan":"TK","status_sekolah":"SWASTA","akreditasi":"B","alamat_jalan":"JL. POROS PASELLORENG","nama_dusun":"Gilireng","rt":0.0,"rw":0.0,"kecamatan":"Kec. Gilireng","kabupaten":"Kab. Wajo","provinsi":"Prov. Sulawesi Selatan","kode_pos":"90954","latitude":-3.936362,"longitude":120.175461,"nomor_telepon":"081343529117","email":"tkpgriandibaubeddu@gmail.com","website":"http://","daya_listrik":450.0,"luas_tanah_milik":0,"sumber_listrik":"PLN","akses_internet":"Seluler","akses_internet_2":"Shared","waktu_penyelenggaraan":"Pagi/5 hari","semester_id":"20261","semester_keterangan":"2026/2027 Gasal","sekolah_id":"ADD6D358-FFAF-42B6-B8DC-88CD3282F78A","koordinat_valid":true,"validasi":"verified_official","sumber_data":"Kemendikdasmen - Sekolah Kita","sumber_koordinat":"Kemendikdasmen - Sekolah Kita API full-detail","tanggal_pengambilan":"2026-09-30"},"geometry":{"type":"Point","coordinates":[120.175461,-3.936362]}},{"type":"Feature","properties":{"npsn":"40315139","nama_sekolah":"TK PGRI ARAJANG","bentuk_pendidikan":"TK","status_sekolah":"SWASTA","akreditasi":"B","alamat_jalan":"ARAJANG","nama_dusun":"Arajang","rt":0.0,"rw":0.0,"kecamatan":"Kec. Gilireng","kabupaten":"Kab. Wajo","provinsi":"Prov. Sulawesi Selatan","kode_pos":"90954","latitude":-3.8915,"longitude":120.1706,"nomor_telepon":null,"email":"arajangtkpgri@gmail.com","website":"http://","daya_listrik":900.0,"luas_tanah_milik":513,"sumber_listrik":"PLN","akses_internet":"Seluler","akses_internet_2":"Shared","waktu_penyelenggaraan":"Pagi/5 hari","semester_id":"20261","semester_keterangan":"2026/2027 Gasal","sekolah_id":"0166A3CE-B336-4384-8509-B380156A45C1","koordinat_valid":true,"validasi":"verified_official","sumber_data":"Kemendikdasmen - Sekolah Kita","sumber_koordinat":"Kemendikdasmen - Sekolah Kita API full-detail","tanggal_pengambilan":"2026-09-30"},"geometry":{"type":"Point","coordinates":[120.1706,-3.8915]}},{"type":"Feature","properties":{"npsn":"40315043","nama_sekolah":"TK PGRI LAMATA","bentuk_pendidikan":"TK","status_sekolah":"SWASTA","akreditasi":"B","alamat_jalan":"JL. ANDI MAPPASILING NO.01","nama_dusun":"LAMATA","rt":0.0,"rw":0.0,"kecamatan":"Kec. Gilireng","kabupaten":"Kab. Wajo","provinsi":"Prov. Sulawesi Selatan","kode_pos":"90954","latitude":-3.95226,"longitude":120.135846,"nomor_telepon":"081355051307","email":"tkpgrilamata@gmail.com","website":"http://","daya_listrik":900.0,"luas_tanah_milik":26600,"sumber_listrik":"PLN","akses_internet":"Seluler","akses_internet_2":"Broadband","waktu_penyelenggaraan":"Pagi/5 hari","semester_id":"20261","semester_keterangan":"2026/2027 Gasal","sekolah_id":"9A69EB3E-2D8D-462A-A3F0-529C266FB259","koordinat_valid":true,"validasi":"verified_official","sumber_data":"Kemendikdasmen - Sekolah Kita","sumber_koordinat":"Kemendikdasmen - Sekolah Kita API full-detail","tanggal_pengambilan":"2026-09-30"},"geometry":{"type":"Point","coordinates":[120.135846,-3.95226]}},{"type":"Feature","properties":{"npsn":"40315019","nama_sekolah":"TK PGRI PASSELORENG","bentuk_pendidikan":"TK","status_sekolah":"SWASTA","akreditasi":"C","alamat_jalan":"PASELLORENG","nama_dusun":"PASELLORENG","rt":1.0,"rw":1.0,"kecamatan":"Kec. Gilireng","kabupaten":"Kab. Wajo","provinsi":"Prov. Sulawesi Selatan","kode_pos":"90954","latitude":-3.849479,"longitude":120.215928,"nomor_telepon":"085244012508","email":"tk-pgripasseloreng@gmail.com","website":"http://","daya_listrik":450.0,"luas_tanah_milik":600,"sumber_listrik":"PLN","akses_internet":"Seluler","akses_internet_2":"Shared","waktu_penyelenggaraan":"Pagi/5 hari","semester_id":"20261","semester_keterangan":"2026/2027 Gasal","sekolah_id":"D3EDB185-EF75-4BA9-9DFC-7188C0BBB431","koordinat_valid":true,"validasi":"verified_official","sumber_data":"Kemendikdasmen - Sekolah Kita","sumber_koordinat":"Kemendikdasmen - Sekolah Kita API full-detail","tanggal_pengambilan":"2026-09-30"},"geometry":{"type":"Point","coordinates":[120.215928,-3.849479]}},{"type":"Feature","properties":{"npsn":"40315119","nama_sekolah":"TK PGRI POLEONRO","bentuk_pendidikan":"TK","status_sekolah":"SWASTA","akreditasi":"B","alamat_jalan":"Jl. Kampung Baru","nama_dusun":"Kampung Baru","rt":0.0,"rw":0.0,"kecamatan":"Kec. Gilireng","kabupaten":"Kab. Wajo","provinsi":"Prov. Sulawesi Selatan","kode_pos":"90954","latitude":-3.960901,"longitude":120.159132,"nomor_telepon":"085242484753","email":"rusnawati.tk@gmail.com","website":"http://0","daya_listrik":900.0,"luas_tanah_milik":375,"sumber_listrik":"PLN","akses_internet":"Seluler","akses_internet_2":"Broadband","waktu_penyelenggaraan":"Sehari Penuh/5 hari","semester_id":"20261","semester_keterangan":"2026/2027 Gasal","sekolah_id":"B3E81962-2063-4DF4-BD72-AFB09C18EAF9","koordinat_valid":true,"validasi":"verified_official","sumber_data":"Kemendikdasmen - Sekolah Kita","sumber_koordinat":"Kemendikdasmen - Sekolah Kita API full-detail","tanggal_pengambilan":"2026-09-30"},"geometry":{"type":"Point","coordinates":[120.159132,-3.960901]}},{"type":"Feature","properties":{"npsn":"70003220","nama_sekolah":"TK PKK ABBATIRENG","bentuk_pendidikan":"TK","status_sekolah":"SWASTA","akreditasi":"C","alamat_jalan":"Dusun Labempa ","nama_dusun":null,"rt":null,"rw":null,"kecamatan":"Kec. Gilireng","kabupaten":"Kab. Wajo","provinsi":"Prov. Sulawesi Selatan","kode_pos":null,"latitude":-3.945329,"longitude":120.169433,"nomor_telepon":null,"email":null,"website":"http://","daya_listrik":900.0,"luas_tanah_milik":300,"sumber_listrik":"PLN","akses_internet":"Fibre Optic","akses_internet_2":"Shared","waktu_penyelenggaraan":"Pagi/5 hari","semester_id":"20261","semester_keterangan":"2026/2027 Gasal","sekolah_id":"A4E5C7F9-93A7-4BDA-9173-C2585915DFC8","koordinat_valid":true,"validasi":"verified_official","sumber_data":"Kemendikdasmen - Sekolah Kita","sumber_koordinat":"Kemendikdasmen - Sekolah Kita API full-detail","tanggal_pengambilan":"2026-09-30"},"geometry":{"type":"Point","coordinates":[120.169433,-3.945329]}},{"type":"Feature","properties":{"npsn":"40314952","nama_sekolah":"TK NEGERI 1 KEERA","bentuk_pendidikan":"TK","status_sekolah":"NEGERI","akreditasi":"B","alamat_jalan":"Dusun Longka Desa Inrello","nama_dusun":"INRELLO","rt":0.0,"rw":0.0,"kecamatan":"Kec. Keera","kabupaten":"Kab. Wajo","provinsi":"Prov. Sulawesi Selatan","kode_pos":"90993","latitude":-3.846,"longitude":120.3027,"nomor_telepon":null,"email":"tknegeri1keera@gmail.com","website":"http://","daya_listrik":900.0,"luas_tanah_milik":455,"sumber_listrik":"PLN","akses_internet":"Seluler","akses_internet_2":"Broadband","waktu_penyelenggaraan":"Sehari Penuh/5 hari","semester_id":"20261","semester_keterangan":"2026/2027 Gasal","sekolah_id":"F612F0D6-80F0-423D-8FFF-A951C860D1A3","koordinat_valid":true,"validasi":"verified_official","sumber_data":"Kemendikdasmen - Sekolah Kita","sumber_koordinat":"Kemendikdasmen - Sekolah Kita API full-detail","tanggal_pengambilan":"2026-09-30"},"geometry":{"type":"Point","coordinates":[120.3027,-3.846]}},{"type":"Feature","properties":{"npsn":"40314955","nama_sekolah":"TK NEGERI 2 KEERA","bentuk_pendidikan":"TK","status_sekolah":"NEGERI","akreditasi":"B","alamat_jalan":"Dusun Babana","nama_dusun":"BABANA","rt":1.0,"rw":1.0,"kecamatan":"Kec. Keera","kabupaten":"Kab. Wajo","provinsi":"Prov. Sulawesi Selatan","kode_pos":"90993","latitude":-3.8334,"longitude":120.3416,"nomor_telepon":"085345405130","email":"hasnatang10121978@gmail.com","website":"http://","daya_listrik":900.0,"luas_tanah_milik":570,"sumber_listrik":"PLN","akses_internet":"Seluler","akses_internet_2":"Broadband","waktu_penyelenggaraan":"Pagi/5 hari","semester_id":"20261","semester_keterangan":"2026/2027 Gasal","sekolah_id":"E52095C8-BB92-4D7C-B605-0130666D12D4","koordinat_valid":true,"validasi":"verified_official","sumber_data":"Kemendikdasmen - Sekolah Kita","sumber_koordinat":"Kemendikdasmen - Sekolah Kita API full-detail","tanggal_pengambilan":"2026-09-30"},"geometry":{"type":"Point","coordinates":[120.3416,-3.8334]}},{"type":"Feature","properties":{"npsn":"40314951","nama_sekolah":"TK NEGERI 3 KEERA","bentuk_pendidikan":"TK","status_sekolah":"NEGERI","akreditasi":"B","alamat_jalan":"Dusun Appasareng Desa Paojepe","nama_dusun":"appasareng","rt":0.0,"rw":0.0,"kecamatan":"Kec. Keera","kabupaten":"Kab. Wajo","provinsi":"Prov. Sulawesi Selatan","kode_pos":"90993","latitude":-3.7777,"longitude":120.3439,"nomor_telepon":null,"email":"tkpgri01paojepe@gmail.com","website":"http://","daya_listrik":900.0,"luas_tanah_milik":280,"sumber_listrik":"PLN","akses_internet":"Seluler","akses_internet_2":"Shared","waktu_penyelenggaraan":"Pagi/5 hari","semester_id":"20261","semester_keterangan":"2026/2027 Gasal","sekolah_id":"0E38356C-DD47-46A1-A719-AFF7EEBEF08A","koordinat_valid":true,"validasi":"verified_official","sumber_data":"Kemendikdasmen - Sekolah Kita","sumber_koordinat":"Kemendikdasmen - Sekolah Kita API full-detail","tanggal_pengambilan":"2026-09-30"},"geometry":{"type":"Point","coordinates":[120.3439,-3.7777]}},{"type":"Feature","properties":{"npsn":"40314954","nama_sekolah":"TK NEGERI 5 KEERA","bentuk_pendidikan":"TK","status_sekolah":"NEGERI","akreditasi":"B","alamat_jalan":"Dusun Tanete Desa Awota","nama_dusun":"Jonga-Jonga","rt":0.0,"rw":0.0,"kecamatan":"Kec. Keera","kabupaten":"Kab. Wajo","provinsi":"Prov. Sulawesi Selatan","kode_pos":"90993","latitude":-3.815594,"longitude":120.273596,"nomor_telepon":"085259774290","email":"enda-harumi@gmail.com","website":"http://","daya_listrik":900.0,"luas_tanah_milik":700,"sumber_listrik":"PLN","akses_internet":"Seluler","akses_internet_2":"Shared","waktu_penyelenggaraan":"Pagi/5 hari","semester_id":"20261","semester_keterangan":"2026/2027 Gasal","sekolah_id":"AE3F916E-C340-4EB1-BD38-043AD4DE39B0","koordinat_valid":true,"validasi":"verified_official","sumber_data":"Kemendikdasmen - Sekolah Kita","sumber_koordinat":"Kemendikdasmen - Sekolah Kita API full-detail","tanggal_pengambilan":"2026-09-30"},"geometry":{"type":"Point","coordinates":[120.273596,-3.815594]}},{"type":"Feature","properties":{"npsn":"40315291","nama_sekolah":"TK NEGERI PEMBINA KEERA","bentuk_pendidikan":"TK","status_sekolah":"NEGERI","akreditasi":"A","alamat_jalan":"Jl. Poros Palopo-Sengkang Desa Ballere","nama_dusun":"LAJOPE","rt":0.0,"rw":0.0,"kecamatan":"Kec. Keera","kabupaten":"Kab. Wajo","provinsi":"Prov. Sulawesi Selatan","kode_pos":"90993","latitude":-3.827057,"longitude":120.323791,"nomor_telepon":"081342084965","email":"tknegeripembinakeera@gmail.com","website":"http://","daya_listrik":900.0,"luas_tanah_milik":1508,"sumber_listrik":"PLN","akses_internet":"Wireless","akses_internet_2":"Shared","waktu_penyelenggaraan":"Sehari Penuh/5 hari","semester_id":"20261","semester_keterangan":"2026/2027 Gasal","sekolah_id":"FE274CBB-8DB3-4D3B-A8E2-56719C49ACD2","koordinat_valid":true,"validasi":"verified_official","sumber_data":"Kemendikdasmen - Sekolah Kita","sumber_koordinat":"Kemendikdasmen - Sekolah Kita API full-detail","tanggal_pengambilan":"2026-09-30"},"geometry":{"type":"Point","coordinates":[120.323791,-3.827057]}},{"type":"Feature","properties":{"npsn":"40314957","nama_sekolah":"TK PGRI LALLISENG","bentuk_pendidikan":"TK","status_sekolah":"SWASTA","akreditasi":"B","alamat_jalan":"Lalliseng","nama_dusun":"Batucokkong","rt":0.0,"rw":0.0,"kecamatan":"Kec. Keera","kabupaten":"Kab. Wajo","provinsi":"Prov. Sulawesi Selatan","kode_pos":"90993","latitude":-3.8923,"longitude":120.278,"nomor_telepon":"082348289321","email":"tkpgrilalliseng77@gmail.com","website":"http://","daya_listrik":450.0,"luas_tanah_milik":325,"sumber_listrik":"PLN","akses_internet":"Seluler","akses_internet_2":"Broadband","waktu_penyelenggaraan":"Pagi/5 hari","semester_id":"20261","semester_keterangan":"2026/2027 Gasal","sekolah_id":"4E0D814D-3BF7-4EBC-B181-3B013523129E","koordinat_valid":true,"validasi":"verified_official","sumber_data":"Kemendikdasmen - Sekolah Kita","sumber_koordinat":"Kemendikdasmen - Sekolah Kita API full-detail","tanggal_pengambilan":"2026-09-30"},"geometry":{"type":"Point","coordinates":[120.278,-3.8923]}},{"type":"Feature","properties":{"npsn":"40314959","nama_sekolah":"TK PGRI PATTIROLOKKA","bentuk_pendidikan":"TK","status_sekolah":"SWASTA","akreditasi":"B","alamat_jalan":"Desa Pattirolokka Kec. Keera","nama_dusun":"PATTIROLOKKA","rt":0.0,"rw":0.0,"kecamatan":"Kec. Keera","kabupaten":"Kab. Wajo","provinsi":"Prov. Sulawesi Selatan","kode_pos":"90993","latitude":-3.88523,"longitude":120.312867,"nomor_telepon":null,"email":"tkpgripattirolokka@yahoo.com","website":"http://","daya_listrik":450.0,"luas_tanah_milik":63,"sumber_listrik":"PLN","akses_internet":"Seluler","akses_internet_2":"Dedicated","waktu_penyelenggaraan":"Pagi/5 hari","semester_id":"20261","semester_keterangan":"2026/2027 Gasal","sekolah_id":"5EED487F-B29B-44B5-A301-E95C653988E5","koordinat_valid":true,"validasi":"verified_official","sumber_data":"Kemendikdasmen - Sekolah Kita","sumber_koordinat":"Kemendikdasmen - Sekolah Kita API full-detail","tanggal_pengambilan":"2026-09-30"},"geometry":{"type":"Point","coordinates":[120.312867,-3.88523]}},{"type":"Feature","properties":{"npsn":"40314940","nama_sekolah":"TK DHARMAWANITA UNIT KEC. MAJAULENG","bentuk_pendidikan":"TK","status_sekolah":"SWASTA","akreditasi":"B","alamat_jalan":"Datto Kel. Limpomajang","nama_dusun":"Jokkae","rt":0.0,"rw":0.0,"kecamatan":"Kec. Majauleng","kabupaten":"Kab. Wajo","provinsi":"Prov. Sulawesi Selatan","kode_pos":"90991","latitude":-4.0197,"longitude":120.1663,"nomor_telepon":"085242870419","email":"tkdwmajauleng@gmail.com","website":"http://","daya_listrik":450.0,"luas_tanah_milik":1292,"sumber_listrik":"PLN","akses_internet":"Seluler","akses_internet_2":"Dedicated","waktu_penyelenggaraan":"Pagi/5 hari","semester_id":"20261","semester_keterangan":"2026/2027 Gasal","sekolah_id":"9DAC5EEB-6F10-4A59-B2A8-B1BE1AFB9D73","koordinat_valid":true,"validasi":"verified_official","sumber_data":"Kemendikdasmen - Sekolah Kita","sumber_koordinat":"Kemendikdasmen - Sekolah Kita API full-detail","tanggal_pengambilan":"2026-09-30"},"geometry":{"type":"Point","coordinates":[120.1663,-4.0197]}},{"type":"Feature","properties":{"npsn":"40314933","nama_sekolah":"TK NEGERI 1 MAJAULENG","bentuk_pendidikan":"TK","status_sekolah":"NEGERI","akreditasi":"A","alamat_jalan":"Jl. Poros Tosora Kec. Majauleng","nama_dusun":"0","rt":0.0,"rw":0.0,"kecamatan":"Kec. Majauleng","kabupaten":"Kab. Wajo","provinsi":"Prov. Sulawesi Selatan","kode_pos":"90991","latitude":-4.025483,"longitude":120.176687,"nomor_telepon":"081342598165","email":"tk_pgriparia@gmail.com","website":"http://","daya_listrik":900.0,"luas_tanah_milik":3608,"sumber_listrik":"PLN","akses_internet":"Seluler","akses_internet_2":"Broadband","waktu_penyelenggaraan":"Pagi/5 hari","semester_id":"20261","semester_keterangan":"2026/2027 Gasal","sekolah_id":"A4951BD4-C40C-439F-A311-7E2BA2991465","koordinat_valid":true,"validasi":"verified_official","sumber_data":"Kemendikdasmen - Sekolah Kita","sumber_koordinat":"Kemendikdasmen - Sekolah Kita API full-detail","tanggal_pengambilan":"2026-09-30"},"geometry":{"type":"Point","coordinates":[120.176687,-4.025483]}},{"type":"Feature","properties":{"npsn":"40315254","nama_sekolah":"TK NEGERI 2 MAJAULENG","bentuk_pendidikan":"TK","status_sekolah":"NEGERI","akreditasi":"B","alamat_jalan":"Jl. Poros Sengkang-Palopo Km 31 Bottodongga","nama_dusun":"BOTTODONGGA","rt":0.0,"rw":0.0,"kecamatan":"Kec. Majauleng","kabupaten":"Kab. Wajo","provinsi":"Prov. Sulawesi Selatan","kode_pos":"90991","latitude":-3.992,"longitude":120.1948,"nomor_telepon":null,"email":null,"website":"http://","daya_listrik":900.0,"luas_tanah_milik":400,"sumber_listrik":"PLN","akses_internet":"Seluler","akses_internet_2":"Shared","waktu_penyelenggaraan":"Pagi/5 hari","semester_id":"20261","semester_keterangan":"2026/2027 Gasal","sekolah_id":"113FBBE8-B616-4D05-A0D1-B654D7F02561","koordinat_valid":true,"validasi":"verified_official","sumber_data":"Kemendikdasmen - Sekolah Kita","sumber_koordinat":"Kemendikdasmen - Sekolah Kita API full-detail","tanggal_pengambilan":"2026-09-30"},"geometry":{"type":"Point","coordinates":[120.1948,-3.992]}},{"type":"Feature","properties":{"npsn":"40316694","nama_sekolah":"TK NEGERI 3 MAJAULENG","bentuk_pendidikan":"TK","status_sekolah":"NEGERI","akreditasi":"B","alamat_jalan":"Jl. Poros Sengkang-Palopo Km 33","nama_dusun":"TARUMPAKKAE","rt":0.0,"rw":0.0,"kecamatan":"Kec. Majauleng","kabupaten":"Kab. Wajo","provinsi":"Prov. Sulawesi Selatan","kode_pos":"90991","latitude":-3.974359,"longitude":120.198861,"nomor_telepon":"085298246947","email":"tknegeri3majauleng@gmail.com","website":"http://","daya_listrik":900.0,"luas_tanah_milik":460,"sumber_listrik":"PLN","akses_internet":"Seluler","akses_internet_2":"Broadband","waktu_penyelenggaraan":"Pagi/5 hari","semester_id":"20261","semester_keterangan":"2026/2027 Gasal","sekolah_id":"347529AD-29B0-49F6-8071-C7385C359DB5","koordinat_valid":true,"validasi":"verified_official","sumber_data":"Kemendikdasmen - Sekolah Kita","sumber_koordinat":"Kemendikdasmen - Sekolah Kita API full-detail","tanggal_pengambilan":"2026-09-30"},"geometry":{"type":"Point","coordinates":[120.198861,-3.974359]}},{"type":"Feature","properties":{"npsn":"40315252","nama_sekolah":"TK NEGERI PEMBINA KEC. MAJAULENG","bentuk_pendidikan":"TK","status_sekolah":"NEGERI","akreditasi":"A","alamat_jalan":"Jl. H. A. Oddang Desa Rumpia ","nama_dusun":"TOBALIU","rt":0.0,"rw":0.0,"kecamatan":"Kec. Majauleng","kabupaten":"Kab. Wajo","provinsi":"Prov. Sulawesi Selatan","kode_pos":"90991","latitude":-4.0237,"longitude":120.176,"nomor_telepon":"085240354551","email":"tknpembina.majauleng@gmail.com","website":"http://","daya_listrik":900.0,"luas_tanah_milik":2450,"sumber_listrik":"PLN","akses_internet":"Seluler","akses_internet_2":"Broadband","waktu_penyelenggaraan":"Pagi/5 hari","semester_id":"20261","semester_keterangan":"2026/2027 Gasal","sekolah_id":"10003CD6-EC27-41DD-B8E1-0FAE48445C79","koordinat_valid":true,"validasi":"verified_official","sumber_data":"Kemendikdasmen - Sekolah Kita","sumber_koordinat":"Kemendikdasmen - Sekolah Kita API full-detail","tanggal_pengambilan":"2026-09-30"},"geometry":{"type":"Point","coordinates":[120.176,-4.0237]}},{"type":"Feature","properties":{"npsn":"40314934","nama_sekolah":"TK PGRI BOTTOPENNO","bentuk_pendidikan":"TK","status_sekolah":"SWASTA","akreditasi":"B","alamat_jalan":"Jl. Poros Sengkang Palopo KM 30 Desa Bottopenno","nama_dusun":"Pao-pao","rt":0.0,"rw":0.0,"kecamatan":"Kec. Majauleng","kabupaten":"Kab. Wajo","provinsi":"Prov. Sulawesi Selatan","kode_pos":"90991","latitude":-3.9998,"longitude":120.1932,"nomor_telepon":null,"email":"tkpgribottopenno@gmail.com","website":"http://","daya_listrik":450.0,"luas_tanah_milik":190,"sumber_listrik":"PLN","akses_internet":"Seluler","akses_internet_2":"Broadband","waktu_penyelenggaraan":"Pagi/5 hari","semester_id":"20261","semester_keterangan":"2026/2027 Gasal","sekolah_id":"E45D9B41-4831-4EDA-BDA3-69512469E8B2","koordinat_valid":true,"validasi":"verified_official","sumber_data":"Kemendikdasmen - Sekolah Kita","sumber_koordinat":"Kemendikdasmen - Sekolah Kita API full-detail","tanggal_pengambilan":"2026-09-30"},"geometry":{"type":"Point","coordinates":[120.1932,-3.9998]}},{"type":"Feature","properties":{"npsn":"40314936","nama_sekolah":"TK PGRI MANGARABOMBANG PAUNG","bentuk_pendidikan":"TK","status_sekolah":"SWASTA","akreditasi":"B","alamat_jalan":"Paung","nama_dusun":"Paung","rt":0.0,"rw":0.0,"kecamatan":"Kec. Majauleng","kabupaten":"Kab. Wajo","provinsi":"Prov. Sulawesi Selatan","kode_pos":"90991","latitude":-4.106694,"longitude":120.100017,"nomor_telepon":null,"email":null,"website":"http://","daya_listrik":900.0,"luas_tanah_milik":35,"sumber_listrik":"PLN","akses_internet":"Seluler","akses_internet_2":"Broadband","waktu_penyelenggaraan":"Pagi/5 hari","semester_id":"20261","semester_keterangan":"2026/2027 Gasal","sekolah_id":"17482D33-45C9-44D8-9379-BAF689930569","koordinat_valid":true,"validasi":"verified_official","sumber_data":"Kemendikdasmen - Sekolah Kita","sumber_koordinat":"Kemendikdasmen - Sekolah Kita API full-detail","tanggal_pengambilan":"2026-09-30"},"geometry":{"type":"Point","coordinates":[120.100017,-4.106694]}},{"type":"Feature","properties":{"npsn":"40314932","nama_sekolah":"TK PGRI TOMADDUALENG BULU","bentuk_pendidikan":"TK","status_sekolah":"SWASTA","akreditasi":"B","alamat_jalan":"Jl. Poros Penrang Bulu Desa Tengnga Kec. Majauleng","nama_dusun":"LAUTAN","rt":0.0,"rw":0.0,"kecamatan":"Kec. Majauleng","kabupaten":"Kab. Wajo","provinsi":"Prov. Sulawesi Selatan","kode_pos":"90991","latitude":-4.0621,"longitude":120.1816,"nomor_telepon":null,"email":"tkpgritomaddualeng@gmail.com","website":"http://","daya_listrik":900.0,"luas_tanah_milik":104,"sumber_listrik":"PLN","akses_internet":"Seluler","akses_internet_2":"Broadband","waktu_penyelenggaraan":"Pagi/5 hari","semester_id":"20261","semester_keterangan":"2026/2027 Gasal","sekolah_id":"E9EED6D5-F05B-4C93-95B3-03EADDFA971B","koordinat_valid":true,"validasi":"verified_official","sumber_data":"Kemendikdasmen - Sekolah Kita","sumber_koordinat":"Kemendikdasmen - Sekolah Kita API full-detail","tanggal_pengambilan":"2026-09-30"},"geometry":{"type":"Point","coordinates":[120.1816,-4.0621]}},{"type":"Feature","properties":{"npsn":"40314967","nama_sekolah":"TK AISYIYAH BUSTANUL ATHFAL ANABANUA","bentuk_pendidikan":"TK","status_sekolah":"SWASTA","akreditasi":"A","alamat_jalan":"Jl. Poros Pare-Pare No. 28 Anabanua","nama_dusun":"BOLAMALLIMPONG","rt":0.0,"rw":0.0,"kecamatan":"Kec. Maniang Pajo","kabupaten":"Kab. Wajo","provinsi":"Prov. Sulawesi Selatan","kode_pos":"90952","latitude":-3.947563,"longitude":120.064371,"nomor_telepon":"08124133502","email":"tkaba.anabanua@gmail.com","website":"http://","daya_listrik":11000.0,"luas_tanah_milik":264,"sumber_listrik":"PLN","akses_internet":"Fibre Optic","akses_internet_2":"Broadband","waktu_penyelenggaraan":"Pagi/5 hari","semester_id":"20261","semester_keterangan":"2026/2027 Gasal","sekolah_id":"0A140760-5BC3-46FE-8BC7-CE8D92C92815","koordinat_valid":true,"validasi":"verified_official","sumber_data":"Kemendikdasmen - Sekolah Kita","sumber_koordinat":"Kemendikdasmen - Sekolah Kita API full-detail","tanggal_pengambilan":"2026-09-30"},"geometry":{"type":"Point","coordinates":[120.064371,-3.947563]}},{"type":"Feature","properties":{"npsn":"40314968","nama_sekolah":"TK PGRI ABBANUANGNGE","bentuk_pendidikan":"TK","status_sekolah":"SWASTA","akreditasi":"C","alamat_jalan":"Dusun Labakka","nama_dusun":"LABAKKA","rt":0.0,"rw":0.0,"kecamatan":"Kec. Maniang Pajo","kabupaten":"Kab. Wajo","provinsi":"Prov. Sulawesi Selatan","kode_pos":"90952","latitude":-3.882652,"longitude":120.098337,"nomor_telepon":"085394092495","email":"TKPGRIabbanuangnge@yahoo.co.id","website":"http://","daya_listrik":900.0,"luas_tanah_milik":256,"sumber_listrik":"PLN","akses_internet":"Seluler","akses_internet_2":"Broadband","waktu_penyelenggaraan":"Pagi/5 hari","semester_id":"20261","semester_keterangan":"2026/2027 Gasal","sekolah_id":"5DBA13EC-A3A4-4A26-9128-AB0ABCC3BEDC","koordinat_valid":true,"validasi":"verified_official","sumber_data":"Kemendikdasmen - Sekolah Kita","sumber_koordinat":"Kemendikdasmen - Sekolah Kita API full-detail","tanggal_pengambilan":"2026-09-30"},"geometry":{"type":"Point","coordinates":[120.098337,-3.882652]}},{"type":"Feature","properties":{"npsn":"40314963","nama_sekolah":"TK PGRI ALAUSALO","bentuk_pendidikan":"TK","status_sekolah":"SWASTA","akreditasi":"B","alamat_jalan":"JL. POROS PALOPO ANABANUA","nama_dusun":"ALAUSALO","rt":2.0,"rw":1.0,"kecamatan":"Kec. Maniang Pajo","kabupaten":"Kab. Wajo","provinsi":"Prov. Sulawesi Selatan","kode_pos":"90952","latitude":-3.950084,"longitude":120.069674,"nomor_telepon":"085299373402","email":"tkpgrialausalo1@gmail.com","website":"http://","daya_listrik":1300.0,"luas_tanah_milik":110,"sumber_listrik":"Menumpang","akses_internet":"Seluler","akses_internet_2":"Shared","waktu_penyelenggaraan":"Pagi/5 hari","semester_id":"20261","semester_keterangan":"2026/2027 Gasal","sekolah_id":"8127CDBE-F3C7-4B2E-9408-0BC5B6F42A6F","koordinat_valid":true,"validasi":"verified_official","sumber_data":"Kemendikdasmen - Sekolah Kita","sumber_koordinat":"Kemendikdasmen - Sekolah Kita API full-detail","tanggal_pengambilan":"2026-09-30"},"geometry":{"type":"Point","coordinates":[120.069674,-3.950084]}},{"type":"Feature","properties":{"npsn":"40314961","nama_sekolah":"TK PGRI HANDAYANI LOPPONG","bentuk_pendidikan":"TK","status_sekolah":"SWASTA","akreditasi":"B","alamat_jalan":"Jl. Poros Belawa Loppong ","nama_dusun":"Loppong","rt":0.0,"rw":0.0,"kecamatan":"Kec. Maniang Pajo","kabupaten":"Kab. Wajo","provinsi":"Prov. Sulawesi Selatan","kode_pos":"90952","latitude":-3.940843,"longitude":120.0256,"nomor_telepon":null,"email":null,"website":"http://","daya_listrik":900.0,"luas_tanah_milik":860,"sumber_listrik":"PLN","akses_internet":"Wireless","akses_internet_2":"Dedicated","waktu_penyelenggaraan":"Pagi/5 hari","semester_id":"20261","semester_keterangan":"2026/2027 Gasal","sekolah_id":"C318A4A3-B098-4AFE-AD44-6B76A39B2D91","koordinat_valid":true,"validasi":"verified_official","sumber_data":"Kemendikdasmen - Sekolah Kita","sumber_koordinat":"Kemendikdasmen - Sekolah Kita API full-detail","tanggal_pengambilan":"2026-09-30"},"geometry":{"type":"Point","coordinates":[120.0256,-3.940843]}},{"type":"Feature","properties":{"npsn":"40314962","nama_sekolah":"TK PGRI MADDENNUANG LAKADAUNG ","bentuk_pendidikan":"TK","status_sekolah":"SWASTA","akreditasi":"B","alamat_jalan":"Jl. Poros Sengkang-Pare-","nama_dusun":"Lakadaung","rt":0.0,"rw":0.0,"kecamatan":"Kec. Maniang Pajo","kabupaten":"Kab. Wajo","provinsi":"Prov. Sulawesi Selatan","kode_pos":"90952","latitude":-3.9657,"longitude":120.0636,"nomor_telepon":"085255756417","email":"tkpgrilakadaung@yahoo.com","website":"http://","daya_listrik":900.0,"luas_tanah_milik":650,"sumber_listrik":"PLN","akses_internet":"Seluler","akses_internet_2":"Broadband","waktu_penyelenggaraan":"Pagi/5 hari","semester_id":"20261","semester_keterangan":"2026/2027 Gasal","sekolah_id":"55692B78-0F05-40B8-BCC0-8C92950BBF2A","koordinat_valid":true,"validasi":"verified_official","sumber_data":"Kemendikdasmen - Sekolah Kita","sumber_koordinat":"Kemendikdasmen - Sekolah Kita API full-detail","tanggal_pengambilan":"2026-09-30"},"geometry":{"type":"Point","coordinates":[120.0636,-3.9657]}},{"type":"Feature","properties":{"npsn":"40314960","nama_sekolah":"TK PGRI NUR ALIMA JONGKANG","bentuk_pendidikan":"TK","status_sekolah":"SWASTA","akreditasi":"B","alamat_jalan":"Jl. Poros Anabanua - Belawa Kel. Tangkoli","nama_dusun":"Jongkang","rt":0.0,"rw":0.0,"kecamatan":"Kec. Maniang Pajo","kabupaten":"Kab. Wajo","provinsi":"Prov. Sulawesi Selatan","kode_pos":"90952","latitude":-3.9464,"longitude":120.0529,"nomor_telepon":null,"email":"tkpgrinuralimajongkang@gmail.com","website":"http://","daya_listrik":900.0,"luas_tanah_milik":385,"sumber_listrik":"PLN","akses_internet":"Seluler","akses_internet_2":"Broadband","waktu_penyelenggaraan":"Pagi/5 hari","semester_id":"20261","semester_keterangan":"2026/2027 Gasal","sekolah_id":"ECEBE6DE-D4FE-4C63-8323-3C0F1942FE4C","koordinat_valid":true,"validasi":"verified_official","sumber_data":"Kemendikdasmen - Sekolah Kita","sumber_koordinat":"Kemendikdasmen - Sekolah Kita API full-detail","tanggal_pengambilan":"2026-09-30"},"geometry":{"type":"Point","coordinates":[120.0529,-3.9464]}},{"type":"Feature","properties":{"npsn":"40314964","nama_sekolah":"TK PGRI SALODUA","bentuk_pendidikan":"TK","status_sekolah":"SWASTA","akreditasi":"B","alamat_jalan":"Jl. Pasar Baru","nama_dusun":"Salodua","rt":0.0,"rw":0.0,"kecamatan":"Kec. Maniang Pajo","kabupaten":"Kab. Wajo","provinsi":"Prov. Sulawesi Selatan","kode_pos":"90952","latitude":-3.9439,"longitude":120.0658,"nomor_telepon":null,"email":"tsalodua@gmail.com","website":"http://","daya_listrik":900.0,"luas_tanah_milik":735,"sumber_listrik":"PLN","akses_internet":"Seluler","akses_internet_2":"Broadband","waktu_penyelenggaraan":"Pagi/5 hari","semester_id":"20261","semester_keterangan":"2026/2027 Gasal","sekolah_id":"3F996DCC-8708-44F4-9B34-68D374207E83","koordinat_valid":true,"validasi":"verified_official","sumber_data":"Kemendikdasmen - Sekolah Kita","sumber_koordinat":"Kemendikdasmen - Sekolah Kita API full-detail","tanggal_pengambilan":"2026-09-30"},"geometry":{"type":"Point","coordinates":[120.0658,-3.9439]}},{"type":"Feature","properties":{"npsn":"40315001","nama_sekolah":"TK AISYIYAH BUSTANUL ATHFAL KAMPIRI","bentuk_pendidikan":"TK","status_sekolah":"SWASTA","akreditasi":"B","alamat_jalan":"JL. SULTAN HASANUDDIN KAMPIRI","nama_dusun":"KAMPIRI","rt":0.0,"rw":0.0,"kecamatan":"Kec. Pammana","kabupaten":"Kab. Wajo","provinsi":"Prov. Sulawesi Selatan","kode_pos":"90971","latitude":-4.217205,"longitude":120.115076,"nomor_telepon":"082328866587","email":"tkabakampiri@gmail.com","website":"http://","daya_listrik":900.0,"luas_tanah_milik":216,"sumber_listrik":"PLN","akses_internet":"Seluler","akses_internet_2":"Shared","waktu_penyelenggaraan":"Pagi/5 hari","semester_id":"20261","semester_keterangan":"2026/2027 Gasal","sekolah_id":"6922C22B-BA39-4D10-B7F1-C387EB6C7E8C","koordinat_valid":true,"validasi":"verified_official","sumber_data":"Kemendikdasmen - Sekolah Kita","sumber_koordinat":"Kemendikdasmen - Sekolah Kita API full-detail","tanggal_pengambilan":"2026-09-30"},"geometry":{"type":"Point","coordinates":[120.115076,-4.217205]}},{"type":"Feature","properties":{"npsn":"40314997","nama_sekolah":"TK DHARMAWANITA TUNAS HARAPAN PATILA","bentuk_pendidikan":"TK","status_sekolah":"SWASTA","akreditasi":"B","alamat_jalan":"Jl. Poros Sengkang-Bone","nama_dusun":"","rt":0.0,"rw":0.0,"kecamatan":"Kec. Pammana","kabupaten":"Kab. Wajo","provinsi":"Prov. Sulawesi Selatan","kode_pos":"90971","latitude":-4.183776,"longitude":120.072483,"nomor_telepon":"081342723208","email":"tkdwtunasharapanpatilapammana@gmail.com","website":"http://","daya_listrik":450.0,"luas_tanah_milik":48,"sumber_listrik":"PLN","akses_internet":"Seluler","akses_internet_2":"Shared","waktu_penyelenggaraan":"Pagi/5 hari","semester_id":"20261","semester_keterangan":"2026/2027 Gasal","sekolah_id":"FBC488DF-D728-433D-ABCF-60F4A2AACB56","koordinat_valid":true,"validasi":"verified_official","sumber_data":"Kemendikdasmen - Sekolah Kita","sumber_koordinat":"Kemendikdasmen - Sekolah Kita API full-detail","tanggal_pengambilan":"2026-09-30"},"geometry":{"type":"Point","coordinates":[120.072483,-4.183776]}},{"type":"Feature","properties":{"npsn":"69755435","nama_sekolah":"TK HARAPAN BANGSA","bentuk_pendidikan":"TK","status_sekolah":"SWASTA","akreditasi":"B","alamat_jalan":"Jl. Andi Pallawarukka Maroanging","nama_dusun":null,"rt":0.0,"rw":0.0,"kecamatan":"Kec. Pammana","kabupaten":"Kab. Wajo","provinsi":"Prov. Sulawesi Selatan","kode_pos":"90971","latitude":-4.195155,"longitude":120.096687,"nomor_telepon":"085342096188","email":"tkharapanbangsapammana7777@gmail.com","website":"http://","daya_listrik":450.0,"luas_tanah_milik":432,"sumber_listrik":"PLN","akses_internet":"Seluler","akses_internet_2":"Broadband","waktu_penyelenggaraan":"Pagi/5 hari","semester_id":"20261","semester_keterangan":"2026/2027 Gasal","sekolah_id":"A6FD3E96-0153-4BE3-A8B7-92765E01D2A3","koordinat_valid":true,"validasi":"verified_official","sumber_data":"Kemendikdasmen - Sekolah Kita","sumber_koordinat":"Kemendikdasmen - Sekolah Kita API full-detail","tanggal_pengambilan":"2026-09-30"},"geometry":{"type":"Point","coordinates":[120.096687,-4.195155]}},{"type":"Feature","properties":{"npsn":"69910694","nama_sekolah":"TK HARAPAN BUNDA","bentuk_pendidikan":"TK","status_sekolah":"SWASTA","akreditasi":"B","alamat_jalan":"Pattiromusu ","nama_dusun":"PATTIROMUSU","rt":null,"rw":null,"kecamatan":"Kec. Pammana","kabupaten":"Kab. Wajo","provinsi":"Prov. Sulawesi Selatan","kode_pos":"90971","latitude":-4.2254,"longitude":120.0356,"nomor_telepon":"085230452912","email":"harapanbundatk1@gmail.com","website":"http://","daya_listrik":900.0,"luas_tanah_milik":120,"sumber_listrik":"PLN","akses_internet":"Seluler","akses_internet_2":"Broadband","waktu_penyelenggaraan":"Pagi/5 hari","semester_id":"20261","semester_keterangan":"2026/2027 Gasal","sekolah_id":"0C304A6F-3D8B-41E4-9E51-1F1D7755FF11","koordinat_valid":true,"validasi":"verified_official","sumber_data":"Kemendikdasmen - Sekolah Kita","sumber_koordinat":"Kemendikdasmen - Sekolah Kita API full-detail","tanggal_pengambilan":"2026-09-30"},"geometry":{"type":"Point","coordinates":[120.0356,-4.2254]}},{"type":"Feature","properties":{"npsn":"69892609","nama_sekolah":"TK KAMBOJA","bentuk_pendidikan":"TK","status_sekolah":"SWASTA","akreditasi":"B","alamat_jalan":"LIMPO RIATTANG","nama_dusun":"Limporiattang","rt":1.0,"rw":1.0,"kecamatan":"Kec. Pammana","kabupaten":"Kab. Wajo","provinsi":"Prov. Sulawesi Selatan","kode_pos":"90971","latitude":-4.1692,"longitude":120.1338,"nomor_telepon":"085299846891","email":"tkkambojatadangpalie07@gmail.com","website":"http://","daya_listrik":3000.0,"luas_tanah_milik":540,"sumber_listrik":"Menumpang","akses_internet":"Seluler","akses_internet_2":"Broadband","waktu_penyelenggaraan":"Pagi/5 hari","semester_id":"20261","semester_keterangan":"2026/2027 Gasal","sekolah_id":"92833E88-2ED8-4ABF-A193-16659A4588B3","koordinat_valid":true,"validasi":"verified_official","sumber_data":"Kemendikdasmen - Sekolah Kita","sumber_koordinat":"Kemendikdasmen - Sekolah Kita API full-detail","tanggal_pengambilan":"2026-09-30"},"geometry":{"type":"Point","coordinates":[120.1338,-4.1692]}},{"type":"Feature","properties":{"npsn":"40315207","nama_sekolah":"TK NEG PEMBINA PAMMANA","bentuk_pendidikan":"TK","status_sekolah":"NEGERI","akreditasi":"A","alamat_jalan":"JL. BOSOWA UTARA KM.4 PALAGUNA","nama_dusun":"Palaguna","rt":0.0,"rw":0.0,"kecamatan":"Kec. Pammana","kabupaten":"Kab. Wajo","provinsi":"Prov. Sulawesi Selatan","kode_pos":"90971","latitude":-4.1722,"longitude":120.0375,"nomor_telepon":"082344199299","email":"tknegeripembinapammana@gmail.com","website":"http://","daya_listrik":1300.0,"luas_tanah_milik":7000,"sumber_listrik":"PLN","akses_internet":"Seluler","akses_internet_2":"Shared","waktu_penyelenggaraan":"Pagi/5 hari","semester_id":"20261","semester_keterangan":"2026/2027 Gasal","sekolah_id":"90996A5D-47E7-4F14-8247-0F0790FB9951","koordinat_valid":true,"validasi":"verified_official","sumber_data":"Kemendikdasmen - Sekolah Kita","sumber_koordinat":"Kemendikdasmen - Sekolah Kita API full-detail","tanggal_pengambilan":"2026-09-30"},"geometry":{"type":"Point","coordinates":[120.0375,-4.1722]}},{"type":"Feature","properties":{"npsn":"40315216","nama_sekolah":"TK PERTIWI MAROANGING","bentuk_pendidikan":"TK","status_sekolah":"SWASTA","akreditasi":"A","alamat_jalan":"Jl. Poros Sengkang-Bone Kel. Pammana","nama_dusun":"Maroanging","rt":0.0,"rw":0.0,"kecamatan":"Kec. Pammana","kabupaten":"Kab. Wajo","provinsi":"Prov. Sulawesi Selatan","kode_pos":"90971","latitude":-4.194913,"longitude":120.096677,"nomor_telepon":"085255261439","email":"tkpertiwimaroanging@gmail.com","website":"http://","daya_listrik":900.0,"luas_tanah_milik":432,"sumber_listrik":"PLN","akses_internet":"Seluler","akses_internet_2":"Dedicated","waktu_penyelenggaraan":"Pagi/5 hari","semester_id":"20261","semester_keterangan":"2026/2027 Gasal","sekolah_id":"696BA062-F659-4376-BAAC-0F7EB9C2470F","koordinat_valid":true,"validasi":"verified_official","sumber_data":"Kemendikdasmen - Sekolah Kita","sumber_koordinat":"Kemendikdasmen - Sekolah Kita API full-detail","tanggal_pengambilan":"2026-09-30"},"geometry":{"type":"Point","coordinates":[120.096677,-4.194913]}},{"type":"Feature","properties":{"npsn":"40314993","nama_sekolah":"TK PGRI KAMPIRI","bentuk_pendidikan":"TK","status_sekolah":"SWASTA","akreditasi":"B","alamat_jalan":"Kampiri","nama_dusun":"Kampiri Timur","rt":0.0,"rw":0.0,"kecamatan":"Kec. Pammana","kabupaten":"Kab. Wajo","provinsi":"Prov. Sulawesi Selatan","kode_pos":"90971","latitude":-4.2134,"longitude":120.1107,"nomor_telepon":null,"email":"tkpgrikampiri93@gmail.com","website":"http://","daya_listrik":900.0,"luas_tanah_milik":0,"sumber_listrik":"PLN","akses_internet":"Seluler","akses_internet_2":"Shared","waktu_penyelenggaraan":"Pagi/5 hari","semester_id":"20261","semester_keterangan":"2026/2027 Gasal","sekolah_id":"A306CD4D-92AF-452F-8503-C3874C995020","koordinat_valid":true,"validasi":"verified_official","sumber_data":"Kemendikdasmen - Sekolah Kita","sumber_koordinat":"Kemendikdasmen - Sekolah Kita API full-detail","tanggal_pengambilan":"2026-09-30"},"geometry":{"type":"Point","coordinates":[120.1107,-4.2134]}},{"type":"Feature","properties":{"npsn":"40314994","nama_sekolah":"TK PGRI PAMMANA","bentuk_pendidikan":"TK","status_sekolah":"SWASTA","akreditasi":"B","alamat_jalan":"JL. POROS - BONE","nama_dusun":"","rt":0.0,"rw":0.0,"kecamatan":"Kec. Pammana","kabupaten":"Kab. Wajo","provinsi":"Prov. Sulawesi Selatan","kode_pos":"90971","latitude":-4.199156,"longitude":120.098129,"nomor_telepon":"085242618857","email":"nurafniafni@gmail.com","website":"http://","daya_listrik":450.0,"luas_tanah_milik":352,"sumber_listrik":"Menumpang","akses_internet":"Seluler","akses_internet_2":"Shared","waktu_penyelenggaraan":"Pagi/5 hari","semester_id":"20261","semester_keterangan":"2026/2027 Gasal","sekolah_id":"21934776-767E-44A6-9AB2-AEDE905D22C9","koordinat_valid":true,"validasi":"verified_official","sumber_data":"Kemendikdasmen - Sekolah Kita","sumber_koordinat":"Kemendikdasmen - Sekolah Kita API full-detail","tanggal_pengambilan":"2026-09-30"},"geometry":{"type":"Point","coordinates":[120.098129,-4.199156]}},{"type":"Feature","properties":{"npsn":"40315217","nama_sekolah":"TK PGRI SARASA","bentuk_pendidikan":"TK","status_sekolah":"SWASTA","akreditasi":"B","alamat_jalan":"Jl. Andi Koro Sarasa Kel. Pammana","nama_dusun":"LINGK SARASA","rt":0.0,"rw":0.0,"kecamatan":"Kec. Pammana","kabupaten":"Kab. Wajo","provinsi":"Prov. Sulawesi Selatan","kode_pos":"90971","latitude":-4.205655,"longitude":120.092891,"nomor_telepon":"081342764099","email":null,"website":"http://","daya_listrik":900.0,"luas_tanah_milik":100,"sumber_listrik":"Menumpang","akses_internet":"Seluler","akses_internet_2":"Broadband","waktu_penyelenggaraan":"Pagi/6 hari","semester_id":"20261","semester_keterangan":"2026/2027 Gasal","sekolah_id":"CB36CB81-A02E-4D24-B619-11A55EE8691D","koordinat_valid":true,"validasi":"verified_official","sumber_data":"Kemendikdasmen - Sekolah Kita","sumber_koordinat":"Kemendikdasmen - Sekolah Kita API full-detail","tanggal_pengambilan":"2026-09-30"},"geometry":{"type":"Point","coordinates":[120.092891,-4.205655]}},{"type":"Feature","properties":{"npsn":"40314995","nama_sekolah":"TK PGRI SIMPURSIA","bentuk_pendidikan":"TK","status_sekolah":"SWASTA","akreditasi":"A","alamat_jalan":"Jl. Allangkanange ","nama_dusun":"Calodo","rt":0.0,"rw":0.0,"kecamatan":"Kec. Pammana","kabupaten":"Kab. Wajo","provinsi":"Prov. Sulawesi Selatan","kode_pos":"90971","latitude":-4.189688,"longitude":120.058762,"nomor_telepon":null,"email":null,"website":"http://","daya_listrik":450.0,"luas_tanah_milik":294,"sumber_listrik":"PLN","akses_internet":"Seluler","akses_internet_2":"Dedicated","waktu_penyelenggaraan":"Pagi/5 hari","semester_id":"20261","semester_keterangan":"2026/2027 Gasal","sekolah_id":"430A27CE-BD6F-4F8C-A13A-BF33972A1C68","koordinat_valid":true,"validasi":"verified_official","sumber_data":"Kemendikdasmen - Sekolah Kita","sumber_koordinat":"Kemendikdasmen - Sekolah Kita API full-detail","tanggal_pengambilan":"2026-09-30"},"geometry":{"type":"Point","coordinates":[120.058762,-4.189688]}},{"type":"Feature","properties":{"npsn":"69727950","nama_sekolah":"TK PGRI TEPPOBATU","bentuk_pendidikan":"TK","status_sekolah":"SWASTA","akreditasi":"B","alamat_jalan":"Teppobatu ","nama_dusun":"TEPPO BATU","rt":0.0,"rw":0.0,"kecamatan":"Kec. Pammana","kabupaten":"Kab. Wajo","provinsi":"Prov. Sulawesi Selatan","kode_pos":"90971","latitude":-4.231709,"longitude":120.100282,"nomor_telepon":null,"email":"tkpgriteppobatu@gmail.com","website":"http://","daya_listrik":450.0,"luas_tanah_milik":330,"sumber_listrik":"Menumpang","akses_internet":"Tidak Ada","akses_internet_2":"Shared","waktu_penyelenggaraan":"Pagi/5 hari","semester_id":"20261","semester_keterangan":"2026/2027 Gasal","sekolah_id":"04DB552F-9FA9-44BA-8099-EA923E8363C3","koordinat_valid":true,"validasi":"verified_official","sumber_data":"Kemendikdasmen - Sekolah Kita","sumber_koordinat":"Kemendikdasmen - Sekolah Kita API full-detail","tanggal_pengambilan":"2026-09-30"},"geometry":{"type":"Point","coordinates":[120.100282,-4.231709]}},{"type":"Feature","properties":{"npsn":"40314996","nama_sekolah":"TK PGRI TOBATANG","bentuk_pendidikan":"TK","status_sekolah":"SWASTA","akreditasi":"B","alamat_jalan":"DESA TOBATANG","nama_dusun":"TOBATANG","rt":0.0,"rw":0.0,"kecamatan":"Kec. Pammana","kabupaten":"Kab. Wajo","provinsi":"Prov. Sulawesi Selatan","kode_pos":"90971","latitude":-4.241972,"longitude":120.035451,"nomor_telepon":"085298223761","email":"hamsuri5656@gmail.com","website":"http://","daya_listrik":0.0,"luas_tanah_milik":330,"sumber_listrik":"Tidak Ada","akses_internet":"Seluler","akses_internet_2":"Dedicated","waktu_penyelenggaraan":"Pagi/5 hari","semester_id":"20261","semester_keterangan":"2026/2027 Gasal","sekolah_id":"133453A9-AA83-42B5-919A-0B716F4AD695","koordinat_valid":true,"validasi":"verified_official","sumber_data":"Kemendikdasmen - Sekolah Kita","sumber_koordinat":"Kemendikdasmen - Sekolah Kita API full-detail","tanggal_pengambilan":"2026-09-30"},"geometry":{"type":"Point","coordinates":[120.035451,-4.241972]}},{"type":"Feature","properties":{"npsn":"69892512","nama_sekolah":"TK SERUNI","bentuk_pendidikan":"TK","status_sekolah":"SWASTA","akreditasi":"B","alamat_jalan":"Desa Lampulung","nama_dusun":"Padaelo","rt":6.0,"rw":3.0,"kecamatan":"Kec. Pammana","kabupaten":"Kab. Wajo","provinsi":"Prov. Sulawesi Selatan","kode_pos":"90971","latitude":-4.1537,"longitude":120.0754,"nomor_telepon":"085241125880","email":"tkserunilampulung@gmail.com","website":"http://","daya_listrik":1300.0,"luas_tanah_milik":239,"sumber_listrik":"PLN","akses_internet":"Seluler","akses_internet_2":"Dedicated","waktu_penyelenggaraan":"Pagi/5 hari","semester_id":"20261","semester_keterangan":"2026/2027 Gasal","sekolah_id":"0ADA9DCC-EC4F-40B4-B178-1F287A3F29B1","koordinat_valid":true,"validasi":"verified_official","sumber_data":"Kemendikdasmen - Sekolah Kita","sumber_koordinat":"Kemendikdasmen - Sekolah Kita API full-detail","tanggal_pengambilan":"2026-09-30"},"geometry":{"type":"Point","coordinates":[120.0754,-4.1537]}},{"type":"Feature","properties":{"npsn":"72473257","nama_sekolah":"TK ANAK BANGSA","bentuk_pendidikan":"TK","status_sekolah":"SWASTA","akreditasi":null,"alamat_jalan":"Penrang Riawa                                                                   ","nama_dusun":null,"rt":null,"rw":null,"kecamatan":"Kec. Penrang","kabupaten":"Kab. Wajo","provinsi":"Prov. Sulawesi Selatan","kode_pos":null,"latitude":-4.127672112493,"longitude":120.170136916169,"nomor_telepon":null,"email":null,"website":null,"daya_listrik":null,"luas_tanah_milik":0,"sumber_listrik":null,"akses_internet":null,"akses_internet_2":null,"waktu_penyelenggaraan":null,"semester_id":"20261","semester_keterangan":"2026/2027 Gasal","sekolah_id":"2F10D6CF-0F4A-409D-A13D-37CD312D91D5","koordinat_valid":true,"validasi":"verified_official","sumber_data":"Kemendikdasmen - Sekolah Kita","sumber_koordinat":"Kemendikdasmen - Sekolah Kita API full-detail","tanggal_pengambilan":"2026-09-30"},"geometry":{"type":"Point","coordinates":[120.170137,-4.127672]}},{"type":"Feature","properties":{"npsn":"40318964","nama_sekolah":"TK NEGERI 1 PENRANG","bentuk_pendidikan":"TK","status_sekolah":"NEGERI","akreditasi":"B","alamat_jalan":"JL. POROS DOPING JALANG RADDAE","nama_dusun":"RADDAE","rt":0.0,"rw":0.0,"kecamatan":"Kec. Penrang","kabupaten":"Kab. Wajo","provinsi":"Prov. Sulawesi Selatan","kode_pos":"90983","latitude":-4.042443,"longitude":120.330076,"nomor_telepon":"085211153434","email":"tkraddae@gmail.com","website":"http://","daya_listrik":900.0,"luas_tanah_milik":0,"sumber_listrik":"PLN","akses_internet":"Wireless","akses_internet_2":"Broadband","waktu_penyelenggaraan":"Sehari Penuh/5 hari","semester_id":"20261","semester_keterangan":"2026/2027 Gasal","sekolah_id":"983017AD-7F90-45E2-978C-C609459A4508","koordinat_valid":true,"validasi":"verified_official","sumber_data":"Kemendikdasmen - Sekolah Kita","sumber_koordinat":"Kemendikdasmen - Sekolah Kita API full-detail","tanggal_pengambilan":"2026-09-30"},"geometry":{"type":"Point","coordinates":[120.330076,-4.042443]}},{"type":"Feature","properties":{"npsn":"40315374","nama_sekolah":"TK NEGERI 2 PENRANG","bentuk_pendidikan":"TK","status_sekolah":"NEGERI","akreditasi":"B","alamat_jalan":"Walanga Desa Walanga ","nama_dusun":"WALANGA","rt":0.0,"rw":0.0,"kecamatan":"Kec. Penrang","kabupaten":"Kab. Wajo","provinsi":"Prov. Sulawesi Selatan","kode_pos":"90983","latitude":-4.027974,"longitude":120.197296,"nomor_telepon":"081255668417","email":"tkpgri_walanga@yahoo.com","website":"http://","daya_listrik":900.0,"luas_tanah_milik":1372,"sumber_listrik":"PLN","akses_internet":"Seluler","akses_internet_2":"Broadband","waktu_penyelenggaraan":"Pagi/5 hari","semester_id":"20261","semester_keterangan":"2026/2027 Gasal","sekolah_id":"897781B0-402A-4EBA-A830-EEC683A15E6A","koordinat_valid":true,"validasi":"verified_official","sumber_data":"Kemendikdasmen - Sekolah Kita","sumber_koordinat":"Kemendikdasmen - Sekolah Kita API full-detail","tanggal_pengambilan":"2026-09-30"},"geometry":{"type":"Point","coordinates":[120.197296,-4.027974]}},{"type":"Feature","properties":{"npsn":"40315372","nama_sekolah":"TK NEGERI 4 PENRANG","bentuk_pendidikan":"TK","status_sekolah":"NEGERI","akreditasi":"B","alamat_jalan":"Tironge Desa Padaelo","nama_dusun":"Tironge","rt":0.0,"rw":0.0,"kecamatan":"Kec. Penrang","kabupaten":"Kab. Wajo","provinsi":"Prov. Sulawesi Selatan","kode_pos":"90983","latitude":-4.0412,"longitude":120.2607,"nomor_telepon":null,"email":"tkpgritironge57@gmail.com","website":"http://","daya_listrik":900.0,"luas_tanah_milik":105,"sumber_listrik":"PLN","akses_internet":"Seluler","akses_internet_2":"Broadband","waktu_penyelenggaraan":"Pagi/5 hari","semester_id":"20261","semester_keterangan":"2026/2027 Gasal","sekolah_id":"2FCE0A81-ABD4-482C-BF5D-CE1E984B5D6D","koordinat_valid":true,"validasi":"verified_official","sumber_data":"Kemendikdasmen - Sekolah Kita","sumber_koordinat":"Kemendikdasmen - Sekolah Kita API full-detail","tanggal_pengambilan":"2026-09-30"},"geometry":{"type":"Point","coordinates":[120.2607,-4.0412]}},{"type":"Feature","properties":{"npsn":"40315029","nama_sekolah":"TK NEGERI 6 PENRANG","bentuk_pendidikan":"TK","status_sekolah":"NEGERI","akreditasi":"B","alamat_jalan":"Tobulelle Desa Temmabarang","nama_dusun":"TOBULELLE","rt":1.0,"rw":1.0,"kecamatan":"Kec. Penrang","kabupaten":"Kab. Wajo","provinsi":"Prov. Sulawesi Selatan","kode_pos":"90983","latitude":-4.098092,"longitude":120.283127,"nomor_telepon":"085255505139","email":"tkpgritemmabarang@yahoo.com","website":"http://","daya_listrik":900.0,"luas_tanah_milik":210,"sumber_listrik":"PLN","akses_internet":"Seluler","akses_internet_2":"Broadband","waktu_penyelenggaraan":"Pagi/5 hari","semester_id":"20261","semester_keterangan":"2026/2027 Gasal","sekolah_id":"291E12FF-DC8C-45E4-85CB-D8847DEC959C","koordinat_valid":true,"validasi":"verified_official","sumber_data":"Kemendikdasmen - Sekolah Kita","sumber_koordinat":"Kemendikdasmen - Sekolah Kita API full-detail","tanggal_pengambilan":"2026-09-30"},"geometry":{"type":"Point","coordinates":[120.283127,-4.098092]}},{"type":"Feature","properties":{"npsn":"69753592","nama_sekolah":"TK NEGERI 7 PENRANG","bentuk_pendidikan":"TK","status_sekolah":"NEGERI","akreditasi":"B","alamat_jalan":"Bakke Desa Walanga","nama_dusun":"BAKKE","rt":0.0,"rw":0.0,"kecamatan":"Kec. Penrang","kabupaten":"Kab. Wajo","provinsi":"Prov. Sulawesi Selatan","kode_pos":"90983","latitude":-4.070225,"longitude":120.20884,"nomor_telepon":"081243424607","email":"tknegeri7penrang@gmail.com","website":"http://","daya_listrik":0.0,"luas_tanah_milik":266,"sumber_listrik":"Tidak Ada","akses_internet":"Fibre Optic","akses_internet_2":"Dedicated","waktu_penyelenggaraan":"Sehari Penuh/5 hari","semester_id":"20261","semester_keterangan":"2026/2027 Gasal","sekolah_id":"1286FE9A-BEB8-43CD-9155-1A332B3EA39B","koordinat_valid":true,"validasi":"verified_official","sumber_data":"Kemendikdasmen - Sekolah Kita","sumber_koordinat":"Kemendikdasmen - Sekolah Kita API full-detail","tanggal_pengambilan":"2026-09-30"},"geometry":{"type":"Point","coordinates":[120.20884,-4.070225]}},{"type":"Feature","properties":{"npsn":"40315010","nama_sekolah":"TK AISYIYAH BUSTANUL ATHFAL BATU ","bentuk_pendidikan":"TK","status_sekolah":"SWASTA","akreditasi":"B","alamat_jalan":"Jl. Kelapa I Siwa","nama_dusun":"-","rt":0.0,"rw":0.0,"kecamatan":"Kec. Pitumpanua","kabupaten":"Kab. Wajo","provinsi":"Prov. Sulawesi Selatan","kode_pos":"90992","latitude":-3.697358,"longitude":120.417954,"nomor_telepon":null,"email":null,"website":"http://","daya_listrik":900.0,"luas_tanah_milik":400,"sumber_listrik":"PLN","akses_internet":"Seluler","akses_internet_2":"Shared","waktu_penyelenggaraan":"Pagi/5 hari","semester_id":"20261","semester_keterangan":"2026/2027 Gasal","sekolah_id":"838FAFB9-2827-4916-89DB-B2672C030117","koordinat_valid":true,"validasi":"verified_official","sumber_data":"Kemendikdasmen - Sekolah Kita","sumber_koordinat":"Kemendikdasmen - Sekolah Kita API full-detail","tanggal_pengambilan":"2026-09-30"},"geometry":{"type":"Point","coordinates":[120.417954,-3.697358]}},{"type":"Feature","properties":{"npsn":"40315009","nama_sekolah":"TK AISYIYAH BUSTANUL ATHFAL JAUHPANDANG","bentuk_pendidikan":"TK","status_sekolah":"SWASTA","akreditasi":"B","alamat_jalan":"Jauhpandang","nama_dusun":"Jauhpandang","rt":0.0,"rw":0.0,"kecamatan":"Kec. Pitumpanua","kabupaten":"Kab. Wajo","provinsi":"Prov. Sulawesi Selatan","kode_pos":"90992","latitude":-3.6587,"longitude":120.3575,"nomor_telepon":null,"email":"Tkaba.jauhpandang@yahoo.com","website":"http://","daya_listrik":1300.0,"luas_tanah_milik":600,"sumber_listrik":"PLN","akses_internet":"Fibre Optic","akses_internet_2":"Broadband","waktu_penyelenggaraan":"Pagi/5 hari","semester_id":"20261","semester_keterangan":"2026/2027 Gasal","sekolah_id":"E903661E-DFDD-4838-B2F0-09CE617FF5C4","koordinat_valid":true,"validasi":"verified_official","sumber_data":"Kemendikdasmen - Sekolah Kita","sumber_koordinat":"Kemendikdasmen - Sekolah Kita API full-detail","tanggal_pengambilan":"2026-09-30"},"geometry":{"type":"Point","coordinates":[120.3575,-3.6587]}},{"type":"Feature","properties":{"npsn":"40315137","nama_sekolah":"TK KEMALA BHAYANGKARI PITUMPANUA","bentuk_pendidikan":"TK","status_sekolah":"SWASTA","akreditasi":"B","alamat_jalan":"Jl. Poros Makassar-Palopo Kel. Bulete","nama_dusun":"Bolabakka","rt":0.0,"rw":0.0,"kecamatan":"Kec. Pitumpanua","kabupaten":"Kab. Wajo","provinsi":"Prov. Sulawesi Selatan","kode_pos":"90992","latitude":-3.710654,"longitude":120.416636,"nomor_telepon":"085255643473","email":"tkkemala.tkb@gmail.com","website":"http://","daya_listrik":3200.0,"luas_tanah_milik":840,"sumber_listrik":"Menumpang","akses_internet":"Seluler","akses_internet_2":"Dedicated","waktu_penyelenggaraan":"Pagi/5 hari","semester_id":"20261","semester_keterangan":"2026/2027 Gasal","sekolah_id":"15A17587-DD5F-4B61-8CF0-045D6D26FB60","koordinat_valid":true,"validasi":"verified_official","sumber_data":"Kemendikdasmen - Sekolah Kita","sumber_koordinat":"Kemendikdasmen - Sekolah Kita API full-detail","tanggal_pengambilan":"2026-09-30"},"geometry":{"type":"Point","coordinates":[120.416636,-3.710654]}},{"type":"Feature","properties":{"npsn":"40315011","nama_sekolah":"TK NEGERI 1 KEC. PITUMPANUA","bentuk_pendidikan":"TK","status_sekolah":"NEGERI","akreditasi":"B","alamat_jalan":"JL. Mesjid Raya Siwa","nama_dusun":"cappapadang","rt":0.0,"rw":0.0,"kecamatan":"Kec. Pitumpanua","kabupaten":"Kab. Wajo","provinsi":"Prov. Sulawesi Selatan","kode_pos":"90992","latitude":-3.702981,"longitude":120.418736,"nomor_telepon":null,"email":null,"website":"http://","daya_listrik":900.0,"luas_tanah_milik":0,"sumber_listrik":"PLN","akses_internet":"Seluler","akses_internet_2":"Shared","waktu_penyelenggaraan":"Pagi/5 hari","semester_id":"20261","semester_keterangan":"2026/2027 Gasal","sekolah_id":"B5AA79F1-1F64-4181-AFD4-3A9598AAB537","koordinat_valid":true,"validasi":"verified_official","sumber_data":"Kemendikdasmen - Sekolah Kita","sumber_koordinat":"Kemendikdasmen - Sekolah Kita API full-detail","tanggal_pengambilan":"2026-09-30"},"geometry":{"type":"Point","coordinates":[120.418736,-3.702981]}},{"type":"Feature","properties":{"npsn":"40315004","nama_sekolah":"TK PGRI LAUWA","bentuk_pendidikan":"TK","status_sekolah":"SWASTA","akreditasi":"B","alamat_jalan":"Kaluku Desa Lauwa Kec. Pitumpanua","nama_dusun":"BOCCO-BOCCO","rt":0.0,"rw":0.0,"kecamatan":"Kec. Pitumpanua","kabupaten":"Kab. Wajo","provinsi":"Prov. Sulawesi Selatan","kode_pos":"90992","latitude":-3.7533,"longitude":120.358035,"nomor_telepon":"085255243598","email":null,"website":"http://","daya_listrik":900.0,"luas_tanah_milik":750,"sumber_listrik":"PLN","akses_internet":"Seluler","akses_internet_2":"Dedicated","waktu_penyelenggaraan":"Pagi/5 hari","semester_id":"20261","semester_keterangan":"2026/2027 Gasal","sekolah_id":"C1D303E3-FE44-46C6-B425-0A7335541193","koordinat_valid":true,"validasi":"verified_official","sumber_data":"Kemendikdasmen - Sekolah Kita","sumber_koordinat":"Kemendikdasmen - Sekolah Kita API full-detail","tanggal_pengambilan":"2026-09-30"},"geometry":{"type":"Point","coordinates":[120.358035,-3.7533]}},{"type":"Feature","properties":{"npsn":"40315007","nama_sekolah":"TK PGRI SIMPELLU","bentuk_pendidikan":"TK","status_sekolah":"SWASTA","akreditasi":"B","alamat_jalan":"Desa Mattirowalie","nama_dusun":"Padaelo","rt":0.0,"rw":0.0,"kecamatan":"Kec. Pitumpanua","kabupaten":"Kab. Wajo","provinsi":"Prov. Sulawesi Selatan","kode_pos":"90992","latitude":-3.746331,"longitude":120.314558,"nomor_telepon":null,"email":"tkpgrisimpellu@yahoo.co.id","website":"http://","daya_listrik":900.0,"luas_tanah_milik":532,"sumber_listrik":"PLN","akses_internet":"Seluler","akses_internet_2":"Broadband","waktu_penyelenggaraan":"Pagi/5 hari","semester_id":"20261","semester_keterangan":"2026/2027 Gasal","sekolah_id":"88B3C196-7A24-4717-8B29-0D6ABF5C12F7","koordinat_valid":true,"validasi":"verified_official","sumber_data":"Kemendikdasmen - Sekolah Kita","sumber_koordinat":"Kemendikdasmen - Sekolah Kita API full-detail","tanggal_pengambilan":"2026-09-30"},"geometry":{"type":"Point","coordinates":[120.314558,-3.746331]}},{"type":"Feature","properties":{"npsn":"40315005","nama_sekolah":"TK PGRI SIWA","bentuk_pendidikan":"TK","status_sekolah":"SWASTA","akreditasi":"B","alamat_jalan":"Kelurahan Siwa","nama_dusun":null,"rt":0.0,"rw":0.0,"kecamatan":"Kec. Pitumpanua","kabupaten":"Kab. Wajo","provinsi":"Prov. Sulawesi Selatan","kode_pos":"90992","latitude":-5.443757,"longitude":114.421127,"nomor_telepon":null,"email":"tkpgrisiwa61@gmail.com","website":"http://","daya_listrik":450.0,"luas_tanah_milik":960,"sumber_listrik":"PLN","akses_internet":"Seluler","akses_internet_2":"Broadband","waktu_penyelenggaraan":"Sehari Penuh/5 hari","semester_id":"20261","semester_keterangan":"2026/2027 Gasal","sekolah_id":"68774EAF-F608-40D6-8B64-A34ACCCB5EC0","koordinat_valid":true,"validasi":"verified_official","sumber_data":"Kemendikdasmen - Sekolah Kita","sumber_koordinat":"Kemendikdasmen - Sekolah Kita API full-detail","tanggal_pengambilan":"2026-09-30"},"geometry":{"type":"Point","coordinates":[114.421127,-5.443757]}},{"type":"Feature","properties":{"npsn":"40316675","nama_sekolah":"TK AISYIYAH BUSTANUL ATHFAL MUJUR MALLUSESALO","bentuk_pendidikan":"TK","status_sekolah":"SWASTA","akreditasi":"A","alamat_jalan":"Kae Desa Mallusesalo","nama_dusun":"Kae","rt":0.0,"rw":0.0,"kecamatan":"Kec. Sabbangparu","kabupaten":"Kab. Wajo","provinsi":"Prov. Sulawesi Selatan","kode_pos":"90961","latitude":-4.213435,"longitude":119.991721,"nomor_telepon":"085255185397","email":"abamujurtk@gmail.com","website":"http://","daya_listrik":900.0,"luas_tanah_milik":0,"sumber_listrik":"PLN","akses_internet":"Seluler","akses_internet_2":"Broadband","waktu_penyelenggaraan":"Pagi/5 hari","semester_id":"20261","semester_keterangan":"2026/2027 Gasal","sekolah_id":"FD03DCA5-332D-482B-9ABA-71C42C9F913C","koordinat_valid":true,"validasi":"verified_official","sumber_data":"Kemendikdasmen - Sekolah Kita","sumber_koordinat":"Kemendikdasmen - Sekolah Kita API full-detail","tanggal_pengambilan":"2026-09-30"},"geometry":{"type":"Point","coordinates":[119.991721,-4.213435]}},{"type":"Feature","properties":{"npsn":"69890756","nama_sekolah":"TK AISYIYAH BUSTANUL ATHFAL PETTA TALOTENRENG","bentuk_pendidikan":"TK","status_sekolah":"SWASTA","akreditasi":"C","alamat_jalan":"Sompe Kel. Talotenreng","nama_dusun":"SOMPE","rt":null,"rw":null,"kecamatan":"Kec. Sabbangparu","kabupaten":"Kab. Wajo","provinsi":"Prov. Sulawesi Selatan","kode_pos":"90961","latitude":-4.2473,"longitude":120.0134,"nomor_telepon":"082194375315","email":"tk.abapettatalotenreng@gmail.com","website":"http://","daya_listrik":900.0,"luas_tanah_milik":0,"sumber_listrik":"PLN","akses_internet":"Seluler","akses_internet_2":"Shared","waktu_penyelenggaraan":"Pagi/5 hari","semester_id":"20261","semester_keterangan":"2026/2027 Gasal","sekolah_id":"49ADDEF2-30ED-41E9-8BF9-B0D572BAB901","koordinat_valid":true,"validasi":"verified_official","sumber_data":"Kemendikdasmen - Sekolah Kita","sumber_koordinat":"Kemendikdasmen - Sekolah Kita API full-detail","tanggal_pengambilan":"2026-09-30"},"geometry":{"type":"Point","coordinates":[120.0134,-4.2473]}},{"type":"Feature","properties":{"npsn":"40315121","nama_sekolah":"TK AISYIYAH BUSTANUL ATHFAL TUNAS HARAPAN SOMPE","bentuk_pendidikan":"TK","status_sekolah":"SWASTA","akreditasi":"A","alamat_jalan":"Jl. Poros Sengkang-Soppeng Paseru Kel. Sompe","nama_dusun":"PASERU","rt":0.0,"rw":0.0,"kecamatan":"Kec. Sabbangparu","kabupaten":"Kab. Wajo","provinsi":"Prov. Sulawesi Selatan","kode_pos":"90961","latitude":-4.2197,"longitude":120.0116,"nomor_telepon":"085259773060","email":"tkabasompe@gmail.com","website":"http://","daya_listrik":1300.0,"luas_tanah_milik":0,"sumber_listrik":"Menumpang","akses_internet":"Seluler","akses_internet_2":"Broadband","waktu_penyelenggaraan":"Pagi/5 hari","semester_id":"20261","semester_keterangan":"2026/2027 Gasal","sekolah_id":"B16FCAD5-CD4B-414C-92E6-6F79D299FF46","koordinat_valid":true,"validasi":"verified_official","sumber_data":"Kemendikdasmen - Sekolah Kita","sumber_koordinat":"Kemendikdasmen - Sekolah Kita API full-detail","tanggal_pengambilan":"2026-09-30"},"geometry":{"type":"Point","coordinates":[120.0116,-4.2197]}},{"type":"Feature","properties":{"npsn":"40315125","nama_sekolah":"TK DHARMAWANITA LAMPAJO","bentuk_pendidikan":"TK","status_sekolah":"SWASTA","akreditasi":"B","alamat_jalan":"Lampajo Desa Pasaka","nama_dusun":"LAMPAJO","rt":1.0,"rw":2.0,"kecamatan":"Kec. Sabbangparu","kabupaten":"Kab. Wajo","provinsi":"Prov. Sulawesi Selatan","kode_pos":"90961","latitude":-4.171629,"longitude":120.019112,"nomor_telepon":"085254885279","email":"tklampajo@gmail.com","website":"http://","daya_listrik":10600.0,"luas_tanah_milik":322,"sumber_listrik":"PLN","akses_internet":"Wireless","akses_internet_2":"Dedicated","waktu_penyelenggaraan":"Pagi/5 hari","semester_id":"20261","semester_keterangan":"2026/2027 Gasal","sekolah_id":"70BB47E0-482A-4398-B289-6E8C559E0DE4","koordinat_valid":true,"validasi":"verified_official","sumber_data":"Kemendikdasmen - Sekolah Kita","sumber_koordinat":"Kemendikdasmen - Sekolah Kita API full-detail","tanggal_pengambilan":"2026-09-30"},"geometry":{"type":"Point","coordinates":[120.019112,-4.171629]}},{"type":"Feature","properties":{"npsn":"40314985","nama_sekolah":"TK DHARMAWANITA SALOJAMPU","bentuk_pendidikan":"TK","status_sekolah":"SWASTA","akreditasi":"B","alamat_jalan":"Jl. Poros Sengkang-Soppeng Salojampu","nama_dusun":"Salojampu","rt":1.0,"rw":1.0,"kecamatan":"Kec. Sabbangparu","kabupaten":"Kab. Wajo","provinsi":"Prov. Sulawesi Selatan","kode_pos":"90961","latitude":-4.217404,"longitude":120.010936,"nomor_telepon":"085214637899","email":"tkdwsabbangparu7@gmail.com","website":"http://","daya_listrik":900.0,"luas_tanah_milik":261,"sumber_listrik":"PLN","akses_internet":"Seluler","akses_internet_2":"Shared","waktu_penyelenggaraan":"Pagi/5 hari","semester_id":"20261","semester_keterangan":"2026/2027 Gasal","sekolah_id":"C2CF52C2-3D28-46F9-AD57-7891D77D97F6","koordinat_valid":true,"validasi":"verified_official","sumber_data":"Kemendikdasmen - Sekolah Kita","sumber_koordinat":"Kemendikdasmen - Sekolah Kita API full-detail","tanggal_pengambilan":"2026-09-30"},"geometry":{"type":"Point","coordinates":[120.010936,-4.217404]}},{"type":"Feature","properties":{"npsn":"40315124","nama_sekolah":"TK DHARMAWANITA SALOTENGA","bentuk_pendidikan":"TK","status_sekolah":"SWASTA","akreditasi":"B","alamat_jalan":"Bila Ugi","nama_dusun":"BILAUGI","rt":1.0,"rw":2.0,"kecamatan":"Kec. Sabbangparu","kabupaten":"Kab. Wajo","provinsi":"Prov. Sulawesi Selatan","kode_pos":"90961","latitude":-4.229079,"longitude":119.981675,"nomor_telepon":null,"email":"tkdw_salotenga@yahoo.co.id","website":null,"daya_listrik":900.0,"luas_tanah_milik":400,"sumber_listrik":"PLN","akses_internet":"Seluler","akses_internet_2":"Dedicated","waktu_penyelenggaraan":"Pagi/5 hari","semester_id":"20261","semester_keterangan":"2026/2027 Gasal","sekolah_id":"5305C8FD-E40E-48D7-8A76-41DD6E2010E2","koordinat_valid":true,"validasi":"verified_official","sumber_data":"Kemendikdasmen - Sekolah Kita","sumber_koordinat":"Kemendikdasmen - Sekolah Kita API full-detail","tanggal_pengambilan":"2026-09-30"},"geometry":{"type":"Point","coordinates":[119.981675,-4.229079]}},{"type":"Feature","properties":{"npsn":"40314984","nama_sekolah":"TK DHARMAWANITA UJUNGPERO","bentuk_pendidikan":"TK","status_sekolah":"SWASTA","akreditasi":"C","alamat_jalan":"Bontotenne Desa Ujungpero","nama_dusun":"bontotenne","rt":1.0,"rw":1.0,"kecamatan":"Kec. Sabbangparu","kabupaten":"Kab. Wajo","provinsi":"Prov. Sulawesi Selatan","kode_pos":"90961","latitude":-4.160843,"longitude":119.997911,"nomor_telepon":"085244009948","email":"tkdharmawanitaujungpero@gmail.com","website":"http://","daya_listrik":900.0,"luas_tanah_milik":300,"sumber_listrik":"PLN","akses_internet":"Seluler","akses_internet_2":"Shared","waktu_penyelenggaraan":"Pagi/5 hari","semester_id":"20261","semester_keterangan":"2026/2027 Gasal","sekolah_id":"1E11006F-36F1-4C90-BB1D-2510E2CBEFA6","koordinat_valid":true,"validasi":"verified_official","sumber_data":"Kemendikdasmen - Sekolah Kita","sumber_koordinat":"Kemendikdasmen - Sekolah Kita API full-detail","tanggal_pengambilan":"2026-09-30"},"geometry":{"type":"Point","coordinates":[119.997911,-4.160843]}},{"type":"Feature","properties":{"npsn":"77515266","nama_sekolah":"TK KARTIKA","bentuk_pendidikan":"TK","status_sekolah":"SWASTA","akreditasi":null,"alamat_jalan":"Dusun Tobaku                                                                    ","nama_dusun":null,"rt":null,"rw":null,"kecamatan":"Kec. Sabbangparu","kabupaten":"Kab. Wajo","provinsi":"Prov. Sulawesi Selatan","kode_pos":null,"latitude":-4.1437533,"longitude":120.0124454,"nomor_telepon":null,"email":null,"website":null,"daya_listrik":null,"luas_tanah_milik":0,"sumber_listrik":null,"akses_internet":null,"akses_internet_2":null,"waktu_penyelenggaraan":null,"semester_id":"20261","semester_keterangan":"2026/2027 Gasal","sekolah_id":"85D46A21-3F70-4FFB-8E44-737BEF728A0F","koordinat_valid":true,"validasi":"verified_official","sumber_data":"Kemendikdasmen - Sekolah Kita","sumber_koordinat":"Kemendikdasmen - Sekolah Kita API full-detail","tanggal_pengambilan":"2026-09-30"},"geometry":{"type":"Point","coordinates":[120.012445,-4.143753]}},{"type":"Feature","properties":{"npsn":"40314986","nama_sekolah":"TK PERTIWI SALOJAMPU","bentuk_pendidikan":"TK","status_sekolah":"SWASTA","akreditasi":"A","alamat_jalan":"Jl. Poros Sengkang-Soppeng Kel. Sompe","nama_dusun":"Salojampu","rt":1.0,"rw":1.0,"kecamatan":"Kec. Sabbangparu","kabupaten":"Kab. Wajo","provinsi":"Prov. Sulawesi Selatan","kode_pos":"90961","latitude":-5.443757,"longitude":114.421127,"nomor_telepon":"081243819814","email":"tkpertiwisabbangparuwajo@yahoo.com","website":"http://","daya_listrik":450.0,"luas_tanah_milik":1645,"sumber_listrik":"PLN","akses_internet":"Seluler","akses_internet_2":"Shared","waktu_penyelenggaraan":"Pagi/5 hari","semester_id":"20261","semester_keterangan":"2026/2027 Gasal","sekolah_id":"73A24110-E501-4FFF-9380-62C0609DECF3","koordinat_valid":true,"validasi":"verified_official","sumber_data":"Kemendikdasmen - Sekolah Kita","sumber_koordinat":"Kemendikdasmen - Sekolah Kita API full-detail","tanggal_pengambilan":"2026-09-30"},"geometry":{"type":"Point","coordinates":[114.421127,-5.443757]}},{"type":"Feature","properties":{"npsn":"40314981","nama_sekolah":"TK PGRI CALEKO","bentuk_pendidikan":"TK","status_sekolah":"SWASTA","akreditasi":"C","alamat_jalan":"Jl. Poros Sengkang-Soppeng Desa Wage","nama_dusun":"Wage","rt":0.0,"rw":0.0,"kecamatan":"Kec. Sabbangparu","kabupaten":"Kab. Wajo","provinsi":"Prov. Sulawesi Selatan","kode_pos":"90961","latitude":-4.1872,"longitude":120.0178,"nomor_telepon":"085255982254","email":"tkpgricaleko@gmail.com","website":"http://","daya_listrik":1300.0,"luas_tanah_milik":0,"sumber_listrik":"Menumpang","akses_internet":"Seluler","akses_internet_2":"Broadband","waktu_penyelenggaraan":"Pagi/5 hari","semester_id":"20261","semester_keterangan":"2026/2027 Gasal","sekolah_id":"DEF961C5-6DFE-44AB-919D-8671E3AAF59F","koordinat_valid":true,"validasi":"verified_official","sumber_data":"Kemendikdasmen - Sekolah Kita","sumber_koordinat":"Kemendikdasmen - Sekolah Kita API full-detail","tanggal_pengambilan":"2026-09-30"},"geometry":{"type":"Point","coordinates":[120.0178,-4.1872]}},{"type":"Feature","properties":{"npsn":"40314983","nama_sekolah":"TK PGRI TALOTENRENG","bentuk_pendidikan":"TK","status_sekolah":"SWASTA","akreditasi":"B","alamat_jalan":"Jl. Poros Sengkang-Soppeng Paoramba","nama_dusun":"PAORAMBA","rt":1.0,"rw":1.0,"kecamatan":"Kec. Sabbangparu","kabupaten":"Kab. Wajo","provinsi":"Prov. Sulawesi Selatan","kode_pos":"90961","latitude":-4.252006,"longitude":120.012331,"nomor_telepon":"081398272466","email":"pgritalotenreng@gmail.com","website":"http://","daya_listrik":900.0,"luas_tanah_milik":3024,"sumber_listrik":"PLN","akses_internet":"Seluler","akses_internet_2":"Shared","waktu_penyelenggaraan":"Pagi/5 hari","semester_id":"20261","semester_keterangan":"2026/2027 Gasal","sekolah_id":"B9D519DC-4EFC-4782-A87C-D04085E71F8A","koordinat_valid":true,"validasi":"verified_official","sumber_data":"Kemendikdasmen - Sekolah Kita","sumber_koordinat":"Kemendikdasmen - Sekolah Kita API full-detail","tanggal_pengambilan":"2026-09-30"},"geometry":{"type":"Point","coordinates":[120.012331,-4.252006]}},{"type":"Feature","properties":{"npsn":"40314982","nama_sekolah":"TK PGRI UGI","bentuk_pendidikan":"TK","status_sekolah":"SWASTA","akreditasi":"B","alamat_jalan":"U G I","nama_dusun":"KAUNG","rt":1.0,"rw":7.0,"kecamatan":"Kec. Sabbangparu","kabupaten":"Kab. Wajo","provinsi":"Prov. Sulawesi Selatan","kode_pos":"90961","latitude":-4.2017,"longitude":119.9864,"nomor_telepon":"082350499007","email":"tkpgriugisabbangparu01@gmail.com","website":"http://","daya_listrik":450.0,"luas_tanah_milik":300,"sumber_listrik":"PLN","akses_internet":"Wireless","akses_internet_2":"Broadband","waktu_penyelenggaraan":"Pagi/5 hari","semester_id":"20261","semester_keterangan":"2026/2027 Gasal","sekolah_id":"C8CDC4CC-D1E5-478D-9DFC-9588A2740ED9","koordinat_valid":true,"validasi":"verified_official","sumber_data":"Kemendikdasmen - Sekolah Kita","sumber_koordinat":"Kemendikdasmen - Sekolah Kita API full-detail","tanggal_pengambilan":"2026-09-30"},"geometry":{"type":"Point","coordinates":[119.9864,-4.2017]}},{"type":"Feature","properties":{"npsn":"40315148","nama_sekolah":"TK DHARMAWANITA BOTTOTELLANG","bentuk_pendidikan":"TK","status_sekolah":"SWASTA","akreditasi":"B","alamat_jalan":"Bottotellang Desa Barangmamase","nama_dusun":"BOTTOTELLA","rt":0.0,"rw":0.0,"kecamatan":"Kec. Sajo Anging","kabupaten":"Kab. Wajo","provinsi":"Prov. Sulawesi Selatan","kode_pos":"90982","latitude":-3.936271,"longitude":120.305014,"nomor_telepon":"085242692886","email":"tk_dwbottotella@gmail.com","website":"http://0","daya_listrik":900.0,"luas_tanah_milik":220,"sumber_listrik":"PLN","akses_internet":"Seluler","akses_internet_2":"Shared","waktu_penyelenggaraan":"Pagi/5 hari","semester_id":"20261","semester_keterangan":"2026/2027 Gasal","sekolah_id":"01416BF1-3D73-417C-98E5-C7A37459CA7C","koordinat_valid":true,"validasi":"verified_official","sumber_data":"Kemendikdasmen - Sekolah Kita","sumber_koordinat":"Kemendikdasmen - Sekolah Kita API full-detail","tanggal_pengambilan":"2026-09-30"},"geometry":{"type":"Point","coordinates":[120.305014,-3.936271]}},{"type":"Feature","properties":{"npsn":"40314976","nama_sekolah":"TK NEGERI 1 KEC. SAJOANGING","bentuk_pendidikan":"TK","status_sekolah":"NEGERI","akreditasi":"B","alamat_jalan":"Jl. Kaluku Siponge","nama_dusun":"BOLI BOLI","rt":0.0,"rw":0.0,"kecamatan":"Kec. Sajo Anging","kabupaten":"Kab. Wajo","provinsi":"Prov. Sulawesi Selatan","kode_pos":"90982","latitude":-4.001237,"longitude":120.313757,"nomor_telepon":"085313338492","email":"upe__tndo@yahoo.co.id","website":"http://","daya_listrik":900.0,"luas_tanah_milik":700,"sumber_listrik":"PLN","akses_internet":"Seluler","akses_internet_2":"Shared","waktu_penyelenggaraan":"Pagi/5 hari","semester_id":"20261","semester_keterangan":"2026/2027 Gasal","sekolah_id":"3C716E9A-9FD4-4BA5-A9E3-17819CC981C7","koordinat_valid":true,"validasi":"verified_official","sumber_data":"Kemendikdasmen - Sekolah Kita","sumber_koordinat":"Kemendikdasmen - Sekolah Kita API full-detail","tanggal_pengambilan":"2026-09-30"},"geometry":{"type":"Point","coordinates":[120.313757,-4.001237]}},{"type":"Feature","properties":{"npsn":"40315147","nama_sekolah":"TK NEGERI 3 SAJOANGING","bentuk_pendidikan":"TK","status_sekolah":"NEGERI","akreditasi":"A","alamat_jalan":"Jl. Poros Sengkang Palopo Ds. Salobulo","nama_dusun":"SALOBULO","rt":0.0,"rw":0.0,"kecamatan":"Kec. Sajo Anging","kabupaten":"Kab. Wajo","provinsi":"Prov. Sulawesi Selatan","kode_pos":"90982","latitude":-3.951992,"longitude":120.262229,"nomor_telepon":"085298359851","email":"haslindah.spd72@gmail.com","website":"http://","daya_listrik":900.0,"luas_tanah_milik":595,"sumber_listrik":"PLN","akses_internet":"Seluler","akses_internet_2":"Shared","waktu_penyelenggaraan":"Pagi/5 hari","semester_id":"20261","semester_keterangan":"2026/2027 Gasal","sekolah_id":"B287D4B2-7A6E-4455-87AF-B8794CCBEAD0","koordinat_valid":true,"validasi":"verified_official","sumber_data":"Kemendikdasmen - Sekolah Kita","sumber_koordinat":"Kemendikdasmen - Sekolah Kita API full-detail","tanggal_pengambilan":"2026-09-30"},"geometry":{"type":"Point","coordinates":[120.262229,-3.951992]}},{"type":"Feature","properties":{"npsn":"40315150","nama_sekolah":"TK NEGERI 4 SAJOANGING","bentuk_pendidikan":"TK","status_sekolah":"NEGERI","akreditasi":"B","alamat_jalan":"Aluppang Dusun Toduma Desa Alewadeng","nama_dusun":"toduma","rt":0.0,"rw":0.0,"kecamatan":"Kec. Sajo Anging","kabupaten":"Kab. Wajo","provinsi":"Prov. Sulawesi Selatan","kode_pos":"90982","latitude":-3.96012,"longitude":120.288572,"nomor_telepon":"082343925587","email":"tkpgri.alewadeng@yahoo.com","website":"http://","daya_listrik":900.0,"luas_tanah_milik":780,"sumber_listrik":"PLN","akses_internet":"Seluler","akses_internet_2":"Shared","waktu_penyelenggaraan":"Pagi/5 hari","semester_id":"20261","semester_keterangan":"2026/2027 Gasal","sekolah_id":"DFAC23D4-06B2-4D02-9A20-73A4DD63E891","koordinat_valid":true,"validasi":"verified_official","sumber_data":"Kemendikdasmen - Sekolah Kita","sumber_koordinat":"Kemendikdasmen - Sekolah Kita API full-detail","tanggal_pengambilan":"2026-09-30"},"geometry":{"type":"Point","coordinates":[120.288572,-3.96012]}},{"type":"Feature","properties":{"npsn":"40315146","nama_sekolah":"TK NEGERI PEMBINA SAJOANGING","bentuk_pendidikan":"TK","status_sekolah":"NEGERI","akreditasi":"B","alamat_jalan":"JL. PAHLAWAN - JALANG, DESA AKKAJENG","nama_dusun":"JALANG","rt":0.0,"rw":0.0,"kecamatan":"Kec. Sajo Anging","kabupaten":"Kab. Wajo","provinsi":"Prov. Sulawesi Selatan","kode_pos":"90982","latitude":-4.040683,"longitude":120.32871,"nomor_telepon":"085343927566","email":"tkpembina.sajoanging@gmail.com","website":"http://","daya_listrik":900.0,"luas_tanah_milik":1191,"sumber_listrik":"PLN","akses_internet":"Wireless","akses_internet_2":"Broadband","waktu_penyelenggaraan":"Pagi/5 hari","semester_id":"20261","semester_keterangan":"2026/2027 Gasal","sekolah_id":"081B8D6D-A026-45B2-903F-22E3EC2065B7","koordinat_valid":true,"validasi":"verified_official","sumber_data":"Kemendikdasmen - Sekolah Kita","sumber_koordinat":"Kemendikdasmen - Sekolah Kita API full-detail","tanggal_pengambilan":"2026-09-30"},"geometry":{"type":"Point","coordinates":[120.32871,-4.040683]}},{"type":"Feature","properties":{"npsn":"70011512","nama_sekolah":"TK PKK DESA TOWALIDA","bentuk_pendidikan":"TK","status_sekolah":"SWASTA","akreditasi":"C","alamat_jalan":"Jl. Poros Sengkang-Palopo Desa Towalida","nama_dusun":"LACORI","rt":null,"rw":null,"kecamatan":"Kec. Sajo Anging","kabupaten":"Kab. Wajo","provinsi":"Prov. Sulawesi Selatan","kode_pos":"90982","latitude":-3.960196,"longitude":120.234429,"nomor_telepon":null,"email":null,"website":"http://","daya_listrik":900.0,"luas_tanah_milik":300,"sumber_listrik":"PLN","akses_internet":"Seluler","akses_internet_2":"Shared","waktu_penyelenggaraan":"Pagi/5 hari","semester_id":"20261","semester_keterangan":"2026/2027 Gasal","sekolah_id":"A158CD71-08E7-4804-B53B-B7615F02217D","koordinat_valid":true,"validasi":"verified_official","sumber_data":"Kemendikdasmen - Sekolah Kita","sumber_koordinat":"Kemendikdasmen - Sekolah Kita API full-detail","tanggal_pengambilan":"2026-09-30"},"geometry":{"type":"Point","coordinates":[120.234429,-3.960196]}},{"type":"Feature","properties":{"npsn":"40315023","nama_sekolah":"TK NEGERI 1 TAKKALALLA","bentuk_pendidikan":"TK","status_sekolah":"NEGERI","akreditasi":"B","alamat_jalan":"Desa Soro","nama_dusun":"Lappobatu","rt":1.0,"rw":1.0,"kecamatan":"Kec. Takkalala","kabupaten":"Kab. Wajo","provinsi":"Prov. Sulawesi Selatan","kode_pos":"90981","latitude":-4.198606,"longitude":120.314857,"nomor_telepon":"085399710458","email":"tk.pgri.soro@gmail.com","website":"http://","daya_listrik":1300.0,"luas_tanah_milik":182,"sumber_listrik":"PLN","akses_internet":"Seluler","akses_internet_2":"Shared","waktu_penyelenggaraan":"Pagi/5 hari","semester_id":"20261","semester_keterangan":"2026/2027 Gasal","sekolah_id":"11EFCA3B-46F6-4F88-8A1B-B6AB78F05063","koordinat_valid":true,"validasi":"verified_official","sumber_data":"Kemendikdasmen - Sekolah Kita","sumber_koordinat":"Kemendikdasmen - Sekolah Kita API full-detail","tanggal_pengambilan":"2026-09-30"},"geometry":{"type":"Point","coordinates":[120.314857,-4.198606]}},{"type":"Feature","properties":{"npsn":"40315229","nama_sekolah":"TK PGRI TOPAI","bentuk_pendidikan":"TK","status_sekolah":"SWASTA","akreditasi":"B","alamat_jalan":"JL. POROS PENEKI - SOLO","nama_dusun":"TOPAI","rt":null,"rw":null,"kecamatan":"Kec. Takkalala","kabupaten":"Kab. Wajo","provinsi":"Prov. Sulawesi Selatan","kode_pos":"90981","latitude":-4.171995,"longitude":120.254123,"nomor_telepon":"08534480151","email":"tkpgritopai@gmail.com","website":"http://","daya_listrik":900.0,"luas_tanah_milik":270,"sumber_listrik":"PLN","akses_internet":"Seluler","akses_internet_2":"Dedicated","waktu_penyelenggaraan":"Pagi/5 hari","semester_id":"20261","semester_keterangan":"2026/2027 Gasal","sekolah_id":"99EF1280-FB08-4DE1-99B3-A0C7B2A30F67","koordinat_valid":true,"validasi":"verified_official","sumber_data":"Kemendikdasmen - Sekolah Kita","sumber_koordinat":"Kemendikdasmen - Sekolah Kita API full-detail","tanggal_pengambilan":"2026-09-30"},"geometry":{"type":"Point","coordinates":[120.254123,-4.171995]}},{"type":"Feature","properties":{"npsn":"40315039","nama_sekolah":"TK AISYIYAH BUSTANUL ATHFAL PIAMPO","bentuk_pendidikan":"TK","status_sekolah":"SWASTA","akreditasi":"B","alamat_jalan":"Piampo Desa Wewangrewu","nama_dusun":"PIAMPO","rt":0.0,"rw":0.0,"kecamatan":"Kec. Tanasitolo","kabupaten":"Kab. Wajo","provinsi":"Prov. Sulawesi Selatan","kode_pos":"90951","latitude":-4.055823,"longitude":120.084833,"nomor_telepon":null,"email":"tkabapiampo@gmail.com","website":"http://","daya_listrik":7700.0,"luas_tanah_milik":300,"sumber_listrik":"PLN","akses_internet":"Seluler","akses_internet_2":"Shared","waktu_penyelenggaraan":"Pagi/5 hari","semester_id":"20261","semester_keterangan":"2026/2027 Gasal","sekolah_id":"29C1503A-60AF-4912-9FFD-64FCAC45D1E5","koordinat_valid":true,"validasi":"verified_official","sumber_data":"Kemendikdasmen - Sekolah Kita","sumber_koordinat":"Kemendikdasmen - Sekolah Kita API full-detail","tanggal_pengambilan":"2026-09-30"},"geometry":{"type":"Point","coordinates":[120.084833,-4.055823]}},{"type":"Feature","properties":{"npsn":"40315042","nama_sekolah":"TK AISYIYAH BUSTANUL ATHFAL UJUNG BARU SEMPANGE","bentuk_pendidikan":"TK","status_sekolah":"SWASTA","akreditasi":"C","alamat_jalan":"Jl. Latappu Ujung Baru","nama_dusun":"UJUNG BARU","rt":1.0,"rw":2.0,"kecamatan":"Kec. Tanasitolo","kabupaten":"Kab. Wajo","provinsi":"Prov. Sulawesi Selatan","kode_pos":"90951","latitude":-4.096006,"longitude":120.028813,"nomor_telepon":"082189499972","email":"tkabaujungbaru07@gmail.com","website":"http://-","daya_listrik":6000.0,"luas_tanah_milik":2866,"sumber_listrik":"Menumpang","akses_internet":"Wireless","akses_internet_2":"Shared","waktu_penyelenggaraan":"Pagi/5 hari","semester_id":"20261","semester_keterangan":"2026/2027 Gasal","sekolah_id":"E69E5BFC-B35E-4108-8658-B31E13F3A52F","koordinat_valid":true,"validasi":"verified_official","sumber_data":"Kemendikdasmen - Sekolah Kita","sumber_koordinat":"Kemendikdasmen - Sekolah Kita API full-detail","tanggal_pengambilan":"2026-09-30"},"geometry":{"type":"Point","coordinates":[120.028813,-4.096006]}},{"type":"Feature","properties":{"npsn":"40315037","nama_sekolah":"TK ASOKA LOWA","bentuk_pendidikan":"TK","status_sekolah":"SWASTA","akreditasi":"B","alamat_jalan":"Jl. Ujungkessi","nama_dusun":"Watang Lowa","rt":0.0,"rw":0.0,"kecamatan":"Kec. Tanasitolo","kabupaten":"Kab. Wajo","provinsi":"Prov. Sulawesi Selatan","kode_pos":"90951","latitude":-4.01571,"longitude":120.014883,"nomor_telepon":null,"email":"tkasokalowa@yahoo.com","website":"http://","daya_listrik":900.0,"luas_tanah_milik":91,"sumber_listrik":"PLN","akses_internet":"Seluler","akses_internet_2":"Shared","waktu_penyelenggaraan":"Pagi/5 hari","semester_id":"20261","semester_keterangan":"2026/2027 Gasal","sekolah_id":"1F58DADB-DB42-489A-A023-8CD5818150C9","koordinat_valid":true,"validasi":"verified_official","sumber_data":"Kemendikdasmen - Sekolah Kita","sumber_koordinat":"Kemendikdasmen - Sekolah Kita API full-detail","tanggal_pengambilan":"2026-09-30"},"geometry":{"type":"Point","coordinates":[120.014883,-4.01571]}},{"type":"Feature","properties":{"npsn":"40315040","nama_sekolah":"TK ISLAM AL HIDAYAH PAJALELE","bentuk_pendidikan":"TK","status_sekolah":"SWASTA","akreditasi":"B","alamat_jalan":"Jl. H. Kecca Desa Pajalele","nama_dusun":"Pajalele","rt":0.0,"rw":0.0,"kecamatan":"Kec. Tanasitolo","kabupaten":"Kab. Wajo","provinsi":"Prov. Sulawesi Selatan","kode_pos":"90951","latitude":-4.086689,"longitude":120.020036,"nomor_telepon":null,"email":"tkislamalhidayahpajalele@gmail.com","website":"http://","daya_listrik":900.0,"luas_tanah_milik":900,"sumber_listrik":"PLN","akses_internet":"Seluler","akses_internet_2":"Broadband","waktu_penyelenggaraan":"Pagi/5 hari","semester_id":"20261","semester_keterangan":"2026/2027 Gasal","sekolah_id":"37024DF2-242A-4065-9079-3EEEA50D068B","koordinat_valid":true,"validasi":"verified_official","sumber_data":"Kemendikdasmen - Sekolah Kita","sumber_koordinat":"Kemendikdasmen - Sekolah Kita API full-detail","tanggal_pengambilan":"2026-09-30"},"geometry":{"type":"Point","coordinates":[120.020036,-4.086689]}},{"type":"Feature","properties":{"npsn":"40315041","nama_sekolah":"TK NEGERI 1 KEC. TANASITOLO","bentuk_pendidikan":"TK","status_sekolah":"NEGERI","akreditasi":"A","alamat_jalan":"Jl. Andi Kile Kelurahan Tancung","nama_dusun":null,"rt":0.0,"rw":0.0,"kecamatan":"Kec. Tanasitolo","kabupaten":"Kab. Wajo","provinsi":"Prov. Sulawesi Selatan","kode_pos":"90951","latitude":-4.05976,"longitude":120.023461,"nomor_telepon":"082191919551","email":"tknegeri1tanasitolo@gmail.com","website":"http://","daya_listrik":900.0,"luas_tanah_milik":750,"sumber_listrik":"PLN","akses_internet":"Seluler","akses_internet_2":"Shared","waktu_penyelenggaraan":"Pagi/5 hari","semester_id":"20261","semester_keterangan":"2026/2027 Gasal","sekolah_id":"B77D9551-C67B-4C12-8F97-DA4BA1701006","koordinat_valid":true,"validasi":"verified_official","sumber_data":"Kemendikdasmen - Sekolah Kita","sumber_koordinat":"Kemendikdasmen - Sekolah Kita API full-detail","tanggal_pengambilan":"2026-09-30"},"geometry":{"type":"Point","coordinates":[120.023461,-4.05976]}},{"type":"Feature","properties":{"npsn":"40315272","nama_sekolah":"TK NEGERI 2 KEC. TANASITOLO","bentuk_pendidikan":"TK","status_sekolah":"NEGERI","akreditasi":"B","alamat_jalan":"Jl. A. Daude Kel. Mappadaelo","nama_dusun":null,"rt":0.0,"rw":0.0,"kecamatan":"Kec. Tanasitolo","kabupaten":"Kab. Wajo","provinsi":"Prov. Sulawesi Selatan","kode_pos":"90951","latitude":-4.030912,"longitude":120.034203,"nomor_telepon":null,"email":null,"website":"http://","daya_listrik":900.0,"luas_tanah_milik":200,"sumber_listrik":"PLN","akses_internet":"Seluler","akses_internet_2":"Shared","waktu_penyelenggaraan":"Pagi/5 hari","semester_id":"20261","semester_keterangan":"2026/2027 Gasal","sekolah_id":"89FC4F22-AA6D-4439-9486-364ABC53D3DD","koordinat_valid":true,"validasi":"verified_official","sumber_data":"Kemendikdasmen - Sekolah Kita","sumber_koordinat":"Kemendikdasmen - Sekolah Kita API full-detail","tanggal_pengambilan":"2026-09-30"},"geometry":{"type":"Point","coordinates":[120.034203,-4.030912]}},{"type":"Feature","properties":{"npsn":"40315038","nama_sekolah":"TK NEGERI 3 KEC. TANASITOLO","bentuk_pendidikan":"TK","status_sekolah":"NEGERI","akreditasi":"B","alamat_jalan":"Jl. Merdeka Desa Ujung Baru","nama_dusun":"Ujung Baru","rt":0.0,"rw":0.0,"kecamatan":"Kec. Tanasitolo","kabupaten":"Kab. Wajo","provinsi":"Prov. Sulawesi Selatan","kode_pos":"90951","latitude":-4.091447,"longitude":120.028338,"nomor_telepon":"085241491130","email":"tknegeri3kectanasitolo@gmail.com","website":"http://","daya_listrik":4400.0,"luas_tanah_milik":192,"sumber_listrik":"Menumpang","akses_internet":"Seluler","akses_internet_2":"Shared","waktu_penyelenggaraan":"Pagi/5 hari","semester_id":"20261","semester_keterangan":"2026/2027 Gasal","sekolah_id":"92A1D400-6F1F-450C-9094-6BB312ADB582","koordinat_valid":true,"validasi":"verified_official","sumber_data":"Kemendikdasmen - Sekolah Kita","sumber_koordinat":"Kemendikdasmen - Sekolah Kita API full-detail","tanggal_pengambilan":"2026-09-30"},"geometry":{"type":"Point","coordinates":[120.028338,-4.091447]}},{"type":"Feature","properties":{"npsn":"40315032","nama_sekolah":"TK NEGERI 5 TANASITOLO","bentuk_pendidikan":"TK","status_sekolah":"NEGERI","akreditasi":"A","alamat_jalan":"Jl.poros sengkang-palopo Desa Mario","nama_dusun":"MARIO","rt":0.0,"rw":0.0,"kecamatan":"Kec. Tanasitolo","kabupaten":"Kab. Wajo","provinsi":"Prov. Sulawesi Selatan","kode_pos":"90951","latitude":-4.080536,"longitude":120.058092,"nomor_telepon":"082337045461","email":"tkneg5tanasitolo@gmail.com","website":"http://","daya_listrik":900.0,"luas_tanah_milik":490,"sumber_listrik":"PLN","akses_internet":"Fibre Optic","akses_internet_2":"Shared","waktu_penyelenggaraan":"Pagi/5 hari","semester_id":"20261","semester_keterangan":"2026/2027 Gasal","sekolah_id":"C52A3E61-534E-423D-B6D7-C485A32AE236","koordinat_valid":true,"validasi":"verified_official","sumber_data":"Kemendikdasmen - Sekolah Kita","sumber_koordinat":"Kemendikdasmen - Sekolah Kita API full-detail","tanggal_pengambilan":"2026-09-30"},"geometry":{"type":"Point","coordinates":[120.058092,-4.080536]}},{"type":"Feature","properties":{"npsn":"40315034","nama_sekolah":"TK NEGERI 6 TANASITOLO","bentuk_pendidikan":"TK","status_sekolah":"NEGERI","akreditasi":"B","alamat_jalan":"Jl. Sekolah Desa Inalipue","nama_dusun":"BACU-BACU","rt":0.0,"rw":0.0,"kecamatan":"Kec. Tanasitolo","kabupaten":"Kab. Wajo","provinsi":"Prov. Sulawesi Selatan","kode_pos":"90951","latitude":-4.021125,"longitude":120.041655,"nomor_telepon":null,"email":"tknegeri6tanasitolo@gmail.com","website":"http://","daya_listrik":1300.0,"luas_tanah_milik":435,"sumber_listrik":"PLN","akses_internet":"Seluler","akses_internet_2":"Shared","waktu_penyelenggaraan":"Pagi/5 hari","semester_id":"20261","semester_keterangan":"2026/2027 Gasal","sekolah_id":"50883AC9-EA44-4B5A-9EEB-C9D13D17C654","koordinat_valid":true,"validasi":"verified_official","sumber_data":"Kemendikdasmen - Sekolah Kita","sumber_koordinat":"Kemendikdasmen - Sekolah Kita API full-detail","tanggal_pengambilan":"2026-09-30"},"geometry":{"type":"Point","coordinates":[120.041655,-4.021125]}},{"type":"Feature","properties":{"npsn":"40315260","nama_sekolah":"TK NEGERI 7 TANASITOLO","bentuk_pendidikan":"TK","status_sekolah":"NEGERI","akreditasi":"B","alamat_jalan":"Lajokka","nama_dusun":"BILA BILA","rt":0.0,"rw":0.0,"kecamatan":"Kec. Tanasitolo","kabupaten":"Kab. Wajo","provinsi":"Prov. Sulawesi Selatan","kode_pos":"90951","latitude":-4.008295,"longitude":120.023195,"nomor_telepon":"081242590790","email":"tknegeri7tanasitolo@gmail.com","website":"http://","daya_listrik":1300.0,"luas_tanah_milik":60,"sumber_listrik":"PLN","akses_internet":"Seluler","akses_internet_2":"Shared","waktu_penyelenggaraan":"Pagi/5 hari","semester_id":"20261","semester_keterangan":"2026/2027 Gasal","sekolah_id":"9C5C00E5-DA64-4E8A-8649-40303C45064B","koordinat_valid":true,"validasi":"verified_official","sumber_data":"Kemendikdasmen - Sekolah Kita","sumber_koordinat":"Kemendikdasmen - Sekolah Kita API full-detail","tanggal_pengambilan":"2026-09-30"},"geometry":{"type":"Point","coordinates":[120.023195,-4.008295]}},{"type":"Feature","properties":{"npsn":"40315033","nama_sekolah":"TK NEGERI 8 TANASITOLO","bentuk_pendidikan":"TK","status_sekolah":"NEGERI","akreditasi":"B","alamat_jalan":"Jl. Andi Pawellangi Lajokka ","nama_dusun":null,"rt":0.0,"rw":0.0,"kecamatan":"Kec. Tanasitolo","kabupaten":"Kab. Wajo","provinsi":"Prov. Sulawesi Selatan","kode_pos":"90951","latitude":-4.013328,"longitude":120.043111,"nomor_telepon":null,"email":"tknegeri8tanasitolo@gmail.com","website":"http://","daya_listrik":900.0,"luas_tanah_milik":211,"sumber_listrik":"PLN","akses_internet":"Seluler","akses_internet_2":"Shared","waktu_penyelenggaraan":"Pagi/5 hari","semester_id":"20261","semester_keterangan":"2026/2027 Gasal","sekolah_id":"B68B3998-6A76-44A2-AE5B-699AEC7B80AB","koordinat_valid":true,"validasi":"verified_official","sumber_data":"Kemendikdasmen - Sekolah Kita","sumber_koordinat":"Kemendikdasmen - Sekolah Kita API full-detail","tanggal_pengambilan":"2026-09-30"},"geometry":{"type":"Point","coordinates":[120.043111,-4.013328]}},{"type":"Feature","properties":{"npsn":"40315268","nama_sekolah":"TK PGRI BARU IMPA-IMPA","bentuk_pendidikan":"TK","status_sekolah":"SWASTA","akreditasi":"C","alamat_jalan":"Jl. Andi Pawellangi Desa Nepo","nama_dusun":"NEPO","rt":0.0,"rw":0.0,"kecamatan":"Kec. Tanasitolo","kabupaten":"Kab. Wajo","provinsi":"Prov. Sulawesi Selatan","kode_pos":"90951","latitude":-4.089,"longitude":120.0152,"nomor_telepon":null,"email":"pgribaruimpaimpatk@gmail.com","website":"http://","daya_listrik":900.0,"luas_tanah_milik":0,"sumber_listrik":"PLN","akses_internet":"Fibre Optic","akses_internet_2":"Dedicated","waktu_penyelenggaraan":"Pagi/5 hari","semester_id":"20261","semester_keterangan":"2026/2027 Gasal","sekolah_id":"D88ADE07-44F4-46E6-A906-0B59911CC0B0","koordinat_valid":true,"validasi":"verified_official","sumber_data":"Kemendikdasmen - Sekolah Kita","sumber_koordinat":"Kemendikdasmen - Sekolah Kita API full-detail","tanggal_pengambilan":"2026-09-30"},"geometry":{"type":"Point","coordinates":[120.0152,-4.089]}},{"type":"Feature","properties":{"npsn":"40315031","nama_sekolah":"TK PGRI IMPA-IMPA","bentuk_pendidikan":"TK","status_sekolah":"SWASTA","akreditasi":"B","alamat_jalan":"Jl. Andi Baso Desa Pakkanna","nama_dusun":"TANETE","rt":0.0,"rw":0.0,"kecamatan":"Kec. Tanasitolo","kabupaten":"Kab. Wajo","provinsi":"Prov. Sulawesi Selatan","kode_pos":"90951","latitude":-4.0935,"longitude":120.025391,"nomor_telepon":null,"email":"tkpgriimpa-impa@yahoo.co.id","website":"http://","daya_listrik":4400.0,"luas_tanah_milik":150,"sumber_listrik":"Menumpang","akses_internet":"Seluler","akses_internet_2":"Shared","waktu_penyelenggaraan":"Pagi/5 hari","semester_id":"20261","semester_keterangan":"2026/2027 Gasal","sekolah_id":"A71083B0-359E-4635-BE44-F042FDDFD273","koordinat_valid":true,"validasi":"verified_official","sumber_data":"Kemendikdasmen - Sekolah Kita","sumber_koordinat":"Kemendikdasmen - Sekolah Kita API full-detail","tanggal_pengambilan":"2026-09-30"},"geometry":{"type":"Point","coordinates":[120.025391,-4.0935]}},{"type":"Feature","properties":{"npsn":"69967552","nama_sekolah":"TK PGRI PALIPPU","bentuk_pendidikan":"TK","status_sekolah":"SWASTA","akreditasi":"B","alamat_jalan":"Desa Palippu Kec. Tanasitolo","nama_dusun":null,"rt":null,"rw":null,"kecamatan":"Kec. Tanasitolo","kabupaten":"Kab. Wajo","provinsi":"Prov. Sulawesi Selatan","kode_pos":null,"latitude":-4.054957,"longitude":120.056688,"nomor_telepon":null,"email":"tkpgripalipputanasitolo@gmail.com","website":"http://","daya_listrik":900.0,"luas_tanah_milik":199,"sumber_listrik":"PLN","akses_internet":"Seluler","akses_internet_2":"Shared","waktu_penyelenggaraan":"Pagi/5 hari","semester_id":"20261","semester_keterangan":"2026/2027 Gasal","sekolah_id":"749B7EA6-18B6-41D2-89BA-109C27C60EAE","koordinat_valid":true,"validasi":"verified_official","sumber_data":"Kemendikdasmen - Sekolah Kita","sumber_koordinat":"Kemendikdasmen - Sekolah Kita API full-detail","tanggal_pengambilan":"2026-09-30"},"geometry":{"type":"Point","coordinates":[120.056688,-4.054957]}},{"type":"Feature","properties":{"npsn":"40315264","nama_sekolah":"TK PGRI TERATAI EMPAGAE","bentuk_pendidikan":"TK","status_sekolah":"SWASTA","akreditasi":"A","alamat_jalan":"Jl. Andi Malingkaan Desa Assorajang","nama_dusun":null,"rt":0.0,"rw":0.0,"kecamatan":"Kec. Tanasitolo","kabupaten":"Kab. Wajo","provinsi":"Prov. Sulawesi Selatan","kode_pos":"90951","latitude":-4.1042,"longitude":120.0238,"nomor_telepon":null,"email":"tkpgriempagae001@gmail.com","website":"http://","daya_listrik":1300.0,"luas_tanah_milik":600,"sumber_listrik":"PLN","akses_internet":"Fibre Optic","akses_internet_2":"Shared","waktu_penyelenggaraan":"Pagi/5 hari","semester_id":"20261","semester_keterangan":"2026/2027 Gasal","sekolah_id":"5F430CB3-C6E6-405A-9FE7-0C2689C4AD7C","koordinat_valid":true,"validasi":"verified_official","sumber_data":"Kemendikdasmen - Sekolah Kita","sumber_koordinat":"Kemendikdasmen - Sekolah Kita API full-detail","tanggal_pengambilan":"2026-09-30"},"geometry":{"type":"Point","coordinates":[120.0238,-4.1042]}},{"type":"Feature","properties":{"npsn":"40315376","nama_sekolah":"TK PRIMA ASSORAJANG","bentuk_pendidikan":"TK","status_sekolah":"SWASTA","akreditasi":"B","alamat_jalan":"Jl. Rusa BTN Tae Desa Assorajang","nama_dusun":"assorajang","rt":0.0,"rw":0.0,"kecamatan":"Kec. Tanasitolo","kabupaten":"Kab. Wajo","provinsi":"Prov. Sulawesi Selatan","kode_pos":"90951","latitude":-4.105833,"longitude":120.029356,"nomor_telepon":null,"email":null,"website":"http://","daya_listrik":900.0,"luas_tanah_milik":900,"sumber_listrik":"PLN","akses_internet":"Seluler","akses_internet_2":"Dedicated","waktu_penyelenggaraan":"Pagi/5 hari","semester_id":"20261","semester_keterangan":"2026/2027 Gasal","sekolah_id":"F6DDBE21-4EF6-4EDD-9667-70ECD58C346D","koordinat_valid":true,"validasi":"verified_official","sumber_data":"Kemendikdasmen - Sekolah Kita","sumber_koordinat":"Kemendikdasmen - Sekolah Kita API full-detail","tanggal_pengambilan":"2026-09-30"},"geometry":{"type":"Point","coordinates":[120.029356,-4.105833]}},{"type":"Feature","properties":{"npsn":"40315275","nama_sekolah":"TK SATU ATAP SDN 267 PINCENGPUTE","bentuk_pendidikan":"TK","status_sekolah":"SWASTA","akreditasi":"B","alamat_jalan":"Jl. Andi Pawellangi Bontouse Kel. Pincengpute","nama_dusun":"BONTOUSE","rt":0.0,"rw":0.0,"kecamatan":"Kec. Tanasitolo","kabupaten":"Kab. Wajo","provinsi":"Prov. Sulawesi Selatan","kode_pos":"90951","latitude":-4.0491,"longitude":120.0303,"nomor_telepon":null,"email":"tksatap267pincengpute@gmail.com","website":"http://","daya_listrik":450.0,"luas_tanah_milik":0,"sumber_listrik":"Menumpang","akses_internet":"Tidak Ada","akses_internet_2":"Dedicated","waktu_penyelenggaraan":"Pagi/5 hari","semester_id":"20261","semester_keterangan":"2026/2027 Gasal","sekolah_id":"E14B529D-C977-4015-8FF1-3E9B6623335A","koordinat_valid":true,"validasi":"verified_official","sumber_data":"Kemendikdasmen - Sekolah Kita","sumber_koordinat":"Kemendikdasmen - Sekolah Kita API full-detail","tanggal_pengambilan":"2026-09-30"},"geometry":{"type":"Point","coordinates":[120.0303,-4.0491]}},{"type":"Feature","properties":{"npsn":"69753593","nama_sekolah":"TK AINUN PRIBADI","bentuk_pendidikan":"TK","status_sekolah":"SWASTA","akreditasi":"B","alamat_jalan":"Jl. Kenari Bulupabbulu Blok B2 No. 6 Sengkang","nama_dusun":"TANETE","rt":0.0,"rw":0.0,"kecamatan":"Kec. Tempe","kabupaten":"Kab. Wajo","provinsi":"Prov. Sulawesi Selatan","kode_pos":"90911","latitude":-4.1194,"longitude":120.0331,"nomor_telepon":"085342554794","email":"ainunpribadi174@gmail.com","website":"http://","daya_listrik":900.0,"luas_tanah_milik":360,"sumber_listrik":"PLN","akses_internet":"Wireless","akses_internet_2":"Dedicated","waktu_penyelenggaraan":"Pagi/5 hari","semester_id":"20261","semester_keterangan":"2026/2027 Gasal","sekolah_id":"E16E8A41-8486-4D3F-96B9-432368B773F9","koordinat_valid":true,"validasi":"verified_official","sumber_data":"Kemendikdasmen - Sekolah Kita","sumber_koordinat":"Kemendikdasmen - Sekolah Kita API full-detail","tanggal_pengambilan":"2026-09-30"},"geometry":{"type":"Point","coordinates":[120.0331,-4.1194]}},{"type":"Feature","properties":{"npsn":"40315378","nama_sekolah":"TK AISYIYAH BUSTANUL ATHFAL CABANG SENGKANG","bentuk_pendidikan":"TK","status_sekolah":"SWASTA","akreditasi":"A","alamat_jalan":"JLN A.ODDANG DESA PADDUPPA","nama_dusun":null,"rt":2.0,"rw":1.0,"kecamatan":"Kec. Tempe","kabupaten":"Kab. Wajo","provinsi":"Prov. Sulawesi Selatan","kode_pos":"90914","latitude":-4.13682,"longitude":120.030286,"nomor_telepon":"081343996753","email":"paudcabangsengkang@gmail.com","website":"http://","daya_listrik":1300.0,"luas_tanah_milik":405,"sumber_listrik":"PLN","akses_internet":"Wireless","akses_internet_2":"Dedicated","waktu_penyelenggaraan":"Sehari Penuh/5 hari","semester_id":"20261","semester_keterangan":"2026/2027 Gasal","sekolah_id":"7B6F51B6-0854-4990-9859-601B80EC41A1","koordinat_valid":true,"validasi":"verified_official","sumber_data":"Kemendikdasmen - Sekolah Kita","sumber_koordinat":"Kemendikdasmen - Sekolah Kita API full-detail","tanggal_pengambilan":"2026-09-30"},"geometry":{"type":"Point","coordinates":[120.030286,-4.13682]}},{"type":"Feature","properties":{"npsn":"40315048","nama_sekolah":"TK AISYIYAH BUSTANUL ATHFAL CABANG TEMPE","bentuk_pendidikan":"TK","status_sekolah":"SWASTA","akreditasi":"A","alamat_jalan":"JL. UDANG LOMPO TEMPE DESA WATALLIPUE","nama_dusun":null,"rt":0.0,"rw":0.0,"kecamatan":"Kec. Tempe","kabupaten":"Kab. Wajo","provinsi":"Prov. Sulawesi Selatan","kode_pos":"90912","latitude":-4.1264,"longitude":120.022338,"nomor_telepon":null,"email":"tkabacabangtempe@gmail.com","website":"http://","daya_listrik":1300.0,"luas_tanah_milik":782,"sumber_listrik":"PLN","akses_internet":"Wireless","akses_internet_2":"Shared","waktu_penyelenggaraan":"Pagi/5 hari","semester_id":"20261","semester_keterangan":"2026/2027 Gasal","sekolah_id":"9B7D6CCC-D39B-4DDD-8E1C-5C7315356D82","koordinat_valid":true,"validasi":"verified_official","sumber_data":"Kemendikdasmen - Sekolah Kita","sumber_koordinat":"Kemendikdasmen - Sekolah Kita API full-detail","tanggal_pengambilan":"2026-09-30"},"geometry":{"type":"Point","coordinates":[120.022338,-4.1264]}},{"type":"Feature","properties":{"npsn":"40315060","nama_sekolah":"TK AISYIYAH BUSTANUL ATHFAL NUSA IDAMAN","bentuk_pendidikan":"TK","status_sekolah":"SWASTA","akreditasi":"B","alamat_jalan":"Jl. Rusa Komp. BTN Nusa Idaman","nama_dusun":"CEMPALAGI","rt":0.0,"rw":0.0,"kecamatan":"Kec. Tempe","kabupaten":"Kab. Wajo","provinsi":"Prov. Sulawesi Selatan","kode_pos":"90911","latitude":-4.1151,"longitude":120.0396,"nomor_telepon":"082196973833","email":"tk.nusaidamantempe@gmail.com","website":"http://","daya_listrik":900.0,"luas_tanah_milik":330,"sumber_listrik":"PLN","akses_internet":"Seluler","akses_internet_2":"Dedicated","waktu_penyelenggaraan":"Pagi/5 hari","semester_id":"20261","semester_keterangan":"2026/2027 Gasal","sekolah_id":"5B3861AA-2B36-42B4-8BD9-796B644E442D","koordinat_valid":true,"validasi":"verified_official","sumber_data":"Kemendikdasmen - Sekolah Kita","sumber_koordinat":"Kemendikdasmen - Sekolah Kita API full-detail","tanggal_pengambilan":"2026-09-30"},"geometry":{"type":"Point","coordinates":[120.0396,-4.1151]}},{"type":"Feature","properties":{"npsn":"40315045","nama_sekolah":"TK AISYIYAH BUSTANUL ATHFAL PERMATASARI","bentuk_pendidikan":"TK","status_sekolah":"SWASTA","akreditasi":"A","alamat_jalan":"Jl. Macan Kel. Tempe","nama_dusun":"-","rt":0.0,"rw":0.0,"kecamatan":"Kec. Tempe","kabupaten":"Kab. Wajo","provinsi":"Prov. Sulawesi Selatan","kode_pos":"90911","latitude":-4.117194,"longitude":120.026788,"nomor_telepon":null,"email":"tkabapermatasari8@gmail.com","website":"http://-","daya_listrik":900.0,"luas_tanah_milik":285,"sumber_listrik":"PLN","akses_internet":"Wireless","akses_internet_2":"Shared","waktu_penyelenggaraan":"Pagi/5 hari","semester_id":"20261","semester_keterangan":"2026/2027 Gasal","sekolah_id":"58CDF96D-7F23-49C5-A90F-AD0919D879A4","koordinat_valid":true,"validasi":"verified_official","sumber_data":"Kemendikdasmen - Sekolah Kita","sumber_koordinat":"Kemendikdasmen - Sekolah Kita API full-detail","tanggal_pengambilan":"2026-09-30"},"geometry":{"type":"Point","coordinates":[120.026788,-4.117194]}},{"type":"Feature","properties":{"npsn":"69847349","nama_sekolah":"TK AISYIYAH BUSTANUL ATHFAL RANTING AMESSANGENG","bentuk_pendidikan":"TK","status_sekolah":"SWASTA","akreditasi":"A","alamat_jalan":"Jl. A. Pallawarukka No. 4 Sengkang","nama_dusun":null,"rt":null,"rw":null,"kecamatan":"Kec. Tempe","kabupaten":"Kab. Wajo","provinsi":"Prov. Sulawesi Selatan","kode_pos":"90914","latitude":-4.1412,"longitude":120.0312,"nomor_telepon":null,"email":"tkaba.rantingamessangeng@yahoo.co.id","website":"http://","daya_listrik":900.0,"luas_tanah_milik":418,"sumber_listrik":"PLN","akses_internet":"Wireless","akses_internet_2":"Dedicated","waktu_penyelenggaraan":"Pagi/5 hari","semester_id":"20261","semester_keterangan":"2026/2027 Gasal","sekolah_id":"BC6007B7-7A0C-475D-9AE3-C679D42F0B3A","koordinat_valid":true,"validasi":"verified_official","sumber_data":"Kemendikdasmen - Sekolah Kita","sumber_koordinat":"Kemendikdasmen - Sekolah Kita API full-detail","tanggal_pengambilan":"2026-09-30"},"geometry":{"type":"Point","coordinates":[120.0312,-4.1412]}},{"type":"Feature","properties":{"npsn":"69890757","nama_sekolah":"TK AISYIYAH BUSTANUL ATHFAL RANTING WIRINGPALENNAE","bentuk_pendidikan":"TK","status_sekolah":"SWASTA","akreditasi":"C","alamat_jalan":"JALAN ANGSA","nama_dusun":null,"rt":null,"rw":null,"kecamatan":"Kec. Tempe","kabupaten":"Kab. Wajo","provinsi":"Prov. Sulawesi Selatan","kode_pos":"90918","latitude":-4.1564,"longitude":120.0231,"nomor_telepon":"082192362378","email":"tkabarangtingwiringpalennae@gmail.com","website":"http://","daya_listrik":900.0,"luas_tanah_milik":140,"sumber_listrik":"PLN","akses_internet":"Seluler","akses_internet_2":"Broadband","waktu_penyelenggaraan":"Pagi/5 hari","semester_id":"20261","semester_keterangan":"2026/2027 Gasal","sekolah_id":"B563BB6B-3232-4F34-AA90-DB4C1B09545E","koordinat_valid":true,"validasi":"verified_official","sumber_data":"Kemendikdasmen - Sekolah Kita","sumber_koordinat":"Kemendikdasmen - Sekolah Kita API full-detail","tanggal_pengambilan":"2026-09-30"},"geometry":{"type":"Point","coordinates":[120.0231,-4.1564]}},{"type":"Feature","properties":{"npsn":"40315047","nama_sekolah":"TK AISYIYAH BUSTANUL ATHFAL TANAPUTE","bentuk_pendidikan":"TK","status_sekolah":"SWASTA","akreditasi":"A","alamat_jalan":"Jl. Mesjid Taqwa No. 21 Kelurahan Teddaopu","nama_dusun":null,"rt":0.0,"rw":0.0,"kecamatan":"Kec. Tempe","kabupaten":"Kab. Wajo","provinsi":"Prov. Sulawesi Selatan","kode_pos":"90911","latitude":-4.127841,"longitude":120.028641,"nomor_telepon":"085255789546","email":"abatanapute@yahoo.co.id","website":"http://","daya_listrik":23000.0,"luas_tanah_milik":476,"sumber_listrik":"PLN","akses_internet":"Fibre Optic","akses_internet_2":"Shared","waktu_penyelenggaraan":"Pagi/5 hari","semester_id":"20261","semester_keterangan":"2026/2027 Gasal","sekolah_id":"21F1183A-A120-4C71-89CF-575C94294806","koordinat_valid":true,"validasi":"verified_official","sumber_data":"Kemendikdasmen - Sekolah Kita","sumber_koordinat":"Kemendikdasmen - Sekolah Kita API full-detail","tanggal_pengambilan":"2026-09-30"},"geometry":{"type":"Point","coordinates":[120.028641,-4.127841]}},{"type":"Feature","properties":{"npsn":"40315128","nama_sekolah":"TK AISYIYAH BUSTANUL ATHFAL TEDDAOPU","bentuk_pendidikan":"TK","status_sekolah":"SWASTA","akreditasi":"A","alamat_jalan":"Jl. H.A. Ninnong No. 51 Sengkang","nama_dusun":"","rt":0.0,"rw":0.0,"kecamatan":"Kec. Tempe","kabupaten":"Kab. Wajo","provinsi":"Prov. Sulawesi Selatan","kode_pos":"90912","latitude":-4.128826,"longitude":120.025399,"nomor_telepon":"082337107484","email":"tkteddaopu51@gmail.com","website":"http://","daya_listrik":1300.0,"luas_tanah_milik":0,"sumber_listrik":"PLN","akses_internet":"Fibre Optic","akses_internet_2":"Dedicated","waktu_penyelenggaraan":"Pagi/5 hari","semester_id":"20261","semester_keterangan":"2026/2027 Gasal","sekolah_id":"47605170-C4BA-4AC5-BEC3-03D4A3FF44CE","koordinat_valid":true,"validasi":"verified_official","sumber_data":"Kemendikdasmen - Sekolah Kita","sumber_koordinat":"Kemendikdasmen - Sekolah Kita API full-detail","tanggal_pengambilan":"2026-09-30"},"geometry":{"type":"Point","coordinates":[120.025399,-4.128826]}},{"type":"Feature","properties":{"npsn":"69934711","nama_sekolah":"TK AL FASIHI DAYSCHOOL","bentuk_pendidikan":"TK","status_sekolah":"SWASTA","akreditasi":"B","alamat_jalan":"Jl. Rejeki No. 1 Sengkang Kelurahan Bulupabbulu Kec. Tempe","nama_dusun":null,"rt":null,"rw":null,"kecamatan":"Kec. Tempe","kabupaten":"Kab. Wajo","provinsi":"Prov. Sulawesi Selatan","kode_pos":"90911","latitude":-4.124123,"longitude":120.032447,"nomor_telepon":"085395340800","email":"alfasihidayschool11@gmail.com","website":"http://","daya_listrik":2200.0,"luas_tanah_milik":450,"sumber_listrik":"PLN","akses_internet":"Fibre Optic","akses_internet_2":"Shared","waktu_penyelenggaraan":"Sehari Penuh/5 hari","semester_id":"20261","semester_keterangan":"2026/2027 Gasal","sekolah_id":"5E9297F3-22F7-4A4B-B044-8E9D6B6E4686","koordinat_valid":true,"validasi":"verified_official","sumber_data":"Kemendikdasmen - Sekolah Kita","sumber_koordinat":"Kemendikdasmen - Sekolah Kita API full-detail","tanggal_pengambilan":"2026-09-30"},"geometry":{"type":"Point","coordinates":[120.032447,-4.124123]}},{"type":"Feature","properties":{"npsn":"40315066","nama_sekolah":"TK ANAKITA","bentuk_pendidikan":"TK","status_sekolah":"SWASTA","akreditasi":"A","alamat_jalan":"Jl. Sawerigading No. 25 Sengkang Kelurahan Pattirosompe","nama_dusun":null,"rt":0.0,"rw":0.0,"kecamatan":"Kec. Tempe","kabupaten":"Kab. Wajo","provinsi":"Prov. Sulawesi Selatan","kode_pos":"90913","latitude":-4.129541,"longitude":120.039649,"nomor_telepon":null,"email":"tkanakitaskg@gmail.com","website":"http://","daya_listrik":2200.0,"luas_tanah_milik":1764,"sumber_listrik":"PLN","akses_internet":"Fibre Optic","akses_internet_2":"Dedicated","waktu_penyelenggaraan":"Pagi/5 hari","semester_id":"20261","semester_keterangan":"2026/2027 Gasal","sekolah_id":"3E12029A-2D34-47B1-A82D-E416E0ABBAB3","koordinat_valid":true,"validasi":"verified_official","sumber_data":"Kemendikdasmen - Sekolah Kita","sumber_koordinat":"Kemendikdasmen - Sekolah Kita API full-detail","tanggal_pengambilan":"2026-09-30"},"geometry":{"type":"Point","coordinates":[120.039649,-4.129541]}},{"type":"Feature","properties":{"npsn":"70003366","nama_sekolah":"TK ANANDA SENGKANG","bentuk_pendidikan":"TK","status_sekolah":"SWASTA","akreditasi":"A","alamat_jalan":"Jl. Bau Baharuddin","nama_dusun":"MATTROTAPPARENG","rt":1.0,"rw":1.0,"kecamatan":"Kec. Tempe","kabupaten":"Kab. Wajo","provinsi":"Prov. Sulawesi Selatan","kode_pos":"90911","latitude":-4.120813,"longitude":120.024018,"nomor_telepon":null,"email":null,"website":"http://","daya_listrik":1300.0,"luas_tanah_milik":125,"sumber_listrik":"PLN","akses_internet":"Wireless","akses_internet_2":"Shared","waktu_penyelenggaraan":"Pagi/5 hari","semester_id":"20261","semester_keterangan":"2026/2027 Gasal","sekolah_id":"5B1B3ABD-EEF4-450E-B918-FB8B1C626490","koordinat_valid":true,"validasi":"verified_official","sumber_data":"Kemendikdasmen - Sekolah Kita","sumber_koordinat":"Kemendikdasmen - Sekolah Kita API full-detail","tanggal_pengambilan":"2026-09-30"},"geometry":{"type":"Point","coordinates":[120.024018,-4.120813]}},{"type":"Feature","properties":{"npsn":"69851485","nama_sekolah":"TK DAARUL AMIN TOMODI","bentuk_pendidikan":"TK","status_sekolah":"SWASTA","akreditasi":"B","alamat_jalan":"Tomodi Kel. Pattirosompe","nama_dusun":null,"rt":null,"rw":null,"kecamatan":"Kec. Tempe","kabupaten":"Kab. Wajo","provinsi":"Prov. Sulawesi Selatan","kode_pos":"90913","latitude":-4.126,"longitude":120.057,"nomor_telepon":null,"email":"tkdaarulamin@yahoo.co.id","website":"http://","daya_listrik":900.0,"luas_tanah_milik":0,"sumber_listrik":"Menumpang","akses_internet":"Seluler","akses_internet_2":"Shared","waktu_penyelenggaraan":"Pagi/5 hari","semester_id":"20261","semester_keterangan":"2026/2027 Gasal","sekolah_id":"36A13A21-9CEE-4E7E-B3E5-8BFA99F8B2B1","koordinat_valid":true,"validasi":"verified_official","sumber_data":"Kemendikdasmen - Sekolah Kita","sumber_koordinat":"Kemendikdasmen - Sekolah Kita API full-detail","tanggal_pengambilan":"2026-09-30"},"geometry":{"type":"Point","coordinates":[120.057,-4.126]}},{"type":"Feature","properties":{"npsn":"69987965","nama_sekolah":"TK FIEQFAND ","bentuk_pendidikan":"TK","status_sekolah":"SWASTA","akreditasi":"B","alamat_jalan":"BTN BULUPABBULU BLOK A.11 NO. 10","nama_dusun":"Tanete","rt":1.0,"rw":1.0,"kecamatan":"Kec. Tempe","kabupaten":"Kab. Wajo","provinsi":"Prov. Sulawesi Selatan","kode_pos":"90911","latitude":-4.1201,"longitude":120.0316,"nomor_telepon":"085299729329","email":"emmyfieqfand@gmail.com","website":"http://","daya_listrik":2200.0,"luas_tanah_milik":80,"sumber_listrik":"PLN","akses_internet":"Fibre Optic","akses_internet_2":"Broadband","waktu_penyelenggaraan":"Sehari Penuh/5 hari","semester_id":"20261","semester_keterangan":"2026/2027 Gasal","sekolah_id":"55DDF53F-B847-4DA5-AD04-9BD5A7A8EE22","koordinat_valid":true,"validasi":"verified_official","sumber_data":"Kemendikdasmen - Sekolah Kita","sumber_koordinat":"Kemendikdasmen - Sekolah Kita API full-detail","tanggal_pengambilan":"2026-09-30"},"geometry":{"type":"Point","coordinates":[120.0316,-4.1201]}},{"type":"Feature","properties":{"npsn":"69910526","nama_sekolah":"TK HARAPAN BANGSA","bentuk_pendidikan":"TK","status_sekolah":"SWASTA","akreditasi":"B","alamat_jalan":"KAMPUNG","nama_dusun":"LEPPANGENG","rt":null,"rw":null,"kecamatan":"Kec. Tempe","kabupaten":"Kab. Wajo","provinsi":"Prov. Sulawesi Selatan","kode_pos":"90911","latitude":-4.117836,"longitude":120.049216,"nomor_telepon":"081355562134","email":"tkharapanbangsa99@gmail.com","website":"http://","daya_listrik":900.0,"luas_tanah_milik":525,"sumber_listrik":"PLN","akses_internet":"Seluler","akses_internet_2":"Broadband","waktu_penyelenggaraan":"Pagi/5 hari","semester_id":"20261","semester_keterangan":"2026/2027 Gasal","sekolah_id":"2194B3FB-9504-4DFE-AE5F-63532E71F94F","koordinat_valid":true,"validasi":"verified_official","sumber_data":"Kemendikdasmen - Sekolah Kita","sumber_koordinat":"Kemendikdasmen - Sekolah Kita API full-detail","tanggal_pengambilan":"2026-09-30"},"geometry":{"type":"Point","coordinates":[120.049216,-4.117836]}},{"type":"Feature","properties":{"npsn":"70004300","nama_sekolah":"TK IBNU KHALDUN","bentuk_pendidikan":"TK","status_sekolah":"SWASTA","akreditasi":"B","alamat_jalan":"Kompleks Grand Hill I Blok D No. 137","nama_dusun":null,"rt":null,"rw":null,"kecamatan":"Kec. Tempe","kabupaten":"Kab. Wajo","provinsi":"Prov. Sulawesi Selatan","kode_pos":null,"latitude":-3.995368,"longitude":119.938182,"nomor_telepon":null,"email":null,"website":"http://","daya_listrik":900.0,"luas_tanah_milik":0,"sumber_listrik":"PLN","akses_internet":"Seluler","akses_internet_2":"Shared","waktu_penyelenggaraan":"Pagi/5 hari","semester_id":"20261","semester_keterangan":"2026/2027 Gasal","sekolah_id":"66CF2B56-1A51-4468-97A5-3F6846E0E2CA","koordinat_valid":true,"validasi":"verified_official","sumber_data":"Kemendikdasmen - Sekolah Kita","sumber_koordinat":"Kemendikdasmen - Sekolah Kita API full-detail","tanggal_pengambilan":"2026-09-30"},"geometry":{"type":"Point","coordinates":[119.938182,-3.995368]}},{"type":"Feature","properties":{"npsn":"70013013","nama_sekolah":"TK ISLAM TERPADU SULTAN ABDURRAHMAN","bentuk_pendidikan":"TK","status_sekolah":"SWASTA","akreditasi":"B","alamat_jalan":"Jl. Sawerigading ","nama_dusun":null,"rt":null,"rw":null,"kecamatan":"Kec. Tempe","kabupaten":"Kab. Wajo","provinsi":"Prov. Sulawesi Selatan","kode_pos":null,"latitude":-4.1442,"longitude":120.0387,"nomor_telepon":null,"email":null,"website":"http://","daya_listrik":7700.0,"luas_tanah_milik":213,"sumber_listrik":"PLN","akses_internet":"Fibre Optic","akses_internet_2":"Shared","waktu_penyelenggaraan":"Pagi/5 hari","semester_id":"20261","semester_keterangan":"2026/2027 Gasal","sekolah_id":"B1F76994-7637-41FE-BED0-A74F161FF7A8","koordinat_valid":true,"validasi":"verified_official","sumber_data":"Kemendikdasmen - Sekolah Kita","sumber_koordinat":"Kemendikdasmen - Sekolah Kita API full-detail","tanggal_pengambilan":"2026-09-30"},"geometry":{"type":"Point","coordinates":[120.0387,-4.1442]}},{"type":"Feature","properties":{"npsn":"69883210","nama_sekolah":"TK ISLAM TERPADU YAA BUNAYYA","bentuk_pendidikan":"TK","status_sekolah":"SWASTA","akreditasi":"B","alamat_jalan":"Kompleks BTN Arma Baru Kel. Mattirotappareng ","nama_dusun":null,"rt":null,"rw":null,"kecamatan":"Kec. Tempe","kabupaten":"Kab. Wajo","provinsi":"Prov. Sulawesi Selatan","kode_pos":"90918","latitude":-4.116706,"longitude":120.02433,"nomor_telepon":null,"email":null,"website":"http://","daya_listrik":2200.0,"luas_tanah_milik":200,"sumber_listrik":"PLN","akses_internet":"Fibre Optic","akses_internet_2":"Dedicated","waktu_penyelenggaraan":"Pagi/5 hari","semester_id":"20261","semester_keterangan":"2026/2027 Gasal","sekolah_id":"F4C702BD-4979-4BEF-A593-FA63C2D9597A","koordinat_valid":true,"validasi":"verified_official","sumber_data":"Kemendikdasmen - Sekolah Kita","sumber_koordinat":"Kemendikdasmen - Sekolah Kita API full-detail","tanggal_pengambilan":"2026-09-30"},"geometry":{"type":"Point","coordinates":[120.02433,-4.116706]}},{"type":"Feature","properties":{"npsn":"69891446","nama_sekolah":"TK IT LINGKAR CENDEKIA","bentuk_pendidikan":"TK","status_sekolah":"SWASTA","akreditasi":"B","alamat_jalan":"Jl. We Tenri  Pada Griya Alam Rahma","nama_dusun":"Alam Rahma","rt":1.0,"rw":1.0,"kecamatan":"Kec. Tempe","kabupaten":"Kab. Wajo","provinsi":"Prov. Sulawesi Selatan","kode_pos":"90914","latitude":-4.1391,"longitude":120.0414,"nomor_telepon":"085255230920","email":"sitlingkarcendekia@gmail.com","website":"http://-","daya_listrik":5500.0,"luas_tanah_milik":1483,"sumber_listrik":"PLN","akses_internet":"Wireless","akses_internet_2":"Shared","waktu_penyelenggaraan":"Pagi/5 hari","semester_id":"20261","semester_keterangan":"2026/2027 Gasal","sekolah_id":"DCBBE847-ECF6-4A83-80F3-452478525170","koordinat_valid":true,"validasi":"verified_official","sumber_data":"Kemendikdasmen - Sekolah Kita","sumber_koordinat":"Kemendikdasmen - Sekolah Kita API full-detail","tanggal_pengambilan":"2026-09-30"},"geometry":{"type":"Point","coordinates":[120.0414,-4.1391]}},{"type":"Feature","properties":{"npsn":"40315056","nama_sekolah":"TK KASIH IBU","bentuk_pendidikan":"TK","status_sekolah":"SWASTA","akreditasi":"A","alamat_jalan":"Jl. Bau Baharuddin No. 12 Sengkang","nama_dusun":"Tanete ","rt":0.0,"rw":0.0,"kecamatan":"Kec. Tempe","kabupaten":"Kab. Wajo","provinsi":"Prov. Sulawesi Selatan","kode_pos":"90911","latitude":-4.122579,"longitude":120.033984,"nomor_telepon":null,"email":"tkkasihibusengkang@gmail.com","website":"http://","daya_listrik":900.0,"luas_tanah_milik":0,"sumber_listrik":"PLN","akses_internet":"Fibre Optic","akses_internet_2":"Dedicated","waktu_penyelenggaraan":"Pagi/5 hari","semester_id":"20261","semester_keterangan":"2026/2027 Gasal","sekolah_id":"3CF3AA53-6815-4A4E-8C6F-E41809FB063F","koordinat_valid":true,"validasi":"verified_official","sumber_data":"Kemendikdasmen - Sekolah Kita","sumber_koordinat":"Kemendikdasmen - Sekolah Kita API full-detail","tanggal_pengambilan":"2026-09-30"},"geometry":{"type":"Point","coordinates":[120.033984,-4.122579]}},{"type":"Feature","properties":{"npsn":"40315054","nama_sekolah":"TK KEMALA BHAYANGKARI SENGKANG","bentuk_pendidikan":"TK","status_sekolah":"SWASTA","akreditasi":"A","alamat_jalan":"JL. SUMATERA","nama_dusun":null,"rt":0.0,"rw":0.0,"kecamatan":"Kec. Tempe","kabupaten":"Kab. Wajo","provinsi":"Prov. Sulawesi Selatan","kode_pos":"90913","latitude":-4.1318,"longitude":120.0311,"nomor_telepon":"082290800028","email":"tkbhayangkari10sengkang@gmail.com","website":"http://","daya_listrik":900.0,"luas_tanah_milik":0,"sumber_listrik":"PLN","akses_internet":"Wireless","akses_internet_2":"Dedicated","waktu_penyelenggaraan":"Pagi/5 hari","semester_id":"20261","semester_keterangan":"2026/2027 Gasal","sekolah_id":"8DBF8D18-2A1C-4577-B7BD-73882E056C06","koordinat_valid":true,"validasi":"verified_official","sumber_data":"Kemendikdasmen - Sekolah Kita","sumber_koordinat":"Kemendikdasmen - Sekolah Kita API full-detail","tanggal_pengambilan":"2026-09-30"},"geometry":{"type":"Point","coordinates":[120.0311,-4.1318]}},{"type":"Feature","properties":{"npsn":"40315051","nama_sekolah":"TK NEGERI 1 KEC. TEMPE","bentuk_pendidikan":"TK","status_sekolah":"NEGERI","akreditasi":"B","alamat_jalan":"Jl. Andi Macca Amirullah Kel Teddaopu","nama_dusun":null,"rt":0.0,"rw":0.0,"kecamatan":"Kec. Tempe","kabupaten":"Kab. Wajo","provinsi":"Prov. Sulawesi Selatan","kode_pos":"90911","latitude":-4.126118,"longitude":120.028033,"nomor_telepon":null,"email":"tkdwpersatuandiknas@gmail.com","website":"http://","daya_listrik":900.0,"luas_tanah_milik":249,"sumber_listrik":"PLN","akses_internet":"Wireless","akses_internet_2":"Broadband","waktu_penyelenggaraan":"Pagi/5 hari","semester_id":"20261","semester_keterangan":"2026/2027 Gasal","sekolah_id":"C39F3F77-FB84-40A2-93E6-7BAE230C8E69","koordinat_valid":true,"validasi":"verified_official","sumber_data":"Kemendikdasmen - Sekolah Kita","sumber_koordinat":"Kemendikdasmen - Sekolah Kita API full-detail","tanggal_pengambilan":"2026-09-30"},"geometry":{"type":"Point","coordinates":[120.028033,-4.126118]}},{"type":"Feature","properties":{"npsn":"40315130","nama_sekolah":"TK PERTIWI CABANG SENGKANG","bentuk_pendidikan":"TK","status_sekolah":"SWASTA","akreditasi":"A","alamat_jalan":"Jl. Durian No. 1 Sengkang","nama_dusun":null,"rt":0.0,"rw":0.0,"kecamatan":"Kec. Tempe","kabupaten":"Kab. Wajo","provinsi":"Prov. Sulawesi Selatan","kode_pos":"90915","latitude":-4.1432,"longitude":120.033,"nomor_telepon":"048522550","email":"tkpertiwi.sengkang@gmail.com","website":"http://","daya_listrik":1300.0,"luas_tanah_milik":580,"sumber_listrik":"PLN","akses_internet":"Seluler","akses_internet_2":"Dedicated","waktu_penyelenggaraan":"Pagi/5 hari","semester_id":"20261","semester_keterangan":"2026/2027 Gasal","sekolah_id":"9A8625A0-AE6C-4D0E-855B-C848DC644D27","koordinat_valid":true,"validasi":"verified_official","sumber_data":"Kemendikdasmen - Sekolah Kita","sumber_koordinat":"Kemendikdasmen - Sekolah Kita API full-detail","tanggal_pengambilan":"2026-09-30"},"geometry":{"type":"Point","coordinates":[120.033,-4.1432]}},{"type":"Feature","properties":{"npsn":"40315050","nama_sekolah":"TK PGRI AMESSANGENG","bentuk_pendidikan":"TK","status_sekolah":"SWASTA","akreditasi":"A","alamat_jalan":"JL. SERIKAYA","nama_dusun":null,"rt":0.0,"rw":0.0,"kecamatan":"Kec. Tempe","kabupaten":"Kab. Wajo","provinsi":"Prov. Sulawesi Selatan","kode_pos":"90911","latitude":-4.141873,"longitude":120.038493,"nomor_telepon":null,"email":null,"website":"http://","daya_listrik":450.0,"luas_tanah_milik":1035,"sumber_listrik":"PLN","akses_internet":"Seluler","akses_internet_2":"Dedicated","waktu_penyelenggaraan":"Pagi/5 hari","semester_id":"20261","semester_keterangan":"2026/2027 Gasal","sekolah_id":"DB5E97C7-105E-4BCC-BD14-935610E62E37","koordinat_valid":true,"validasi":"verified_official","sumber_data":"Kemendikdasmen - Sekolah Kita","sumber_koordinat":"Kemendikdasmen - Sekolah Kita API full-detail","tanggal_pengambilan":"2026-09-30"},"geometry":{"type":"Point","coordinates":[120.038493,-4.141873]}},{"type":"Feature","properties":{"npsn":"69767799","nama_sekolah":"TK PGRI BARU ORAI","bentuk_pendidikan":"TK","status_sekolah":"SWASTA","akreditasi":"C","alamat_jalan":"Baru Orai","nama_dusun":"LAELO","rt":3.0,"rw":3.0,"kecamatan":"Kec. Tempe","kabupaten":"Kab. Wajo","provinsi":"Prov. Sulawesi Selatan","kode_pos":"90911","latitude":-4.1276,"longitude":120.0163,"nomor_telepon":null,"email":null,"website":"http://","daya_listrik":0.0,"luas_tanah_milik":15000,"sumber_listrik":"Tidak Ada","akses_internet":"Fibre Optic","akses_internet_2":null,"waktu_penyelenggaraan":null,"semester_id":"20261","semester_keterangan":"2026/2027 Gasal","sekolah_id":"42B553DB-4414-44D7-B10A-443E36411A5E","koordinat_valid":true,"validasi":"verified_official","sumber_data":"Kemendikdasmen - Sekolah Kita","sumber_koordinat":"Kemendikdasmen - Sekolah Kita API full-detail","tanggal_pengambilan":"2026-09-30"},"geometry":{"type":"Point","coordinates":[120.0163,-4.1276]}},{"type":"Feature","properties":{"npsn":"40315057","nama_sekolah":"TK RATU ALAM ATAKKAE","bentuk_pendidikan":"TK","status_sekolah":"SWASTA","akreditasi":"B","alamat_jalan":"Jl. Kartika Candra Kirana Kel. Atakkae","nama_dusun":null,"rt":0.0,"rw":0.0,"kecamatan":"Kec. Tempe","kabupaten":"Kab. Wajo","provinsi":"Prov. Sulawesi Selatan","kode_pos":null,"latitude":-4.1444,"longitude":120.0526,"nomor_telepon":null,"email":"tk.ratu.alam2001@gmail.com","website":"http://","daya_listrik":900.0,"luas_tanah_milik":0,"sumber_listrik":"PLN","akses_internet":"Fibre Optic","akses_internet_2":"Dedicated","waktu_penyelenggaraan":"Pagi/5 hari","semester_id":"20261","semester_keterangan":"2026/2027 Gasal","sekolah_id":"6A2905DC-0042-495F-A3DA-5E6B3A5A08F6","koordinat_valid":true,"validasi":"verified_official","sumber_data":"Kemendikdasmen - Sekolah Kita","sumber_koordinat":"Kemendikdasmen - Sekolah Kita API full-detail","tanggal_pengambilan":"2026-09-30"},"geometry":{"type":"Point","coordinates":[120.0526,-4.1444]}},{"type":"Feature","properties":{"npsn":"40315063","nama_sekolah":"TK SUTRA MAS CEMPALAGI","bentuk_pendidikan":"TK","status_sekolah":"SWASTA","akreditasi":"B","alamat_jalan":"Jl. Sawerigading BTN Bumi Sutramas Cempalagi","nama_dusun":"Kampung Baru","rt":1.0,"rw":1.0,"kecamatan":"Kec. Tempe","kabupaten":"Kab. Wajo","provinsi":"Prov. Sulawesi Selatan","kode_pos":"90913","latitude":-4.126558,"longitude":120.041159,"nomor_telepon":"082394550028","email":"yptmsyayasanpendidikan07@gmail.com","website":"http://","daya_listrik":900.0,"luas_tanah_milik":285,"sumber_listrik":"PLN","akses_internet":"Seluler","akses_internet_2":"Broadband","waktu_penyelenggaraan":"Pagi/5 hari","semester_id":"20261","semester_keterangan":"2026/2027 Gasal","sekolah_id":"72046A74-9DED-404F-834E-2A865400487B","koordinat_valid":true,"validasi":"verified_official","sumber_data":"Kemendikdasmen - Sekolah Kita","sumber_koordinat":"Kemendikdasmen - Sekolah Kita API full-detail","tanggal_pengambilan":"2026-09-30"},"geometry":{"type":"Point","coordinates":[120.041159,-4.126558]}},{"type":"Feature","properties":{"npsn":"40315061","nama_sekolah":"TK TIARA SENGKANG","bentuk_pendidikan":"TK","status_sekolah":"SWASTA","akreditasi":"A","alamat_jalan":"Jl. Anggrek Kel. Bulupabbulu Kec. Tempe","nama_dusun":null,"rt":0.0,"rw":0.0,"kecamatan":"Kec. Tempe","kabupaten":"Kab. Wajo","provinsi":"Prov. Sulawesi Selatan","kode_pos":"90911","latitude":-4.1245,"longitude":120.0308,"nomor_telepon":null,"email":"tk.asira01@gmail.com","website":"http://","daya_listrik":2200.0,"luas_tanah_milik":225,"sumber_listrik":"PLN","akses_internet":"Wireless","akses_internet_2":"Shared","waktu_penyelenggaraan":"Pagi/5 hari","semester_id":"20261","semester_keterangan":"2026/2027 Gasal","sekolah_id":"09E6D23E-C0A2-4027-84B6-6D050E2D68A6","koordinat_valid":true,"validasi":"verified_official","sumber_data":"Kemendikdasmen - Sekolah Kita","sumber_koordinat":"Kemendikdasmen - Sekolah Kita API full-detail","tanggal_pengambilan":"2026-09-30"},"geometry":{"type":"Point","coordinates":[120.0308,-4.1245]}}]}